agent,condition,task_id,domain,session_id,operational_success,task_success,duration_seconds,total_requests,third_party_requests,tracker_requests,unique_tracker_domains,nav_xsite_transitions,nav_tracker_host_count,pseudo_id,context_signal,device_network_signal,behavior_signal,direct_identifier
Browser-Use,agent,Mind2Web--ade4c09ad3fdb1607209750924cd232f,www.flightaware.com,467eaef40191a5a12d9c7bf4ac43e1ec,1,1,43.775,179,99,99,21,1,1,86,178,527,2,0
Browser-Use,agent,Mind2Web--ade4c09ad3fdb1607209750924cd232f,www.flightaware.com,e198ca5c4303db1bbda3b8e20a1ee15b,1,1,51.436,187,100,100,21,1,1,92,191,548,2,0
Browser-Use,agent,Mind2Web--b7258ee05d75e6c50673a59914db412e_110325,www.traderjoes.com,fa0cffbea51eadb9774758cbbf811d39,1,1,155.15,902,898,898,33,3,11,575,917,2763,7,1
Browser-Use,agent,Mind2Web--b7258ee05d75e6c50673a59914db412e_110325,www.traderjoes.com,1a584aa932322653f2f7b68ad72b679e,1,1,169.881,755,734,734,32,3,9,548,794,2317,10,0
Browser-Use,agent,Mind2Web--fb7b4f784cfde003e2548fdf4e8d6b4f,www.discogs.com,2b106e6742553527f67216faccdf0cfe,1,1,147.388,598,577,577,14,7,6,485,607,1849,3,0
Browser-Use,agent,Mind2Web--fb7b4f784cfde003e2548fdf4e8d6b4f,www.discogs.com,41164360beccdfa23136e801ec3207bf,1,1,96.127,625,597,597,14,9,6,487,648,1934,4,0
Browser-Use,agent,Mind2Web--824eb7bb0ef1ce40bfd49c12182d9428_110325,us.speedo.com,eed83eedfa3b6f7dd0d84cc38e97a236,1,1,103.324,1364,1057,1057,54,38,11,829,1503,4204,79,127
Browser-Use,agent,Mind2Web--046138801a05ddf56ad94e8672942496,www.flightaware.com,01f3950751ff07f8f2d3dd2bc2180210,1,1,63.975,431,345,345,28,3,4,108,458,1284,7,0
Browser-Use,agent,Mind2Web--046138801a05ddf56ad94e8672942496,www.flightaware.com,0501d68610029338989f9d0767b84a5a,1,1,44.441,294,240,240,27,1,1,74,299,869,4,0
Browser-Use,agent,Mind2Web--824eb7bb0ef1ce40bfd49c12182d9428_110325,us.speedo.com,b7faec818d4e8c3c5021e17a8b5b5ee4,1,1,120.202,1166,991,991,49,27,9,397,1213,3531,67,38
Browser-Use,agent,Mind2Web--92a3d4236f167af4afdc08876a902ba6,www.carmax.com,59b080b0ca0ccbb8c6f605b15bcda296,1,1,94.416,833,823,823,20,3,8,651,876,2533,3,2
Browser-Use,agent,Mind2Web--92a3d4236f167af4afdc08876a902ba6,www.carmax.com,50af15102df2ae5caec641535a4deb05,1,1,141.194,605,590,590,14,5,6,508,640,1850,3,0
Browser-Use,agent,Mind2Web--48c73f3f53e2611c4a1052457c1033db,new.mta.info,320045173bc66dafc0435e5cb97d1ca3,1,1,103.719,785,783,783,23,1,9,606,764,2391,3,4
Browser-Use,agent,Mind2Web--48c73f3f53e2611c4a1052457c1033db,new.mta.info,0b4eb229ec90db8cf750b89fd7c8f162,1,1,132.88,1038,1032,1032,20,5,7,820,1089,3181,6,2
Browser-Use,agent,Mind2Web--8f2611047de227a2ca8bda13f6e2e5fb_110325,www.carvana.com,f95dc42438ce9fd04ee2140317f89f33,1,1,94.385,1314,1297,1297,34,7,10,1071,1373,4044,14,0
Browser-Use,agent,Mind2Web--8f2611047de227a2ca8bda13f6e2e5fb_110325,www.carvana.com,08f404ecd4e1bb7b3a514e5cb3bdb0b5,1,1,108.761,762,749,749,28,3,10,500,823,2325,11,2
Browser-Use,agent,Mind2Web--b320c68bffc1f3c7f2a8dc9d5478fb27,www.ign.com,74d4efcc15d8c8ddff7baa141f394c62,1,1,85.866,1455,1451,1451,251,5,143,921,1537,4378,15,17
Browser-Use,agent,Mind2Web--b320c68bffc1f3c7f2a8dc9d5478fb27,www.ign.com,7f113a58ae633244849185cc86ec0ea6,1,1,132.122,2986,2977,2977,295,9,176,1787,3262,9047,28,53
Browser-Use,agent,Mind2Web--aa4b5cb7114fcc138ade82b4b9716d24,www.ign.com,741d61f70b0451bec25154bde4233d56,1,1,113.481,1608,1597,1597,214,9,111,916,1831,4913,30,35
Browser-Use,agent,Mind2Web--aa4b5cb7114fcc138ade82b4b9716d24,www.ign.com,102a4c174d878645a9c80e3e11a94e47,1,1,64.395,741,735,735,115,3,23,277,885,2247,13,15
Browser-Use,agent,Mind2Web--323bd85e3559655d89e5496b951a25e8,www.amtrak.com,f3bf89eff1a0b7305cfc251cec921f8b,1,1,50.164,1808,1516,1516,76,23,29,1629,2676,5390,101,2
Browser-Use,agent,Mind2Web--005be9dd91c95669d6ddde9ae667125c,www.qatarairways.com,f3315176592a3d87318b187563b0ea50,1,1,110.926,1627,1617,1617,189,3,110,1338,1666,4942,13,4
Browser-Use,agent,Mind2Web--323bd85e3559655d89e5496b951a25e8,www.amtrak.com,8debb1315b5f1a5cc78e07417fc659be,1,1,51.705,1048,822,822,70,9,26,860,1514,3129,49,1
Browser-Use,agent,Mind2Web--005be9dd91c95669d6ddde9ae667125c,www.qatarairways.com,b849d0cb16fc3055e80e561719fd8ca5,1,1,146.682,784,779,779,25,1,10,602,832,2395,4,1
Browser-Use,agent,Mind2Web--123e8c2fc453f55fadd1d0b9aaf94df4,www.kbb.com,e54ffd86d4213696e28058ab1abd3224,1,1,74.815,812,800,800,14,6,5,671,838,2470,4,0
Browser-Use,agent,Mind2Web--56f8890a837c49f7df766b9c981646f3,www.imdb.com,c7166b928b50941cc1f4c2e37e517b42,1,1,99.312,1066,1060,1060,21,5,7,855,1130,3279,9,0
Browser-Use,agent,Mind2Web--644a856c3897665e475e0dce50bf217d,www.amazon.com,1742b3bb637cfda0608cc2f86a7c9020,1,1,49.255,789,705,705,53,5,22,279,832,2558,211,1
Browser-Use,agent,Mind2Web--123e8c2fc453f55fadd1d0b9aaf94df4,www.kbb.com,1fc54e7556e64a0ac3dceb86e49e4e33,1,1,174.762,1015,1005,1005,15,9,6,810,1089,3108,7,0
Browser-Use,agent,Mind2Web--56f8890a837c49f7df766b9c981646f3,www.imdb.com,961a64170a5ee37881f19e0a3fee41ca,1,1,140.441,710,704,704,23,5,8,526,760,2169,4,4
Browser-Use,agent,Mind2Web--644a856c3897665e475e0dce50bf217d,www.amazon.com,d3ab68acbb88e9118e93b71be0db08b7,1,1,41.073,1046,965,965,51,9,23,321,1058,3329,213,1
Browser-Use,agent,Mind2Web--62f1626ce249c31098854f8b38bdd6cf_110325,www.microcenter.com,8ea4c4b45b95d1e25ab32405529f1174,1,1,101.315,903,879,879,40,5,11,710,956,2855,4,2
Browser-Use,agent,Mind2Web--561693d6eec7bbfba3fefe9e4b26decb,www.marriott.com,0f52845059cdd628422e22c2036a09f3,1,1,104.804,1380,691,828,100,9,39,1139,1505,4135,40,0
Browser-Use,agent,Mind2Web--62f1626ce249c31098854f8b38bdd6cf_110325,www.microcenter.com,fe551acea1da9ea0ef671ba61d3bff00,1,1,135.206,1106,1067,1067,21,9,7,947,1120,3431,5,2
Browser-Use,agent,Mind2Web--b7a9a6b5d451164c09bbd27b670bc2ae,www.uniqlo.com,eb1bf6f161136d373a7f48a39ca47b6b,1,1,102.857,759,653,653,64,7,8,671,862,2264,20,0
Browser-Use,agent,Mind2Web--b7a9a6b5d451164c09bbd27b670bc2ae,www.uniqlo.com,4d15f0801865c5f1177d10bc8016dfb3,1,1,97.613,673,570,570,60,7,7,585,767,2008,20,0
Browser-Use,agent,Mind2Web--561693d6eec7bbfba3fefe9e4b26decb,www.marriott.com,2459cb8fa72da3f39f2cdabbe92248c7,1,1,157.764,1346,772,772,94,5,33,1045,1489,4033,48,0
Browser-Use,agent,Mind2Web--bfa2de159be6978acf2702be31a2eeeb,www.united.com,0cfd8c8362adfb8ebf6c43abb3ed19f5,1,1,73.303,590,590,590,14,0,6,461,628,1798,4,0
Browser-Use,agent,Mind2Web--bfa2de159be6978acf2702be31a2eeeb,www.united.com,d805499089da2d0db1570ecf9a683590,1,1,109.503,899,899,899,35,0,11,736,923,2760,4,2
Browser-Use,agent,Mind2Web--4091bdd3fa64a5b0d912bc08eaf9c824,new.mta.info,acd3288220686dbffcafce076097618d,1,1,118.782,1999,1995,1995,15,2,6,1848,2090,6225,10,0
Browser-Use,agent,Mind2Web--79f0bd7df6e685f30f20025cc6755c0a_110325,www.microcenter.com,41e766dc4f4ad9306c248be2ff0bd2cc,1,1,91.314,1251,1227,1227,70,5,21,1000,1338,3899,27,0
Browser-Use,agent,Mind2Web--4091bdd3fa64a5b0d912bc08eaf9c824,new.mta.info,280e866bde54ff6ffc9e96dc7d32e0b2,1,1,121.248,945,941,941,24,3,7,813,1009,2806,8,0
Browser-Use,agent,Mind2Web--6ebde509dca8f15c0fa1bd74f071e8d6,www.target.com,38a703a3fb4ceac342441101a94f6b45,1,1,84.593,442,416,416,53,1,11,144,477,1309,2,2
Browser-Use,agent,Mind2Web--6ebde509dca8f15c0fa1bd74f071e8d6,www.target.com,21ba746f3473a78bd5a7d96765922d06,1,1,81.812,490,464,464,55,1,11,188,528,1453,3,2
Browser-Use,agent,Mind2Web--79f0bd7df6e685f30f20025cc6755c0a_110325,www.microcenter.com,a5c3d9a034b5d1dd30c2f1243d0c68f0,1,1,165.238,198,170,170,10,7,3,46,227,627,2,0
Browser-Use,agent,Mind2Web--34ccd15a8ea8fd3895af83f5ccf62369,us.megabus.com,2133bb2a93419e688d05c6e26e0e5288,1,1,26.096,207,77,77,28,2,2,95,208,613,4,0
Browser-Use,agent,Mind2Web--34ccd15a8ea8fd3895af83f5ccf62369,us.megabus.com,5e7cfc5f5bfbdd5320dba0c6cece498a,1,1,95.882,647,647,647,24,0,7,489,682,1973,4,0
Browser-Use,agent,Mind2Web--c698ff3fc0f6cbce39947c597ab5749b_121425,www.eventbrite.com,0b4aea59955e60eedfb480c3892431de,1,1,89.15,956,903,903,56,9,5,532,1213,2863,47,62
Browser-Use,agent,Mind2Web--c698ff3fc0f6cbce39947c597ab5749b_121425,www.eventbrite.com,1b2dc68e2fe05d2730385b0e02789380,1,1,128.875,654,604,604,56,3,4,269,782,1969,39,64
Browser-Use,agent,Mind2Web--b6d10e9bd19b4009a02dea0e98f4e1ae,www.foxsports.com,2aa70ec818e9a9b0802d1a7598ec024f,1,1,70.623,1717,922,922,157,5,75,1123,1821,5169,23,32
Browser-Use,agent,Mind2Web--d71be72aa25c3eab8eea47a0e60382e2,www.apple.com,229656b5e208566a66c8b2a3e97cd465,1,1,73.338,303,19,19,6,2,1,293,306,910,6,0
Browser-Use,agent,Mind2Web--d71be72aa25c3eab8eea47a0e60382e2,www.apple.com,125a311ff3a0ee37295a4d053b49f0ce,1,1,121.027,308,21,21,7,2,1,297,311,925,7,0
Browser-Use,agent,Mind2Web--0b51b4fa0295ae80ccd176ebdad6fff6,www.carmax.com,3c130239c989772284d7a0a7ffbf01f9,1,1,71.792,910,885,885,15,7,6,745,962,2783,6,0
Browser-Use,agent,Mind2Web--0b51b4fa0295ae80ccd176ebdad6fff6,www.carmax.com,61681f2a319c4de02acba57b9065f045,1,1,86.531,558,538,538,14,4,6,477,572,1701,3,0
Browser-Use,agent,Mind2Web--3f312ae3efc3c3e90ababe050dd4e7ae,www.nfl.com,8172da54cfc4c6255ebd4126f1884e01,1,1,60.413,724,428,428,79,9,28,474,809,2159,2,6
Browser-Use,agent,Mind2Web--b6d10e9bd19b4009a02dea0e98f4e1ae,www.foxsports.com,10d52d1d2e943ffc9126153ea5074e8f,1,1,107.674,2764,1393,1393,186,15,84,1986,2886,8331,32,31
Browser-Use,agent,Mind2Web--3f312ae3efc3c3e90ababe050dd4e7ae,www.nfl.com,ab6b75eaa96f0e9a1654b6e2b1603549,1,1,77.777,921,598,598,87,17,33,561,1039,2748,5,9
Browser-Use,agent,Mind2Web--95cad96f2e43f3c0d8efad1331c77c8c,www.rottentomatoes.com,b99643e921758c8a946719b196d6e1bc,1,1,52.639,328,292,292,55,3,14,74,344,986,4,0
Browser-Use,agent,Mind2Web--95cad96f2e43f3c0d8efad1331c77c8c,www.rottentomatoes.com,df7b6677cbc3be48e2d85543de104b21,1,1,100.959,753,695,695,68,5,21,189,818,2275,8,0
Browser-Use,agent,Mind2Web--bf3b311cc8dce16d3de844f4b5875dfd,www.apple.com,6f1a00efecf1d99876db6a23b8290846,1,1,108.017,320,29,29,6,2,1,301,331,969,9,0
Browser-Use,agent,Mind2Web--bf3b311cc8dce16d3de844f4b5875dfd,www.apple.com,469b63441fdd937132e2167d020bd6c1,1,1,150.995,389,23,23,5,2,1,378,401,1176,11,0
Browser-Use,agent,Mind2Web--b64f938af842f6a1b4489d0e49a785a7_121125,www.target.com,f31d5c5cd53d00c544ad59bfb9e57f94,1,1,131.582,1140,1097,1097,64,3,14,492,1255,3502,2,4
Browser-Use,agent,Mind2Web--5e1b8254c123c80178cc28e0afdb14f0_110325,ticketmaster.com,3904068af61d0d65c3cab3a9ddaa8032,1,1,43.696,649,471,471,84,7,18,291,698,1955,18,6
Browser-Use,agent,Mind2Web--b64f938af842f6a1b4489d0e49a785a7_121125,www.target.com,9059d24addc403bec5083c7771392741,1,1,126.431,1153,1107,1107,46,5,12,501,1212,3481,2,4
Browser-Use,agent,Mind2Web--5e1b8254c123c80178cc28e0afdb14f0_110325,ticketmaster.com,54e66cb5edcea2b723f8519e412b5ad7,1,1,40.053,543,366,366,64,7,14,248,578,1634,18,2
Browser-Use,agent,Mind2Web--f27c0a7b8b0bb33d37698dff227fc8d7,www.kbb.com,84ec6c0426cbd79db7257f8b197a06de,1,1,113.339,794,790,790,15,3,6,693,786,2407,1,0
Browser-Use,agent,Mind2Web--8fdec8eeffd3491e6526cc78c028120b,www.carmax.com,39d068e7c980fad5b82841c2bd402dda,1,1,96.126,1201,1196,1196,38,1,12,1024,1208,3752,11,2
Browser-Use,agent,Mind2Web--f27c0a7b8b0bb33d37698dff227fc8d7,www.kbb.com,35a65c0e7bfd8f19d74d10167bdf408c,1,1,103.231,592,586,586,20,5,7,487,597,1810,2,2
Browser-Use,agent,Mind2Web--7b182a5087347d494b48a29dbc0f1d3e,www.adoptapet.com,c1599c51ad07a153c7db512b0e7a082e,1,1,96.799,1194,1188,1188,112,3,48,894,1278,3758,11,22
Browser-Use,agent,Mind2Web--7b182a5087347d494b48a29dbc0f1d3e,www.adoptapet.com,4bd7b44ba49d6c2dbd1a66aa23397b55,1,1,115.73,635,629,629,30,5,10,481,631,1937,9,0
Browser-Use,agent,Mind2Web--8fdec8eeffd3491e6526cc78c028120b,www.carmax.com,0b6621b1f77b7e8dcca9f6015c34f310,1,1,149.604,572,562,562,16,3,7,494,574,1746,2,0
Browser-Use,agent,Mind2Web--828c2d98616a9478d5864d847d5a1b28,www.justice.gov,062ee5de887672291620894a2b88b01f,1,1,45.109,319,234,234,24,5,3,128,380,1005,23,2
Browser-Use,agent,Mind2Web--828c2d98616a9478d5864d847d5a1b28,www.justice.gov,12431c650470a8d75a8f8fb6f327a1b7,1,1,65.8,369,243,243,23,9,3,174,431,1166,23,2
Browser-Use,agent,Mind2Web--a7a73c8fa75441fc76df9746c327bdd6,www.thumbtack.com,89ed9b52d5f932e50d4ca726b46a65f6,1,1,52.751,306,233,233,44,3,5,223,356,906,19,4
Browser-Use,agent,Mind2Web--608c595eec271fa5dc03506923519994,www.fedex.com,7c2691b08be61880112d5fbc044e6392,1,1,135.776,1814,1797,1797,39,4,11,1627,1876,5693,14,0
Browser-Use,agent,Mind2Web--608c595eec271fa5dc03506923519994,www.fedex.com,ca0e51ee2ebdbe4eee2cbdd538f3bccc,1,1,146.422,689,679,679,21,3,8,564,726,2106,3,5
Browser-Use,agent,Mind2Web--a7a73c8fa75441fc76df9746c327bdd6,www.thumbtack.com,d5d91351e5afe8b96644c8464d4e588b,1,1,111.144,792,600,600,46,13,6,610,888,2363,70,6
Browser-Use,agent,Mind2Web--cfafe3771369d1d261e9f7ecd44c296d,www.cars.com,64f21bbe15177f829ff0cb0817344e2c,1,1,87.611,1007,1007,1007,25,0,11,799,1059,3090,7,0
Browser-Use,agent,Mind2Web--bbbc243b4f18a7a897f0bc84e11d293f,www.nba.com,31e1b3028fe53ebed2f6fbeb90030f61,1,1,86.079,884,884,884,82,0,21,543,902,2715,5,8
Browser-Use,agent,Mind2Web--cfafe3771369d1d261e9f7ecd44c296d,www.cars.com,6dcf1e3f273bf73f62676e94d1feae30,1,1,171.762,1092,1092,1092,35,0,10,878,1127,3365,12,0
Browser-Use,agent,Mind2Web--bbbc243b4f18a7a897f0bc84e11d293f,www.nba.com,3add22e33d52764e24ecbeecd5e29012,1,1,110.627,846,846,846,142,0,62,294,957,2591,10,20
Browser-Use,agent,Mind2Web--816851ff92ff0219acf4364dcc2c4692_110325,www.jcpenney.com,24f539d122bcb8cab56dfda1b08fea4b,1,1,105.379,805,799,799,13,4,6,607,875,2471,6,0
Browser-Use,agent,Mind2Web--816851ff92ff0219acf4364dcc2c4692_110325,www.jcpenney.com,0ffcac6b47e26eb70681861763380e85,1,1,94.248,1100,1093,1093,25,5,7,868,1238,3423,17,0
Browser-Use,agent,Mind2Web--8244409b2c82043f966cad05f9afe132,doctor.webmd.com,82a6845e7b9d78722e19fcfb23d3ced8,1,1,99.593,1366,1349,1349,97,5,25,1060,1493,4210,45,5
Browser-Use,agent,Mind2Web--8244409b2c82043f966cad05f9afe132,doctor.webmd.com,3f9ad8ac2126e32004a5ce8b8c0fb62a,1,1,128.922,853,823,823,189,12,97,542,960,2617,38,7
Browser-Use,agent,Mind2Web--e7301bb694871429bf2eb36c3a72186c_110325,www.jcpenney.com,4b6a7095670489e8bfa4e00c16025ef2,1,1,123.667,878,874,874,19,3,7,685,926,2697,6,3
Browser-Use,agent,Mind2Web--e7301bb694871429bf2eb36c3a72186c_110325,www.jcpenney.com,9027ff99db4ca1559c3b9faebfe9f894,1,1,166.887,742,740,740,20,1,7,488,837,2267,6,1
Browser-Use,agent,Mind2Web--905cb53061c33aa2d77e485fe1fca516,www.healthgrades.com,cd7ee4afb78caa882b8f14700fa32fc6,1,1,82.029,1856,1854,1854,34,3,9,1626,1973,5815,10,0
Browser-Use,agent,Mind2Web--905cb53061c33aa2d77e485fe1fca516,www.healthgrades.com,0279efa92724e7a85441cb3bf18b678a,1,1,161.382,966,964,964,25,3,9,716,961,2954,5,5
Browser-Use,agent,Mind2Web--fcf4952d2a1d80ea505c555c3c3b54e7,www.cars.com,befe642f9280bce0d07eaa66c4d19c19,1,1,84.577,1215,1215,1215,31,0,11,919,1265,3837,11,1
Browser-Use,agent,Mind2Web--fcf4952d2a1d80ea505c555c3c3b54e7,www.cars.com,b2137fd7bc2dcf13f8f8468525e3c304,1,1,134.134,515,515,515,21,0,8,360,557,1580,10,0
Browser-Use,agent,Mind2Web--3c1ffc3f494e423b3c434c79e35da8f3_110325,www.fandom.com,2feaddc83ad6281503fcefeba4d66234,1,1,111.779,507,501,501,21,1,9,342,500,1587,8,0
Browser-Use,agent,Mind2Web--3c1ffc3f494e423b3c434c79e35da8f3_110325,www.fandom.com,5ef78efce3d3224f1703273776874230,1,1,115.632,1005,989,989,17,5,7,800,1030,3104,5,0
Browser-Use,agent,Mind2Web--26a0e5c21c145dd8448aa92f35bec5ea,www.healthgrades.com,78fe44e405d8f69a82d2ddcba42418b9,1,1,95.354,570,567,567,24,3,8,365,603,1757,4,2
Browser-Use,agent,Mind2Web--26a0e5c21c145dd8448aa92f35bec5ea,www.healthgrades.com,37d95d2731ab5a79f56fbea389bf6173,1,1,86.38,880,878,878,18,3,7,722,924,2692,5,0
Browser-Use,agent,Mind2Web--070c907d34a4ce71dfdbea38f9c5d4d8,www.healthgrades.com,871fa35a265bd3146c07147f83a5f014,1,1,143.688,1170,1168,1168,21,3,7,867,1216,3658,129,0
Browser-Use,agent,Mind2Web--070c907d34a4ce71dfdbea38f9c5d4d8,www.healthgrades.com,97866cc8af8b7b045cae9ff203f616ba,1,1,173.763,902,900,900,22,3,10,659,986,2767,7,0
Browser-Use,agent,Mind2Web--43a1ca251f11c6b0bdd0379766cc49e6,www.healthgrades.com,0421a15c610072fe46a41fb5fd903763,1,1,166.394,733,731,731,26,3,10,524,711,2238,3,4
Browser-Use,agent,Mind2Web--43a1ca251f11c6b0bdd0379766cc49e6,www.healthgrades.com,22d87592ef4895fc5bebac73e7e2c6d1,1,1,166.47,1275,1273,1273,56,3,17,1044,1152,3975,58,13
Browser-Use,agent,Mind2Web--b3f8bd9198d9d157e0848109563c4b23,ohiomeansjobs.ohio.gov,3f53b5dc2beb605b8f67e01412880a34,1,1,127.703,1032,1017,1017,32,3,9,838,1098,3150,13,0
Browser-Use,agent,Mind2Web--20a460a8fe1971b84411c5b1e6ac4186,www.stubhub.com,e10da914e563609fc264754d86ea928c,1,1,48.845,325,302,302,22,3,2,85,372,970,7,0
Browser-Use,agent,Mind2Web--20a460a8fe1971b84411c5b1e6ac4186,www.stubhub.com,8b30a52b65a16285accb35f62ef88439,1,1,52.274,326,302,302,22,3,2,87,372,972,7,0
Browser-Use,agent,Mind2Web--b3f8bd9198d9d157e0848109563c4b23,ohiomeansjobs.ohio.gov,0e8e56a06bcc78989b7e66d705186dde,1,1,164.154,1048,1040,1040,35,1,10,864,1177,3286,9,0
Browser-Use,agent,Mind2Web--db1ffb5e60578597d1c3aa3c389ac7b1,www.google.com,a9e2e6eeb35bd76464639bc3600a1dda,1,1,114.126,876,687,687,66,4,25,297,961,2646,15,0
Browser-Use,agent,Mind2Web--db1ffb5e60578597d1c3aa3c389ac7b1,www.google.com,a3a8b16efd0878d521ab31cf068f2047,1,1,132.942,851,676,676,38,3,6,620,1044,2585,8,4
Browser-Use,agent,Mind2Web--7be8cd8dba885cddd9af5320f49bc41b,www.bbb.org,1f1dc331e468df280d0c0606edf142c6,1,1,139.272,1016,998,998,71,5,17,884,1019,3121,18,0
Browser-Use,agent,Mind2Web--239a29bde438fe44fe17fe1390ef1634,www.healthline.com,26727f69b329f3c26222982f50382e96,1,1,94.575,810,788,788,78,9,11,356,821,2422,35,8
Browser-Use,agent,Mind2Web--7be8cd8dba885cddd9af5320f49bc41b,www.bbb.org,8b87d03f09c98dd663ab5b4499110f3c,1,1,123.954,994,981,981,32,3,10,824,989,3062,13,2
Browser-Use,agent,Mind2Web--239a29bde438fe44fe17fe1390ef1634,www.healthline.com,0a45cfe9f57b8ac2236f8878eaaeb5b4,1,1,103.337,1150,1128,1128,126,9,33,750,1164,3467,37,10
Browser-Use,agent,Mind2Web--9f1cba613830ca1c6a58f9498c06e679_110325,www.remax.com,9e3a48aa3600c933ea8e1f086112f834,1,1,87.772,4527,4255,4255,403,9,231,3816,5086,13618,107,29
Browser-Use,agent,Mind2Web--9f1cba613830ca1c6a58f9498c06e679_110325,www.remax.com,36794c1d70dc6d73031bb050af2efd29,1,1,122.662,4905,4580,4580,416,15,241,3859,5377,14809,122,64
Browser-Use,agent,Mind2Web--75146b7b67388b9244e0f21a1527c022,www.adoptapet.com,54eed9d957deebdd3f4074b07c4a1149,1,1,136.427,767,757,757,23,5,8,612,784,2352,11,0
Browser-Use,agent,Mind2Web--75146b7b67388b9244e0f21a1527c022,www.adoptapet.com,3d97eb8526f023716f476091f9148688,1,1,99.408,1288,1284,1284,13,3,6,1020,1376,3952,10,0
Browser-Use,agent,Mind2Web--59b7b990b4828bc305ab0d7ed6071b55,www.landwatch.com,d80d03e1adc661f0c3926bbbb174cc7d,1,1,129.973,483,475,475,19,3,8,372,508,1484,8,0
Browser-Use,agent,Mind2Web--59b7b990b4828bc305ab0d7ed6071b55,www.landwatch.com,8cb7c9020cf9b583bc0bf16d504ba35a,1,1,132.554,455,453,453,19,1,6,222,457,1382,2,4
Browser-Use,agent,Mind2Web--9c97bab9c2abfb90a426cbe9addae8d0_110325,www.michaels.com,d4c022cb996657888d55465b32b569c8,1,1,120.447,509,503,503,11,5,6,346,557,1551,4,0
Browser-Use,agent,Mind2Web--871e7771cecb989972f138ecc373107b,www.theweathernetwork.com,3f4e48e974211a867c01c9b5c80d147b,1,1,53.625,1106,996,996,186,5,97,685,1166,3377,14,26
Browser-Use,agent,Mind2Web--871e7771cecb989972f138ecc373107b,www.theweathernetwork.com,03c6df4ba925aa1f1b866c4a1b55514d,1,1,64.065,1191,1062,1062,206,5,107,745,1243,3627,13,23
Browser-Use,agent,Mind2Web--9c97bab9c2abfb90a426cbe9addae8d0_110325,www.michaels.com,1180f8fd9cde39c123340cf1f1386278,1,1,146.399,874,866,866,14,7,6,730,909,2677,5,9
Browser-Use,agent,Mind2Web--b69eb4de621e9e265676daac44938f3f,www.adoptapet.com,86687f9c6a8979bb8d3f5169d9412aa2,1,1,122.989,776,772,772,22,3,9,565,815,2367,5,5
Browser-Use,agent,Mind2Web--9bb63ad0e38d5691a618932a8b31c05a,www.google.com,df365308b73ebd8a1c120b73cebea5c8,1,1,136.204,1244,1126,1126,66,3,26,469,1359,3892,167,1
Browser-Use,agent,Mind2Web--b69eb4de621e9e265676daac44938f3f,www.adoptapet.com,789f9e54c61dbb3d9181bde118978ddb,1,1,183.079,1091,1087,1087,91,3,37,777,1179,3326,50,8
Browser-Use,agent,Mind2Web--9bb63ad0e38d5691a618932a8b31c05a,www.google.com,4519debeb75dbaae268c6254099a4c81,1,1,121.139,1716,1469,1469,64,5,25,576,1943,5327,178,1
Browser-Use,agent,Mind2Web--8ae510355d978424f490798f900bfa2c,www.student.com,e588efb8a56f92f46b70b4869c2cd257,1,1,109.798,1133,1052,1052,52,7,13,824,1430,3601,19,15
Browser-Use,agent,Mind2Web--8ae510355d978424f490798f900bfa2c,www.student.com,2f160843539be2b34b9ff8dc391969fb,1,1,94.69,841,758,761,47,9,9,570,1164,2761,27,19
Browser-Use,agent,Mind2Web--4c186c6ed888d0c8d4cf4adb39443080,www.nba.com,752469a370c5f6020c3286bdbd68f365,1,1,84.835,616,616,616,18,0,6,442,655,1880,4,1
Browser-Use,agent,Mind2Web--2fc51dd3febd447f0fdcdabca8d944ce_110325,www.publicstorage.com,cb9f5301511609415daf43420b6b17ca,1,1,102.315,1158,1084,1084,48,11,11,745,1233,3570,31,11
Browser-Use,agent,Mind2Web--4c186c6ed888d0c8d4cf4adb39443080,www.nba.com,a170ca6871c11380d4480cc6a6995521,1,1,140.98,1442,1442,1442,79,0,34,921,1375,4455,81,1
Browser-Use,agent,Mind2Web--2fc51dd3febd447f0fdcdabca8d944ce_110325,www.publicstorage.com,70d0c020b2cb092150b5fce5e1fa6e83,1,1,105.926,1328,1290,1290,16,9,6,1214,1372,4178,6,0
Browser-Use,agent,Mind2Web--eb323dc584156d0eb3a2b90bb8c4b791_110325,www.compass.com,c7ce0aec67119ca67be7a6d67aed1482,1,1,116.667,371,271,271,12,3,1,125,375,1113,0,0
Browser-Use,agent,Mind2Web--eb323dc584156d0eb3a2b90bb8c4b791_110325,www.compass.com,c22f5fc0e3ac59d6fd6d87d210ff84a1,1,1,120.87,647,387,387,18,9,3,317,668,1991,6,0
Browser-Use,agent,Mind2Web--87f4c5128e36cdb9366a138a7b61bb00,www.bestbuy.com,a70befd6a0da7f8b7e7a166be5a53bd0,1,1,159.872,431,244,244,27,3,4,295,449,1287,1,2
Browser-Use,agent,Mind2Web--87f4c5128e36cdb9366a138a7b61bb00,www.bestbuy.com,6c072e5f24d459d8fbe06ce73d038c2f,1,1,172.943,538,197,197,32,9,4,406,525,1596,0,2
Browser-Use,agent,Mind2Web--e4e097222d13a2560db6f6892612dab6,www.adoptapet.com,d43c1f120e1269848de255c7763a4ed5,1,1,81.387,927,921,921,38,2,11,746,988,2977,14,0
Browser-Use,agent,Mind2Web--354b4ddf048815f8fd4163d0d7e1aaa3,ohiomeansjobs.ohio.gov,c3f6b02b954c40b27398aa5b37f9d308,1,1,198.037,776,761,761,34,3,11,535,872,2358,14,0
Browser-Use,agent,Mind2Web--f389398d2eeb29e5571e00439c57eb76,www.theweathernetwork.com,ebde9e11effab8327abfeca85bed7db0,1,1,49.23,972,864,864,188,5,95,655,1001,2939,17,12
Browser-Use,agent,Mind2Web--e4e097222d13a2560db6f6892612dab6,www.adoptapet.com,61f20771549215d275cec61b7edd8364,1,1,164.336,1092,1084,1084,21,5,8,893,1136,3323,5,2
Browser-Use,agent,Mind2Web--354b4ddf048815f8fd4163d0d7e1aaa3,ohiomeansjobs.ohio.gov,bfa86d8ee6c89034140288a3d71204cd,1,1,200.215,799,784,784,40,3,12,541,872,2429,12,1
Browser-Use,agent,Mind2Web--f389398d2eeb29e5571e00439c57eb76,www.theweathernetwork.com,2b408b84dbb6d928d57ed80a23eeda65,1,1,105.679,2150,1881,1881,263,27,148,1434,2275,6521,48,28
Browser-Use,agent,Mind2Web--8ea6c3a2ea3f59150619935261a76d19,www.fedex.com,c52ce9dd70816c9d34a6f464856ca92e,1,1,149.275,993,973,973,15,7,6,827,1043,3047,6,0
Browser-Use,agent,Mind2Web--8ea6c3a2ea3f59150619935261a76d19,www.fedex.com,7c65dd70b9c2ebab763a8d2940874e02,1,1,165.68,921,905,905,16,6,6,765,970,2824,6,0
Browser-Use,agent,Mind2Web--c1d6ea6f2196d25782cc3646ff3090db,www.google.com,75f48fb7b0d320af930f10f941547229,1,1,145.41,1156,979,979,60,1,22,427,1296,3602,136,2
Browser-Use,agent,Mind2Web--2dd41b1d0e8f389d0683f4a4627abfe6,www.landwatch.com,92ee1b374e7314c86253cfef2b234625,1,1,73.151,334,328,328,21,4,8,228,353,1021,8,0
Browser-Use,agent,Mind2Web--c1d6ea6f2196d25782cc3646ff3090db,www.google.com,f097dea0cf7bb9d6bb277fc0d9d03218,1,1,133.188,734,586,586,66,5,12,285,907,2202,1,2
Browser-Use,agent,Mind2Web--2dd41b1d0e8f389d0683f4a4627abfe6,www.landwatch.com,b76b516e351093f49d816ab867091927,1,1,114.712,1559,1557,1557,21,1,8,1431,1602,4768,6,9
Browser-Use,agent,Mind2Web--85b284c18d7e78c9b5a9e074e7aa3b98,www.student.com,bb43e0a4b60ca881fa5d5bf3f48789f8,1,1,83.266,594,512,512,49,7,10,411,760,1975,14,11
Browser-Use,agent,Mind2Web--f2097f92a10d42a842c14179f422311e,www.bestbuy.com,bfa5dabda940f7b5305db8a0bc0cec37,1,1,191.852,544,225,225,21,9,3,412,569,1660,0,1
Browser-Use,agent,Mind2Web--85b284c18d7e78c9b5a9e074e7aa3b98,www.student.com,3c85fe1ce8ce03dfdd25b77943bf5f05,1,1,139.187,690,619,619,52,5,11,387,858,2189,18,10
Browser-Use,agent,Mind2Web--853afd530c72f4b00ffc32ae854efaf8,www.accuweather.com,587de73135e260f617b2255627d3149c,1,1,126.178,685,685,685,16,0,6,472,744,2089,5,0
Browser-Use,agent,Mind2Web--f2097f92a10d42a842c14179f422311e,www.bestbuy.com,80d13907a1b81caa9084b2b7b20a70c3,1,1,132.895,444,309,309,49,3,12,277,472,1362,0,1
Browser-Use,agent,Mind2Web--853afd530c72f4b00ffc32ae854efaf8,www.accuweather.com,a0860dd61379931da0bcf81af258a39a,1,1,97.718,521,521,521,14,0,6,464,519,1589,2,0
Browser-Use,agent,Mind2Web--c09721cc937d4dcfb391a0bc2c574b28,www.recreation.gov,78679480fc6d8ebf8ab2fba3ac67c935,1,1,154.038,416,329,329,25,3,1,195,427,1152,60,14
Browser-Use,agent,Mind2Web--c09721cc937d4dcfb391a0bc2c574b28,www.recreation.gov,936a79f3c8bb1d6de1890e42ca4c61de,1,1,144.621,337,251,251,24,3,1,179,352,986,107,29
Browser-Use,agent,Mind2Web--4c572a627b53b0f9a734ab37f21819b8,craigslist.org,38f777d31fe1a60b33ab31d97946a276,1,1,171.156,206,13,13,7,2,1,192,220,624,0,0
Browser-Use,agent,Mind2Web--4c572a627b53b0f9a734ab37f21819b8,craigslist.org,408defa3b9297143dda3af93c21e0017,1,1,133.45,122,13,13,5,0,0,108,108,361,0,0
Browser-Use,agent,Mind2Web--301f267f421b93045874726183e8f722,www.healthline.com,247aacde69f5c780c580c5e40f86a5ba,1,1,134.404,910,887,887,120,11,30,499,951,2730,45,12
Browser-Use,agent,Mind2Web--301f267f421b93045874726183e8f722,www.healthline.com,96b25fd5e200f42c77140f7d5337f68a,1,1,119.76,1313,1300,1300,98,5,17,823,1384,4027,24,4
Browser-Use,agent,Mind2Web--4f903626f632586fe4728d6664947bab,www.justice.gov,29f1690b303db95af9405304fd255614,1,1,118.294,779,645,645,32,10,10,531,882,2444,35,3
Browser-Use,agent,Mind2Web--3ec0f6138d37fadcb989347a6088ec45,www.bbb.org,990629efe4afd943822803c9a31592b7,1,1,85.411,738,725,725,35,3,11,528,745,2265,9,0
Browser-Use,agent,Mind2Web--4f903626f632586fe4728d6664947bab,www.justice.gov,2a25ee6d9073a63ae6c78c10f799241a,1,1,121.362,936,777,777,31,7,9,673,1016,2897,21,2
Browser-Use,agent,Mind2Web--2207bb4f21786690cfed20b37253fb8b,www.theweathernetwork.com,87f46445f658d3c142e238b3c5e64a6f,1,1,28.588,881,801,801,184,3,98,568,903,2677,8,13
Browser-Use,agent,Mind2Web--2207bb4f21786690cfed20b37253fb8b,www.theweathernetwork.com,a2d6227b40f2cb159ed3b06b9e980ac1,1,1,28.673,918,836,836,183,3,96,604,952,2791,9,13
Browser-Use,agent,Mind2Web--9c04b71bb8db6cf8e743b2290cbc8797,www.ups.com,df3150cd53f40e0f2277142ebb1b86c8,1,1,59.753,792,792,792,20,0,4,685,809,2299,6,0
Browser-Use,agent,Mind2Web--3ec0f6138d37fadcb989347a6088ec45,www.bbb.org,7458a17611a21d8b588d3664539ed9a0,1,1,148.426,1097,1074,1074,25,7,8,820,1131,3379,7,1
Browser-Use,agent,Mind2Web--9c04b71bb8db6cf8e743b2290cbc8797,www.ups.com,95f5ccedeba8eeacc62bc8a2973b604e,1,1,59.81,365,365,365,16,0,3,265,379,1000,5,0
Browser-Use,agent,Mind2Web--4e0f5561a76478da87995dee00b09572,www.accuweather.com,791f7e0dfa04999c8ed23f46109b844a,1,1,120.896,1376,1376,1376,27,0,9,1118,1426,4212,13,2
Browser-Use,agent,Mind2Web--4e0f5561a76478da87995dee00b09572,www.accuweather.com,b88115667b6c55b70be1a6eea4a7de96,1,1,160.207,2783,2783,2783,232,0,135,2307,2926,8442,9,13
Browser-Use,agent,Mind2Web--7562d9b4e4829a44245aafce2e1f62db,www.usps.com,62c8ed0b252b40eb76bf004d586ac00a,1,1,148.678,780,780,780,29,0,10,597,831,2379,17,11
Browser-Use,agent,Mind2Web--7562d9b4e4829a44245aafce2e1f62db,www.usps.com,20536109df7672556dcc9dca5e828624,1,1,103.851,897,897,897,24,0,8,790,918,2752,9,3
Browser-Use,agent,Mind2Web--bd1e3770b7181f6fce9c35e18caa9785,craigslist.org,8d87eeacdafa0a2bfa412c15fc848cdf,1,1,101.145,220,14,14,7,2,1,205,264,668,0,0
Browser-Use,agent,Mind2Web--bd1e3770b7181f6fce9c35e18caa9785,craigslist.org,7987c95756559c2bb8d051085de3370c,1,1,115.745,153,13,13,7,2,1,139,223,468,0,0
Browser-Use,agent,Mind2Web--330cd04c773ac498f51afa4665461ec8,craigslist.org,f555102504fd89edb555a1e757ebeb77,1,1,43.714,46,10,10,5,0,0,35,47,136,0,0
Browser-Use,agent,Mind2Web--330cd04c773ac498f51afa4665461ec8,craigslist.org,10ccfbe3616c92fd8ac76bddb54ace55,1,1,59.705,62,10,10,5,0,0,51,64,183,0,0
Browser-Use,agent,Mind2Web--ec78d3a635e417bc2a80d03ca93d7165,www.gov.uk,7b20d739f3dc36a1eb172aea066e2a7f,1,1,93.7,136,49,49,11,2,1,114,146,412,32,31
Browser-Use,agent,Mind2Web--ec78d3a635e417bc2a80d03ca93d7165,www.gov.uk,4b0afac88c880d58000affea29118ada,1,1,141.205,192,114,114,14,2,2,93,200,576,8,3
Browser-Use,agent,Mind2Web--a0a18ca6a3529f3e97c771aadd42d3a0_110325,www.jcpenney.com,119472fac8eea436285fd8b3674079a0,1,1,99.184,969,963,963,15,3,6,808,1011,2966,6,0
Browser-Use,agent,Mind2Web--a0a18ca6a3529f3e97c771aadd42d3a0_110325,www.jcpenney.com,66395d0f959ab84c9ab90dede43ac83d,1,1,169.841,1603,1597,1597,104,4,43,1176,1722,5019,21,22
Browser-Use,agent,Mind2Web--82eb3bfedd78456a0230b389f4e7a938,coinmarketcap.com,f3502384bea709716d63547303ea5323,1,1,170.633,1261,407,407,42,5,11,717,1213,3900,5,4
Browser-Use,agent,Mind2Web--82eb3bfedd78456a0230b389f4e7a938,coinmarketcap.com,a6b7abd2bafc0d43ee716d57b0806f4e,1,1,147.49,1134,357,357,37,6,9,636,1036,3495,5,4
Browser-Use,agent,Mind2Web--e7f6cca9a8875f98fee3b711ead3a444_110325,www.tumblr.com,241bfb2a22a1b3525f8654dde3ea731c,1,1,138.995,1333,1274,1274,189,11,119,1215,1417,4012,0,2
Browser-Use,agent,Mind2Web--75a1b5dcd2c28508a971d98d51fe5767,www.allrecipes.com,178a33464ad000e96335f870d08c14c1,1,1,71.309,289,284,284,12,4,4,205,301,874,2,0
Browser-Use,agent,Mind2Web--e7f6cca9a8875f98fee3b711ead3a444_110325,www.tumblr.com,22e2bd604c1546345b8d058205f5d16c,1,1,106.675,1650,1569,1569,190,3,121,1540,1744,4957,0,5
Browser-Use,agent,Mind2Web--75a1b5dcd2c28508a971d98d51fe5767,www.allrecipes.com,ff51d51325f6ce68bbc7446bf8ce0cfb,1,1,158.836,1209,1203,1203,14,5,6,948,1305,3717,10,0
Browser-Use,agent,Mind2Web--c03ee2be3d73556ab789c0ad1cbd3451,www.akc.org,9943146331674e7803e37c6d869db854,1,1,97.319,1249,992,992,146,9,46,826,1417,3748,39,18
Browser-Use,agent,Mind2Web--c03ee2be3d73556ab789c0ad1cbd3451,www.akc.org,ea383eab6663f8d41ec9c43aabd8f224,1,1,119.729,1029,760,760,127,7,43,663,1182,3100,32,10
Browser-Use,agent,Mind2Web--05483c50cc9b04c8ac44c574758fb2bd,www.bbb.org,a83cce1553158a4c8aa745f45c5923fb,1,1,100.376,749,731,731,26,5,9,566,757,2325,6,0
Browser-Use,agent,Mind2Web--a172a5d9ffaf5ef02bd550ec4fe24e6d,www.drugs.com,eb47795a65cda1423a3a9e11679ecab2,1,1,125.293,957,953,953,15,5,6,803,1000,2933,6,0
Browser-Use,agent,Mind2Web--05483c50cc9b04c8ac44c574758fb2bd,www.bbb.org,afa743fe0d4ec268bc4fd1b77e1723d6,1,1,149.715,2014,1995,1995,83,5,21,1623,1904,6243,118,20
Browser-Use,agent,Mind2Web--a172a5d9ffaf5ef02bd550ec4fe24e6d,www.drugs.com,d4c25b6433589e3ea6ff964bef84cb35,1,1,90.179,1046,1043,1043,21,3,8,817,1025,3205,5,5
Browser-Use,agent,Mind2Web--f2be37a9a60fbc25b6b11cf622d17352_110325,www.akc.org,7352f5ef04ea427a522367036b590a6a,1,1,114.378,550,447,447,118,1,40,297,556,1626,10,1
Browser-Use,agent,Mind2Web--7e1047f4803237f319c004f7a7f6bccb_121125,www.bestbuy.com,f42c7bbaca5245ff60a79ed8d82f858f,1,1,193.698,499,196,196,16,18,1,357,496,1486,0,1
Browser-Use,agent,Mind2Web--7e1047f4803237f319c004f7a7f6bccb_121125,www.bestbuy.com,a3b84f85d9d99f761b2fa388ff3bd8da,1,1,194.794,502,187,187,20,18,3,374,496,1493,0,1
Browser-Use,agent,Mind2Web--e24662008c3be5d56f986f232fcec447,www.google.com,cb08f2762a58303b543f65b8a215cd6b,1,1,77.811,182,146,146,19,1,2,48,182,604,0,0
Browser-Use,agent,Mind2Web--f2be37a9a60fbc25b6b11cf622d17352_110325,www.akc.org,f4937d22ba6c943f995b90ca39e4f20a,1,1,113.158,544,441,441,119,1,38,294,547,1607,10,1
Browser-Use,agent,Mind2Web--e24662008c3be5d56f986f232fcec447,www.google.com,7e061b3eb13c4694aa4ae444b6df6755,1,1,94.919,284,218,218,17,2,1,89,292,1005,1,0
Browser-Use,agent,Mind2Web--0170ca95038b05fa58d463fe627ac605,www.gov.uk,0feb4d0024254a035b868d15595f7b6f,1,1,65.396,87,25,25,10,2,1,63,76,252,4,4
Browser-Use,agent,Mind2Web--0170ca95038b05fa58d463fe627ac605,www.gov.uk,ed89321147f1b30907f3f6c4c7918bf3,1,1,89.256,119,54,54,11,2,1,74,123,356,12,11
Browser-Use,agent,Mind2Web--b3a7da968de13bbdcaed12ffe4993df6,www.akc.org,cc2416052d3b10997681c05b547ff771,1,1,93.39,581,449,449,105,5,32,368,674,1744,21,8
Browser-Use,agent,Mind2Web--b3a7da968de13bbdcaed12ffe4993df6,www.akc.org,6dc9c5563aba4b490bba7f7e45137152,1,1,111.383,1625,1352,1352,146,13,48,1172,1949,4913,73,26
Browser-Use,agent,Mind2Web--4d3157aab34b54e5f0c4b965dfe930f3,www.babycenter.com,9459ebd5d65f93ef57747aecce70087f,1,1,71.882,891,888,888,81,1,24,706,1072,2677,56,9
Browser-Use,agent,Mind2Web--515f2e5811cfdd5e0e669e40f17886d8,www.bestbuy.com,ba7714a22b05d62d4895e5fc1a808a14,1,1,174.842,372,242,242,14,1,1,283,375,1108,0,1
Browser-Use,agent,Mind2Web--e4e19e04286f644d747d8c5a79d17fac,www.drugs.com,0df4d5a4671c4c70fee728baa93a4507,1,1,74.266,515,510,510,20,2,8,403,537,1578,9,0
Browser-Use,agent,Mind2Web--4d3157aab34b54e5f0c4b965dfe930f3,www.babycenter.com,b845a21d2715031891d576f674b5821a,1,1,86.338,1123,1117,1117,86,3,28,901,1397,3380,57,12
Browser-Use,agent,Mind2Web--cad62d2be0c53f08a416457486b3db23,www.adoptapet.com,1666b680f5d0f1bb4ea80421b237bd91,1,1,63.756,1116,1108,1108,30,4,9,970,1130,3495,5,0
Browser-Use,agent,Mind2Web--e4e19e04286f644d747d8c5a79d17fac,www.drugs.com,1a8decd6a15cc9e1b9aa815bdd02c91d,1,1,152.712,1245,1241,1241,220,3,117,775,1534,3786,100,12
Browser-Use,agent,Mind2Web--cad62d2be0c53f08a416457486b3db23,www.adoptapet.com,911d8d8644be3801c5a5f144ad0b8451,1,1,82.137,919,911,911,22,3,8,730,963,2814,10,0
Browser-Use,agent,Mind2Web--515f2e5811cfdd5e0e669e40f17886d8,www.bestbuy.com,2c686954c4c0f94eee8a72f8a69648aa,0,0,201.844,616,331,331,46,12,13,574,820,1833,0,1
Browser-Use,agent,Mind2Web--9ef1a8972f375db59c0e6329e11b7939,www.landwatch.com,2f2753acc360f71da79284b9cfac309b,1,1,89.31,923,915,915,17,7,8,721,972,2814,10,0
Browser-Use,agent,Mind2Web--9ef1a8972f375db59c0e6329e11b7939,www.landwatch.com,d6772690eb685784a8dc9a1b414f75fc,1,1,106.298,894,886,886,14,6,6,738,941,2741,6,0
Browser-Use,agent,Mind2Web--a11ecdff735b51372d536c866011af6f,www.coursera.org,53eb56dbadbf1ecec15643a162898eff,0,1,157.198,318,254,254,11,0,0,63,306,944,0,0
Browser-Use,agent,Mind2Web--a11ecdff735b51372d536c866011af6f,www.coursera.org,d71d52e1d739fc12c8a9da1f44cbd1b6,1,1,128.544,740,574,574,10,0,0,169,723,2209,4,0
Browser-Use,agent,Mind2Web--7fff82864f21ddeccf4104a220892824,www.google.com,cc06fe11bf7aef1c3c995fc3a7d61175,1,1,147.798,1592,1422,1422,68,3,16,965,1781,4850,15,1
Browser-Use,agent,Mind2Web--7fff82864f21ddeccf4104a220892824,www.google.com,1d20bfa3a0372d07613018a61818604f,1,1,137.363,1200,939,939,25,5,6,852,1463,3669,6,0
Browser-Use,agent,Mind2Web--50d91eabde542906937ab4c5b6f8f23a_121425,www.babycenter.com,43cfe2d364808e1c2d10612fd8f89db8,1,1,122.528,905,899,899,111,3,30,607,1086,2722,39,11
Browser-Use,agent,Mind2Web--50d91eabde542906937ab4c5b6f8f23a_121425,www.babycenter.com,f4bbc14abe3f9f30086d3dec467baf8e,1,1,122.899,1036,1030,1030,116,3,34,675,1147,3111,44,10
Browser-Use,agent,Mind2Web--dcd26e662a616d373ddd339747c6ce5b,www.healthline.com,6e7e7c2cc5a30e9927f7352bec3553d2,1,1,94.365,643,618,618,72,11,9,364,652,1922,35,7
Browser-Use,agent,Mind2Web--dcd26e662a616d373ddd339747c6ce5b,www.healthline.com,2747ec77345de328b890a10168f65ade,1,1,103.824,747,721,721,76,13,9,406,756,2234,35,7
Browser-Use,agent,Mind2Web--eb2db4b769c145dbe6ba4f74f3e0de98,www.akc.org,48a2f3b3882017bd402df9bf441f4661,1,1,112.627,563,389,389,101,3,31,395,678,1690,15,7
Browser-Use,agent,Mind2Web--eb2db4b769c145dbe6ba4f74f3e0de98,www.akc.org,8475718a85eb7b1398804537560f38cd,1,1,106.926,636,497,497,113,6,36,457,769,1908,18,14
Browser-Use,agent,Mind2Web--c0fa2c0e622971955cabf5bcf7b777e8,www.apartments.com,48dab8b4470163b68d0ed7ec768647b4,1,1,85.551,1192,1184,1184,130,6,55,889,1286,3756,19,17
Browser-Use,agent,Mind2Web--c0fa2c0e622971955cabf5bcf7b777e8,www.apartments.com,3508e72e5a42361dbd76098fc235cabd,1,1,139.832,574,570,570,36,3,13,362,606,1752,9,0
Browser-Use,agent,Mind2Web--ce616721ce9aeda69890fbccb29677a6,www.usps.com,f96eb86c8f3a81e03d8da91f576f0800,1,1,73.174,162,162,162,13,0,3,84,187,491,9,6
Browser-Use,agent,Mind2Web--9d09bc948462db032bac98968b11b008,www.stubhub.com,4996d8e7ff752629dab561a27a7ce102,1,1,17.017,227,210,210,22,3,3,82,265,675,5,0
Browser-Use,agent,Mind2Web--9d09bc948462db032bac98968b11b008,www.stubhub.com,bf451175632738718fb6f440088417ed,1,1,76.42,484,445,445,21,9,2,220,590,1451,16,0
Browser-Use,agent,Mind2Web--ce616721ce9aeda69890fbccb29677a6,www.usps.com,eb0bd6b13b375570e9c38a85ebc3d09a,1,1,118.501,417,417,417,12,0,2,364,464,1278,41,36
Browser-Use,agent,Mind2Web--29526b17a32485742b5ab63507e99417,www.drugs.com,8d16910bcb9d2668da34071df0b26f5c,1,1,142.409,1519,1513,1513,208,7,123,1126,2038,4676,113,24
Browser-Use,agent,Mind2Web--29526b17a32485742b5ab63507e99417,www.drugs.com,8502126dc5dba99d0ed249ad94071aa1,1,1,88.63,1453,1448,1448,189,7,105,1093,1551,4462,50,1
Browser-Use,agent,Mind2Web--d7c955b47af68e01766fa86d0bee08a7,www.apartments.com,0ba472c63e2030bfa2f0b1d0f0493978,1,1,118.357,690,680,680,16,5,6,488,747,2104,4,0
Browser-Use,agent,Mind2Web--9d090a15c214eb070d9caa8a034d03c1,www.student.com,9fb06b67a7cf6cd4889c53ca5e032eed,1,1,96.341,899,764,764,51,13,14,650,1135,2885,37,20
Browser-Use,agent,Mind2Web--d7c955b47af68e01766fa86d0bee08a7,www.apartments.com,cfb0ffae24673ab913baad3bf4080cd7,1,1,121.8,1147,1141,1141,114,2,49,876,1216,3583,12,22
Browser-Use,agent,Mind2Web--9d090a15c214eb070d9caa8a034d03c1,www.student.com,cd8f65550385bffe451a15eb4e15bf29,1,1,104.126,1057,997,997,55,7,17,788,1287,3372,29,16
Browser-Use,agent,Mind2Web--5916018d1cad999881018cac1216a692,www.thumbtack.com,6e0bdbbe4a8970f4264a73a3ad119d18,1,1,70.703,298,222,222,44,3,5,213,332,882,19,2
Browser-Use,agent,Mind2Web--5916018d1cad999881018cac1216a692,www.thumbtack.com,65083b844259c75a05c1818c2b8bd0cb,1,1,139.925,401,289,289,44,5,6,282,441,1188,20,0
Browser-Use,agent,Mind2Web--0059adc6b12a3822305deb68929b2de8,careers.walmart.com,54b7711e6a1f79f2da596a20f011931a,1,1,114.773,196,140,140,19,3,3,120,246,592,28,0
Browser-Use,agent,Mind2Web--0059adc6b12a3822305deb68929b2de8,careers.walmart.com,1b9e94e701f17ccbca939634bcf87896,1,1,113.854,182,126,126,19,3,3,103,217,548,19,0
Browser-Use,agent,Mind2Web--07bdc595306729a028ba06cc7451a80a,us.trip.com,b92de57917e1b4384fee2dbdce72dca3,1,1,91.009,608,516,516,44,3,4,297,652,1969,23,0
Browser-Use,agent,Mind2Web--07bdc595306729a028ba06cc7451a80a,us.trip.com,4fc9c50e26de7d2d7e5220ae76875325,1,1,97.405,521,443,443,42,2,3,233,538,1672,23,0
Browser-Use,agent,Mind2Web--e3ab665e01e7632ce33ac1aeca14aff6,www.recreation.gov,b67a1602e54dd4a16112430ad88e650f,1,1,43.22,354,269,269,24,3,2,160,357,996,29,8
Browser-Use,agent,Mind2Web--64b76158720a69e4a5c31a55d54928bf,www.healthline.com,0a873ffc5ed108e50ac9d9becd682203,1,1,127.92,1587,1559,1559,135,11,38,932,1956,4880,65,85
Browser-Use,agent,Mind2Web--e3ab665e01e7632ce33ac1aeca14aff6,www.recreation.gov,a0c26f0f0805c993cf1c75e565542036,1,1,78.541,673,512,512,25,9,2,413,696,1958,55,10
Browser-Use,agent,Mind2Web--2d5a7f95f951a26838289dfd629ae850_110325,www.compass.com,2671544da6048cd5a42951718f491452,1,1,83.473,226,126,126,12,3,1,108,228,668,0,0
Browser-Use,agent,Mind2Web--64b76158720a69e4a5c31a55d54928bf,www.healthline.com,ccf26a8ed6eee3fbc28a7adff48a589c,1,1,165.358,1365,1334,1334,88,13,16,835,1416,4119,57,9
Browser-Use,agent,Mind2Web--26810ed9c123a62992e3eed31db3c5ee,www.accuweather.com,9961eb8006d622665910d8720ff59cce,1,1,64.712,962,962,962,14,0,6,782,1021,2941,7,0
Browser-Use,agent,Mind2Web--2d5a7f95f951a26838289dfd629ae850_110325,www.compass.com,db658b956c0d9cb21465a287cfbcb3fd,1,1,111.291,480,256,256,15,8,2,260,496,1428,1,0
Browser-Use,agent,Mind2Web--26810ed9c123a62992e3eed31db3c5ee,www.accuweather.com,9089bfa6f378a47d66713848d6517bef,1,1,124.398,2285,2285,2285,252,0,147,1748,2435,6896,13,13
Browser-Use,agent,Mind2Web--c181f903ec1107b850032c17cad88393,www.webmd.com,5f71122359ec93f05ce5b464b541135e,1,1,109.962,1641,1585,1585,224,9,119,1280,2288,5059,175,35
Browser-Use,agent,Mind2Web--c181f903ec1107b850032c17cad88393,www.webmd.com,b58c1037c4a799baa5c8004768842987,1,1,90.308,1470,1437,1437,225,7,124,1113,1953,4509,132,26
Browser-Use,agent,Mind2Web--ef289e34a2f59a707cb07e2a6229ff03,www.cars.com,0c1645e0aa98247ef6524bfb22011bfe,1,1,102.753,859,859,859,44,0,13,611,954,2714,7,1
Browser-Use,agent,Mind2Web--ef289e34a2f59a707cb07e2a6229ff03,www.cars.com,dfe1a75266866bc46942488531a741c0,1,1,144.65,1199,1199,1199,38,0,12,1012,1224,3749,15,0
Browser-Use,agent,Mind2Web--84f806c7fc15576673915f195efa72df,www.adoptapet.com,612418aa9ad1972306264b908bd3d0a9,1,1,140.25,351,347,347,23,3,5,189,513,1205,33,0
Browser-Use,agent,Mind2Web--84f806c7fc15576673915f195efa72df,www.adoptapet.com,5c23027b1728870343ccc7ee66e32862,1,1,149.239,829,823,823,30,3,9,515,888,2565,20,0
Browser-Use,agent,Mind2Web--be9e7dca1222714571ef3d7d59d2a41c,weather.com,7466242a75ac1c1fa55b0b371cf1237e,1,1,60.75,1898,1466,1466,250,7,148,1287,2055,5701,16,18
Browser-Use,agent,Mind2Web--be9e7dca1222714571ef3d7d59d2a41c,weather.com,125ccdcc06462333dee5de93ff7a90b7,1,1,54.12,2026,1579,1579,246,7,144,1381,2210,6086,4,19
Browser-Use,agent,Mind2Web--207e933d1bba815bcb58664b5d82c085,www.apartments.com,04a65a87be3fe9a200dd08e6ec32a6ec,1,1,154.861,656,652,652,34,3,13,492,686,1999,4,0
Browser-Use,agent,Mind2Web--207e933d1bba815bcb58664b5d82c085,www.apartments.com,fc5f447f338f1438dca001e2489317d8,1,1,107.934,774,770,770,13,2,6,619,819,2380,6,0
Browser-Use,agent,Mind2Web--29b7372d5a3884a2ba831af2d117af3c,www.google.com,2f9a6e69b93ceac4bec14749186c987b,1,1,73.399,595,556,556,52,5,6,339,650,1731,17,5
Browser-Use,agent,Mind2Web--29b7372d5a3884a2ba831af2d117af3c,www.google.com,04d14debcdd0c85707e2bea979b8f42c,1,1,34.564,314,278,278,44,3,6,139,319,989,9,0
Browser-Use,agent,Mind2Web--11abb668c751dd56bb41f296a8bb3a13,www.bestbuy.com,016eede6e5135a55bf11a66ed1e127b2,0,0,201.812,550,246,246,18,15,2,385,529,1632,0,1
Browser-Use,agent,Mind2Web--5c00e9561eae94789443f405525a5869,www.healthline.com,39be7c0a43bddc588c32cbc3276a3f6a,1,1,83.546,1000,983,983,85,7,15,704,1032,3025,21,7
Browser-Use,agent,Mind2Web--5c00e9561eae94789443f405525a5869,www.healthline.com,e911fcaa0a40d3d1b8e906f78faf67c2,1,1,103.802,1148,1118,1118,84,13,13,715,1185,3462,30,10
Browser-Use,agent,Mind2Web--2532fd402d3c741b79894e6ff2269f53,www.thumbtack.com,4eb93225bfe3d6712b0294c03bff97bf,1,1,57.184,303,233,233,44,3,5,202,340,898,20,2
Browser-Use,agent,Mind2Web--2532fd402d3c741b79894e6ff2269f53,www.thumbtack.com,cc0e0be0df277ba1cbe1fa14426ebea0,1,1,41.934,274,208,208,45,3,5,185,302,810,19,2
Browser-Use,agent,Mind2Web--11abb668c751dd56bb41f296a8bb3a13,www.bestbuy.com,2629d86990010fccc0d93068f6244bd6,0,0,202.277,639,222,222,29,15,5,466,615,1905,0,1
Browser-Use,agent,Mind2Web--9829f3087ab1f9c8eba6b6dd2b831d25_112325,www.espn.com,abc49a7b706c734c5ac8890481fbfea1,1,1,94.664,1031,1009,1009,148,23,62,455,1158,3256,26,60
Browser-Use,agent,Mind2Web--9829f3087ab1f9c8eba6b6dd2b831d25_112325,www.espn.com,f014ee5c2e00c1d256f79fa01f862cc9,1,1,130.163,2076,2040,2040,164,31,62,1102,2507,6519,36,118
Browser-Use,agent,Mind2Web--783ce6a3499fa7cf25bc12f8f0ecbbbb,www.mayoclinic.org,f3e1384d4f10dd80a7c30f924099c80d,1,1,105.336,232,186,186,30,1,4,121,234,689,2,0
Browser-Use,agent,Mind2Web--783ce6a3499fa7cf25bc12f8f0ecbbbb,www.mayoclinic.org,6e6cd9db5155a39e4ceb5ef69c1573aa,1,1,85.388,216,168,168,27,1,4,117,214,643,1,0
Browser-Use,agent,Mind2Web--1fc28d91d25ccd1c6ba268101326a654,www.google.com,a1c5323c5756db3fe44b3b3fc3900581,1,1,30.262,177,149,149,18,1,2,38,177,580,0,0
Browser-Use,agent,Mind2Web--1fc28d91d25ccd1c6ba268101326a654,www.google.com,7c8f5dbb2c7372b2e414788041bed5a3,1,1,36.765,227,190,190,19,2,2,51,226,780,0,0
Browser-Use,agent,Mind2Web--6db4a0e346976f2729ba9afcd3208941,www.fedex.com,096499ca3d947f0f07d2d57206c29aef,1,1,112.288,720,713,713,21,1,7,543,707,2200,3,6
Browser-Use,agent,Mind2Web--6db4a0e346976f2729ba9afcd3208941,www.fedex.com,94e26fbe80340ae4a7cc38763c9daa90,1,1,170.635,738,731,731,27,1,12,496,762,2274,15,0
Browser-Use,agent,Mind2Web--255bf27c43fd3f9254d6b81a5f36d3a9,www.landwatch.com,fad0842d0deca346c47dcbea561057c5,1,1,132.534,488,484,484,20,3,8,355,520,1498,3,4
Browser-Use,agent,Mind2Web--a8b9edd598561d2de901864d5f40fe67,www.fedex.com,7c3d74ad68f65adc46abe435a6445b6b,1,1,112.185,910,892,892,47,5,12,752,910,2768,20,5
Browser-Use,agent,Mind2Web--255bf27c43fd3f9254d6b81a5f36d3a9,www.landwatch.com,e0750e0292c733493f7e4d45c159031b,1,1,162.811,902,896,896,16,4,7,762,929,2763,5,0
Browser-Use,agent,Mind2Web--a8b9edd598561d2de901864d5f40fe67,www.fedex.com,936496bb2aa69e6a0388fedb1ceb471d,1,1,88.421,1281,1272,1272,57,5,18,1079,1126,3979,66,17
Browser-Use,agent,Mind2Web--a6f0434ce6aff5f9b03681241b03ad82,finance.yahoo.com,7e0f6d5cd790e2ea12adb05a1db38ef1,1,1,75.841,1354,421,421,40,16,7,1216,896,4398,191,80
Browser-Use,agent,Mind2Web--a6f0434ce6aff5f9b03681241b03ad82,finance.yahoo.com,1a5daff70be2f0edfa264d088d3f4dc3,1,1,72.331,1078,312,312,38,10,7,960,748,3419,125,52
Browser-Use,agent,Mind2Web--415bf9da6f3db3a735ecbba3b0c76c15,www.akc.org,5ecff4355faccb126037ed0f7f44b9df,1,1,103.587,989,853,853,127,3,41,690,1120,2969,32,19
Browser-Use,agent,Mind2Web--8103786e0e5976ebf961bd062d5f39cd,www.mayoclinic.org,19d4bc672a7f10dc945d0126835b8c3c,1,1,120.492,451,323,323,45,9,9,270,448,1351,13,0
Browser-Use,agent,Mind2Web--415bf9da6f3db3a735ecbba3b0c76c15,www.akc.org,878a97d3763fd521ff41a3978412bb6a,1,1,166.862,2118,1742,1742,154,11,54,1597,2363,6415,61,17
Browser-Use,agent,Mind2Web--8103786e0e5976ebf961bd062d5f39cd,www.mayoclinic.org,7e378167daabe77e6abc20689b32c57f,1,1,66.789,426,279,279,38,17,8,290,412,1261,11,0
Browser-Use,agent,Mind2Web--502e864440283214e0180645015f568b_110325,www.recreation.gov,4f6e3c8bbbe16f3136838cf34e9dffa4,1,1,81.797,255,167,167,22,5,1,131,258,746,26,6
Browser-Use,agent,Mind2Web--92160852a6bbbc165cee4e14ab0b1d59,www.ups.com,e5ba70009a5968668c31a1f28fd76981,1,1,137.306,748,748,748,27,0,12,510,799,2285,10,0
Browser-Use,agent,Mind2Web--92160852a6bbbc165cee4e14ab0b1d59,www.ups.com,f7d53059c4ed712473bd28f5e4483fc5,1,1,159.965,850,850,850,62,0,16,606,892,2584,24,8
Browser-Use,agent,Mind2Web--502e864440283214e0180645015f568b_110325,www.recreation.gov,71af2b304b804a0c783c6fe3c2ef3ee0,1,1,77.316,230,140,140,21,3,1,126,235,675,25,5
Browser-Use,agent,Mind2Web--7680a920359cb1a508fbddb001b98167,www.babycenter.com,cbda8c51382368e0b30fb76729168986,1,1,60.652,621,615,615,109,3,29,418,695,1858,30,3
Browser-Use,agent,Mind2Web--7680a920359cb1a508fbddb001b98167,www.babycenter.com,d35e3152131571f217ac612481ee18f9,1,1,57.671,635,631,631,107,1,27,433,704,1904,25,5
Browser-Use,agent,Mind2Web--987bad7c6d4726d64232a8a1c3386888,www.cars.com,06ab3a30175da8300e07ac61a9cb29ed,1,1,101.402,1639,1639,1639,32,0,9,1391,1726,5147,8,0
Browser-Use,agent,Mind2Web--07ec4a12cba8090e2dc524d558ac7675,www.drugs.com,fb444d3b4cdf242dc3d14a713dfdd6fb,1,1,124.964,1158,1154,1154,34,3,10,992,1176,3587,6,0
Browser-Use,agent,Mind2Web--07ec4a12cba8090e2dc524d558ac7675,www.drugs.com,d00539b43c2702dca8177ee899ec0513,1,1,167.766,1136,1133,1133,26,3,10,866,1209,3482,13,3
Browser-Use,agent,Mind2Web--987bad7c6d4726d64232a8a1c3386888,www.cars.com,b0e5c38c4aa8317ffea1fcb5d805a21d,1,1,105.331,1854,1854,1854,55,0,15,1542,1567,5815,148,66
Browser-Use,agent,Mind2Web--15be05973fba714e490cd9c884e4f072,ohio.gov,dda1d005299fe34c04d5736b54446068,1,1,152.704,859,816,816,32,5,9,544,946,2641,5,0
Browser-Use,agent,Mind2Web--15be05973fba714e490cd9c884e4f072,ohio.gov,3994ef31f0d7012dba856e5f5dff2333,1,1,145.179,772,734,734,28,4,9,484,811,2350,14,1
Browser-Use,agent,Mind2Web--3adeea7627f4343069f38adae40f73d0_110325,medicare.gov,76249e9fc1e79ac4d0668ad719d8fbb4,1,1,73.474,368,207,208,35,3,6,233,392,1098,16,2
Browser-Use,agent,Mind2Web--3adeea7627f4343069f38adae40f73d0_110325,medicare.gov,062f1908263c69f759907e8f887b0d3d,1,1,56.313,424,247,248,35,3,6,252,458,1270,19,2
Browser-Use,agent,Mind2Web--c94551d2b18f9ad0ab31b0bd98ca42e3_121125,www.petfinder.com,2f81fda2f4e6f0064395e906d1931eb0,1,1,96.855,723,718,718,27,6,8,542,736,2211,10,0
Browser-Use,agent,Mind2Web--c94551d2b18f9ad0ab31b0bd98ca42e3_121125,www.petfinder.com,a7c5c9010ea2469d09aa120f8054d33c,1,1,129.78,616,610,610,19,6,6,515,668,1916,3,0
Browser-Use,agent,Mind2Web--4e801ba102dfaf22c7cf7a126b107609,www.thumbtack.com,f84fe040da9a306f2a2c3aef6da4c451,1,1,129.408,854,595,595,46,13,6,689,966,2545,70,6
Browser-Use,agent,Mind2Web--4e801ba102dfaf22c7cf7a126b107609,www.thumbtack.com,fe8c57e1cd4b0df24d9fc10d1c85bfdd,1,1,109.729,347,251,251,43,3,5,262,384,1029,19,2
Browser-Use,agent,Mind2Web--39c388cdc468688c8139cc2bb5157c13,www.cars.com,ea9d586586c94b67756366b196bca8cf,1,1,133.972,141,141,141,8,0,2,8,196,420,3,0
Browser-Use,agent,Mind2Web--c8d7f2aa7eb5dd074c48c9f76f8659ad,www.dmv.virginia.gov,244fb778e96ab4d360f0ddec246bd0bb,1,1,48.097,90,61,61,19,3,1,37,102,273,6,0
Browser-Use,agent,Mind2Web--39c388cdc468688c8139cc2bb5157c13,www.cars.com,4c550b7673d98bfdc0124b120b1bf299,1,1,92.582,2070,2070,2070,54,0,14,1852,1777,6493,70,15
Browser-Use,agent,Mind2Web--c8d7f2aa7eb5dd074c48c9f76f8659ad,www.dmv.virginia.gov,5b9e47cf110829b77153be72fa412c59,1,1,30.757,85,59,59,19,3,1,30,98,256,6,0
Browser-Use,agent,Mind2Web--fd787623166785d84093565bf945fd24,www.drugs.com,5352bfb2cfecbfbfbaa9a969e70456c0,1,1,72.099,619,616,616,40,3,16,490,643,1892,8,0
Browser-Use,agent,Mind2Web--c3307a70bb12ebf56cc9ec926b368f15,www.drugs.com,f19f0aae400108807852cc8cc640bc68,1,1,101.705,1232,1228,1228,15,5,6,1065,1281,3788,8,0
Browser-Use,agent,Mind2Web--fd787623166785d84093565bf945fd24,www.drugs.com,20644e8c0fa4c84fb1bf2d1b1bc19fe9,1,1,130.651,1141,1133,1137,103,5,32,734,1454,3503,112,15
Browser-Use,agent,Mind2Web--c3307a70bb12ebf56cc9ec926b368f15,www.drugs.com,a6188938333869ec9d97cc11659bb2d5,1,1,111.833,952,948,948,22,5,7,787,979,2906,4,0
Browser-Use,agent,Mind2Web--9586827ad04ee2362f4f0076bf0f0468,www.drugs.com,5093e0b2d20b3e54e18d849487d966d0,1,1,106.831,760,757,757,38,3,11,563,796,2318,10,0
Browser-Use,agent,Mind2Web--34992feb69eb8e788faa06868b365c49,www.dmv.virginia.gov,5eab8bde29a7b0e7865671445ae5a12a,1,1,50.547,123,106,106,24,1,1,58,133,364,12,3
Browser-Use,agent,Mind2Web--9586827ad04ee2362f4f0076bf0f0468,www.drugs.com,5f8407740267f5f6d2a43af11803bf91,1,1,147.828,631,627,627,23,3,8,414,695,1926,8,3
Browser-Use,agent,Mind2Web--34992feb69eb8e788faa06868b365c49,www.dmv.virginia.gov,6789b9e62f6d0c4859c2cf0dc5eac2db,1,1,91.103,202,181,181,24,3,2,117,236,601,26,8
Browser-Use,agent,Mind2Web--47b93b9e649eadeb8d96a6e3df715c2d,www.mayoclinic.org,21d0666dc6a39d7f8782cee6367ebd11,1,1,87.237,300,211,211,37,7,7,192,290,896,10,0
Browser-Use,agent,Mind2Web--47b93b9e649eadeb8d96a6e3df715c2d,www.mayoclinic.org,64635037f3ff5b0380a8f83e234106ce,1,1,80.005,278,190,190,38,7,7,171,269,831,8,0
Browser-Use,agent,Mind2Web--3443e9c3151fef19a3c3a45eb2c13640,www.webmd.com,8ca1f6c7396fa03f372268c9bdbc291f,1,1,53.164,1025,993,993,212,9,115,655,1277,3115,75,18
Browser-Use,agent,Mind2Web--3443e9c3151fef19a3c3a45eb2c13640,www.webmd.com,d3330709c448144b880607488e0cc524,1,1,50.644,1095,1063,1063,208,9,113,727,1356,3322,78,18
Browser-Use,agent,Mind2Web--16200f51d63f0a47a58fa17acd49e368,cookpad.com,105e6919394bcf8ff858654244391954,1,1,42.927,165,137,137,17,6,3,40,152,486,3,0
Browser-Use,agent,Mind2Web--6b5be1764692d1dc8f17dc4375b2daa8,finance.yahoo.com,55406bd8a3bc5e294900b436718c276d,1,1,60.873,930,229,229,39,8,7,838,615,2903,68,15
Browser-Use,agent,Mind2Web--6b5be1764692d1dc8f17dc4375b2daa8,finance.yahoo.com,2f26e43872fb665e56eadc98b6988c6c,1,1,94.564,1389,412,412,41,14,7,1242,916,4409,133,32
Browser-Use,agent,Mind2Web--16200f51d63f0a47a58fa17acd49e368,cookpad.com,343666a8f906b814e75c64456fd7eb57,1,1,34.718,140,117,117,19,4,4,25,128,409,1,0
Browser-Use,agent,Mind2Web--c2153fc053112e89c2f103869c4d6890,www.thumbtack.com,eeef53435b644fdc85767849d9a3421f,1,1,54.844,398,301,301,46,5,5,273,439,1182,34,2
Browser-Use,agent,Mind2Web--c2153fc053112e89c2f103869c4d6890,www.thumbtack.com,ecdb848f56a0a2239de45ae142a00aa2,1,1,73.797,428,321,321,46,5,5,308,476,1271,33,2
Browser-Use,agent,Mind2Web--5e4e89c9b6fdaee7a41aca5601b82e04,www.drugs.com,37925f94c17bcced6cbe09c69f4ce778,1,1,133.359,738,735,735,25,3,10,511,802,2271,16,0
Browser-Use,agent,Mind2Web--5e4e89c9b6fdaee7a41aca5601b82e04,www.drugs.com,a6db56ff6dacae22fa08fd200c07c892,1,1,174.826,1325,1320,1320,35,6,11,1082,1352,4081,8,2
Browser-Use,agent,Mind2Web--60cbbbd58eb9d28b053aef945f464228,www.bbb.org,d73f25b2eabb21807686dc9b00a1396d,1,1,154.669,938,930,930,41,1,11,682,1016,2942,10,0
Browser-Use,agent,Mind2Web--8f80e64e44e1fada018997b2fe869683_110325,9gag.com,ca9781de1554f41c4f530bc4c1753481,1,1,93.718,815,787,787,56,5,8,607,833,2509,4,2
Browser-Use,agent,Mind2Web--60cbbbd58eb9d28b053aef945f464228,www.bbb.org,60f6a9ea534ba955499614593db3f286,1,1,120.246,795,782,782,29,3,11,508,775,2431,3,1
Browser-Use,agent,Mind2Web--65c4030f22fb6eb101acfee4825f1318,www.mayoclinic.org,3c63bdc616763d3eeb31aecdb24a52a5,1,1,59.916,340,213,213,30,13,7,245,330,1008,7,0
Browser-Use,agent,Mind2Web--8f80e64e44e1fada018997b2fe869683_110325,9gag.com,93b9c661bae4f6fd78efae7206c5ca62,1,1,143.383,460,422,422,57,9,8,195,482,1403,2,4
Browser-Use,agent,Mind2Web--65c4030f22fb6eb101acfee4825f1318,www.mayoclinic.org,84cfbf3e4e81f6e9b8fb7f74dd501515,1,1,83.78,324,200,200,30,15,7,227,313,960,8,0
Browser-Use,agent,Mind2Web--6ca20f1da01edeb49a7a42c816d8c6fe,www.gov.uk,667afd73f148fc6ea9474d3d34d329a6,1,1,96.572,97,48,48,17,3,2,58,94,285,6,5
Browser-Use,agent,Mind2Web--6ca20f1da01edeb49a7a42c816d8c6fe,www.gov.uk,3207b18fde1624abd064e07a69ae6119,1,1,69.537,110,56,56,17,3,2,77,98,323,4,3
Browser-Use,agent,Mind2Web--2e4e21cf1449c6894b17d571c47b77ea,www.adoptapet.com,f030063727c210d3d053998029703de3,1,1,83.285,505,497,497,19,3,6,322,553,1537,4,0
Browser-Use,agent,Mind2Web--2e4e21cf1449c6894b17d571c47b77ea,www.adoptapet.com,e8b4295e49255abd6ebee37cb6d7bd06,1,1,154.612,1582,1572,1572,109,6,65,1311,1643,4835,10,4
Browser-Use,agent,Mind2Web--4639a54f3ab549864fd8d60b7398b1e1,www.adoptapet.com,15cd1e7d1b9e4a78d2694ee2fbff1a24,1,1,85.694,729,721,721,27,6,8,553,788,2196,17,0
Browser-Use,agent,Mind2Web--1df24ec81137386d6476bcf343a79012,www.bestbuy.com,9daf0bcc4ba002683c53d9ac844efb48,1,1,177.259,448,189,189,44,12,12,327,434,1334,0,1
Browser-Use,agent,Mind2Web--4639a54f3ab549864fd8d60b7398b1e1,www.adoptapet.com,748ae5404a4d0dd6d093945b701a1614,1,1,126.698,972,962,962,13,5,6,872,965,2991,6,0
Browser-Use,agent,Mind2Web--1df24ec81137386d6476bcf343a79012,www.bestbuy.com,553dc45d20019e8c69347b16e28a3f08,1,1,117.369,583,534,534,34,1,8,472,612,1845,1,0
Browser-Use,agent,Mind2Web--627f7a18d85f29a687234f1ade4585c2,www.nba.com,02ea7e8a28a2a5cc959ad345c374ae71,0,0,73.475,1753,1753,1753,251,0,161,1568,1846,5301,16,14
Browser-Use,agent,Mind2Web--9af05e392cf3f5a8ff17aa764ba5bda6,www.bbb.org,e2e70b611034f475f3442ca17db7f37c,1,1,161.624,503,485,485,18,5,7,368,486,1546,2,0
Browser-Use,agent,Mind2Web--0b838cd54f826c59c71f600c56b89a11,www.bbb.org,f0b57e5d71ce6cf0b25df4621a4bc5ab,0,0,,0,0,0,0,0,0,0,0,0,0,0
Browser-Use,agent,Mind2Web--627f7a18d85f29a687234f1ade4585c2,www.nba.com,a3f60ad930f9c51095672175fe5435a6,1,1,44.887,841,841,841,186,0,104,618,886,2539,13,8
Browser-Use,agent,Mind2Web--9af05e392cf3f5a8ff17aa764ba5bda6,www.bbb.org,733c8b3c8b40ee7946468507b81d717d,1,1,139.631,1411,1389,1389,27,7,7,1301,1396,4395,7,1
Browser-Use,agent,Mind2Web--0b838cd54f826c59c71f600c56b89a11,www.bbb.org,04cce16d764588143f8a18c8fee1be83,1,1,159.351,1335,1322,1322,55,3,16,1038,1231,4159,61,13
Browser-Use,agent,Mind2Web--5dec0e6620849459f29e6465982c597e,www.bestbuy.com,71b6308b79909df505f5f6eeecc16ba7,1,1,168.104,426,171,171,37,7,5,326,414,1265,0,2
Browser-Use,agent,Mind2Web--5dec0e6620849459f29e6465982c597e,www.bestbuy.com,f6885b2e563fcdfea2ff9ed91d3f3d8d,1,1,189.125,496,341,341,29,4,5,363,499,1482,1,1
Browser-Use,agent,Mind2Web--52efbab520734ef9bf7c09ba0f62cdc8,www.recreation.gov,a9c3354cab9ad130e5b1e52cee4386bb,1,1,45.225,241,174,174,27,3,4,120,228,720,16,2
Browser-Use,agent,Mind2Web--52efbab520734ef9bf7c09ba0f62cdc8,www.recreation.gov,c5539de19f1dd6d39275d7adfce45eb3,1,1,34.856,230,163,163,28,3,3,115,217,686,12,2
Browser-Use,agent,Mind2Web--23204728192da9f73197a613d9681c18,www.mayoclinic.org,c8d28beb30def3b21f65a8e4e368d1a2,1,1,40.274,251,164,164,35,5,7,160,239,750,8,0
Browser-Use,agent,Mind2Web--b1ce968a361e1088ce8d2ade6c2c9af0,www.petfinder.com,1d12e6fec0882553ceba78bb56763ef9,1,1,73.204,951,946,946,15,8,6,774,1005,2908,7,0
Browser-Use,agent,Mind2Web--b1ce968a361e1088ce8d2ade6c2c9af0,www.petfinder.com,b469f811052533149de2134c52c836eb,1,1,100.69,716,711,711,28,3,10,501,689,2184,8,3
Browser-Use,agent,Mind2Web--23204728192da9f73197a613d9681c18,www.mayoclinic.org,ef68c512b1a9f05619fb9f7083b98de9,1,1,43.591,208,129,129,28,5,6,138,200,622,4,0
Browser-Use,agent,Mind2Web--a69d2934fe54fef165490a5a2d95bf38,cookpad.com,716dd00225d7cb184a0971c0e3f46ac2,1,1,151.326,301,253,253,18,9,4,84,301,897,20,1
Browser-Use,agent,Mind2Web--a69d2934fe54fef165490a5a2d95bf38,cookpad.com,c5fd6685451a72c87d4566773790bf55,1,1,140.332,225,184,184,18,8,4,81,221,663,11,3
Browser-Use,agent,Mind2Web--e9f4dfc67e0e6aa37f05f7cc5aa7428c,www.healthgrades.com,07f3b69f3ffe63503fd8c8175d547ca7,1,1,188.42,1120,1118,1118,31,3,11,880,1179,3405,4,8
Browser-Use,agent,Mind2Web--e9f4dfc67e0e6aa37f05f7cc5aa7428c,www.healthgrades.com,fc727ebe1c32b22229bc47239998f5d1,1,1,94.106,1330,1327,1327,19,3,7,1061,1405,4057,8,0
Browser-Use,agent,Mind2Web--2218042362d8fae73756eb309848c2b2,www.cars.com,6e1a31156b58fe36c841dd15b643df27,1,1,143.793,1046,1046,1046,15,0,6,807,1132,3201,8,0
Browser-Use,agent,Mind2Web--ba2a469af584f16da93ce6a7430cf7e5,www.coursera.org,72e4f176f587afc4357c1fb6713bd326,1,1,86.08,435,313,313,10,0,0,122,420,1293,1,0
Browser-Use,agent,Mind2Web--ba2a469af584f16da93ce6a7430cf7e5,www.coursera.org,d752c666aca498a0b17672fceb4fbd6c,1,1,58.749,357,264,264,10,0,0,93,344,1061,1,0
Browser-Use,agent,Mind2Web--2218042362d8fae73756eb309848c2b2,www.cars.com,b02b0022e1cae0a594a9496af907c8e2,1,1,172.238,772,772,772,18,0,7,614,809,2381,5,0
Browser-Use,agent,Mind2Web--26784156ae9859a0dd6c5920eb106f91,www.apartments.com,06b95c44f2a8838a58a88b305daa789e,1,1,89.14,811,805,805,14,5,6,662,845,2485,6,0
Browser-Use,agent,Mind2Web--26784156ae9859a0dd6c5920eb106f91,www.apartments.com,920d6632301f635b6db9ea24e9da9797,1,1,113.374,603,597,597,39,3,14,386,649,1849,10,0
Browser-Use,agent,Mind2Web--47e314cc452c540524ffb7cf520285a3,www.recreation.gov,cdde20a6ddaf69cda0a43dee9525059a,1,1,120.544,931,761,761,27,13,5,587,984,2737,74,8
Browser-Use,agent,Mind2Web--47e314cc452c540524ffb7cf520285a3,www.recreation.gov,c5e5a0b8577025f89146f7e2dc089044,1,1,155.964,349,261,261,22,3,1,255,349,1035,55,2
Browser-Use,agent,Mind2Web--271b36efd4346721b5542488ff997042,www.bestbuy.com,654dc3b64c8a3cff9975ba87ff142d4f,1,1,128.703,1090,977,977,41,2,9,935,1143,3391,4,1
Browser-Use,agent,Mind2Web--6b2cfae0ef25c73d1224b6ab74cb8b63,www.nba.com,eec637a2714d3b650fd723a335e31de7,1,1,119.774,2982,2982,2982,306,0,192,2489,3301,9044,67,59
Browser-Use,agent,Mind2Web--6b2cfae0ef25c73d1224b6ab74cb8b63,www.nba.com,5bf35125c9edbd2b1598773faa5a1bc9,1,1,116.939,199,199,199,24,0,5,83,227,592,12,0
Browser-Use,agent,Mind2Web--0a54069a0ef542e571d1fee7f39c93d5,www.adoptapet.com,e31bd8e0eff028f2551fc2dc1fecd914,1,1,86.932,1001,989,989,21,4,8,803,1046,3065,12,0
Browser-Use,agent,Mind2Web--0a54069a0ef542e571d1fee7f39c93d5,www.adoptapet.com,1390d5bfccce7c7b62585bf9e858a9f2,1,1,84.08,550,539,539,16,4,6,371,631,1708,5,0
Browser-Use,agent,Mind2Web--4e3f6a538cc1f7321cfc50260db9545d,www.theweathernetwork.com,1bb6744a1a457b0ceacd52f81f6cca8f,1,1,29.14,711,644,644,152,3,59,415,738,2168,10,9
Browser-Use,agent,Mind2Web--4e3f6a538cc1f7321cfc50260db9545d,www.theweathernetwork.com,e222e10fe5a629a3fb2a01caa4a36da7,1,1,27.137,980,898,898,197,3,108,655,1014,2982,10,15
Browser-Use,agent,Mind2Web--271b36efd4346721b5542488ff997042,www.bestbuy.com,e1232aea6bb87bc747aae321fbc0f4db,0,0,201.898,546,186,186,21,7,3,454,523,1619,0,1
Browser-Use,agent,Mind2Web--f00e7accfb4a5e09680bdb326e6274ad,www.accuweather.com,ba5e5be5998a89dff1e0944a2c3cd35f,1,1,88.615,2225,2225,2225,252,0,144,1648,2397,6721,16,14
Browser-Use,agent,Mind2Web--6174e5ddd40cfbdc33ee1502f40bac39,www.recreation.gov,58fe1a56e12ee1800ab62b2999102798,1,1,56.663,297,230,230,22,4,2,180,307,870,34,2
Browser-Use,agent,Mind2Web--6174e5ddd40cfbdc33ee1502f40bac39,www.recreation.gov,9af52ec00d20272eeba2004e76d7be37,1,1,43.677,339,249,249,24,5,2,157,350,969,38,5
Browser-Use,agent,Mind2Web--547f5729c59d5d12a457a3ebb74c31c6_010226,www.apartments.com,73ce36d5dd36ce0a89c690414d3ff6d6,1,1,89.238,523,519,519,20,3,7,352,564,1599,4,1
Browser-Use,agent,Mind2Web--f00e7accfb4a5e09680bdb326e6274ad,www.accuweather.com,ea3b3b351bdae4741f6ba1d65d612c02,1,1,97.153,635,635,635,23,0,8,468,673,1935,4,2
Browser-Use,agent,Mind2Web--547f5729c59d5d12a457a3ebb74c31c6_010226,www.apartments.com,6ebc47f6d6567686e777027413669070,1,1,147.267,544,536,536,21,4,8,377,590,1669,10,0
Browser-Use,agent,Mind2Web--0b2623e9fa5cea997f76490bcbc5220f,www.petfinder.com,1310bf2efe4c765a3eaf56e0c6a729bb,1,1,26.287,71,67,67,7,2,1,0,80,207,1,0
Browser-Use,agent,Mind2Web--0b2623e9fa5cea997f76490bcbc5220f,www.petfinder.com,50d1a2ee4e1724f936767546ef74c78e,1,1,100.68,1001,997,997,28,7,11,786,1032,3059,6,1
Browser-Use,agent,Mind2Web--3ae28b3c440efe87dc700480b78ac608,www.healthgrades.com,513408d30bd2a8b8b51ebbf80ad58708,1,1,95.797,1570,1565,1565,16,6,6,1428,1587,4837,11,0
Browser-Use,agent,Mind2Web--3ae28b3c440efe87dc700480b78ac608,www.healthgrades.com,cd587bd660e1ff8e1fa26e8a21fc485f,1,1,128.64,1268,1264,1264,24,6,8,1090,1305,3903,13,0
Browser-Use,agent,Mind2Web--0632e496d37badee0350dad358f047c5,cookpad.com,6c0643558318c0a90d2623fb6f1f7421,1,1,89.172,142,121,121,18,4,4,33,133,414,8,1
Browser-Use,agent,Mind2Web--0632e496d37badee0350dad358f047c5,cookpad.com,5aed7844b788b7a947db49f18fd5a138,1,1,165.366,287,228,228,21,14,4,104,281,848,13,1
Browser-Use,agent,Mind2Web--aafd1fddea1558466ac6133934d35156,www.apartments.com,426e7d4da906f1dfa4990700e5314071,1,1,146.22,493,483,483,21,4,8,375,519,1515,10,0
Browser-Use,agent,Mind2Web--246d654fab7c31d9651007e39e75f74f,www.recreation.gov,9831dfda16584487da6eefc94a2256d2,1,1,69.765,370,275,275,24,3,1,186,378,1053,55,14
Browser-Use,agent,Mind2Web--aafd1fddea1558466ac6133934d35156,www.apartments.com,ee8f4f1c4f7659899ac3218558652108,1,1,95.738,793,785,785,14,6,6,601,849,2427,6,0
Browser-Use,agent,Mind2Web--690d7b4a285fdb1e9dabf973bf46ae4d,craigslist.org,31dd31ed33623acf3ac61f6c88f723c5,1,1,79.434,48,10,10,5,0,0,37,54,146,0,0
Browser-Use,agent,Mind2Web--690d7b4a285fdb1e9dabf973bf46ae4d,craigslist.org,07d6e0c3d4ca2f31c4db0399bb34957d,1,1,73.175,56,10,10,5,0,0,45,72,177,0,0
Browser-Use,agent,Mind2Web--246d654fab7c31d9651007e39e75f74f,www.recreation.gov,84c7fb25ed2892a26ac0dabef0c4a270,1,1,149.147,1040,776,776,27,15,3,639,1093,3067,83,14
Browser-Use,agent,Mind2Web--d5c34bf39eb6096ae5d439325cde4d32,www.dmv.virginia.gov,47eef2ca05a9dbef177cce9fbc9d6e06,1,1,37.375,143,115,115,21,3,1,38,158,436,6,3
Browser-Use,agent,Mind2Web--c43a7dccf5c44f7b45a821e712dd1970,www.healthline.com,66fa7360c689677d4d53342cac29967a,1,1,102.346,277,271,271,70,1,8,136,278,821,8,3
Browser-Use,agent,Mind2Web--c43a7dccf5c44f7b45a821e712dd1970,www.healthline.com,cef04c5099fa909e9b99566823873082,1,1,103.394,281,275,275,70,1,8,149,278,832,8,2
Browser-Use,agent,Mind2Web--d5c34bf39eb6096ae5d439325cde4d32,www.dmv.virginia.gov,bc4733783aae018911aee65a47e936f3,1,1,37.441,160,123,123,21,5,1,51,187,492,10,0
Browser-Use,agent,Mind2Web--c521933dad9c0ef9f1dfa2f38b8e4405,www.accuweather.com,6fb75d3b5dc89d95587761f50abc2c18,1,1,59.261,588,588,588,18,0,6,524,651,1856,2,0
Browser-Use,agent,Mind2Web--180ed2ec377ef3a4af9035a21522091a,umich.edu,d210ea83cd99840e9a376a972f7bf11e,1,1,108.024,1414,1392,1392,74,5,22,1212,1488,4373,46,2
Browser-Use,agent,Mind2Web--180ed2ec377ef3a4af9035a21522091a,umich.edu,b6d5f76c7fc0f73f85ba5c755866134c,1,1,130.585,962,946,946,17,3,7,811,977,2955,5,0
Browser-Use,agent,Mind2Web--c521933dad9c0ef9f1dfa2f38b8e4405,www.accuweather.com,bc8d972843f1977e6c37d03c9804b549,1,1,70.257,664,664,664,18,0,7,498,661,2039,2,0
Browser-Use,agent,Mind2Web--9b5dfe54a1c14c5c6336bae7374c3bb5,www.ups.com,c08817063fb39bf5fe7de4c0b03f988d,1,1,148.292,1240,1240,1240,31,0,8,1029,1239,3541,17,0
Browser-Use,agent,Mind2Web--9b5dfe54a1c14c5c6336bae7374c3bb5,www.ups.com,ff213147f66319b261516a0e03cd133e,1,1,178.794,1420,1420,1420,56,0,18,1135,1428,4369,10,0
Browser-Use,agent,Mind2Web--c073ac1bcf40f84c599affc97edbc396,www.apartments.com,e88b7bd2d2f623d8b18268c0802ff087,1,1,142.718,1244,1240,1240,44,3,15,1094,1321,3893,12,0
Browser-Use,agent,Mind2Web--73d08420706ae205a9c5be28b6d4e80f,www.recreation.gov,8c1e444d9bd29bb371929fb2d1cdf48d,1,1,48.492,328,243,243,24,3,1,157,331,934,34,8
Browser-Use,agent,Mind2Web--73d08420706ae205a9c5be28b6d4e80f,www.recreation.gov,53d047e3482ade844e0fd9a8ee2bd15a,1,1,49.203,337,253,253,25,3,1,165,343,959,35,8
Browser-Use,agent,Mind2Web--c073ac1bcf40f84c599affc97edbc396,www.apartments.com,65f1714871d9c99d0e4622e6f77d73a3,1,1,87.082,839,837,837,25,1,10,746,839,2573,4,0
Browser-Use,agent,Mind2Web--0a0fa834ce41b5297c6474293383759d_110325,www.carnival.com,637870fe3eeed46dd6552493a276a994,1,1,82.9,1270,998,998,106,9,31,882,1486,3826,93,5
Browser-Use,agent,Mind2Web--0a0fa834ce41b5297c6474293383759d_110325,www.carnival.com,d8f4aa25942b8c2e2fd772737c1a7039,1,1,102.946,917,687,687,106,7,31,615,1057,2764,86,11
Browser-Use,agent,Mind2Web--a13e4231a3d6a7000c622c56448d97ba,www.airbnb.com,436ea9d7e33094cde612c487b48566fd,1,1,121.883,689,525,525,37,9,10,352,792,2311,121,14
Browser-Use,agent,Mind2Web--bb518416a786fdb9b9bbf0c78515595e,www.osu.edu,5d6f7e0595b8255b8d4d8f7c9aba5f78,1,1,101.039,615,506,506,49,7,14,325,697,1857,19,18
Browser-Use,agent,Mind2Web--a13e4231a3d6a7000c622c56448d97ba,www.airbnb.com,ec1988ed7ecf49c2cc93c3997e2552ac,1,1,132.817,759,604,604,38,7,10,287,835,2492,95,14
Browser-Use,agent,Mind2Web--bb518416a786fdb9b9bbf0c78515595e,www.osu.edu,c0238767d4a30f8ef7cbc726db16d18f,1,1,150.439,880,800,800,48,4,12,609,944,2674,13,10
Browser-Use,agent,Mind2Web--b99c02965196d51e80ac7539e33f335b,www.berkeley.edu,8aed6c5d7447f84c92be158d69fb1420,1,1,125.986,150,122,122,28,3,4,107,164,449,2,2
Browser-Use,agent,Mind2Web--b99c02965196d51e80ac7539e33f335b,www.berkeley.edu,4a7b8f5f86ddaad6a81747f7a8b9398b,1,1,142.095,140,113,113,21,1,1,120,155,420,0,2
Browser-Use,agent,Mind2Web--27fa3ac20745d3d35e89fae157f63069,www.stanford.edu,7d003bee1a0ec34ef4e1926f1b3d6e4d,1,1,129.774,1766,1671,1671,68,3,14,1407,1894,5620,17,0
Browser-Use,agent,Mind2Web--b4aa7315e31dfcdc52baf7771be260c9,www.nvidia.com,f05a3dc852ddd7a796c94ea6e384d327,1,1,66.186,476,391,391,75,5,17,296,634,1418,213,1
Browser-Use,agent,Mind2Web--27fa3ac20745d3d35e89fae157f63069,www.stanford.edu,d1cc8bd81f794d6ed3d0914f9a71e5ba,1,1,111.806,511,367,367,41,7,9,225,639,1541,18,0
Browser-Use,agent,Mind2Web--b4aa7315e31dfcdc52baf7771be260c9,www.nvidia.com,95c94bb917d04c65d002219611582b31,1,1,105.04,932,820,820,74,9,20,690,1328,2790,470,2
Browser-Use,agent,Mind2Web--442a450e696a96085257db6297891a4d,www.chase.com,008a3ec4ff67459233e9d2c6d855b902,1,1,98.249,959,796,796,38,7,14,802,995,3108,7,0
Browser-Use,agent,Mind2Web--442a450e696a96085257db6297891a4d,www.chase.com,d165404a5848fc8a84dc2c4c0d2b307c,1,1,98.21,577,333,333,33,13,11,494,590,2013,1,0
Browser-Use,agent,Mind2Web--9ed3827266b3b804f485859c3d00401e,www.chase.com,263af5b1381504e69bf7ce5b9614d6e8,1,1,71.845,221,112,112,24,5,9,207,209,791,0,0
Browser-Use,agent,Mind2Web--9ed3827266b3b804f485859c3d00401e,www.chase.com,38b67ead4008fedac0d21f0e1b44d0de,1,1,79.755,208,99,99,22,5,9,195,197,743,0,0
Browser-Use,agent,Mind2Web--c801d1c951f59297f526bab84fa86c6e,store.steampowered.com,8c001445f9541776e9a539629f2f3e00,1,1,95.773,1016,1016,1016,24,0,9,849,1058,3131,7,0
Browser-Use,agent,Mind2Web--7c09c2c7c87cf6bb1138701eb54284ea,phys.org,082384b5e5b7aef368f2345149b434fc,1,1,97.207,1056,1052,1052,40,3,12,856,1133,3343,22,0
Browser-Use,agent,Mind2Web--7c09c2c7c87cf6bb1138701eb54284ea,phys.org,e6f8ac4a8630cdf57895d8219124df98,1,1,130.376,868,860,860,16,6,7,692,914,2668,6,0
Browser-Use,agent,Mind2Web--c801d1c951f59297f526bab84fa86c6e,store.steampowered.com,df80574b8f2f28f5f61f37ff1802d855,1,1,189.674,2014,2014,2014,247,0,161,1717,2132,6119,19,6
Browser-Use,agent,Mind2Web--afcebfed28bea091d58f49ea6cb8194b,www.cvs.com,8a91866100e4e39284dbeb6c1c30344a,1,1,148.204,1950,1948,1948,78,1,32,1358,2036,6272,191,2
Browser-Use,agent,Mind2Web--64345c365f544375357c7b67917f08a0_110325,www.us-appliance.com,ac27fa5d2039d1eaed07db9ba1ca68c7,1,1,113.787,1228,1119,1119,59,17,9,885,1433,3705,28,0
Browser-Use,agent,Mind2Web--afcebfed28bea091d58f49ea6cb8194b,www.cvs.com,aec55be18ca0161012233736ce647f64,1,1,163.496,537,533,533,17,3,7,432,562,1667,4,0
Browser-Use,agent,Mind2Web--64345c365f544375357c7b67917f08a0_110325,www.us-appliance.com,52cd2a2a063035a4acd5a894b13d5199,1,1,125.815,699,645,645,58,9,9,509,776,2102,18,0
Browser-Use,agent,Mind2Web--ab6ee3b83aab6cd283320f5e01003cff,www.apple.com,88663585081d956a816edbbc5ae24ff4,1,1,108.393,174,23,23,5,2,1,162,180,521,10,0
Browser-Use,agent,Mind2Web--ab6ee3b83aab6cd283320f5e01003cff,www.apple.com,7432138eec840a788239f962aa6c61e0,1,1,100.489,313,24,24,5,2,1,301,322,943,10,0
Browser-Use,agent,Mind2Web--33bd2cdcea4fcc42a09a8a1e4e5841c6_110325,raisingcanes.com,1f315e403445111523cb47162caad870,1,1,98.758,629,615,615,16,5,6,481,662,1914,4,0
Browser-Use,agent,Mind2Web--33bd2cdcea4fcc42a09a8a1e4e5841c6_110325,raisingcanes.com,723c72ee35f1d7a0e55215ad889e4e64,1,1,110.309,1166,1156,1156,36,2,11,828,1203,3626,21,1
Browser-Use,agent,Mind2Web--47186fac8e7c7277af01144644eb4e0b_121125,www.parkers.co.uk,606b3faa2752bde3ab034736751cc4ee,1,1,107.98,2095,2000,2000,247,13,134,1271,2344,6337,55,67
Browser-Use,agent,Mind2Web--47186fac8e7c7277af01144644eb4e0b_121125,www.parkers.co.uk,4c510112a9abe2ee2ab46a0eb166565a,1,1,109.51,3227,3148,3148,337,11,175,2112,3633,9819,103,129
Browser-Use,agent,Mind2Web--fa9adb815b85d259f943d81874a052e5,soundcloud.com,149b6de1abba8956bebc587b5c4bdd24,1,1,99.416,1054,1054,1054,23,0,9,751,1076,3215,6,2
Browser-Use,agent,Mind2Web--fa9adb815b85d259f943d81874a052e5,soundcloud.com,3ccc796afe8899ebe36c8c66da733e31,1,1,109.696,634,634,634,23,0,7,511,698,1972,3,2
Browser-Use,agent,Mind2Web--b922508886ded315c9835457a6eb43ea,jobs.chronicle.com,b747ae165b73967e4efb9db86164eaeb,1,1,103.862,516,481,481,15,9,6,381,526,1614,3,0
Browser-Use,agent,Mind2Web--5d542a7ec1fa142ba73cc87d970caf39,dblp.org,400662db0712e20fb18bb6626f954503,1,1,74.801,88,11,11,5,0,0,11,76,253,0,0
Browser-Use,agent,Mind2Web--b922508886ded315c9835457a6eb43ea,jobs.chronicle.com,296aab8450649116c8ff391ececc85fe,1,1,134.913,145,123,123,10,5,3,43,168,468,1,0
Browser-Use,agent,Mind2Web--5d542a7ec1fa142ba73cc87d970caf39,dblp.org,7965583716a4fc8ec86c6061084a96aa,1,1,89.849,183,28,28,9,4,2,95,177,539,0,0
Browser-Use,agent,Mind2Web--864244b6969e0f8733b0eb1ca06cd51f,www.espn.com,18ee9abcafe53a8f55a21b0e265dd75a,1,1,110.835,1964,1914,1914,180,39,80,687,2193,6120,24,85
Browser-Use,agent,Mind2Web--01abae9608f2d8752a83e08f136f720c,www.cboe.com,f1f617aada04fa7a1548158ea9db7611,1,1,89.879,923,534,534,52,45,17,694,1345,2763,107,6
Browser-Use,agent,Mind2Web--864244b6969e0f8733b0eb1ca06cd51f,www.espn.com,c61f8dde7c6a84d5ba99ac4996dfc8ff,1,1,118.495,1905,1863,1863,159,35,77,837,2042,5898,7,40
Browser-Use,agent,Mind2Web--01abae9608f2d8752a83e08f136f720c,www.cboe.com,caed2c01b866cf5e50d1fc2cb2602083,1,1,112.94,821,439,439,47,17,14,614,1314,2456,71,7
Browser-Use,agent,Mind2Web--da8f3823a827c7d3a492f383808e7912,www.instructure.com,5b4d45e86b3660c003bb59b457d2e009,1,1,89.259,927,504,504,76,7,14,604,1106,2842,154,9
Browser-Use,agent,Mind2Web--da8f3823a827c7d3a492f383808e7912,www.instructure.com,8f01c6297ecf38e864ea13ea61f20167,1,1,133.91,1554,1033,1033,78,17,16,1214,1769,4723,258,14
Browser-Use,agent,Mind2Web--8689af4d33ce00bf2cdd8987d3bbfd86,www.apple.com,8d6b1b2ab5604532b5fc23f01633f548,1,1,100.474,387,139,139,8,2,1,271,410,1173,17,1
Browser-Use,agent,Mind2Web--8689af4d33ce00bf2cdd8987d3bbfd86,www.apple.com,519594fde019d10de88bfc12b8964816,1,1,107.997,459,251,251,8,2,1,237,502,1402,21,3
Browser-Use,agent,Mind2Web--78f397336b6fd1cbba0127db7a8cd502,www.redbull.com,f34af23a7f21bd7bea0fa73890ab5e80,1,1,102.365,951,657,657,14,0,0,1043,1133,2868,0,0
Browser-Use,agent,Mind2Web--78f397336b6fd1cbba0127db7a8cd502,www.redbull.com,b561600faba66b82f8ddb43cf77830fe,1,1,92.675,655,390,390,16,1,1,588,765,1973,0,0
Browser-Use,agent,Mind2Web--3dca7cbe7d086619d837ff9f5312cebc_110325,zara.com,74c114163a2028882d178a6f75d3a6c6,1,1,123.26,646,638,638,23,7,8,525,657,2057,3,0
Browser-Use,agent,Mind2Web--b962927dfe03bf2274a54381127ed433,bandcamp.com,eaa61c19cbd60c4edd9743d20f920181,1,1,100.497,897,865,865,24,5,5,52,879,2673,13,2
Browser-Use,agent,Mind2Web--3dca7cbe7d086619d837ff9f5312cebc_110325,zara.com,612f2d26b427abb2bdb4bc6b08ec6eea,1,1,141.881,852,842,842,15,6,6,744,871,2613,5,0
Browser-Use,agent,Mind2Web--b962927dfe03bf2274a54381127ed433,bandcamp.com,ace24b780ae4e0a8b5b3d12464219da2,1,1,107.596,1267,1211,1211,21,9,5,90,1248,3784,21,4
Browser-Use,agent,Mind2Web--78baf9dbe7c3532f7d7ef4cc22a7f065_121125,www.statista.com,19c8be65d3c9757c74c3aff1b6bc4b69,1,1,106.376,742,618,618,47,9,12,767,993,2252,128,22
Browser-Use,agent,Mind2Web--c7c07ec10c668625a21ba64165d719bb,www.verizon.com,6a32460837a9a1d4c7b7d9170c828b8b,1,1,56.367,653,605,605,106,5,36,384,688,1954,53,18
Browser-Use,agent,Mind2Web--78baf9dbe7c3532f7d7ef4cc22a7f065_121125,www.statista.com,b308fe0708fd17cc57908d1109b63690,1,1,121.041,652,536,536,37,9,10,848,915,2051,156,18
Browser-Use,agent,Mind2Web--512fd4deab099b8dc0dcfc0ec48a3c63,github.com,5d34f1cf857dfc85d5ae61f757415763,1,1,57.916,435,382,382,8,0,0,52,421,1293,0,1
Browser-Use,agent,Mind2Web--512fd4deab099b8dc0dcfc0ec48a3c63,github.com,ad17407947891877d7612a139c882f41,1,1,85.276,463,398,398,8,0,0,64,452,1379,0,1
Browser-Use,agent,Mind2Web--c7c07ec10c668625a21ba64165d719bb,www.verizon.com,be856b2fe75229c83a0df1bd1385a235,1,1,112.117,2387,2224,2224,110,21,44,1393,2655,7175,212,72
Browser-Use,agent,Mind2Web--d9d8b7d84a3f8d057e368254fe8d65e2,github.com,2f7eebc6a18f218b073593a80867847c,1,1,60.412,411,327,327,7,0,0,83,399,1222,0,1
Browser-Use,agent,Mind2Web--157f4a79d55e8fa3fd55ba772ba40fbc,www.disney.com,f2ecb7cbda9b197db25036e749ed1949,1,1,67.73,719,715,715,56,3,25,203,722,2262,112,1
Browser-Use,agent,Mind2Web--d9d8b7d84a3f8d057e368254fe8d65e2,github.com,adb109258eb83901beb2d9f0cfdc98f4,1,1,94.398,645,529,529,12,2,2,123,654,1927,1,1
Browser-Use,agent,Mind2Web--157f4a79d55e8fa3fd55ba772ba40fbc,www.disney.com,7c5b1a330ee65aa53479863ca3a3a6e6,1,1,100.546,383,381,381,55,1,25,107,335,1167,35,1
Browser-Use,agent,Mind2Web--62c8d970b3d13891f355911e5a8f4030,store.steampowered.com,8e1f93576a75469b32535930b5c52cbf,1,1,104.718,1010,1010,1010,212,0,108,702,1047,3100,8,44
Browser-Use,agent,Mind2Web--11857213ca01510f12813740afd59918_110325,www.birkenstock.com,618b2c9af508fda269c99c9975c1d4e8,1,1,66.777,476,276,276,37,6,4,473,582,1518,55,29
Browser-Use,agent,Mind2Web--62c8d970b3d13891f355911e5a8f4030,store.steampowered.com,05921a61f6830798ff84feab930bb984,1,1,186.853,1202,1202,1202,177,0,98,907,1262,3647,7,8
Browser-Use,agent,Mind2Web--11857213ca01510f12813740afd59918_110325,www.birkenstock.com,c4af4fcb0acb31a2c9e9c64dc5ca50c6,1,1,100.992,431,227,227,35,5,3,427,541,1342,39,21
Browser-Use,agent,Mind2Web--47bfe8a7e0e4e7efc837287b407fbe90,versus.com,1ae6f0aed228ff583ea63a1d133a0353,1,1,118.067,702,700,700,23,4,9,402,698,2160,4,1
Browser-Use,agent,Mind2Web--47bfe8a7e0e4e7efc837287b407fbe90,versus.com,47398a2017a6b685dc22c323b72489f2,1,1,135.404,703,703,703,36,0,10,537,730,2197,11,0
Browser-Use,agent,Mind2Web--bb314cb80f0f8489135cbf59074d11e2,iclr.cc,eb88f3cd0f0c4a3138bf9f2be406f163,1,1,117.363,140,94,94,17,5,3,64,113,408,0,0
Browser-Use,agent,Mind2Web--bb314cb80f0f8489135cbf59074d11e2,iclr.cc,20e1a3308f7243287faabbae09d5aedc,1,1,97.632,495,456,456,19,1,4,354,494,1488,1,0
Browser-Use,agent,Mind2Web--1aeca99e6a60b0e3aefb3ef212bdce79,www.ca.gov,42a956ad83eba0ad2228dba48e9d7d81,1,1,120.76,119,97,97,14,1,4,89,107,346,1,2
Browser-Use,agent,Mind2Web--1aeca99e6a60b0e3aefb3ef212bdce79,www.ca.gov,fe1b86d02b197c6f3708f0cbb8d6442b,1,1,119.247,518,485,485,50,7,16,205,553,1566,9,11
Browser-Use,agent,Mind2Web--d730f4ff450da1bd60a836163736ef6a_110325,www.backcountry.com,3c9f458520d51490c38183fb4ae8afb9,1,1,110.153,1345,1338,1338,60,1,19,1047,1384,4228,10,2
Browser-Use,agent,Mind2Web--d730f4ff450da1bd60a836163736ef6a_110325,www.backcountry.com,8eca378bcba7f2e15c91ec8e3555dd00,1,1,151.082,1117,1110,1110,20,3,8,991,1158,3398,4,10
Browser-Use,agent,Mind2Web--fe33894188d20d7469f37a9fd855e7ff_110325,sourceforge.net,287a3c19748f03b19426421402f862c7,1,1,149.664,526,511,511,19,5,7,392,538,1615,2,2
Browser-Use,agent,Mind2Web--fe33894188d20d7469f37a9fd855e7ff_110325,sourceforge.net,7f2aec1cf5278e88717cde42bbcb17c9,1,1,170.304,993,968,968,22,6,8,835,1016,3060,12,0
Browser-Use,agent,Mind2Web--71f8de1834599fba443f40dbbfab8edd,arxiv.org,32e688c8ed656061b50f20687cd22253,1,1,75.925,61,16,16,9,2,1,1,53,173,0,0
Browser-Use,agent,Mind2Web--71f8de1834599fba443f40dbbfab8edd,arxiv.org,0377f9c1fe131a28ca73b162b8791529,1,1,73.757,64,18,18,9,2,1,1,55,181,0,0
Browser-Use,agent,Mind2Web--c8c1ff115879b3afd14280beb1559b13,www.4shared.com,980b8b9b64223edbf607e857f64a840d,1,1,103.185,912,912,912,19,0,6,709,948,2803,4,2
Browser-Use,agent,Mind2Web--c8c1ff115879b3afd14280beb1559b13,www.4shared.com,5e9f24dc71b39137df53f2934aeec55e,1,1,95.365,718,718,718,14,0,6,626,726,2211,4,0
Browser-Use,agent,Mind2Web--d4fb78b7e74508cd3b33f01cf9200997,www.americashealthrankings.org,c10d95b6f740d409c1d1eb5fdc6bb842,0,1,96.767,117,55,55,14,1,1,60,108,339,1,2
Browser-Use,agent,Mind2Web--d4fb78b7e74508cd3b33f01cf9200997,www.americashealthrankings.org,8139201328e16b2bd20b9a87f2af1bbd,0,1,102.866,146,67,67,14,1,1,94,166,426,13,2
Browser-Use,agent,Mind2Web--0e42c3a73f2aece1f854e0ba55b7c8b0,www.google.com,1f88bfcd3d484bd37647efd420db28a8,1,1,107.585,1631,299,299,15,0,0,1517,1627,4002,29,0
Browser-Use,agent,Mind2Web--0e42c3a73f2aece1f854e0ba55b7c8b0,www.google.com,27691c1b7cc6219131595aede26b52ec,1,1,114.129,1085,327,327,22,1,2,976,1088,2806,16,0
Browser-Use,agent,Mind2Web--96afb3c51146b0c2a9c55f039a5ea6d6,www.merriam-webster.com,37727122aa08178b97d999a3b08c5403,1,1,78.231,1554,1446,1446,248,3,154,1358,1667,4746,6,17
Browser-Use,agent,Mind2Web--96afb3c51146b0c2a9c55f039a5ea6d6,www.merriam-webster.com,2df6f00ea3c04b6325b17ae9027938cc,1,1,103.652,1525,1308,1308,231,2,143,1324,1603,4632,10,6
Browser-Use,agent,Mind2Web--59912927c1fddee6ded8a49986896bc2,www.samsung.com,4c23e04798c5ac0bf57a79cf4dc1910c,1,1,127.546,635,482,482,66,3,12,523,672,1881,1,3
Browser-Use,agent,Mind2Web--59912927c1fddee6ded8a49986896bc2,www.samsung.com,55a5d4596412a7a6188e704eabd01ae3,1,1,150.688,1175,852,852,67,9,16,955,1269,3494,3,6
Browser-Use,agent,Mind2Web--e43cbc8a0bf9e999884928d11006f894_110325,www.airbnb.com,5eccad3f41957c21d7b1dfca794403d3,1,1,117.727,655,538,538,34,3,10,211,692,2134,83,14
Browser-Use,agent,Mind2Web--1b867afecf072cb877ebfa4069263746,www.americashealthrankings.org,af04f046101907c3daf1063ae1364234,1,1,90.1,164,75,75,14,3,2,105,182,479,12,0
Browser-Use,agent,Mind2Web--e43cbc8a0bf9e999884928d11006f894_110325,www.airbnb.com,4731f659772a6ac3b50c55411bad5b51,1,1,133.142,1107,930,930,35,11,10,358,1195,3532,113,28
Browser-Use,agent,Mind2Web--1b867afecf072cb877ebfa4069263746,www.americashealthrankings.org,df3db0bee931adf076394d923d644e29,0,1,98.514,132,64,64,14,1,1,82,151,384,15,2
Browser-Use,agent,Mind2Web--c3a333968fc3c43d7f2688f425a0d633,www.porsche.com,23c92ffc6d8f40bd56d29da6b0d0f064,1,1,99.889,1194,1060,1060,49,7,11,758,1203,3630,8,0
Browser-Use,agent,Mind2Web--c3a333968fc3c43d7f2688f425a0d633,www.porsche.com,dddd8d21ad705dc987867f75746aa033,1,1,113.296,815,684,684,49,9,13,375,844,2450,13,3
Browser-Use,agent,Mind2Web--bb5d90e6f2fbc0ae146f7c1998c2b4a1,www.ted.com,98c260d44dfde4a918af36ef29e855d5,1,1,133.136,2639,1941,1941,245,39,130,1748,2806,8039,25,32
Browser-Use,agent,Mind2Web--bb5d90e6f2fbc0ae146f7c1998c2b4a1,www.ted.com,6d6850845ab696d81315cfd4fa60ca20,1,1,115.874,882,573,573,100,19,15,413,964,2695,3,6
Browser-Use,agent,Mind2Web--c577a14301a725e09ccd269a3e0b271e_110325,www.wineaccess.com,bf8ce2094e6286ee2a4e3737d6e24511,1,1,105.745,1406,1400,1400,18,5,6,1240,1486,4352,8,0
Browser-Use,agent,Mind2Web--c6c9dc6079677cef594cec2fa6b16602,www.ikea.com,28bb0211cd81817da95dc9d387b28a14,1,1,122.106,1438,463,463,58,11,17,1311,1457,4399,66,8
Browser-Use,agent,Mind2Web--c6c9dc6079677cef594cec2fa6b16602,www.ikea.com,d202a14059c7a3d2a4d3f3d9284f6744,1,1,103.772,1127,474,474,60,5,19,1009,1235,3461,69,12
Browser-Use,agent,Mind2Web--c577a14301a725e09ccd269a3e0b271e_110325,www.wineaccess.com,17763793907b3e5481400ff124b3e0bc,1,1,161.176,1048,1044,1044,22,3,9,697,1087,3207,7,1
Browser-Use,agent,Mind2Web--c39d6c245f8243993e707d54d2f4acec,www.leagueoflegends.com,008c13ab1e463a5b856dd029bdbe08fa,1,1,91.749,751,751,751,33,0,11,543,777,2315,4,0
Browser-Use,agent,Mind2Web--c39d6c245f8243993e707d54d2f4acec,www.leagueoflegends.com,7aef9a941db65fe390d72e2bc241567f,1,1,127.539,179,179,179,12,0,3,92,192,557,1,0
Browser-Use,agent,Mind2Web--b2f4fde2fce122a93c7b578086cb0585,www.booking.com,536c9eb0da342f69739d7de61258f900,1,1,126.353,757,671,671,49,11,15,303,750,2318,154,24
Browser-Use,agent,Mind2Web--b2f4fde2fce122a93c7b578086cb0585,www.booking.com,38078f3991c25c1a65860662bac8e2ed,1,1,127.255,409,350,350,42,5,13,178,403,1255,85,13
Browser-Use,agent,Mind2Web--d02d236836924919f35f2438d9ed2374,www.imdb.com,a7d0182c54bcd515a5c597dbf3084ae1,1,1,119.258,739,733,733,21,5,7,544,798,2273,4,0
Browser-Use,agent,Mind2Web--d02d236836924919f35f2438d9ed2374,www.imdb.com,70faa54361fe723441db87432f7d6c40,1,1,170.911,802,797,797,38,3,9,521,853,2464,6,0
Browser-Use,agent,Mind2Web--3621b099326c7aebd2e2dac6be3b52d1,www.nvidia.com,1f0e4c327465750c57db01a94be3e63e,1,1,91.01,1364,1244,1244,99,5,22,943,1573,4124,239,3
Browser-Use,agent,Mind2Web--3621b099326c7aebd2e2dac6be3b52d1,www.nvidia.com,e94875ee8e3a1268fdb96c01b6a02930,1,1,135.575,1749,1541,1541,90,13,20,1359,2255,5264,508,2
Browser-Use,agent,Mind2Web--f27b393bbd2082f92b566270c4b74fe6,www.parkers.co.uk,3891a179ae04f8ecaf01e300fece8d21,1,1,119.221,2155,2109,2109,262,13,142,1305,2383,6511,51,82
Browser-Use,agent,Mind2Web--f27b393bbd2082f92b566270c4b74fe6,www.parkers.co.uk,34b1fb795b8aeeed3e48f74de86659b8,1,1,124.412,2443,2348,2348,283,15,159,1670,2672,7379,67,86
Browser-Use,agent,Mind2Web--ba01ea557b73f864c35ebba0dd6f3cb2,www.google.com,2712167265321a4448e73d16c33e40cf,1,1,105.313,1166,567,567,16,1,1,1068,1162,3161,21,0
Browser-Use,agent,Mind2Web--ba01ea557b73f864c35ebba0dd6f3cb2,www.google.com,5aa21b234c3abc55a83949ec79f600fd,0,1,90.808,1113,573,573,15,0,0,1013,1110,3087,18,0
Browser-Use,agent,Mind2Web--662ae0f2d3ac851dbcdd245f908277e3,wanderlog.com,265706dffb457af6970cd6e50d6e52df,1,1,125.131,597,356,356,37,10,6,267,590,1785,24,0
Browser-Use,agent,Mind2Web--662ae0f2d3ac851dbcdd245f908277e3,wanderlog.com,65d6ae1ed510795affbbca0fdfc39d9c,1,1,94.875,782,652,652,35,3,10,592,795,2366,14,0
Browser-Use,agent,Mind2Web--461ab9b0c7b20ac5f912704480979c65,www.nyse.com,cf8e88468a8393ac8fc0b1df31c8ec37,1,1,129.271,1637,1598,1598,43,13,13,1448,969,4951,29,15
Browser-Use,agent,Mind2Web--a96fca87a17d792644e736d1d10d3cbe,mega.io,9925764315c7fe56727593a794570322,1,1,94.616,628,628,628,18,0,5,429,677,1913,3,5
Browser-Use,agent,Mind2Web--a96fca87a17d792644e736d1d10d3cbe,mega.io,4fcc6c1539673ae9e8a1bc77a01d7469,1,1,101.852,678,678,678,18,0,6,529,761,2107,3,0
Browser-Use,agent,Mind2Web--2c8ef01a92c71ba9ef2e59bb17eea2b3_110325,www.bhphotovideo.com,d687c02879c133528825ebcc777a614f,1,1,114.137,653,624,624,15,9,6,491,682,2020,4,0
Browser-Use,agent,Mind2Web--2c8ef01a92c71ba9ef2e59bb17eea2b3_110325,www.bhphotovideo.com,d246e4fdad3ef60d7add4d3ac672742b,1,1,103.827,313,297,297,11,5,4,208,318,961,1,0
Browser-Use,agent,Mind2Web--461ab9b0c7b20ac5f912704480979c65,www.nyse.com,b07eaf9c8730af5851552c4d424ffa75,1,1,115.983,1156,1115,1115,36,13,9,951,534,3477,25,12
Browser-Use,agent,Mind2Web--3084bc225219fcb73dc1cb0f97276c1c,www.ups.com,51cbf6b2a882928a84e8961f7ad0baff,1,1,148.026,411,411,411,13,0,3,301,474,1251,26,32
Browser-Use,agent,Mind2Web--3084bc225219fcb73dc1cb0f97276c1c,www.ups.com,d2ace070feace8f6bab4616cb7dc6539,0,0,147.863,1186,1186,1186,22,0,6,1057,1209,3530,12,0
Browser-Use,agent,Mind2Web--949dc965a6c23a95663b3bc2ca2c3a8a,www.flightaware.com,04c13ba1bc43f6cc535b06e764b481cb,1,1,126.68,2797,2642,2642,298,9,186,2768,2911,8412,12,16
Browser-Use,agent,Mind2Web--949dc965a6c23a95663b3bc2ca2c3a8a,www.flightaware.com,65d648d3155ac8a7abde4558827b1d74,1,1,112.75,2523,2399,2399,298,7,187,2537,2620,7572,15,12
Browser-Use,agent,Mind2Web--636b07af4dd97c1793733db1fd1b90b8_110325,www.jcpenney.com,dadce76e15b077e8878464884576efd7,1,1,91.334,1049,1039,1039,42,4,13,850,1106,3309,13,0
Browser-Use,agent,Mind2Web--636b07af4dd97c1793733db1fd1b90b8_110325,www.jcpenney.com,48ff5780f66823ac21089d118b88f031,1,1,130.764,885,879,879,19,5,7,588,962,2700,5,6
Browser-Use,agent,Mind2Web--38203be65401943aea2179c4c680059a,new.mta.info,11b569654101479c0dd06e70c911c686,1,1,100.397,663,659,659,20,3,7,524,699,2044,5,0
Browser-Use,agent,Mind2Web--38203be65401943aea2179c4c680059a,new.mta.info,5c22c56a7add5e22b35a49d4dc542801,1,1,101.865,545,541,541,17,3,7,443,565,1660,2,0
Browser-Use,agent,Mind2Web--cf757a775fa1224acfc7998489e199a8,www.ryanair.com,2e7459e3e7385ffbba8202eab3f9fd38,1,1,106.085,165,88,88,18,3,2,139,173,485,10,2
Browser-Use,agent,Mind2Web--cf757a775fa1224acfc7998489e199a8,www.ryanair.com,d4133176dea8c32da87224d323b36c2d,1,1,101.82,289,115,115,15,6,2,257,298,859,7,0
Browser-Use,agent,Mind2Web--d8e2a81fa621ce4737e5ea85671b630e_110325,ziprecruiter.com,8fda2457dcd606f3902a660832e9c383,1,1,141.729,464,446,446,20,7,7,330,464,1436,7,2
Browser-Use,agent,Mind2Web--d8e2a81fa621ce4737e5ea85671b630e_110325,ziprecruiter.com,b910e6224bc69fdc7e53334e063da93e,1,1,106.62,197,163,163,11,21,4,85,139,665,0,0
Browser-Use,agent,Mind2Web--63d6866fc000fcb1f153e07604bd1395,us.trip.com,23d682ac25794a9e99fecf1f573801af,1,1,132.498,2415,2238,2238,58,17,9,1025,2536,7682,28,2
Browser-Use,agent,Mind2Web--63d6866fc000fcb1f153e07604bd1395,us.trip.com,0bfa9cca2f181caf0e212a55dd52b564,1,1,63.331,1189,1128,1128,54,5,6,489,1248,3675,11,1
Browser-Use,agent,Mind2Web--199be0b54a436daee74247971fc684ee_110325,www.dillards.com,4fd7a6ccf74726c0d4ba1b7139c04e18,1,1,117.015,1167,1159,1159,22,3,6,1004,1197,3607,11,0
Browser-Use,agent,Mind2Web--c00437fd76a7a83b57f3dc4e5dbc41f8,www.amazon.jobs,e8ba40e51c51a5bb531d43a7792b83a3,1,1,109.771,217,190,190,21,2,2,74,307,699,24,0
Browser-Use,agent,Mind2Web--199be0b54a436daee74247971fc684ee_110325,www.dillards.com,94b73063eee109eba6d2a8abd6e43c89,1,1,138.804,709,699,699,24,6,8,493,719,2162,10,0
Browser-Use,agent,Mind2Web--c00437fd76a7a83b57f3dc4e5dbc41f8,www.amazon.jobs,40419788e69ae627d6cb024590fa80c7,1,1,102.308,160,139,139,21,2,2,60,227,516,16,0
Browser-Use,agent,Mind2Web--fc53ddd3421411a41c1020a3fdc84ec4,www.bestbuy.com,3703a4e8563a007565cab6dbfd838404,1,1,182.857,459,207,207,24,7,6,298,463,1365,0,1
Browser-Use,agent,Mind2Web--9d46ccb915eff39ee1ae1e7328f5f20d,www.ups.com,5ecf3773eaf10bd31bc9f4f929af90dc,1,1,156.196,1209,1209,1209,30,0,9,1019,1248,3770,6,0
Browser-Use,agent,Mind2Web--d1970c16271496cbbe166ecbecc0a1d8,macyswineshop.com,eddd6fdfb9597ef15d02a473b0aff016,1,1,91.65,576,181,181,41,5,6,401,559,1694,6,0
Browser-Use,agent,Mind2Web--9d46ccb915eff39ee1ae1e7328f5f20d,www.ups.com,a5e8ca5269854a0fe3e9c001b978511b,1,1,138.75,593,593,593,21,0,8,425,641,1815,4,2
Browser-Use,agent,Mind2Web--fc53ddd3421411a41c1020a3fdc84ec4,www.bestbuy.com,3dfd747836528fe48e7ec9c3b095eb33,0,0,201.894,569,283,283,48,9,14,374,584,1703,1,1
Browser-Use,agent,Mind2Web--d1970c16271496cbbe166ecbecc0a1d8,macyswineshop.com,ad0a20484601baeefe794d7ad302e5cc,1,1,92.519,966,309,309,40,13,8,676,953,2845,15,0
Browser-Use,agent,Mind2Web--7211af65d266402f99499053924262e9,www.amazon.jobs,6203cd05acc01a8de905fadff2392be1,1,1,72.096,111,98,98,20,4,3,56,141,343,7,0
Browser-Use,agent,Mind2Web--7211af65d266402f99499053924262e9,www.amazon.jobs,26cd34acfc4ea57ebef3614d149b1ec2,1,1,66.775,112,99,99,20,5,4,56,142,346,7,0
Browser-Use,agent,Mind2Web--f707d765bca668830745d20807d7bee6,www.petfinder.com,9ebcd37633e88a1f6505f19922c27357,1,1,39.629,446,442,442,15,2,6,385,440,1364,2,0
Browser-Use,agent,Mind2Web--4464a8421f8bc8786524a499258dfad3,www.bestbuy.com,c55847d8e915ad340f4efa063bbadb9e,1,1,177.475,526,199,199,28,9,4,413,513,1562,0,2
Browser-Use,agent,Mind2Web--f707d765bca668830745d20807d7bee6,www.petfinder.com,61b5c7c60300b73d62459baed945d07f,1,1,139.937,847,841,841,15,7,6,723,857,2594,4,0
Browser-Use,agent,Mind2Web--d392e154c1c6ffbb26e2331c3afafc67,www.bestbuy.com,db4eec03435f2524fd5df0263088eb7e,1,1,147.737,222,148,148,19,4,3,115,228,656,1,1
Browser-Use,agent,Mind2Web--4464a8421f8bc8786524a499258dfad3,www.bestbuy.com,9180289112d8376843bd499e9e19fe84,1,1,170.827,207,101,101,15,8,2,144,189,609,0,1
Browser-Use,agent,Mind2Web--d392e154c1c6ffbb26e2331c3afafc67,www.bestbuy.com,fa67d4e0b9cdcf00166a6f0588c4103c,1,1,181.747,356,226,226,33,7,6,200,364,1064,3,1
Browser-Use,agent,Mind2Web--a5c87cc1c94a090c9a8dc2c8b6a125d0,www.accuweather.com,93352a476a3d6739ab1949aa861a1ec8,1,1,85.1,1330,1330,1330,21,0,9,1108,1313,4087,8,3
Browser-Use,agent,Mind2Web--a5c87cc1c94a090c9a8dc2c8b6a125d0,www.accuweather.com,9efd777c54abb9cb4fd4764818c02cb9,1,1,149.702,953,953,953,36,0,10,706,1073,2974,47,0
Browser-Use,agent,Mind2Web--367d843c640637745e8fafa741cca13b,www.apartments.com,c84beedf3f44c3354d812921042eea10,1,1,144.861,957,953,953,14,3,6,678,1058,2936,8,0
Browser-Use,agent,Mind2Web--84ef883a37af638c3bcf7561f28ce80a,www.cars.com,786ff11be973619ac22dc4becc878f8c,1,1,120.592,825,825,825,25,0,10,625,866,2634,13,0
Browser-Use,agent,Mind2Web--367d843c640637745e8fafa741cca13b,www.apartments.com,273f727293d822dad7da5a894ac43d8a,1,1,175.354,713,707,707,33,4,13,479,759,2167,6,0
Browser-Use,agent,Mind2Web--d9a8689393effeed75ea0866e44e1def,www.justice.gov,c29ee4cc206836876f340b99c7fe6594,1,1,103.076,1435,1287,1287,42,5,12,1038,1723,4495,71,5
Browser-Use,agent,Mind2Web--84ef883a37af638c3bcf7561f28ce80a,www.cars.com,cfe316d94310a3a04738f4f179db3c40,1,1,175.866,971,952,952,17,5,7,682,1022,2969,8,1
Browser-Use,agent,Mind2Web--d9a8689393effeed75ea0866e44e1def,www.justice.gov,a047176fc567602c23122c128e6d31d1,1,1,119.172,898,711,711,27,15,4,473,1456,3003,170,8
Browser-Use,agent,Mind2Web--1bc154377120ec15b18dbabdba49c741_112325,www.stubhub.com,6d86d61b28bd7d045d9bd3d1215647d5,1,1,90.786,801,758,758,44,11,5,287,952,2398,18,0
Browser-Use,agent,Mind2Web--1bc154377120ec15b18dbabdba49c741_112325,www.stubhub.com,0cd49a9e399089945a06c9153613a0d5,1,1,85.023,534,508,508,34,9,3,241,664,1600,16,0
Browser-Use,agent,Mind2Web--1c3b747ae12ccee895745f82e3f2ef8a,www.kaggle.com,72bac389690f3d1b0472a29d751c0246,1,1,48.607,335,168,168,16,2,1,180,325,996,1,67
Browser-Use,agent,Mind2Web--1c3b747ae12ccee895745f82e3f2ef8a,www.kaggle.com,5de39648fec640d8118b99caaca54c81,1,1,65.748,357,187,187,17,2,1,189,346,1062,1,73
Browser-Use,agent,Mind2Web--28e7574e7bd6d14f36d2988a5ef2bd23,ohiomeansjobs.ohio.gov,1e47b5bce76f285483b107cf15811a28,1,1,186.271,684,669,669,39,3,12,532,717,2077,11,1
Browser-Use,agent,Mind2Web--28e7574e7bd6d14f36d2988a5ef2bd23,ohiomeansjobs.ohio.gov,b6f67c7ad6dad76f085033b79e09d73d,1,1,101.346,923,880,880,69,4,28,735,1018,2803,34,0
Browser-Use,agent,Mind2Web--d1807551297ac60ecaaabbd2a2ed301a_110325,superlawyers.com,53afb26b89b7550c7cac22bd0ed442d4,1,1,118.154,732,710,710,27,5,9,533,759,2255,9,0
Browser-Use,agent,Mind2Web--d1807551297ac60ecaaabbd2a2ed301a_110325,superlawyers.com,c4da5c4b0829fb8781cf94d669eb040f,1,1,146.657,1417,1388,1388,16,7,6,1292,1426,4382,8,0
Browser-Use,agent,Mind2Web--7abdceee212151f187ee1a1744c57606,www.uscis.gov,feb2d8972a6aa2e67d4743bc344eff76,1,1,61.379,309,185,185,31,9,5,157,348,974,13,11
Browser-Use,agent,Mind2Web--7abdceee212151f187ee1a1744c57606,www.uscis.gov,6df5b10895a16c8f25f977a1294849f6,1,1,86.323,522,369,369,35,13,7,251,595,1629,18,11
Browser-Use,agent,Mind2Web--0e5536aaad9d3462b06cf725e6ed535a,www.cbp.gov,6c63f6d2794eb5dc557d907634f4b9ff,1,1,73.794,220,85,85,22,3,4,45,221,660,9,2
Browser-Use,agent,Mind2Web--0e5536aaad9d3462b06cf725e6ed535a,www.cbp.gov,0dc8be0c86f95e1e7e2bbd21e7c4228e,1,1,95.527,618,349,349,30,7,6,408,654,1866,21,6
Browser-Use,agent,Mind2Web--bc2ce7f206045dd2d322e5695a947219,smartasset.com,9202eb7571a1c605a6cb0b204aa9195e,1,1,63.861,412,269,269,56,5,5,267,502,1388,23,0
Browser-Use,agent,Mind2Web--bc2ce7f206045dd2d322e5695a947219,smartasset.com,c4f2b4e566ebb76e584cfef47ecd6ab5,1,1,127.63,578,490,490,61,3,8,363,722,1839,40,0
Browser-Use,agent,Mind2Web--7e6993f2c5cd72c44809024f0bc85dc1,imgur.com,a5fb380d01f1e17dd503b48aa3a684cc,1,1,104.864,1634,1250,1250,227,17,148,1367,1640,4902,4,0
Browser-Use,agent,Mind2Web--a48e2f1ee8d87eaeea56fe5e730427e6,www.chess.com,5f123c0f8ed0187f1047641c7bac0582,1,1,79.225,1949,595,595,64,11,15,1531,1919,5830,1,0
Browser-Use,agent,Mind2Web--a48e2f1ee8d87eaeea56fe5e730427e6,www.chess.com,ece617932d80e0f11f26fff3c227bae9,1,1,84.307,1954,610,610,65,19,16,1566,1883,5844,1,1
Browser-Use,agent,Mind2Web--7e6993f2c5cd72c44809024f0bc85dc1,imgur.com,b384443ed3a7274ff696546fbb2cffdf,1,1,155.876,1747,1302,1302,217,22,139,1263,1806,5245,4,1
Browser-Use,agent,Mind2Web--dd44c665cec1e9c929a4c5f074e7844a_110325,spothero.com,cdf8b8c065dc1334b5799a7a1215cba5,0,1,105.77,285,229,229,39,0,0,103,299,853,13,2
Browser-Use,agent,Mind2Web--dd44c665cec1e9c929a4c5f074e7844a_110325,spothero.com,957b6a402fc38a1a473590c979dd44d4,0,1,120.572,248,203,203,39,0,0,88,250,741,13,2
Browser-Use,agent,Mind2Web--99daaed9a83c266341d28aa40067d376,boardgamegeek.com,22315d89822e15843ebe2b2a972ad43d,1,1,163.339,673,652,652,42,11,11,226,677,2092,1,3
Browser-Use,agent,Mind2Web--7072d09436972a5d5fe7476e3e9f1559,www.americanexpress.com,fc2d9f5eabdb46d31739350524f17788,1,1,106.887,1218,1175,1175,44,7,9,384,163,3622,17,61
Browser-Use,agent,Mind2Web--7072d09436972a5d5fe7476e3e9f1559,www.americanexpress.com,706a49adc48571d8591e6d143747d2bc,1,1,101.512,869,828,828,43,3,11,345,95,2572,17,34
Browser-Use,agent,Mind2Web--99daaed9a83c266341d28aa40067d376,boardgamegeek.com,7d0101a398b40bbb7da54ed7efbc7937,1,1,142.482,1099,1082,1082,49,7,14,658,1103,3390,5,3
Browser-Use,agent,Mind2Web--2c20d87a046fadcb6ff07ee877bfbf37,www.irs.gov,d16da7b4d379ba91a9e34076212981ff,1,1,133.661,236,102,102,14,21,3,225,275,757,9,7
Browser-Use,agent,Mind2Web--2c20d87a046fadcb6ff07ee877bfbf37,www.irs.gov,803372f286422ea9d967cea5cd24a98d,1,1,59.72,142,63,63,10,10,2,124,174,454,6,8
Browser-Use,agent,Mind2Web--733f1d8bf79d5bc2240c5357f928ffff,www.tourradar.com,a66f98d605a689116404e434044b2c16,1,1,103.13,539,502,502,42,9,7,438,543,1595,36,4
Browser-Use,agent,Mind2Web--753f372c189d3b306623cb0c65b50320,www.sec.gov,9d9193fb14688cc06399a29c927275d3,1,1,143.753,1050,1038,1038,20,7,7,805,1109,3212,7,1
Browser-Use,agent,Mind2Web--753f372c189d3b306623cb0c65b50320,www.sec.gov,3628b8baaaf22a6c8f1f95ee9467934d,1,1,181.736,633,621,621,13,7,6,368,736,1934,6,0
Browser-Use,agent,Mind2Web--733f1d8bf79d5bc2240c5357f928ffff,www.tourradar.com,aeb628c6c7bf3bcd785026eea201228d,1,1,123.659,335,306,306,33,5,5,253,345,975,28,6
Browser-Use,agent,Mind2Web--f05e87c5b92d9869e08806103c1c15a1,www.ycombinator.com,73fe5c1466268a4393f46144ed7876f4,1,1,134.849,701,695,695,22,0,0,46,679,2096,0,5
Browser-Use,agent,Mind2Web--f05e87c5b92d9869e08806103c1c15a1,www.ycombinator.com,120d0942f4bcac73abb88e64896853d4,0,1,126.743,677,673,673,23,0,0,39,657,2024,0,5
Browser-Use,agent,Mind2Web--3ef64f34eae59c9fac7ee9a4f18b4a0c,www.youtube.com,12168c34d92c7979c71392ab55f6fc4b,1,1,84.07,868,755,755,26,5,10,587,925,2778,128,2
Browser-Use,agent,Mind2Web--3ef64f34eae59c9fac7ee9a4f18b4a0c,www.youtube.com,e17ec32069cc8265ba287a16aeb5f304,1,1,101.495,603,430,430,22,3,5,214,717,2089,218,2
Browser-Use,agent,Mind2Web--f158345f8489e0d1d91e28768c39bca1,azure.microsoft.com,3834c0ce3c398cba454333cb3e838ce4,1,1,93.369,1138,1138,1138,14,0,6,988,1186,3495,8,0
Browser-Use,agent,Mind2Web--1ab384fb3a791edfb410213cc6b82151_110325,phet.colorado.edu,9dc458cb71c62987e1045f128f7b9f09,1,1,107.018,481,69,69,13,2,1,436,474,1460,5,0
Browser-Use,agent,Mind2Web--f158345f8489e0d1d91e28768c39bca1,azure.microsoft.com,aecfcb68340ad6563c4516528e5b8a33,1,1,190.956,1478,1477,1477,15,1,6,1288,1545,4542,10,0
Browser-Use,agent,Mind2Web--1ab384fb3a791edfb410213cc6b82151_110325,phet.colorado.edu,15d300c5e6d82864663172b4b8a65783,1,1,104.274,614,201,201,16,4,2,443,648,1866,8,0
Browser-Use,agent,Mind2Web--1223b07536a87e0170ff87cbbebd1d3c,www.coolmath4kids.com,346d2855a600a325619501082f8bdaef,1,1,89.805,580,289,289,29,23,13,286,603,1760,4,12
Browser-Use,agent,Mind2Web--1223b07536a87e0170ff87cbbebd1d3c,www.coolmath4kids.com,80ce682ced9c02d11f74cfc1b22d15fc,1,1,85.599,486,304,304,28,9,11,180,529,1482,2,8
Fara-7B,agent,Mind2Web--b7258ee05d75e6c50673a59914db412e_110325,www.traderjoes.com,0b7e3e8714fcafdcf0de5ef3cff8c73b,1,0,53.645,240,174,51,17,1,4,82,247,487,4,0
Fara-7B,agent,Mind2Web--b7258ee05d75e6c50673a59914db412e_110325,www.traderjoes.com,1b700cb06e248cb4c82355e09dabbb15,1,0,65.433,250,182,52,17,1,7,87,259,507,7,0
Fara-7B,agent,Mind2Web--ade4c09ad3fdb1607209750924cd232f,www.flightaware.com,b377ab75e3679589331f305635f3bc10,1,0,95.34,656,511,428,77,7,26,317,714,1325,16,3
Fara-7B,agent,Mind2Web--fb7b4f784cfde003e2548fdf4e8d6b4f,www.discogs.com,dfad3d050f3c664e23648e987f96876b,1,0,47.726,121,105,22,9,3,3,51,112,247,0,0
Fara-7B,agent,Mind2Web--ade4c09ad3fdb1607209750924cd232f,www.flightaware.com,c04c88ad329f34f702f2e9d167e2e921,1,0,200.466,739,681,277,11,9,6,458,783,1515,23,0
Fara-7B,agent,Mind2Web--fb7b4f784cfde003e2548fdf4e8d6b4f,www.discogs.com,77979f6e4285109a21de1a2156a52b63,1,0,45.001,122,106,22,9,3,3,51,113,249,0,0
Fara-7B,agent,Mind2Web--824eb7bb0ef1ce40bfd49c12182d9428_110325,us.speedo.com,1086de7093e4c39814ef3ab5417c5b07,1,0,115.963,1192,1023,442,44,7,8,571,1248,2473,62,71
Fara-7B,agent,Mind2Web--046138801a05ddf56ad94e8672942496,www.flightaware.com,4777dcf7e858c8c36055e61fa1a95037,1,0,34.597,327,285,150,16,1,4,112,331,655,5,0
Fara-7B,agent,Mind2Web--824eb7bb0ef1ce40bfd49c12182d9428_110325,us.speedo.com,f907a9d391515882ed533e4e025b7d79,1,0,231.823,1051,790,217,33,21,5,445,1098,2169,26,56
Fara-7B,agent,Mind2Web--92a3d4236f167af4afdc08876a902ba6,www.carmax.com,b3deb923f6b4837a700b9235f831d398,1,0,38.461,770,663,458,83,9,31,580,887,1547,16,0
Fara-7B,agent,Mind2Web--92a3d4236f167af4afdc08876a902ba6,www.carmax.com,c5364d7cf31a8e209d62f5128e5697a2,1,0,37.674,759,651,453,86,9,32,569,872,1525,16,0
Fara-7B,agent,Mind2Web--046138801a05ddf56ad94e8672942496,www.flightaware.com,33e9de15c6de43ee153c48d43164ca8b,1,0,217.655,654,584,275,11,15,6,352,669,1333,19,0
Fara-7B,agent,Mind2Web--48c73f3f53e2611c4a1052457c1033db,new.mta.info,6ad9e1ca349d5e739df09e40f64ec4f2,1,0,128.076,263,262,36,6,1,2,161,265,529,4,3
Fara-7B,agent,Mind2Web--48c73f3f53e2611c4a1052457c1033db,new.mta.info,4e45a5568d0f58abd0ac84c3f7213a14,1,0,202.533,515,513,185,7,3,5,299,549,1051,13,6
Fara-7B,agent,Mind2Web--8f2611047de227a2ca8bda13f6e2e5fb_110325,www.carvana.com,d48f72364ec1310e9d6ce22a951e1b86,1,0,227.351,1923,1909,1366,210,9,137,1346,2133,3963,38,25
Fara-7B,agent,Mind2Web--8f2611047de227a2ca8bda13f6e2e5fb_110325,www.carvana.com,2acf49ec30088e355e81352c9ab0c72c,1,0,198.662,795,785,201,2,3,4,578,825,1651,32,0
Fara-7B,agent,Mind2Web--b320c68bffc1f3c7f2a8dc9d5478fb27,www.ign.com,4c232c1d428059a1cfd2129919737ded,1,0,212.247,877,875,404,38,3,20,554,941,1825,38,2
Fara-7B,agent,Mind2Web--b320c68bffc1f3c7f2a8dc9d5478fb27,www.ign.com,97701d33bb277b18f82365f2d11c6876,1,0,229.839,1090,1087,530,42,5,23,718,1173,2259,40,2
Fara-7B,agent,Mind2Web--aa4b5cb7114fcc138ade82b4b9716d24,www.ign.com,a3f86ff90de99bdb10cedcaeb40c48c4,1,0,163.349,679,676,506,43,5,24,341,750,1412,27,0
Fara-7B,agent,Mind2Web--aa4b5cb7114fcc138ade82b4b9716d24,www.ign.com,b81cacfaa86067f4522b702affae22d8,1,0,76.233,1525,1521,1279,241,5,169,1167,1630,3103,18,17
Fara-7B,agent,Mind2Web--005be9dd91c95669d6ddde9ae667125c,www.qatarairways.com,cf42d9b0d5d996380cb1fdc088b5984e,1,0,107.074,403,271,223,49,3,13,281,468,816,38,6
Fara-7B,agent,Mind2Web--005be9dd91c95669d6ddde9ae667125c,www.qatarairways.com,db576cd7ff1621c61bcbb90a868c86b4,1,0,78.046,544,361,293,49,5,15,409,621,1107,60,4
Fara-7B,agent,Mind2Web--323bd85e3559655d89e5496b951a25e8,www.amtrak.com,6316ad6ba43517bde83c79f8647be3f4,1,0,52.347,1109,922,758,65,9,34,1084,1680,2234,71,1
Fara-7B,agent,Mind2Web--323bd85e3559655d89e5496b951a25e8,www.amtrak.com,f64f8c2c995889807502dc3f33937f58,1,0,73.05,864,708,565,64,7,32,811,1230,1740,54,1
Fara-7B,agent,Mind2Web--123e8c2fc453f55fadd1d0b9aaf94df4,www.kbb.com,6fd9f35d6778e50f9c5b7b855cfea226,1,0,44.034,670,640,482,65,5,28,300,800,1350,20,8
Fara-7B,agent,Mind2Web--56f8890a837c49f7df766b9c981646f3,www.imdb.com,3193f4d0ad949fbde5add3494441d324,1,0,103.268,429,420,271,11,5,5,133,433,896,1,0
Fara-7B,agent,Mind2Web--123e8c2fc453f55fadd1d0b9aaf94df4,www.kbb.com,d1bd144bbbd9d7e3f820bff5ee86ecb4,1,0,227.319,776,744,515,69,9,30,321,940,1569,27,8
Fara-7B,agent,Mind2Web--644a856c3897665e475e0dce50bf217d,www.amazon.com,5725867fa6d21bd2cfa17890285c7894,1,0,35.91,616,582,235,45,6,24,203,546,1233,12,2
Fara-7B,agent,Mind2Web--644a856c3897665e475e0dce50bf217d,www.amazon.com,21a23143f3349bec4739acd1cca41f04,1,0,55.903,1019,940,386,46,10,24,386,1007,2041,34,2
Fara-7B,agent,Mind2Web--56f8890a837c49f7df766b9c981646f3,www.imdb.com,a779af96affa91f1b78c986a63e3a72d,1,0,219.292,509,477,357,11,9,7,178,520,1089,1,0
Fara-7B,agent,Mind2Web--62f1626ce249c31098854f8b38bdd6cf_110325,www.microcenter.com,f2253c258861e6dbe13a457838ae61e1,1,0,70.563,25,14,4,2,3,1,10,19,52,0,0
Fara-7B,agent,Mind2Web--62f1626ce249c31098854f8b38bdd6cf_110325,www.microcenter.com,8c4ed7e7400f269fc49ca0212fbfb50f,1,0,221.282,1121,1100,379,42,9,22,911,1183,2298,67,4
Fara-7B,agent,Mind2Web--561693d6eec7bbfba3fefe9e4b26decb,www.marriott.com,b3a15a42ea456dd2a80bdd14f6905277,1,0,216.474,1001,668,291,29,7,16,781,1021,2022,12,0
Fara-7B,agent,Mind2Web--b7a9a6b5d451164c09bbd27b670bc2ae,www.uniqlo.com,880789224eb334af40ccb49a0dcb3455,1,0,51.013,358,290,50,12,2,2,317,390,728,16,0
Fara-7B,agent,Mind2Web--b7a9a6b5d451164c09bbd27b670bc2ae,www.uniqlo.com,2b7e191c93c023ebec7f2b7a0f663e6a,1,0,51.045,364,294,50,13,2,2,323,396,740,16,0
Fara-7B,agent,Mind2Web--561693d6eec7bbfba3fefe9e4b26decb,www.marriott.com,7862cecb34abe37d94109c0ac4d55b24,1,0,255.424,766,459,250,20,13,12,510,849,1553,18,0
Fara-7B,agent,Mind2Web--bfa2de159be6978acf2702be31a2eeeb,www.united.com,1b0565f0a209bfb6b540e1f39f0d211a,1,0,174.907,647,486,316,40,1,19,371,652,1307,6,0
Fara-7B,agent,Mind2Web--bfa2de159be6978acf2702be31a2eeeb,www.united.com,53a57f14c3da17f0a736348f3f5e967e,1,0,102.892,1688,272,202,42,1,13,1480,1695,3387,25,13
Fara-7B,agent,Mind2Web--4091bdd3fa64a5b0d912bc08eaf9c824,new.mta.info,be799517673d48fca7f87bfca2f24498,1,0,46.354,140,139,21,5,1,1,58,149,280,1,0
Fara-7B,agent,Mind2Web--4091bdd3fa64a5b0d912bc08eaf9c824,new.mta.info,830a1c38492ae4c849f71d12fd940694,1,0,44.525,163,162,16,5,1,1,87,172,326,1,0
Fara-7B,agent,Mind2Web--79f0bd7df6e685f30f20025cc6755c0a_110325,www.microcenter.com,57d08c3571bad160e999c83b62235a99,1,0,65.369,140,128,118,3,3,1,11,20,282,0,0
Fara-7B,agent,Mind2Web--6ebde509dca8f15c0fa1bd74f071e8d6,www.target.com,d8ca759d66d898276fadd91f6d2b34eb,1,0,113.279,482,468,150,31,1,12,287,590,965,7,1
Fara-7B,agent,Mind2Web--6ebde509dca8f15c0fa1bd74f071e8d6,www.target.com,72a1bce2454293426f3e7e52499fdf28,1,0,9.428,194,180,47,19,1,6,23,210,389,0,2
Fara-7B,agent,Mind2Web--34ccd15a8ea8fd3895af83f5ccf62369,us.megabus.com,ee245808d055ec0bc956c2277eeec51b,1,0,25.674,267,116,94,33,5,8,176,288,539,5,0
Fara-7B,agent,Mind2Web--79f0bd7df6e685f30f20025cc6755c0a_110325,www.microcenter.com,98cbc090343ea7f24918fae6e9d2b275,1,0,200.108,661,641,190,4,5,4,454,675,1370,22,0
Fara-7B,agent,Mind2Web--34ccd15a8ea8fd3895af83f5ccf62369,us.megabus.com,5922953c2d9eac1ec636e29f56459e13,1,0,24.667,268,115,92,33,5,8,162,289,541,5,0
Fara-7B,agent,Mind2Web--c698ff3fc0f6cbce39947c597ab5749b_121425,www.eventbrite.com,8eb4e39fa1114247856a0f2a3ca6b2a4,1,0,74.636,575,537,296,42,3,5,268,720,1175,24,29
Fara-7B,agent,Mind2Web--c698ff3fc0f6cbce39947c597ab5749b_121425,www.eventbrite.com,05ed020504244caff1c53f3cc93c7c1a,1,0,82.695,701,658,388,44,5,6,363,912,1429,32,39
Fara-7B,agent,Mind2Web--b6d10e9bd19b4009a02dea0e98f4e1ae,www.foxsports.com,c61f95d0c036ece77ead1c2d7d04142f,1,0,47.439,1474,1281,926,197,9,125,990,1580,2993,21,39
Fara-7B,agent,Mind2Web--b6d10e9bd19b4009a02dea0e98f4e1ae,www.foxsports.com,dc054cc7dd068ab5362d5fc4ab3ebb19,1,0,50.069,1415,1224,872,196,9,128,932,1549,2877,25,44
Fara-7B,agent,Mind2Web--d71be72aa25c3eab8eea47a0e60382e2,www.apple.com,f55bb300ee20d387060e25c5efe4a860,1,0,41.791,269,7,12,3,2,1,269,280,546,4,0
Fara-7B,agent,Mind2Web--d71be72aa25c3eab8eea47a0e60382e2,www.apple.com,a523817ada57ec2ffadc336002de940a,1,0,63.266,268,8,13,3,2,1,268,280,544,5,0
Fara-7B,agent,Mind2Web--0b51b4fa0295ae80ccd176ebdad6fff6,www.carmax.com,7c4a9092834596720229370200f5f1ea,1,0,26.532,612,530,437,79,9,30,521,807,1229,19,0
Fara-7B,agent,Mind2Web--3f312ae3efc3c3e90ababe050dd4e7ae,www.nfl.com,01eb0b7106c7b68df25e880e60e6ac7d,1,0,48.014,1338,1171,1040,216,9,149,1111,1448,2698,6,5
Fara-7B,agent,Mind2Web--0b51b4fa0295ae80ccd176ebdad6fff6,www.carmax.com,ed5ebf50c01a2ee5a192a6a1931f7a3c,1,0,104.613,872,742,589,80,13,33,822,1221,1752,35,0
Fara-7B,agent,Mind2Web--3f312ae3efc3c3e90ababe050dd4e7ae,www.nfl.com,dfd30190e8c366e080337869a3cef658,1,0,47.258,934,767,646,183,5,118,664,999,1876,2,6
Fara-7B,agent,Mind2Web--95cad96f2e43f3c0d8efad1331c77c8c,www.rottentomatoes.com,ece307af469aeb7da45740b9ba6441d7,1,0,35.642,169,137,90,42,1,13,55,184,344,2,0
Fara-7B,agent,Mind2Web--bf3b311cc8dce16d3de844f4b5875dfd,www.apple.com,ea66e499f130d1cbcbe378b1945f5771,1,0,46.125,174,5,8,2,2,1,173,182,352,3,0
Fara-7B,agent,Mind2Web--95cad96f2e43f3c0d8efad1331c77c8c,www.rottentomatoes.com,4f9a60c54f8b0f759d13330239b624ae,1,0,73.064,272,235,120,45,3,16,69,301,558,5,0
Fara-7B,agent,Mind2Web--bf3b311cc8dce16d3de844f4b5875dfd,www.apple.com,53c449191d48f0152de1be6120e8e9e6,1,0,45.385,174,5,9,2,2,1,173,182,352,3,0
Fara-7B,agent,Mind2Web--b64f938af842f6a1b4489d0e49a785a7_121125,www.target.com,ce5b565e205f491f2176f840fffea671,1,0,201.057,837,799,338,24,6,12,254,1026,1721,7,11
Fara-7B,agent,Mind2Web--b64f938af842f6a1b4489d0e49a785a7_121125,www.target.com,d52bb44d28aca14e620c8e421bb8a681,1,0,206.501,749,671,186,22,12,8,131,963,1531,3,11
Fara-7B,agent,Mind2Web--5e1b8254c123c80178cc28e0afdb14f0_110325,ticketmaster.com,2f446345bedb63d4ac92bc15d20d549c,1,0,47.869,593,418,259,75,7,20,310,656,1208,18,6
Fara-7B,agent,Mind2Web--5e1b8254c123c80178cc28e0afdb14f0_110325,ticketmaster.com,d8fa97083a9ecba72d761d967802f1e1,1,0,47.144,586,411,253,75,7,20,303,649,1194,18,6
Fara-7B,agent,Mind2Web--f27c0a7b8b0bb33d37698dff227fc8d7,www.kbb.com,5fa0c07d3648daeb1d4e3732d4740a25,1,0,86.246,880,718,488,72,11,28,509,1001,1773,31,7
Fara-7B,agent,Mind2Web--f27c0a7b8b0bb33d37698dff227fc8d7,www.kbb.com,1e471da66ffe87c0e0ca3ad5395aedc4,1,0,219.938,950,789,512,77,7,30,494,1076,1926,29,11
Fara-7B,agent,Mind2Web--8fdec8eeffd3491e6526cc78c028120b,www.carmax.com,f07be527dc68248dfcac389824546454,1,0,213.384,877,748,594,90,13,32,783,1151,1766,29,2
Fara-7B,agent,Mind2Web--8fdec8eeffd3491e6526cc78c028120b,www.carmax.com,bb496214645dc8cf8aabb787b3f92818,1,0,175.222,1389,1208,908,92,21,37,1278,1815,2798,49,2
Fara-7B,agent,Mind2Web--7b182a5087347d494b48a29dbc0f1d3e,www.adoptapet.com,c4546f0e71b563ce1f97e26eea8abcc7,1,0,214.269,783,656,436,35,19,15,546,891,1593,33,14
Fara-7B,agent,Mind2Web--7b182a5087347d494b48a29dbc0f1d3e,www.adoptapet.com,fc2cb2ba961a9ed8a7f882ab0216a4cc,1,0,211.52,820,665,500,35,20,16,559,937,1660,36,17
Fara-7B,agent,Mind2Web--828c2d98616a9478d5864d847d5a1b28,www.justice.gov,699fc51ed089a7de63946f53df8169f3,1,0,61.92,230,142,51,8,2,3,138,271,493,6,1
Fara-7B,agent,Mind2Web--828c2d98616a9478d5864d847d5a1b28,www.justice.gov,14bb09d38ef281eedbf31e3b57b58823,1,0,126.533,517,374,215,8,6,3,358,782,1275,85,2
Fara-7B,agent,Mind2Web--608c595eec271fa5dc03506923519994,www.fedex.com,d871b35ebfc6c2a9a9abda062ca04856,1,0,91.21,311,192,77,18,8,6,215,317,635,8,0
Fara-7B,agent,Mind2Web--608c595eec271fa5dc03506923519994,www.fedex.com,526f0f07b744a538091f0eb7de4a3181,1,0,151.034,541,421,221,20,9,10,331,551,1100,14,0
Fara-7B,agent,Mind2Web--a7a73c8fa75441fc76df9746c327bdd6,www.thumbtack.com,943b6e07a9200aa282b423c568f0e9e0,1,0,87.463,348,261,172,29,3,5,253,390,707,19,2
Fara-7B,agent,Mind2Web--a7a73c8fa75441fc76df9746c327bdd6,www.thumbtack.com,67a2859aeab4a0b52d2d5c3b63bfe203,1,0,212.274,801,591,435,31,13,11,701,917,1625,82,2
Fara-7B,agent,Mind2Web--cfafe3771369d1d261e9f7ecd44c296d,www.cars.com,81f949138c25949eb45db394c8df9b64,1,0,220.862,552,421,364,70,5,21,278,636,1132,15,7
Fara-7B,agent,Mind2Web--bbbc243b4f18a7a897f0bc84e11d293f,www.nba.com,dee02f7e85d80f5039f488de28e66c54,1,0,37.171,331,234,45,12,6,3,237,334,692,2,0
Fara-7B,agent,Mind2Web--cfafe3771369d1d261e9f7ecd44c296d,www.cars.com,828dd0080f4f8beff4bc34f8d53f13d5,1,0,75.7,315,209,163,51,2,13,167,334,644,5,1
Fara-7B,agent,Mind2Web--bbbc243b4f18a7a897f0bc84e11d293f,www.nba.com,58514723c7d5130f30b4410528d28d51,1,0,49.5,369,240,52,12,12,3,263,372,768,2,0
Fara-7B,agent,Mind2Web--816851ff92ff0219acf4364dcc2c4692_110325,www.jcpenney.com,6fd8764bc249abc90caf2f8c064e8b58,1,0,95.353,885,881,321,32,3,21,320,856,1786,14,1
Fara-7B,agent,Mind2Web--816851ff92ff0219acf4364dcc2c4692_110325,www.jcpenney.com,ace97a84ec8be21a8071b069d82b1201,1,0,232.009,1610,1601,683,44,13,26,523,1857,3261,71,3
Fara-7B,agent,Mind2Web--8244409b2c82043f966cad05f9afe132,doctor.webmd.com,5925522d6555ef8a5cdd4427255b628f,1,0,241.38,1293,1274,562,115,5,62,1037,1380,2645,75,2
Fara-7B,agent,Mind2Web--8244409b2c82043f966cad05f9afe132,doctor.webmd.com,2e309dfad1336dfb31c50d007a4de48d,1,0,186.956,1082,1050,560,112,11,60,809,1142,2183,57,2
Fara-7B,agent,Mind2Web--e7301bb694871429bf2eb36c3a72186c_110325,www.jcpenney.com,91755ff1d8399cc76ed30fc48ee154b1,1,0,205.009,689,681,273,18,11,8,294,511,1405,23,3
Fara-7B,agent,Mind2Web--e7301bb694871429bf2eb36c3a72186c_110325,www.jcpenney.com,9831146a55d053a2d09ae0ee3e6e5b5c,1,0,233.535,856,847,322,6,9,7,227,1007,1744,33,0
Fara-7B,agent,Mind2Web--905cb53061c33aa2d77e485fe1fca516,www.healthgrades.com,0120e0b70369964b3e426d99c2c396d0,1,0,120.142,761,758,200,8,3,5,548,766,1528,14,0
Fara-7B,agent,Mind2Web--905cb53061c33aa2d77e485fe1fca516,www.healthgrades.com,043dcffc331a11cb5635f73e9d29d971,1,0,213.238,616,614,286,19,1,12,232,689,1287,12,4
Fara-7B,agent,Mind2Web--fcf4952d2a1d80ea505c555c3c3b54e7,www.cars.com,16e46ec3628055808fad849e4a3b2629,1,0,188.331,507,425,272,54,1,17,252,527,1038,7,4
Fara-7B,agent,Mind2Web--fcf4952d2a1d80ea505c555c3c3b54e7,www.cars.com,97331512f2f2b478cbb9d0f4f95d0156,1,0,216.606,443,333,150,61,3,19,164,455,895,9,7
Fara-7B,agent,Mind2Web--3c1ffc3f494e423b3c434c79e35da8f3_110325,www.fandom.com,69239594c8b97c8b0608dcad863e4b21,1,0,62.686,211,155,73,25,1,4,63,235,470,21,4
Fara-7B,agent,Mind2Web--3c1ffc3f494e423b3c434c79e35da8f3_110325,www.fandom.com,527bca19dcb6dad7db903f014ba67820,1,0,238.795,715,642,320,90,5,33,401,799,1569,81,8
Fara-7B,agent,Mind2Web--26a0e5c21c145dd8448aa92f35bec5ea,www.healthgrades.com,7d5b84a47f7005d51132aa411cbdb30e,1,0,194.106,780,778,205,5,1,4,565,812,1622,31,0
Fara-7B,agent,Mind2Web--26a0e5c21c145dd8448aa92f35bec5ea,www.healthgrades.com,b4402f03efe7b6fcb81c06f45b4acc09,1,0,198.901,782,780,207,5,1,4,565,813,1625,31,0
Fara-7B,agent,Mind2Web--070c907d34a4ce71dfdbea38f9c5d4d8,www.healthgrades.com,15257d5f12423f1e3d203ef5a1beee0a,1,0,210.52,792,790,205,12,1,6,507,817,1636,26,0
Fara-7B,agent,Mind2Web--070c907d34a4ce71dfdbea38f9c5d4d8,www.healthgrades.com,69cb6652c34f7ebc2a2cd565b72e4425,1,0,122.752,921,920,308,8,1,5,686,925,1846,15,0
Fara-7B,agent,Mind2Web--43a1ca251f11c6b0bdd0379766cc49e6,www.healthgrades.com,27758fa12068741156467bbc53a5c941,1,0,22.911,54,52,29,11,1,4,21,56,110,0,1
Fara-7B,agent,Mind2Web--b3f8bd9198d9d157e0848109563c4b23,ohiomeansjobs.ohio.gov,e1e5ca5c3fa9615e1cd22ac532b688de,1,0,105.368,437,404,225,15,7,11,229,522,885,26,0
Fara-7B,agent,Mind2Web--b3f8bd9198d9d157e0848109563c4b23,ohiomeansjobs.ohio.gov,c206c2216a713328565069d38377994f,1,0,54.642,274,245,172,13,5,8,153,308,551,14,0
Fara-7B,agent,Mind2Web--43a1ca251f11c6b0bdd0379766cc49e6,www.healthgrades.com,50265193edcc274cafc520872b73a558,1,0,238.14,922,919,360,16,3,11,281,1049,1874,20,1
Fara-7B,agent,Mind2Web--20a460a8fe1971b84411c5b1e6ac4186,www.stubhub.com,1d655922a76ecc9901b8fffda9c200c7,1,0,78.085,359,334,74,10,3,1,81,418,722,7,0
Fara-7B,agent,Mind2Web--20a460a8fe1971b84411c5b1e6ac4186,www.stubhub.com,cfad09c2ae487af365ee545952e1f5fc,1,0,89.003,412,388,111,16,5,1,119,511,831,8,0
Fara-7B,agent,Mind2Web--db1ffb5e60578597d1c3aa3c389ac7b1,www.google.com,858d47970826bfa6d379ce00d240eab7,1,0,151.187,855,707,404,47,5,29,452,779,1724,12,2
Fara-7B,agent,Mind2Web--db1ffb5e60578597d1c3aa3c389ac7b1,www.google.com,85b41ec9be036d6710e268c819b54f84,1,0,230.758,1698,1451,706,40,32,16,1511,2302,3435,15,3
Fara-7B,agent,Mind2Web--7be8cd8dba885cddd9af5320f49bc41b,www.bbb.org,f820d38775cb8b2ead830e1ad0694447,1,0,143.217,234,224,151,5,3,5,80,221,480,1,0
Fara-7B,agent,Mind2Web--7be8cd8dba885cddd9af5320f49bc41b,www.bbb.org,f19bd26ed21d9acc32c58a4c63ca34ab,1,0,203.71,801,788,202,5,5,5,539,811,1674,28,0
Fara-7B,agent,Mind2Web--239a29bde438fe44fe17fe1390ef1634,www.healthline.com,b080c2677db1650be17c02f087e87b92,1,0,145.798,1256,1234,928,136,7,56,836,1335,2536,71,20
Fara-7B,agent,Mind2Web--239a29bde438fe44fe17fe1390ef1634,www.healthline.com,c547585fef8ece71d8c03f6e99d73e9b,0,0,20.77,0,0,0,0,0,0,0,0,0,0,0
Fara-7B,agent,Mind2Web--9f1cba613830ca1c6a58f9498c06e679_110325,www.remax.com,6a7a489c12c4f67d30316060bc76d738,0,0,20.994,0,0,0,0,0,0,0,0,0,0,0
Fara-7B,agent,Mind2Web--9f1cba613830ca1c6a58f9498c06e679_110325,www.remax.com,d3a27b1eb5a1d6ea5756528c31e2e4f2,0,0,21.669,0,0,0,0,0,0,0,0,0,0,0
Fara-7B,agent,Mind2Web--75146b7b67388b9244e0f21a1527c022,www.adoptapet.com,76d2c1653976937650dbaa218bc262cf,0,0,20.789,0,0,0,0,0,0,0,0,0,0,0
Fara-7B,agent,Mind2Web--75146b7b67388b9244e0f21a1527c022,www.adoptapet.com,cbdba6e8fe04e323d0f487c251b604f5,1,0,144.791,648,527,384,32,5,17,438,740,1310,26,14
Fara-7B,agent,Mind2Web--59b7b990b4828bc305ab0d7ed6071b55,www.landwatch.com,6fc6f8b37692a68fc69b6764cd1c6551,1,0,209.753,356,295,196,61,1,21,308,348,728,7,1
Fara-7B,agent,Mind2Web--59b7b990b4828bc305ab0d7ed6071b55,www.landwatch.com,c0cb92d599f8c3a19162c612d413000e,1,0,205.433,975,863,620,67,1,25,891,871,2039,34,10
Fara-7B,agent,Mind2Web--9c97bab9c2abfb90a426cbe9addae8d0_110325,www.michaels.com,d7d101e30d499805cdef8f2b3c0799e1,1,0,192.46,222,194,116,2,6,4,125,202,448,5,0
Fara-7B,agent,Mind2Web--871e7771cecb989972f138ecc373107b,www.theweathernetwork.com,bd007480c4503a2716a4083034cbe3ff,1,0,70.784,1155,1084,825,197,5,126,803,1233,2377,21,14
Fara-7B,agent,Mind2Web--871e7771cecb989972f138ecc373107b,www.theweathernetwork.com,83f397803984345fd4b5516bad0c622f,1,0,57.964,1108,1043,801,193,5,124,763,1191,2284,14,15
Fara-7B,agent,Mind2Web--9c97bab9c2abfb90a426cbe9addae8d0_110325,www.michaels.com,1e875138670f0f9b9d70b5a5cfaa3e06,1,0,197.707,691,686,166,2,5,4,501,720,1433,27,0
Fara-7B,agent,Mind2Web--b69eb4de621e9e265676daac44938f3f,www.adoptapet.com,d0f9fd7de35b67f22b790fa0dba4739a,1,0,237.332,768,631,462,33,15,20,530,896,1554,35,20
Fara-7B,agent,Mind2Web--b69eb4de621e9e265676daac44938f3f,www.adoptapet.com,437424d6cc4f4b847f74d513c60797e2,1,0,247.474,866,734,567,37,14,21,589,1027,1757,49,27
Fara-7B,agent,Mind2Web--9bb63ad0e38d5691a618932a8b31c05a,www.google.com,b8a43e57ffdf5c03bbda4646f7f9fae3,1,0,233.801,669,580,174,9,1,7,197,673,1349,1,0
Fara-7B,agent,Mind2Web--8ae510355d978424f490798f900bfa2c,www.student.com,dcff4ca821076dd99d36d621e0e19032,1,0,80.423,239,224,95,29,1,5,132,294,521,2,5
Fara-7B,agent,Mind2Web--8ae510355d978424f490798f900bfa2c,www.student.com,ba9baedf94e66458c94e1ebfd8eb00c9,1,0,70.378,483,466,228,32,1,9,273,546,1014,8,6
Fara-7B,agent,Mind2Web--4c186c6ed888d0c8d4cf4adb39443080,www.nba.com,5e39af2bebf01fa67d8c5a36a1504b50,1,0,78.911,469,416,138,29,1,10,369,570,978,22,1
Fara-7B,agent,Mind2Web--4c186c6ed888d0c8d4cf4adb39443080,www.nba.com,6cb4fbb9d5f58b4aa783eebab97f5714,1,0,69.924,456,403,126,28,1,9,346,532,950,21,1
Fara-7B,agent,Mind2Web--9bb63ad0e38d5691a618932a8b31c05a,www.google.com,6d7811c5d7af7bfc30f787423dc09292,1,0,272.776,1318,1046,495,51,3,31,588,1264,2650,25,1
Fara-7B,agent,Mind2Web--2fc51dd3febd447f0fdcdabca8d944ce_110325,www.publicstorage.com,681bbffbcdb9aa7949556b9687e7034b,1,0,67.705,181,149,137,7,3,1,33,52,364,0,0
Fara-7B,agent,Mind2Web--2fc51dd3febd447f0fdcdabca8d944ce_110325,www.publicstorage.com,51e9bb7d894925e95b9015e5a733170e,1,0,66.369,27,14,4,2,3,1,12,21,56,0,0
Fara-7B,agent,Mind2Web--eb323dc584156d0eb3a2b90bb8c4b791_110325,www.compass.com,2a80ea991277762b41c059a95c6b481f,1,0,139.085,427,289,172,14,5,2,284,444,860,32,0
Fara-7B,agent,Mind2Web--eb323dc584156d0eb3a2b90bb8c4b791_110325,www.compass.com,9079479480b03139a25e52d03f814443,1,0,217.417,533,426,261,18,7,5,305,550,1071,19,0
Fara-7B,agent,Mind2Web--87f4c5128e36cdb9366a138a7b61bb00,www.bestbuy.com,5139bbf6f1f9de435caa4de84f92f869,1,0,215.835,1169,728,577,54,7,21,1037,1795,2349,0,4
Fara-7B,agent,Mind2Web--87f4c5128e36cdb9366a138a7b61bb00,www.bestbuy.com,f76a0caa7734e32d3b52eb27afc96cae,1,0,199.609,962,571,447,54,5,21,870,1450,1932,0,3
Fara-7B,agent,Mind2Web--354b4ddf048815f8fd4163d0d7e1aaa3,ohiomeansjobs.ohio.gov,2b67f89f32f3187fe8826a4c89c3f75c,1,0,219.159,836,776,297,13,15,8,642,969,1717,55,0
Fara-7B,agent,Mind2Web--354b4ddf048815f8fd4163d0d7e1aaa3,ohiomeansjobs.ohio.gov,3ca178d1624c6f5c75b9741e05d16042,1,0,236.459,890,742,519,13,39,9,770,1235,1793,91,0
Fara-7B,agent,Mind2Web--e4e097222d13a2560db6f6892612dab6,www.adoptapet.com,490a701cb7556341559d1bac7857bf8b,1,0,133.516,467,364,253,32,5,13,327,559,948,26,15
Fara-7B,agent,Mind2Web--e4e097222d13a2560db6f6892612dab6,www.adoptapet.com,8ab19635cc9c6c812bfb403a91161171,1,0,228.007,700,558,389,34,11,15,540,843,1423,38,27
Fara-7B,agent,Mind2Web--f389398d2eeb29e5571e00439c57eb76,www.theweathernetwork.com,ef7fcce1c64cb51ba2bbd13c7b1b2fc8,1,0,61.595,975,894,719,181,5,118,757,1034,1981,16,8
Fara-7B,agent,Mind2Web--f389398d2eeb29e5571e00439c57eb76,www.theweathernetwork.com,f9711aacd25231409dfdb3f031b3c874,1,0,51.332,825,754,610,160,3,102,637,864,1675,8,8
Fara-7B,agent,Mind2Web--8ea6c3a2ea3f59150619935261a76d19,www.fedex.com,55b5041a4d95e6d33c49c83c07dda902,1,0,218.747,608,523,237,32,5,18,390,766,1241,55,0
Fara-7B,agent,Mind2Web--8ea6c3a2ea3f59150619935261a76d19,www.fedex.com,e0143d2bd78a9064091cb12b0a17460d,1,0,212.582,639,551,225,32,5,18,392,802,1305,48,0
Fara-7B,agent,Mind2Web--c1d6ea6f2196d25782cc3646ff3090db,www.google.com,433207c93284be6c0816721b0d1d08dd,1,0,236.033,1245,1178,578,44,1,28,576,1234,2496,34,2
Fara-7B,agent,Mind2Web--c1d6ea6f2196d25782cc3646ff3090db,www.google.com,6b4b2388d8c2c3de7dc1e5fee55ed6db,1,0,221.652,785,716,395,48,1,28,347,711,1573,8,2
Fara-7B,agent,Mind2Web--2dd41b1d0e8f389d0683f4a4627abfe6,www.landwatch.com,3d6445ec9dcbb10f1e90dba2f02a1766,1,0,60.878,369,317,232,62,1,22,312,331,755,8,2
Fara-7B,agent,Mind2Web--f2097f92a10d42a842c14179f422311e,www.bestbuy.com,aed7abe58b878b199d4c7bf9e3f22620,1,0,57.787,1058,556,474,72,7,23,981,1428,2127,0,3
Fara-7B,agent,Mind2Web--f2097f92a10d42a842c14179f422311e,www.bestbuy.com,9edd1454851693e5838c28b6237d9965,1,0,73.102,1159,641,542,71,9,24,1103,1649,2331,0,4
Fara-7B,agent,Mind2Web--2dd41b1d0e8f389d0683f4a4627abfe6,www.landwatch.com,0c5897412bc88e877bf7cac1fdf8c9aa,1,0,221.181,422,369,278,62,1,21,364,389,865,8,2
Fara-7B,agent,Mind2Web--85b284c18d7e78c9b5a9e074e7aa3b98,www.student.com,15f5112a4be22cfba8010a5a6cbddc3a,1,0,71.839,259,241,118,29,1,5,155,330,578,6,6
Fara-7B,agent,Mind2Web--85b284c18d7e78c9b5a9e074e7aa3b98,www.student.com,e049552e9e8ec5b4efab14f7d69bc033,1,0,150.901,766,711,407,35,5,17,452,938,1647,27,13
Fara-7B,agent,Mind2Web--853afd530c72f4b00ffc32ae854efaf8,www.accuweather.com,835865f58adb4ecad9cbdc238d253114,1,0,167.55,805,774,539,92,17,47,405,999,1668,64,25
Fara-7B,agent,Mind2Web--853afd530c72f4b00ffc32ae854efaf8,www.accuweather.com,695c9311bf96efb3ff26fa8c680a6086,1,0,100.686,458,429,353,69,11,39,225,602,949,11,19
Fara-7B,agent,Mind2Web--c09721cc937d4dcfb391a0bc2c574b28,www.recreation.gov,8e832793fa4018b4cb2c64f400890a88,1,0,231.132,372,318,70,11,3,4,323,403,761,27,3
Fara-7B,agent,Mind2Web--c09721cc937d4dcfb391a0bc2c574b28,www.recreation.gov,2b98e4a4b234a02374d6ee237236f389,1,0,222.572,228,179,39,11,3,2,180,239,464,13,1
Fara-7B,agent,Mind2Web--4c572a627b53b0f9a734ab37f21819b8,craigslist.org,fe5991c1c6c27ee20eb7237732169e60,1,0,50.596,43,0,0,0,0,0,38,49,93,0,0
Fara-7B,agent,Mind2Web--4c572a627b53b0f9a734ab37f21819b8,craigslist.org,58733731d29ebf5df53e298b1bc79163,1,0,51.782,57,0,0,0,0,0,52,62,122,0,0
Fara-7B,agent,Mind2Web--301f267f421b93045874726183e8f722,www.healthline.com,f979f505c896090cd93c1e2c0a5c53e2,1,0,209.886,981,972,396,63,3,14,636,1018,2017,42,4
Fara-7B,agent,Mind2Web--301f267f421b93045874726183e8f722,www.healthline.com,f8b654f599eb7b348b5830206d6f982d,1,0,211.242,539,531,379,64,1,18,275,553,1085,19,4
Fara-7B,agent,Mind2Web--4f903626f632586fe4728d6664947bab,www.justice.gov,769510d7c3be380f0e1e90fb90166a15,1,0,97.978,230,148,69,8,2,3,144,291,510,15,1
Fara-7B,agent,Mind2Web--4f903626f632586fe4728d6664947bab,www.justice.gov,8fa499f3ef1b6b6280f3ffb029cca410,1,0,213.976,507,412,219,10,5,9,303,580,1076,21,1
Fara-7B,agent,Mind2Web--3ec0f6138d37fadcb989347a6088ec45,www.bbb.org,c1cadc22da16a6f8279f38c4f848560f,1,0,198.862,828,814,208,5,5,5,550,838,1725,28,0
Fara-7B,agent,Mind2Web--2207bb4f21786690cfed20b37253fb8b,www.theweathernetwork.com,5075812e2172f9dd004d4d71edac92cb,1,0,47.904,898,838,618,171,3,107,613,951,1852,9,8
Fara-7B,agent,Mind2Web--3ec0f6138d37fadcb989347a6088ec45,www.bbb.org,5c0207522b730a078e10dbd1ed203e7f,1,0,166.493,577,563,213,14,5,9,363,569,1195,4,5
Fara-7B,agent,Mind2Web--2207bb4f21786690cfed20b37253fb8b,www.theweathernetwork.com,e3d98430afe221f393f72d845390f993,1,0,68.532,922,862,642,176,3,109,625,976,1900,10,8
Fara-7B,agent,Mind2Web--9c04b71bb8db6cf8e743b2290cbc8797,www.ups.com,ca5266196b7888050df0455b44714138,1,0,80.627,501,318,244,53,5,17,377,611,1014,11,3
Fara-7B,agent,Mind2Web--9c04b71bb8db6cf8e743b2290cbc8797,www.ups.com,c9b1c34919e2ecf6e1ed23d54ceae06f,1,0,79.315,495,310,236,51,5,15,373,604,1002,11,3
Fara-7B,agent,Mind2Web--4e0f5561a76478da87995dee00b09572,www.accuweather.com,222a1205d27c9f6a5f583493a9553403,1,0,49.124,727,701,632,177,7,133,583,846,1482,14,13
Fara-7B,agent,Mind2Web--7562d9b4e4829a44245aafce2e1f62db,www.usps.com,b38ff80d307da967f52e704024479313,1,0,50.812,228,228,129,2,0,5,110,229,457,1,0
Fara-7B,agent,Mind2Web--4e0f5561a76478da87995dee00b09572,www.accuweather.com,d1fabdecec384462fac97630a807b1c2,1,0,95.568,1221,1185,1065,173,21,108,702,1459,2500,58,25
Fara-7B,agent,Mind2Web--bd1e3770b7181f6fce9c35e18caa9785,craigslist.org,4825e39365d1a4d9d7b1974882795e54,1,0,42.119,58,0,0,0,0,0,53,85,124,0,0
Fara-7B,agent,Mind2Web--bd1e3770b7181f6fce9c35e18caa9785,craigslist.org,3fc1d9d43ebbbef93d05a4c0479058d1,1,0,37.149,58,0,0,0,0,0,53,85,124,0,0
Fara-7B,agent,Mind2Web--7562d9b4e4829a44245aafce2e1f62db,www.usps.com,f4259aa920e565a88eb6d597a1db2fc2,1,0,139.618,331,331,153,8,0,6,161,339,667,8,10
Fara-7B,agent,Mind2Web--330cd04c773ac498f51afa4665461ec8,craigslist.org,a7a5c378afdcb85303445c6c9cb64ece,1,0,213.419,83,0,0,0,0,0,78,103,180,0,0
Fara-7B,agent,Mind2Web--330cd04c773ac498f51afa4665461ec8,craigslist.org,89581318b84bda544d077b49ee82aaee,1,0,198.592,49,0,0,0,0,0,44,57,104,0,0
Fara-7B,agent,Mind2Web--ec78d3a635e417bc2a80d03ca93d7165,www.gov.uk,b6fe373f6234cb7da4b53cabc284150a,1,0,196.453,584,533,178,2,1,4,413,617,1207,24,0
Fara-7B,agent,Mind2Web--ec78d3a635e417bc2a80d03ca93d7165,www.gov.uk,3011fe421d041e1a4785484a72861703,1,0,207.988,35,0,0,0,0,0,20,34,70,0,0
Fara-7B,agent,Mind2Web--a0a18ca6a3529f3e97c771aadd42d3a0_110325,www.jcpenney.com,3e3b2a13b240f743717a8e175094cd88,1,0,183.624,1487,1480,588,49,7,32,564,1427,2984,26,2
Fara-7B,agent,Mind2Web--a0a18ca6a3529f3e97c771aadd42d3a0_110325,www.jcpenney.com,758d8aa1264ce8387e62f77c46a03233,1,0,174.225,1221,1215,609,48,7,32,537,1194,2461,28,4
Fara-7B,agent,Mind2Web--82eb3bfedd78456a0230b389f4e7a938,coinmarketcap.com,02aa4016c9ae19bab0e2ed3609e5a462,1,0,63.539,890,361,346,47,8,20,216,899,1939,0,10
Fara-7B,agent,Mind2Web--82eb3bfedd78456a0230b389f4e7a938,coinmarketcap.com,588e57e3ffe65d808025f2258d653936,1,0,106.824,908,359,296,31,4,17,216,850,1887,1,1
Fara-7B,agent,Mind2Web--e7f6cca9a8875f98fee3b711ead3a444_110325,www.tumblr.com,32f21598c92a516b5f818ca9cfa2bbc4,1,0,34.875,783,760,541,109,5,70,505,834,1582,1,2
Fara-7B,agent,Mind2Web--e7f6cca9a8875f98fee3b711ead3a444_110325,www.tumblr.com,256794fac8b5dfad6a0f6d61f8bc45fa,1,0,103.443,1137,1108,781,165,7,120,853,1193,2286,1,2
Fara-7B,agent,Mind2Web--75a1b5dcd2c28508a971d98d51fe5767,www.allrecipes.com,7862cb8c8e1eb240d021b5d311612cfe,1,0,41.354,893,846,766,171,5,81,569,969,1807,63,14
Fara-7B,agent,Mind2Web--75a1b5dcd2c28508a971d98d51fe5767,www.allrecipes.com,d71b2b5681653d01d5d8d2cd444d4bc0,1,0,33.388,923,875,789,181,5,90,615,986,1866,65,12
Fara-7B,agent,Mind2Web--c03ee2be3d73556ab789c0ad1cbd3451,www.akc.org,b452ddce72607a3dbe3230baa79219b6,1,0,212.61,651,536,288,41,9,25,300,692,1324,4,0
Fara-7B,agent,Mind2Web--c03ee2be3d73556ab789c0ad1cbd3451,www.akc.org,50929ba7aae788a82953f0ecb366f5f1,1,0,227.599,781,652,337,42,17,21,285,870,1593,8,2
Fara-7B,agent,Mind2Web--05483c50cc9b04c8ac44c574758fb2bd,www.bbb.org,def0267b0f685e83fd92374b18ded2f4,1,0,208.651,397,383,156,7,5,7,227,448,815,4,1
Fara-7B,agent,Mind2Web--05483c50cc9b04c8ac44c574758fb2bd,www.bbb.org,026ad9c4078c1379e10b686de4c1e783,1,0,229.665,399,386,167,7,5,7,199,402,837,5,9
Fara-7B,agent,Mind2Web--a172a5d9ffaf5ef02bd550ec4fe24e6d,www.drugs.com,017e1487275fe2f125df841ce12f9caf,1,0,26.97,276,222,177,10,1,6,128,278,555,2,0
Fara-7B,agent,Mind2Web--a172a5d9ffaf5ef02bd550ec4fe24e6d,www.drugs.com,869be1a9733c52a050abba2cc481249b,1,0,27.646,272,218,173,10,1,6,128,275,547,2,0
Fara-7B,agent,Mind2Web--7e1047f4803237f319c004f7a7f6bccb_121125,www.bestbuy.com,851eac228355f0cbc9440ebf27c479bd,1,0,194.914,1583,989,719,34,17,13,1517,2504,3187,0,5
Fara-7B,agent,Mind2Web--f2be37a9a60fbc25b6b11cf622d17352_110325,www.akc.org,6d27cb192120798be921d336f3875b45,1,0,210.636,587,484,229,25,9,17,298,604,1186,1,0
Fara-7B,agent,Mind2Web--f2be37a9a60fbc25b6b11cf622d17352_110325,www.akc.org,6ba6106e8dc8c6df0fe6ce4501c4efe5,1,0,87.302,535,433,274,100,7,46,306,570,1080,8,1
Fara-7B,agent,Mind2Web--7e1047f4803237f319c004f7a7f6bccb_121125,www.bestbuy.com,d7fe60ca2c1dfceffc4a9f4ad7853e40,1,0,181.276,1405,842,614,35,13,13,1290,2120,2829,0,5
Fara-7B,agent,Mind2Web--e24662008c3be5d56f986f232fcec447,www.google.com,d5cb4718e90bd340a8969eccec10bf44,1,0,29.605,165,137,19,3,1,1,43,175,355,0,0
Fara-7B,agent,Mind2Web--0170ca95038b05fa58d463fe627ac605,www.gov.uk,247a5b5fa17482ff8aea17843749e35b,1,0,47.43,32,0,0,0,0,0,21,31,64,0,0
Fara-7B,agent,Mind2Web--0170ca95038b05fa58d463fe627ac605,www.gov.uk,efc5289373a6fcf88ef514b31ac22f1b,1,0,45.862,34,0,0,0,0,0,19,33,68,0,0
Fara-7B,agent,Mind2Web--e24662008c3be5d56f986f232fcec447,www.google.com,51079b0bd5dc13ca087ce5c53acdb9ff,1,0,113.949,1387,1334,943,197,9,128,994,1473,2822,6,8
Fara-7B,agent,Mind2Web--b3a7da968de13bbdcaed12ffe4993df6,www.akc.org,6b6f88e62276fd07161d1176464c098a,1,0,149.696,336,201,124,44,11,19,117,379,697,6,0
Fara-7B,agent,Mind2Web--b3a7da968de13bbdcaed12ffe4993df6,www.akc.org,88e1cfee58226e82fa0773444ada3d19,1,0,210.452,826,662,427,54,57,31,410,1047,1764,54,3
Fara-7B,agent,Mind2Web--515f2e5811cfdd5e0e669e40f17886d8,www.bestbuy.com,768c94b757a24a3e6b1868b71d7d021b,1,0,78.862,856,479,387,39,3,12,816,1293,1720,0,3
Fara-7B,agent,Mind2Web--515f2e5811cfdd5e0e669e40f17886d8,www.bestbuy.com,d8c459046e06ee07851c8ab1d460c82f,1,0,77.883,792,419,339,37,3,12,709,1127,1592,2,3
Fara-7B,agent,Mind2Web--4d3157aab34b54e5f0c4b965dfe930f3,www.babycenter.com,fd5b8fb721c9677feee3a97e02b3d2d8,1,0,97.529,694,691,484,84,1,39,536,898,1401,38,9
Fara-7B,agent,Mind2Web--4d3157aab34b54e5f0c4b965dfe930f3,www.babycenter.com,8755a628d9ebb80dc7f82b195e17a704,1,0,160.98,756,753,548,65,1,21,461,971,1534,22,15
Fara-7B,agent,Mind2Web--e4e19e04286f644d747d8c5a79d17fac,www.drugs.com,e87e22718d2df1be7fd0df6c31c679f5,1,0,44.651,329,201,229,23,9,10,202,359,659,9,7
Fara-7B,agent,Mind2Web--e4e19e04286f644d747d8c5a79d17fac,www.drugs.com,51545ee9cdffebd1ebd310a297fadaed,1,0,43.706,326,199,223,23,9,10,210,354,653,9,6
Fara-7B,agent,Mind2Web--cad62d2be0c53f08a416457486b3db23,www.adoptapet.com,4617744f13c60c14abfc849e7348b349,1,0,39.308,200,127,94,27,6,6,140,222,403,8,3
Fara-7B,agent,Mind2Web--cad62d2be0c53f08a416457486b3db23,www.adoptapet.com,b42d6f9c8cc420602bae344039301e88,1,0,57.74,216,139,107,29,2,6,146,249,436,8,3
Fara-7B,agent,Mind2Web--9ef1a8972f375db59c0e6329e11b7939,www.landwatch.com,f46d968b6d15777573ffaa95d01ec73b,1,0,94.327,408,348,248,61,1,19,368,390,842,10,1
Fara-7B,agent,Mind2Web--a11ecdff735b51372d536c866011af6f,www.coursera.org,ae61bf8f4adf9d7d8c5f8ac403302f66,1,0,36.111,398,347,328,36,3,6,219,456,796,26,0
Fara-7B,agent,Mind2Web--a11ecdff735b51372d536c866011af6f,www.coursera.org,584dbdda135e21f80d6a46d00526927a,1,0,30.338,424,376,357,36,3,6,236,486,848,26,0
Fara-7B,agent,Mind2Web--9ef1a8972f375db59c0e6329e11b7939,www.landwatch.com,73d7434b37652901a34a1fe30bd8ad55,1,0,201.424,832,754,578,65,3,24,703,774,1703,22,2
Fara-7B,agent,Mind2Web--7fff82864f21ddeccf4104a220892824,www.google.com,775bc81543070007129fa5f5af25181f,1,0,208.8,1363,1234,844,93,7,47,796,1718,2768,64,6
Fara-7B,agent,Mind2Web--7fff82864f21ddeccf4104a220892824,www.google.com,4bc9cbe0b1e22a8fb8d814f25725e238,1,0,251.769,1912,1703,919,103,53,51,1467,2489,3855,16,5
Fara-7B,agent,Mind2Web--50d91eabde542906937ab4c5b6f8f23a_121425,www.babycenter.com,dc9a7ea166f27b7226e8141e329941cb,1,0,208.399,947,942,755,104,1,36,612,1266,1913,38,15
Fara-7B,agent,Mind2Web--50d91eabde542906937ab4c5b6f8f23a_121425,www.babycenter.com,c50b17551afd617266c870bb8a120b82,1,0,214.94,943,938,752,102,1,37,596,1253,1905,39,15
Fara-7B,agent,Mind2Web--dcd26e662a616d373ddd339747c6ce5b,www.healthline.com,e24ed7dd32be4b7330a9ab838936d320,1,0,202.852,715,698,546,66,7,19,404,737,1435,38,10
Fara-7B,agent,Mind2Web--eb2db4b769c145dbe6ba4f74f3e0de98,www.akc.org,44fb972eab7c2a2491d49988e9958ab3,1,0,45.32,442,325,199,33,5,16,141,465,900,7,0
Fara-7B,agent,Mind2Web--dcd26e662a616d373ddd339747c6ce5b,www.healthline.com,c6eb1cc3a2e21fa8dc3aa7151284bcee,1,0,210.621,1463,1420,1196,120,17,51,989,1582,2959,125,31
Fara-7B,agent,Mind2Web--eb2db4b769c145dbe6ba4f74f3e0de98,www.akc.org,f0dff90070abcd3a9c0b09991098c37b,1,0,45.506,256,157,67,28,1,13,80,273,516,0,0
Fara-7B,agent,Mind2Web--c0fa2c0e622971955cabf5bcf7b777e8,www.apartments.com,c60bd9a10db35f2863a217ab07ca07d9,1,0,205.79,628,620,369,6,11,7,155,933,1295,51,9
Fara-7B,agent,Mind2Web--c0fa2c0e622971955cabf5bcf7b777e8,www.apartments.com,41bc518fca09fa5fc6cde69ee2866616,1,0,235.472,621,576,349,89,7,30,375,679,1267,23,3
Fara-7B,agent,Mind2Web--ce616721ce9aeda69890fbccb29677a6,www.usps.com,535eaab10ebeccf6e21284ba9e0ba238,1,0,65.667,265,265,158,7,0,4,142,277,538,5,10
Fara-7B,agent,Mind2Web--ce616721ce9aeda69890fbccb29677a6,www.usps.com,5bda4a347e2c81cfba9507d3d3d2adca,1,0,59.951,264,264,158,7,0,4,143,276,537,7,11
Fara-7B,agent,Mind2Web--9d09bc948462db032bac98968b11b008,www.stubhub.com,2a04cce6e3b7e9c00095f7a4b645e3e7,1,0,44.627,286,262,91,10,5,1,113,368,578,10,0
Fara-7B,agent,Mind2Web--9d09bc948462db032bac98968b11b008,www.stubhub.com,22c92f619f35fcf12f27c846bf9026d2,1,0,44.717,287,267,92,11,5,1,112,371,581,10,0
Fara-7B,agent,Mind2Web--29526b17a32485742b5ab63507e99417,www.drugs.com,78a2c7c7d74f75ecf03e69dee35f5adf,1,0,38.503,184,107,124,18,5,7,120,205,368,4,7
Fara-7B,agent,Mind2Web--29526b17a32485742b5ab63507e99417,www.drugs.com,33cc373b1406edbfbf7b238c6967fc0a,1,0,37.561,179,101,119,17,5,6,118,202,358,5,7
Fara-7B,agent,Mind2Web--d7c955b47af68e01766fa86d0bee08a7,www.apartments.com,99f7c5d64e4295bda77b0bf5437683f9,1,0,113.962,458,453,170,4,5,5,283,472,945,14,1
Fara-7B,agent,Mind2Web--d7c955b47af68e01766fa86d0bee08a7,www.apartments.com,b623b98cc5b73627cfbb44b44323fab9,1,0,235.699,1526,1516,1074,230,15,117,884,1742,3100,60,5
Fara-7B,agent,Mind2Web--9d090a15c214eb070d9caa8a034d03c1,www.student.com,072b7d1c170b2da53d80082dd9e89466,1,0,137.479,725,710,347,39,1,9,417,870,1527,10,5
Fara-7B,agent,Mind2Web--9d090a15c214eb070d9caa8a034d03c1,www.student.com,773705bea892093326c8beb15ad59e7c,1,0,94.562,710,695,333,39,1,10,380,845,1489,9,5
Fara-7B,agent,Mind2Web--5916018d1cad999881018cac1216a692,www.thumbtack.com,9b5edb584f4e8d6e674343ac152d7407,1,0,210.9,960,708,535,30,17,11,870,1082,1948,107,2
Fara-7B,agent,Mind2Web--5916018d1cad999881018cac1216a692,www.thumbtack.com,bd6c2e6e3c919c2f2da9be36e8896361,1,0,213.399,971,693,528,30,17,9,878,1085,1968,106,2
Fara-7B,agent,Mind2Web--0059adc6b12a3822305deb68929b2de8,careers.walmart.com,bdf6f9dfce30ff2df611b691023c3ac0,1,0,206.732,308,209,24,7,5,3,240,419,713,56,0
Fara-7B,agent,Mind2Web--0059adc6b12a3822305deb68929b2de8,careers.walmart.com,53ce6e74333fe740b8fa036d8f98a89d,1,0,193.636,159,105,22,7,1,2,89,214,334,17,0
Fara-7B,agent,Mind2Web--07bdc595306729a028ba06cc7451a80a,us.trip.com,026574253ef71c0c395c0c2d565e7e9b,1,0,97.341,646,532,223,29,5,8,348,715,1499,39,0
Fara-7B,agent,Mind2Web--07bdc595306729a028ba06cc7451a80a,us.trip.com,03f796453fa52962f5335754dcf4251a,1,0,174.467,607,483,193,29,5,7,318,656,1399,32,0
Fara-7B,agent,Mind2Web--64b76158720a69e4a5c31a55d54928bf,www.healthline.com,277b8d89156068f36afdb093ac99bda1,1,0,204.97,898,886,447,62,3,16,556,932,1834,43,6
Fara-7B,agent,Mind2Web--64b76158720a69e4a5c31a55d54928bf,www.healthline.com,64d5dba62697ea62a3f9487762f4e3d4,1,0,220.319,1366,1325,1137,70,7,22,961,1446,2749,127,25
Fara-7B,agent,Mind2Web--e3ab665e01e7632ce33ac1aeca14aff6,www.recreation.gov,b126eee533d2d9a9124ac4559871ac92,1,0,223.608,598,532,261,13,7,10,420,646,1236,56,0
Fara-7B,agent,Mind2Web--2d5a7f95f951a26838289dfd629ae850_110325,www.compass.com,94bf89bf5559802126e5b3384dc8de7e,1,0,121.499,248,157,83,14,3,2,154,262,499,14,0
Fara-7B,agent,Mind2Web--e3ab665e01e7632ce33ac1aeca14aff6,www.recreation.gov,6e07b1c9b36f100567eb7de00d07ba38,1,0,223.727,647,551,276,16,5,10,480,704,1334,62,3
Fara-7B,agent,Mind2Web--2d5a7f95f951a26838289dfd629ae850_110325,www.compass.com,edc45d2cdf87e56b9c8a0cee4385ef34,1,0,229.15,672,564,252,16,13,6,424,708,1370,22,0
Fara-7B,agent,Mind2Web--26810ed9c123a62992e3eed31db3c5ee,www.accuweather.com,680e1bab09344fdc05040c8f92f18a34,1,0,229.108,1831,1791,1489,229,25,164,1091,2146,3750,54,47
Fara-7B,agent,Mind2Web--26810ed9c123a62992e3eed31db3c5ee,www.accuweather.com,1b6671291ddfbca5b95c1aa066a845cb,1,0,78.132,1001,972,880,178,11,116,577,1175,2039,28,22
Fara-7B,agent,Mind2Web--c181f903ec1107b850032c17cad88393,www.webmd.com,08b789a0d4d637e6f93bdb864d8a578c,1,0,62.919,1190,1169,1046,224,5,147,972,1372,2426,70,10
Fara-7B,agent,Mind2Web--c181f903ec1107b850032c17cad88393,www.webmd.com,053c84e5af59c0dd0ab4963610ef1ecb,1,0,93.434,1286,1253,1140,223,7,146,1058,1551,2631,103,15
Fara-7B,agent,Mind2Web--ef289e34a2f59a707cb07e2a6229ff03,www.cars.com,4e783445cd66bf6828a97cc762e042c8,1,0,21.381,201,126,107,48,1,13,108,213,408,3,1
Fara-7B,agent,Mind2Web--ef289e34a2f59a707cb07e2a6229ff03,www.cars.com,adff04291027703b24ab0ecb29df09a5,1,0,211.505,953,871,497,116,1,35,589,967,1970,28,4
Fara-7B,agent,Mind2Web--84f806c7fc15576673915f195efa72df,www.adoptapet.com,6a74d69718f32b5caf4174cabb342e50,1,0,239.006,915,783,428,37,20,18,574,1013,1862,41,14
Fara-7B,agent,Mind2Web--84f806c7fc15576673915f195efa72df,www.adoptapet.com,f5afa62dbb11f3ad49ca701375836981,1,0,215.0,781,629,465,36,19,15,539,911,1580,35,19
Fara-7B,agent,Mind2Web--be9e7dca1222714571ef3d7d59d2a41c,weather.com,f11ae83e8a045da198795246a0077e70,1,0,180.638,2344,1847,1676,281,56,186,1756,2460,4728,10,21
Fara-7B,agent,Mind2Web--be9e7dca1222714571ef3d7d59d2a41c,weather.com,4a730bb481df46f3a99e7d7461204e8a,1,0,229.707,1902,1656,1498,244,31,165,1413,1978,3831,11,17
Fara-7B,agent,Mind2Web--11abb668c751dd56bb41f296a8bb3a13,www.bestbuy.com,3630b483e24ff33f040f3cbcf0788e15,1,0,47.061,775,329,280,50,11,21,564,822,1570,0,2
Fara-7B,agent,Mind2Web--11abb668c751dd56bb41f296a8bb3a13,www.bestbuy.com,bc6ee0acee40342dc544075a7b099864,1,0,230.97,1682,1132,718,66,17,33,1408,2156,3502,9,3
Fara-7B,agent,Mind2Web--207e933d1bba815bcb58664b5d82c085,www.apartments.com,70314d6683f2b1b489cf2b869c92366b,1,0,222.611,1500,1475,284,15,11,16,931,1535,3021,26,0
Fara-7B,agent,Mind2Web--29b7372d5a3884a2ba831af2d117af3c,www.google.com,ffb4fa82f56ca81dd9360fbb5c1ffb26,1,0,30.711,463,427,61,27,3,5,297,538,944,9,3
Fara-7B,agent,Mind2Web--207e933d1bba815bcb58664b5d82c085,www.apartments.com,be5f3086d22e12428638b27af8689b2f,1,0,221.231,567,547,229,12,11,11,295,657,1160,22,3
Fara-7B,agent,Mind2Web--29b7372d5a3884a2ba831af2d117af3c,www.google.com,8cd0fd91facb9fcadc2dc3b297b361d4,1,0,27.385,166,135,15,3,1,1,44,174,353,0,0
Fara-7B,agent,Mind2Web--5c00e9561eae94789443f405525a5869,www.healthline.com,ce370a7d069fa2e494680c72a58a5210,1,0,214.0,1223,1199,821,66,1,19,876,1294,2487,112,19
Fara-7B,agent,Mind2Web--5c00e9561eae94789443f405525a5869,www.healthline.com,22ddd5eb8f72689f1c9b4c76ac69a96d,1,0,209.955,954,943,476,65,1,18,622,992,1952,47,6
Fara-7B,agent,Mind2Web--2532fd402d3c741b79894e6ff2269f53,www.thumbtack.com,87a6daf21b77fcf5e115858ca16f266a,1,0,192.839,397,309,196,29,5,9,310,448,805,22,2
Fara-7B,agent,Mind2Web--2532fd402d3c741b79894e6ff2269f53,www.thumbtack.com,40dfd0a6c7bffa651856bebd5552dcc6,1,0,193.604,430,341,227,29,5,8,348,485,871,29,2
Fara-7B,agent,Mind2Web--9829f3087ab1f9c8eba6b6dd2b831d25_112325,www.espn.com,890f48fd5509c12dd46d2d11da2f3b68,1,0,49.014,855,841,556,151,17,97,481,820,1792,10,21
Fara-7B,agent,Mind2Web--9829f3087ab1f9c8eba6b6dd2b831d25_112325,www.espn.com,95a29c0c0d71f6b79fadd661aa0fca29,1,0,48.15,843,831,568,156,17,98,490,811,1770,7,21
Fara-7B,agent,Mind2Web--783ce6a3499fa7cf25bc12f8f0ecbbbb,www.mayoclinic.org,61101707d7239062a37b05b997fdd217,1,0,187.664,278,183,111,11,9,8,154,293,563,1,0
Fara-7B,agent,Mind2Web--783ce6a3499fa7cf25bc12f8f0ecbbbb,www.mayoclinic.org,2dd6f42cccf1bf7042f075326bdf945d,1,0,196.848,264,164,99,10,11,6,153,277,535,1,0
Fara-7B,agent,Mind2Web--6db4a0e346976f2729ba9afcd3208941,www.fedex.com,76bb957379c6bba2ef9a1332fa324a0b,1,0,57.686,296,171,92,23,13,11,212,309,601,8,0
Fara-7B,agent,Mind2Web--6db4a0e346976f2729ba9afcd3208941,www.fedex.com,3c2eecbac9951910ad345423498aba6e,1,0,55.017,302,181,99,24,13,13,218,321,611,8,0
Fara-7B,agent,Mind2Web--1fc28d91d25ccd1c6ba268101326a654,www.google.com,992b775ee9d8387e2aba5c84f5f8c552,1,0,34.679,161,141,13,3,1,1,33,167,339,0,0
Fara-7B,agent,Mind2Web--1fc28d91d25ccd1c6ba268101326a654,www.google.com,ae854c109b51efc2caf5be7bb1fbd1b3,1,0,35.115,168,143,15,3,1,1,40,178,361,0,0
Fara-7B,agent,Mind2Web--255bf27c43fd3f9254d6b81a5f36d3a9,www.landwatch.com,e67bd01cd12f72746389059c9e411d25,1,0,208.627,993,923,694,65,1,24,856,923,2044,31,3
Fara-7B,agent,Mind2Web--255bf27c43fd3f9254d6b81a5f36d3a9,www.landwatch.com,253fc77b75e36dd6a3ecbe71498a76df,1,0,221.162,420,350,272,61,1,20,386,399,862,11,1
Fara-7B,agent,Mind2Web--a8b9edd598561d2de901864d5f40fe67,www.fedex.com,86806011ba14a1e67d11899b151c6f43,1,0,98.999,270,151,50,13,7,6,201,279,551,3,0
Fara-7B,agent,Mind2Web--a8b9edd598561d2de901864d5f40fe67,www.fedex.com,20fb3c23d42225c3a1591098b32a8b42,1,0,217.084,809,606,312,23,24,13,600,810,1639,31,0
Fara-7B,agent,Mind2Web--a6f0434ce6aff5f9b03681241b03ad82,finance.yahoo.com,41eca9ca500861b092d0d88f167f3452,1,0,85.147,1772,1202,1662,206,1,141,1665,1958,3882,129,97
Fara-7B,agent,Mind2Web--a6f0434ce6aff5f9b03681241b03ad82,finance.yahoo.com,9a578b93495a9aecc83969517afbb812,1,0,95.511,2112,1554,1923,219,1,152,1862,2307,4585,168,123
Fara-7B,agent,Mind2Web--415bf9da6f3db3a735ecbba3b0c76c15,www.akc.org,4cc116d802db0703ab7dab6225024cdc,1,0,17.411,326,227,158,18,1,10,74,333,658,1,0
Fara-7B,agent,Mind2Web--415bf9da6f3db3a735ecbba3b0c76c15,www.akc.org,c887cb0c9185164738e6f33eadde6693,1,0,199.184,932,819,239,22,5,12,561,978,1925,28,0
Fara-7B,agent,Mind2Web--8103786e0e5976ebf961bd062d5f39cd,www.mayoclinic.org,aaf241d6554b877d1eb4f87df3bf9824,1,0,113.345,463,319,221,12,25,8,250,474,934,3,0
Fara-7B,agent,Mind2Web--8103786e0e5976ebf961bd062d5f39cd,www.mayoclinic.org,2df1cb358f0cf435cdc92f133576d660,1,0,109.303,467,322,223,12,22,8,252,478,942,3,0
Fara-7B,agent,Mind2Web--92160852a6bbbc165cee4e14ab0b1d59,www.ups.com,75dda7adc5b077896d7ecbad89ad38b7,1,0,226.694,446,262,218,46,3,11,280,486,894,15,1
Fara-7B,agent,Mind2Web--92160852a6bbbc165cee4e14ab0b1d59,www.ups.com,3eeec6fe27818e842fb309840fdd852b,1,0,216.938,584,359,293,50,9,15,400,571,1171,11,1
Fara-7B,agent,Mind2Web--502e864440283214e0180645015f568b_110325,www.recreation.gov,8555c97af7678ec6ecd6e350983f4d71,1,0,234.591,764,662,360,14,15,10,559,855,1595,92,3
Fara-7B,agent,Mind2Web--502e864440283214e0180645015f568b_110325,www.recreation.gov,77c5a675f78cf6dae27f5383228d4708,1,0,230.936,152,102,43,12,3,2,111,165,315,21,1
Fara-7B,agent,Mind2Web--7680a920359cb1a508fbddb001b98167,www.babycenter.com,71f8b6f3da218b434879b79c5bc87308,1,0,159.962,1140,1133,790,97,3,38,651,1313,2301,41,11
Fara-7B,agent,Mind2Web--7680a920359cb1a508fbddb001b98167,www.babycenter.com,046440e631d25be1b1f6864f6f1c523f,1,0,144.583,891,887,681,111,1,46,596,1094,1802,37,11
Fara-7B,agent,Mind2Web--07ec4a12cba8090e2dc524d558ac7675,www.drugs.com,2e2dd9124d9ada5ecd22f99a11f657e0,1,0,65.141,452,305,342,49,9,28,285,489,907,9,7
Fara-7B,agent,Mind2Web--07ec4a12cba8090e2dc524d558ac7675,www.drugs.com,e026f65bf73a8b50d908989bac230c23,1,0,86.149,405,257,286,26,11,12,266,461,819,8,10
Fara-7B,agent,Mind2Web--987bad7c6d4726d64232a8a1c3386888,www.cars.com,235d9695ace99784b84d083ea9e69bc7,1,0,204.146,627,495,434,123,5,42,345,652,1265,16,7
Fara-7B,agent,Mind2Web--15be05973fba714e490cd9c884e4f072,ohio.gov,35fd20cbd3a71cd48f17695d7748193f,1,0,54.365,261,202,151,6,1,3,113,260,523,1,0
Fara-7B,agent,Mind2Web--987bad7c6d4726d64232a8a1c3386888,www.cars.com,65b4333ff5e509e6226e83469b5950b5,1,0,216.625,1195,1067,622,130,5,47,771,1242,2436,32,7
Fara-7B,agent,Mind2Web--15be05973fba714e490cd9c884e4f072,ohio.gov,5c681f7e05e830be1e8c4d096e358b46,1,0,132.461,477,412,181,6,5,4,275,494,972,10,0
Fara-7B,agent,Mind2Web--3adeea7627f4343069f38adae40f73d0_110325,medicare.gov,d124a48a4a80124a61009bfebe7f8783,1,0,227.858,677,366,233,28,8,13,498,753,1401,34,2
Fara-7B,agent,Mind2Web--c94551d2b18f9ad0ab31b0bd98ca42e3_121125,www.petfinder.com,271ab618b48a6bed850ea66894d05c7a,1,0,19.889,127,60,26,11,2,1,87,126,258,1,0
Fara-7B,agent,Mind2Web--3adeea7627f4343069f38adae40f73d0_110325,medicare.gov,c7bfe3eb9cc889d0c5c8880708362814,1,0,213.431,623,359,216,28,8,13,426,691,1281,25,2
Fara-7B,agent,Mind2Web--4e801ba102dfaf22c7cf7a126b107609,www.thumbtack.com,4cf2b697d8ee1fdcbc349199b96776de,1,0,25.525,197,176,122,23,3,5,129,207,396,19,0
Fara-7B,agent,Mind2Web--c94551d2b18f9ad0ab31b0bd98ca42e3_121125,www.petfinder.com,b771099bbfbbe620fd09c4b7f7017432,1,0,207.427,752,679,206,13,9,5,526,770,1552,23,0
Fara-7B,agent,Mind2Web--4e801ba102dfaf22c7cf7a126b107609,www.thumbtack.com,3b56a73e114d24df9ebfeb8639ce541f,1,0,207.986,824,602,439,30,15,13,717,940,1674,82,2
Fara-7B,agent,Mind2Web--39c388cdc468688c8139cc2bb5157c13,www.cars.com,9b008951562c08152254a46c4bc5b95a,1,0,124.49,607,480,421,124,5,37,310,628,1227,23,10
Fara-7B,agent,Mind2Web--c8d7f2aa7eb5dd074c48c9f76f8659ad,www.dmv.virginia.gov,67d72eaebfcef2831a73076fbb0febc7,1,0,58.683,270,253,157,15,1,5,107,281,548,3,0
Fara-7B,agent,Mind2Web--c8d7f2aa7eb5dd074c48c9f76f8659ad,www.dmv.virginia.gov,ee0cc70a287c74bf1af404e1ef76fa7a,1,0,62.571,256,233,162,15,3,5,101,276,523,3,0
Fara-7B,agent,Mind2Web--39c388cdc468688c8139cc2bb5157c13,www.cars.com,49a8222f235ec2c48fa9be2cdef05198,1,0,170.206,924,819,668,125,3,43,485,965,1864,18,6
Fara-7B,agent,Mind2Web--fd787623166785d84093565bf945fd24,www.drugs.com,feb0e64925713d5229ab90c1466137e5,1,0,43.394,316,182,209,23,7,10,204,364,634,11,5
Fara-7B,agent,Mind2Web--fd787623166785d84093565bf945fd24,www.drugs.com,02d459dfc8e52c901d2e188a89acea94,1,0,54.37,400,258,290,30,9,12,234,441,802,11,11
Fara-7B,agent,Mind2Web--c3307a70bb12ebf56cc9ec926b368f15,www.drugs.com,4888d13b10d91ead040c8410db285f01,1,0,45.796,334,208,240,27,9,11,200,359,669,8,8
Fara-7B,agent,Mind2Web--c3307a70bb12ebf56cc9ec926b368f15,www.drugs.com,324b872f65b94fc873fb0ce2acd3674b,1,0,50.394,343,216,243,30,9,11,211,368,687,8,7
Fara-7B,agent,Mind2Web--9586827ad04ee2362f4f0076bf0f0468,www.drugs.com,18910f55dd17d6e46e94e222cd4100e9,1,0,27.584,383,301,310,74,5,38,246,417,769,7,7
Fara-7B,agent,Mind2Web--9586827ad04ee2362f4f0076bf0f0468,www.drugs.com,d8f7ed396383fa2fa6500a8771c30d7f,1,0,26.137,381,300,308,74,5,38,245,416,765,7,7
Fara-7B,agent,Mind2Web--34992feb69eb8e788faa06868b365c49,www.dmv.virginia.gov,9f9d7c345925a4a68ff89715317604b1,1,0,73.014,106,89,62,16,1,2,61,129,217,13,3
Fara-7B,agent,Mind2Web--34992feb69eb8e788faa06868b365c49,www.dmv.virginia.gov,6f7d500299a682e40259dd9b5adf4d09,1,0,76.642,104,87,60,16,1,2,55,127,213,10,3
Fara-7B,agent,Mind2Web--47b93b9e649eadeb8d96a6e3df715c2d,www.mayoclinic.org,c4d58e2cc2128fb84a95a64a971f0520,0,0,,0,0,0,0,0,0,0,0,0,0,0
Fara-7B,agent,Mind2Web--3443e9c3151fef19a3c3a45eb2c13640,www.webmd.com,2dcef19827afa78cfaa94e1711ec02d3,1,0,21.538,956,947,815,189,3,121,647,1009,1924,32,4
Fara-7B,agent,Mind2Web--47b93b9e649eadeb8d96a6e3df715c2d,www.mayoclinic.org,155e739ecaf9332c88c79305dd9f45df,1,0,116.814,297,201,174,27,19,11,192,291,608,11,0
Fara-7B,agent,Mind2Web--6b5be1764692d1dc8f17dc4375b2daa8,finance.yahoo.com,4bc099b66da00897ffd01ce71115b9c9,1,0,57.652,1729,1183,1641,199,1,133,1635,1863,4033,72,53
Fara-7B,agent,Mind2Web--6b5be1764692d1dc8f17dc4375b2daa8,finance.yahoo.com,e819f8bb535eeee38bc9e094fc8cadc6,1,0,80.758,2233,1584,2074,201,5,136,1971,2511,4954,182,122
Fara-7B,agent,Mind2Web--3443e9c3151fef19a3c3a45eb2c13640,www.webmd.com,01648c4840f75d2b4702c7d6540b71aa,1,0,220.974,1779,1679,1447,228,23,150,1318,2380,3683,235,35
Fara-7B,agent,Mind2Web--16200f51d63f0a47a58fa17acd49e368,cookpad.com,10511b8256f573ee01b6374cecdbaf59,1,0,33.379,208,188,23,9,2,2,29,208,416,1,0
Fara-7B,agent,Mind2Web--16200f51d63f0a47a58fa17acd49e368,cookpad.com,6b91789b91b00af7cbb373c02a09522e,1,0,32.357,209,189,24,9,2,2,30,209,418,1,0
Fara-7B,agent,Mind2Web--c2153fc053112e89c2f103869c4d6890,www.thumbtack.com,9f396a362db862555cc3fb352276bb11,1,0,221.858,986,736,576,30,19,12,896,1116,2001,119,2
Fara-7B,agent,Mind2Web--c2153fc053112e89c2f103869c4d6890,www.thumbtack.com,74bd929828eb09834f05c8b43d84ca6b,1,0,199.666,524,414,301,30,7,10,428,575,1062,48,2
Fara-7B,agent,Mind2Web--5e4e89c9b6fdaee7a41aca5601b82e04,www.drugs.com,92fc8309a5655de7844c4968dea54d54,1,0,32.592,221,135,155,17,7,7,139,237,442,7,1
Fara-7B,agent,Mind2Web--5e4e89c9b6fdaee7a41aca5601b82e04,www.drugs.com,1e3aaea574b0afb05204b26d9eceb28a,1,0,41.388,227,141,160,17,7,7,144,245,454,8,0
Fara-7B,agent,Mind2Web--60cbbbd58eb9d28b053aef945f464228,www.bbb.org,c794ca4ca1045d348c062afe1a8c80af,1,0,23.847,198,188,127,5,3,4,67,185,406,1,0
Fara-7B,agent,Mind2Web--60cbbbd58eb9d28b053aef945f464228,www.bbb.org,10bccad720f98d6c5e359cf7f4904ab6,1,0,23.861,226,216,141,5,3,6,90,213,463,1,0
Fara-7B,agent,Mind2Web--8f80e64e44e1fada018997b2fe869683_110325,9gag.com,cc6e796fc6dbccc91b58cc5c5119fce8,1,0,70.775,3132,3080,2837,335,1,257,3024,3312,6319,37,64
Fara-7B,agent,Mind2Web--8f80e64e44e1fada018997b2fe869683_110325,9gag.com,734450e4844aed2f0945727a071b3eed,1,0,93.091,4160,4096,3717,366,5,282,4058,4350,8382,55,108
Fara-7B,agent,Mind2Web--65c4030f22fb6eb101acfee4825f1318,www.mayoclinic.org,c7064ae01194cb25ccc00ae80bbf5e3e,1,0,91.264,470,343,229,12,18,8,274,482,954,5,0
Fara-7B,agent,Mind2Web--65c4030f22fb6eb101acfee4825f1318,www.mayoclinic.org,0ff1e297772da7e048e2de7c8ca4f819,1,0,121.486,348,212,133,11,23,7,217,364,719,10,0
Fara-7B,agent,Mind2Web--6ca20f1da01edeb49a7a42c816d8c6fe,www.gov.uk,60b7c5104af1ded6c86f3c221be0f84d,1,0,84.613,222,188,145,2,2,4,114,223,447,2,0
Fara-7B,agent,Mind2Web--6ca20f1da01edeb49a7a42c816d8c6fe,www.gov.uk,36b0de39330cab28248e9755ba86ab36,1,0,83.935,244,209,143,2,2,4,130,247,493,3,0
Fara-7B,agent,Mind2Web--2e4e21cf1449c6894b17d571c47b77ea,www.adoptapet.com,6494c212f94c7468d3e23204c188c6cc,1,0,223.38,830,667,514,34,19,18,606,950,1681,50,19
Fara-7B,agent,Mind2Web--2e4e21cf1449c6894b17d571c47b77ea,www.adoptapet.com,0de8c9b310546fa6726a7c91c04a12bc,1,0,211.451,500,387,283,32,7,11,360,615,1014,33,17
Fara-7B,agent,Mind2Web--1df24ec81137386d6476bcf343a79012,www.bestbuy.com,456e4ae8a94b978373db918276837998,1,0,109.211,998,599,486,37,7,14,949,1558,2006,0,4
Fara-7B,agent,Mind2Web--1df24ec81137386d6476bcf343a79012,www.bestbuy.com,b19e91f169f793a5a8a5409026d9bfbe,1,0,122.972,1354,893,696,37,11,14,1280,2181,2725,2,6
Fara-7B,agent,Mind2Web--4639a54f3ab549864fd8d60b7398b1e1,www.adoptapet.com,6e45f6c6b0a91e4a458d5744f285447d,1,0,140.773,481,373,249,32,5,12,349,568,976,26,12
Fara-7B,agent,Mind2Web--9af05e392cf3f5a8ff17aa764ba5bda6,www.bbb.org,bcfd43c674783de1eae6739cd8db1ba8,1,0,13.792,36,27,5,3,3,2,11,21,81,0,0
Fara-7B,agent,Mind2Web--4639a54f3ab549864fd8d60b7398b1e1,www.adoptapet.com,954329dcc2a0347d0e8bc8c1cdec2666,1,0,184.534,617,460,330,33,10,16,457,742,1253,32,19
Fara-7B,agent,Mind2Web--627f7a18d85f29a687234f1ade4585c2,www.nba.com,b3668ea858a4392f3c1ea3372152cb0b,1,0,53.726,305,225,45,12,5,3,203,308,639,2,0
Fara-7B,agent,Mind2Web--9af05e392cf3f5a8ff17aa764ba5bda6,www.bbb.org,2904e2f85c7ba568cdaa00ecf401d16c,1,0,208.596,710,692,177,7,7,8,455,741,1487,21,5
Fara-7B,agent,Mind2Web--0b838cd54f826c59c71f600c56b89a11,www.bbb.org,a8c0f0ac94b776c0ad3482b11c744caf,1,0,101.173,370,345,168,5,11,6,223,348,771,6,0
Fara-7B,agent,Mind2Web--627f7a18d85f29a687234f1ade4585c2,www.nba.com,02500f77a74aa1e309dd98aee222d15f,1,0,213.025,384,278,47,12,5,3,230,387,797,2,0
Fara-7B,agent,Mind2Web--0b838cd54f826c59c71f600c56b89a11,www.bbb.org,aeffa1f89ee95f0466390f10cc6cc575,1,0,202.768,753,740,191,5,5,5,500,763,1570,25,0
Fara-7B,agent,Mind2Web--5dec0e6620849459f29e6465982c597e,www.bestbuy.com,e51fa3b9172f954c7d9363a8b4402233,1,0,240.172,1806,1199,927,51,15,21,1790,3022,3641,0,9
Fara-7B,agent,Mind2Web--5dec0e6620849459f29e6465982c597e,www.bestbuy.com,191ca3e8a73a0c864585644206692d19,1,0,96.405,1167,701,537,35,9,13,1090,1817,2349,0,5
Fara-7B,agent,Mind2Web--52efbab520734ef9bf7c09ba0f62cdc8,www.recreation.gov,51d0e7ddb516da8b690be15b954a4441,1,0,32.861,369,333,187,15,1,7,169,377,748,7,1
Fara-7B,agent,Mind2Web--52efbab520734ef9bf7c09ba0f62cdc8,www.recreation.gov,572c6e6407f6143679895339c448ea05,1,0,42.619,298,262,38,13,1,2,85,302,606,10,1
Fara-7B,agent,Mind2Web--b1ce968a361e1088ce8d2ade6c2c9af0,www.petfinder.com,55ddf6f9f623a5ee1c50486df48d95cb,1,0,74.164,321,252,173,13,4,5,180,320,649,3,0
Fara-7B,agent,Mind2Web--b1ce968a361e1088ce8d2ade6c2c9af0,www.petfinder.com,b5cea73d10d8be40a148e2742642dbb9,1,0,172.171,688,618,221,30,9,10,476,659,1401,13,0
Fara-7B,agent,Mind2Web--23204728192da9f73197a613d9681c18,www.mayoclinic.org,a4fdd1a93e59cc611c7ab6afb9b223c7,1,0,125.809,411,289,255,26,31,10,310,400,844,18,0
Fara-7B,agent,Mind2Web--23204728192da9f73197a613d9681c18,www.mayoclinic.org,16d4c7430b6d469aa4c46198194cfbdc,1,0,99.814,309,206,176,28,11,9,201,307,628,7,0
Fara-7B,agent,Mind2Web--a69d2934fe54fef165490a5a2d95bf38,cookpad.com,9279a75994dba6a24eed3ae29a9c8f2b,1,0,37.437,192,173,23,9,2,2,29,192,384,1,0
Fara-7B,agent,Mind2Web--a69d2934fe54fef165490a5a2d95bf38,cookpad.com,8a720b77181b331663c6763519d1b419,1,0,31.325,192,173,23,9,2,2,29,192,384,1,0
Fara-7B,agent,Mind2Web--e9f4dfc67e0e6aa37f05f7cc5aa7428c,www.healthgrades.com,8a7d16d4879f9f19e2aa481b1ee1cd52,1,0,214.772,712,709,199,5,3,4,505,735,1477,27,0
Fara-7B,agent,Mind2Web--e9f4dfc67e0e6aa37f05f7cc5aa7428c,www.healthgrades.com,014e365c1cd306947686b79e0d6e62ff,1,0,219.123,734,732,208,5,1,4,508,758,1520,26,0
Fara-7B,agent,Mind2Web--2218042362d8fae73756eb309848c2b2,www.cars.com,92929b214050ca294197f441ce760abc,1,0,84.362,689,611,453,122,1,39,386,690,1394,22,9
Fara-7B,agent,Mind2Web--ba2a469af584f16da93ce6a7430cf7e5,www.coursera.org,fd047faf9b15025d0635c766a8683903,1,0,77.385,621,529,501,37,5,6,388,699,1242,40,0
Fara-7B,agent,Mind2Web--ba2a469af584f16da93ce6a7430cf7e5,www.coursera.org,1f2521f92fb642ea693904294c29837d,1,0,39.204,589,501,473,36,5,6,353,668,1178,39,0
Fara-7B,agent,Mind2Web--26784156ae9859a0dd6c5920eb106f91,www.apartments.com,99135dad9ffff5027147dcfe68e2dba6,1,0,35.537,166,162,99,2,2,4,78,164,335,2,0
Fara-7B,agent,Mind2Web--2218042362d8fae73756eb309848c2b2,www.cars.com,703561f0d260bcfdbb7ae6fa1648cb94,1,0,218.662,1051,910,482,72,5,31,592,1106,2162,28,11
Fara-7B,agent,Mind2Web--26784156ae9859a0dd6c5920eb106f91,www.apartments.com,1478e2a7864e6b80d2cde11b5f6608bd,1,0,32.345,162,158,101,2,3,3,84,163,326,2,0
Fara-7B,agent,Mind2Web--47e314cc452c540524ffb7cf520285a3,www.recreation.gov,93a64d7cc64bb808500869ed7e71a86b,1,0,196.376,141,92,37,11,3,2,93,148,291,8,0
Fara-7B,agent,Mind2Web--47e314cc452c540524ffb7cf520285a3,www.recreation.gov,29ef1fbac2c8fb654bcca4febe7c0920,1,0,204.761,147,95,40,11,3,2,100,155,304,13,0
Fara-7B,agent,Mind2Web--271b36efd4346721b5542488ff997042,www.bestbuy.com,bbb82aa5b978e4232872ab64d64a130c,1,0,147.97,1184,757,623,34,9,12,1207,1941,2381,0,6
Fara-7B,agent,Mind2Web--6b2cfae0ef25c73d1224b6ab74cb8b63,www.nba.com,104e9bc971dcab7cc986b395d47d82a3,1,0,80.799,477,386,172,14,9,6,246,481,985,3,0
Fara-7B,agent,Mind2Web--271b36efd4346721b5542488ff997042,www.bestbuy.com,f277736709c372eade17e73f6eaeda0e,1,0,267.912,1938,1413,1141,38,15,17,1836,3179,3899,2,9
Fara-7B,agent,Mind2Web--6b2cfae0ef25c73d1224b6ab74cb8b63,www.nba.com,ca5e0b16602f72679ffdfef8a4aa0d63,1,0,96.023,631,539,209,14,9,10,383,647,1315,12,0
Fara-7B,agent,Mind2Web--0a54069a0ef542e571d1fee7f39c93d5,www.adoptapet.com,c8e22f624c8ff0f51fb4d444b4ec80da,1,0,215.807,711,580,429,34,14,15,502,819,1441,33,15
Fara-7B,agent,Mind2Web--4e3f6a538cc1f7321cfc50260db9545d,www.theweathernetwork.com,c4c820100421842591b5400bbf998ab4,1,0,52.331,939,880,664,180,3,110,656,992,1937,6,9
Fara-7B,agent,Mind2Web--0a54069a0ef542e571d1fee7f39c93d5,www.adoptapet.com,2c7c5b39a42bb60b15594f306345f0f8,1,0,210.048,363,257,206,32,6,10,264,436,733,16,8
Fara-7B,agent,Mind2Web--4e3f6a538cc1f7321cfc50260db9545d,www.theweathernetwork.com,99b025b2250db5b591062c6587012bbe,1,0,43.51,903,844,630,174,3,111,621,955,1864,6,9
Fara-7B,agent,Mind2Web--f00e7accfb4a5e09680bdb326e6274ad,www.accuweather.com,04b798380791d9d4a5cee1d28989fc20,1,0,68.972,845,817,719,192,7,140,645,966,1715,14,13
Fara-7B,agent,Mind2Web--f00e7accfb4a5e09680bdb326e6274ad,www.accuweather.com,1c246bf27239118f5359c98c09678f5a,1,0,50.64,746,720,643,170,7,116,495,854,1523,14,15
Fara-7B,agent,Mind2Web--6174e5ddd40cfbdc33ee1502f40bac39,www.recreation.gov,ee66900cf0b1ed8cca49f794deabf52f,1,0,168.756,413,362,188,14,3,5,250,430,841,24,0
Fara-7B,agent,Mind2Web--6174e5ddd40cfbdc33ee1502f40bac39,www.recreation.gov,1163b5f2f838a4365a09f593ca81c866,1,0,206.734,803,742,238,13,5,8,599,861,1663,59,2
Fara-7B,agent,Mind2Web--547f5729c59d5d12a457a3ebb74c31c6_010226,www.apartments.com,b59efcb5ba73742d3b4e07a1746b7bbe,1,0,33.252,177,173,118,2,3,3,81,181,356,2,0
Fara-7B,agent,Mind2Web--547f5729c59d5d12a457a3ebb74c31c6_010226,www.apartments.com,4f8403b447b4cb7b5a3951931c93744b,1,0,182.071,750,743,180,7,6,6,340,859,1517,11,2
Fara-7B,agent,Mind2Web--0b2623e9fa5cea997f76490bcbc5220f,www.petfinder.com,c2e51db073f7274c333a1f9d7b9b1234,1,0,49.456,141,72,28,11,2,1,90,139,286,1,0
Fara-7B,agent,Mind2Web--3ae28b3c440efe87dc700480b78ac608,www.healthgrades.com,4a171b9aa0a146c235e51b2bc49e57e4,1,0,48.343,247,244,186,15,3,9,99,249,499,2,1
Fara-7B,agent,Mind2Web--0b2623e9fa5cea997f76490bcbc5220f,www.petfinder.com,1dbac9ebcb61088b9837b1f95fe32529,1,0,215.017,669,597,339,17,9,8,268,878,1387,32,10
Fara-7B,agent,Mind2Web--0632e496d37badee0350dad358f047c5,cookpad.com,cbfa84378e0680f1af0cd327f47ddd0d,1,0,24.883,183,165,21,9,2,2,27,183,366,1,0
Fara-7B,agent,Mind2Web--3ae28b3c440efe87dc700480b78ac608,www.healthgrades.com,0628fb77eb4c0b1dd0d29315cdde0b4d,1,0,40.335,297,294,179,23,3,9,154,220,602,5,0
Fara-7B,agent,Mind2Web--0632e496d37badee0350dad358f047c5,cookpad.com,ba7851e5c5ddd4cfd8048749f9fd8f32,1,0,23.76,183,165,21,9,2,2,27,183,366,1,0
Fara-7B,agent,Mind2Web--aafd1fddea1558466ac6133934d35156,www.apartments.com,8de72f182a66d37a5337e3af83c9bce6,1,0,203.741,483,474,212,6,11,8,224,577,991,21,2
Fara-7B,agent,Mind2Web--aafd1fddea1558466ac6133934d35156,www.apartments.com,3903f953e07bb9c7158fd594b207ff13,1,0,236.52,1056,1024,616,116,13,47,612,1140,2142,73,5
Fara-7B,agent,Mind2Web--246d654fab7c31d9651007e39e75f74f,www.recreation.gov,626c733a4da61c1acbb426d596f6aa58,1,0,221.025,509,455,220,15,3,9,352,540,1041,31,2
Fara-7B,agent,Mind2Web--246d654fab7c31d9651007e39e75f74f,www.recreation.gov,9cda4b24308938d6de7ce6a9631292fa,1,0,218.476,495,442,210,13,3,9,347,523,1011,30,1
Fara-7B,agent,Mind2Web--690d7b4a285fdb1e9dabf973bf46ae4d,craigslist.org,c7a6026b1e8b7f9e7e49bb2c2ef9babf,1,0,66.487,28,0,0,0,0,0,23,42,66,0,0
Fara-7B,agent,Mind2Web--690d7b4a285fdb1e9dabf973bf46ae4d,craigslist.org,3d0154860b5f00d1fc4a4f99c9bfb277,1,0,74.358,28,0,0,0,0,0,23,42,66,0,0
Fara-7B,agent,Mind2Web--c43a7dccf5c44f7b45a821e712dd1970,www.healthline.com,6c5e6c6f9020b855045f4363448a433b,1,0,197.739,381,371,263,64,3,14,215,393,764,15,4
Fara-7B,agent,Mind2Web--d5c34bf39eb6096ae5d439325cde4d32,www.dmv.virginia.gov,9a85153112e3136e2d9609e9b9ca4422,1,0,44.761,147,120,65,17,7,2,55,179,312,6,3
Fara-7B,agent,Mind2Web--c43a7dccf5c44f7b45a821e712dd1970,www.healthline.com,0b11075d8d474a02ceb43ccac5d70316,1,0,200.729,355,346,275,65,3,15,198,369,712,15,4
Fara-7B,agent,Mind2Web--d5c34bf39eb6096ae5d439325cde4d32,www.dmv.virginia.gov,557585e1fd42dcf4a18322b046030bbc,1,0,40.295,138,111,56,14,7,2,57,170,294,6,3
Fara-7B,agent,Mind2Web--180ed2ec377ef3a4af9035a21522091a,umich.edu,9f05d974634a270fae9f368bde9a96a8,1,0,62.839,304,59,60,10,2,1,262,308,643,20,15
Fara-7B,agent,Mind2Web--180ed2ec377ef3a4af9035a21522091a,umich.edu,3640d8b4341937f14efdf9e2fdc8c121,1,0,58.88,304,58,60,10,2,1,263,310,643,20,15
Fara-7B,agent,Mind2Web--c521933dad9c0ef9f1dfa2f38b8e4405,www.accuweather.com,d0e209370eb8f11dd72fecda533991c6,1,0,42.234,486,456,388,115,7,68,311,594,997,14,13
Fara-7B,agent,Mind2Web--c521933dad9c0ef9f1dfa2f38b8e4405,www.accuweather.com,4e9085133ee9762e6e302e70bb0e09b7,1,0,50.697,612,588,518,103,9,50,253,702,1251,21,11
Fara-7B,agent,Mind2Web--9b5dfe54a1c14c5c6336bae7374c3bb5,www.ups.com,eca1631fb8022f5ebee253d3cf2ef0b3,1,0,61.358,501,321,248,52,7,16,370,612,1014,11,3
Fara-7B,agent,Mind2Web--9b5dfe54a1c14c5c6336bae7374c3bb5,www.ups.com,94efc19e45ce1dceeb8504ff18f654b2,1,0,113.71,881,675,464,56,15,22,642,821,1770,28,1
Fara-7B,agent,Mind2Web--c073ac1bcf40f84c599affc97edbc396,www.apartments.com,63f5f2bd7d3d906f96af4e1559fc3b6b,1,0,249.358,432,427,186,4,5,6,135,477,877,10,0
Fara-7B,agent,Mind2Web--c073ac1bcf40f84c599affc97edbc396,www.apartments.com,332e42916f1d408b4f334809ef00b889,1,0,224.258,891,886,187,7,5,9,659,910,1811,8,8
Fara-7B,agent,Mind2Web--73d08420706ae205a9c5be28b6d4e80f,www.recreation.gov,2d23b68dc5761edd7b883abca3f992d7,1,0,56.485,387,339,180,13,3,6,248,400,786,11,1
Fara-7B,agent,Mind2Web--73d08420706ae205a9c5be28b6d4e80f,www.recreation.gov,8d9d23fb2fde26b2c7271a65141a9aa5,1,0,220.417,614,533,263,15,5,9,445,662,1265,51,3
Fara-7B,agent,Mind2Web--0a0fa834ce41b5297c6474293383759d_110325,www.carnival.com,bb92fde87d284d43184d0a90004ad247,1,0,222.222,1904,1651,1415,106,15,45,1594,2539,3878,182,6
Fara-7B,agent,Mind2Web--0a0fa834ce41b5297c6474293383759d_110325,www.carnival.com,8992273ecbcb235fa37b7d182ac57879,1,0,209.712,1098,871,760,102,7,38,819,1322,2228,97,6
Fara-7B,agent,Mind2Web--a13e4231a3d6a7000c622c56448d97ba,www.airbnb.com,351aa6974dc2900e16a57571f658e0cd,1,0,212.897,798,595,229,20,5,9,335,860,1752,17,24
Fara-7B,agent,Mind2Web--a13e4231a3d6a7000c622c56448d97ba,www.airbnb.com,326e2d24ba223bc162b3edce8334d927,1,0,219.139,536,416,138,22,3,8,189,572,1176,8,28
Fara-7B,agent,Mind2Web--bb518416a786fdb9b9bbf0c78515595e,www.osu.edu,451d73d7d224c40500e0476f7949c8cd,1,0,225.991,570,521,321,32,5,15,334,643,1189,22,30
Fara-7B,agent,Mind2Web--bb518416a786fdb9b9bbf0c78515595e,www.osu.edu,41d9805828be7e67bad8a0cc7fa1873c,1,0,139.966,472,426,282,25,11,12,248,524,971,14,20
Fara-7B,agent,Mind2Web--b99c02965196d51e80ac7539e33f335b,www.berkeley.edu,628c85634ea72c125cab6d7597679e61,1,0,165.78,252,222,77,20,3,5,144,278,515,4,3
Fara-7B,agent,Mind2Web--b99c02965196d51e80ac7539e33f335b,www.berkeley.edu,b93a9266b4f9079e3a67ab5e1ddf98cd,1,0,227.996,300,261,94,20,3,5,141,325,611,5,3
Fara-7B,agent,Mind2Web--27fa3ac20745d3d35e89fae157f63069,www.stanford.edu,b9458e88895017ed843e1fd8001642bf,1,0,227.258,416,367,240,21,1,6,156,449,845,20,4
Fara-7B,agent,Mind2Web--b4aa7315e31dfcdc52baf7771be260c9,www.nvidia.com,ad8fcf9591e115a609fe4c49af2e4787,1,0,34.993,329,279,206,27,5,8,142,355,663,22,0
Fara-7B,agent,Mind2Web--27fa3ac20745d3d35e89fae157f63069,www.stanford.edu,207592a410a8168af8cb5a5a27f3434c,1,0,231.173,375,324,78,15,1,2,269,432,753,8,2
Fara-7B,agent,Mind2Web--442a450e696a96085257db6297891a4d,www.chase.com,f72b310f50a2176bbb79a2bc5795abb7,1,0,190.122,526,386,263,21,9,13,427,550,1077,6,1
Fara-7B,agent,Mind2Web--b4aa7315e31dfcdc52baf7771be260c9,www.nvidia.com,8de1d2719a72d7e895ff5451c9d5ca15,1,0,229.019,1128,1029,815,65,9,32,776,1499,2271,424,1
Fara-7B,agent,Mind2Web--9ed3827266b3b804f485859c3d00401e,www.chase.com,fe125ebe66a37b51a0076e9deec7172a,1,0,195.892,268,153,94,18,7,10,261,285,555,1,1
Fara-7B,agent,Mind2Web--442a450e696a96085257db6297891a4d,www.chase.com,739f7574482a8b65dd16017ce4ff0fb1,1,0,215.797,245,134,79,18,7,10,227,259,505,1,1
Fara-7B,agent,Mind2Web--9ed3827266b3b804f485859c3d00401e,www.chase.com,edea01c3fddb833709bfea5532c3a7d7,1,0,124.343,466,339,236,18,7,11,349,495,959,3,2
Fara-7B,agent,Mind2Web--c801d1c951f59297f526bab84fa86c6e,store.steampowered.com,1a4ae20f2989a894b08c42acdae9b251,1,0,22.292,196,196,130,2,0,3,82,196,393,1,0
Fara-7B,agent,Mind2Web--c801d1c951f59297f526bab84fa86c6e,store.steampowered.com,ba42b79982817e6e65ec1d88f7a721ea,1,0,172.186,363,363,173,4,0,6,149,407,739,11,0
Fara-7B,agent,Mind2Web--7c09c2c7c87cf6bb1138701eb54284ea,phys.org,2f041958be7a919cb6032460368333ab,1,0,68.922,386,376,361,35,5,20,77,397,780,0,2
Fara-7B,agent,Mind2Web--7c09c2c7c87cf6bb1138701eb54284ea,phys.org,1df524cf198ef68265add4f0fe3e27c8,1,0,73.232,473,460,419,50,5,30,125,477,955,1,3
Fara-7B,agent,Mind2Web--afcebfed28bea091d58f49ea6cb8194b,www.cvs.com,fcfe4e8686733cbb0e5f1a137bdcecdb,0,0,11.006,3,0,0,0,0,0,2,1,6,0,0
Fara-7B,agent,Mind2Web--afcebfed28bea091d58f49ea6cb8194b,www.cvs.com,07fdd46b441a5cb8ecaeacfccfb94c28,1,0,203.126,1324,1316,751,36,3,18,756,1344,2661,158,0
Fara-7B,agent,Mind2Web--64345c365f544375357c7b67917f08a0_110325,www.us-appliance.com,273769fbbc17cabb96c70e981da820d9,1,0,178.176,1675,1545,804,88,17,50,1200,1662,3423,45,4
Fara-7B,agent,Mind2Web--64345c365f544375357c7b67917f08a0_110325,www.us-appliance.com,2f4c7113918622d711a548c358ee4953,1,0,66.79,469,441,169,54,3,18,261,434,949,10,0
Fara-7B,agent,Mind2Web--ab6ee3b83aab6cd283320f5e01003cff,www.apple.com,f01eddd03915908d87fb3fb15696a61e,1,0,72.23,253,10,16,2,2,1,252,269,512,8,0
Fara-7B,agent,Mind2Web--ab6ee3b83aab6cd283320f5e01003cff,www.apple.com,963346e6db9b62356d3701337d804a5c,1,0,68.093,254,10,18,2,2,1,253,270,514,8,0
Fara-7B,agent,Mind2Web--33bd2cdcea4fcc42a09a8a1e4e5841c6_110325,raisingcanes.com,7376529a9a420b1567e03d17538142ef,0,0,38.966,7,1,0,0,0,0,5,3,14,0,0
Fara-7B,agent,Mind2Web--33bd2cdcea4fcc42a09a8a1e4e5841c6_110325,raisingcanes.com,6bb0a9bdeabbeaa72499e0248a312ec1,1,0,244.931,969,961,481,34,3,16,703,1160,1972,36,0
Fara-7B,agent,Mind2Web--47186fac8e7c7277af01144644eb4e0b_121125,www.parkers.co.uk,020446430a734499882cf990b6f33be3,1,0,269.109,3882,3790,3251,295,9,206,3370,4381,7878,101,73
Fara-7B,agent,Mind2Web--47186fac8e7c7277af01144644eb4e0b_121125,www.parkers.co.uk,980e37dad4e0bd6fc9a69c4fcc1ef545,1,0,270.124,3165,3086,2588,299,25,193,2339,3494,6428,92,56
Fara-7B,agent,Mind2Web--fa9adb815b85d259f943d81874a052e5,soundcloud.com,f5ca46894f11b018331f521ac6168f34,1,0,17.251,193,193,138,2,0,3,71,194,387,1,0
Fara-7B,agent,Mind2Web--fa9adb815b85d259f943d81874a052e5,soundcloud.com,3861028ae2d4eafaedde715dcc3d3af6,1,0,202.17,281,281,140,4,0,5,121,304,575,2,5
Fara-7B,agent,Mind2Web--b922508886ded315c9835457a6eb43ea,jobs.chronicle.com,3c06f4a9a8aa9d331a20671e9e875107,1,0,206.481,744,672,243,23,11,8,506,763,1536,21,2
Fara-7B,agent,Mind2Web--b922508886ded315c9835457a6eb43ea,jobs.chronicle.com,4d644089e69afa259e96fceb98ef3510,1,0,250.405,1109,1045,443,56,9,27,862,1186,2265,82,3
Fara-7B,agent,Mind2Web--5d542a7ec1fa142ba73cc87d970caf39,dblp.org,8de99b04ff5671fbe0d4a8479766a09b,1,0,104.455,139,0,0,0,0,0,73,141,278,0,0
Fara-7B,agent,Mind2Web--5d542a7ec1fa142ba73cc87d970caf39,dblp.org,6abc46b2a5896224a9eb602eea4026ae,1,0,90.55,113,0,0,0,0,0,44,112,226,0,0
Fara-7B,agent,Mind2Web--864244b6969e0f8733b0eb1ca06cd51f,www.espn.com,9f7ca51b44c4c79d6dc693561f8d45f9,1,0,44.257,967,953,612,143,21,89,528,936,2011,5,18
Fara-7B,agent,Mind2Web--864244b6969e0f8733b0eb1ca06cd51f,www.espn.com,837cd7e1c6ccc52d804febbe8a76325b,1,0,86.906,697,692,444,121,5,76,334,755,1466,12,13
Fara-7B,agent,Mind2Web--01abae9608f2d8752a83e08f136f720c,www.cboe.com,efb90b63a85b86eda9c04cc4e441b82b,1,0,86.954,523,300,191,39,15,16,338,715,1050,15,1
Fara-7B,agent,Mind2Web--01abae9608f2d8752a83e08f136f720c,www.cboe.com,38c94a6a993549fa1b312709c19bb326,1,0,224.245,1327,694,480,41,63,21,1052,2386,2672,143,26
Fara-7B,agent,Mind2Web--da8f3823a827c7d3a492f383808e7912,www.instructure.com,fbafc3c2c76a6e68cb032035678d11a9,1,0,100.917,579,419,304,61,6,16,254,624,1188,61,3
Fara-7B,agent,Mind2Web--da8f3823a827c7d3a492f383808e7912,www.instructure.com,8a86781b9b5135bc8d61417953ceef2c,1,0,99.422,685,443,314,59,4,15,360,736,1411,68,3
Fara-7B,agent,Mind2Web--8689af4d33ce00bf2cdd8987d3bbfd86,www.apple.com,3888651b3845ed7d60460e3e890a4d1e,1,0,144.53,614,397,175,8,4,5,321,684,1263,26,1
Fara-7B,agent,Mind2Web--8689af4d33ce00bf2cdd8987d3bbfd86,www.apple.com,c05fd0d57f896af1c081957ca34252f4,1,0,126.123,358,149,32,5,2,1,232,390,732,12,1
Fara-7B,agent,Mind2Web--78f397336b6fd1cbba0127db7a8cd502,www.redbull.com,d790677472eeae31950d684db772fb56,1,0,73.277,662,518,182,11,3,4,523,731,1362,2,9
Fara-7B,agent,Mind2Web--78f397336b6fd1cbba0127db7a8cd502,www.redbull.com,fa204d22946c78a8587f4d61a047b9c6,1,0,193.137,1087,910,290,25,5,9,897,1274,2252,16,16
Fara-7B,agent,Mind2Web--3dca7cbe7d086619d837ff9f5312cebc_110325,zara.com,05a3f1fe6e6f2bdb6f9bc9668b072ee5,1,0,123.107,350,286,39,12,1,1,69,349,702,1,0
Fara-7B,agent,Mind2Web--3dca7cbe7d086619d837ff9f5312cebc_110325,zara.com,7e1e9af91bb2ec9bca260ba3d4c45671,1,0,115.384,525,447,187,30,5,5,224,552,1060,17,4
Fara-7B,agent,Mind2Web--b962927dfe03bf2274a54381127ed433,bandcamp.com,8552369d79708382cf5bd7345a5b7c58,1,0,164.569,965,917,203,7,19,7,180,982,1931,2,2
Fara-7B,agent,Mind2Web--b962927dfe03bf2274a54381127ed433,bandcamp.com,e47a730a6e5f4cd206b62cd76758277d,1,0,215.316,856,783,109,11,7,5,142,877,1726,17,2
Fara-7B,agent,Mind2Web--78baf9dbe7c3532f7d7ef4cc22a7f065_121125,www.statista.com,f4791852128952c43c7ec4c182ae10d8,1,0,60.122,148,63,20,5,2,2,94,145,301,0,0
Fara-7B,agent,Mind2Web--78baf9dbe7c3532f7d7ef4cc22a7f065_121125,www.statista.com,fa8cb98565958b9950e9a0b72395a91e,1,0,62.001,300,241,176,30,7,11,366,406,665,55,8
Fara-7B,agent,Mind2Web--c7c07ec10c668625a21ba64165d719bb,www.verizon.com,2f0227614ecc76d94587cf5a0eb61bab,1,0,70.593,801,746,602,84,9,42,516,907,1616,65,24
Fara-7B,agent,Mind2Web--c7c07ec10c668625a21ba64165d719bb,www.verizon.com,20b9ee8b9547043912e3034c8f31eec1,1,0,57.803,783,731,589,87,9,45,512,892,1582,70,25
Fara-7B,agent,Mind2Web--512fd4deab099b8dc0dcfc0ec48a3c63,github.com,cbd007f4a236c7b15d2aaa50cc949cf8,1,0,40.66,402,336,25,2,0,0,65,401,804,0,1
Fara-7B,agent,Mind2Web--512fd4deab099b8dc0dcfc0ec48a3c63,github.com,bb38b95eb330055beda8e7c23df6e50e,1,0,119.131,439,377,32,2,0,0,61,439,878,0,1
Fara-7B,agent,Mind2Web--d9d8b7d84a3f8d057e368254fe8d65e2,github.com,8c237c053483f5031d8b55b9bb7a2ff7,1,0,94.749,381,307,31,2,0,0,73,380,762,0,1
Fara-7B,agent,Mind2Web--d9d8b7d84a3f8d057e368254fe8d65e2,github.com,7479d3ee95c4102a6ee4ca3826d2781a,1,0,111.889,405,308,41,2,0,0,96,404,810,0,1
Fara-7B,agent,Mind2Web--157f4a79d55e8fa3fd55ba772ba40fbc,www.disney.com,f470b9f5ce0d302eeea38d63f6354722,1,0,223.235,618,606,357,13,9,9,307,776,1345,6,23
Fara-7B,agent,Mind2Web--157f4a79d55e8fa3fd55ba772ba40fbc,www.disney.com,b26c8ed672e3b1af71e9dfa7938adfa9,1,0,145.361,845,839,497,88,1,42,424,891,1745,24,15
Fara-7B,agent,Mind2Web--62c8d970b3d13891f355911e5a8f4030,store.steampowered.com,73730b99985c0eefaa9997a547d4521c,1,0,101.92,537,537,153,5,0,6,396,555,1087,4,3
Fara-7B,agent,Mind2Web--11857213ca01510f12813740afd59918_110325,www.birkenstock.com,d5695c9db1c5095dcb9d33e407fa29fc,1,0,100.279,339,172,135,21,6,2,357,409,798,41,19
Fara-7B,agent,Mind2Web--62c8d970b3d13891f355911e5a8f4030,store.steampowered.com,70b3ea17da9cc4b59d0002853e08f842,1,0,204.431,595,595,180,5,0,9,306,623,1251,20,6
Fara-7B,agent,Mind2Web--47bfe8a7e0e4e7efc837287b407fbe90,versus.com,adf9d3fa148f7df27fa0f09fe2d0d2df,1,0,180.737,2055,2003,1743,195,29,146,1350,2192,4226,11,1
Fara-7B,agent,Mind2Web--11857213ca01510f12813740afd59918_110325,www.birkenstock.com,f81e5ed743ba622dd8faf03b38f09225,1,0,215.33,544,370,314,20,4,2,691,898,1322,52,43
Fara-7B,agent,Mind2Web--bb314cb80f0f8489135cbf59074d11e2,iclr.cc,9b8fda5b8b43f998bf18a02ce3cabb42,1,0,50.013,138,96,6,4,1,1,50,122,276,0,1
Fara-7B,agent,Mind2Web--47bfe8a7e0e4e7efc837287b407fbe90,versus.com,47f31fc7c34a57f9d0d1e8822b24b59e,1,0,114.498,2015,1982,1765,196,23,140,1343,2177,4154,6,1
Fara-7B,agent,Mind2Web--bb314cb80f0f8489135cbf59074d11e2,iclr.cc,2963ca1e220f0c9458bd45a988314121,1,0,79.554,221,199,133,2,1,3,87,207,443,1,0
Fara-7B,agent,Mind2Web--1aeca99e6a60b0e3aefb3ef212bdce79,www.ca.gov,e2f5502bd68a6dbc61661e571d10f136,1,0,193.897,160,141,54,9,5,6,126,171,322,0,2
Fara-7B,agent,Mind2Web--1aeca99e6a60b0e3aefb3ef212bdce79,www.ca.gov,7d4d3f5c5a1b061496b1be06e84f8621,1,0,224.873,1137,1120,550,61,3,25,584,1174,2349,63,3
Fara-7B,agent,Mind2Web--d730f4ff450da1bd60a836163736ef6a_110325,www.backcountry.com,e74438b849746155e6ca955d1b5b8c92,1,0,78.686,246,237,155,3,4,5,116,249,500,4,0
Fara-7B,agent,Mind2Web--fe33894188d20d7469f37a9fd855e7ff_110325,sourceforge.net,f599feb9fb13203b6ea5aa593d543d83,1,0,100.969,517,470,313,57,13,33,327,704,1059,170,22
Fara-7B,agent,Mind2Web--d730f4ff450da1bd60a836163736ef6a_110325,www.backcountry.com,35a1488f3ce1f853628a0d3c0203d9b7,1,0,239.196,520,510,182,3,7,6,325,522,1071,16,0
Fara-7B,agent,Mind2Web--fe33894188d20d7469f37a9fd855e7ff_110325,sourceforge.net,4c2f07b9aebf1743d8f851bd08bb690a,1,0,108.609,550,478,379,45,19,28,424,810,1137,249,33
Fara-7B,agent,Mind2Web--71f8de1834599fba443f40dbbfab8edd,arxiv.org,267de9626fe3cf3c21ecc9b7d2f7fcfb,1,0,73.955,86,9,0,0,0,0,3,96,172,0,0
Fara-7B,agent,Mind2Web--71f8de1834599fba443f40dbbfab8edd,arxiv.org,9064757e20b6e31257931dcbf98a0ef6,1,0,73.936,65,8,0,0,0,0,1,67,130,0,0
Fara-7B,agent,Mind2Web--c8c1ff115879b3afd14280beb1559b13,www.4shared.com,1df6dabc446ac06b69e928c663e85163,1,0,79.807,283,283,127,2,0,4,153,289,578,6,0
Fara-7B,agent,Mind2Web--c8c1ff115879b3afd14280beb1559b13,www.4shared.com,0c8715e6ed8ea139e67c740161474474,1,0,213.381,863,863,217,12,0,12,484,894,1785,28,1
Fara-7B,agent,Mind2Web--d4fb78b7e74508cd3b33f01cf9200997,www.americashealthrankings.org,56746e8897c2ddc54ee6af3ce567b15b,0,0,209.728,162,74,54,10,0,0,134,190,324,51,2
Fara-7B,agent,Mind2Web--d4fb78b7e74508cd3b33f01cf9200997,www.americashealthrankings.org,05eb30d27c291b626d9e4fa4925fcaf0,0,0,60.088,135,48,28,10,0,0,84,166,270,4,2
Fara-7B,agent,Mind2Web--0e42c3a73f2aece1f854e0ba55b7c8b0,www.google.com,59fbbb3cca188c50c010619d0cf461fd,1,0,107.797,825,233,155,3,2,1,606,829,1652,22,0
Fara-7B,agent,Mind2Web--0e42c3a73f2aece1f854e0ba55b7c8b0,www.google.com,19e2fd8e7c7c3aa7ca94aa125be83af3,1,0,217.702,1533,358,212,6,4,4,1204,1538,3078,29,0
Fara-7B,agent,Mind2Web--96afb3c51146b0c2a9c55f039a5ea6d6,www.merriam-webster.com,f1a3d2c052c8c33f2bd139b033926df5,1,0,97.152,3169,3073,2860,350,5,239,3061,3433,6443,10,34
Fara-7B,agent,Mind2Web--96afb3c51146b0c2a9c55f039a5ea6d6,www.merriam-webster.com,92fa492efe2ae55dc1be1ea93df3273f,1,0,60.638,1260,1180,1021,179,5,109,892,1372,2568,9,11
Fara-7B,agent,Mind2Web--59912927c1fddee6ded8a49986896bc2,www.samsung.com,3d208d3c93f1cdd9b410697ac95f4887,1,0,147.366,1985,1710,882,83,21,27,1737,2253,3999,19,15
Fara-7B,agent,Mind2Web--59912927c1fddee6ded8a49986896bc2,www.samsung.com,2497e142055a6e04e39f147bd710b9eb,1,0,118.554,1296,1084,529,82,7,28,1110,1515,2614,11,14
Fara-7B,agent,Mind2Web--e43cbc8a0bf9e999884928d11006f894_110325,www.airbnb.com,2dd28716d48ac9b6101b94072966bdf4,1,0,197.884,977,827,196,23,5,10,278,1041,2050,14,35
Fara-7B,agent,Mind2Web--e43cbc8a0bf9e999884928d11006f894_110325,www.airbnb.com,b21d7144b46efef1d11c550ea421a4c0,1,0,228.91,1193,966,260,20,7,9,373,1271,2534,18,56
Fara-7B,agent,Mind2Web--1b867afecf072cb877ebfa4069263746,www.americashealthrankings.org,0ff7caf7e95d7396af97f5dd23f602cd,1,0,52.493,172,58,42,11,0,0,119,236,344,7,2
Fara-7B,agent,Mind2Web--1b867afecf072cb877ebfa4069263746,www.americashealthrankings.org,7da1a6b8641d232a53f968e177c8d615,1,0,51.106,203,90,74,11,0,0,116,266,406,4,2
Fara-7B,agent,Mind2Web--c3a333968fc3c43d7f2688f425a0d633,www.porsche.com,cdfb1af931aebfefe9479ac677a1eaa6,1,0,222.252,980,910,375,42,5,21,574,1084,2009,48,5
Fara-7B,agent,Mind2Web--c3a333968fc3c43d7f2688f425a0d633,www.porsche.com,21345f23347ebe2c9324bae6b36f7648,1,0,231.728,1370,1299,696,140,7,74,811,1528,2784,60,5
Fara-7B,agent,Mind2Web--bb5d90e6f2fbc0ae146f7c1998c2b4a1,www.ted.com,dfd4157ef574e0ccc6c861df411d0dae,1,0,52.419,486,291,128,34,3,23,263,556,1002,3,0
Fara-7B,agent,Mind2Web--bb5d90e6f2fbc0ae146f7c1998c2b4a1,www.ted.com,8028e0c0c3ee8e6500582b648cca6c13,1,0,132.655,970,587,194,44,5,39,511,1109,2085,3,0
Fara-7B,agent,Mind2Web--c577a14301a725e09ccd269a3e0b271e_110325,www.wineaccess.com,c0d5586dfbc7f7e71d78b939b960739c,1,0,58.307,228,223,146,2,5,5,114,230,463,4,0
Fara-7B,agent,Mind2Web--c577a14301a725e09ccd269a3e0b271e_110325,www.wineaccess.com,1cda92fdc06747f7daedab2ef333f14f,1,0,194.134,479,472,203,13,5,9,177,459,974,12,0
Fara-7B,agent,Mind2Web--c6c9dc6079677cef594cec2fa6b16602,www.ikea.com,86b4470b6f83fe5f2d1e43789c3c1801,1,0,81.436,824,254,202,22,11,6,740,925,1714,25,1
Fara-7B,agent,Mind2Web--c6c9dc6079677cef594cec2fa6b16602,www.ikea.com,499d2c58e7c1eb51ad6ed0d13e877770,1,0,75.266,1005,317,253,22,11,6,925,1162,2106,35,2
Fara-7B,agent,Mind2Web--c39d6c245f8243993e707d54d2f4acec,www.leagueoflegends.com,0c2218c7d67a19ea173242516b64de1d,1,0,22.755,177,177,141,2,0,4,80,178,357,2,0
Fara-7B,agent,Mind2Web--c39d6c245f8243993e707d54d2f4acec,www.leagueoflegends.com,0b01d609081ec37773ad90969254289a,1,0,35.767,181,181,142,2,0,4,82,183,365,2,0
Fara-7B,agent,Mind2Web--b2f4fde2fce122a93c7b578086cb0585,www.booking.com,61cdc887580dde448c290542474b9dec,1,0,214.228,1327,1259,464,76,11,29,528,1391,2782,153,9
Fara-7B,agent,Mind2Web--b2f4fde2fce122a93c7b578086cb0585,www.booking.com,04e36f60f687282780ab598e2757c18e,1,0,228.168,688,574,379,55,12,28,447,789,1510,233,18
Fara-7B,agent,Mind2Web--d02d236836924919f35f2438d9ed2374,www.imdb.com,193fff965f4cb2fb7be6c46c2ab82c9d,1,0,194.402,369,345,180,10,7,2,113,379,832,0,0
Fara-7B,agent,Mind2Web--d02d236836924919f35f2438d9ed2374,www.imdb.com,b33d90711c90056021f8c3dce9c8bc6c,1,0,204.991,485,448,281,10,13,2,156,510,1103,0,0
Fara-7B,agent,Mind2Web--3621b099326c7aebd2e2dac6be3b52d1,www.nvidia.com,f168cc825fca694307e3a2d94d10427a,1,0,42.84,318,279,160,7,1,4,157,316,637,1,0
Fara-7B,agent,Mind2Web--3621b099326c7aebd2e2dac6be3b52d1,www.nvidia.com,56375498c5f782556e84144b6cb462f1,1,0,53.251,258,228,130,8,1,4,109,257,517,1,0
Fara-7B,agent,Mind2Web--f27b393bbd2082f92b566270c4b74fe6,www.parkers.co.uk,5b2714f764f47aa637c19ca695213421,1,0,118.617,1739,1697,1512,229,7,145,1367,1934,3518,24,30
Fara-7B,agent,Mind2Web--f27b393bbd2082f92b566270c4b74fe6,www.parkers.co.uk,01b9f04f986cb0c4d4d1dc17482206f6,1,0,135.531,1553,1513,1365,220,5,139,1198,1734,3147,23,30
Fara-7B,agent,Mind2Web--ba01ea557b73f864c35ebba0dd6f3cb2,www.google.com,fcc7c932066dc8cda19ff9eacdfd8eb8,1,0,211.432,1479,777,198,6,3,6,832,1484,2960,17,1
Fara-7B,agent,Mind2Web--ba01ea557b73f864c35ebba0dd6f3cb2,www.google.com,e007069e055832526cce06df473247b5,1,0,219.217,1876,909,397,5,3,8,1118,1892,3762,38,0
Fara-7B,agent,Mind2Web--662ae0f2d3ac851dbcdd245f908277e3,wanderlog.com,06bce3bf7fe9a9dd7814624ee5fecf73,1,0,25.317,85,22,4,3,2,1,61,84,170,6,0
Fara-7B,agent,Mind2Web--662ae0f2d3ac851dbcdd245f908277e3,wanderlog.com,d10846c037e716a3ad660e63c34ed3f7,1,0,105.433,637,447,178,12,8,7,290,632,1281,29,0
Fara-7B,agent,Mind2Web--461ab9b0c7b20ac5f912704480979c65,www.nyse.com,69b77abcbb9f93c6e80fe81b6adaab98,1,0,52.579,478,462,56,19,5,6,48,490,961,8,4
Fara-7B,agent,Mind2Web--a96fca87a17d792644e736d1d10d3cbe,mega.io,3bd41f84473ba5918c9f71ef7e516968,0,0,14.19,0,0,0,0,0,0,0,0,0,0,0
Fara-7B,agent,Mind2Web--a96fca87a17d792644e736d1d10d3cbe,mega.io,7f4ba4f68e4f2aa636d89939cc565b21,1,0,17.055,181,181,134,2,0,3,80,181,363,1,0
Fara-7B,agent,Mind2Web--461ab9b0c7b20ac5f912704480979c65,www.nyse.com,ed9d2668f41008062cf437f2e0420a5a,1,0,80.129,792,771,179,21,13,11,136,803,1597,18,8
Fara-7B,agent,Mind2Web--2c8ef01a92c71ba9ef2e59bb17eea2b3_110325,www.bhphotovideo.com,f51248fb349809d13e13efc81afb4c6e,1,0,73.341,94,46,33,16,3,1,55,97,190,0,2
Fara-7B,agent,Mind2Web--3084bc225219fcb73dc1cb0f97276c1c,www.ups.com,ad000a18b092d2f11a2e8192b126a7c6,1,0,113.36,381,217,177,47,3,10,267,423,763,15,1
Fara-7B,agent,Mind2Web--2c8ef01a92c71ba9ef2e59bb17eea2b3_110325,www.bhphotovideo.com,c67886771db7195c1abcba17fa48fec2,1,0,201.184,840,775,235,21,7,4,587,866,1737,27,2
Fara-7B,agent,Mind2Web--3084bc225219fcb73dc1cb0f97276c1c,www.ups.com,153776e242e6693679a5bcec91ec3b7d,1,0,195.056,777,446,359,56,11,17,576,754,1561,13,1
Fara-7B,agent,Mind2Web--949dc965a6c23a95663b3bc2ca2c3a8a,www.flightaware.com,5d9bf8b2326c8bd3830fcf2e3a12bfe5,1,0,270.369,6731,6478,5986,385,27,275,5004,7661,13635,49,121
Fara-7B,agent,Mind2Web--949dc965a6c23a95663b3bc2ca2c3a8a,www.flightaware.com,919d6da504ad294bc815b4e61df8a5f5,1,0,207.478,975,852,374,64,3,16,629,1063,2005,36,1
Fara-7B,agent,Mind2Web--636b07af4dd97c1793733db1fd1b90b8_110325,www.jcpenney.com,b34dcbf2c361855da51cfff3ef9742fb,1,0,218.864,1472,1461,702,49,13,33,524,1579,2965,49,2
Fara-7B,agent,Mind2Web--38203be65401943aea2179c4c680059a,new.mta.info,b863c5e60139512940005b5e27d3d95b,0,0,45.724,151,150,6,5,1,1,32,155,306,0,0
Fara-7B,agent,Mind2Web--636b07af4dd97c1793733db1fd1b90b8_110325,www.jcpenney.com,1c9f3f79a4eff13fdd90c1ce91aea639,1,0,215.852,614,609,336,15,7,6,556,707,1252,59,8
Fara-7B,agent,Mind2Web--38203be65401943aea2179c4c680059a,new.mta.info,468983340f06f2607451481c9fe63c25,0,0,45.042,140,139,6,5,1,1,32,144,284,0,0
Fara-7B,agent,Mind2Web--cf757a775fa1224acfc7998489e199a8,www.ryanair.com,b3dcae2e424cdfeca1d99bd524498b9d,1,0,218.98,385,189,62,12,5,2,249,429,777,21,2
Fara-7B,agent,Mind2Web--cf757a775fa1224acfc7998489e199a8,www.ryanair.com,82cfc03d93e56100b942007b10c8bfe6,1,0,221.063,209,129,33,8,4,1,102,234,422,13,0
Fara-7B,agent,Mind2Web--d8e2a81fa621ce4737e5ea85671b630e_110325,ziprecruiter.com,7d9c5e294519244b92ab56419334862f,1,0,221.033,878,792,308,13,25,9,283,984,1788,28,0
Fara-7B,agent,Mind2Web--d8e2a81fa621ce4737e5ea85671b630e_110325,ziprecruiter.com,fb604750df2f7e2f3fc0630ec5a00e7b,1,0,259.112,1201,1037,411,26,13,13,601,1272,2446,39,1
Fara-7B,agent,Mind2Web--63d6866fc000fcb1f153e07604bd1395,us.trip.com,164b8bd42aa9655343452305c109273e,1,0,73.847,1068,1043,316,26,1,9,557,1155,2342,15,1
Fara-7B,agent,Mind2Web--63d6866fc000fcb1f153e07604bd1395,us.trip.com,2861be9d0e93e13c8739703111c8a5ae,1,0,75.721,968,943,308,27,1,9,450,1060,2154,15,1
Fara-7B,agent,Mind2Web--199be0b54a436daee74247971fc684ee_110325,www.dillards.com,221ecf90d183a003aec1fff11c01ed2a,1,0,107.947,592,587,312,55,7,26,333,619,1206,35,4
Fara-7B,agent,Mind2Web--c00437fd76a7a83b57f3dc4e5dbc41f8,www.amazon.jobs,ab3bce6367b4d27b760ad11d54e1b8fd,1,0,23.821,78,70,20,11,3,3,41,106,163,8,0
Fara-7B,agent,Mind2Web--c00437fd76a7a83b57f3dc4e5dbc41f8,www.amazon.jobs,88aec3b5d4e4b586d0fa24093cecc5c6,1,0,23.778,77,70,20,11,3,3,40,104,161,8,0
Fara-7B,agent,Mind2Web--199be0b54a436daee74247971fc684ee_110325,www.dillards.com,c7fd0261af48d4490c5358c3bc6c9e47,1,0,104.329,743,738,246,9,5,8,234,809,1507,13,1
Fara-7B,agent,Mind2Web--fc53ddd3421411a41c1020a3fdc84ec4,www.bestbuy.com,8f43196d3375966c07b9a7731d2d6675,1,0,212.01,1927,1205,859,61,23,29,1666,2689,3893,6,5
Fara-7B,agent,Mind2Web--fc53ddd3421411a41c1020a3fdc84ec4,www.bestbuy.com,de7766304a21d9264d2b7a270053ca40,1,0,270.815,1859,1253,965,52,15,20,1844,3145,3739,0,9
Fara-7B,agent,Mind2Web--9d46ccb915eff39ee1ae1e7328f5f20d,www.ups.com,8d66fad8debe4f4e448702583471aee6,1,0,110.236,609,430,275,51,10,18,509,643,1227,24,1
Fara-7B,agent,Mind2Web--9d46ccb915eff39ee1ae1e7328f5f20d,www.ups.com,9e4fda2d293bf4d1ae20af24067447a2,1,0,203.878,867,539,429,51,18,17,700,1002,1750,27,1
Fara-7B,agent,Mind2Web--d1970c16271496cbbe166ecbecc0a1d8,macyswineshop.com,1264986d033a3c217cf611992288908e,1,0,157.319,606,250,203,19,18,10,398,623,1228,12,0
Fara-7B,agent,Mind2Web--7211af65d266402f99499053924262e9,www.amazon.jobs,1320918f556e3a73d16527f6848acbb1,1,0,69.838,146,132,72,12,5,3,53,189,322,6,0
Fara-7B,agent,Mind2Web--d1970c16271496cbbe166ecbecc0a1d8,macyswineshop.com,3b06224a0b8534807208f71694431ed7,1,0,123.458,611,244,200,19,12,7,408,627,1238,12,0
Fara-7B,agent,Mind2Web--7211af65d266402f99499053924262e9,www.amazon.jobs,2dcf86f857f1f5abc22d653480138cee,1,0,43.682,94,83,27,11,5,3,50,125,199,5,0
Fara-7B,agent,Mind2Web--4464a8421f8bc8786524a499258dfad3,www.bestbuy.com,c3cef4bfb4232c81f638e1517874ef68,1,0,202.219,3081,2690,1483,105,3,42,2254,4701,6214,45,12
Fara-7B,agent,Mind2Web--4464a8421f8bc8786524a499258dfad3,www.bestbuy.com,2b1d3b092f7b040e162b1865132ff3f6,1,0,281.998,3053,2418,1833,257,13,137,2548,3986,6158,12,30
Fara-7B,agent,Mind2Web--f707d765bca668830745d20807d7bee6,www.petfinder.com,51804a5f8395c5be0919367d8b95c5a0,1,0,96.328,422,352,210,13,6,5,233,421,852,3,0
Fara-7B,agent,Mind2Web--d392e154c1c6ffbb26e2331c3afafc67,www.bestbuy.com,1b265c1fa5b76d631d74c6f4d55a19d7,1,0,146.685,1439,847,712,89,15,33,1177,1879,2908,0,6
Fara-7B,agent,Mind2Web--f707d765bca668830745d20807d7bee6,www.petfinder.com,afac7d2483f42393803b24f192bdbdc9,1,0,207.253,257,188,106,32,1,12,120,283,525,1,7
Fara-7B,agent,Mind2Web--a5c87cc1c94a090c9a8dc2c8b6a125d0,www.accuweather.com,42e61edeb172eaa85aec5b77f5f07d7f,1,0,201.05,894,867,431,83,5,46,545,994,1842,25,12
Fara-7B,agent,Mind2Web--a5c87cc1c94a090c9a8dc2c8b6a125d0,www.accuweather.com,ff9882be35873a1a345126e25d94639b,1,0,132.668,480,451,368,85,7,43,250,584,986,9,17
Fara-7B,agent,Mind2Web--d392e154c1c6ffbb26e2331c3afafc67,www.bestbuy.com,4c54e0e0171bd2a96b8d6be10a69a085,1,0,183.233,1517,974,701,62,11,29,1096,1978,3078,19,4
Fara-7B,agent,Mind2Web--367d843c640637745e8fafa741cca13b,www.apartments.com,534a378afe8f03b5d21d3ff69158273e,1,0,237.654,1005,998,472,90,9,44,539,977,2038,26,4
Fara-7B,agent,Mind2Web--84ef883a37af638c3bcf7561f28ce80a,www.cars.com,1027ef6ff94af738487ad0210b69f563,1,0,65.599,20,13,0,0,3,1,6,15,42,0,0
Fara-7B,agent,Mind2Web--367d843c640637745e8fafa741cca13b,www.apartments.com,79f39b627466d0aa0ba5578df94b2c4a,1,0,197.84,381,375,259,5,7,6,109,524,780,25,0
Fara-7B,agent,Mind2Web--84ef883a37af638c3bcf7561f28ce80a,www.cars.com,f44cfb28085a1efc937502655432e318,1,0,65.375,20,13,0,0,3,1,6,15,42,0,0
Fara-7B,agent,Mind2Web--d9a8689393effeed75ea0866e44e1def,www.justice.gov,a320bb13388111f9aba5cf303172b3a4,1,0,211.385,608,525,241,10,7,7,372,696,1294,25,1
Fara-7B,agent,Mind2Web--d9a8689393effeed75ea0866e44e1def,www.justice.gov,6380c6e2e8a06cb860c6088e00cdb474,1,0,207.431,635,528,301,10,5,7,380,836,1440,52,4
Fara-7B,agent,Mind2Web--1bc154377120ec15b18dbabdba49c741_112325,www.stubhub.com,a529ede1e48849d01196ed4f3ad0848b,1,0,239.792,1316,1233,636,19,27,5,736,1661,2669,48,0
Fara-7B,agent,Mind2Web--1bc154377120ec15b18dbabdba49c741_112325,www.stubhub.com,3ce452e9d2f6acbe6a594111f07755d7,1,0,209.033,402,379,186,17,5,1,186,542,810,8,0
Fara-7B,agent,Mind2Web--28e7574e7bd6d14f36d2988a5ef2bd23,ohiomeansjobs.ohio.gov,46387fd1dd3b55d02fe8f9407428fd55,1,0,55.771,297,265,190,13,7,8,179,355,597,18,0
Fara-7B,agent,Mind2Web--28e7574e7bd6d14f36d2988a5ef2bd23,ohiomeansjobs.ohio.gov,62c6fbc2e406853c4e4e5e69c91e299d,1,0,37.093,270,238,177,13,7,7,169,326,541,17,0
Fara-7B,agent,Mind2Web--1c3b747ae12ccee895745f82e3f2ef8a,www.kaggle.com,f4d063deb56c4db7c29e0f013d1c1767,1,0,61.097,253,148,14,5,4,1,122,250,506,1,61
Fara-7B,agent,Mind2Web--d1807551297ac60ecaaabbd2a2ed301a_110325,superlawyers.com,d8bcc51b644820f9fe27695bb9c4a83b,1,0,172.28,766,657,439,38,9,13,389,799,1570,11,4
Fara-7B,agent,Mind2Web--1c3b747ae12ccee895745f82e3f2ef8a,www.kaggle.com,b79c76f5ff060336fce2835c0d9ad625,1,0,235.441,554,219,96,5,4,1,424,525,1108,14,62
Fara-7B,agent,Mind2Web--d1807551297ac60ecaaabbd2a2ed301a_110325,superlawyers.com,fcf3b02ebf5f884fae9e77c5e50439d1,1,0,179.62,916,709,531,39,12,13,438,954,1872,8,4
Fara-7B,agent,Mind2Web--7abdceee212151f187ee1a1744c57606,www.uscis.gov,072dc01214bc07474d54b330ae3d1036,1,0,193.749,357,236,165,19,10,6,300,429,770,0,34
Fara-7B,agent,Mind2Web--0e5536aaad9d3462b06cf725e6ed535a,www.cbp.gov,0d4bdc65323acc5ff0930e331a216384,1,0,78.52,202,74,45,13,3,3,179,206,414,3,0
Fara-7B,agent,Mind2Web--0e5536aaad9d3462b06cf725e6ed535a,www.cbp.gov,96f2780815b8149ea5de75ea5c6bd5f9,1,0,80.367,205,77,44,13,3,5,177,211,421,4,1
Fara-7B,agent,Mind2Web--7abdceee212151f187ee1a1744c57606,www.uscis.gov,df887f9e4a50d21721819df0e0f83aa0,1,0,210.573,319,202,141,17,8,3,289,387,683,0,46
Fara-7B,agent,Mind2Web--bc2ce7f206045dd2d322e5695a947219,smartasset.com,3bdf5d7c46dd2b7341af9c6a99a31ca2,1,0,73.161,470,332,416,49,5,10,340,621,962,32,0
Fara-7B,agent,Mind2Web--bc2ce7f206045dd2d322e5695a947219,smartasset.com,f2c34858e0c4caf00229064ada813416,1,0,75.893,604,439,538,55,9,12,447,822,1243,45,0
Fara-7B,agent,Mind2Web--7e6993f2c5cd72c44809024f0bc85dc1,imgur.com,5fbd12b7a4e2c377213bcdf472016e23,1,0,93.121,1223,1081,1172,200,9,139,906,1279,2461,0,3
Fara-7B,agent,Mind2Web--7e6993f2c5cd72c44809024f0bc85dc1,imgur.com,a7e9de79e2d6dd6f8550dd56053863a6,1,0,69.061,1726,1636,1616,249,3,185,1636,1792,3461,1,3
Fara-7B,agent,Mind2Web--a48e2f1ee8d87eaeea56fe5e730427e6,www.chess.com,7f0bd2c04d48cc25391830d93f8486a6,1,0,51.484,468,135,85,39,3,14,380,467,937,0,0
Fara-7B,agent,Mind2Web--a48e2f1ee8d87eaeea56fe5e730427e6,www.chess.com,9a0f49ae6d559d255649afbc28c19d27,1,0,76.601,488,153,99,48,3,16,385,490,977,0,0
Fara-7B,agent,Mind2Web--dd44c665cec1e9c929a4c5f074e7844a_110325,spothero.com,48194dedc1aa22497d5b9d9cf3223ae8,0,0,75.451,97,66,33,19,0,0,53,101,196,7,1
Fara-7B,agent,Mind2Web--99daaed9a83c266341d28aa40067d376,boardgamegeek.com,65be4f7ec05908f65b590eb1e7031320,1,0,49.438,332,324,92,14,3,5,31,358,671,7,3
Fara-7B,agent,Mind2Web--99daaed9a83c266341d28aa40067d376,boardgamegeek.com,3fe8abefca98c38fba028a74fde31635,1,0,69.19,417,412,101,14,3,6,38,436,888,5,4
Fara-7B,agent,Mind2Web--dd44c665cec1e9c929a4c5f074e7844a_110325,spothero.com,46a390209da89383cb310c5b3ddbe380,1,0,228.495,448,414,220,23,1,4,288,438,900,9,2
Fara-7B,agent,Mind2Web--7072d09436972a5d5fe7476e3e9f1559,www.americanexpress.com,6bbe4bf54dbde711dc6731b7efc71008,1,0,108.872,935,890,425,29,9,11,447,117,1873,28,84
Fara-7B,agent,Mind2Web--7072d09436972a5d5fe7476e3e9f1559,www.americanexpress.com,65d8230ce8ffd743154234ef47fa8416,1,0,171.281,1041,970,486,29,14,11,525,136,2088,26,101
Fara-7B,agent,Mind2Web--2c20d87a046fadcb6ff07ee877bfbf37,www.irs.gov,72b41c666c83dc7cc55aa5d6580fdd55,1,0,50.939,319,248,171,8,5,5,191,345,663,1,3
Fara-7B,agent,Mind2Web--2c20d87a046fadcb6ff07ee877bfbf37,www.irs.gov,9f1731d538e44b0889d80d2cb1cdcd94,1,0,60.861,342,271,176,8,5,6,205,371,711,2,3
Fara-7B,agent,Mind2Web--753f372c189d3b306623cb0c65b50320,www.sec.gov,8deb113f6f9099e804717c3b4272fb37,1,0,143.296,226,81,65,8,2,1,209,405,474,11,0
Fara-7B,agent,Mind2Web--733f1d8bf79d5bc2240c5357f928ffff,www.tourradar.com,ec04ff41acc99aca56eae5bc31ea380c,1,0,95.508,429,416,192,23,3,9,262,438,880,17,3
Fara-7B,agent,Mind2Web--753f372c189d3b306623cb0c65b50320,www.sec.gov,f8e4e28bd91da3fae159d01f8c99c0df,1,0,213.231,821,525,292,11,2,6,705,918,1731,28,1
Fara-7B,agent,Mind2Web--733f1d8bf79d5bc2240c5357f928ffff,www.tourradar.com,a90d4a93006c5707aff9d1ed01b569c5,1,0,83.598,152,145,34,21,1,5,105,155,314,7,1
Fara-7B,agent,Mind2Web--f05e87c5b92d9869e08806103c1c15a1,www.ycombinator.com,e930b288ba0d586f261e0b37f0b4d47e,1,0,40.109,719,711,213,17,1,4,82,726,1442,1,3
Fara-7B,agent,Mind2Web--f05e87c5b92d9869e08806103c1c15a1,www.ycombinator.com,3e905f66cabb6a0561c71ab3c9084b9d,1,0,149.607,738,734,278,13,0,0,87,737,1479,0,3
Fara-7B,agent,Mind2Web--3ef64f34eae59c9fac7ee9a4f18b4a0c,www.youtube.com,2b88d3559aa194e379194d3711395de9,1,0,174.195,678,557,258,15,9,11,292,701,1408,37,1
Fara-7B,agent,Mind2Web--f158345f8489e0d1d91e28768c39bca1,azure.microsoft.com,c5e112af4f34c9e8b855cbf1ca7bd63c,1,0,17.453,230,230,131,2,0,3,115,230,461,1,0
Fara-7B,agent,Mind2Web--3ef64f34eae59c9fac7ee9a4f18b4a0c,www.youtube.com,762f79522a47ab9a3b19426986cadd19,1,0,215.341,548,444,226,13,14,11,294,566,1110,25,1
Fara-7B,agent,Mind2Web--f158345f8489e0d1d91e28768c39bca1,azure.microsoft.com,685597c296a19279d4c5dd9aa0c05cae,1,0,105.618,303,303,141,4,0,5,176,309,615,3,0
Fara-7B,agent,Mind2Web--1ab384fb3a791edfb410213cc6b82151_110325,phet.colorado.edu,3555d10ce745f7c477961bd87f2116fa,1,0,121.853,219,32,21,4,6,1,172,224,465,1,0
Fara-7B,agent,Mind2Web--1ab384fb3a791edfb410213cc6b82151_110325,phet.colorado.edu,f02f843ff6d1f553e023c7ce1ecbee54,1,0,114.506,214,32,22,4,6,1,183,219,455,1,0
Fara-7B,agent,Mind2Web--1223b07536a87e0170ff87cbbebd1d3c,www.coolmath4kids.com,3a21184e76ff6c3b3f81d799105a9c17,1,0,130.958,226,134,124,17,5,7,151,238,466,0,0
Fara-7B,agent,Mind2Web--1223b07536a87e0170ff87cbbebd1d3c,www.coolmath4kids.com,f47733a671d52898f03c13df5b2f76d8,1,0,126.828,226,134,124,17,5,7,151,238,466,0,0
SoM-GLM,agent,Mind2Web--b7258ee05d75e6c50673a59914db412e_110325,www.traderjoes.com,df241b974ab29be37618a8a86609d174,1,0,81.684,794,786,699,2,4,4,212,790,1650,4,0
SoM-GLM,agent,Mind2Web--b7258ee05d75e6c50673a59914db412e_110325,www.traderjoes.com,62dffe7f4cb0ae85a6a7d2ab954aa63a,1,0,86.184,787,782,697,2,4,4,207,785,1632,4,0
SoM-GLM,agent,Mind2Web--ade4c09ad3fdb1607209750924cd232f,www.flightaware.com,dca278632ad91887365d305ec8897e30,0,0,,0,0,0,0,0,0,0,0,0,0,0
SoM-GLM,agent,Mind2Web--ade4c09ad3fdb1607209750924cd232f,www.flightaware.com,b1584481b58e690f6169f530b1df1dbb,0,0,66.025,114,68,44,9,1,1,48,124,221,1,0
SoM-GLM,agent,Mind2Web--fb7b4f784cfde003e2548fdf4e8d6b4f,www.discogs.com,bb6aa61e87e80f9091aa2f76c03f7e6f,1,0,69.633,358,338,84,10,5,4,137,346,729,0,0
SoM-GLM,agent,Mind2Web--fb7b4f784cfde003e2548fdf4e8d6b4f,www.discogs.com,3b82b567b2eb9e1f11ad9c66844cbad2,1,0,70.722,359,339,84,10,5,4,137,347,732,0,0
SoM-GLM,agent,Mind2Web--824eb7bb0ef1ce40bfd49c12182d9428_110325,us.speedo.com,6259c358e9ed9fdc42cea8bcb4dc0cc9,1,0,72.906,240,207,91,31,1,4,76,252,485,9,8
SoM-GLM,agent,Mind2Web--824eb7bb0ef1ce40bfd49c12182d9428_110325,us.speedo.com,921bde5243b7912ca0ef764c7e64186c,1,0,73.722,236,203,87,30,1,4,75,248,477,8,8
SoM-GLM,agent,Mind2Web--046138801a05ddf56ad94e8672942496,www.flightaware.com,e8366691e80d2bc4fc96d3aafa718e66,1,0,69.311,110,62,37,10,3,2,51,125,213,1,0
SoM-GLM,agent,Mind2Web--92a3d4236f167af4afdc08876a902ba6,www.carmax.com,e500f6dc90ceb2c8856977d6846122a6,1,0,64.249,344,307,287,2,2,1,138,333,699,0,0
SoM-GLM,agent,Mind2Web--046138801a05ddf56ad94e8672942496,www.flightaware.com,4360d565a546561a0f8170cff0ce768c,1,0,87.224,114,66,41,10,1,2,51,127,221,1,0
SoM-GLM,agent,Mind2Web--92a3d4236f167af4afdc08876a902ba6,www.carmax.com,fa9394023999dc08f2466d54ae43964c,1,0,78.908,1430,1414,1267,2,7,4,371,1428,2967,7,0
SoM-GLM,agent,Mind2Web--48c73f3f53e2611c4a1052457c1033db,new.mta.info,56a4bf0834510cfb59483f3fe4925494,1,0,79.338,448,445,401,2,4,5,122,445,925,1,0
SoM-GLM,agent,Mind2Web--8f2611047de227a2ca8bda13f6e2e5fb_110325,www.carvana.com,2c80a75731f00c896235c53cd61cfa84,1,0,39.643,304,291,272,2,2,1,112,296,618,0,0
SoM-GLM,agent,Mind2Web--8f2611047de227a2ca8bda13f6e2e5fb_110325,www.carvana.com,36d47454efef87c163f4aba78177f903,1,0,20.828,407,396,368,2,2,2,121,401,833,1,0
SoM-GLM,agent,Mind2Web--48c73f3f53e2611c4a1052457c1033db,new.mta.info,fc90efd9f66055f31408a8087da130b8,1,0,88.307,509,507,446,2,3,4,144,510,1050,1,0
SoM-GLM,agent,Mind2Web--b320c68bffc1f3c7f2a8dc9d5478fb27,www.ign.com,89fd2142a54b3bbf82b80fe170d862ed,1,0,83.573,396,391,202,32,9,13,227,442,842,26,0
SoM-GLM,agent,Mind2Web--b320c68bffc1f3c7f2a8dc9d5478fb27,www.ign.com,6f1a532bc0c1184e7798cc10eeca2f59,1,0,87.944,239,237,143,31,3,12,108,255,493,9,0
SoM-GLM,agent,Mind2Web--aa4b5cb7114fcc138ade82b4b9716d24,www.ign.com,da8296124845f3caf90ea39076e1b8d7,1,0,84.059,405,401,268,35,7,16,195,442,847,17,0
SoM-GLM,agent,Mind2Web--aa4b5cb7114fcc138ade82b4b9716d24,www.ign.com,9b19adf600778a6a4c7784106bca51c5,1,0,89.895,300,295,156,31,5,12,150,313,617,10,0
SoM-GLM,agent,Mind2Web--005be9dd91c95669d6ddde9ae667125c,www.qatarairways.com,7e17019695be51e013a5b2ebb18aeb3f,1,0,72.822,1129,1113,991,2,7,5,302,1131,2345,5,0
SoM-GLM,agent,Mind2Web--005be9dd91c95669d6ddde9ae667125c,www.qatarairways.com,5921514cf720955a2414a8de116351dc,1,0,91.907,476,468,407,2,3,5,141,482,988,2,0
SoM-GLM,agent,Mind2Web--323bd85e3559655d89e5496b951a25e8,www.amtrak.com,ccb17f5b7f87174a000348a787bc2fae,0,0,74.211,39,4,0,0,0,0,34,37,78,0,1
SoM-GLM,agent,Mind2Web--123e8c2fc453f55fadd1d0b9aaf94df4,www.kbb.com,7d00daf895bff79d528a6a9d398c0ba7,0,0,8.536,1,0,0,0,0,0,0,0,2,0,0
SoM-GLM,agent,Mind2Web--123e8c2fc453f55fadd1d0b9aaf94df4,www.kbb.com,c6504e5146df942d0c00c38d3eafdd47,0,0,11.567,2,0,0,0,0,0,1,0,4,0,0
SoM-GLM,agent,Mind2Web--323bd85e3559655d89e5496b951a25e8,www.amtrak.com,a77368a7586dcf21b7ab0685b9f40234,1,0,80.763,184,66,53,13,1,3,171,159,343,3,1
SoM-GLM,agent,Mind2Web--56f8890a837c49f7df766b9c981646f3,www.imdb.com,4513eb722ebdee476126423569436da8,1,0,64.531,611,608,497,9,3,4,140,608,1253,1,0
SoM-GLM,agent,Mind2Web--56f8890a837c49f7df766b9c981646f3,www.imdb.com,63d0c31f61e3b4d628afc203d1e98663,1,0,84.846,806,799,619,11,7,5,202,806,1667,1,0
SoM-GLM,agent,Mind2Web--644a856c3897665e475e0dce50bf217d,www.amazon.com,4f23fa415be88c31bfd40266174f0918,1,0,80.568,675,595,214,44,4,25,276,769,1572,217,1
SoM-GLM,agent,Mind2Web--644a856c3897665e475e0dce50bf217d,www.amazon.com,20cccab251e69a4c3b584a6d5dc75ed5,1,0,77.753,434,421,155,43,1,24,106,357,892,25,0
SoM-GLM,agent,Mind2Web--62f1626ce249c31098854f8b38bdd6cf_110325,www.microcenter.com,2bd93015f80a694fbad7d90b725b3fef,1,0,91.036,40,22,7,2,5,1,17,29,100,0,0
SoM-GLM,agent,Mind2Web--62f1626ce249c31098854f8b38bdd6cf_110325,www.microcenter.com,1ba1d135805acd50a11ce75d9d25b71e,1,0,83.747,26,14,4,2,3,1,11,19,65,0,0
SoM-GLM,agent,Mind2Web--561693d6eec7bbfba3fefe9e4b26decb,www.marriott.com,2d5a180d0a7799eaefc8e21724b7b018,0,0,81.375,194,89,31,9,0,0,137,191,389,0,0
SoM-GLM,agent,Mind2Web--561693d6eec7bbfba3fefe9e4b26decb,www.marriott.com,00de24a9ee8001d73af46b6e9af76e72,0,0,89.301,187,89,31,9,0,0,130,184,375,0,0
SoM-GLM,agent,Mind2Web--b7a9a6b5d451164c09bbd27b670bc2ae,www.uniqlo.com,7377d5eb8b84d2e97a36190c2c202e73,1,0,81.702,335,251,80,11,2,2,266,386,669,25,0
SoM-GLM,agent,Mind2Web--bfa2de159be6978acf2702be31a2eeeb,www.united.com,b017b00bdd7f390b8b9b256c2ea758c0,0,0,15.397,0,0,0,0,0,0,0,0,0,0,0
SoM-GLM,agent,Mind2Web--bfa2de159be6978acf2702be31a2eeeb,www.united.com,eef097ff2ccd3c857aaf16e8f07a5edd,0,0,4.828,0,0,0,0,0,0,0,0,0,0,0
SoM-GLM,agent,Mind2Web--4091bdd3fa64a5b0d912bc08eaf9c824,new.mta.info,0d933bd5c1900b9503afaf75aced77c6,0,0,7.961,1,0,0,0,0,0,0,0,2,0,0
SoM-GLM,agent,Mind2Web--4091bdd3fa64a5b0d912bc08eaf9c824,new.mta.info,5a4bc93a403e65753cc25d007923ca49,0,0,6.587,1,0,0,0,0,0,0,0,2,0,0
SoM-GLM,agent,Mind2Web--b7a9a6b5d451164c09bbd27b670bc2ae,www.uniqlo.com,842aa028979a4c6c05aa61cdbe710081,1,0,95.153,251,189,60,12,2,2,188,276,499,14,0
SoM-GLM,agent,Mind2Web--79f0bd7df6e685f30f20025cc6755c0a_110325,www.microcenter.com,c2b002d3dfd22b590364ed9c65676efe,0,0,87.509,14,8,2,2,1,1,5,9,34,0,0
SoM-GLM,agent,Mind2Web--79f0bd7df6e685f30f20025cc6755c0a_110325,www.microcenter.com,d62a1027b1d6f122f5bd07af2f4331f7,1,0,103.29,26,14,4,2,3,1,11,19,65,0,0
SoM-GLM,agent,Mind2Web--6ebde509dca8f15c0fa1bd74f071e8d6,www.target.com,1d977ce05a8459a4b8629107b1c66e9e,1,0,68.803,398,381,125,32,5,10,120,449,788,2,3
SoM-GLM,agent,Mind2Web--6ebde509dca8f15c0fa1bd74f071e8d6,www.target.com,32271e21ff970b81628b665affd1e964,1,0,90.566,350,335,121,32,3,9,100,413,692,1,3
SoM-GLM,agent,Mind2Web--34ccd15a8ea8fd3895af83f5ccf62369,us.megabus.com,b5342708fb205806e9c01fd331abea5e,1,0,70.634,268,120,95,33,3,8,160,289,540,5,0
SoM-GLM,agent,Mind2Web--34ccd15a8ea8fd3895af83f5ccf62369,us.megabus.com,b5807261ca6dff8c4ea94e761c9419a8,1,0,77.077,525,525,472,2,0,3,144,528,1082,2,0
SoM-GLM,agent,Mind2Web--c698ff3fc0f6cbce39947c597ab5749b_121425,www.eventbrite.com,40a5b1f326d555c57a8f77221b8a5e9c,1,0,79.238,191,160,122,34,1,1,95,224,375,6,24
SoM-GLM,agent,Mind2Web--c698ff3fc0f6cbce39947c597ab5749b_121425,www.eventbrite.com,5d18685b3a6643fbc393f070536bd6ce,1,0,84.468,400,331,256,35,3,1,272,558,805,26,32
SoM-GLM,agent,Mind2Web--b6d10e9bd19b4009a02dea0e98f4e1ae,www.foxsports.com,63f0b2d216490035f15f972a93de3b09,1,0,107.681,27644,27363,773,156,1,96,724,27700,55279,7,35
SoM-GLM,agent,Mind2Web--d71be72aa25c3eab8eea47a0e60382e2,www.apple.com,b3c62519ac86666876781d5a37fe4bf7,1,0,67.672,72,2,5,2,2,1,71,73,149,0,0
SoM-GLM,agent,Mind2Web--b6d10e9bd19b4009a02dea0e98f4e1ae,www.foxsports.com,b3473311abd18b35cac101d11c97e909,1,0,121.331,31025,30744,553,144,1,82,483,31075,62044,5,31
SoM-GLM,agent,Mind2Web--0b51b4fa0295ae80ccd176ebdad6fff6,www.carmax.com,9848220c156e9bce24b3ccf0f521b8b1,0,0,30.672,8,0,0,0,0,0,7,6,16,0,0
SoM-GLM,agent,Mind2Web--0b51b4fa0295ae80ccd176ebdad6fff6,www.carmax.com,03b02126bb2f5db46a30b459ef0a94d1,0,0,6.347,4,0,0,0,0,0,3,3,8,0,0
SoM-GLM,agent,Mind2Web--d71be72aa25c3eab8eea47a0e60382e2,www.apple.com,de188a16baea0f0ddb3015319bcd5e85,1,0,68.358,74,3,6,2,2,1,73,78,154,1,0
SoM-GLM,agent,Mind2Web--3f312ae3efc3c3e90ababe050dd4e7ae,www.nfl.com,9ea0c6cd45ce17140daec59e3bb3cf9c,1,0,71.632,1309,1199,1106,216,1,151,1150,1376,2618,0,10
SoM-GLM,agent,Mind2Web--3f312ae3efc3c3e90ababe050dd4e7ae,www.nfl.com,5ef9b5b696b93b0cda5631592fce50b8,1,0,74.585,1178,1068,976,211,1,147,965,1233,2354,0,9
SoM-GLM,agent,Mind2Web--95cad96f2e43f3c0d8efad1331c77c8c,www.rottentomatoes.com,f6870cfca3f54ff7cb904cd2bbbc61bf,1,0,69.153,239,213,93,40,1,12,48,253,485,2,0
SoM-GLM,agent,Mind2Web--95cad96f2e43f3c0d8efad1331c77c8c,www.rottentomatoes.com,f915914ad803d67db19b3b2a2a613f6e,1,0,85.313,336,303,134,41,3,13,74,364,683,7,0
SoM-GLM,agent,Mind2Web--bf3b311cc8dce16d3de844f4b5875dfd,www.apple.com,46241769c5a76e776ee37570b1d2eb21,1,0,58.92,74,3,7,2,2,1,73,78,154,1,0
SoM-GLM,agent,Mind2Web--bf3b311cc8dce16d3de844f4b5875dfd,www.apple.com,70dbc6d96330cfaae460bf2ad311c632,1,0,67.957,74,3,7,2,2,1,73,78,154,1,0
SoM-GLM,agent,Mind2Web--b64f938af842f6a1b4489d0e49a785a7_121125,www.target.com,1559c4d1580dd8424c248bd254fae951,1,0,77.299,320,294,90,22,1,6,41,361,634,0,3
SoM-GLM,agent,Mind2Web--b64f938af842f6a1b4489d0e49a785a7_121125,www.target.com,0858fa816e4880685a14bdb18defd1c2,1,0,79.281,319,293,91,22,1,6,41,359,632,0,3
SoM-GLM,agent,Mind2Web--5e1b8254c123c80178cc28e0afdb14f0_110325,ticketmaster.com,c6950c54c2dd584fbc79129fcb6bfbf5,1,0,78.909,334,253,108,46,6,8,127,371,682,16,0
SoM-GLM,agent,Mind2Web--5e1b8254c123c80178cc28e0afdb14f0_110325,ticketmaster.com,7acfe2971d316bcdb6fa3afc2d2fc0c9,1,0,88.7,295,155,52,23,1,5,156,300,594,3,0
SoM-GLM,agent,Mind2Web--f27c0a7b8b0bb33d37698dff227fc8d7,www.kbb.com,460b0f77e523a94f952e292a099829de,1,0,38.279,6,1,0,0,2,1,5,0,12,0,0
SoM-GLM,agent,Mind2Web--8fdec8eeffd3491e6526cc78c028120b,www.carmax.com,c78313f73c753227fe04dfeeedd28399,0,0,7.76,4,0,0,0,0,0,3,3,8,0,0
SoM-GLM,agent,Mind2Web--f27c0a7b8b0bb33d37698dff227fc8d7,www.kbb.com,117ce832ad900c26d11e0344b45741c9,1,0,69.963,310,300,280,2,2,1,112,300,631,0,0
SoM-GLM,agent,Mind2Web--8fdec8eeffd3491e6526cc78c028120b,www.carmax.com,439ad283ee1e86e94c15a7442dd8d4e0,0,0,16.113,4,0,0,0,0,0,3,3,8,0,0
SoM-GLM,agent,Mind2Web--7b182a5087347d494b48a29dbc0f1d3e,www.adoptapet.com,3eddc4ea5551129558ae6703fb3fb0b1,1,0,94.55,258,199,137,30,3,8,156,305,521,14,8
SoM-GLM,agent,Mind2Web--7b182a5087347d494b48a29dbc0f1d3e,www.adoptapet.com,80e276ee46aac4060e69d4c9b0013f8f,1,0,88.595,262,203,140,30,3,8,160,308,530,14,7
SoM-GLM,agent,Mind2Web--828c2d98616a9478d5864d847d5a1b28,www.justice.gov,201cd40effa7558aa5198adf7a0eedf1,1,0,57.411,291,195,63,8,3,3,120,335,615,13,3
SoM-GLM,agent,Mind2Web--828c2d98616a9478d5864d847d5a1b28,www.justice.gov,ba7cf48969277078914bafd5b0b6c9d8,1,0,60.781,272,176,57,8,3,3,118,313,574,13,3
SoM-GLM,agent,Mind2Web--608c595eec271fa5dc03506923519994,www.fedex.com,0d8a52da3530f8032ffbef744c7c15c5,1,0,68.65,13,0,0,0,0,0,12,3,26,0,0
SoM-GLM,agent,Mind2Web--608c595eec271fa5dc03506923519994,www.fedex.com,f39a562d0e7a2736db5e263754688749,1,0,66.2,14,0,0,0,0,0,13,3,28,0,0
SoM-GLM,agent,Mind2Web--a7a73c8fa75441fc76df9746c327bdd6,www.thumbtack.com,7454b9f935bc8e31f708a94d5f7f4e1f,1,0,80.154,112,103,56,23,1,3,58,118,223,9,0
SoM-GLM,agent,Mind2Web--a7a73c8fa75441fc76df9746c327bdd6,www.thumbtack.com,f16d79cb70b1d911c4b0c461d3df3f75,1,0,87.766,680,661,404,25,3,6,268,694,1400,22,0
SoM-GLM,agent,Mind2Web--cfafe3771369d1d261e9f7ecd44c296d,www.cars.com,0960292ffa1f8d3802a36e56ce2be316,0,0,57.088,0,0,0,0,0,0,0,0,0,0,0
SoM-GLM,agent,Mind2Web--cfafe3771369d1d261e9f7ecd44c296d,www.cars.com,102db2da2e7a3ed68517e7817be6ed16,0,0,50.827,0,0,0,0,0,0,0,0,0,0,0
SoM-GLM,agent,Mind2Web--bbbc243b4f18a7a897f0bc84e11d293f,www.nba.com,cfb165eeb0a22c793c293799d38d9ca6,1,0,31.969,544,544,494,2,0,2,142,543,1109,1,0
SoM-GLM,agent,Mind2Web--816851ff92ff0219acf4364dcc2c4692_110325,www.jcpenney.com,42fda986d65f8c1d4b9c988cb83d1c23,0,0,7.146,1,0,0,0,0,0,0,0,2,0,0
SoM-GLM,agent,Mind2Web--bbbc243b4f18a7a897f0bc84e11d293f,www.nba.com,1b5ea2d66d34e685009ee9efe25beede,1,0,61.165,450,450,405,2,0,4,124,451,931,1,0
SoM-GLM,agent,Mind2Web--816851ff92ff0219acf4364dcc2c4692_110325,www.jcpenney.com,4f84ccbf3c2dfe37e981f323c82f4c1e,1,0,85.017,500,495,434,2,8,3,156,507,1044,2,0
SoM-GLM,agent,Mind2Web--8244409b2c82043f966cad05f9afe132,doctor.webmd.com,f3a37b49274d0ef9ec04cac1a51ffdec,1,0,87.072,387,363,307,101,9,56,302,413,796,12,0
SoM-GLM,agent,Mind2Web--8244409b2c82043f966cad05f9afe132,doctor.webmd.com,020818e9779dc75c8a912882df08de4d,1,0,84.461,395,383,333,117,5,63,315,432,797,10,0
SoM-GLM,agent,Mind2Web--e7301bb694871429bf2eb36c3a72186c_110325,www.jcpenney.com,dd66a69e6d291f9294b6eab2d7d3421c,1,0,84.766,647,642,579,2,4,4,188,642,1336,2,0
SoM-GLM,agent,Mind2Web--905cb53061c33aa2d77e485fe1fca516,www.healthgrades.com,82d34f72b9e60bf37350e6db5883ebb6,0,0,15.022,5,3,5,2,0,0,0,3,10,0,0
SoM-GLM,agent,Mind2Web--905cb53061c33aa2d77e485fe1fca516,www.healthgrades.com,e18ac2ca14bfa92e8bb72528402a125b,0,0,15.523,5,3,5,2,0,0,0,3,10,0,0
SoM-GLM,agent,Mind2Web--e7301bb694871429bf2eb36c3a72186c_110325,www.jcpenney.com,546943127994700bc1588ddabc8aff55,1,0,88.908,474,471,411,2,3,5,136,476,984,2,0
SoM-GLM,agent,Mind2Web--fcf4952d2a1d80ea505c555c3c3b54e7,www.cars.com,d96dcbf3714bac12c4af584c3b6897be,0,0,46.296,0,0,0,0,0,0,0,0,0,0,0
SoM-GLM,agent,Mind2Web--fcf4952d2a1d80ea505c555c3c3b54e7,www.cars.com,94aa7fa3db9329508fbb0bfc9fefe716,0,0,69.153,0,0,0,0,0,0,0,0,0,0,0
SoM-GLM,agent,Mind2Web--3c1ffc3f494e423b3c434c79e35da8f3_110325,www.fandom.com,6bcc65d13c987855bf124fcc6ad9983b,1,0,89.124,1720,1664,1471,236,3,153,1450,1822,3734,92,65
SoM-GLM,agent,Mind2Web--3c1ffc3f494e423b3c434c79e35da8f3_110325,www.fandom.com,2be8f839bc78494302aa721f480247de,1,0,86.868,121,94,20,6,1,1,61,122,252,7,4
SoM-GLM,agent,Mind2Web--26a0e5c21c145dd8448aa92f35bec5ea,www.healthgrades.com,31191e2948f69ba31eea42df948efa09,1,0,85.528,1055,1052,950,4,5,4,278,1051,2177,3,0
SoM-GLM,agent,Mind2Web--26a0e5c21c145dd8448aa92f35bec5ea,www.healthgrades.com,3e7e9da1d80f05d470a69e051a6349d3,1,0,85.364,764,763,602,4,1,3,206,769,1583,5,0
SoM-GLM,agent,Mind2Web--070c907d34a4ce71dfdbea38f9c5d4d8,www.healthgrades.com,b60cf4ab406b755973fc2e7950595ae6,1,0,76.292,942,939,803,4,3,4,231,941,1950,4,0
SoM-GLM,agent,Mind2Web--43a1ca251f11c6b0bdd0379766cc49e6,www.healthgrades.com,e3cac53ad65d5394b1a93f1dfb551ef1,0,0,18.553,4,3,4,2,0,0,0,3,8,0,0
SoM-GLM,agent,Mind2Web--43a1ca251f11c6b0bdd0379766cc49e6,www.healthgrades.com,07b354ed6369b73ad18696900861e449,0,0,27.494,4,3,4,2,0,0,0,3,8,0,0
SoM-GLM,agent,Mind2Web--070c907d34a4ce71dfdbea38f9c5d4d8,www.healthgrades.com,614770d782e5603bd8572c7b50f3d87d,1,0,70.765,669,666,603,4,4,4,192,666,1385,3,0
SoM-GLM,agent,Mind2Web--b3f8bd9198d9d157e0848109563c4b23,ohiomeansjobs.ohio.gov,5496c28edac71ebfe7ac77c20d8ba886,1,0,14.364,38,31,27,11,1,2,17,51,76,4,0
SoM-GLM,agent,Mind2Web--b3f8bd9198d9d157e0848109563c4b23,ohiomeansjobs.ohio.gov,0b558dcf1ac17221e32fed4cb80a2a88,1,0,12.575,39,32,28,11,1,3,19,53,78,4,0
SoM-GLM,agent,Mind2Web--20a460a8fe1971b84411c5b1e6ac4186,www.stubhub.com,d336a70eb8a4c0fb944f9039e6018359,1,0,83.187,325,299,94,11,5,2,127,393,645,10,0
SoM-GLM,agent,Mind2Web--20a460a8fe1971b84411c5b1e6ac4186,www.stubhub.com,30b6d6a2332d432a91dbab1327bd036e,1,0,84.853,154,144,31,9,1,1,37,172,306,2,0
SoM-GLM,agent,Mind2Web--db1ffb5e60578597d1c3aa3c389ac7b1,www.google.com,78ad8d2febdf750914a4e01272aae874,1,0,58.555,163,94,16,1,0,0,71,227,329,0,0
SoM-GLM,agent,Mind2Web--db1ffb5e60578597d1c3aa3c389ac7b1,www.google.com,27ee6fcd6ca17dafa2c7e2061cf2290e,1,0,91.034,331,184,38,1,0,0,152,471,670,0,0
SoM-GLM,agent,Mind2Web--7be8cd8dba885cddd9af5320f49bc41b,www.bbb.org,2f17a489ed2621f60bff8fca0d12323f,0,0,7.138,9,3,3,3,0,0,5,2,18,0,0
SoM-GLM,agent,Mind2Web--7be8cd8dba885cddd9af5320f49bc41b,www.bbb.org,f530e202345714032d0d5794578886a8,1,0,97.764,815,796,688,5,7,5,213,788,1692,2,0
SoM-GLM,agent,Mind2Web--239a29bde438fe44fe17fe1390ef1634,www.healthline.com,82f8c65714cb7f1f052c117e7d6a353a,1,0,77.3,1310,1304,752,110,2,31,472,1261,2653,18,2
SoM-GLM,agent,Mind2Web--239a29bde438fe44fe17fe1390ef1634,www.healthline.com,d7de296fc4697eea094618f6be269cac,1,0,74.616,254,245,165,55,4,7,88,258,500,10,2
SoM-GLM,agent,Mind2Web--9f1cba613830ca1c6a58f9498c06e679_110325,www.remax.com,73046841768a687865cfec4dcbb009f4,1,0,76.467,1645,1548,1205,231,5,145,1081,1731,3285,41,10
SoM-GLM,agent,Mind2Web--9f1cba613830ca1c6a58f9498c06e679_110325,www.remax.com,c3f30b9cee34edcf5397fb73f082efdb,1,0,79.549,1698,1646,1480,264,5,180,1628,1765,3380,24,3
SoM-GLM,agent,Mind2Web--75146b7b67388b9244e0f21a1527c022,www.adoptapet.com,702bc5528574b47b9d61aeffa50a1d13,1,0,83.203,280,192,138,29,3,8,177,321,565,15,6
SoM-GLM,agent,Mind2Web--59b7b990b4828bc305ab0d7ed6071b55,www.landwatch.com,aeceb502f63b0b4a570c2cf36b04c884,0,0,7.4,1,0,0,0,0,0,0,0,2,0,0
SoM-GLM,agent,Mind2Web--75146b7b67388b9244e0f21a1527c022,www.adoptapet.com,384c81b7fffd4f221566558746ae0847,1,0,87.809,314,209,147,31,4,9,206,410,632,16,6
SoM-GLM,agent,Mind2Web--59b7b990b4828bc305ab0d7ed6071b55,www.landwatch.com,3f4ee54899e95f2817a439fa1fa083c0,1,0,82.237,685,679,482,2,2,5,244,682,1410,2,0
SoM-GLM,agent,Mind2Web--9c97bab9c2abfb90a426cbe9addae8d0_110325,www.michaels.com,627048840aaa4a88634b3f8d5c3edbad,0,0,35.085,4,0,0,0,0,0,3,0,8,0,0
SoM-GLM,agent,Mind2Web--9c97bab9c2abfb90a426cbe9addae8d0_110325,www.michaels.com,faab43c4f6ac0e6d9841e7f6f9c295d5,0,0,46.23,5,0,0,0,0,0,4,0,10,0,0
SoM-GLM,agent,Mind2Web--871e7771cecb989972f138ecc373107b,www.theweathernetwork.com,0f5f9c58f46aef219766b04c05bb2c4e,1,0,52.25,1251,1161,868,183,5,115,807,1323,2553,12,23
SoM-GLM,agent,Mind2Web--871e7771cecb989972f138ecc373107b,www.theweathernetwork.com,cd14c0d9f424269dd74e8eb2d2fb7181,1,0,88.368,1528,1412,1088,215,5,142,1137,1613,3111,21,23
SoM-GLM,agent,Mind2Web--b69eb4de621e9e265676daac44938f3f,www.adoptapet.com,511b93f4b1c55fdd0e702dfbc6fdbf14,1,0,82.504,230,164,108,28,1,6,156,273,464,13,4
SoM-GLM,agent,Mind2Web--b69eb4de621e9e265676daac44938f3f,www.adoptapet.com,67c27b47d9a76729a42193b462975bf2,1,0,87.359,411,333,243,52,5,24,275,461,828,24,10
SoM-GLM,agent,Mind2Web--9bb63ad0e38d5691a618932a8b31c05a,www.google.com,400b50441c4369aa291f57168cf55fbb,1,0,73.262,418,215,51,1,0,0,212,617,844,0,0
SoM-GLM,agent,Mind2Web--9bb63ad0e38d5691a618932a8b31c05a,www.google.com,201024538a1d52831d1c7424b4ccd264,1,0,92.411,114,77,8,1,0,0,35,146,231,0,0
SoM-GLM,agent,Mind2Web--8ae510355d978424f490798f900bfa2c,www.student.com,1e4558f48732c882b48007cd8677fe37,1,0,76.462,470,423,181,29,7,10,316,626,1046,9,9
SoM-GLM,agent,Mind2Web--8ae510355d978424f490798f900bfa2c,www.student.com,afdfbd3e09b78379c39d3a0be2a21927,1,0,69.673,197,191,78,28,1,5,105,240,441,2,3
SoM-GLM,agent,Mind2Web--4c186c6ed888d0c8d4cf4adb39443080,www.nba.com,d06d9d4a7f02dce7cb68299f60a8adb1,1,0,73.14,471,471,414,3,0,5,126,469,975,2,0
SoM-GLM,agent,Mind2Web--4c186c6ed888d0c8d4cf4adb39443080,www.nba.com,dd4986cc4a70160073152c20482096d9,0,0,64.992,14,14,1,1,0,1,0,7,28,0,0
SoM-GLM,agent,Mind2Web--2fc51dd3febd447f0fdcdabca8d944ce_110325,www.publicstorage.com,0f55ab3121dd896b237f055c696cc31c,0,0,112.928,14,8,2,2,1,1,5,9,34,0,0
SoM-GLM,agent,Mind2Web--2fc51dd3febd447f0fdcdabca8d944ce_110325,www.publicstorage.com,677b7d2b94202c2c0e191a66c60208be,1,0,129.095,152,123,79,27,3,5,80,166,308,7,1
SoM-GLM,agent,Mind2Web--eb323dc584156d0eb3a2b90bb8c4b791_110325,www.compass.com,66e72449c19d6db4dedaf5bae645885a,1,0,72.019,215,122,58,15,7,3,125,221,426,5,0
SoM-GLM,agent,Mind2Web--eb323dc584156d0eb3a2b90bb8c4b791_110325,www.compass.com,9e6f1a3764bab5b390d5e951128bf348,0,0,96.801,114,62,24,13,1,1,65,117,226,2,0
SoM-GLM,agent,Mind2Web--87f4c5128e36cdb9366a138a7b61bb00,www.bestbuy.com,02213c57242546030808e6846ce53451,1,0,201.261,497,186,124,16,6,3,329,508,992,0,1
SoM-GLM,agent,Mind2Web--87f4c5128e36cdb9366a138a7b61bb00,www.bestbuy.com,a6ef8d4bce44f739e4d3db1cf5d81cb1,1,0,164.786,292,120,85,9,2,1,171,291,582,0,1
SoM-GLM,agent,Mind2Web--354b4ddf048815f8fd4163d0d7e1aaa3,ohiomeansjobs.ohio.gov,1c1d3de6947f7ef1218e560d81f2e2a2,1,0,26.242,65,51,44,11,3,3,46,89,130,8,0
SoM-GLM,agent,Mind2Web--354b4ddf048815f8fd4163d0d7e1aaa3,ohiomeansjobs.ohio.gov,83fa0f125cb5fa043a56c59dc36b0d2d,1,0,81.595,258,190,162,11,18,4,246,358,516,36,0
SoM-GLM,agent,Mind2Web--e4e097222d13a2560db6f6892612dab6,www.adoptapet.com,5f4df8de4ea74d20aae1c77f9a7eddb0,1,0,89.119,182,121,87,29,1,6,108,214,368,8,4
SoM-GLM,agent,Mind2Web--e4e097222d13a2560db6f6892612dab6,www.adoptapet.com,4807a6fc054cc0a9e7bb0223861d5db1,1,0,103.286,602,448,320,54,7,26,417,669,1212,31,12
SoM-GLM,agent,Mind2Web--f389398d2eeb29e5571e00439c57eb76,www.theweathernetwork.com,9b918160c9199d9c23c03ae59e4255a1,1,0,85.568,1365,1284,890,196,5,126,899,1441,2605,13,14
SoM-GLM,agent,Mind2Web--f389398d2eeb29e5571e00439c57eb76,www.theweathernetwork.com,0e0b8b07bd7d80c37a0c55ef9fb9ac3c,1,0,81.182,1059,978,789,183,5,123,812,1109,2134,8,14
SoM-GLM,agent,Mind2Web--8ea6c3a2ea3f59150619935261a76d19,www.fedex.com,2dcdfbe83027028aedcb1619f8609438,1,0,84.274,11,0,0,0,0,0,10,6,22,0,0
SoM-GLM,agent,Mind2Web--8ea6c3a2ea3f59150619935261a76d19,www.fedex.com,b5eea1131db9f83e3a85637389e89af4,1,0,82.07,435,423,386,2,2,2,127,428,893,1,0
SoM-GLM,agent,Mind2Web--c1d6ea6f2196d25782cc3646ff3090db,www.google.com,bd49b698d285625c14ee701c0d0f61c8,1,0,75.192,154,87,17,1,0,0,69,217,308,0,0
SoM-GLM,agent,Mind2Web--2dd41b1d0e8f389d0683f4a4627abfe6,www.landwatch.com,d706bc1178780e94ce3f15f63cd1fa6d,1,0,30.98,7,5,2,1,2,1,3,4,13,0,0
SoM-GLM,agent,Mind2Web--c1d6ea6f2196d25782cc3646ff3090db,www.google.com,182d191d4b96327e2c58d4443643a1f6,1,0,104.259,164,95,15,1,0,0,71,228,332,0,0
SoM-GLM,agent,Mind2Web--2dd41b1d0e8f389d0683f4a4627abfe6,www.landwatch.com,a792b2a189444b40a1012903bed80b50,1,0,92.821,585,582,454,5,5,7,159,581,1200,1,0
SoM-GLM,agent,Mind2Web--f2097f92a10d42a842c14179f422311e,www.bestbuy.com,bcc2ff7daa583b96b502723f2fe7bfb2,1,0,97.021,67,40,42,3,0,0,26,66,134,0,0
SoM-GLM,agent,Mind2Web--85b284c18d7e78c9b5a9e074e7aa3b98,www.student.com,32e4ef8dbb36dce2c7634c3d1dab0afc,1,0,89.058,437,402,170,29,6,8,284,573,970,9,9
SoM-GLM,agent,Mind2Web--f2097f92a10d42a842c14179f422311e,www.bestbuy.com,470c09996ce17d149e37dc55bcb0309a,1,0,204.322,626,191,110,11,6,2,441,623,1250,0,1
SoM-GLM,agent,Mind2Web--853afd530c72f4b00ffc32ae854efaf8,www.accuweather.com,c84cd702166cd57a792de99ada7de870,0,0,8.111,0,0,0,0,0,0,0,0,0,0,0
SoM-GLM,agent,Mind2Web--853afd530c72f4b00ffc32ae854efaf8,www.accuweather.com,60633f63727bc598352183b5347c4de5,0,0,6.341,0,0,0,0,0,0,0,0,0,0,0
SoM-GLM,agent,Mind2Web--85b284c18d7e78c9b5a9e074e7aa3b98,www.student.com,3e8a13bad8873589324a370be5a6128b,1,0,87.368,306,262,115,29,2,5,188,445,687,6,4
SoM-GLM,agent,Mind2Web--c09721cc937d4dcfb391a0bc2c574b28,www.recreation.gov,5e7aded2c412dbd4c97c36aebb67a2d7,1,0,84.796,150,103,44,12,3,2,67,161,300,11,2
SoM-GLM,agent,Mind2Web--c09721cc937d4dcfb391a0bc2c574b28,www.recreation.gov,5ac1acda2205f25d0c1e419286273090,0,0,98.377,127,88,34,12,1,1,71,130,251,13,2
SoM-GLM,agent,Mind2Web--4c572a627b53b0f9a734ab37f21819b8,craigslist.org,21f4b7736a71a32d441026f3f7b895a5,1,0,86.566,13,0,0,0,0,0,8,9,26,0,0
SoM-GLM,agent,Mind2Web--4c572a627b53b0f9a734ab37f21819b8,craigslist.org,867522a5aa809f5c3357effdef44ee5b,1,0,90.061,25,0,0,0,0,0,20,23,51,0,0
SoM-GLM,agent,Mind2Web--301f267f421b93045874726183e8f722,www.healthline.com,0a615a52e3caa54c6d4a6ec2308899fe,1,0,79.455,602,592,427,66,3,14,211,611,1207,10,3
SoM-GLM,agent,Mind2Web--301f267f421b93045874726183e8f722,www.healthline.com,6cacde44f38dadb5e7b9f5e99e91f710,1,0,91.89,236,231,140,60,1,12,81,242,468,9,1
SoM-GLM,agent,Mind2Web--4f903626f632586fe4728d6664947bab,www.justice.gov,1ab35ff8740f81fb41bd1b3cb8ebf8df,1,0,78.309,468,334,174,8,7,3,259,667,1121,78,5
SoM-GLM,agent,Mind2Web--4f903626f632586fe4728d6664947bab,www.justice.gov,11c6b80c8a18b48d335da24608aeb87f,1,0,109.487,493,340,131,8,9,3,278,624,1094,40,3
SoM-GLM,agent,Mind2Web--3ec0f6138d37fadcb989347a6088ec45,www.bbb.org,33b8b37b054471ee13ef1203eb9fb510,1,0,101.753,1249,1230,1079,5,7,5,357,1221,2582,1,0
SoM-GLM,agent,Mind2Web--3ec0f6138d37fadcb989347a6088ec45,www.bbb.org,9d26f0a0578517011d2fd97e478a0253,1,0,74.978,704,675,469,5,15,4,188,647,1490,1,0
SoM-GLM,agent,Mind2Web--2207bb4f21786690cfed20b37253fb8b,www.theweathernetwork.com,6b39470e6bdbb4fc164784b9f7abc475,1,0,73.0,1162,1091,837,186,3,117,784,1245,2375,11,27
SoM-GLM,agent,Mind2Web--2207bb4f21786690cfed20b37253fb8b,www.theweathernetwork.com,6cb163e44deca89ee64f6a48b9224f66,1,0,69.952,1117,1041,796,180,3,110,760,1209,2290,9,30
SoM-GLM,agent,Mind2Web--9c04b71bb8db6cf8e743b2290cbc8797,www.ups.com,de5af804ee5c24d1068b9a46e105ba20,0,0,58.591,251,251,234,2,0,1,91,250,509,0,0
SoM-GLM,agent,Mind2Web--4e0f5561a76478da87995dee00b09572,www.accuweather.com,69dfb7764460957b0ca18dab2599380f,0,0,6.327,0,0,0,0,0,0,0,0,0,0,0
SoM-GLM,agent,Mind2Web--4e0f5561a76478da87995dee00b09572,www.accuweather.com,448b34c72103c64c6310e91f447a28fc,0,0,7.443,0,0,0,0,0,0,0,0,0,0,0
SoM-GLM,agent,Mind2Web--7562d9b4e4829a44245aafce2e1f62db,www.usps.com,3a35e34da680a9cd6d99bb25d6bfa595,0,0,65.679,0,0,0,0,0,0,0,0,0,0,0
SoM-GLM,agent,Mind2Web--9c04b71bb8db6cf8e743b2290cbc8797,www.ups.com,3832464bc2a7fd409a6bf0dfe505c365,0,0,84.173,266,266,248,2,0,1,95,265,540,0,0
SoM-GLM,agent,Mind2Web--7562d9b4e4829a44245aafce2e1f62db,www.usps.com,456a9986d21f9d9a195d9691d3c226fa,0,0,70.523,0,0,0,0,0,0,0,0,0,0,0
SoM-GLM,agent,Mind2Web--bd1e3770b7181f6fce9c35e18caa9785,craigslist.org,162e7f83a61dbfa187037333cdf92be3,1,0,99.792,35,0,0,0,0,0,30,27,72,0,0
SoM-GLM,agent,Mind2Web--bd1e3770b7181f6fce9c35e18caa9785,craigslist.org,55da50ddbef2ed75ae4662c8efb43278,1,0,98.325,9,0,0,0,0,0,5,5,18,0,0
SoM-GLM,agent,Mind2Web--330cd04c773ac498f51afa4665461ec8,craigslist.org,26f5e7fbf8f7bdc9e40bfde2370eb6f2,1,0,82.033,55,0,0,0,0,0,50,40,112,0,0
SoM-GLM,agent,Mind2Web--ec78d3a635e417bc2a80d03ca93d7165,www.gov.uk,61c16cb1f9cec7699cfbd1366bfe7fc0,1,0,70.524,322,287,266,4,2,1,119,314,652,0,0
SoM-GLM,agent,Mind2Web--330cd04c773ac498f51afa4665461ec8,craigslist.org,c48d3b819c3e9ba66f7905e327971523,1,0,88.122,31,0,0,0,0,0,26,26,63,0,0
SoM-GLM,agent,Mind2Web--a0a18ca6a3529f3e97c771aadd42d3a0_110325,www.jcpenney.com,db7ef964c40d503c917f2e47818060ce,0,0,26.636,3,0,0,0,0,0,2,0,6,0,0
SoM-GLM,agent,Mind2Web--a0a18ca6a3529f3e97c771aadd42d3a0_110325,www.jcpenney.com,4dbe8e9510de0aafa949b3d1f714cca5,0,0,8.395,1,0,0,0,0,0,0,0,2,0,0
SoM-GLM,agent,Mind2Web--ec78d3a635e417bc2a80d03ca93d7165,www.gov.uk,7ec51fabb50abe7c4837135d3c7f8336,0,0,68.488,16,0,0,0,0,0,0,13,32,0,0
SoM-GLM,agent,Mind2Web--82eb3bfedd78456a0230b389f4e7a938,coinmarketcap.com,f3ca16884cae7fc2019ce6ccf50719e6,1,0,85.79,695,208,186,39,3,19,169,705,1407,0,1
SoM-GLM,agent,Mind2Web--82eb3bfedd78456a0230b389f4e7a938,coinmarketcap.com,338bfd1dc94804ccc6975991e3a57428,1,0,85.992,1833,504,492,31,14,16,562,1830,3840,0,1
SoM-GLM,agent,Mind2Web--e7f6cca9a8875f98fee3b711ead3a444_110325,www.tumblr.com,e53d5be7fd473ec2b3b957110696e62d,0,0,61.036,6,5,0,0,0,0,0,5,12,0,0
SoM-GLM,agent,Mind2Web--e7f6cca9a8875f98fee3b711ead3a444_110325,www.tumblr.com,9cd76ca3decffbd1d9c9011c025f272a,1,0,74.943,404,386,251,92,3,45,240,436,852,0,1
SoM-GLM,agent,Mind2Web--75a1b5dcd2c28508a971d98d51fe5767,www.allrecipes.com,875e05f2494fa96ae5479fbb02ab2ffd,1,0,82.676,1141,1072,917,172,1,102,668,1210,2314,25,21
SoM-GLM,agent,Mind2Web--75a1b5dcd2c28508a971d98d51fe5767,www.allrecipes.com,4680dfa0803459471adc9667aac3a123,1,0,69.431,761,697,644,174,1,108,588,784,1541,18,11
SoM-GLM,agent,Mind2Web--c03ee2be3d73556ab789c0ad1cbd3451,www.akc.org,d75ee12d5f1cd36ee76be9f36aff4f9e,1,0,114.579,169,71,50,24,1,11,96,176,341,0,0
SoM-GLM,agent,Mind2Web--c03ee2be3d73556ab789c0ad1cbd3451,www.akc.org,3cf764eb5e12bfbcc681982a0b3b7c83,1,0,87.263,220,81,44,23,2,8,62,224,444,0,0
SoM-GLM,agent,Mind2Web--05483c50cc9b04c8ac44c574758fb2bd,www.bbb.org,0d04b12a684be2525dd3c4120667fcb6,1,0,36.136,28,22,3,3,1,1,6,17,61,0,0
SoM-GLM,agent,Mind2Web--05483c50cc9b04c8ac44c574758fb2bd,www.bbb.org,8a4a63a969ef9a60d4afb95d6d49247d,1,0,117.875,499,481,395,5,7,3,161,466,1031,0,0
SoM-GLM,agent,Mind2Web--a172a5d9ffaf5ef02bd550ec4fe24e6d,www.drugs.com,4d4fdfcb41c3f485f86f2434fef05938,1,0,68.418,447,439,397,2,10,1,129,445,926,1,0
SoM-GLM,agent,Mind2Web--a172a5d9ffaf5ef02bd550ec4fe24e6d,www.drugs.com,b809f533039d82babeb89727033aec89,1,0,104.518,459,453,409,2,2,4,123,454,948,2,0
SoM-GLM,agent,Mind2Web--7e1047f4803237f319c004f7a7f6bccb_121125,www.bestbuy.com,4011dec66897a0fa5282ea96bf799998,1,0,230.173,658,289,212,27,7,10,540,816,1314,0,1
SoM-GLM,agent,Mind2Web--7e1047f4803237f319c004f7a7f6bccb_121125,www.bestbuy.com,6021ed4dc8f101ff222c0abe1c90b0ba,1,0,179.018,511,273,191,27,6,10,365,623,1018,0,1
SoM-GLM,agent,Mind2Web--f2be37a9a60fbc25b6b11cf622d17352_110325,www.akc.org,e990512ec6ec9f9c404f6057ce8df0f4,1,0,91.635,234,132,58,23,1,9,67,243,472,0,0
SoM-GLM,agent,Mind2Web--f2be37a9a60fbc25b6b11cf622d17352_110325,www.akc.org,79b39b62aed86662647a1243d08d3abd,1,0,80.843,171,71,49,24,1,11,24,179,346,0,0
SoM-GLM,agent,Mind2Web--e24662008c3be5d56f986f232fcec447,www.google.com,a9f488f334f2a9454144f467d821771b,1,0,67.152,141,125,8,3,1,1,28,148,309,0,0
SoM-GLM,agent,Mind2Web--e24662008c3be5d56f986f232fcec447,www.google.com,ea56ebb9bbfd1cb70187fb3c925c3233,1,0,68.196,144,122,7,3,1,1,34,151,318,0,0
SoM-GLM,agent,Mind2Web--0170ca95038b05fa58d463fe627ac605,www.gov.uk,982086bfb6759d9fb7cb0b514d66d4a5,1,0,65.069,28,0,0,0,0,0,12,21,56,0,0
SoM-GLM,agent,Mind2Web--0170ca95038b05fa58d463fe627ac605,www.gov.uk,d6b9eabad215c0316444805f033249c4,1,0,61.047,506,463,412,2,2,2,163,498,1038,1,0
SoM-GLM,agent,Mind2Web--b3a7da968de13bbdcaed12ffe4993df6,www.akc.org,42a2b9f546d98aa59a78408d87c330ed,1,0,75.451,390,220,126,33,7,14,136,420,802,4,3
SoM-GLM,agent,Mind2Web--b3a7da968de13bbdcaed12ffe4993df6,www.akc.org,3dd019ba87eecebb8aee620088db322a,1,0,95.66,285,166,92,37,5,14,107,301,589,2,0
SoM-GLM,agent,Mind2Web--515f2e5811cfdd5e0e669e40f17886d8,www.bestbuy.com,34f3bfb55b91b676ff288b1f84567c25,1,0,123.095,103,67,44,5,0,0,35,103,206,0,0
SoM-GLM,agent,Mind2Web--4d3157aab34b54e5f0c4b965dfe930f3,www.babycenter.com,3a0bd082e9c125c6e07caa1438ef928c,1,0,64.312,318,317,86,22,1,7,242,341,634,9,0
SoM-GLM,agent,Mind2Web--4d3157aab34b54e5f0c4b965dfe930f3,www.babycenter.com,1b1ad510b7ebcbdff9055fac7f4a77e6,0,0,,0,0,0,0,0,0,0,0,0,0,0
SoM-GLM,agent,Mind2Web--e4e19e04286f644d747d8c5a79d17fac,www.drugs.com,88e538544f45f0630ac07257e767abd6,1,0,62.099,971,966,891,2,6,2,248,963,2004,2,0
SoM-GLM,agent,Mind2Web--515f2e5811cfdd5e0e669e40f17886d8,www.bestbuy.com,e3612b81680162b2dbcee598b071519a,1,0,211.375,513,160,96,10,4,2,352,508,1019,0,1
SoM-GLM,agent,Mind2Web--e4e19e04286f644d747d8c5a79d17fac,www.drugs.com,a4ac5275c0678db0ab9d8539dca6c8bd,1,0,76.911,1197,1192,1088,2,7,3,316,1189,2468,2,0
SoM-GLM,agent,Mind2Web--cad62d2be0c53f08a416457486b3db23,www.adoptapet.com,c530d512fd92c6742fca37df214529fd,1,0,79.708,211,149,108,29,1,6,135,257,427,9,4
SoM-GLM,agent,Mind2Web--cad62d2be0c53f08a416457486b3db23,www.adoptapet.com,275a8c0155bc63c81e2483e82bb49467,1,0,89.774,184,122,87,29,1,5,110,218,372,9,3
SoM-GLM,agent,Mind2Web--9ef1a8972f375db59c0e6329e11b7939,www.landwatch.com,afc04bde005c95203f0570ebf308f764,1,0,79.316,531,525,479,2,4,1,146,523,1083,0,0
SoM-GLM,agent,Mind2Web--9ef1a8972f375db59c0e6329e11b7939,www.landwatch.com,3eeeebb3a53aa37ead664358795860cd,0,0,6.898,1,0,0,0,0,0,0,0,2,0,0
SoM-GLM,agent,Mind2Web--a11ecdff735b51372d536c866011af6f,www.coursera.org,ccb7b96f30c027344b16c84dac38c5ad,1,0,62.869,202,178,165,27,1,4,66,209,404,11,0
SoM-GLM,agent,Mind2Web--a11ecdff735b51372d536c866011af6f,www.coursera.org,45f6e0545b9503faf88bf6240a1759cb,1,0,65.632,203,178,165,27,1,4,67,210,406,11,0
SoM-GLM,agent,Mind2Web--7fff82864f21ddeccf4104a220892824,www.google.com,111c78cde83223facf70912064623d84,1,0,93.355,195,69,30,1,0,0,131,315,393,0,0
SoM-GLM,agent,Mind2Web--7fff82864f21ddeccf4104a220892824,www.google.com,26b052c778dfebbf7edfcad30e6ba57f,1,0,106.489,160,92,15,1,0,0,70,223,323,0,0
SoM-GLM,agent,Mind2Web--50d91eabde542906937ab4c5b6f8f23a_121425,www.babycenter.com,b976e41bb1197207e06b8667d9cf1738,1,0,76.036,420,417,248,72,1,31,316,502,838,17,2
SoM-GLM,agent,Mind2Web--50d91eabde542906937ab4c5b6f8f23a_121425,www.babycenter.com,4bac541f56af268a263539965ca44b12,1,0,83.198,336,334,196,63,1,24,239,394,669,16,2
SoM-GLM,agent,Mind2Web--dcd26e662a616d373ddd339747c6ce5b,www.healthline.com,fd47833f921193f6dd44b0babe5e2c22,1,0,50.617,211,206,136,57,1,10,77,214,415,9,1
SoM-GLM,agent,Mind2Web--dcd26e662a616d373ddd339747c6ce5b,www.healthline.com,f38c32df68f490f98b409c603b197aab,1,0,71.3,227,222,151,62,1,13,87,233,444,9,1
SoM-GLM,agent,Mind2Web--eb2db4b769c145dbe6ba4f74f3e0de98,www.akc.org,1c14353031f44ff2c905e5e0087ea1ad,1,0,93.645,285,168,102,38,5,14,67,302,585,2,1
SoM-GLM,agent,Mind2Web--c0fa2c0e622971955cabf5bcf7b777e8,www.apartments.com,e1e71a8cc297b5f684c3d0dc89ce9a47,0,0,7.02,1,0,0,0,0,0,0,0,2,0,0
SoM-GLM,agent,Mind2Web--eb2db4b769c145dbe6ba4f74f3e0de98,www.akc.org,fadf53d9adcde49067405a55f698ab94,1,0,82.21,455,258,156,35,12,18,187,478,930,0,3
SoM-GLM,agent,Mind2Web--c0fa2c0e622971955cabf5bcf7b777e8,www.apartments.com,5bd87693420422b43839c2d3e2df7d01,1,0,16.655,3,1,0,0,2,1,2,0,6,0,0
SoM-GLM,agent,Mind2Web--ce616721ce9aeda69890fbccb29677a6,www.usps.com,6b9b51cb2fd12311aaa485293167ebef,0,0,61.678,0,0,0,0,0,0,0,0,0,0,0
SoM-GLM,agent,Mind2Web--ce616721ce9aeda69890fbccb29677a6,www.usps.com,39cf0d9583636747af672b1dd0f630b6,0,0,65.545,0,0,0,0,0,0,0,0,0,0,0
SoM-GLM,agent,Mind2Web--9d09bc948462db032bac98968b11b008,www.stubhub.com,b3e8d2d7c3dc41eb920482fcbc40d6c8,1,0,76.079,506,470,169,17,11,2,226,633,1005,17,0
SoM-GLM,agent,Mind2Web--9d09bc948462db032bac98968b11b008,www.stubhub.com,b7bb599d7aed148a4c33cfc38af24c6d,1,0,78.906,385,349,117,11,7,2,176,476,766,13,0
SoM-GLM,agent,Mind2Web--29526b17a32485742b5ab63507e99417,www.drugs.com,84c11b2d0ba7cba76bd57ef0a6e57812,1,0,66.654,1060,1054,953,2,6,4,264,1053,2191,2,0
SoM-GLM,agent,Mind2Web--29526b17a32485742b5ab63507e99417,www.drugs.com,74315b32bb2b5238673b37b18156cc98,1,0,71.236,891,886,802,2,5,4,249,887,1840,3,0
SoM-GLM,agent,Mind2Web--d7c955b47af68e01766fa86d0bee08a7,www.apartments.com,231ba01d6aa35710c905d9f38e1bcc39,0,0,14.127,2,0,0,0,0,0,1,0,4,0,0
SoM-GLM,agent,Mind2Web--d7c955b47af68e01766fa86d0bee08a7,www.apartments.com,f410d45dd9d7b05c9d07750bc0f0e18c,0,0,12.641,2,0,0,0,0,0,1,0,4,0,0
SoM-GLM,agent,Mind2Web--9d090a15c214eb070d9caa8a034d03c1,www.student.com,e4ad16b3b975c5fb19d3f802e5e02bbf,1,0,73.311,713,655,277,29,14,7,488,934,1593,18,18
SoM-GLM,agent,Mind2Web--9d090a15c214eb070d9caa8a034d03c1,www.student.com,eaa20321bc333f02d56c633bb1e60229,1,0,78.368,647,598,261,29,12,9,425,854,1480,15,15
SoM-GLM,agent,Mind2Web--5916018d1cad999881018cac1216a692,www.thumbtack.com,a737da2a8cd4a189ac55ed6c9833bafe,1,0,82.88,454,437,357,25,3,4,192,460,921,10,0
SoM-GLM,agent,Mind2Web--5916018d1cad999881018cac1216a692,www.thumbtack.com,7229122bea6b678ed6cb6c7fc7b818a7,1,0,90.906,1348,1326,1081,26,5,7,412,1356,2774,14,0
SoM-GLM,agent,Mind2Web--0059adc6b12a3822305deb68929b2de8,careers.walmart.com,cd7f3538857074ab3e1407e35211516a,1,0,84.305,167,94,15,7,3,2,108,230,345,19,0
SoM-GLM,agent,Mind2Web--0059adc6b12a3822305deb68929b2de8,careers.walmart.com,eaa992e649acb64d959f049bc730f5d3,1,0,79.181,212,142,32,10,4,4,120,285,451,13,0
SoM-GLM,agent,Mind2Web--07bdc595306729a028ba06cc7451a80a,us.trip.com,55de79e02e5f2fad3e9c60bb7fc8343b,1,0,74.746,453,388,146,25,3,5,190,462,975,16,0
SoM-GLM,agent,Mind2Web--07bdc595306729a028ba06cc7451a80a,us.trip.com,4eb9d3ed6b26164eb9aff17a8b8fb7d5,1,0,72.014,450,389,143,25,3,5,186,465,974,16,0
SoM-GLM,agent,Mind2Web--64b76158720a69e4a5c31a55d54928bf,www.healthline.com,4d460db8d49dbe5ae1106f08e8783459,1,0,77.326,543,522,370,66,9,13,236,569,1074,22,11
SoM-GLM,agent,Mind2Web--64b76158720a69e4a5c31a55d54928bf,www.healthline.com,03759db4faf8ad99494e83a9974adc46,1,0,85.642,1305,1290,999,51,5,7,364,1324,2670,7,6
SoM-GLM,agent,Mind2Web--e3ab665e01e7632ce33ac1aeca14aff6,www.recreation.gov,b0ab37efba0c9e8a40c2dd923c3b47d3,1,0,74.224,525,385,160,12,18,5,369,564,1079,66,18
SoM-GLM,agent,Mind2Web--e3ab665e01e7632ce33ac1aeca14aff6,www.recreation.gov,67fbbfb5fcf8666a1dee1fe67ced6792,1,0,82.297,152,110,49,13,1,4,73,157,304,11,1
SoM-GLM,agent,Mind2Web--2d5a7f95f951a26838289dfd629ae850_110325,www.compass.com,efe1ba72053208b5038743364921382b,0,0,76.533,106,55,23,13,1,1,64,109,210,2,0
SoM-GLM,agent,Mind2Web--26810ed9c123a62992e3eed31db3c5ee,www.accuweather.com,61391c501a7346bee86c3754dc1416c0,0,0,15.209,0,0,0,0,0,0,0,0,0,0,0
SoM-GLM,agent,Mind2Web--2d5a7f95f951a26838289dfd629ae850_110325,www.compass.com,3605b36784758f27ce356c5bcc788d93,0,0,75.46,106,55,23,13,1,1,64,109,210,2,0
SoM-GLM,agent,Mind2Web--26810ed9c123a62992e3eed31db3c5ee,www.accuweather.com,3c251bae70c719ef05538a7426fa3059,0,0,14.073,0,0,0,0,0,0,0,0,0,0,0
SoM-GLM,agent,Mind2Web--c181f903ec1107b850032c17cad88393,www.webmd.com,aa9e1ff820b5a140f256fdb8399646fd,1,0,81.798,1128,1111,995,206,5,118,931,1370,2308,75,12
SoM-GLM,agent,Mind2Web--c181f903ec1107b850032c17cad88393,www.webmd.com,7ea68a33a999e834f6153306e5c9b63b,1,0,92.366,1150,1130,1015,208,5,134,970,1341,2334,73,10
SoM-GLM,agent,Mind2Web--ef289e34a2f59a707cb07e2a6229ff03,www.cars.com,772796257ce48b22a08e0d3b2f07e97d,0,0,17.819,0,0,0,0,0,0,0,0,0,0,0
SoM-GLM,agent,Mind2Web--ef289e34a2f59a707cb07e2a6229ff03,www.cars.com,1d8ec061ea8f1b669d4487d00d6ceeb8,0,0,24.025,0,0,0,0,0,0,0,0,0,0,0
SoM-GLM,agent,Mind2Web--84f806c7fc15576673915f195efa72df,www.adoptapet.com,35d1dde1d8e5754477b1cda0d4d4ae24,1,0,88.152,533,475,285,57,5,25,349,604,1071,23,13
SoM-GLM,agent,Mind2Web--84f806c7fc15576673915f195efa72df,www.adoptapet.com,5f1b5533a75343ede80746763a8eb214,1,0,88.078,466,408,240,39,5,12,279,548,944,22,17
SoM-GLM,agent,Mind2Web--be9e7dca1222714571ef3d7d59d2a41c,weather.com,21db424a01d08f8d92182b04e7acbc4b,1,0,84.088,1148,1035,999,208,1,145,983,1153,2302,2,10
SoM-GLM,agent,Mind2Web--be9e7dca1222714571ef3d7d59d2a41c,weather.com,f5f676cb4ce65a1ee69e91a2726aed76,1,0,82.794,1744,1530,1475,244,5,178,1516,1687,3492,6,12
SoM-GLM,agent,Mind2Web--11abb668c751dd56bb41f296a8bb3a13,www.bestbuy.com,f850c62c42c4f83f313d084723cc3efd,1,0,116.909,124,67,44,5,0,0,56,124,248,0,0
SoM-GLM,agent,Mind2Web--207e933d1bba815bcb58664b5d82c085,www.apartments.com,278ec5e4ef19cfcbca23c99076dd1fc4,1,0,56.402,266,262,242,2,4,2,97,259,540,0,0
SoM-GLM,agent,Mind2Web--11abb668c751dd56bb41f296a8bb3a13,www.bestbuy.com,f2038cb94db61f36b035707eed8e40aa,1,0,175.636,608,254,185,27,6,10,482,720,1213,0,1
SoM-GLM,agent,Mind2Web--207e933d1bba815bcb58664b5d82c085,www.apartments.com,a1e5be68783b8af7377fe74e92f7c93b,1,0,78.54,395,391,322,3,7,3,128,421,840,0,0
SoM-GLM,agent,Mind2Web--29b7372d5a3884a2ba831af2d117af3c,www.google.com,f61a30b09fef69b4c8883d390d02f1ae,1,0,79.18,146,125,10,3,1,1,33,156,330,0,0
SoM-GLM,agent,Mind2Web--29b7372d5a3884a2ba831af2d117af3c,www.google.com,416dbefc5a4e8eadd631a43ff8de73fd,1,0,87.973,167,139,16,3,1,1,45,180,399,1,0
SoM-GLM,agent,Mind2Web--5c00e9561eae94789443f405525a5869,www.healthline.com,02a0f296c162754b9830b2ea8751da41,1,0,78.337,1069,1059,859,62,3,14,312,1079,2181,12,4
SoM-GLM,agent,Mind2Web--5c00e9561eae94789443f405525a5869,www.healthline.com,13031fe927e22404818fb1e2a31c2237,1,0,85.868,760,750,596,61,3,13,233,770,1544,11,3
SoM-GLM,agent,Mind2Web--2532fd402d3c741b79894e6ff2269f53,www.thumbtack.com,f3cde73d7d4f42e6f689b0c95965beac,1,0,84.624,155,135,77,23,3,5,95,165,309,12,0
SoM-GLM,agent,Mind2Web--9829f3087ab1f9c8eba6b6dd2b831d25_112325,www.espn.com,6cee0cb11903fef4201eac128e00642f,1,0,33.096,449,445,308,124,3,76,265,484,922,1,7
SoM-GLM,agent,Mind2Web--2532fd402d3c741b79894e6ff2269f53,www.thumbtack.com,19cd3f64809d656b2e02769fab411591,1,0,86.962,122,111,63,23,1,3,59,130,243,9,0
SoM-GLM,agent,Mind2Web--9829f3087ab1f9c8eba6b6dd2b831d25_112325,www.espn.com,51b53030335adac708d358b2a2d330ec,1,0,73.871,1028,1021,584,141,7,81,494,1194,2173,15,56
SoM-GLM,agent,Mind2Web--783ce6a3499fa7cf25bc12f8f0ecbbbb,www.mayoclinic.org,23161da392222b43e8666f096adb2dc7,1,0,73.196,116,71,48,12,1,2,71,117,232,1,0
SoM-GLM,agent,Mind2Web--783ce6a3499fa7cf25bc12f8f0ecbbbb,www.mayoclinic.org,096c04eb15cf2cd71c235d52d73d8500,1,0,64.436,113,71,47,12,1,2,68,114,226,1,0
SoM-GLM,agent,Mind2Web--6db4a0e346976f2729ba9afcd3208941,www.fedex.com,43f1eb627ad675ceba203df16cd09bb4,1,0,65.368,13,0,0,0,0,0,12,3,26,0,0
SoM-GLM,agent,Mind2Web--6db4a0e346976f2729ba9afcd3208941,www.fedex.com,f29e71ecb10a5d2e9cb6cfe6c7769901,0,0,76.637,12,0,0,0,0,0,11,3,24,0,0
SoM-GLM,agent,Mind2Web--1fc28d91d25ccd1c6ba268101326a654,www.google.com,f6dbe772d46766f24979fe2f3e817b85,1,0,90.787,168,142,15,3,1,1,42,180,400,1,0
SoM-GLM,agent,Mind2Web--255bf27c43fd3f9254d6b81a5f36d3a9,www.landwatch.com,f70669f4358ff6a62484db4909b0c2c1,0,0,6.947,1,0,0,0,0,0,0,0,2,0,0
SoM-GLM,agent,Mind2Web--1fc28d91d25ccd1c6ba268101326a654,www.google.com,07f16e68084efa9a69b126ec4a5dfedf,1,0,77.994,166,142,13,3,1,1,39,177,392,0,0
SoM-GLM,agent,Mind2Web--255bf27c43fd3f9254d6b81a5f36d3a9,www.landwatch.com,4b3c3f1ed0b4651c38aa5761c6783c19,0,0,16.245,2,0,0,0,0,0,1,0,4,0,0
SoM-GLM,agent,Mind2Web--a8b9edd598561d2de901864d5f40fe67,www.fedex.com,af3d71dc4d457259f483179e46426913,1,0,74.622,469,455,411,2,2,4,135,462,967,2,0
SoM-GLM,agent,Mind2Web--a8b9edd598561d2de901864d5f40fe67,www.fedex.com,86d2190005cfd073eaa9e19fbcb0368e,0,0,87.369,9,0,0,0,0,0,8,3,18,0,0
SoM-GLM,agent,Mind2Web--a6f0434ce6aff5f9b03681241b03ad82,finance.yahoo.com,642947c1aa0bbafb6543c445fa34e1e5,1,0,77.984,1481,1049,1402,210,3,144,1443,1350,3081,38,32
SoM-GLM,agent,Mind2Web--a6f0434ce6aff5f9b03681241b03ad82,finance.yahoo.com,8d161e608bb68d624c2ea6f7fb13e9cf,1,0,75.879,1481,1045,1406,200,3,133,1403,1348,3073,38,30
SoM-GLM,agent,Mind2Web--415bf9da6f3db3a735ecbba3b0c76c15,www.akc.org,19ce48e2af13587f3f80d324aa5540ac,1,0,98.219,184,81,45,23,1,8,26,190,372,0,0
SoM-GLM,agent,Mind2Web--415bf9da6f3db3a735ecbba3b0c76c15,www.akc.org,c9405e0ed9306c7e33dd9b70f97aee86,1,0,88.738,757,655,169,47,1,11,408,775,1485,5,0
SoM-GLM,agent,Mind2Web--8103786e0e5976ebf961bd062d5f39cd,www.mayoclinic.org,51b656ce55c932875c36ac70cd098271,1,0,74.243,209,135,104,22,3,7,133,201,418,4,0
SoM-GLM,agent,Mind2Web--8103786e0e5976ebf961bd062d5f39cd,www.mayoclinic.org,29be4f2ef6453033f69fecec5501adf6,1,0,78.851,219,143,113,22,3,7,141,212,439,4,0
SoM-GLM,agent,Mind2Web--92160852a6bbbc165cee4e14ab0b1d59,www.ups.com,4da4b0335340a4b1f4ce921b3391c472,1,0,60.188,831,831,750,2,0,4,247,832,1719,2,0
SoM-GLM,agent,Mind2Web--92160852a6bbbc165cee4e14ab0b1d59,www.ups.com,c1e801e1aa2661dbf163b7603ebfaead,1,0,61.04,1413,1413,1265,2,0,4,367,1419,2937,7,0
SoM-GLM,agent,Mind2Web--502e864440283214e0180645015f568b_110325,www.recreation.gov,32bd19f43c681b4a6a64f941d7408523,1,0,70.915,184,123,48,12,3,2,103,190,376,21,2
SoM-GLM,agent,Mind2Web--502e864440283214e0180645015f568b_110325,www.recreation.gov,ee2165e9d1c620a5a8ceb7f5b4f77db7,0,0,79.967,109,74,31,12,1,1,51,111,223,13,0
SoM-GLM,agent,Mind2Web--7680a920359cb1a508fbddb001b98167,www.babycenter.com,0e649170d6fc64352701616374bbcc2a,1,0,60.264,424,421,256,68,1,27,314,506,844,18,2
SoM-GLM,agent,Mind2Web--7680a920359cb1a508fbddb001b98167,www.babycenter.com,6793a9a375f4badc87a5ea95be339ca4,1,0,70.548,427,424,263,74,1,32,319,510,850,18,2
SoM-GLM,agent,Mind2Web--07ec4a12cba8090e2dc524d558ac7675,www.drugs.com,1e1440fe20f71b40de73326d712ef5ee,1,0,49.798,779,775,697,2,4,4,198,777,1610,3,0
SoM-GLM,agent,Mind2Web--07ec4a12cba8090e2dc524d558ac7675,www.drugs.com,96296efcf68ab1de617a8bf2845c38b9,1,0,62.874,1459,1452,1298,2,8,4,368,1463,3035,6,0
SoM-GLM,agent,Mind2Web--987bad7c6d4726d64232a8a1c3386888,www.cars.com,7bf8d4eb909cf2f03a4a4c32c83ee6c8,0,0,100.42,12,7,0,0,1,1,4,8,29,0,0
SoM-GLM,agent,Mind2Web--987bad7c6d4726d64232a8a1c3386888,www.cars.com,9346c3c13f5036aada81b4272254f2ec,1,0,96.012,31,19,0,0,6,1,11,22,76,0,0
SoM-GLM,agent,Mind2Web--15be05973fba714e490cd9c884e4f072,ohio.gov,0bd9411d589741d72d686ad434a26256,1,0,86.728,1207,1150,1038,6,5,4,326,1204,2497,4,0
SoM-GLM,agent,Mind2Web--15be05973fba714e490cd9c884e4f072,ohio.gov,f50641cd89e5e80a571b6665a9eb7d6a,1,0,81.089,1184,1125,1023,6,6,4,309,1179,2442,5,0
SoM-GLM,agent,Mind2Web--3adeea7627f4343069f38adae40f73d0_110325,medicare.gov,6b01a3c966f2df22ab98fd97d3b9428e,1,0,59.385,390,238,154,28,5,11,235,370,784,14,3
SoM-GLM,agent,Mind2Web--c94551d2b18f9ad0ab31b0bd98ca42e3_121125,www.petfinder.com,e6e87700dc2614c0c7c2a2f964533f12,0,0,7.246,1,0,0,0,0,0,0,0,2,0,0
SoM-GLM,agent,Mind2Web--c94551d2b18f9ad0ab31b0bd98ca42e3_121125,www.petfinder.com,02da8b99df9e86d13e92b3fdbe4cb3ba,0,0,12.797,1,0,0,0,0,0,0,0,2,0,0
SoM-GLM,agent,Mind2Web--3adeea7627f4343069f38adae40f73d0_110325,medicare.gov,fc5dc1480124a33a6d5479fc4d838fd7,1,0,71.891,245,179,113,28,1,11,114,256,492,4,0
SoM-GLM,agent,Mind2Web--4e801ba102dfaf22c7cf7a126b107609,www.thumbtack.com,8ad137920935e7aacfee45173c85d01b,1,0,77.165,188,163,97,23,3,6,123,198,371,20,0
SoM-GLM,agent,Mind2Web--4e801ba102dfaf22c7cf7a126b107609,www.thumbtack.com,b4655047784e02eb59e8214d44423bf3,1,0,84.377,187,164,101,23,3,6,115,196,370,19,0
SoM-GLM,agent,Mind2Web--39c388cdc468688c8139cc2bb5157c13,www.cars.com,b652455014fc24899977ac4ae4abfa62,0,0,59.186,95,95,93,2,0,1,74,94,192,0,0
SoM-GLM,agent,Mind2Web--39c388cdc468688c8139cc2bb5157c13,www.cars.com,9198d0e4937bd994c28b6eef7f3ced57,1,0,57.415,442,442,401,2,0,4,120,443,911,2,0
SoM-GLM,agent,Mind2Web--c8d7f2aa7eb5dd074c48c9f76f8659ad,www.dmv.virginia.gov,d83e2c0ec33dee5576a177883b16ff49,1,0,96.774,83,60,51,16,3,1,34,109,176,9,0
SoM-GLM,agent,Mind2Web--c8d7f2aa7eb5dd074c48c9f76f8659ad,www.dmv.virginia.gov,a234a5f2b6379119a2ab38f89683fe86,1,0,74.262,78,55,46,15,3,1,30,99,166,7,0
SoM-GLM,agent,Mind2Web--fd787623166785d84093565bf945fd24,www.drugs.com,392ea038fa9e4e92ab47a3d126f3eb3a,1,0,74.359,1127,1122,1006,2,6,4,287,1130,2341,4,0
SoM-GLM,agent,Mind2Web--fd787623166785d84093565bf945fd24,www.drugs.com,c628107898cc378dcb7f9d5e71127320,1,0,87.675,846,842,748,2,7,5,252,847,1752,3,0
SoM-GLM,agent,Mind2Web--c3307a70bb12ebf56cc9ec926b368f15,www.drugs.com,9fc23d358f0a7dae46849fef865b0a57,1,0,66.093,787,780,703,2,4,4,201,782,1628,4,0
SoM-GLM,agent,Mind2Web--c3307a70bb12ebf56cc9ec926b368f15,www.drugs.com,dd41004f507a5d1ae3b59c4858b4db6c,1,0,67.502,1163,1157,1040,2,7,4,329,1159,2411,4,0
SoM-GLM,agent,Mind2Web--9586827ad04ee2362f4f0076bf0f0468,www.drugs.com,2b5ebbb5501896528c22def753313858,1,0,75.573,778,773,695,2,4,4,205,775,1610,3,0
SoM-GLM,agent,Mind2Web--9586827ad04ee2362f4f0076bf0f0468,www.drugs.com,5ca9ae30a655dcc083e487257aeeefac,1,0,70.796,1262,1258,1135,2,6,4,321,1263,2612,5,0
SoM-GLM,agent,Mind2Web--34992feb69eb8e788faa06868b365c49,www.dmv.virginia.gov,5e98adecde98f2e97db9d2937c8ef03c,1,0,78.729,87,71,49,16,1,1,35,104,179,7,0
SoM-GLM,agent,Mind2Web--34992feb69eb8e788faa06868b365c49,www.dmv.virginia.gov,0d5a84ef7c5550aa3eb9cc5ce7f597cf,0,0,93.288,80,64,42,16,1,1,26,94,165,6,0
SoM-GLM,agent,Mind2Web--47b93b9e649eadeb8d96a6e3df715c2d,www.mayoclinic.org,2a3b97b2f18a4f900926f1f5f247a277,0,0,74.564,94,55,30,9,0,0,61,95,188,1,0
SoM-GLM,agent,Mind2Web--47b93b9e649eadeb8d96a6e3df715c2d,www.mayoclinic.org,ec62864b42b29748baf70ed551fafe29,1,0,76.607,119,79,52,12,1,2,71,120,238,1,0
SoM-GLM,agent,Mind2Web--3443e9c3151fef19a3c3a45eb2c13640,www.webmd.com,de195f46f37589878edfd21d6fa9572b,1,0,32.435,772,764,675,180,3,113,609,828,1548,29,4
SoM-GLM,agent,Mind2Web--6b5be1764692d1dc8f17dc4375b2daa8,finance.yahoo.com,6f4451f3bf031cc9b811e3167e387bd4,1,0,69.563,2326,1547,2206,231,7,160,2170,2043,5007,123,103
SoM-GLM,agent,Mind2Web--3443e9c3151fef19a3c3a45eb2c13640,www.webmd.com,6f565c002bfecd82d9dc83e8982f08c2,1,0,104.455,1825,1808,1517,183,7,110,876,1943,3721,69,7
SoM-GLM,agent,Mind2Web--6b5be1764692d1dc8f17dc4375b2daa8,finance.yahoo.com,534f6e3265d7c9e8cffbee58086a7cf1,1,0,77.368,1723,1072,1641,207,3,142,1647,1597,3564,42,32
SoM-GLM,agent,Mind2Web--16200f51d63f0a47a58fa17acd49e368,cookpad.com,64774f679b40010e5f640e88c9204209,1,0,93.44,83,74,9,4,1,1,10,81,166,1,0
SoM-GLM,agent,Mind2Web--16200f51d63f0a47a58fa17acd49e368,cookpad.com,b5b1ba31c8383dc2b8dcb1d9c18bfe0e,1,0,88.038,52,43,9,4,1,1,10,50,104,1,0
SoM-GLM,agent,Mind2Web--c2153fc053112e89c2f103869c4d6890,www.thumbtack.com,8f3be29acfa3f64b0a62299cce6a917e,1,0,83.492,627,588,400,31,5,8,247,652,1273,30,0
SoM-GLM,agent,Mind2Web--c2153fc053112e89c2f103869c4d6890,www.thumbtack.com,211106ea6b6a80528d72e1f4fda44256,1,0,74.473,612,586,382,25,3,6,242,629,1255,21,0
SoM-GLM,agent,Mind2Web--5e4e89c9b6fdaee7a41aca5601b82e04,www.drugs.com,6b1f12061595bb3fc99afccdda1cb5f6,1,0,66.193,557,547,483,2,2,3,151,549,1142,2,0
SoM-GLM,agent,Mind2Web--5e4e89c9b6fdaee7a41aca5601b82e04,www.drugs.com,452d2adc65697ce2a55aa32b3bfefd2c,1,0,72.955,862,857,750,3,7,5,280,886,1813,4,0
SoM-GLM,agent,Mind2Web--60cbbbd58eb9d28b053aef945f464228,www.bbb.org,f8f05b7eea3b93560c3c8d4b1d5fe4cf,1,0,74.762,1194,1172,994,5,9,5,293,1152,2483,4,0
SoM-GLM,agent,Mind2Web--60cbbbd58eb9d28b053aef945f464228,www.bbb.org,09d60a3bf8bf1aa05e1555068e95a552,1,0,19.062,457,447,384,5,3,3,121,437,942,0,0
SoM-GLM,agent,Mind2Web--8f80e64e44e1fada018997b2fe869683_110325,9gag.com,34783473b77dfc6d9894aec6a3cfcb47,1,0,92.204,939,915,821,215,1,134,792,984,1881,2,5
SoM-GLM,agent,Mind2Web--8f80e64e44e1fada018997b2fe869683_110325,9gag.com,b760c6312b286756dbfda2dbd80b8b3a,1,0,107.517,1581,1548,932,220,1,140,919,1877,3152,12,7
SoM-GLM,agent,Mind2Web--65c4030f22fb6eb101acfee4825f1318,www.mayoclinic.org,e389dd01413a9802689775b7ad7d486e,1,0,68.182,124,81,56,12,1,2,74,125,248,1,0
SoM-GLM,agent,Mind2Web--65c4030f22fb6eb101acfee4825f1318,www.mayoclinic.org,34f9d42a13389e8ad534ca679bf77f53,0,0,64.217,89,53,29,9,0,0,57,90,178,1,0
SoM-GLM,agent,Mind2Web--6ca20f1da01edeb49a7a42c816d8c6fe,www.gov.uk,720405f1680a477a24206d1830ef1f94,1,0,68.463,34,5,3,2,0,0,14,28,68,0,0
SoM-GLM,agent,Mind2Web--6ca20f1da01edeb49a7a42c816d8c6fe,www.gov.uk,864140ce1f4b33567aceeff56c00f6c8,0,0,74.575,27,0,0,0,0,0,11,22,54,0,0
SoM-GLM,agent,Mind2Web--2e4e21cf1449c6894b17d571c47b77ea,www.adoptapet.com,5327250e525ce9c31a8342164bdc4840,1,0,77.061,180,119,86,28,1,6,107,212,363,8,4
SoM-GLM,agent,Mind2Web--2e4e21cf1449c6894b17d571c47b77ea,www.adoptapet.com,ef01581206e4891aefb987da1d0074da,1,0,83.053,135,74,41,15,1,5,80,158,272,3,0
SoM-GLM,agent,Mind2Web--1df24ec81137386d6476bcf343a79012,www.bestbuy.com,963c11caafd0644369cc2017f25cc538,1,0,143.429,204,107,86,5,0,0,96,202,408,0,1
SoM-GLM,agent,Mind2Web--1df24ec81137386d6476bcf343a79012,www.bestbuy.com,8f8cf69da6c6dfe99625858142b0ce25,1,0,185.866,590,304,238,27,5,10,533,818,1176,0,1
SoM-GLM,agent,Mind2Web--4639a54f3ab549864fd8d60b7398b1e1,www.adoptapet.com,fc5de2e23388c414f822d9d445a01a13,1,0,76.111,181,120,88,28,1,5,109,214,365,8,3
SoM-GLM,agent,Mind2Web--4639a54f3ab549864fd8d60b7398b1e1,www.adoptapet.com,b2874d9e3d9a063d07bdb9f4ecb5e26b,1,0,95.149,417,350,211,32,5,13,261,490,843,22,10
SoM-GLM,agent,Mind2Web--9af05e392cf3f5a8ff17aa764ba5bda6,www.bbb.org,8ed72973063bd365512c586145c0c8c5,1,0,79.322,831,820,707,5,3,6,213,814,1727,4,0
SoM-GLM,agent,Mind2Web--9af05e392cf3f5a8ff17aa764ba5bda6,www.bbb.org,c71c3dbaefb1c23d29711569072fbb7b,1,0,79.77,882,856,720,5,11,5,231,845,1840,4,0
SoM-GLM,agent,Mind2Web--627f7a18d85f29a687234f1ade4585c2,www.nba.com,152125c3fbede60590777f8c2344a3a4,1,0,56.502,451,451,408,2,0,4,121,454,931,1,0
SoM-GLM,agent,Mind2Web--627f7a18d85f29a687234f1ade4585c2,www.nba.com,6e28a4b35dd8cdbc04c76d29c283e725,1,0,61.464,451,451,410,2,0,4,119,452,929,2,0
SoM-GLM,agent,Mind2Web--0b838cd54f826c59c71f600c56b89a11,www.bbb.org,3c6a56e67dabbc4033ebcf334d99ba99,1,0,82.642,1186,1171,1011,5,5,5,295,1162,2466,3,0
SoM-GLM,agent,Mind2Web--0b838cd54f826c59c71f600c56b89a11,www.bbb.org,eb1c39d5025b854c1ae3998fab2cfc5e,1,0,78.167,1179,1164,1005,5,5,5,296,1155,2455,5,0
SoM-GLM,agent,Mind2Web--5dec0e6620849459f29e6465982c597e,www.bestbuy.com,6a5ffb5979d2d12cb1a43df5903ef0e0,1,0,167.678,428,150,114,14,5,2,284,427,852,0,1
SoM-GLM,agent,Mind2Web--52efbab520734ef9bf7c09ba0f62cdc8,www.recreation.gov,e8a5cb4bbb20e244ce68a853b9e77c34,1,0,35.993,168,107,42,12,3,1,84,178,332,10,2
SoM-GLM,agent,Mind2Web--5dec0e6620849459f29e6465982c597e,www.bestbuy.com,005126976a8369ade460e14d9d55acb3,1,0,230.149,737,200,125,12,4,2,546,732,1472,0,2
SoM-GLM,agent,Mind2Web--b1ce968a361e1088ce8d2ade6c2c9af0,www.petfinder.com,9b610592194fa74104ab1da8edede19d,0,0,13.354,2,0,0,0,0,0,0,0,4,0,0
SoM-GLM,agent,Mind2Web--b1ce968a361e1088ce8d2ade6c2c9af0,www.petfinder.com,66f16d5f63ef4c6b1bace5b5e9a30848,0,0,6.302,1,0,0,0,0,0,0,0,2,0,0
SoM-GLM,agent,Mind2Web--52efbab520734ef9bf7c09ba0f62cdc8,www.recreation.gov,5fbe521a3bcfb4fdf622d4de67ea2f07,1,0,70.853,130,91,31,12,1,2,50,133,256,8,0
SoM-GLM,agent,Mind2Web--23204728192da9f73197a613d9681c18,www.mayoclinic.org,0ace51b7d59c1b828df9ff1eba5c5316,1,0,63.993,725,634,533,23,5,12,298,717,1479,9,0
SoM-GLM,agent,Mind2Web--23204728192da9f73197a613d9681c18,www.mayoclinic.org,d28f56e832e97a387f6f63b5991728fa,1,0,74.867,684,609,514,23,3,10,271,680,1399,7,0
SoM-GLM,agent,Mind2Web--a69d2934fe54fef165490a5a2d95bf38,cookpad.com,d426ecce01db34545fb5906b86d97e5b,1,0,79.506,86,74,11,4,2,1,13,85,172,0,0
SoM-GLM,agent,Mind2Web--e9f4dfc67e0e6aa37f05f7cc5aa7428c,www.healthgrades.com,55bd3c7d12ebaec4773c56aef7482932,0,0,8.91,4,3,4,2,0,0,0,3,8,0,0
SoM-GLM,agent,Mind2Web--a69d2934fe54fef165490a5a2d95bf38,cookpad.com,b042e7615f106029e08a241318daface,1,0,81.079,66,49,18,4,3,1,26,63,132,2,0
SoM-GLM,agent,Mind2Web--e9f4dfc67e0e6aa37f05f7cc5aa7428c,www.healthgrades.com,876dc01e1dd057da75bbec2b9c379366,1,0,32.793,15,12,9,2,2,2,1,12,30,0,0
SoM-GLM,agent,Mind2Web--2218042362d8fae73756eb309848c2b2,www.cars.com,811be3594f4eeac89e05870a052de5c5,0,0,18.648,0,0,0,0,0,0,0,0,0,0,0
SoM-GLM,agent,Mind2Web--2218042362d8fae73756eb309848c2b2,www.cars.com,f5c10405fc0b4e5237f3d40908ad9799,0,0,50.36,0,0,0,0,0,0,0,0,0,0,0
SoM-GLM,agent,Mind2Web--ba2a469af584f16da93ce6a7430cf7e5,www.coursera.org,fde8cb834c30a44821633db82c74979b,1,0,54.207,259,194,181,28,1,4,115,267,518,14,0
SoM-GLM,agent,Mind2Web--26784156ae9859a0dd6c5920eb106f91,www.apartments.com,5836b019568f55cb29dc2cfdca050dfc,0,0,7.377,1,0,0,0,0,0,0,0,2,0,0
SoM-GLM,agent,Mind2Web--ba2a469af584f16da93ce6a7430cf7e5,www.coursera.org,d47f1b6b864278135625cfb3c22ccab9,1,0,61.201,236,207,194,29,1,4,99,249,467,14,0
SoM-GLM,agent,Mind2Web--26784156ae9859a0dd6c5920eb106f91,www.apartments.com,c9c489b9df80eed58c10a1584f3ddd1c,0,0,15.86,1,0,0,0,0,0,0,0,2,0,0
SoM-GLM,agent,Mind2Web--47e314cc452c540524ffb7cf520285a3,www.recreation.gov,d848a2a7fe37530e1453a881307759fb,0,0,78.482,105,70,27,11,1,1,50,107,211,9,0
SoM-GLM,agent,Mind2Web--47e314cc452c540524ffb7cf520285a3,www.recreation.gov,38507c5d1436d0fb4870005767da22cb,1,0,86.733,179,119,50,14,3,3,106,194,364,22,5
SoM-GLM,agent,Mind2Web--271b36efd4346721b5542488ff997042,www.bestbuy.com,199c371907eb3d15dd819da8c2b48aee,1,0,140.65,513,235,163,37,3,12,294,539,1027,0,1
SoM-GLM,agent,Mind2Web--271b36efd4346721b5542488ff997042,www.bestbuy.com,83c3f958cde2f23d8dc0e94ec8e18528,1,0,146.805,551,244,162,32,1,11,326,573,1104,0,2
SoM-GLM,agent,Mind2Web--6b2cfae0ef25c73d1224b6ab74cb8b63,www.nba.com,ceec70ddb3b2e150b807c074f9cea338,1,0,61.483,451,451,403,2,0,5,123,448,932,1,0
SoM-GLM,agent,Mind2Web--6b2cfae0ef25c73d1224b6ab74cb8b63,www.nba.com,a10213b437eeaea11565b9f2b679aacf,1,0,62.683,1099,1099,995,2,0,4,307,1098,2269,3,0
SoM-GLM,agent,Mind2Web--0a54069a0ef542e571d1fee7f39c93d5,www.adoptapet.com,ddf5b48b95df1ab749353b05f80fa4ce,1,0,87.622,303,211,152,30,4,8,201,358,611,16,6
SoM-GLM,agent,Mind2Web--0a54069a0ef542e571d1fee7f39c93d5,www.adoptapet.com,2cfbccdef4609be973f25c4116472208,1,0,84.239,409,322,226,51,6,23,277,456,821,16,8
SoM-GLM,agent,Mind2Web--4e3f6a538cc1f7321cfc50260db9545d,www.theweathernetwork.com,fbbd4d45eb39a40adfccc86c5f334dd3,1,0,26.356,881,824,596,158,3,94,554,923,1791,6,12
SoM-GLM,agent,Mind2Web--4e3f6a538cc1f7321cfc50260db9545d,www.theweathernetwork.com,358e5901aea48b912db66d22a71878a6,1,0,29.096,934,877,648,155,3,96,606,981,1900,6,14
SoM-GLM,agent,Mind2Web--f00e7accfb4a5e09680bdb326e6274ad,www.accuweather.com,a0b6e03ac6c04c81685cb5d17f4ca946,0,0,11.025,0,0,0,0,0,0,0,0,0,0,0
SoM-GLM,agent,Mind2Web--f00e7accfb4a5e09680bdb326e6274ad,www.accuweather.com,cc83605ca323d8abf92be8182b35284e,0,0,9.955,0,0,0,0,0,0,0,0,0,0,0
SoM-GLM,agent,Mind2Web--6174e5ddd40cfbdc33ee1502f40bac39,www.recreation.gov,40a0930a341f49df82a0dd4d7506831a,1,0,82.695,313,245,113,13,11,2,181,332,641,40,8
SoM-GLM,agent,Mind2Web--6174e5ddd40cfbdc33ee1502f40bac39,www.recreation.gov,9cf3459526911e15e0e37898f2a71475,0,0,86.206,142,99,40,12,1,1,62,145,281,10,0
SoM-GLM,agent,Mind2Web--547f5729c59d5d12a457a3ebb74c31c6_010226,www.apartments.com,5ed41909b04b4921eaa092f44cad9244,1,0,27.883,191,188,185,2,2,1,77,187,385,0,0
SoM-GLM,agent,Mind2Web--0b2623e9fa5cea997f76490bcbc5220f,www.petfinder.com,991ed3de6c1614d5fed1397ebd57b168,0,0,7.095,1,0,0,0,0,0,0,0,2,0,0
SoM-GLM,agent,Mind2Web--0b2623e9fa5cea997f76490bcbc5220f,www.petfinder.com,9b454528ab15b04e02608e646bcf2424,0,0,6.834,1,0,0,0,0,0,0,0,2,0,0
SoM-GLM,agent,Mind2Web--3ae28b3c440efe87dc700480b78ac608,www.healthgrades.com,f932623a4f2027300a84c92f97b43e20,0,0,8.957,4,3,4,2,0,0,0,3,8,0,0
SoM-GLM,agent,Mind2Web--547f5729c59d5d12a457a3ebb74c31c6_010226,www.apartments.com,9519aa002eff3cce1c82782356a17c88,1,0,73.874,792,787,717,2,7,3,242,784,1634,1,0
SoM-GLM,agent,Mind2Web--3ae28b3c440efe87dc700480b78ac608,www.healthgrades.com,44a17315e9066c2740c2704fe21620c9,1,0,83.461,1133,1130,1009,4,5,4,295,1134,2340,4,0
SoM-GLM,agent,Mind2Web--0632e496d37badee0350dad358f047c5,cookpad.com,0a0950e4ba0b72640272bede7591ee9f,1,0,88.037,95,79,17,4,3,1,23,91,190,2,0
SoM-GLM,agent,Mind2Web--0632e496d37badee0350dad358f047c5,cookpad.com,21d23efd7087d1ca0778fa43faeeeebb,1,0,90.823,53,44,10,4,1,1,11,51,106,1,0
SoM-GLM,agent,Mind2Web--aafd1fddea1558466ac6133934d35156,www.apartments.com,950da27af6f6a03e6d1129a411693189,1,0,82.728,1030,1027,922,2,4,5,268,1032,2132,4,0
SoM-GLM,agent,Mind2Web--aafd1fddea1558466ac6133934d35156,www.apartments.com,1d876c18f4667521255277a6e8d17c54,1,0,85.103,675,673,600,2,2,4,156,676,1398,2,0
SoM-GLM,agent,Mind2Web--246d654fab7c31d9651007e39e75f74f,www.recreation.gov,dad949b2e7138dd8849a913da3f1a719,1,0,83.083,159,112,46,14,3,1,80,164,318,16,4
SoM-GLM,agent,Mind2Web--246d654fab7c31d9651007e39e75f74f,www.recreation.gov,41cdc9fd9db6903ad5ad79752f687499,0,0,69.347,128,89,35,13,1,1,55,131,254,10,0
SoM-GLM,agent,Mind2Web--690d7b4a285fdb1e9dabf973bf46ae4d,craigslist.org,6f548b155f7ad75613ac3d6a3619c759,1,0,98.906,20,0,0,0,0,0,14,18,41,0,0
SoM-GLM,agent,Mind2Web--690d7b4a285fdb1e9dabf973bf46ae4d,craigslist.org,51bf24dc26c26bd0aabfc5c843e33cd8,1,0,92.236,23,0,0,0,0,0,18,18,47,0,0
SoM-GLM,agent,Mind2Web--c43a7dccf5c44f7b45a821e712dd1970,www.healthline.com,837213c6fb614e1d3fdb92fce492abbc,1,0,47.302,218,213,130,55,1,10,66,221,425,9,1
SoM-GLM,agent,Mind2Web--c43a7dccf5c44f7b45a821e712dd1970,www.healthline.com,bff890fe6726d0b7c3d2987755eadc5d,1,0,33.397,199,194,106,46,1,6,49,202,387,1,1
SoM-GLM,agent,Mind2Web--d5c34bf39eb6096ae5d439325cde4d32,www.dmv.virginia.gov,37d8e91d985bab750311faf3e574045b,0,0,76.434,39,23,22,9,1,1,3,50,83,1,0
SoM-GLM,agent,Mind2Web--d5c34bf39eb6096ae5d439325cde4d32,www.dmv.virginia.gov,52cd61364be621ef1affc36408d77584,0,0,84.651,52,36,27,14,0,0,9,62,109,1,0
SoM-GLM,agent,Mind2Web--180ed2ec377ef3a4af9035a21522091a,umich.edu,2ae9f39495e67c5c2cee18c2df22c883,1,0,96.133,102,11,17,4,1,1,96,90,204,0,42
SoM-GLM,agent,Mind2Web--c521933dad9c0ef9f1dfa2f38b8e4405,www.accuweather.com,79d7c0f588a0a7254a24df02944e13a3,0,0,27.397,0,0,0,0,0,0,0,0,0,0,0
SoM-GLM,agent,Mind2Web--180ed2ec377ef3a4af9035a21522091a,umich.edu,dff8f5c236478098bb90520e0454ab12,1,0,87.597,207,35,34,8,2,1,182,203,431,10,46
SoM-GLM,agent,Mind2Web--9b5dfe54a1c14c5c6336bae7374c3bb5,www.ups.com,bfaf256ab22923b3498d8ab269543d25,0,0,61.611,80,80,78,1,0,1,73,79,161,0,0
SoM-GLM,agent,Mind2Web--c521933dad9c0ef9f1dfa2f38b8e4405,www.accuweather.com,5cc9e2dcd2f0944c8a475c7508c55251,1,0,70.89,453,453,410,2,0,4,123,454,935,2,0
SoM-GLM,agent,Mind2Web--9b5dfe54a1c14c5c6336bae7374c3bb5,www.ups.com,e4e9820053c4ed4e9e7cb88d35e5c3c6,1,0,65.072,596,596,491,2,0,3,151,598,1221,2,0
SoM-GLM,agent,Mind2Web--c073ac1bcf40f84c599affc97edbc396,www.apartments.com,bd6cc422bdb07669a8c0ba9c978becdd,0,0,6.315,1,0,0,0,0,0,0,0,2,0,0
SoM-GLM,agent,Mind2Web--c073ac1bcf40f84c599affc97edbc396,www.apartments.com,cc3be0248e40beb3bda6e0b433485b2a,1,0,88.237,604,602,540,2,3,5,136,607,1246,1,0
SoM-GLM,agent,Mind2Web--73d08420706ae205a9c5be28b6d4e80f,www.recreation.gov,deb978eca4dd18a077d7616406b29cc1,1,0,90.892,165,102,51,12,3,1,90,181,330,33,7
SoM-GLM,agent,Mind2Web--73d08420706ae205a9c5be28b6d4e80f,www.recreation.gov,3d58499cde6e2d2f60e466281d71fa7c,1,0,86.06,229,169,66,13,5,2,112,237,452,22,2
SoM-GLM,agent,Mind2Web--0a0fa834ce41b5297c6474293383759d_110325,www.carnival.com,981ab4c2c8f307555673e2bbf37ee3fb,1,0,62.495,141,47,36,16,1,3,101,156,286,1,5
SoM-GLM,agent,Mind2Web--0a0fa834ce41b5297c6474293383759d_110325,www.carnival.com,0c0ff705bf0f27778e26872af44fdeee,1,0,67.367,134,41,34,15,1,1,100,149,271,1,5
SoM-GLM,agent,Mind2Web--a13e4231a3d6a7000c622c56448d97ba,www.airbnb.com,268ce61bf75eba78b9ed79d1aef9523f,1,0,50.307,331,274,80,21,4,8,108,365,757,45,35
SoM-GLM,agent,Mind2Web--a13e4231a3d6a7000c622c56448d97ba,www.airbnb.com,86eb276646bfbf91c441c4d2795d121c,1,0,41.109,234,199,63,21,3,8,84,268,557,38,28
SoM-GLM,agent,Mind2Web--bb518416a786fdb9b9bbf0c78515595e,www.osu.edu,b411f0df378c6d0e14c66bc6a3489aa0,1,0,96.789,216,169,99,23,1,7,107,238,437,8,6
SoM-GLM,agent,Mind2Web--bb518416a786fdb9b9bbf0c78515595e,www.osu.edu,e79ea9057c924676be39134eb3f342ae,1,0,92.874,243,183,111,22,1,7,126,267,493,7,8
SoM-GLM,agent,Mind2Web--b99c02965196d51e80ac7539e33f335b,www.berkeley.edu,00b1a7ad04215304e9afb59f48856963,0,0,35.603,42,15,7,5,0,0,29,43,84,0,2
SoM-GLM,agent,Mind2Web--b99c02965196d51e80ac7539e33f335b,www.berkeley.edu,dfd883f17e80c4791f5af55c488bead2,0,0,49.086,42,15,7,5,0,0,29,43,84,0,2
SoM-GLM,agent,Mind2Web--27fa3ac20745d3d35e89fae157f63069,www.stanford.edu,a749975b9155a44acda0a0695c034b83,1,0,84.053,403,352,84,15,1,1,298,471,612,14,2
SoM-GLM,agent,Mind2Web--27fa3ac20745d3d35e89fae157f63069,www.stanford.edu,36c7c6997af571e1f99379998178c20a,0,0,71.224,112,63,43,14,0,0,38,134,226,4,0
SoM-GLM,agent,Mind2Web--b4aa7315e31dfcdc52baf7771be260c9,www.nvidia.com,0d7384abef33b79239d4442cca680416,1,0,72.703,1287,1148,959,66,15,23,913,1796,2563,680,2
SoM-GLM,agent,Mind2Web--b4aa7315e31dfcdc52baf7771be260c9,www.nvidia.com,18e89b41153d4d38cfbd1cd8a5c95788,1,0,91.191,292,238,191,40,3,11,181,389,579,88,1
SoM-GLM,agent,Mind2Web--442a450e696a96085257db6297891a4d,www.chase.com,a85486dc6060ae947465f95708fae1c2,1,0,63.694,170,72,38,12,2,7,153,188,491,2,2
SoM-GLM,agent,Mind2Web--442a450e696a96085257db6297891a4d,www.chase.com,ce4e2b72426c4ba9a1749bf005d3e300,1,0,54.03,143,46,16,4,2,2,125,157,427,2,2
SoM-GLM,agent,Mind2Web--9ed3827266b3b804f485859c3d00401e,www.chase.com,769ba6c9b3026c3ab005f39ad7ce8f54,1,0,67.384,108,44,16,4,2,2,91,121,321,2,2
SoM-GLM,agent,Mind2Web--9ed3827266b3b804f485859c3d00401e,www.chase.com,cb2a5a243da57b5b243101d8f0313b37,1,0,80.532,205,102,57,16,3,9,190,218,566,0,0
SoM-GLM,agent,Mind2Web--c801d1c951f59297f526bab84fa86c6e,store.steampowered.com,9775fa7484868bf377840fb1e60c41e8,0,0,51.024,0,0,0,0,0,0,0,0,0,0,0
SoM-GLM,agent,Mind2Web--c801d1c951f59297f526bab84fa86c6e,store.steampowered.com,f50c7969c6a2e8c10f673031e3f351f3,1,0,66.399,456,456,414,2,0,4,124,457,940,1,0
SoM-GLM,agent,Mind2Web--7c09c2c7c87cf6bb1138701eb54284ea,phys.org,21e525cf396abb0f20d0e4f81562c799,1,0,66.042,437,430,397,44,3,25,106,448,882,7,1
SoM-GLM,agent,Mind2Web--7c09c2c7c87cf6bb1138701eb54284ea,phys.org,e35114e1aea2172339e1572de84b03eb,1,0,73.415,820,810,769,124,8,93,378,867,1648,9,7
SoM-GLM,agent,Mind2Web--afcebfed28bea091d58f49ea6cb8194b,www.cvs.com,d843a1fc65a970f2f40bb8d4f5f6f5da,0,0,16.273,1,0,0,0,0,0,0,0,2,0,0
SoM-GLM,agent,Mind2Web--afcebfed28bea091d58f49ea6cb8194b,www.cvs.com,29290ccb672034834553559cdd15bdd0,1,0,88.759,771,768,691,2,4,4,203,770,1597,2,0
SoM-GLM,agent,Mind2Web--64345c365f544375357c7b67917f08a0_110325,www.us-appliance.com,43a148862d04a33b66c95b4517b4ae0f,1,0,75.817,385,357,87,24,3,8,235,424,762,9,0
SoM-GLM,agent,Mind2Web--64345c365f544375357c7b67917f08a0_110325,www.us-appliance.com,13010f8ed6af7afc3c4d57f4738fad30,1,0,91.402,490,449,126,25,5,8,309,554,971,14,0
SoM-GLM,agent,Mind2Web--ab6ee3b83aab6cd283320f5e01003cff,www.apple.com,c3a480cd53561abff8a271418bfccb00,1,0,69.41,73,3,6,2,2,1,72,77,152,1,0
SoM-GLM,agent,Mind2Web--ab6ee3b83aab6cd283320f5e01003cff,www.apple.com,36c9701790f374235373455fc8f804af,1,0,65.503,73,3,6,2,2,1,72,77,152,1,0
SoM-GLM,agent,Mind2Web--33bd2cdcea4fcc42a09a8a1e4e5841c6_110325,raisingcanes.com,23881f19713fcb7fb41ea155edec2107,0,0,77.476,4,1,0,0,0,0,2,0,8,0,0
SoM-GLM,agent,Mind2Web--33bd2cdcea4fcc42a09a8a1e4e5841c6_110325,raisingcanes.com,a42b5bb98d268de2b2891ccfa4cf2534,0,0,77.066,4,1,0,0,0,0,2,0,8,0,0
SoM-GLM,agent,Mind2Web--47186fac8e7c7277af01144644eb4e0b_121125,www.parkers.co.uk,79d00af8cf35b08b2b516ae373dd136f,1,0,95.053,1243,1207,1102,210,3,139,944,1343,2485,12,32
SoM-GLM,agent,Mind2Web--47186fac8e7c7277af01144644eb4e0b_121125,www.parkers.co.uk,c5f2940799ed1c2b9e4b44a08d6da388,1,0,95.78,1015,985,905,196,1,124,800,1090,2040,5,31
SoM-GLM,agent,Mind2Web--fa9adb815b85d259f943d81874a052e5,soundcloud.com,8f9a289e949eb4321440821af7dc1bc8,0,0,56.737,0,0,0,0,0,0,0,0,0,0,0
SoM-GLM,agent,Mind2Web--fa9adb815b85d259f943d81874a052e5,soundcloud.com,bcbc9d891130bd7ab67a5da325645aae,0,0,57.533,0,0,0,0,0,0,0,0,0,0,0
SoM-GLM,agent,Mind2Web--b922508886ded315c9835457a6eb43ea,jobs.chronicle.com,0a52381f6da24fa479c599e8d6565a2f,1,0,64.287,225,153,146,54,3,35,120,235,455,0,4
SoM-GLM,agent,Mind2Web--b922508886ded315c9835457a6eb43ea,jobs.chronicle.com,fe7c5fd35a63dc03ee32bce21de06175,1,0,88.584,157,85,79,22,3,5,44,167,319,0,4
SoM-GLM,agent,Mind2Web--5d542a7ec1fa142ba73cc87d970caf39,dblp.org,04fa798e123caf4e037adc7c3cf38ce9,0,0,8.228,1,0,0,0,0,0,0,0,2,0,0
SoM-GLM,agent,Mind2Web--5d542a7ec1fa142ba73cc87d970caf39,dblp.org,489530c21be70d386a12c4357d15a025,1,0,84.636,793,789,695,2,7,6,213,794,1644,4,0
SoM-GLM,agent,Mind2Web--864244b6969e0f8733b0eb1ca06cd51f,www.espn.com,fe33b30555999794d0eb2a458cbeb04b,1,0,71.999,644,634,402,131,9,80,320,716,1355,5,26
SoM-GLM,agent,Mind2Web--864244b6969e0f8733b0eb1ca06cd51f,www.espn.com,bd6ca4e138a13cd888bd140819e3287d,1,0,77.924,1020,1012,738,180,7,107,594,1138,2143,15,40
SoM-GLM,agent,Mind2Web--01abae9608f2d8752a83e08f136f720c,www.cboe.com,99c1b8e94922c36581b7ef0bbbebd2d7,1,0,59.773,197,114,68,36,1,10,102,218,395,9,2
SoM-GLM,agent,Mind2Web--01abae9608f2d8752a83e08f136f720c,www.cboe.com,0674ca926008aac1441cc0372e07ab81,1,0,73.14,364,142,86,37,9,10,256,578,728,13,2
SoM-GLM,agent,Mind2Web--da8f3823a827c7d3a492f383808e7912,www.instructure.com,e4cda342f3dbccc219808f8cd2521aa2,1,0,87.742,357,215,173,57,2,12,126,406,718,80,3
SoM-GLM,agent,Mind2Web--da8f3823a827c7d3a492f383808e7912,www.instructure.com,023bcf54e269bc071a49e664d2323f28,1,0,70.573,364,223,181,58,2,12,132,418,735,91,3
SoM-GLM,agent,Mind2Web--8689af4d33ce00bf2cdd8987d3bbfd86,www.apple.com,61681aeb599de603ab061bd518ea8bd4,1,0,50.381,75,3,7,2,2,1,74,79,156,1,0
SoM-GLM,agent,Mind2Web--8689af4d33ce00bf2cdd8987d3bbfd86,www.apple.com,e29e04d03f04c78bc9ba9b2277eed05e,1,0,60.473,75,3,7,2,2,1,74,79,156,1,0
SoM-GLM,agent,Mind2Web--78f397336b6fd1cbba0127db7a8cd502,www.redbull.com,f36dbcc15b98b82a90acc29426bbb89f,1,0,74.126,386,222,24,6,0,0,218,482,796,0,8
SoM-GLM,agent,Mind2Web--3dca7cbe7d086619d837ff9f5312cebc_110325,zara.com,eadaba1aecaf6032f575dfb0e99389a2,0,0,5.856,1,0,0,0,0,0,0,0,2,0,0
SoM-GLM,agent,Mind2Web--3dca7cbe7d086619d837ff9f5312cebc_110325,zara.com,4c41ab2b62a25b286d2576ae3e09b783,0,0,15.106,1,0,0,0,0,0,0,0,2,0,0
SoM-GLM,agent,Mind2Web--78f397336b6fd1cbba0127db7a8cd502,www.redbull.com,483b3731545caef3f4b509dea614cb45,1,0,92.852,166,105,12,7,0,0,73,190,341,1,3
SoM-GLM,agent,Mind2Web--b962927dfe03bf2274a54381127ed433,bandcamp.com,0b6196862244f5d364a0495a17ec358d,1,0,90.604,647,615,69,11,7,4,59,647,1294,17,0
SoM-GLM,agent,Mind2Web--b962927dfe03bf2274a54381127ed433,bandcamp.com,c617c2652d8823bea455e7ad2e641f01,1,0,79.695,454,417,56,11,7,4,68,453,906,19,0
SoM-GLM,agent,Mind2Web--78baf9dbe7c3532f7d7ef4cc22a7f065_121125,www.statista.com,8aacc551ae9ee8c1bb4fbc019106a82d,1,0,74.845,141,83,32,5,2,2,68,131,282,0,0
SoM-GLM,agent,Mind2Web--78baf9dbe7c3532f7d7ef4cc22a7f065_121125,www.statista.com,2f0793291925bbbc9ef2f657e5083279,1,0,97.784,152,82,31,5,2,2,80,142,306,0,0
SoM-GLM,agent,Mind2Web--c7c07ec10c668625a21ba64165d719bb,www.verizon.com,db71af4707caa82ce6317e2211a0257b,1,0,86.379,495,452,341,84,5,32,255,496,991,26,8
SoM-GLM,agent,Mind2Web--c7c07ec10c668625a21ba64165d719bb,www.verizon.com,226b36523ecaffd8bb8dbcb653fcb418,1,0,79.039,525,482,367,84,5,33,266,522,1050,30,8
SoM-GLM,agent,Mind2Web--512fd4deab099b8dc0dcfc0ec48a3c63,github.com,92534d3eaf978176929c9fe124636382,0,0,75.297,240,224,14,2,0,0,15,238,480,0,0
SoM-GLM,agent,Mind2Web--512fd4deab099b8dc0dcfc0ec48a3c63,github.com,5734b17424f8c4f362f7a38902d8b298,0,0,81.115,239,224,13,2,0,0,14,237,478,0,0
SoM-GLM,agent,Mind2Web--d9d8b7d84a3f8d057e368254fe8d65e2,github.com,ff86058082f57220d0ee68cdc0c84818,1,0,71.369,318,249,27,2,0,0,68,316,636,0,1
SoM-GLM,agent,Mind2Web--d9d8b7d84a3f8d057e368254fe8d65e2,github.com,33d66b1a9cf6fc4100887cc0b7d0229e,1,0,83.67,315,249,26,2,0,0,65,312,630,0,1
SoM-GLM,agent,Mind2Web--157f4a79d55e8fa3fd55ba772ba40fbc,www.disney.com,42a52c72a3e52c9f3f0c6fd64033b1aa,1,0,61.749,1492,1487,1335,2,9,4,410,1490,3097,8,0
SoM-GLM,agent,Mind2Web--62c8d970b3d13891f355911e5a8f4030,store.steampowered.com,05f619bed4bb7e25eeec2f3cb3506630,0,0,55.427,0,0,0,0,0,0,0,0,0,0,0
SoM-GLM,agent,Mind2Web--157f4a79d55e8fa3fd55ba772ba40fbc,www.disney.com,335781a2782cb0033879a98fc5c0e457,1,0,73.936,1107,1104,991,2,5,4,283,1108,2297,5,0
SoM-GLM,agent,Mind2Web--62c8d970b3d13891f355911e5a8f4030,store.steampowered.com,6135f4757efaee99b762b323d3a0eaf6,1,0,60.473,509,509,461,2,0,4,168,509,1047,2,0
SoM-GLM,agent,Mind2Web--11857213ca01510f12813740afd59918_110325,www.birkenstock.com,f749d36327257b52ec3f8cb3142290f5,1,0,86.919,254,128,83,20,3,2,250,288,506,6,1
SoM-GLM,agent,Mind2Web--11857213ca01510f12813740afd59918_110325,www.birkenstock.com,3dea516d7ecc4ee25b69960c491624a0,1,0,90.665,274,137,89,20,3,2,261,308,559,8,1
SoM-GLM,agent,Mind2Web--47bfe8a7e0e4e7efc837287b407fbe90,versus.com,ab49931554d20488d143e7037f56d8b8,1,0,79.383,836,833,747,192,1,145,633,871,1674,3,1
SoM-GLM,agent,Mind2Web--47bfe8a7e0e4e7efc837287b407fbe90,versus.com,a710772aef16d50f0ec5ac32b1856d00,1,0,69.9,857,854,770,193,1,147,667,907,1724,0,0
SoM-GLM,agent,Mind2Web--bb314cb80f0f8489135cbf59074d11e2,iclr.cc,8ae7a0a7370b7bf9881d83170c368ae2,1,0,72.145,57,13,0,0,0,0,43,44,114,0,0
SoM-GLM,agent,Mind2Web--bb314cb80f0f8489135cbf59074d11e2,iclr.cc,40f252683679baf3e02b5f5bcc620b7f,0,0,66.64,30,13,0,0,0,0,16,17,60,0,0
SoM-GLM,agent,Mind2Web--1aeca99e6a60b0e3aefb3ef212bdce79,www.ca.gov,b4fab2e8623157e3bc8dc98bcce4fb22,1,0,84.24,226,202,144,18,1,7,98,235,455,1,6
SoM-GLM,agent,Mind2Web--1aeca99e6a60b0e3aefb3ef212bdce79,www.ca.gov,bbc74ba85562fa7925e7490494788fe1,1,0,81.774,50,24,21,2,0,0,48,48,100,0,0
SoM-GLM,agent,Mind2Web--d730f4ff450da1bd60a836163736ef6a_110325,www.backcountry.com,62db5d2c4d68d087ec1a9cb8cc34a5c7,1,0,72.77,20,17,6,1,3,1,2,18,41,0,0
SoM-GLM,agent,Mind2Web--d730f4ff450da1bd60a836163736ef6a_110325,www.backcountry.com,482cefa0ef66987604c552f80e9f3f34,1,0,77.876,24,20,6,1,5,1,3,21,50,0,0
SoM-GLM,agent,Mind2Web--fe33894188d20d7469f37a9fd855e7ff_110325,sourceforge.net,0b79c2d587a8eda5f84ae6c636c6f44c,1,0,85.226,262,246,169,44,3,26,148,339,527,97,7
SoM-GLM,agent,Mind2Web--fe33894188d20d7469f37a9fd855e7ff_110325,sourceforge.net,2ea33eea7997e1e9390bc9947926c63a,1,0,95.698,286,278,151,58,1,23,111,309,573,69,5
SoM-GLM,agent,Mind2Web--71f8de1834599fba443f40dbbfab8edd,arxiv.org,9cb32b4a63c57ea557926caf20b475e2,0,0,82.867,11,0,0,0,0,0,0,10,22,0,0
SoM-GLM,agent,Mind2Web--71f8de1834599fba443f40dbbfab8edd,arxiv.org,6cd365626a136db5b2e4265b62829ad7,0,0,79.364,11,0,0,0,0,0,0,10,22,0,0
SoM-GLM,agent,Mind2Web--c8c1ff115879b3afd14280beb1559b13,www.4shared.com,87b46cf7db4e9136bec82bd41fa2678b,1,0,78.352,891,891,787,2,0,4,225,894,1842,4,0
SoM-GLM,agent,Mind2Web--c8c1ff115879b3afd14280beb1559b13,www.4shared.com,4f7210bc37ce6c426dc7272e720fdb19,0,0,35.075,0,0,0,0,0,0,0,0,0,0,0
SoM-GLM,agent,Mind2Web--d4fb78b7e74508cd3b33f01cf9200997,www.americashealthrankings.org,6b2dd0654f426ab871d575a44a2f8abe,0,0,82.844,94,34,21,10,0,0,48,123,187,9,0
SoM-GLM,agent,Mind2Web--d4fb78b7e74508cd3b33f01cf9200997,www.americashealthrankings.org,fa7a4e3233a86fed9f6185455a2b8277,0,0,85.18,96,36,23,11,0,0,48,125,191,9,0
SoM-GLM,agent,Mind2Web--0e42c3a73f2aece1f854e0ba55b7c8b0,www.google.com,5bc8fcb462a3eae571dfbcaca305e6bb,0,0,84.046,441,150,32,2,0,0,297,442,728,9,0
SoM-GLM,agent,Mind2Web--0e42c3a73f2aece1f854e0ba55b7c8b0,www.google.com,76e135d48644a86c21bcc44634dd0658,0,0,94.228,563,170,55,3,0,0,399,564,888,9,0
SoM-GLM,agent,Mind2Web--96afb3c51146b0c2a9c55f039a5ea6d6,www.merriam-webster.com,8d219af9dec4780f98adf6a6811d504c,1,0,92.207,1091,1028,965,194,1,124,848,1148,2223,4,27
SoM-GLM,agent,Mind2Web--96afb3c51146b0c2a9c55f039a5ea6d6,www.merriam-webster.com,60454c1a76d69bd56c89b4cf2ed6ed1a,1,0,95.707,1473,1368,1290,212,3,139,1178,1628,3013,19,44
SoM-GLM,agent,Mind2Web--59912927c1fddee6ded8a49986896bc2,www.samsung.com,904cd889d9a10e987bf90fb71feb1bb9,1,0,89.807,674,543,244,76,7,22,486,727,1339,4,3
SoM-GLM,agent,Mind2Web--59912927c1fddee6ded8a49986896bc2,www.samsung.com,aa49f98e038d3392e674d0e67f05a4ae,1,0,91.843,655,527,232,76,5,23,478,709,1301,4,3
SoM-GLM,agent,Mind2Web--e43cbc8a0bf9e999884928d11006f894_110325,www.airbnb.com,5fed9b591705e464af0ff3ef7f4dcfcf,1,0,31.29,234,200,62,21,3,8,83,268,549,35,28
SoM-GLM,agent,Mind2Web--e43cbc8a0bf9e999884928d11006f894_110325,www.airbnb.com,6b6013cc4957051e78d7587e267fc4ff,1,0,33.712,231,200,59,21,3,8,80,265,543,35,28
SoM-GLM,agent,Mind2Web--1b867afecf072cb877ebfa4069263746,www.americashealthrankings.org,3d3f154474f77ebbeeb1ef9e2a2bc18a,0,0,71.856,134,53,28,11,0,0,84,164,267,5,0
SoM-GLM,agent,Mind2Web--1b867afecf072cb877ebfa4069263746,www.americashealthrankings.org,14a70cd70303cbc146beb546ea76de61,0,0,79.03,114,44,25,11,0,0,66,143,227,5,0
SoM-GLM,agent,Mind2Web--c3a333968fc3c43d7f2688f425a0d633,www.porsche.com,dbb2d1c6bc9140174e7b29db5bcd9780,1,0,62.323,549,460,81,7,20,3,117,532,1070,0,0
SoM-GLM,agent,Mind2Web--c3a333968fc3c43d7f2688f425a0d633,www.porsche.com,5d5cd19089614360cb36996e7504e901,1,0,79.956,365,291,46,7,10,3,87,353,713,0,0
SoM-GLM,agent,Mind2Web--bb5d90e6f2fbc0ae146f7c1998c2b4a1,www.ted.com,b014227c4e8caa0ff0d7d5dcc47bd493,1,0,79.719,1289,891,589,40,15,26,594,1367,2645,1,0
SoM-GLM,agent,Mind2Web--bb5d90e6f2fbc0ae146f7c1998c2b4a1,www.ted.com,365b45f23e8a007addec10ac7abe8a62,1,0,84.76,832,571,422,32,7,21,433,880,1712,1,0
SoM-GLM,agent,Mind2Web--c577a14301a725e09ccd269a3e0b271e_110325,www.wineaccess.com,828544075913575b259f66c4d240e74d,1,0,86.924,465,461,411,2,4,6,124,464,959,2,0
SoM-GLM,agent,Mind2Web--c577a14301a725e09ccd269a3e0b271e_110325,www.wineaccess.com,cbbb2cad610a7f43ada9b1b517c4dae0,1,0,92.486,473,470,412,4,3,7,129,468,975,1,0
SoM-GLM,agent,Mind2Web--c6c9dc6079677cef594cec2fa6b16602,www.ikea.com,e066f6243f9a36cc28c42258bb03d2b7,0,0,63.295,141,15,10,5,0,0,128,140,283,0,0
SoM-GLM,agent,Mind2Web--c6c9dc6079677cef594cec2fa6b16602,www.ikea.com,1b2da91bf9de9f75d601f49251f6d6be,1,0,42.963,181,29,27,3,0,0,151,167,362,0,0
SoM-GLM,agent,Mind2Web--c39d6c245f8243993e707d54d2f4acec,www.leagueoflegends.com,1093dd584aff1df24954f00cb952b1f8,0,0,52.567,0,0,0,0,0,0,0,0,0,0,0
SoM-GLM,agent,Mind2Web--c39d6c245f8243993e707d54d2f4acec,www.leagueoflegends.com,4eedca9bf0c8caaca1595028cec98ad9,0,0,67.059,0,0,0,0,0,0,0,0,0,0,0
SoM-GLM,agent,Mind2Web--b2f4fde2fce122a93c7b578086cb0585,www.booking.com,e18e63ac522bef93e106c2069bf72292,1,0,71.317,299,261,86,29,1,15,85,335,612,74,9
SoM-GLM,agent,Mind2Web--b2f4fde2fce122a93c7b578086cb0585,www.booking.com,e3c36952593f28b2315bff1dcc8d8fca,1,0,89.93,298,259,82,28,1,15,85,333,612,77,8
SoM-GLM,agent,Mind2Web--d02d236836924919f35f2438d9ed2374,www.imdb.com,39503de36502f7bc1dcb3ade188e1f8d,1,0,71.935,234,228,92,8,3,2,37,231,481,0,0
SoM-GLM,agent,Mind2Web--d02d236836924919f35f2438d9ed2374,www.imdb.com,a735bf93f021692fe39a381dbf71d488,1,0,84.244,380,371,163,8,7,2,83,374,803,0,0
SoM-GLM,agent,Mind2Web--3621b099326c7aebd2e2dac6be3b52d1,www.nvidia.com,8ac638d56c6e2ca7e4fa1318b730b2ab,1,0,87.102,212,114,87,25,2,4,129,238,421,21,0
SoM-GLM,agent,Mind2Web--3621b099326c7aebd2e2dac6be3b52d1,www.nvidia.com,3b7cc1419b95a4930f53daf8b4aa1f08,1,0,96.954,439,376,309,52,3,18,266,589,873,154,1
SoM-GLM,agent,Mind2Web--f27b393bbd2082f92b566270c4b74fe6,www.parkers.co.uk,1b91234329f6d826b9eb7bea89dc25e9,0,0,,0,0,0,0,0,0,0,0,0,0,0
SoM-GLM,agent,Mind2Web--f27b393bbd2082f92b566270c4b74fe6,www.parkers.co.uk,103452cd2e62ae8d38b587f5a8349215,1,0,86.086,1159,1127,1002,199,3,125,872,1285,2321,25,31
SoM-GLM,agent,Mind2Web--ba01ea557b73f864c35ebba0dd6f3cb2,www.google.com,691369a32e8caf9eb01c6b64ba2affc6,0,0,93.4,635,352,33,3,0,0,288,636,1126,8,0
SoM-GLM,agent,Mind2Web--ba01ea557b73f864c35ebba0dd6f3cb2,www.google.com,198933f2b21bac1d42d19ec31443d8ba,0,0,91.596,909,599,53,3,0,0,315,910,1667,10,0
SoM-GLM,agent,Mind2Web--662ae0f2d3ac851dbcdd245f908277e3,wanderlog.com,9335b15bc7b35189b11f397ce6c66692,1,0,79.361,1506,1328,544,10,15,6,490,1516,3073,8,0
SoM-GLM,agent,Mind2Web--662ae0f2d3ac851dbcdd245f908277e3,wanderlog.com,d0dd311874111a9ab7b62ebc422104b9,1,0,83.534,688,528,431,10,7,7,287,689,1469,20,0
SoM-GLM,agent,Mind2Web--461ab9b0c7b20ac5f912704480979c65,www.nyse.com,db9ae4238accc03aa5cf0f5243faf65a,1,0,58.181,209,200,33,19,1,5,27,99,418,8,4
SoM-GLM,agent,Mind2Web--461ab9b0c7b20ac5f912704480979c65,www.nyse.com,4caa66e985693efd42b4f9792018f31f,0,0,54.357,183,174,7,3,0,0,18,70,368,8,4
SoM-GLM,agent,Mind2Web--a96fca87a17d792644e736d1d10d3cbe,mega.io,6eecf16eb44e973fb4e3d1e1f987d181,0,0,55.325,0,0,0,0,0,0,0,0,0,0,0
SoM-GLM,agent,Mind2Web--a96fca87a17d792644e736d1d10d3cbe,mega.io,fdaa31bf5aebefb67bef4a45f30af4a3,0,0,63.148,0,0,0,0,0,0,0,0,0,0,0
SoM-GLM,agent,Mind2Web--2c8ef01a92c71ba9ef2e59bb17eea2b3_110325,www.bhphotovideo.com,953bbec5ff1e0945da3ce5d46ae79a45,1,0,93.262,126,54,36,17,5,1,81,127,320,0,2
SoM-GLM,agent,Mind2Web--2c8ef01a92c71ba9ef2e59bb17eea2b3_110325,www.bhphotovideo.com,72a4a796adc0b7af6347ae0458523d5e,1,0,105.481,132,60,42,20,5,1,85,133,332,0,2
SoM-GLM,agent,Mind2Web--3084bc225219fcb73dc1cb0f97276c1c,www.ups.com,2545b7946ae6dcd32321595da0291a02,0,0,49.892,0,0,0,0,0,0,0,0,0,0,0
SoM-GLM,agent,Mind2Web--3084bc225219fcb73dc1cb0f97276c1c,www.ups.com,89eb5c56c802a1624503eddc2ce333ee,0,0,39.954,0,0,0,0,0,0,0,0,0,0,0
SoM-GLM,agent,Mind2Web--949dc965a6c23a95663b3bc2ca2c3a8a,www.flightaware.com,13834daab9f13b365b8ea08a430dd310,1,0,81.041,117,67,42,10,3,2,53,133,227,1,0
SoM-GLM,agent,Mind2Web--949dc965a6c23a95663b3bc2ca2c3a8a,www.flightaware.com,ed033008ff9fc66b08c323637da5c95b,1,0,81.985,347,235,201,63,3,13,180,375,687,3,1
SoM-GLM,agent,Mind2Web--636b07af4dd97c1793733db1fd1b90b8_110325,www.jcpenney.com,cb7d385bbd7d1c99c89c656e62e0c213,0,0,16.088,3,0,0,0,0,0,2,0,6,0,0
SoM-GLM,agent,Mind2Web--636b07af4dd97c1793733db1fd1b90b8_110325,www.jcpenney.com,aefe373e029ecd1b6399c7c2af3c086e,0,0,7.838,1,0,0,0,0,0,0,0,2,0,0
SoM-GLM,agent,Mind2Web--38203be65401943aea2179c4c680059a,new.mta.info,477618b90f55da8e62e583ad7fc08e22,1,0,57.922,10,5,0,0,9,1,0,0,20,0,0
SoM-GLM,agent,Mind2Web--38203be65401943aea2179c4c680059a,new.mta.info,118507808068fec123e1b637e3c14beb,1,0,90.23,767,765,688,2,3,4,201,767,1589,4,0
SoM-GLM,agent,Mind2Web--cf757a775fa1224acfc7998489e199a8,www.ryanair.com,8156cdcb0186ce0b8a48d67baf5ef81e,1,0,86.672,128,66,17,7,1,1,69,141,254,7,2
SoM-GLM,agent,Mind2Web--cf757a775fa1224acfc7998489e199a8,www.ryanair.com,df4e07807a7487ada278f491810cfaea,1,0,84.171,127,65,16,7,3,1,69,139,252,7,2
SoM-GLM,agent,Mind2Web--d8e2a81fa621ce4737e5ea85671b630e_110325,ziprecruiter.com,7baf07475a1053a3c98d8811c158ac31,1,0,86.145,29,27,3,3,1,2,19,19,54,0,0
SoM-GLM,agent,Mind2Web--d8e2a81fa621ce4737e5ea85671b630e_110325,ziprecruiter.com,e3ac1f5b4f6ec632252ec5b3ab16fd82,1,0,67.047,162,143,29,3,21,3,87,100,378,0,0
SoM-GLM,agent,Mind2Web--63d6866fc000fcb1f153e07604bd1395,us.trip.com,83d949a8ae19fa067f9d03ec4c27e832,1,0,80.984,604,553,121,23,4,4,158,610,1270,9,0
SoM-GLM,agent,Mind2Web--63d6866fc000fcb1f153e07604bd1395,us.trip.com,aa8235ab443930edb10bccc1d4c60aeb,1,0,73.223,1270,1154,288,24,11,4,389,1313,2729,26,0
SoM-GLM,agent,Mind2Web--199be0b54a436daee74247971fc684ee_110325,www.dillards.com,df5864d162ccdfaa0699fb9cb2895224,0,0,64.075,164,155,153,3,1,1,79,100,329,0,0
SoM-GLM,agent,Mind2Web--199be0b54a436daee74247971fc684ee_110325,www.dillards.com,772d21da6d6c0f91f45850ed4daa8f77,1,0,65.47,860,852,770,4,4,4,213,816,1779,4,0
SoM-GLM,agent,Mind2Web--c00437fd76a7a83b57f3dc4e5dbc41f8,www.amazon.jobs,af436c5335e0ab0447ebae004265414b,1,0,73.298,53,50,17,11,1,2,30,55,104,1,0
SoM-GLM,agent,Mind2Web--c00437fd76a7a83b57f3dc4e5dbc41f8,www.amazon.jobs,fcc124d3bb371c038151300870948076,1,0,75.889,53,50,17,11,1,2,30,55,104,1,0
SoM-GLM,agent,Mind2Web--fc53ddd3421411a41c1020a3fdc84ec4,www.bestbuy.com,57cf354353c1a5619329b016d224dc22,1,0,168.678,360,193,130,17,3,4,281,490,718,0,1
SoM-GLM,agent,Mind2Web--9d46ccb915eff39ee1ae1e7328f5f20d,www.ups.com,098648f70574636bf02aaf4dcb901378,0,0,69.351,0,0,0,0,0,0,0,0,0,0,0
SoM-GLM,agent,Mind2Web--9d46ccb915eff39ee1ae1e7328f5f20d,www.ups.com,b85038e74d42077215aee38ddb5c4d4a,0,0,38.22,0,0,0,0,0,0,0,0,0,0,0
SoM-GLM,agent,Mind2Web--d1970c16271496cbbe166ecbecc0a1d8,macyswineshop.com,4779a2e6b905a89b429f4a34088a1173,1,0,71.813,524,170,125,18,12,4,365,519,990,5,0
SoM-GLM,agent,Mind2Web--d1970c16271496cbbe166ecbecc0a1d8,macyswineshop.com,3a9264781275a3846a8afdaf3e158d2f,1,0,65.791,509,171,113,18,6,4,341,502,963,4,0
SoM-GLM,agent,Mind2Web--fc53ddd3421411a41c1020a3fdc84ec4,www.bestbuy.com,6aa4bbbc5c2a50a0d767c58370f7563d,1,0,264.058,1028,422,245,27,12,10,744,1137,2055,0,2
SoM-GLM,agent,Mind2Web--7211af65d266402f99499053924262e9,www.amazon.jobs,2c78c6d7f9f8fd2db4d512c622d1351a,1,0,70.122,53,50,17,11,1,2,30,55,104,1,0
SoM-GLM,agent,Mind2Web--7211af65d266402f99499053924262e9,www.amazon.jobs,8486ce3562953985358fe10e63b8f448,1,0,69.245,53,50,17,11,1,2,30,55,104,1,0
SoM-GLM,agent,Mind2Web--4464a8421f8bc8786524a499258dfad3,www.bestbuy.com,75fdfda9763039db9a4d966810fb0090,1,0,160.566,405,185,139,34,3,10,243,414,810,0,1
SoM-GLM,agent,Mind2Web--4464a8421f8bc8786524a499258dfad3,www.bestbuy.com,2d29ee89ad4ea437e0a0a361e8e223b8,1,0,181.615,520,140,107,9,2,1,379,516,1038,0,1
SoM-GLM,agent,Mind2Web--f707d765bca668830745d20807d7bee6,www.petfinder.com,afb875cf942881646fc98ad88ff38fa0,0,0,7.829,1,0,0,0,0,0,0,0,2,0,0
SoM-GLM,agent,Mind2Web--f707d765bca668830745d20807d7bee6,www.petfinder.com,3b03ef476208010576d541f8ccb8ad92,0,0,15.194,1,0,0,0,0,0,0,0,2,0,0
SoM-GLM,agent,Mind2Web--d392e154c1c6ffbb26e2331c3afafc67,www.bestbuy.com,574f31349181f5ea0d72e09055bd4413,1,0,221.218,746,268,140,9,10,2,477,741,1483,0,1
SoM-GLM,agent,Mind2Web--a5c87cc1c94a090c9a8dc2c8b6a125d0,www.accuweather.com,a2509e0596110d3ad65dfc2c4b322256,0,0,11.532,0,0,0,0,0,0,0,0,0,0,0
SoM-GLM,agent,Mind2Web--a5c87cc1c94a090c9a8dc2c8b6a125d0,www.accuweather.com,c4e19071d3b16fcdb7695accc9064804,0,0,15.72,0,0,0,0,0,0,0,0,0,0,0
SoM-GLM,agent,Mind2Web--d392e154c1c6ffbb26e2331c3afafc67,www.bestbuy.com,243504651a126b6a8ab6599e746f4765,1,0,244.686,735,245,93,9,13,2,489,732,1467,0,1
SoM-GLM,agent,Mind2Web--367d843c640637745e8fafa741cca13b,www.apartments.com,7c14039a14fa2b46149c7d2e90a1f759,0,0,7.0,1,0,0,0,0,0,0,0,2,0,0
SoM-GLM,agent,Mind2Web--84ef883a37af638c3bcf7561f28ce80a,www.cars.com,ca23295e17f053da9f4a213da0cffc71,0,0,17.988,0,0,0,0,0,0,0,0,0,0,0
SoM-GLM,agent,Mind2Web--367d843c640637745e8fafa741cca13b,www.apartments.com,55e1d89128c8784bcf02cb6025f49c36,0,0,30.16,2,0,0,0,0,0,1,0,4,0,0
SoM-GLM,agent,Mind2Web--84ef883a37af638c3bcf7561f28ce80a,www.cars.com,ae5297e994ca67a7f728eccf18ee498d,0,0,47.931,0,0,0,0,0,0,0,0,0,0,0
SoM-GLM,agent,Mind2Web--d9a8689393effeed75ea0866e44e1def,www.justice.gov,6c1ebaa3b254783248374ebde4f64f90,1,0,90.15,340,274,125,11,1,3,146,520,780,56,3
SoM-GLM,agent,Mind2Web--d9a8689393effeed75ea0866e44e1def,www.justice.gov,4c178104984fad56db603a33f74721a0,1,0,80.132,267,199,75,8,1,3,99,338,590,25,1
SoM-GLM,agent,Mind2Web--1bc154377120ec15b18dbabdba49c741_112325,www.stubhub.com,10f62fc4b1c2ca651bc10bde578a63ce,1,0,65.136,439,402,150,9,11,2,247,550,876,17,0
SoM-GLM,agent,Mind2Web--28e7574e7bd6d14f36d2988a5ef2bd23,ohiomeansjobs.ohio.gov,55bf6e4faf181277d04a3a177158c026,1,0,14.9,38,31,27,11,1,2,17,51,76,4,0
SoM-GLM,agent,Mind2Web--1bc154377120ec15b18dbabdba49c741_112325,www.stubhub.com,046d9ab4a218484563b203862657630f,1,0,72.046,316,290,102,9,7,2,160,384,631,11,0
SoM-GLM,agent,Mind2Web--1c3b747ae12ccee895745f82e3f2ef8a,www.kaggle.com,4576182c6b88ef35971bb53221014715,1,0,53.572,23,22,0,0,1,1,1,22,54,0,0
SoM-GLM,agent,Mind2Web--28e7574e7bd6d14f36d2988a5ef2bd23,ohiomeansjobs.ohio.gov,bc43fba0ab265fe01df6acdeb705b480,1,0,74.381,285,278,96,18,1,7,112,329,623,59,0
SoM-GLM,agent,Mind2Web--1c3b747ae12ccee895745f82e3f2ef8a,www.kaggle.com,5fc4c9d3db345e45aebaa59551bb75d8,1,0,63.337,32,30,0,0,3,1,7,31,75,0,0
SoM-GLM,agent,Mind2Web--d1807551297ac60ecaaabbd2a2ed301a_110325,superlawyers.com,b6b383a4b065747d6388f750b097d8fa,1,0,86.968,239,170,159,39,4,8,100,248,484,2,0
SoM-GLM,agent,Mind2Web--d1807551297ac60ecaaabbd2a2ed301a_110325,superlawyers.com,0f1a42eb5eff7f7cc3f2b81e6c614975,1,0,79.441,142,96,92,34,3,8,67,148,288,1,0
SoM-GLM,agent,Mind2Web--7abdceee212151f187ee1a1744c57606,www.uscis.gov,8a2033209e4e9edd4e0b6eef7ad6677b,1,0,79.324,181,113,64,17,3,3,61,193,388,4,4
SoM-GLM,agent,Mind2Web--7abdceee212151f187ee1a1744c57606,www.uscis.gov,b396f5d2c32d0e541e7a5ba5efb697cc,1,0,80.755,182,114,64,17,3,4,62,194,390,4,4
SoM-GLM,agent,Mind2Web--0e5536aaad9d3462b06cf725e6ed535a,www.cbp.gov,626d65536fbbf4d4b931e33765621f24,1,0,83.377,212,80,42,12,3,3,63,225,438,9,3
SoM-GLM,agent,Mind2Web--0e5536aaad9d3462b06cf725e6ed535a,www.cbp.gov,b3586590640c7b278d39dd87ff940843,1,0,72.752,183,51,35,12,3,2,30,190,377,4,1
SoM-GLM,agent,Mind2Web--bc2ce7f206045dd2d322e5695a947219,smartasset.com,27e5240b9fc62feca24ac8b73109ac6b,1,0,82.217,157,95,138,25,1,2,92,180,376,10,0
SoM-GLM,agent,Mind2Web--bc2ce7f206045dd2d322e5695a947219,smartasset.com,4c98e359baa294896c23382dd6df5c55,1,0,83.448,482,355,423,51,7,9,315,613,1092,32,0
SoM-GLM,agent,Mind2Web--7e6993f2c5cd72c44809024f0bc85dc1,imgur.com,b5a17c9a42800052aa8efdebc20c1ed4,1,0,47.093,966,888,918,179,3,128,830,990,1924,2,1
SoM-GLM,agent,Mind2Web--7e6993f2c5cd72c44809024f0bc85dc1,imgur.com,65293af332ea43aa901a57d5932cc083,1,0,57.496,645,572,622,169,3,115,566,680,1278,1,2
SoM-GLM,agent,Mind2Web--a48e2f1ee8d87eaeea56fe5e730427e6,www.chess.com,7b17706c74a43e500357ccab1b4e559d,1,0,55.275,555,156,95,43,3,16,454,538,1108,0,0
SoM-GLM,agent,Mind2Web--a48e2f1ee8d87eaeea56fe5e730427e6,www.chess.com,5acd88462e6870ab938db5c2e6b207bd,1,0,84.129,541,158,99,47,3,17,442,529,1081,0,0
SoM-GLM,agent,Mind2Web--dd44c665cec1e9c929a4c5f074e7844a_110325,spothero.com,3ee3065d090f381a3039e8d10a597594,1,0,85.254,313,244,126,19,6,2,199,323,628,36,12
SoM-GLM,agent,Mind2Web--dd44c665cec1e9c929a4c5f074e7844a_110325,spothero.com,e84d09b17beee4c6f37c3795b96c93a4,1,0,81.453,311,242,128,20,6,3,199,321,624,36,12
SoM-GLM,agent,Mind2Web--99daaed9a83c266341d28aa40067d376,boardgamegeek.com,e0dea7cd08935e8ca6ff6f6aa31f5f03,1,0,92.343,473,465,95,14,3,5,29,497,1003,1,3
SoM-GLM,agent,Mind2Web--7072d09436972a5d5fe7476e3e9f1559,www.americanexpress.com,22cdd62ee4c297f3ca5d6e208467d1f3,1,0,71.83,733,700,256,31,5,15,228,74,1445,19,51
SoM-GLM,agent,Mind2Web--99daaed9a83c266341d28aa40067d376,boardgamegeek.com,3be19e2ecd1f01d76ce57ab399f9913b,1,0,87.605,1039,1025,217,19,7,9,130,1109,2178,18,7
SoM-GLM,agent,Mind2Web--7072d09436972a5d5fe7476e3e9f1559,www.americanexpress.com,c70de7300538145123804d64b072d7ac,1,0,79.215,869,833,322,31,9,15,286,89,1713,25,69
SoM-GLM,agent,Mind2Web--2c20d87a046fadcb6ff07ee877bfbf37,www.irs.gov,8f30beda278229c8fd8eac93588eea3c,1,0,91.231,78,20,22,6,3,1,67,92,170,0,0
SoM-GLM,agent,Mind2Web--753f372c189d3b306623cb0c65b50320,www.sec.gov,e2fb3102be8c40dabe6c7b5dba66a98f,1,0,69.225,17,0,0,0,0,0,0,8,34,0,0
SoM-GLM,agent,Mind2Web--2c20d87a046fadcb6ff07ee877bfbf37,www.irs.gov,79f401066db744b9c6182dec3d25435b,1,0,84.433,611,495,459,8,7,4,266,642,1280,6,2
SoM-GLM,agent,Mind2Web--753f372c189d3b306623cb0c65b50320,www.sec.gov,0320e654eed790c139a4848daf5df754,1,0,87.031,468,456,411,2,2,4,124,463,967,1,0
SoM-GLM,agent,Mind2Web--733f1d8bf79d5bc2240c5357f928ffff,www.tourradar.com,3897c8e7df332221f628b5672b16345d,1,0,91.588,203,196,67,45,1,12,128,175,401,9,2
SoM-GLM,agent,Mind2Web--733f1d8bf79d5bc2240c5357f928ffff,www.tourradar.com,3385d6c14a31ad283381d6beca3980a1,1,0,91.278,167,157,26,13,3,2,124,170,323,9,1
SoM-GLM,agent,Mind2Web--f05e87c5b92d9869e08806103c1c15a1,www.ycombinator.com,73e2b53fb1e624d6738476eb5921e6f0,0,0,85.831,497,495,44,12,0,0,50,495,996,0,3
SoM-GLM,agent,Mind2Web--f05e87c5b92d9869e08806103c1c15a1,www.ycombinator.com,d00bcf63744fb6b802204e5cc4787781,0,0,86.429,489,487,44,12,0,0,9,487,980,0,3
SoM-GLM,agent,Mind2Web--3ef64f34eae59c9fac7ee9a4f18b4a0c,www.youtube.com,c3efcc77c103061f188b7ffd176bbb40,1,0,91.402,311,226,41,10,5,7,111,321,966,89,2
SoM-GLM,agent,Mind2Web--f158345f8489e0d1d91e28768c39bca1,azure.microsoft.com,6b27a964f68b72d11553e508cfcc4aaf,0,0,48.482,0,0,0,0,0,0,0,0,0,0,0
SoM-GLM,agent,Mind2Web--3ef64f34eae59c9fac7ee9a4f18b4a0c,www.youtube.com,9535be111a2353e5a4963b73f0262732,1,0,72.516,151,113,7,5,1,3,37,154,487,37,1
SoM-GLM,agent,Mind2Web--f158345f8489e0d1d91e28768c39bca1,azure.microsoft.com,e8d80a5da0c6c0560187ef05a1af27ee,0,0,49.354,0,0,0,0,0,0,0,0,0,0,0
SoM-GLM,agent,Mind2Web--1ab384fb3a791edfb410213cc6b82151_110325,phet.colorado.edu,caae36bf2cc89716c7465193349abf69,1,0,84.925,170,19,14,4,0,0,125,166,350,1,0
SoM-GLM,agent,Mind2Web--1ab384fb3a791edfb410213cc6b82151_110325,phet.colorado.edu,22ef36779e7bcd6dc5e76dfbc322f2cd,1,0,65.638,145,17,11,4,0,0,98,142,300,1,0
SoM-GLM,agent,Mind2Web--1223b07536a87e0170ff87cbbebd1d3c,www.coolmath4kids.com,864c0e41da1e82b015e14ea3a65d8e1d,1,0,79.518,218,124,106,18,7,7,109,215,444,0,0
SoM-GLM,agent,Mind2Web--1223b07536a87e0170ff87cbbebd1d3c,www.coolmath4kids.com,90432dd20d11d99f25aaff22a1555d5e,1,0,65.772,186,120,104,17,5,7,90,182,382,1,0
SoM-GPT-5,agent,Mind2Web--b7258ee05d75e6c50673a59914db412e_110325,www.traderjoes.com,a481096e2db7efd851aec543f784fff0,1,0,28.436,10,0,0,0,0,0,0,0,20,0,0
SoM-GPT-5,agent,Mind2Web--b7258ee05d75e6c50673a59914db412e_110325,www.traderjoes.com,b4e03d89f816199b576e242c9575a5e7,1,0,30.18,11,0,0,0,0,0,0,0,22,0,0
SoM-GPT-5,agent,Mind2Web--ade4c09ad3fdb1607209750924cd232f,www.flightaware.com,39112fa3d4976e18c814ffb0830181eb,1,0,39.316,170,98,72,11,2,1,75,183,334,1,0
SoM-GPT-5,agent,Mind2Web--ade4c09ad3fdb1607209750924cd232f,www.flightaware.com,e3149bc16fee09b2ed2ddb662c891e0b,0,0,38.628,113,68,45,9,1,1,47,122,220,1,0
SoM-GPT-5,agent,Mind2Web--fb7b4f784cfde003e2548fdf4e8d6b4f,www.discogs.com,84d9094b3dfff01535460ea3d9b6091d,1,0,32.364,203,183,35,8,4,2,119,200,410,0,0
SoM-GPT-5,agent,Mind2Web--fb7b4f784cfde003e2548fdf4e8d6b4f,www.discogs.com,faaa90e0c3f92963647c4545bcc94166,1,0,43.011,128,111,15,6,1,1,64,125,260,0,0
SoM-GPT-5,agent,Mind2Web--824eb7bb0ef1ce40bfd49c12182d9428_110325,us.speedo.com,3a5eb516dbc582b945750335ead68f2f,1,0,37.824,235,202,86,31,1,4,73,247,475,9,8
SoM-GPT-5,agent,Mind2Web--824eb7bb0ef1ce40bfd49c12182d9428_110325,us.speedo.com,642ffaf676955782a18ff90413aa1116,1,0,40.419,235,202,85,30,1,4,73,247,475,8,8
SoM-GPT-5,agent,Mind2Web--046138801a05ddf56ad94e8672942496,www.flightaware.com,2c4c4f5448b8d6238896cdfdb6a83193,0,0,39.325,115,68,45,9,1,1,49,126,224,1,0
SoM-GPT-5,agent,Mind2Web--92a3d4236f167af4afdc08876a902ba6,www.carmax.com,9fb89c2bfac38adff35858d80b8e346b,1,0,24.42,36,0,0,0,0,0,35,27,72,0,0
SoM-GPT-5,agent,Mind2Web--92a3d4236f167af4afdc08876a902ba6,www.carmax.com,062b43d7ca14b20340d8ca3a4d400d2c,1,0,28.937,41,0,0,0,0,0,40,30,82,0,0
SoM-GPT-5,agent,Mind2Web--046138801a05ddf56ad94e8672942496,www.flightaware.com,2a034b5ba4f7fc2f3daa0393a3af2b23,0,0,42.869,108,63,40,9,1,1,47,118,210,1,0
SoM-GPT-5,agent,Mind2Web--8f2611047de227a2ca8bda13f6e2e5fb_110325,www.carvana.com,aa7906478b4af912da1906fc245c8a33,1,0,7.619,8,0,0,0,0,0,7,3,16,0,0
SoM-GPT-5,agent,Mind2Web--8f2611047de227a2ca8bda13f6e2e5fb_110325,www.carvana.com,09bf48767012908279fc7f7ddb2f6034,0,0,3.459,7,0,0,0,0,0,6,3,14,0,0
SoM-GPT-5,agent,Mind2Web--48c73f3f53e2611c4a1052457c1033db,new.mta.info,e2e0a169fb84b149739db23b691cb622,1,0,24.113,347,345,307,2,1,4,83,348,725,2,0
SoM-GPT-5,agent,Mind2Web--48c73f3f53e2611c4a1052457c1033db,new.mta.info,6961e7173fab5dbb50fd3d3ee308f5bf,1,0,24.145,348,347,306,2,1,4,84,350,728,1,0
SoM-GPT-5,agent,Mind2Web--b320c68bffc1f3c7f2a8dc9d5478fb27,www.ign.com,3151aa606a67547339dbb44877c359de,1,0,38.122,341,338,128,30,4,11,205,376,714,15,0
SoM-GPT-5,agent,Mind2Web--b320c68bffc1f3c7f2a8dc9d5478fb27,www.ign.com,452deca6f68944fbf7884327317b3e9b,1,0,41.466,346,343,156,31,5,12,200,381,726,16,0
SoM-GPT-5,agent,Mind2Web--aa4b5cb7114fcc138ade82b4b9716d24,www.ign.com,8ad59501b8440c14e2022b79138435cd,1,0,39.359,477,469,303,36,15,17,237,499,984,17,0
SoM-GPT-5,agent,Mind2Web--005be9dd91c95669d6ddde9ae667125c,www.qatarairways.com,4690d5762b55bef4bc65f88edb5f24dd,1,0,22.156,348,340,303,2,1,4,90,348,725,2,0
SoM-GPT-5,agent,Mind2Web--005be9dd91c95669d6ddde9ae667125c,www.qatarairways.com,726b5b30d241df710e36e6d1bd35b896,1,0,22.573,651,618,562,2,4,3,176,641,1343,3,0
SoM-GPT-5,agent,Mind2Web--aa4b5cb7114fcc138ade82b4b9716d24,www.ign.com,fa0e0b83c22bef962b6e5deff4c26586,1,0,40.815,280,274,167,32,11,14,146,290,578,8,0
SoM-GPT-5,agent,Mind2Web--323bd85e3559655d89e5496b951a25e8,www.amtrak.com,ee017e01bb8754a7b4795a1ba027c8ec,1,0,33.318,396,284,241,48,1,18,347,460,768,9,1
SoM-GPT-5,agent,Mind2Web--323bd85e3559655d89e5496b951a25e8,www.amtrak.com,11711fb0677efa49c2d7c64d5affd825,1,0,33.253,399,286,243,48,1,18,353,463,774,11,1
SoM-GPT-5,agent,Mind2Web--123e8c2fc453f55fadd1d0b9aaf94df4,www.kbb.com,8fe189210dae30d92ebe697468126516,1,0,23.52,11,0,0,0,0,0,10,0,22,0,0
SoM-GPT-5,agent,Mind2Web--123e8c2fc453f55fadd1d0b9aaf94df4,www.kbb.com,efadc9d6a57c669d82f63fb4c37b486d,1,0,21.378,11,0,0,0,0,0,10,1,22,0,0
SoM-GPT-5,agent,Mind2Web--56f8890a837c49f7df766b9c981646f3,www.imdb.com,58b26a35ed9190cbfa6674c054f5ab8d,1,0,34.782,205,199,56,8,1,2,35,203,422,0,0
SoM-GPT-5,agent,Mind2Web--56f8890a837c49f7df766b9c981646f3,www.imdb.com,61f266bd8fb0f105934c86b24bf30e67,1,0,39.178,170,164,55,8,1,2,27,168,349,0,0
SoM-GPT-5,agent,Mind2Web--644a856c3897665e475e0dce50bf217d,www.amazon.com,9f3813b994e345ad5225aa1a0f5e18d9,1,0,30.568,442,425,156,39,1,22,114,379,920,33,0
SoM-GPT-5,agent,Mind2Web--62f1626ce249c31098854f8b38bdd6cf_110325,www.microcenter.com,c921858d01d174ce82404eb241eaef7f,1,0,24.628,26,14,4,2,3,1,11,19,65,0,0
SoM-GPT-5,agent,Mind2Web--62f1626ce249c31098854f8b38bdd6cf_110325,www.microcenter.com,aa9c84ab72ca4245371d6895b14380d2,1,0,24.129,26,14,4,2,3,1,11,19,65,0,0
SoM-GPT-5,agent,Mind2Web--644a856c3897665e475e0dce50bf217d,www.amazon.com,dc3c6b5dc4aa1434d9dc1a91bb8b816d,1,0,40.968,955,928,282,49,3,29,218,883,1948,35,0
SoM-GPT-5,agent,Mind2Web--561693d6eec7bbfba3fefe9e4b26decb,www.marriott.com,0a989d2ec581842d0583d049aab80614,0,0,40.291,191,85,29,8,0,0,138,189,385,0,0
SoM-GPT-5,agent,Mind2Web--b7a9a6b5d451164c09bbd27b670bc2ae,www.uniqlo.com,8e15e42a7b22b42179681359d3f2ba75,1,0,31.505,305,206,83,13,2,2,233,354,605,16,0
SoM-GPT-5,agent,Mind2Web--561693d6eec7bbfba3fefe9e4b26decb,www.marriott.com,98ca1268721171080eb84b14b549d867,0,0,39.511,188,85,29,8,0,0,135,186,379,0,0
SoM-GPT-5,agent,Mind2Web--bfa2de159be6978acf2702be31a2eeeb,www.united.com,6eda5fb9c44b582fb456a0f5dfcd77dd,0,0,23.57,0,0,0,0,0,0,0,0,0,0,0
SoM-GPT-5,agent,Mind2Web--b7a9a6b5d451164c09bbd27b670bc2ae,www.uniqlo.com,6a7d5877155dcd0aaa730ebd9d5d9bd7,1,0,28.564,241,141,79,13,1,2,171,285,482,16,0
SoM-GPT-5,agent,Mind2Web--bfa2de159be6978acf2702be31a2eeeb,www.united.com,4ed05759161d34554225b21bb5aa9a14,0,0,21.155,0,0,0,0,0,0,0,0,0,0,0
SoM-GPT-5,agent,Mind2Web--4091bdd3fa64a5b0d912bc08eaf9c824,new.mta.info,a221f1118ec907db2b2cf3fd614d3980,1,0,23.395,311,303,263,2,2,4,81,304,652,2,0
SoM-GPT-5,agent,Mind2Web--4091bdd3fa64a5b0d912bc08eaf9c824,new.mta.info,43b960331edaf3aa436888383ca6c185,1,0,23.278,352,346,306,2,2,4,81,347,733,1,0
SoM-GPT-5,agent,Mind2Web--79f0bd7df6e685f30f20025cc6755c0a_110325,www.microcenter.com,718afd3011ca6b85839024434c772cb0,1,0,24.388,26,14,4,2,3,1,11,19,65,0,0
SoM-GPT-5,agent,Mind2Web--79f0bd7df6e685f30f20025cc6755c0a_110325,www.microcenter.com,fe09175891ec16a4b1cce5341a69d5b8,1,0,27.482,26,14,4,2,3,1,11,19,65,0,0
SoM-GPT-5,agent,Mind2Web--6ebde509dca8f15c0fa1bd74f071e8d6,www.target.com,11e38ff49853de2f61db5ae6a4b9e672,1,0,37.718,361,345,97,22,1,6,33,405,717,0,3
SoM-GPT-5,agent,Mind2Web--34ccd15a8ea8fd3895af83f5ccf62369,us.megabus.com,2d3130216548c2a9067ee23efc1f082a,0,0,24.803,0,0,0,0,0,0,0,0,0,0,0
SoM-GPT-5,agent,Mind2Web--34ccd15a8ea8fd3895af83f5ccf62369,us.megabus.com,73a51299f61a730fd7cb064354be5a23,0,0,22.328,0,0,0,0,0,0,0,0,0,0,0
SoM-GPT-5,agent,Mind2Web--c698ff3fc0f6cbce39947c597ab5749b_121425,www.eventbrite.com,e353ba5c2aa9fd6bcb08ba6aae0b25e1,1,0,35.919,571,529,265,42,3,2,231,694,1136,23,39
SoM-GPT-5,agent,Mind2Web--c698ff3fc0f6cbce39947c597ab5749b_121425,www.eventbrite.com,4a68550f961f44e2019f6402a8ec6e56,1,0,33.431,697,598,352,41,6,2,413,955,1393,28,24
SoM-GPT-5,agent,Mind2Web--b6d10e9bd19b4009a02dea0e98f4e1ae,www.foxsports.com,852b8a753a3f80c22076e8292adc2fe8,1,0,33.38,1779,872,394,93,11,45,1154,1852,3558,14,23
SoM-GPT-5,agent,Mind2Web--b6d10e9bd19b4009a02dea0e98f4e1ae,www.foxsports.com,7bbc08432c9817944bd31a548cdf8f9d,1,0,31.885,2468,1699,513,109,5,50,930,2504,4922,9,24
SoM-GPT-5,agent,Mind2Web--d71be72aa25c3eab8eea47a0e60382e2,www.apple.com,c169b7e1e96e133c31fb14dcfd0c38f8,1,0,32.578,266,125,16,4,2,1,145,281,544,5,2
SoM-GPT-5,agent,Mind2Web--d71be72aa25c3eab8eea47a0e60382e2,www.apple.com,2e515f004674dd6070315145b44bc8f4,1,0,32.336,113,5,10,3,2,1,113,115,230,2,0
SoM-GPT-5,agent,Mind2Web--0b51b4fa0295ae80ccd176ebdad6fff6,www.carmax.com,a15ae352ae3a0f3aae248083a6e04a82,1,0,24.258,37,0,0,0,0,0,36,27,74,0,0
SoM-GPT-5,agent,Mind2Web--0b51b4fa0295ae80ccd176ebdad6fff6,www.carmax.com,209e0c378697d0fe5d79349f53af6584,1,0,25.169,91,54,50,1,1,2,80,80,183,0,0
SoM-GPT-5,agent,Mind2Web--3f312ae3efc3c3e90ababe050dd4e7ae,www.nfl.com,85fadeffd7e9776c19399d09a9eb676c,1,0,26.547,439,185,74,35,6,9,283,490,840,0,2
SoM-GPT-5,agent,Mind2Web--3f312ae3efc3c3e90ababe050dd4e7ae,www.nfl.com,bca4673bece3773f7ddb783e4525da1e,1,0,39.726,379,167,59,24,4,9,241,429,726,0,0
SoM-GPT-5,agent,Mind2Web--95cad96f2e43f3c0d8efad1331c77c8c,www.rottentomatoes.com,2f46216dbda9722591621694ba07601f,1,0,41.179,237,211,91,40,1,12,48,251,479,2,0
SoM-GPT-5,agent,Mind2Web--95cad96f2e43f3c0d8efad1331c77c8c,www.rottentomatoes.com,906bc6c2f0b2e51a1a52586cf620b3df,1,0,41.129,236,210,90,40,1,12,47,250,477,2,0
SoM-GPT-5,agent,Mind2Web--6ebde509dca8f15c0fa1bd74f071e8d6,www.target.com,3ba82c40374d7c402b27028b016b54fd,1,0,31.698,269,248,25,11,1,2,27,285,532,0,0
SoM-GPT-5,agent,Mind2Web--bf3b311cc8dce16d3de844f4b5875dfd,www.apple.com,8d67e4038c4dbf2d41c3d10750a019f4,1,0,28.078,321,65,12,2,2,1,262,337,669,5,0
SoM-GPT-5,agent,Mind2Web--bf3b311cc8dce16d3de844f4b5875dfd,www.apple.com,b51e103563ea46f0c372f21c531addd9,1,0,25.355,285,84,14,2,2,1,208,310,614,8,0
SoM-GPT-5,agent,Mind2Web--b64f938af842f6a1b4489d0e49a785a7_121125,www.target.com,b3e04490e70984fc0a28c0f5ca545953,1,0,36.45,308,293,84,22,1,6,31,395,611,0,3
SoM-GPT-5,agent,Mind2Web--b64f938af842f6a1b4489d0e49a785a7_121125,www.target.com,301790281df41ebf3249ef7630eada4d,1,0,36.594,581,550,157,21,4,5,70,663,1157,0,5
SoM-GPT-5,agent,Mind2Web--5e1b8254c123c80178cc28e0afdb14f0_110325,ticketmaster.com,46e5f2fa6afc964f5f7fb0f485f021e1,1,0,33.717,503,465,239,50,4,11,179,558,1017,41,0
SoM-GPT-5,agent,Mind2Web--f27c0a7b8b0bb33d37698dff227fc8d7,www.kbb.com,99480789e06f1a9e10796a3117a0116b,1,0,18.17,8,0,0,0,0,0,7,4,16,0,0
SoM-GPT-5,agent,Mind2Web--f27c0a7b8b0bb33d37698dff227fc8d7,www.kbb.com,9a128dae2d24db6fbcca770674f04e8b,1,0,22.468,11,0,0,0,0,0,10,0,22,0,0
SoM-GPT-5,agent,Mind2Web--8fdec8eeffd3491e6526cc78c028120b,www.carmax.com,4b07e2b1e17da65f398803065dd2be4f,1,0,9.754,16,0,0,0,0,0,15,13,32,0,0
SoM-GPT-5,agent,Mind2Web--8fdec8eeffd3491e6526cc78c028120b,www.carmax.com,fbd17e1c724cb474e3af76433f389708,1,0,25.031,36,0,0,0,0,0,35,27,72,0,0
SoM-GPT-5,agent,Mind2Web--5e1b8254c123c80178cc28e0afdb14f0_110325,ticketmaster.com,a84240f8c0395662e3bfe1e6ae4449cf,1,0,44.414,1030,984,446,75,9,26,291,1165,2105,83,9
SoM-GPT-5,agent,Mind2Web--7b182a5087347d494b48a29dbc0f1d3e,www.adoptapet.com,4b48170cdc48ff842bcb10160a320d1a,1,0,37.625,1290,1181,506,64,3,28,924,1400,2591,30,14
SoM-GPT-5,agent,Mind2Web--7b182a5087347d494b48a29dbc0f1d3e,www.adoptapet.com,49efcc1650381a9ac5f3240d58aaf8d3,1,0,38.743,864,806,296,38,1,9,560,970,1766,19,22
SoM-GPT-5,agent,Mind2Web--828c2d98616a9478d5864d847d5a1b28,www.justice.gov,089c5913865262f1b30e66a336036aff,1,0,40.807,354,262,106,8,3,3,167,471,785,35,2
SoM-GPT-5,agent,Mind2Web--608c595eec271fa5dc03506923519994,www.fedex.com,af640332270e434ea58d9c76e461b31f,1,0,24.093,14,0,0,0,0,0,13,3,28,0,0
SoM-GPT-5,agent,Mind2Web--608c595eec271fa5dc03506923519994,www.fedex.com,00595ab1cde8d7e204f19bfb9fad4e3b,1,0,23.552,14,0,0,0,0,0,13,3,28,0,0
SoM-GPT-5,agent,Mind2Web--828c2d98616a9478d5864d847d5a1b28,www.justice.gov,9b4de3c0e0c94b950d07763ff768bbbf,1,0,39.788,490,299,126,9,15,3,334,649,1050,31,12
SoM-GPT-5,agent,Mind2Web--cfafe3771369d1d261e9f7ecd44c296d,www.cars.com,b71089c59d057ca6e2f89e908b034d7c,0,0,22.081,0,0,0,0,0,0,0,0,0,0,0
SoM-GPT-5,agent,Mind2Web--a7a73c8fa75441fc76df9746c327bdd6,www.thumbtack.com,0f37cc267247eebac63c06f4fdddbb9b,1,0,29.186,127,115,63,23,3,5,65,131,252,9,0
SoM-GPT-5,agent,Mind2Web--a7a73c8fa75441fc76df9746c327bdd6,www.thumbtack.com,8e2d19797f76021973f123fcecd4abfd,1,0,29.688,145,128,74,25,3,5,76,161,289,9,0
SoM-GPT-5,agent,Mind2Web--cfafe3771369d1d261e9f7ecd44c296d,www.cars.com,b72440d3a05066a819c285da0ad51a1e,1,0,24.441,30,19,0,0,5,1,10,22,73,0,0
SoM-GPT-5,agent,Mind2Web--bbbc243b4f18a7a897f0bc84e11d293f,www.nba.com,6b0b3b31d3e34407c088ae50417cdbcb,0,0,21.93,0,0,0,0,0,0,0,0,0,0,0
SoM-GPT-5,agent,Mind2Web--bbbc243b4f18a7a897f0bc84e11d293f,www.nba.com,b5cc3ad54178cb21d658203bf2b20ad8,0,0,21.66,0,0,0,0,0,0,0,0,0,0,0
SoM-GPT-5,agent,Mind2Web--816851ff92ff0219acf4364dcc2c4692_110325,www.jcpenney.com,19c66163f7b5b3baa930ba33c6ccb94e,0,0,19.909,11,0,0,0,0,0,10,0,22,0,0
SoM-GPT-5,agent,Mind2Web--816851ff92ff0219acf4364dcc2c4692_110325,www.jcpenney.com,ec92ae13207c2141137af4562e9c510b,0,0,20.209,11,0,0,0,0,0,10,0,22,0,0
SoM-GPT-5,agent,Mind2Web--8244409b2c82043f966cad05f9afe132,doctor.webmd.com,c1149e9aed0e8adf0f2170d0b5c427e8,1,0,27.511,140,130,90,45,5,16,46,150,285,5,0
SoM-GPT-5,agent,Mind2Web--e7301bb694871429bf2eb36c3a72186c_110325,www.jcpenney.com,5f7b959d049df26d0ee8a9e643c92ec3,0,0,18.628,11,0,0,0,0,0,10,0,22,0,0
SoM-GPT-5,agent,Mind2Web--8244409b2c82043f966cad05f9afe132,doctor.webmd.com,c331d5f6d9147f19e494794cf525d448,1,0,23.886,183,173,131,61,9,33,91,193,375,6,0
SoM-GPT-5,agent,Mind2Web--905cb53061c33aa2d77e485fe1fca516,www.healthgrades.com,5ca74b10627ee958911e0e6a564fd5c8,0,0,7.094,5,3,5,2,0,0,0,3,10,0,0
SoM-GPT-5,agent,Mind2Web--905cb53061c33aa2d77e485fe1fca516,www.healthgrades.com,103460b62baee2ac0958ce9ad6ab3b4b,0,0,6.793,5,3,5,2,0,0,0,3,10,0,0
SoM-GPT-5,agent,Mind2Web--e7301bb694871429bf2eb36c3a72186c_110325,www.jcpenney.com,ba9148381d74d9bfb56bd52725a2894b,1,0,21.625,349,345,306,2,1,4,83,348,726,1,0
SoM-GPT-5,agent,Mind2Web--fcf4952d2a1d80ea505c555c3c3b54e7,www.cars.com,7e1b24e43618c8a8a2a8b7cf28ec9a57,1,0,20.999,29,18,0,0,5,1,10,21,71,0,0
SoM-GPT-5,agent,Mind2Web--fcf4952d2a1d80ea505c555c3c3b54e7,www.cars.com,bbaddb09bb5e9df239a3dcecbce141d0,1,0,19.548,21,13,0,0,3,1,7,15,51,0,0
SoM-GPT-5,agent,Mind2Web--3c1ffc3f494e423b3c434c79e35da8f3_110325,www.fandom.com,e1f565b9bc9e163e13d2c83ad342f0ff,1,0,31.257,558,446,237,62,5,24,335,615,1224,58,10
SoM-GPT-5,agent,Mind2Web--26a0e5c21c145dd8448aa92f35bec5ea,www.healthgrades.com,f5718264ca5f460201c5e1dbb398867c,1,0,17.317,322,317,296,4,2,2,71,317,664,1,0
SoM-GPT-5,agent,Mind2Web--26a0e5c21c145dd8448aa92f35bec5ea,www.healthgrades.com,5847b5ffe7a0830f21a4faa9736eeba1,0,0,5.696,5,3,5,2,0,0,0,3,10,0,0
SoM-GPT-5,agent,Mind2Web--3c1ffc3f494e423b3c434c79e35da8f3_110325,www.fandom.com,1c76ffead4f261ba75d903a783e72a78,1,0,30.157,373,299,198,59,5,21,190,433,855,49,10
SoM-GPT-5,agent,Mind2Web--43a1ca251f11c6b0bdd0379766cc49e6,www.healthgrades.com,f6fb2757e8312c846ea940b0ca9b24c1,0,0,8.744,6,3,6,2,0,0,0,3,12,0,0
SoM-GPT-5,agent,Mind2Web--070c907d34a4ce71dfdbea38f9c5d4d8,www.healthgrades.com,664af325c8f26d7d31efe4625e5965e6,1,0,21.037,343,340,308,4,1,4,79,341,713,2,0
SoM-GPT-5,agent,Mind2Web--070c907d34a4ce71dfdbea38f9c5d4d8,www.healthgrades.com,6e1d7846edfb773cc4ba04dec686a84e,0,0,19.264,11,3,11,2,0,0,0,3,22,0,0
SoM-GPT-5,agent,Mind2Web--43a1ca251f11c6b0bdd0379766cc49e6,www.healthgrades.com,619fd2ebce8a704e33706aa9a670aba6,1,0,21.155,350,348,312,4,1,4,81,350,729,2,0
SoM-GPT-5,agent,Mind2Web--b3f8bd9198d9d157e0848109563c4b23,ohiomeansjobs.ohio.gov,7c88b676c04e7d2c1dcb318eadf06148,1,0,33.148,180,132,113,11,12,4,167,247,360,24,0
SoM-GPT-5,agent,Mind2Web--b3f8bd9198d9d157e0848109563c4b23,ohiomeansjobs.ohio.gov,d50ed320ec198ef29f7edc3342b55fbc,1,0,36.839,280,210,179,11,19,4,271,392,560,40,0
SoM-GPT-5,agent,Mind2Web--20a460a8fe1971b84411c5b1e6ac4186,www.stubhub.com,baeedd2d04f3246561fcf109a3bff7bd,1,0,25.433,258,234,75,9,5,2,123,345,515,8,0
SoM-GPT-5,agent,Mind2Web--20a460a8fe1971b84411c5b1e6ac4186,www.stubhub.com,1be0b0fcf5ce22ab2071ddd52df3bbcd,1,0,24.887,254,229,75,9,5,2,122,342,507,8,0
SoM-GPT-5,agent,Mind2Web--db1ffb5e60578597d1c3aa3c389ac7b1,www.google.com,e588303ed56af6ff39f8725ba8a3f4f0,1,0,30.48,212,139,17,3,1,2,89,281,472,0,0
SoM-GPT-5,agent,Mind2Web--db1ffb5e60578597d1c3aa3c389ac7b1,www.google.com,2c38af57e45d98f412e7e68395dc89a2,1,0,31.964,136,91,8,1,0,0,44,176,276,0,0
SoM-GPT-5,agent,Mind2Web--7be8cd8dba885cddd9af5320f49bc41b,www.bbb.org,8136c6fc84441baffba42acc34577360,1,0,18.96,60,38,11,3,9,1,26,33,135,0,0
SoM-GPT-5,agent,Mind2Web--7be8cd8dba885cddd9af5320f49bc41b,www.bbb.org,9bab122874a2b95f92ff271bdfa879e1,1,0,18.534,61,39,11,3,9,1,26,36,137,0,0
SoM-GPT-5,agent,Mind2Web--239a29bde438fe44fe17fe1390ef1634,www.healthline.com,8bb4fc25f17dd423cefd752ae16fbf37,1,0,26.569,457,444,349,107,5,37,218,471,904,10,5
SoM-GPT-5,agent,Mind2Web--239a29bde438fe44fe17fe1390ef1634,www.healthline.com,4c61d224dcb751af7c4a674335f2dd06,1,0,28.755,224,219,145,57,1,10,69,228,440,9,1
SoM-GPT-5,agent,Mind2Web--9f1cba613830ca1c6a58f9498c06e679_110325,www.remax.com,d4233837b1a78e0e42baebfd3a4d4d99,1,0,38.94,1141,1091,630,141,3,67,508,1235,2306,42,14
SoM-GPT-5,agent,Mind2Web--75146b7b67388b9244e0f21a1527c022,www.adoptapet.com,b290e7cb622a43f6f16ee1bf648c48f7,1,0,28.063,178,120,86,29,1,6,108,204,361,8,3
SoM-GPT-5,agent,Mind2Web--9f1cba613830ca1c6a58f9498c06e679_110325,www.remax.com,eab7d0a7b719c95cb02ab5a56f2d4cd0,1,0,36.059,1853,1804,1203,202,3,118,1083,1960,3743,63,16
SoM-GPT-5,agent,Mind2Web--75146b7b67388b9244e0f21a1527c022,www.adoptapet.com,457eebbbc5c69cd6c4c15b92a4aa6a08,1,0,29.614,172,114,79,28,1,5,104,194,348,8,3
SoM-GPT-5,agent,Mind2Web--59b7b990b4828bc305ab0d7ed6071b55,www.landwatch.com,be80363a727b870c7e8e9e8a691f23bf,1,0,21.673,11,0,0,0,0,0,10,0,22,0,0
SoM-GPT-5,agent,Mind2Web--59b7b990b4828bc305ab0d7ed6071b55,www.landwatch.com,a423b459e898221b593e2dd399ccd674,1,0,22.154,304,302,262,2,1,4,82,303,638,1,0
SoM-GPT-5,agent,Mind2Web--9c97bab9c2abfb90a426cbe9addae8d0_110325,www.michaels.com,4f4bfcefd7bb4db28481854b392e6e05,1,0,28.283,11,0,0,0,0,0,10,0,22,0,0
SoM-GPT-5,agent,Mind2Web--9c97bab9c2abfb90a426cbe9addae8d0_110325,www.michaels.com,85c76736d2e530d0f93d22718ffaf2ad,1,0,31.141,11,0,0,0,0,0,10,0,22,0,0
SoM-GPT-5,agent,Mind2Web--871e7771cecb989972f138ecc373107b,www.theweathernetwork.com,5fd8175bb42278b40184d9ec3c606366,1,0,32.84,636,572,437,144,2,91,469,656,1276,3,6
SoM-GPT-5,agent,Mind2Web--871e7771cecb989972f138ecc373107b,www.theweathernetwork.com,ada541cdb0003a983866889def2102a7,1,0,29.916,45,23,8,2,1,1,31,41,90,0,0
SoM-GPT-5,agent,Mind2Web--b69eb4de621e9e265676daac44938f3f,www.adoptapet.com,c5faa57cef2d7b2c82326382af6f5c0c,1,0,33.549,179,121,84,29,1,6,109,205,363,8,3
SoM-GPT-5,agent,Mind2Web--b69eb4de621e9e265676daac44938f3f,www.adoptapet.com,e426df12d6f56e39e1b1a868372ffcf7,1,0,26.202,178,120,83,30,1,6,107,203,360,8,3
SoM-GPT-5,agent,Mind2Web--9bb63ad0e38d5691a618932a8b31c05a,www.google.com,d6d44ef38673a3ab8b802fff9988c673,1,0,28.889,181,96,24,1,0,0,87,261,373,0,0
SoM-GPT-5,agent,Mind2Web--9bb63ad0e38d5691a618932a8b31c05a,www.google.com,88622169ad1176d1245772067b5c98fa,1,0,31.157,183,96,25,1,0,0,89,265,375,0,0
SoM-GPT-5,agent,Mind2Web--8ae510355d978424f490798f900bfa2c,www.student.com,4669c0158311b5db9eb82a7e091844ab,1,0,37.812,206,194,99,25,3,5,107,277,508,3,1
SoM-GPT-5,agent,Mind2Web--4c186c6ed888d0c8d4cf4adb39443080,www.nba.com,a29ca1c6fbb415de164e9e965cf194a5,0,0,19.569,0,0,0,0,0,0,0,0,0,0,0
SoM-GPT-5,agent,Mind2Web--4c186c6ed888d0c8d4cf4adb39443080,www.nba.com,528ee5f3c76e75864ca27c4415934eb8,0,0,22.394,0,0,0,0,0,0,0,0,0,0,0
SoM-GPT-5,agent,Mind2Web--8ae510355d978424f490798f900bfa2c,www.student.com,26401985b158af248f1f474bb00b285c,1,0,41.912,202,196,83,28,1,5,109,245,452,2,3
SoM-GPT-5,agent,Mind2Web--2fc51dd3febd447f0fdcdabca8d944ce_110325,www.publicstorage.com,3141bdfba4079a71d83ea8e77e237b0e,1,0,22.223,122,91,61,21,5,3,58,122,256,7,1
SoM-GPT-5,agent,Mind2Web--2fc51dd3febd447f0fdcdabca8d944ce_110325,www.publicstorage.com,c426da5d851785e875e95bd4a62629d2,1,0,21.265,26,14,4,2,3,1,11,19,65,0,0
SoM-GPT-5,agent,Mind2Web--eb323dc584156d0eb3a2b90bb8c4b791_110325,www.compass.com,44dfdd91554685c22979aa54a5dece06,0,0,50.632,115,64,32,13,1,1,64,118,228,2,0
SoM-GPT-5,agent,Mind2Web--eb323dc584156d0eb3a2b90bb8c4b791_110325,www.compass.com,0d31074e6578c875407ad9214f037cbc,0,0,49.186,118,67,35,13,1,1,64,121,234,2,0
SoM-GPT-5,agent,Mind2Web--87f4c5128e36cdb9366a138a7b61bb00,www.bestbuy.com,2a1fe40151453be458122f107d0d54c7,1,0,62.953,76,41,42,3,0,0,34,75,152,0,0
SoM-GPT-5,agent,Mind2Web--354b4ddf048815f8fd4163d0d7e1aaa3,ohiomeansjobs.ohio.gov,4424a91200bd1cf9fd3603f486e66fe6,1,0,27.637,101,80,70,11,5,4,82,143,202,12,0
SoM-GPT-5,agent,Mind2Web--354b4ddf048815f8fd4163d0d7e1aaa3,ohiomeansjobs.ohio.gov,6e083c2ae148074cdb6a7e2b42e8eb84,1,0,26.23,97,76,66,11,5,4,81,132,194,12,0
SoM-GPT-5,agent,Mind2Web--87f4c5128e36cdb9366a138a7b61bb00,www.bestbuy.com,67a548a87597b7cbd03ad9ff2a1f09be,1,0,60.744,76,41,42,3,0,0,34,75,152,0,0
SoM-GPT-5,agent,Mind2Web--e4e097222d13a2560db6f6892612dab6,www.adoptapet.com,d0aa316a331aecfe4887b1a59b07d05e,1,0,31.765,175,117,80,28,1,6,109,198,353,8,3
SoM-GPT-5,agent,Mind2Web--e4e097222d13a2560db6f6892612dab6,www.adoptapet.com,82e07af87d180a978cbcb978c8d2ccee,1,0,28.285,180,122,85,28,1,6,110,206,364,8,3
SoM-GPT-5,agent,Mind2Web--f389398d2eeb29e5571e00439c57eb76,www.theweathernetwork.com,f9ec50482ae70b605fd428a1313a3cd4,1,0,30.378,1976,1856,1517,196,7,117,1063,2055,3980,12,19
SoM-GPT-5,agent,Mind2Web--f389398d2eeb29e5571e00439c57eb76,www.theweathernetwork.com,c72a27004b6c237b650e74821840de98,1,0,31.197,987,913,722,155,3,92,635,1025,1985,8,11
SoM-GPT-5,agent,Mind2Web--8ea6c3a2ea3f59150619935261a76d19,www.fedex.com,05f420ae9272ea99993ed25cb0e037ec,1,0,21.565,14,0,0,0,0,0,13,3,36,0,0
SoM-GPT-5,agent,Mind2Web--8ea6c3a2ea3f59150619935261a76d19,www.fedex.com,7a9a81aa9a32bb8a70c57d1c343e8b6c,1,0,20.532,14,0,0,0,0,0,13,3,28,0,0
SoM-GPT-5,agent,Mind2Web--2dd41b1d0e8f389d0683f4a4627abfe6,www.landwatch.com,f9060a32599cc023ab9ae6da74e0e075,1,0,19.466,346,342,303,2,2,4,86,343,723,2,0
SoM-GPT-5,agent,Mind2Web--c1d6ea6f2196d25782cc3646ff3090db,www.google.com,d913e9d19fd58dca6ade6254708adba1,1,0,26.446,158,86,30,1,0,0,74,226,316,0,0
SoM-GPT-5,agent,Mind2Web--c1d6ea6f2196d25782cc3646ff3090db,www.google.com,3a28c345d8893e0bf31ac9e9d2fc03a5,1,0,37.268,806,449,91,1,0,0,373,1151,1630,0,0
SoM-GPT-5,agent,Mind2Web--2dd41b1d0e8f389d0683f4a4627abfe6,www.landwatch.com,f190914b173d4a18336edbd90a03bb15,1,0,19.316,288,278,259,2,2,2,76,277,591,1,0
SoM-GPT-5,agent,Mind2Web--85b284c18d7e78c9b5a9e074e7aa3b98,www.student.com,cfc73804704adf79107f18e17d9ebd37,1,0,31.794,380,357,129,28,3,5,222,476,822,8,7
SoM-GPT-5,agent,Mind2Web--f2097f92a10d42a842c14179f422311e,www.bestbuy.com,5bb40b645432bc17a21ae474cd6bf77a,1,0,58.219,76,41,42,3,0,0,34,75,152,0,0
SoM-GPT-5,agent,Mind2Web--f2097f92a10d42a842c14179f422311e,www.bestbuy.com,d549bbb305a5ee35e423cb2089a78a1c,1,0,57.802,75,41,42,3,0,0,33,74,150,0,0
SoM-GPT-5,agent,Mind2Web--853afd530c72f4b00ffc32ae854efaf8,www.accuweather.com,286f38d25c4ae8f4f513f491c3533668,0,0,18.165,0,0,0,0,0,0,0,0,0,0,0
SoM-GPT-5,agent,Mind2Web--853afd530c72f4b00ffc32ae854efaf8,www.accuweather.com,714e9efc795aa3e877b677fd71ce5bd1,0,0,17.279,0,0,0,0,0,0,0,0,0,0,0
SoM-GPT-5,agent,Mind2Web--85b284c18d7e78c9b5a9e074e7aa3b98,www.student.com,85d4bdddcb0d0bd5bed050bc1eaf0944,1,0,36.6,227,215,108,25,3,5,118,294,531,3,1
SoM-GPT-5,agent,Mind2Web--c09721cc937d4dcfb391a0bc2c574b28,www.recreation.gov,16a87a153d6c618473d09d8345d8f031,1,0,34.241,99,62,24,11,1,2,35,100,197,5,0
SoM-GPT-5,agent,Mind2Web--c09721cc937d4dcfb391a0bc2c574b28,www.recreation.gov,f79c6766c75408b5293dec29fe3a1a02,1,0,35.349,115,77,38,11,1,3,62,120,231,11,2
SoM-GPT-5,agent,Mind2Web--4c572a627b53b0f9a734ab37f21819b8,craigslist.org,0c7289c97e9a2af0dbb5a83c0b117824,1,0,44.2,43,0,0,0,0,0,35,36,88,0,0
SoM-GPT-5,agent,Mind2Web--301f267f421b93045874726183e8f722,www.healthline.com,e3b7974291935686a6d9cfb2d53b9d42,1,0,27.638,214,209,141,57,1,10,72,218,420,9,1
SoM-GPT-5,agent,Mind2Web--4c572a627b53b0f9a734ab37f21819b8,craigslist.org,8a78b95ee3031b00b4da203ad2e57637,1,0,30.034,21,0,0,0,0,0,16,17,43,0,0
SoM-GPT-5,agent,Mind2Web--301f267f421b93045874726183e8f722,www.healthline.com,ceb3697629245faae1befeac45738c42,1,0,26.082,228,223,149,58,1,10,72,232,447,9,1
SoM-GPT-5,agent,Mind2Web--4f903626f632586fe4728d6664947bab,www.justice.gov,bca507442248cd3318dbf849b473550b,1,0,30.317,343,255,115,8,3,3,144,446,751,32,3
SoM-GPT-5,agent,Mind2Web--4f903626f632586fe4728d6664947bab,www.justice.gov,242eaec0c6302c81bafe3cc9bd2d3d6c,1,0,33.839,502,394,204,8,7,3,229,725,1169,83,2
SoM-GPT-5,agent,Mind2Web--3ec0f6138d37fadcb989347a6088ec45,www.bbb.org,54cee6b0ee82df3e6e45d1217fc65c36,1,0,22.4,44,30,7,3,5,1,16,25,97,0,0
SoM-GPT-5,agent,Mind2Web--3ec0f6138d37fadcb989347a6088ec45,www.bbb.org,146f43c2ecd62bbe2c11a47ce0526530,1,0,25.53,48,33,8,3,5,2,19,30,107,0,0
SoM-GPT-5,agent,Mind2Web--2207bb4f21786690cfed20b37253fb8b,www.theweathernetwork.com,3703bbbaf896ffccd879f1f60ba6d89d,1,0,33.801,1002,937,766,176,3,106,626,1002,2022,20,9
SoM-GPT-5,agent,Mind2Web--2207bb4f21786690cfed20b37253fb8b,www.theweathernetwork.com,c7626b8b62869d66c0bfdf31993240ba,1,0,32.939,837,771,587,150,7,97,597,883,1698,12,13
SoM-GPT-5,agent,Mind2Web--9c04b71bb8db6cf8e743b2290cbc8797,www.ups.com,fff74b4081b692bbbc3c32a4930eb1bc,0,0,18.924,0,0,0,0,0,0,0,0,0,0,0
SoM-GPT-5,agent,Mind2Web--9c04b71bb8db6cf8e743b2290cbc8797,www.ups.com,3051cb982b0e2778b305492f02df793b,0,0,18.136,0,0,0,0,0,0,0,0,0,0,0
SoM-GPT-5,agent,Mind2Web--4e0f5561a76478da87995dee00b09572,www.accuweather.com,dfd56a9756e39d13ce4abc5ca91c51a2,0,0,19.113,0,0,0,0,0,0,0,0,0,0,0
SoM-GPT-5,agent,Mind2Web--4e0f5561a76478da87995dee00b09572,www.accuweather.com,ef702cf98a24dfc4dbdcf13582f093ad,0,0,19.296,0,0,0,0,0,0,0,0,0,0,0
SoM-GPT-5,agent,Mind2Web--7562d9b4e4829a44245aafce2e1f62db,www.usps.com,6dc4bc1cdd2d2ac67c80a1bdaf6d76e4,0,0,21.935,0,0,0,0,0,0,0,0,0,0,0
SoM-GPT-5,agent,Mind2Web--7562d9b4e4829a44245aafce2e1f62db,www.usps.com,b4abcee8cba3dfc841b3fbd89929885c,0,0,21.127,0,0,0,0,0,0,0,0,0,0,0
SoM-GPT-5,agent,Mind2Web--bd1e3770b7181f6fce9c35e18caa9785,craigslist.org,d0215ceee4671ac0c5059794d31dd244,1,0,29.445,41,0,0,0,0,0,36,62,86,0,0
SoM-GPT-5,agent,Mind2Web--bd1e3770b7181f6fce9c35e18caa9785,craigslist.org,ab39cc1856a529cf7418ac56114a6743,1,0,29.122,21,0,0,0,0,0,16,17,43,0,0
SoM-GPT-5,agent,Mind2Web--330cd04c773ac498f51afa4665461ec8,craigslist.org,a2b94c2809481ae905996b6776ec35a7,1,0,34.041,23,0,0,0,0,0,18,21,47,0,0
SoM-GPT-5,agent,Mind2Web--330cd04c773ac498f51afa4665461ec8,craigslist.org,584b26f83dd796b810980d30feef1d73,1,0,28.554,17,0,0,0,0,0,12,14,36,0,0
SoM-GPT-5,agent,Mind2Web--ec78d3a635e417bc2a80d03ca93d7165,www.gov.uk,7f8507eca03bfc6c2ee3cd81d00bbea9,1,0,29.45,337,305,261,2,2,4,109,333,706,2,0
SoM-GPT-5,agent,Mind2Web--ec78d3a635e417bc2a80d03ca93d7165,www.gov.uk,14ef5adb4e9b347856787f1c8888928f,0,0,29.613,27,0,0,0,0,0,11,22,54,0,0
SoM-GPT-5,agent,Mind2Web--a0a18ca6a3529f3e97c771aadd42d3a0_110325,www.jcpenney.com,e06c23e17a9f96cd2a7aecae2c0ae9cb,0,0,24.937,11,0,0,0,0,0,10,0,22,0,0
SoM-GPT-5,agent,Mind2Web--a0a18ca6a3529f3e97c771aadd42d3a0_110325,www.jcpenney.com,4a426207e200de2f801448dd1a6ed94a,0,0,22.674,11,0,0,0,0,0,10,0,22,0,0
SoM-GPT-5,agent,Mind2Web--82eb3bfedd78456a0230b389f4e7a938,coinmarketcap.com,4cea44f2ff6fab07f29534dbc09ac03d,1,0,32.202,649,166,157,33,3,16,156,655,1316,0,1
SoM-GPT-5,agent,Mind2Web--82eb3bfedd78456a0230b389f4e7a938,coinmarketcap.com,fed86d6d8ef0a016ddbdcf6957c278a6,1,0,33.316,765,271,257,53,5,25,229,783,1579,0,9
SoM-GPT-5,agent,Mind2Web--e7f6cca9a8875f98fee3b711ead3a444_110325,www.tumblr.com,c73ccde8515cc9fc76737ef7ca593b49,1,0,32.53,791,743,445,128,11,80,553,823,1613,0,1
SoM-GPT-5,agent,Mind2Web--e7f6cca9a8875f98fee3b711ead3a444_110325,www.tumblr.com,992e0edfcc3090e3b2ed7f2a8302ab35,1,0,35.462,828,810,617,150,1,98,765,868,1676,0,3
SoM-GPT-5,agent,Mind2Web--75a1b5dcd2c28508a971d98d51fe5767,www.allrecipes.com,2d601e30129bbaaeeeddf7b9ee1214df,1,0,39.749,619,599,553,164,1,99,480,617,1242,5,2
SoM-GPT-5,agent,Mind2Web--75a1b5dcd2c28508a971d98d51fe5767,www.allrecipes.com,e0b0606e5b8ab9399058c77493020c7a,1,0,36.147,885,815,769,169,7,97,645,950,1804,17,20
SoM-GPT-5,agent,Mind2Web--05483c50cc9b04c8ac44c574758fb2bd,www.bbb.org,98f5a1e603021b5970c5caf0b9f0c8d6,1,0,19.037,253,235,183,5,7,3,75,225,527,0,0
SoM-GPT-5,agent,Mind2Web--c03ee2be3d73556ab789c0ad1cbd3451,www.akc.org,785e8d598a9aec0f6cdc51e266ae1328,1,0,38.211,172,73,49,24,1,12,23,180,348,0,0
SoM-GPT-5,agent,Mind2Web--c03ee2be3d73556ab789c0ad1cbd3451,www.akc.org,02473e764ce541ada6c0c195821e862c,1,0,32.094,182,77,45,16,5,9,26,188,370,0,0
SoM-GPT-5,agent,Mind2Web--a172a5d9ffaf5ef02bd550ec4fe24e6d,www.drugs.com,bc1bef2dac529e527808ede01293766b,1,0,20.589,11,0,0,0,0,0,0,0,22,0,0
SoM-GPT-5,agent,Mind2Web--a172a5d9ffaf5ef02bd550ec4fe24e6d,www.drugs.com,d0e3e6d329451e3b4b811fd9952813f9,1,0,19.425,11,0,0,0,0,0,0,0,22,0,0
SoM-GPT-5,agent,Mind2Web--05483c50cc9b04c8ac44c574758fb2bd,www.bbb.org,8fe285e51062d6b7117efb001e280dd4,1,0,26.291,416,398,316,5,7,5,105,392,880,2,0
SoM-GPT-5,agent,Mind2Web--f2be37a9a60fbc25b6b11cf622d17352_110325,www.akc.org,5981007bb07c6b66b72df9a01cc00d16,1,0,28.234,222,110,74,28,5,13,56,235,451,0,0
SoM-GPT-5,agent,Mind2Web--7e1047f4803237f319c004f7a7f6bccb_121125,www.bestbuy.com,0ae2b49abb6e2cbe27e6effffc090376,1,0,62.293,76,41,42,3,0,0,34,75,152,0,0
SoM-GPT-5,agent,Mind2Web--f2be37a9a60fbc25b6b11cf622d17352_110325,www.akc.org,3e057cff9557b9bbf7c222623475ad8b,1,0,30.916,202,98,66,25,3,15,40,214,410,0,0
SoM-GPT-5,agent,Mind2Web--7e1047f4803237f319c004f7a7f6bccb_121125,www.bestbuy.com,ed2425bcc5de9c9e44d44a86ad13f4f0,1,0,64.073,76,41,42,3,0,0,34,75,152,0,0
SoM-GPT-5,agent,Mind2Web--0170ca95038b05fa58d463fe627ac605,www.gov.uk,a7d6cc99f14f5e25c2024f50e956b6c5,0,0,25.056,17,0,0,0,0,0,9,13,34,0,0
SoM-GPT-5,agent,Mind2Web--e24662008c3be5d56f986f232fcec447,www.google.com,eb2dd336fb1862941e0681e42ae85ff6,1,0,26.28,162,138,17,3,1,1,37,170,372,0,0
SoM-GPT-5,agent,Mind2Web--e24662008c3be5d56f986f232fcec447,www.google.com,1b83f4c8a9a471594f8a6a274499b1ec,1,0,29.77,164,139,18,4,1,2,37,172,377,0,0
SoM-GPT-5,agent,Mind2Web--0170ca95038b05fa58d463fe627ac605,www.gov.uk,a236595c159f64d5a04acbeb3296a7a8,0,0,25.477,16,0,0,0,0,0,8,13,32,0,0
SoM-GPT-5,agent,Mind2Web--b3a7da968de13bbdcaed12ffe4993df6,www.akc.org,693af8c254cc0b537697948d25b59aae,1,0,31.533,283,156,109,30,9,15,85,305,576,0,1
SoM-GPT-5,agent,Mind2Web--b3a7da968de13bbdcaed12ffe4993df6,www.akc.org,831c69d6f8ec7ddcb99031e77f6cec33,1,0,37.867,505,406,139,50,1,13,239,525,990,5,0
SoM-GPT-5,agent,Mind2Web--515f2e5811cfdd5e0e669e40f17886d8,www.bestbuy.com,a52382284506282befe6cfca579900e4,0,0,35.112,19,3,3,2,0,0,15,18,38,0,0
SoM-GPT-5,agent,Mind2Web--4d3157aab34b54e5f0c4b965dfe930f3,www.babycenter.com,fed883aca60cf394ec8ce7107391867b,1,0,33.233,249,246,79,22,3,6,184,271,494,9,0
SoM-GPT-5,agent,Mind2Web--4d3157aab34b54e5f0c4b965dfe930f3,www.babycenter.com,a34f691ae54e4b6c9d707e570fde421a,1,0,31.97,249,246,83,22,3,6,179,269,494,9,0
SoM-GPT-5,agent,Mind2Web--e4e19e04286f644d747d8c5a79d17fac,www.drugs.com,85879b6af3a9925ccc7aa3d3c3451d13,1,0,22.06,11,0,0,0,0,0,0,0,22,0,0
SoM-GPT-5,agent,Mind2Web--515f2e5811cfdd5e0e669e40f17886d8,www.bestbuy.com,96a42ce2910fcead9de97a9d86d6d1ab,1,0,60.316,74,41,42,3,0,0,32,73,148,0,0
SoM-GPT-5,agent,Mind2Web--e4e19e04286f644d747d8c5a79d17fac,www.drugs.com,58cd1bd94c991aa511aaef0e35dcb12e,1,0,24.791,11,0,0,0,0,0,0,0,22,0,0
SoM-GPT-5,agent,Mind2Web--cad62d2be0c53f08a416457486b3db23,www.adoptapet.com,a4e173910c5e56d4df4b638640fb9ca0,1,0,35.13,173,115,84,29,1,6,103,199,351,8,3
SoM-GPT-5,agent,Mind2Web--cad62d2be0c53f08a416457486b3db23,www.adoptapet.com,213aa03c5c453bc58b0ed16f23b279c0,1,0,38.558,173,114,79,26,1,5,107,201,349,8,3
SoM-GPT-5,agent,Mind2Web--9ef1a8972f375db59c0e6329e11b7939,www.landwatch.com,6bf17071a10e48f1ca5e633c57ad2599,1,0,27.558,11,0,0,0,0,0,10,0,22,0,0
SoM-GPT-5,agent,Mind2Web--9ef1a8972f375db59c0e6329e11b7939,www.landwatch.com,77cad3ca644c36c5ce0854da8b74eb44,1,0,26.325,11,0,0,0,0,0,10,0,22,0,0
SoM-GPT-5,agent,Mind2Web--a11ecdff735b51372d536c866011af6f,www.coursera.org,f74a931f069e59bb7b9d479f43c1842b,1,0,35.762,595,515,479,36,5,8,330,699,1201,38,0
SoM-GPT-5,agent,Mind2Web--a11ecdff735b51372d536c866011af6f,www.coursera.org,ed80e7eb97f8c6b0a645bc1f52d0984b,1,0,31.701,348,298,283,29,2,4,106,356,699,13,0
SoM-GPT-5,agent,Mind2Web--7fff82864f21ddeccf4104a220892824,www.google.com,e6c0632b9e040ac4e95267493e6f6919,1,0,49.153,314,178,31,1,0,0,141,444,637,0,0
SoM-GPT-5,agent,Mind2Web--50d91eabde542906937ab4c5b6f8f23a_121425,www.babycenter.com,d7d71aa3b5ad85f01d2232769b7000e9,1,0,35.305,220,218,83,23,1,6,156,235,436,8,0
SoM-GPT-5,agent,Mind2Web--7fff82864f21ddeccf4104a220892824,www.google.com,b4e8c4cbcd60ad0a3fffaa9f14b10c84,1,0,52.478,829,483,83,1,0,0,362,1169,1678,0,0
SoM-GPT-5,agent,Mind2Web--50d91eabde542906937ab4c5b6f8f23a_121425,www.babycenter.com,789bab2f7207aa0da8243dfeda688fad,1,0,39.039,216,214,80,22,1,6,149,229,427,9,0
SoM-GPT-5,agent,Mind2Web--dcd26e662a616d373ddd339747c6ce5b,www.healthline.com,28547184e6052f75607ed7961641e6fd,1,0,38.196,210,205,133,58,1,11,70,214,412,9,1
SoM-GPT-5,agent,Mind2Web--dcd26e662a616d373ddd339747c6ce5b,www.healthline.com,6d4d62a734017ee76ffce755c310c39c,1,0,39.494,216,211,140,59,1,12,79,220,423,9,1
SoM-GPT-5,agent,Mind2Web--eb2db4b769c145dbe6ba4f74f3e0de98,www.akc.org,eeadccab12b57a63055228a5dcd21fda,1,0,35.069,552,453,165,43,1,20,64,612,1139,7,8
SoM-GPT-5,agent,Mind2Web--eb2db4b769c145dbe6ba4f74f3e0de98,www.akc.org,8b7739019e4875dd131568d41680df32,1,0,44.042,370,227,141,30,7,15,136,397,751,0,3
SoM-GPT-5,agent,Mind2Web--c0fa2c0e622971955cabf5bcf7b777e8,www.apartments.com,019bb8e07b74b572a7575cba0745f42c,1,0,27.612,8,0,0,0,0,0,7,0,16,0,0
SoM-GPT-5,agent,Mind2Web--c0fa2c0e622971955cabf5bcf7b777e8,www.apartments.com,869741d6aaf720bba4e9b230ebde792a,1,0,19.785,8,0,0,0,0,0,7,0,16,0,0
SoM-GPT-5,agent,Mind2Web--ce616721ce9aeda69890fbccb29677a6,www.usps.com,89a9da67dc06c93f3fda61ec6cd75609,0,0,29.457,0,0,0,0,0,0,0,0,0,0,0
SoM-GPT-5,agent,Mind2Web--ce616721ce9aeda69890fbccb29677a6,www.usps.com,23993996b31859710e254e9a90b246db,0,0,28.086,0,0,0,0,0,0,0,0,0,0,0
SoM-GPT-5,agent,Mind2Web--9d09bc948462db032bac98968b11b008,www.stubhub.com,873440ba3f1c64a5f26e953007662698,1,0,40.488,511,452,166,9,13,2,298,737,1019,20,0
SoM-GPT-5,agent,Mind2Web--29526b17a32485742b5ab63507e99417,www.drugs.com,49c693893a427a54c1459b2cafb9fb49,1,0,35.495,11,0,0,0,0,0,0,0,22,0,0
SoM-GPT-5,agent,Mind2Web--9d09bc948462db032bac98968b11b008,www.stubhub.com,952e75d0ab7d83d28e4093b877cba466,1,0,44.875,313,277,103,9,7,2,172,437,624,11,0
SoM-GPT-5,agent,Mind2Web--29526b17a32485742b5ab63507e99417,www.drugs.com,258c9a60b035a46e663ba39f476560a2,1,0,26.955,290,282,250,2,2,2,72,281,602,1,0
SoM-GPT-5,agent,Mind2Web--d7c955b47af68e01766fa86d0bee08a7,www.apartments.com,2bdd022e513df73073093c41201fd7a5,1,0,26.547,11,0,0,0,0,0,10,0,22,0,0
SoM-GPT-5,agent,Mind2Web--d7c955b47af68e01766fa86d0bee08a7,www.apartments.com,65c308463e835e9b53b8a4ba0de1cb66,0,0,26.294,11,0,0,0,0,0,10,0,22,0,0
SoM-GPT-5,agent,Mind2Web--9d090a15c214eb070d9caa8a034d03c1,www.student.com,be9da8fde04390bde80555d8c3ac809c,1,0,36.612,206,193,76,28,1,5,114,262,450,2,3
SoM-GPT-5,agent,Mind2Web--5916018d1cad999881018cac1216a692,www.thumbtack.com,24d5633d1de9a5cd8762108ba6e601f6,1,0,38.683,138,124,66,23,1,4,78,140,275,9,0
SoM-GPT-5,agent,Mind2Web--9d090a15c214eb070d9caa8a034d03c1,www.student.com,8ffc2e85a79b3e240a0d4fc9bdfdfa19,1,0,60.226,295,283,147,29,3,8,145,380,685,5,6
SoM-GPT-5,agent,Mind2Web--5916018d1cad999881018cac1216a692,www.thumbtack.com,9a7013972418e1a9d404d93ccb482248,1,0,37.421,133,116,65,23,1,4,74,137,264,9,0
SoM-GPT-5,agent,Mind2Web--0059adc6b12a3822305deb68929b2de8,careers.walmart.com,c39da8e6391477e0df81f9206031fe7a,1,0,39.694,73,41,17,6,1,2,45,99,146,3,0
SoM-GPT-5,agent,Mind2Web--0059adc6b12a3822305deb68929b2de8,careers.walmart.com,98bab136d5d486b9a6dc7e1149bfd266,1,0,36.076,73,41,17,6,1,2,45,99,146,3,0
SoM-GPT-5,agent,Mind2Web--07bdc595306729a028ba06cc7451a80a,us.trip.com,5cd6ac59728601771afb1b6955b76ed5,1,0,38.883,554,494,186,26,5,5,223,571,1203,18,0
SoM-GPT-5,agent,Mind2Web--07bdc595306729a028ba06cc7451a80a,us.trip.com,dc88b21fb05984bfdb273f806e27b121,1,0,35.646,372,324,127,26,3,5,155,385,808,16,0
SoM-GPT-5,agent,Mind2Web--64b76158720a69e4a5c31a55d54928bf,www.healthline.com,d23f688b2d0b9b693a9983d0020f372d,1,0,32.197,216,211,142,56,1,9,71,220,424,9,1
SoM-GPT-5,agent,Mind2Web--64b76158720a69e4a5c31a55d54928bf,www.healthline.com,cafbd5d391093926f1e8d7e9fa0aec12,1,0,36.258,271,262,181,62,3,12,96,278,534,9,2
SoM-GPT-5,agent,Mind2Web--e3ab665e01e7632ce33ac1aeca14aff6,www.recreation.gov,e653fc8f1cb2e6d53534d189953f54dc,1,0,42.376,157,95,27,12,1,2,69,159,307,5,0
SoM-GPT-5,agent,Mind2Web--e3ab665e01e7632ce33ac1aeca14aff6,www.recreation.gov,78034cc1a9aefbc018494e5a696162eb,0,0,44.275,143,103,47,13,1,1,93,151,284,16,4
SoM-GPT-5,agent,Mind2Web--26810ed9c123a62992e3eed31db3c5ee,www.accuweather.com,db5430af325588521acf9356c1d19e53,0,0,23.943,0,0,0,0,0,0,0,0,0,0,0
SoM-GPT-5,agent,Mind2Web--2d5a7f95f951a26838289dfd629ae850_110325,www.compass.com,b4479b1a2d25efd81776ac5ceb71db5c,0,0,61.743,111,60,28,13,1,1,64,114,220,2,0
SoM-GPT-5,agent,Mind2Web--2d5a7f95f951a26838289dfd629ae850_110325,www.compass.com,c9836055b44cf92d2aa69de5be04cdf0,1,0,57.38,113,62,29,12,1,1,59,116,224,2,0
SoM-GPT-5,agent,Mind2Web--26810ed9c123a62992e3eed31db3c5ee,www.accuweather.com,e2359a8f200912d89c0575699d4bdb37,0,0,24.724,0,0,0,0,0,0,0,0,0,0,0
SoM-GPT-5,agent,Mind2Web--c181f903ec1107b850032c17cad88393,www.webmd.com,c35e5f6b5c116fb09e38a13112d5a0e3,1,0,36.346,1114,1088,934,192,5,122,901,1291,2257,77,6
SoM-GPT-5,agent,Mind2Web--ef289e34a2f59a707cb07e2a6229ff03,www.cars.com,9088fb9cb38d5f30344d0bebb81c3bdc,0,0,24.796,0,0,0,0,0,0,0,0,0,0,0
SoM-GPT-5,agent,Mind2Web--c181f903ec1107b850032c17cad88393,www.webmd.com,65247690eb4dbc479c14048f91618f51,1,0,34.192,980,951,847,193,7,123,787,1119,1980,93,4
SoM-GPT-5,agent,Mind2Web--ef289e34a2f59a707cb07e2a6229ff03,www.cars.com,e69a508770d0de6acbaab47d3b86d08c,0,0,21.474,0,0,0,0,0,0,0,0,0,0,0
SoM-GPT-5,agent,Mind2Web--84f806c7fc15576673915f195efa72df,www.adoptapet.com,a353165ee1679dc280298dc5ffb4203f,1,0,41.973,1166,1057,449,61,3,28,815,1265,2346,29,12
SoM-GPT-5,agent,Mind2Web--84f806c7fc15576673915f195efa72df,www.adoptapet.com,bd354f9c773248747fbc3f57f956759d,1,0,37.368,530,472,230,35,1,10,313,592,1076,18,11
SoM-GPT-5,agent,Mind2Web--be9e7dca1222714571ef3d7d59d2a41c,weather.com,18ad503fcfd4320df0ec8e0477cc709a,1,0,39.124,1162,656,610,146,9,93,889,1206,2329,6,9
SoM-GPT-5,agent,Mind2Web--11abb668c751dd56bb41f296a8bb3a13,www.bestbuy.com,185b00df7d44f7c53bcef7965e8da341,0,0,,0,0,0,0,0,0,0,0,0,0,0
SoM-GPT-5,agent,Mind2Web--be9e7dca1222714571ef3d7d59d2a41c,weather.com,3339eaed3d19ff03720f8bd2fbdf7f49,1,0,30.993,1432,1039,994,213,11,141,1084,1440,2872,7,18
SoM-GPT-5,agent,Mind2Web--207e933d1bba815bcb58664b5d82c085,www.apartments.com,dea6bf1cf52e39bb35793d21741db4c8,1,0,23.578,9,0,0,0,0,0,8,0,18,0,0
SoM-GPT-5,agent,Mind2Web--207e933d1bba815bcb58664b5d82c085,www.apartments.com,04339337e01853a481dacf33dfd1db08,1,0,21.623,11,0,0,0,0,0,10,0,22,0,0
SoM-GPT-5,agent,Mind2Web--11abb668c751dd56bb41f296a8bb3a13,www.bestbuy.com,5b13bf41c02fe907bc0f03d6312e74b7,1,0,64.617,76,41,42,3,0,0,34,75,152,0,0
SoM-GPT-5,agent,Mind2Web--29b7372d5a3884a2ba831af2d117af3c,www.google.com,884a90f5e4d2a74196d83e25c1dc0b8f,1,0,29.57,217,194,15,3,1,1,36,225,415,0,0
SoM-GPT-5,agent,Mind2Web--29b7372d5a3884a2ba831af2d117af3c,www.google.com,68af5ce721b82186583b8ed3e2865c15,1,0,28.457,158,138,14,3,1,1,33,165,358,0,0
SoM-GPT-5,agent,Mind2Web--5c00e9561eae94789443f405525a5869,www.healthline.com,55fe8c142028655d172a0291920dbdd4,1,0,30.748,272,263,185,63,3,12,92,277,535,9,1
SoM-GPT-5,agent,Mind2Web--5c00e9561eae94789443f405525a5869,www.healthline.com,2403d88cdfa0b8c6c6006a071c6e4d0d,1,0,32.71,568,554,441,121,5,40,257,592,1134,10,10
SoM-GPT-5,agent,Mind2Web--2532fd402d3c741b79894e6ff2269f53,www.thumbtack.com,d2a0303e37517c1ff4005eb3a4e1bfc4,1,0,31.028,123,113,62,23,3,5,62,127,245,9,0
SoM-GPT-5,agent,Mind2Web--2532fd402d3c741b79894e6ff2269f53,www.thumbtack.com,b9bb79cf1b54371fc5e31b0e65344e78,1,0,31.786,124,114,63,23,3,5,63,128,247,9,0
SoM-GPT-5,agent,Mind2Web--9829f3087ab1f9c8eba6b6dd2b831d25_112325,www.espn.com,9d98b4834c391fb600db532615638f3a,1,0,39.582,533,528,303,117,5,73,260,575,1112,1,14
SoM-GPT-5,agent,Mind2Web--9829f3087ab1f9c8eba6b6dd2b831d25_112325,www.espn.com,215f5dc3c330a8b6552bcafd5a4a39e5,1,0,35.108,477,471,243,101,5,60,216,514,991,1,14
SoM-GPT-5,agent,Mind2Web--783ce6a3499fa7cf25bc12f8f0ecbbbb,www.mayoclinic.org,984f8711a846a7bd8df210cd76f7bd9f,0,0,36.672,99,54,30,9,0,0,66,100,198,1,0
SoM-GPT-5,agent,Mind2Web--6db4a0e346976f2729ba9afcd3208941,www.fedex.com,fac0d92e165a6d87a3f54f8a92334238,1,0,22.813,9,0,0,0,0,0,8,3,18,0,0
SoM-GPT-5,agent,Mind2Web--783ce6a3499fa7cf25bc12f8f0ecbbbb,www.mayoclinic.org,846b93ed9a82db1f70846a0c7a361779,0,0,35.661,99,54,30,9,0,0,66,100,198,1,0
SoM-GPT-5,agent,Mind2Web--6db4a0e346976f2729ba9afcd3208941,www.fedex.com,dd36767829dea3a5cec6880c490fdfae,1,0,25.503,14,0,0,0,0,0,13,3,28,0,0
SoM-GPT-5,agent,Mind2Web--1fc28d91d25ccd1c6ba268101326a654,www.google.com,b797c1c882ff8c9c37617b0f49edf956,1,0,26.499,181,138,25,3,1,1,58,194,439,0,0
SoM-GPT-5,agent,Mind2Web--1fc28d91d25ccd1c6ba268101326a654,www.google.com,c326afc7a706d537606949866bc9ff0b,1,0,29.098,221,195,13,3,1,1,39,228,425,0,0
SoM-GPT-5,agent,Mind2Web--255bf27c43fd3f9254d6b81a5f36d3a9,www.landwatch.com,bba11081e90791ed3159839ea92af05d,1,0,26.631,144,134,128,2,2,2,57,133,292,0,0
SoM-GPT-5,agent,Mind2Web--255bf27c43fd3f9254d6b81a5f36d3a9,www.landwatch.com,3e594a04833feec9db0157ec92c3cfbc,1,0,25.293,144,134,128,2,2,2,57,133,292,0,0
SoM-GPT-5,agent,Mind2Web--a8b9edd598561d2de901864d5f40fe67,www.fedex.com,9707340ecc5141954be9381b8bf9e49a,1,0,30.867,14,0,0,0,0,0,13,3,28,0,0
SoM-GPT-5,agent,Mind2Web--a8b9edd598561d2de901864d5f40fe67,www.fedex.com,b640019cbea41cf3287ef9dcdb9be26d,1,0,27.393,14,0,0,0,0,0,13,3,28,0,0
SoM-GPT-5,agent,Mind2Web--a6f0434ce6aff5f9b03681241b03ad82,finance.yahoo.com,301a0a504116c19bbe8c046b631ab947,1,0,41.824,1177,593,1074,129,7,67,971,892,2515,67,34
SoM-GPT-5,agent,Mind2Web--415bf9da6f3db3a735ecbba3b0c76c15,www.akc.org,d7b7501d8f7d4b050a0c8a698e198863,1,0,32.159,199,101,54,26,1,13,22,208,402,0,0
SoM-GPT-5,agent,Mind2Web--a6f0434ce6aff5f9b03681241b03ad82,finance.yahoo.com,2fd51bee61e0a0cf584aab777736c60e,1,0,36.553,1369,937,1293,190,3,128,1276,1184,2974,38,27
SoM-GPT-5,agent,Mind2Web--415bf9da6f3db3a735ecbba3b0c76c15,www.akc.org,1ba3157e7983e93dbf205557fa8e6745,1,0,33.704,700,601,289,53,1,16,198,755,1429,14,18
SoM-GPT-5,agent,Mind2Web--8103786e0e5976ebf961bd062d5f39cd,www.mayoclinic.org,88a914a290e1909a8bc5f18285d0e28c,0,0,37.269,98,53,29,9,0,0,66,99,196,1,0
SoM-GPT-5,agent,Mind2Web--92160852a6bbbc165cee4e14ab0b1d59,www.ups.com,966dc259b7784635c82986ca93a79931,0,0,22.62,0,0,0,0,0,0,0,0,0,0,0
SoM-GPT-5,agent,Mind2Web--8103786e0e5976ebf961bd062d5f39cd,www.mayoclinic.org,42eeaa9fa8689f5c3b75b160e745ca66,0,0,38.766,103,56,32,9,0,0,68,104,206,1,0
SoM-GPT-5,agent,Mind2Web--92160852a6bbbc165cee4e14ab0b1d59,www.ups.com,5c1edb1dd56216e74814b89ac7cdb6e2,0,0,25.255,0,0,0,0,0,0,0,0,0,0,0
SoM-GPT-5,agent,Mind2Web--502e864440283214e0180645015f568b_110325,www.recreation.gov,0797f04ddba4a9c9de3d052d4dbf2d54,1,0,35.654,137,94,35,12,1,2,71,142,270,11,3
SoM-GPT-5,agent,Mind2Web--502e864440283214e0180645015f568b_110325,www.recreation.gov,2b47927ba26408f7e59abc66d259ea6d,1,0,39.36,155,112,35,12,3,3,67,155,309,14,0
SoM-GPT-5,agent,Mind2Web--7680a920359cb1a508fbddb001b98167,www.babycenter.com,154fb97ed02afcd2cf2c8a2cd1bad6cb,1,0,37.984,278,275,111,22,3,6,183,300,551,14,0
SoM-GPT-5,agent,Mind2Web--07ec4a12cba8090e2dc524d558ac7675,www.drugs.com,db78d45da62f13896a589196623bea6f,1,0,24.846,11,0,0,0,0,0,0,0,22,0,0
SoM-GPT-5,agent,Mind2Web--7680a920359cb1a508fbddb001b98167,www.babycenter.com,2cf53bf8f8b323414bcb4b69a37a11e9,1,0,36.047,217,215,82,23,1,6,149,230,428,9,0
SoM-GPT-5,agent,Mind2Web--07ec4a12cba8090e2dc524d558ac7675,www.drugs.com,978f11d0f823e032bad10b1963b322c6,1,0,22.65,11,0,0,0,0,0,0,0,22,0,0
SoM-GPT-5,agent,Mind2Web--987bad7c6d4726d64232a8a1c3386888,www.cars.com,dc50a4f108a8ba866eecfe422394d352,0,0,21.121,0,0,0,0,0,0,0,0,0,0,0
SoM-GPT-5,agent,Mind2Web--987bad7c6d4726d64232a8a1c3386888,www.cars.com,90c7bf07da6ee9e2e63a87369bb754ee,0,0,20.803,0,0,0,0,0,0,0,0,0,0,0
SoM-GPT-5,agent,Mind2Web--15be05973fba714e490cd9c884e4f072,ohio.gov,1c234c1c547dd914c9356cee3dac5cee,0,0,26.986,37,10,12,4,0,0,16,34,74,0,0
SoM-GPT-5,agent,Mind2Web--15be05973fba714e490cd9c884e4f072,ohio.gov,ae745183df4f61a198d435e2cb138b3d,1,0,28.967,67,20,25,4,0,0,33,63,134,0,0
SoM-GPT-5,agent,Mind2Web--3adeea7627f4343069f38adae40f73d0_110325,medicare.gov,cfa91a2df5234324556cf541724a0e5b,1,0,30.002,220,152,91,25,1,7,96,227,442,4,1
SoM-GPT-5,agent,Mind2Web--3adeea7627f4343069f38adae40f73d0_110325,medicare.gov,05ef6e4bae9fcb89308e4cf04a761003,1,0,25.947,221,152,91,25,1,7,97,228,444,4,1
SoM-GPT-5,agent,Mind2Web--c94551d2b18f9ad0ab31b0bd98ca42e3_121125,www.petfinder.com,c622626e72b5c2a61f8a0a6a393efacb,0,0,24.337,11,0,0,0,0,0,0,0,22,0,0
SoM-GPT-5,agent,Mind2Web--c94551d2b18f9ad0ab31b0bd98ca42e3_121125,www.petfinder.com,8ad7d4f0f1326c83f40ec97bce2b88d0,0,0,25.06,11,0,0,0,0,0,0,0,22,0,0
SoM-GPT-5,agent,Mind2Web--39c388cdc468688c8139cc2bb5157c13,www.cars.com,8eded75840e49a557e08814845403d4f,0,0,23.544,0,0,0,0,0,0,0,0,0,0,0
SoM-GPT-5,agent,Mind2Web--4e801ba102dfaf22c7cf7a126b107609,www.thumbtack.com,413128d93e6c1a672c47120a18d799a1,1,0,39.398,129,117,67,23,1,5,69,131,257,9,0
SoM-GPT-5,agent,Mind2Web--4e801ba102dfaf22c7cf7a126b107609,www.thumbtack.com,fce6b168c317fa08ea3aeb9bf1b73124,1,0,35.937,143,124,68,23,3,5,79,147,284,9,0
SoM-GPT-5,agent,Mind2Web--39c388cdc468688c8139cc2bb5157c13,www.cars.com,b711c1886906800cf16228544861ca30,0,0,23.327,0,0,0,0,0,0,0,0,0,0,0
SoM-GPT-5,agent,Mind2Web--c8d7f2aa7eb5dd074c48c9f76f8659ad,www.dmv.virginia.gov,bfcaab3f557db2fbd1016f4bed2f11c6,1,0,36.364,77,53,44,14,1,1,26,101,164,5,0
SoM-GPT-5,agent,Mind2Web--c8d7f2aa7eb5dd074c48c9f76f8659ad,www.dmv.virginia.gov,1ccbccea68e64134529deafb8dc6ee1b,1,0,43.265,108,84,45,15,1,1,27,132,229,5,0
SoM-GPT-5,agent,Mind2Web--fd787623166785d84093565bf945fd24,www.drugs.com,92475ccd6d013fde40d12d382682f73c,1,0,24.492,11,0,0,0,0,0,0,0,22,0,0
SoM-GPT-5,agent,Mind2Web--fd787623166785d84093565bf945fd24,www.drugs.com,1a4763c37c68f01cab52c99042bfc3cf,1,0,21.497,11,0,0,0,0,0,0,0,22,0,0
SoM-GPT-5,agent,Mind2Web--c3307a70bb12ebf56cc9ec926b368f15,www.drugs.com,f6d7c769da8d1cab0f83173836612c50,1,0,23.461,11,0,0,0,0,0,0,0,22,0,0
SoM-GPT-5,agent,Mind2Web--c3307a70bb12ebf56cc9ec926b368f15,www.drugs.com,5333dfd21d0b320596686f9e4edf7c52,1,0,22.86,11,0,0,0,0,0,0,5,22,0,0
SoM-GPT-5,agent,Mind2Web--9586827ad04ee2362f4f0076bf0f0468,www.drugs.com,701e053df8cc35ad1312e0861786cb9b,1,0,20.005,10,0,0,0,0,0,0,0,20,0,0
SoM-GPT-5,agent,Mind2Web--9586827ad04ee2362f4f0076bf0f0468,www.drugs.com,5783ce147755bf7b26c047888e450443,1,0,33.385,11,0,0,0,0,0,0,0,22,0,0
SoM-GPT-5,agent,Mind2Web--34992feb69eb8e788faa06868b365c49,www.dmv.virginia.gov,2f7703a65f90781625e9ca32d03f0534,1,0,56.09,92,65,50,13,3,1,36,123,195,8,0
SoM-GPT-5,agent,Mind2Web--34992feb69eb8e788faa06868b365c49,www.dmv.virginia.gov,dfc3c39805aaea72d7c5bb88df460c1b,1,0,42.714,74,56,47,13,3,1,25,103,153,7,0
SoM-GPT-5,agent,Mind2Web--47b93b9e649eadeb8d96a6e3df715c2d,www.mayoclinic.org,b8133dc7b1a19aa0a953fb6e633d164e,0,0,37.674,103,55,31,9,0,0,69,104,206,1,0
SoM-GPT-5,agent,Mind2Web--47b93b9e649eadeb8d96a6e3df715c2d,www.mayoclinic.org,eb50128875df7ff7c40e61d493af5ac6,0,0,35.013,99,54,30,9,0,0,66,100,198,1,0
SoM-GPT-5,agent,Mind2Web--3443e9c3151fef19a3c3a45eb2c13640,www.webmd.com,9f2668ecf7be5425a0ef19b48b5f56ab,1,0,32.262,754,744,653,180,3,116,583,807,1514,31,6
SoM-GPT-5,agent,Mind2Web--3443e9c3151fef19a3c3a45eb2c13640,www.webmd.com,c89c8f9f31944998511bbf51fa006352,1,0,36.926,933,922,770,186,3,123,730,994,1876,34,8
SoM-GPT-5,agent,Mind2Web--6b5be1764692d1dc8f17dc4375b2daa8,finance.yahoo.com,dafeec0d8c991be63e5d143981d3b348,1,0,39.034,1673,871,1574,160,15,93,1530,1254,3609,77,66
SoM-GPT-5,agent,Mind2Web--16200f51d63f0a47a58fa17acd49e368,cookpad.com,fae05000279470d8b2aba72a0d720b9e,1,0,35.518,75,49,19,4,2,1,29,77,150,2,0
SoM-GPT-5,agent,Mind2Web--6b5be1764692d1dc8f17dc4375b2daa8,finance.yahoo.com,b9f7b172cb142cce9c5479ba9c5268eb,1,0,41.849,1155,723,1094,177,3,113,1028,996,2415,36,28
SoM-GPT-5,agent,Mind2Web--16200f51d63f0a47a58fa17acd49e368,cookpad.com,58a234dd2dc79c1dbc630d0b898b8b9e,1,0,34.033,82,51,22,4,4,1,34,84,165,2,0
SoM-GPT-5,agent,Mind2Web--c2153fc053112e89c2f103869c4d6890,www.thumbtack.com,db58b3e1c35d1a59f35acb5d23b45f4d,1,0,35.466,126,118,63,23,1,4,64,126,247,9,0
SoM-GPT-5,agent,Mind2Web--c2153fc053112e89c2f103869c4d6890,www.thumbtack.com,b67cd4f6411ec777bdb50f8bc1371e4f,1,0,36.348,125,115,62,23,1,4,65,129,249,9,0
SoM-GPT-5,agent,Mind2Web--5e4e89c9b6fdaee7a41aca5601b82e04,www.drugs.com,610dab30b96cb6c7e510ad52863f4c5e,1,0,23.253,11,0,0,0,0,0,0,0,22,0,0
SoM-GPT-5,agent,Mind2Web--60cbbbd58eb9d28b053aef945f464228,www.bbb.org,7343735e1677300b58344e4e6f3430e0,1,0,17.813,229,215,166,5,5,3,65,205,476,0,0
SoM-GPT-5,agent,Mind2Web--5e4e89c9b6fdaee7a41aca5601b82e04,www.drugs.com,08eef442b169ccfd8e824167846dc21f,1,0,22.115,10,0,0,0,0,0,0,0,20,0,0
SoM-GPT-5,agent,Mind2Web--60cbbbd58eb9d28b053aef945f464228,www.bbb.org,4b64004e31a3a1b34f049bdd5ca46e39,1,0,28.153,394,384,306,5,3,5,94,377,830,1,0
SoM-GPT-5,agent,Mind2Web--8f80e64e44e1fada018997b2fe869683_110325,9gag.com,1c51d06f9e0e8751db23428582873e84,1,0,63.084,629,597,564,166,1,101,563,670,1258,8,3
SoM-GPT-5,agent,Mind2Web--65c4030f22fb6eb101acfee4825f1318,www.mayoclinic.org,6e20a3482372521096ff0784c126a994,0,0,36.895,99,55,31,9,0,0,65,100,198,1,0
SoM-GPT-5,agent,Mind2Web--6ca20f1da01edeb49a7a42c816d8c6fe,www.gov.uk,3cf16f254816c3145ea3aea0328c1448,0,0,32.744,27,0,0,0,0,0,11,22,54,0,0
SoM-GPT-5,agent,Mind2Web--8f80e64e44e1fada018997b2fe869683_110325,9gag.com,3058988e112c7cb262091710b94425e4,1,0,96.133,2469,2426,2195,299,5,216,2107,2538,4932,13,23
SoM-GPT-5,agent,Mind2Web--65c4030f22fb6eb101acfee4825f1318,www.mayoclinic.org,6feb55f6a57f76e4c74effcffca572db,0,0,42.696,101,56,32,9,0,0,66,102,202,1,0
SoM-GPT-5,agent,Mind2Web--6ca20f1da01edeb49a7a42c816d8c6fe,www.gov.uk,b5aa48f076976150bcc4fc59bf1682e8,0,0,29.454,27,0,0,0,0,0,11,22,54,0,0
SoM-GPT-5,agent,Mind2Web--2e4e21cf1449c6894b17d571c47b77ea,www.adoptapet.com,71cca435127a77d2ee92b7d4774533f6,1,0,38.464,179,121,91,28,1,5,91,199,362,8,4
SoM-GPT-5,agent,Mind2Web--2e4e21cf1449c6894b17d571c47b77ea,www.adoptapet.com,ac741669e7db2b3861695599741ea4d5,1,0,39.492,131,73,40,14,1,3,79,152,264,3,2
SoM-GPT-5,agent,Mind2Web--4639a54f3ab549864fd8d60b7398b1e1,www.adoptapet.com,e4cc04942f37660fbe6d00f3ee4d2dbd,1,0,40.075,151,93,61,21,1,6,89,169,305,7,4
SoM-GPT-5,agent,Mind2Web--1df24ec81137386d6476bcf343a79012,www.bestbuy.com,447bc2e558c4d586ed01576c075fb0fc,1,0,66.453,74,40,41,3,0,0,33,73,148,0,0
SoM-GPT-5,agent,Mind2Web--9af05e392cf3f5a8ff17aa764ba5bda6,www.bbb.org,a1f2165b7c7b03a9f5f1e33002c6158b,1,0,10.35,44,30,7,3,5,1,16,25,97,0,0
SoM-GPT-5,agent,Mind2Web--1df24ec81137386d6476bcf343a79012,www.bestbuy.com,6e3f8fa0cc98efa2a56d4472bb3a8b2d,0,0,69.493,69,41,40,2,0,0,27,68,138,0,0
SoM-GPT-5,agent,Mind2Web--4639a54f3ab549864fd8d60b7398b1e1,www.adoptapet.com,c35c1d723e5045acbb239620cb0010d0,1,0,38.65,213,150,114,31,3,8,119,249,432,11,6
SoM-GPT-5,agent,Mind2Web--9af05e392cf3f5a8ff17aa764ba5bda6,www.bbb.org,72a8fc9240cb9471545c89fe653b25e2,1,0,25.899,225,199,150,5,11,3,78,189,471,0,0
SoM-GPT-5,agent,Mind2Web--627f7a18d85f29a687234f1ade4585c2,www.nba.com,2e39d0e3e2095a8e9af99449603bd312,0,0,22.263,0,0,0,0,0,0,0,0,0,0,0
SoM-GPT-5,agent,Mind2Web--627f7a18d85f29a687234f1ade4585c2,www.nba.com,f464bd44e51c63f8c4b8222855421a07,0,0,39.357,0,0,0,0,0,0,0,0,0,0,0
SoM-GPT-5,agent,Mind2Web--0b838cd54f826c59c71f600c56b89a11,www.bbb.org,083d8b400d555d07d6ae3f2fe64061b8,1,0,27.922,84,50,17,3,15,1,41,45,187,0,0
SoM-GPT-5,agent,Mind2Web--0b838cd54f826c59c71f600c56b89a11,www.bbb.org,f56f79beead7a0b417ccb434028326ac,1,0,23.909,85,51,17,3,15,1,41,47,190,0,0
SoM-GPT-5,agent,Mind2Web--52efbab520734ef9bf7c09ba0f62cdc8,www.recreation.gov,a00776c365531a608e9097a115154e52,1,0,39.364,125,86,27,12,1,1,53,127,243,5,0
SoM-GPT-5,agent,Mind2Web--5dec0e6620849459f29e6465982c597e,www.bestbuy.com,7b748fa054d4b8a7b41cf38a78f9c2cb,1,0,64.645,76,41,42,3,0,0,34,75,152,0,0
SoM-GPT-5,agent,Mind2Web--5dec0e6620849459f29e6465982c597e,www.bestbuy.com,9d383953a641a194cd6bfb3ed6248e1c,1,0,65.307,76,41,42,3,0,0,34,75,152,0,0
SoM-GPT-5,agent,Mind2Web--b1ce968a361e1088ce8d2ade6c2c9af0,www.petfinder.com,b97488718c6c45b615104ea5291e91ea,0,0,25.507,7,0,0,0,0,0,0,0,14,0,0
SoM-GPT-5,agent,Mind2Web--b1ce968a361e1088ce8d2ade6c2c9af0,www.petfinder.com,f7831397f7a3ea15d9c2ced5cfdeb208,1,0,23.335,9,0,0,0,0,0,0,0,18,0,0
SoM-GPT-5,agent,Mind2Web--52efbab520734ef9bf7c09ba0f62cdc8,www.recreation.gov,71e92adc4bba416fe14de387d6f7026e,0,0,38.296,124,84,27,12,1,1,43,125,241,5,0
SoM-GPT-5,agent,Mind2Web--23204728192da9f73197a613d9681c18,www.mayoclinic.org,18e7a8ec3f3095d7bc7210a88d27cd70,0,0,34.544,104,56,32,9,0,0,69,105,208,1,0
SoM-GPT-5,agent,Mind2Web--23204728192da9f73197a613d9681c18,www.mayoclinic.org,acbb99a94a837d376eecef5b6910bbb6,1,0,37.898,138,79,45,9,3,5,86,140,278,1,0
SoM-GPT-5,agent,Mind2Web--a69d2934fe54fef165490a5a2d95bf38,cookpad.com,da56ad1ce394ca9207d68e280eb67843,1,0,39.903,100,85,25,7,2,1,22,100,198,2,0
SoM-GPT-5,agent,Mind2Web--e9f4dfc67e0e6aa37f05f7cc5aa7428c,www.healthgrades.com,98022b9d0d69c93532361a61bc852146,0,0,5.475,4,3,4,2,0,0,0,3,8,0,0
SoM-GPT-5,agent,Mind2Web--e9f4dfc67e0e6aa37f05f7cc5aa7428c,www.healthgrades.com,4478ab8076dbd8e5ba108232d3d82d67,0,0,15.417,7,3,7,2,0,0,0,3,14,0,0
SoM-GPT-5,agent,Mind2Web--a69d2934fe54fef165490a5a2d95bf38,cookpad.com,03c55586fe25616712720312c0d5a01f,1,0,32.247,52,43,9,4,1,1,10,50,104,1,0
SoM-GPT-5,agent,Mind2Web--2218042362d8fae73756eb309848c2b2,www.cars.com,4df61881b608282edfda91e29fe164f8,0,0,24.188,0,0,0,0,0,0,0,0,0,0,0
SoM-GPT-5,agent,Mind2Web--2218042362d8fae73756eb309848c2b2,www.cars.com,eebc37880a6de7f786e6eadeeeac55b1,0,0,23.335,0,0,0,0,0,0,0,0,0,0,0
SoM-GPT-5,agent,Mind2Web--ba2a469af584f16da93ce6a7430cf7e5,www.coursera.org,683c9379c1fc3285b130caa156813d9a,1,0,29.944,256,189,176,28,1,4,119,264,512,14,0
SoM-GPT-5,agent,Mind2Web--26784156ae9859a0dd6c5920eb106f91,www.apartments.com,a95e73dafc53b02c5e82be402aedf75f,0,0,22.51,11,0,0,0,0,0,10,0,22,0,0
SoM-GPT-5,agent,Mind2Web--ba2a469af584f16da93ce6a7430cf7e5,www.coursera.org,a1a33f00f847e0d2f198449215bfa19e,1,0,30.153,567,493,463,37,5,7,328,674,1143,43,2
SoM-GPT-5,agent,Mind2Web--26784156ae9859a0dd6c5920eb106f91,www.apartments.com,1fbdb74837d8473f6fb55d66aa161397,1,0,25.236,11,0,0,0,0,0,10,0,22,0,0
SoM-GPT-5,agent,Mind2Web--47e314cc452c540524ffb7cf520285a3,www.recreation.gov,854f3a5cbba590eb70707a14e1d8c6b0,1,0,31.347,276,206,105,10,14,2,165,299,579,55,17
SoM-GPT-5,agent,Mind2Web--47e314cc452c540524ffb7cf520285a3,www.recreation.gov,d3d47a3986925e6920e3489701f447eb,1,0,29.967,257,188,87,11,18,2,146,270,534,42,11
SoM-GPT-5,agent,Mind2Web--6b2cfae0ef25c73d1224b6ab74cb8b63,www.nba.com,c976cc516b822cc1f29c46b210d70544,0,0,22.97,0,0,0,0,0,0,0,0,0,0,0
SoM-GPT-5,agent,Mind2Web--271b36efd4346721b5542488ff997042,www.bestbuy.com,26531cda551ba7041053f0a41766802c,1,0,65.296,76,41,42,3,0,0,34,75,152,0,0
SoM-GPT-5,agent,Mind2Web--6b2cfae0ef25c73d1224b6ab74cb8b63,www.nba.com,7589e68697d489a3c461cdb0b59c11a2,0,0,23.231,0,0,0,0,0,0,0,0,0,0,0
SoM-GPT-5,agent,Mind2Web--271b36efd4346721b5542488ff997042,www.bestbuy.com,0ad4cd3d9ab9dc308ed0c677d9a2b1ab,0,0,59.197,66,41,40,2,0,0,24,65,132,0,0
SoM-GPT-5,agent,Mind2Web--0a54069a0ef542e571d1fee7f39c93d5,www.adoptapet.com,e177788e99874e364550732520dda288,1,0,32.126,176,118,81,28,1,6,108,201,355,8,3
SoM-GPT-5,agent,Mind2Web--0a54069a0ef542e571d1fee7f39c93d5,www.adoptapet.com,ebdfb25b2bf5ddd3984bd0b52ac8b17f,1,0,35.965,254,186,136,31,3,9,156,287,515,16,7
SoM-GPT-5,agent,Mind2Web--4e3f6a538cc1f7321cfc50260db9545d,www.theweathernetwork.com,9d899f46cbeb7a6614a02b7d722d8105,1,0,32.322,501,451,335,131,1,81,347,511,1007,3,4
SoM-GPT-5,agent,Mind2Web--f00e7accfb4a5e09680bdb326e6274ad,www.accuweather.com,0ac37bede02149cca05d63b69131821c,0,0,27.77,0,0,0,0,0,0,0,0,0,0,0
SoM-GPT-5,agent,Mind2Web--f00e7accfb4a5e09680bdb326e6274ad,www.accuweather.com,9472e38154552e9c9473b1d5df6d115b,0,0,21.607,0,0,0,0,0,0,0,0,0,0,0
SoM-GPT-5,agent,Mind2Web--4e3f6a538cc1f7321cfc50260db9545d,www.theweathernetwork.com,8c8290f3b39dc84a02cef1fa0c5e6938,1,0,35.628,560,510,400,135,1,82,398,572,1124,4,6
SoM-GPT-5,agent,Mind2Web--547f5729c59d5d12a457a3ebb74c31c6_010226,www.apartments.com,bb1d646b91702e93f40712faa731e294,1,0,20.886,11,0,0,0,0,0,10,0,22,0,0
SoM-GPT-5,agent,Mind2Web--6174e5ddd40cfbdc33ee1502f40bac39,www.recreation.gov,0ce36e8102be18e72263ae10250dd53e,1,0,29.12,416,335,128,12,18,4,268,446,850,61,17
SoM-GPT-5,agent,Mind2Web--6174e5ddd40cfbdc33ee1502f40bac39,www.recreation.gov,25de63d4d130c9b3a706a3574d7610e4,1,0,40.761,148,106,45,12,3,3,70,154,300,17,5
SoM-GPT-5,agent,Mind2Web--547f5729c59d5d12a457a3ebb74c31c6_010226,www.apartments.com,95f2a6f2254c784ac782499004e87584,1,0,23.928,11,0,0,0,0,0,10,0,22,0,0
SoM-GPT-5,agent,Mind2Web--0b2623e9fa5cea997f76490bcbc5220f,www.petfinder.com,1da742097fc90feb2b13f775e06035a4,0,0,24.614,11,0,0,0,0,0,0,0,22,0,0
SoM-GPT-5,agent,Mind2Web--0b2623e9fa5cea997f76490bcbc5220f,www.petfinder.com,c5939d7cad27492e28adaaebd331f370,0,0,22.896,11,0,0,0,0,0,0,0,22,0,0
SoM-GPT-5,agent,Mind2Web--3ae28b3c440efe87dc700480b78ac608,www.healthgrades.com,774829726057ac20e835d982d06fdb90,1,0,11.316,169,166,157,4,2,2,51,165,346,0,0
SoM-GPT-5,agent,Mind2Web--3ae28b3c440efe87dc700480b78ac608,www.healthgrades.com,ce12ab30b5dfdf7d99b63954ee47b89a,1,0,21.847,369,363,341,4,4,2,107,361,755,0,0
SoM-GPT-5,agent,Mind2Web--0632e496d37badee0350dad358f047c5,cookpad.com,0f97fec49cb372ab3dd1bbdcf61455e3,1,0,29.68,55,43,11,4,2,1,13,54,110,1,0
SoM-GPT-5,agent,Mind2Web--aafd1fddea1558466ac6133934d35156,www.apartments.com,33c0bd3fd84a7cca33fa19d35b0dde1d,1,0,22.01,11,0,0,0,0,0,10,0,22,0,0
SoM-GPT-5,agent,Mind2Web--0632e496d37badee0350dad358f047c5,cookpad.com,d142c4753558743c84fc62440dd8deb2,1,0,33.771,59,44,15,4,2,1,18,58,118,1,0
SoM-GPT-5,agent,Mind2Web--aafd1fddea1558466ac6133934d35156,www.apartments.com,eb1be3b655f8b40c04913743c82048c6,1,0,27.688,11,0,0,0,0,0,10,0,22,0,0
SoM-GPT-5,agent,Mind2Web--246d654fab7c31d9651007e39e75f74f,www.recreation.gov,2d6ca802e9627129bea463107b4401a5,0,0,48.077,134,92,34,12,1,1,58,135,264,8,0
SoM-GPT-5,agent,Mind2Web--246d654fab7c31d9651007e39e75f74f,www.recreation.gov,f346572bf69a27bafa71b0f84bbb2a19,0,0,49.222,117,80,26,12,1,1,51,119,226,4,0
SoM-GPT-5,agent,Mind2Web--690d7b4a285fdb1e9dabf973bf46ae4d,craigslist.org,74246da7d08c8fb6f49854393921913a,1,0,39.842,31,0,0,0,0,0,26,30,64,0,0
SoM-GPT-5,agent,Mind2Web--690d7b4a285fdb1e9dabf973bf46ae4d,craigslist.org,bb6edf794e874627084ffb611872549e,1,0,32.243,42,0,0,0,0,0,37,45,89,0,0
SoM-GPT-5,agent,Mind2Web--c43a7dccf5c44f7b45a821e712dd1970,www.healthline.com,69f2e0ee659039c778c97fd70bf9815e,1,0,34.059,209,204,138,59,1,12,78,213,410,9,1
SoM-GPT-5,agent,Mind2Web--c43a7dccf5c44f7b45a821e712dd1970,www.healthline.com,b2a3b0a71bb0d10ef2ef5a3a211e5a6e,1,0,33.053,212,207,138,58,1,12,74,216,414,9,1
SoM-GPT-5,agent,Mind2Web--d5c34bf39eb6096ae5d439325cde4d32,www.dmv.virginia.gov,9f610d7c4a1209468bc86e70f43cd660,1,0,36.496,70,47,38,13,1,1,23,91,150,4,0
SoM-GPT-5,agent,Mind2Web--d5c34bf39eb6096ae5d439325cde4d32,www.dmv.virginia.gov,9ebcb40c66b43c7eb53b477afc613159,1,0,39.608,74,51,42,15,1,1,23,95,158,4,0
SoM-GPT-5,agent,Mind2Web--180ed2ec377ef3a4af9035a21522091a,umich.edu,2ce720124f37caf97ec538adb4b517f5,1,0,37.802,102,11,17,4,1,1,96,90,204,0,42
SoM-GPT-5,agent,Mind2Web--180ed2ec377ef3a4af9035a21522091a,umich.edu,f30f28f50f039a11c3861ba92a2b653b,1,0,35.642,105,11,17,4,1,1,99,93,210,0,42
SoM-GPT-5,agent,Mind2Web--c521933dad9c0ef9f1dfa2f38b8e4405,www.accuweather.com,83c0af38bbab07b8bb111526fa7f9b67,0,0,21.054,0,0,0,0,0,0,0,0,0,0,0
SoM-GPT-5,agent,Mind2Web--c521933dad9c0ef9f1dfa2f38b8e4405,www.accuweather.com,a0543b6a0d91e520d8ca971d5879163a,0,0,22.805,0,0,0,0,0,0,0,0,0,0,0
SoM-GPT-5,agent,Mind2Web--9b5dfe54a1c14c5c6336bae7374c3bb5,www.ups.com,7147119ebc8b5499ae0d3d419bd08538,0,0,23.584,0,0,0,0,0,0,0,0,0,0,0
SoM-GPT-5,agent,Mind2Web--9b5dfe54a1c14c5c6336bae7374c3bb5,www.ups.com,96692683087f26e299d6de622cd632f3,0,0,25.126,0,0,0,0,0,0,0,0,0,0,0
SoM-GPT-5,agent,Mind2Web--c073ac1bcf40f84c599affc97edbc396,www.apartments.com,d4ada829ccfb9c03328ad3fc87acf477,0,0,23.206,11,0,0,0,0,0,10,0,22,0,0
SoM-GPT-5,agent,Mind2Web--c073ac1bcf40f84c599affc97edbc396,www.apartments.com,87cf487463a17b466d6bafd2aee81c3e,1,0,23.687,9,0,0,0,0,0,8,0,18,0,0
SoM-GPT-5,agent,Mind2Web--73d08420706ae205a9c5be28b6d4e80f,www.recreation.gov,2b03ca739b44cbd9f55aa4ac1f285ad3,0,0,56.069,130,88,30,12,1,1,48,131,255,7,1
SoM-GPT-5,agent,Mind2Web--73d08420706ae205a9c5be28b6d4e80f,www.recreation.gov,d484e822ae150f235d875a322fcdc78a,1,0,58.229,140,94,32,12,1,2,55,141,275,9,1
SoM-GPT-5,agent,Mind2Web--0a0fa834ce41b5297c6474293383759d_110325,www.carnival.com,d9dbcfdb5e64f8afd72236498231b924,1,0,84.336,142,7,4,2,2,1,134,160,285,0,0
SoM-GPT-5,agent,Mind2Web--a13e4231a3d6a7000c622c56448d97ba,www.airbnb.com,097dc106e445a841aba61c96812f3ef3,1,0,59.834,265,219,73,21,3,8,96,301,636,45,28
SoM-GPT-5,agent,Mind2Web--0a0fa834ce41b5297c6474293383759d_110325,www.carnival.com,5c0883c90c89ddf75bfb8f534d795b67,1,0,69.947,210,77,63,17,3,3,145,225,425,2,6
SoM-GPT-5,agent,Mind2Web--a13e4231a3d6a7000c622c56448d97ba,www.airbnb.com,ce3492b91b004486e0efeede2ddb4ee4,1,0,39.872,262,198,63,13,3,4,82,272,684,65,14
SoM-GPT-5,agent,Mind2Web--bb518416a786fdb9b9bbf0c78515595e,www.osu.edu,2e926fa52d77a9eaa9079c5c678ad715,1,0,48.294,150,98,67,18,1,3,75,164,304,5,5
SoM-GPT-5,agent,Mind2Web--bb518416a786fdb9b9bbf0c78515595e,www.osu.edu,0df6e4d646fab7ca1ac83084dcfe5c7c,1,0,56.542,344,270,156,33,3,5,199,392,695,20,9
SoM-GPT-5,agent,Mind2Web--b99c02965196d51e80ac7539e33f335b,www.berkeley.edu,a4cd8e40a5b9f4fa335d11c73ebe846c,0,0,38.076,82,54,23,11,1,1,59,85,168,0,2
SoM-GPT-5,agent,Mind2Web--b99c02965196d51e80ac7539e33f335b,www.berkeley.edu,25398bfe0cf32707e19f88bf1d3fb670,1,0,39.705,97,69,32,11,1,1,68,99,199,0,2
SoM-GPT-5,agent,Mind2Web--27fa3ac20745d3d35e89fae157f63069,www.stanford.edu,4f2990b4564b685ec9ea43f8176c363f,1,0,43.902,135,87,67,14,0,0,35,176,272,6,0
SoM-GPT-5,agent,Mind2Web--27fa3ac20745d3d35e89fae157f63069,www.stanford.edu,bc44374eb14a76074019bcaa768a191e,1,0,48.238,153,94,73,14,2,1,50,208,309,9,0
SoM-GPT-5,agent,Mind2Web--b4aa7315e31dfcdc52baf7771be260c9,www.nvidia.com,ff3a6a6e254957f26b32736fedcd1eef,1,0,42.969,92,41,25,5,0,0,51,88,183,0,0
SoM-GPT-5,agent,Mind2Web--442a450e696a96085257db6297891a4d,www.chase.com,134b36f21588cdcf95f417a330b4c5f5,1,0,28.891,70,34,15,4,2,2,58,82,208,1,1
SoM-GPT-5,agent,Mind2Web--b4aa7315e31dfcdc52baf7771be260c9,www.nvidia.com,1ec3e99f91dcc438582545ab8a777a0a,0,0,42.187,57,27,12,4,0,0,30,55,114,0,0
SoM-GPT-5,agent,Mind2Web--442a450e696a96085257db6297891a4d,www.chase.com,178ddd247ad208ffd266400538d8dbd4,1,0,27.165,86,46,22,4,2,2,72,105,257,2,2
SoM-GPT-5,agent,Mind2Web--9ed3827266b3b804f485859c3d00401e,www.chase.com,5be8db6945e27b1f609279c327e9664d,1,0,26.78,148,85,47,12,3,7,129,176,424,3,3
SoM-GPT-5,agent,Mind2Web--9ed3827266b3b804f485859c3d00401e,www.chase.com,87919012a1d9ab577ad4ea84bdd9f83f,0,0,27.122,79,39,19,4,0,0,70,97,241,2,2
SoM-GPT-5,agent,Mind2Web--c801d1c951f59297f526bab84fa86c6e,store.steampowered.com,5f1316b15aeb99d4b34fd275a79be1f7,0,0,22.521,0,0,0,0,0,0,0,0,0,0,0
SoM-GPT-5,agent,Mind2Web--c801d1c951f59297f526bab84fa86c6e,store.steampowered.com,97f0336a7148859df6f2d348064c4fed,0,0,21.874,0,0,0,0,0,0,0,0,0,0,0
SoM-GPT-5,agent,Mind2Web--afcebfed28bea091d58f49ea6cb8194b,www.cvs.com,d8414cedea54f2c62c8b0bb2f968b6d6,0,0,30.344,10,0,0,0,0,0,9,0,20,0,0
SoM-GPT-5,agent,Mind2Web--7c09c2c7c87cf6bb1138701eb54284ea,phys.org,ea61d9ed83ba3f249989c1e0c74b3695,1,0,42.086,225,220,207,25,2,8,21,228,452,1,1
SoM-GPT-5,agent,Mind2Web--7c09c2c7c87cf6bb1138701eb54284ea,phys.org,cac09629027a511a4a73897f13522a24,1,0,49.276,428,419,406,35,5,14,54,435,859,1,2
SoM-GPT-5,agent,Mind2Web--afcebfed28bea091d58f49ea6cb8194b,www.cvs.com,4a7cf858aa9da6ef522d00c3b892f218,0,0,31.39,8,0,0,0,0,0,7,0,16,0,0
SoM-GPT-5,agent,Mind2Web--64345c365f544375357c7b67917f08a0_110325,www.us-appliance.com,5bd1bd380a7693b08713c6680233877f,1,0,48.355,656,610,196,28,9,8,434,771,1312,20,0
SoM-GPT-5,agent,Mind2Web--64345c365f544375357c7b67917f08a0_110325,www.us-appliance.com,b2d6abbb48aabf6039dfe192bc2b1555,1,0,49.252,897,831,247,30,11,8,618,1039,1792,27,0
SoM-GPT-5,agent,Mind2Web--ab6ee3b83aab6cd283320f5e01003cff,www.apple.com,803d3d46cd349358ed575be040dc0742,1,0,32.057,227,7,16,2,2,1,226,237,470,5,0
SoM-GPT-5,agent,Mind2Web--33bd2cdcea4fcc42a09a8a1e4e5841c6_110325,raisingcanes.com,14f0e3166e872c2f5310339e6a842870,0,0,33.768,3,1,0,0,0,0,1,0,6,0,0
SoM-GPT-5,agent,Mind2Web--33bd2cdcea4fcc42a09a8a1e4e5841c6_110325,raisingcanes.com,d433212a53bfde70f2504d6354f645bb,0,0,29.562,3,1,0,0,0,0,1,0,6,0,0
SoM-GPT-5,agent,Mind2Web--ab6ee3b83aab6cd283320f5e01003cff,www.apple.com,6849d5b92f169e8e55b3269badb70114,1,0,39.636,162,6,11,2,2,1,161,171,332,4,0
SoM-GPT-5,agent,Mind2Web--fa9adb815b85d259f943d81874a052e5,soundcloud.com,59b565e094dd5c723b6ce1de6aaba20a,0,0,30.067,0,0,0,0,0,0,0,0,0,0,0
SoM-GPT-5,agent,Mind2Web--47186fac8e7c7277af01144644eb4e0b_121125,www.parkers.co.uk,2d6aba7f44f49a6747b097029791344c,1,0,41.217,729,697,629,155,3,95,597,779,1449,14,9
SoM-GPT-5,agent,Mind2Web--47186fac8e7c7277af01144644eb4e0b_121125,www.parkers.co.uk,4b537bac3c22fac04a956a4989e2b62f,1,0,44.346,904,873,797,181,5,124,711,979,1809,18,18
SoM-GPT-5,agent,Mind2Web--fa9adb815b85d259f943d81874a052e5,soundcloud.com,47572dc6f55887d2c8c72f5001fa476d,0,0,22.378,0,0,0,0,0,0,0,0,0,0,0
SoM-GPT-5,agent,Mind2Web--b922508886ded315c9835457a6eb43ea,jobs.chronicle.com,76ec44364f6087d86723b760311793da,1,0,37.76,87,52,45,21,1,4,20,90,176,0,2
SoM-GPT-5,agent,Mind2Web--b922508886ded315c9835457a6eb43ea,jobs.chronicle.com,a2dd0ed5d04aa5b96d9cb2d3cb83dbd9,1,0,42.856,170,100,85,22,3,5,92,178,345,3,2
SoM-GPT-5,agent,Mind2Web--5d542a7ec1fa142ba73cc87d970caf39,dblp.org,7444f704de5dd709425b931d287ed96f,1,0,38.352,108,0,0,0,0,0,41,106,216,0,0
SoM-GPT-5,agent,Mind2Web--864244b6969e0f8733b0eb1ca06cd51f,www.espn.com,4b4d2e93a52bed601ee1c3ae1df5c95b,1,0,40.69,607,602,342,113,3,66,288,692,1306,9,38
SoM-GPT-5,agent,Mind2Web--5d542a7ec1fa142ba73cc87d970caf39,dblp.org,7758c09508bfb027936bfaf7ece43aac,1,0,46.267,118,0,0,0,0,0,51,116,236,0,0
SoM-GPT-5,agent,Mind2Web--864244b6969e0f8733b0eb1ca06cd51f,www.espn.com,61502be2f7141271cd0c60242ca0018a,1,0,37.08,550,543,210,84,5,51,169,616,1170,0,16
SoM-GPT-5,agent,Mind2Web--01abae9608f2d8752a83e08f136f720c,www.cboe.com,8d952267ba6cb05cd12df773d227edb7,1,0,31.546,382,202,139,39,12,13,263,569,765,27,0
SoM-GPT-5,agent,Mind2Web--01abae9608f2d8752a83e08f136f720c,www.cboe.com,9541323e5348830973a84dd519f558e6,1,0,30.052,315,137,101,37,8,10,229,492,631,24,2
SoM-GPT-5,agent,Mind2Web--da8f3823a827c7d3a492f383808e7912,www.instructure.com,1cbc092b72cb92e8386b3971d636192a,1,0,40.433,331,193,150,57,1,12,120,376,665,74,3
SoM-GPT-5,agent,Mind2Web--8689af4d33ce00bf2cdd8987d3bbfd86,www.apple.com,ed702a260c31bb2df8400f9915c7c280,1,0,35.682,178,125,15,4,2,1,57,193,366,5,2
SoM-GPT-5,agent,Mind2Web--8689af4d33ce00bf2cdd8987d3bbfd86,www.apple.com,06186f6b4ce7ae40b95c5fcbf3a93f1a,1,0,32.826,82,3,6,2,2,1,81,86,170,1,0
SoM-GPT-5,agent,Mind2Web--da8f3823a827c7d3a492f383808e7912,www.instructure.com,dbd5aa84c2753134702770ee4d9d477d,1,0,50.223,366,226,173,54,3,12,148,418,740,80,5
SoM-GPT-5,agent,Mind2Web--3dca7cbe7d086619d837ff9f5312cebc_110325,zara.com,308d3ccc39490fdcbc0e54a3c353bf53,1,0,34.621,11,5,0,0,7,1,7,0,22,0,0
SoM-GPT-5,agent,Mind2Web--78f397336b6fd1cbba0127db7a8cd502,www.redbull.com,c62702d8d2c8b36186afc9628dd169ab,1,0,61.881,196,121,10,6,0,0,113,263,401,0,2
SoM-GPT-5,agent,Mind2Web--78f397336b6fd1cbba0127db7a8cd502,www.redbull.com,b214f10596d787437156631269defad7,1,0,56.342,161,93,11,5,0,0,94,207,330,0,2
SoM-GPT-5,agent,Mind2Web--3dca7cbe7d086619d837ff9f5312cebc_110325,zara.com,ef4a01d20e9d1da7e31d86be302d54d6,1,0,29.315,11,0,0,0,0,0,9,0,22,0,0
SoM-GPT-5,agent,Mind2Web--78baf9dbe7c3532f7d7ef4cc22a7f065_121125,www.statista.com,e65dc3e8fd2fa0cc3890620350c94861,1,0,40.78,106,67,21,4,2,2,47,99,215,0,0
SoM-GPT-5,agent,Mind2Web--b962927dfe03bf2274a54381127ed433,bandcamp.com,653dbe56a4cbfe177517edfb402a1e0a,1,0,58.181,161,151,7,4,1,4,5,158,320,1,0
SoM-GPT-5,agent,Mind2Web--b962927dfe03bf2274a54381127ed433,bandcamp.com,f7314d64bc78e658880fe247f275852e,1,0,51.511,172,162,8,4,1,4,5,169,342,1,0
SoM-GPT-5,agent,Mind2Web--78baf9dbe7c3532f7d7ef4cc22a7f065_121125,www.statista.com,9724a78c09dd701dbbf5cae190c7f2e3,1,0,38.138,105,66,21,4,2,2,47,98,213,0,0
SoM-GPT-5,agent,Mind2Web--c7c07ec10c668625a21ba64165d719bb,www.verizon.com,0f01f18fb849c1a6625a3a48619674ce,1,0,40.736,1139,1066,783,80,19,41,659,1225,2285,101,49
SoM-GPT-5,agent,Mind2Web--c7c07ec10c668625a21ba64165d719bb,www.verizon.com,392c25e86cbea2973a9add1c551cf204,1,0,45.993,1130,1053,821,81,19,41,722,1231,2268,106,50
SoM-GPT-5,agent,Mind2Web--512fd4deab099b8dc0dcfc0ec48a3c63,github.com,9cad07803ac98cea75ebcbe4cec0131d,0,0,30.143,240,225,13,2,0,0,14,238,480,0,0
SoM-GPT-5,agent,Mind2Web--512fd4deab099b8dc0dcfc0ec48a3c63,github.com,199aeabb9b10f3be6a543e1932a34b48,1,0,38.516,181,153,12,2,0,0,27,178,362,0,0
SoM-GPT-5,agent,Mind2Web--d9d8b7d84a3f8d057e368254fe8d65e2,github.com,caa67e51103a7f0a9df60adc9e47cbf3,1,0,37.279,356,253,44,2,0,0,102,352,712,0,1
SoM-GPT-5,agent,Mind2Web--157f4a79d55e8fa3fd55ba772ba40fbc,www.disney.com,bf7c0b7fc9897c8d1a32fe43f18a50fa,1,0,30.413,345,343,303,2,1,4,82,344,720,1,0
SoM-GPT-5,agent,Mind2Web--157f4a79d55e8fa3fd55ba772ba40fbc,www.disney.com,9cdcc9fbce9525b64be1994f366aab86,0,0,29.287,4,0,0,0,0,0,0,0,8,0,0
SoM-GPT-5,agent,Mind2Web--d9d8b7d84a3f8d057e368254fe8d65e2,github.com,2cb47ac3136fbbf043adda0e722d6b8b,1,0,58.206,369,203,71,2,0,0,165,366,738,0,0
SoM-GPT-5,agent,Mind2Web--62c8d970b3d13891f355911e5a8f4030,store.steampowered.com,e93a0befe56e828f707b94433db11cf6,0,0,25.114,0,0,0,0,0,0,0,0,0,0,0
SoM-GPT-5,agent,Mind2Web--62c8d970b3d13891f355911e5a8f4030,store.steampowered.com,1960a3b8fddd9aa927af979f463059f2,0,0,31.72,0,0,0,0,0,0,0,0,0,0,0
SoM-GPT-5,agent,Mind2Web--11857213ca01510f12813740afd59918_110325,www.birkenstock.com,b792370303efd2310e873f50d6cba881,1,0,49.254,224,153,85,20,3,2,223,259,452,8,0
SoM-GPT-5,agent,Mind2Web--11857213ca01510f12813740afd59918_110325,www.birkenstock.com,034d18f0ad21b0660c36847cd3e04ce5,1,0,43.813,139,100,60,21,1,2,145,158,273,4,0
SoM-GPT-5,agent,Mind2Web--47bfe8a7e0e4e7efc837287b407fbe90,versus.com,f887907c6f6755256657d64a6f104bd5,1,0,58.63,1003,999,914,184,3,141,721,1057,2024,0,1
SoM-GPT-5,agent,Mind2Web--bb314cb80f0f8489135cbf59074d11e2,iclr.cc,5fc38076bdbf2ee2bb49d6e3e278bb03,1,0,39.962,37,14,0,0,0,0,22,24,74,0,0
SoM-GPT-5,agent,Mind2Web--47bfe8a7e0e4e7efc837287b407fbe90,versus.com,60758757651c991a5d2f03fc1e0f1b8f,1,0,60.825,992,988,880,189,3,136,652,1071,2005,0,3
SoM-GPT-5,agent,Mind2Web--bb314cb80f0f8489135cbf59074d11e2,iclr.cc,84e4b6bb4bff18c48babcf81a450a604,1,0,46.553,37,14,0,0,0,0,22,24,74,0,0
SoM-GPT-5,agent,Mind2Web--1aeca99e6a60b0e3aefb3ef212bdce79,www.ca.gov,88025fe28001a6c89904a89a36f9bd15,1,0,35.888,52,23,21,2,0,0,50,50,104,0,0
SoM-GPT-5,agent,Mind2Web--d730f4ff450da1bd60a836163736ef6a_110325,www.backcountry.com,296919ffa0eec3f94808e683a552ab42,1,0,26.005,18,15,5,1,3,1,2,16,36,0,0
SoM-GPT-5,agent,Mind2Web--1aeca99e6a60b0e3aefb3ef212bdce79,www.ca.gov,fc1a871b70af813c28a73f9d8c6ef743,1,0,35.518,55,26,24,2,0,0,57,53,110,0,0
SoM-GPT-5,agent,Mind2Web--d730f4ff450da1bd60a836163736ef6a_110325,www.backcountry.com,1d200f1ae0b2fb53fe54ca37e213dd89,1,0,30.679,19,16,6,1,3,1,2,17,38,0,0
SoM-GPT-5,agent,Mind2Web--fe33894188d20d7469f37a9fd855e7ff_110325,sourceforge.net,48129210f945806cab8382c4a96190e3,1,0,40.21,400,374,205,60,5,27,175,453,803,86,14
SoM-GPT-5,agent,Mind2Web--fe33894188d20d7469f37a9fd855e7ff_110325,sourceforge.net,8fed2261d78ba46341d6d329454c31ca,1,0,38.295,465,421,265,83,3,38,247,517,934,82,11
SoM-GPT-5,agent,Mind2Web--71f8de1834599fba443f40dbbfab8edd,arxiv.org,1058cec1097d3a33bce4d73f7b488eea,1,0,50.526,20,0,0,0,0,0,0,18,40,0,0
SoM-GPT-5,agent,Mind2Web--c8c1ff115879b3afd14280beb1559b13,www.4shared.com,304379815fd9768718ac625f60baca58,0,0,27.087,0,0,0,0,0,0,0,0,0,0,0
SoM-GPT-5,agent,Mind2Web--71f8de1834599fba443f40dbbfab8edd,arxiv.org,634243c09c4d6097158d47c6cc3b679f,0,0,32.151,11,0,0,0,0,0,0,10,22,0,0
SoM-GPT-5,agent,Mind2Web--c8c1ff115879b3afd14280beb1559b13,www.4shared.com,15714cbfe25f54023fa192b7096b6173,0,0,32.975,0,0,0,0,0,0,0,0,0,0,0
SoM-GPT-5,agent,Mind2Web--d4fb78b7e74508cd3b33f01cf9200997,www.americashealthrankings.org,f27f66259a741d287d4278acd0bcdc93,0,0,37.743,101,46,31,11,0,0,48,132,201,3,0
SoM-GPT-5,agent,Mind2Web--d4fb78b7e74508cd3b33f01cf9200997,www.americashealthrankings.org,f9d5d3458b0573dc5b414aad74ba6b4e,0,0,39.326,62,26,15,11,0,0,11,63,123,3,0
SoM-GPT-5,agent,Mind2Web--0e42c3a73f2aece1f854e0ba55b7c8b0,www.google.com,776e61f479d3fcc8408aa78f42d1cae9,0,0,48.179,451,115,70,3,0,0,341,452,733,12,0
SoM-GPT-5,agent,Mind2Web--96afb3c51146b0c2a9c55f039a5ea6d6,www.merriam-webster.com,ed58296612be149d2cdb4c6093bd5cbd,1,0,40.243,1450,1272,1182,189,7,115,1106,1664,2979,15,43
SoM-GPT-5,agent,Mind2Web--0e42c3a73f2aece1f854e0ba55b7c8b0,www.google.com,a6f4b70d383dbe74dbd5b3b5d3c9406f,0,0,51.683,787,190,140,3,0,0,602,789,1202,14,0
SoM-GPT-5,agent,Mind2Web--96afb3c51146b0c2a9c55f039a5ea6d6,www.merriam-webster.com,ee639eb8588f193e08589777d272c15c,1,0,37.55,962,864,799,159,3,90,696,1081,2007,2,39
SoM-GPT-5,agent,Mind2Web--59912927c1fddee6ded8a49986896bc2,www.samsung.com,bccbf2c93c6ac0f4227b330fdbfa4607,1,0,121.696,363,272,156,69,3,20,234,362,723,3,6
SoM-GPT-5,agent,Mind2Web--e43cbc8a0bf9e999884928d11006f894_110325,www.airbnb.com,2c97bd090a08346517deeb82830be40d,1,0,89.407,381,304,93,21,1,8,130,410,930,70,7
SoM-GPT-5,agent,Mind2Web--59912927c1fddee6ded8a49986896bc2,www.samsung.com,cabeb81688cf41f18c44dc70fe83a862,1,0,121.006,585,456,244,75,5,23,424,585,1167,4,9
SoM-GPT-5,agent,Mind2Web--1b867afecf072cb877ebfa4069263746,www.americashealthrankings.org,477aee7b0cf0f759f5a63ae515da9e47,1,0,31.764,105,47,32,10,0,0,51,130,207,3,0
SoM-GPT-5,agent,Mind2Web--1b867afecf072cb877ebfa4069263746,www.americashealthrankings.org,0917a506851b63600f514e2f8d75a2ed,0,0,36.545,111,37,22,10,0,0,59,170,221,3,0
SoM-GPT-5,agent,Mind2Web--e43cbc8a0bf9e999884928d11006f894_110325,www.airbnb.com,53e68806f90a3b80a2c44b6e0870dea9,1,0,46.584,408,335,90,21,1,8,125,435,975,69,7
SoM-GPT-5,agent,Mind2Web--bb5d90e6f2fbc0ae146f7c1998c2b4a1,www.ted.com,3dab0124ab329716c8b6a6186a93d9a1,1,0,37.714,539,281,155,32,15,20,267,634,1117,0,0
SoM-GPT-5,agent,Mind2Web--c3a333968fc3c43d7f2688f425a0d633,www.porsche.com,efce94d1a689605fcbe4ca5a3eb179f2,1,0,44.696,248,186,28,7,3,3,66,242,482,0,0
SoM-GPT-5,agent,Mind2Web--c3a333968fc3c43d7f2688f425a0d633,www.porsche.com,db22a8cd5abf1f08997ce3e2a3f12cc5,1,0,44.961,248,186,28,7,3,3,66,242,482,0,0
SoM-GPT-5,agent,Mind2Web--c577a14301a725e09ccd269a3e0b271e_110325,www.wineaccess.com,27ab5f9d9ecbf5b6b72a5d5a16f2fa3b,0,0,32.67,11,0,0,0,0,0,0,0,22,0,0
SoM-GPT-5,agent,Mind2Web--c577a14301a725e09ccd269a3e0b271e_110325,www.wineaccess.com,23880b5e2d107d7dfad5f9c8abfccc28,0,0,31.497,11,0,0,0,0,0,0,0,22,0,0
SoM-GPT-5,agent,Mind2Web--bb5d90e6f2fbc0ae146f7c1998c2b4a1,www.ted.com,81df9121d77d945e00d5e834349cca60,1,0,55.766,337,179,108,29,5,18,152,378,680,0,0
SoM-GPT-5,agent,Mind2Web--c6c9dc6079677cef594cec2fa6b16602,www.ikea.com,746c5173054449030908b1dde8dd9711,1,0,42.222,724,135,86,21,12,7,638,659,1460,11,1
SoM-GPT-5,agent,Mind2Web--c6c9dc6079677cef594cec2fa6b16602,www.ikea.com,bddd56244cf583462f2d6b5ab4ca8ba0,1,0,42.654,511,85,65,22,3,6,459,440,1030,7,0
SoM-GPT-5,agent,Mind2Web--c39d6c245f8243993e707d54d2f4acec,www.leagueoflegends.com,9d3ede1b4f272677ef9ae7f239b945b6,0,0,24.218,0,0,0,0,0,0,0,0,0,0,0
SoM-GPT-5,agent,Mind2Web--c39d6c245f8243993e707d54d2f4acec,www.leagueoflegends.com,b549dba016fc61754d508386b5a10018,0,0,23.2,0,0,0,0,0,0,0,0,0,0,0
SoM-GPT-5,agent,Mind2Web--b2f4fde2fce122a93c7b578086cb0585,www.booking.com,13b02e1ccbd69459b39742a869fb64db,1,0,57.645,679,607,169,36,3,17,208,703,1414,157,19
SoM-GPT-5,agent,Mind2Web--b2f4fde2fce122a93c7b578086cb0585,www.booking.com,631b7ab529d278d0b3895e835bfdaace,1,0,68.876,985,888,228,35,7,18,274,731,2015,171,19
SoM-GPT-5,agent,Mind2Web--d02d236836924919f35f2438d9ed2374,www.imdb.com,1e091cf0709572a9e3410a72a256c1bb,1,0,50.563,264,258,144,10,7,2,77,273,576,0,0
SoM-GPT-5,agent,Mind2Web--d02d236836924919f35f2438d9ed2374,www.imdb.com,815be883f2660b64f76829da52da4367,1,0,43.452,130,125,61,8,1,2,24,128,268,0,0
SoM-GPT-5,agent,Mind2Web--3621b099326c7aebd2e2dac6be3b52d1,www.nvidia.com,436d493c994895119d9c534c82fb7f83,1,0,40.031,202,156,123,30,1,5,61,242,404,69,1
SoM-GPT-5,agent,Mind2Web--3621b099326c7aebd2e2dac6be3b52d1,www.nvidia.com,e328db89a25803cf734bcb930a991b9b,0,0,41.661,57,27,12,4,0,0,30,55,114,0,0
SoM-GPT-5,agent,Mind2Web--f27b393bbd2082f92b566270c4b74fe6,www.parkers.co.uk,a8bc2377ebe716614ac3fb8d0a98f0bd,1,0,44.045,1378,1355,822,190,3,120,1146,1528,2779,20,18
SoM-GPT-5,agent,Mind2Web--f27b393bbd2082f92b566270c4b74fe6,www.parkers.co.uk,adc87b2d925700c4e763bb8734d47fa0,1,0,48.324,1279,1192,986,186,5,117,911,1386,2546,32,26
SoM-GPT-5,agent,Mind2Web--ba01ea557b73f864c35ebba0dd6f3cb2,www.google.com,13d07fe1cd3673707e4ba95f63dd15fc,0,0,45.934,736,448,65,3,0,0,295,738,1346,12,0
SoM-GPT-5,agent,Mind2Web--662ae0f2d3ac851dbcdd245f908277e3,wanderlog.com,41d258e750da13aeaa0f92a51afb3a08,1,0,28.863,11,0,0,0,0,0,10,0,22,0,0
SoM-GPT-5,agent,Mind2Web--662ae0f2d3ac851dbcdd245f908277e3,wanderlog.com,405e3a6e8a8f16d587aa7c2a6de52b35,0,0,27.151,5,0,0,0,0,0,4,0,10,0,0
SoM-GPT-5,agent,Mind2Web--ba01ea557b73f864c35ebba0dd6f3cb2,www.google.com,dc8a526a29cc67ef40d1a2f1d959b82b,1,0,52.764,213,61,11,1,0,0,157,211,383,8,0
SoM-GPT-5,agent,Mind2Web--461ab9b0c7b20ac5f912704480979c65,www.nyse.com,ac3979009c0825550a9450fd4c7bd119,1,0,26.977,299,288,9,4,1,1,21,84,599,8,4
SoM-GPT-5,agent,Mind2Web--461ab9b0c7b20ac5f912704480979c65,www.nyse.com,5d9dcf1d12610ccb1dd23d6cc6bd0468,1,0,31.366,305,294,9,4,1,1,21,84,611,8,4
SoM-GPT-5,agent,Mind2Web--a96fca87a17d792644e736d1d10d3cbe,mega.io,13d6a480a0f20365e4102527fc123b7a,0,0,29.71,0,0,0,0,0,0,0,0,0,0,0
SoM-GPT-5,agent,Mind2Web--a96fca87a17d792644e736d1d10d3cbe,mega.io,bc3a8d411f437c6bf03460d9ad4f2201,0,0,28.872,0,0,0,0,0,0,0,0,0,0,0
SoM-GPT-5,agent,Mind2Web--2c8ef01a92c71ba9ef2e59bb17eea2b3_110325,www.bhphotovideo.com,34fb1a11d231f316837490e7c3e80e20,0,0,31.45,84,34,35,18,0,0,59,92,211,0,2
SoM-GPT-5,agent,Mind2Web--2c8ef01a92c71ba9ef2e59bb17eea2b3_110325,www.bhphotovideo.com,016e50260f27fb49ace6697e0bc38b4f,0,0,32.384,84,34,35,18,0,0,59,92,211,0,2
SoM-GPT-5,agent,Mind2Web--3084bc225219fcb73dc1cb0f97276c1c,www.ups.com,e37b30def738fbd5e59f415c8846acd7,0,0,28.276,0,0,0,0,0,0,0,0,0,0,0
SoM-GPT-5,agent,Mind2Web--3084bc225219fcb73dc1cb0f97276c1c,www.ups.com,5708766e85b0d7e8c97ca967074f3b77,0,0,26.289,0,0,0,0,0,0,0,0,0,0,0
SoM-GPT-5,agent,Mind2Web--636b07af4dd97c1793733db1fd1b90b8_110325,www.jcpenney.com,672075414cecb0fadb8ec54f84f84f74,0,0,18.207,7,0,0,0,0,0,6,0,14,0,0
SoM-GPT-5,agent,Mind2Web--949dc965a6c23a95663b3bc2ca2c3a8a,www.flightaware.com,288d572fd343df8e6b3a5145d3bb4bf6,1,0,31.97,107,57,36,9,2,1,51,122,209,1,0
SoM-GPT-5,agent,Mind2Web--949dc965a6c23a95663b3bc2ca2c3a8a,www.flightaware.com,fb4d52411089836ff3c0d2cf0c86f8c2,1,0,37.965,149,95,56,10,3,2,59,159,288,2,0
SoM-GPT-5,agent,Mind2Web--636b07af4dd97c1793733db1fd1b90b8_110325,www.jcpenney.com,5e74f8172eef8cbfcebe388a80c5ca46,0,0,30.223,10,0,0,0,0,0,9,0,20,0,0
SoM-GPT-5,agent,Mind2Web--38203be65401943aea2179c4c680059a,new.mta.info,827bd617b5849bd47cced8817678fba7,1,0,28.112,11,0,0,0,0,0,0,0,22,0,0
SoM-GPT-5,agent,Mind2Web--38203be65401943aea2179c4c680059a,new.mta.info,eb02e58c3477a851e48c4f6bec88806f,1,0,29.883,11,0,0,0,0,0,0,0,22,0,0
SoM-GPT-5,agent,Mind2Web--cf757a775fa1224acfc7998489e199a8,www.ryanair.com,d123ab759f79b0d5de8b871a0e341795,1,0,40.628,153,84,6,4,2,1,69,150,305,1,0
SoM-GPT-5,agent,Mind2Web--cf757a775fa1224acfc7998489e199a8,www.ryanair.com,93e94325ec61240f69254c6b01a667fa,1,0,42.326,197,86,6,4,4,1,113,194,392,1,0
SoM-GPT-5,agent,Mind2Web--d8e2a81fa621ce4737e5ea85671b630e_110325,ziprecruiter.com,dce2891730b91fe93a6ba0f5c7003550,1,0,43.918,104,96,18,3,13,3,55,67,238,0,0
SoM-GPT-5,agent,Mind2Web--d8e2a81fa621ce4737e5ea85671b630e_110325,ziprecruiter.com,a18aa26f5997858283e1c7a1206b585a,1,0,41.687,120,111,21,3,15,3,62,78,277,0,0
SoM-GPT-5,agent,Mind2Web--63d6866fc000fcb1f153e07604bd1395,us.trip.com,8ad9b747e77f14015457a62210eb27c7,1,0,41.365,499,448,139,23,5,4,172,509,1076,9,0
SoM-GPT-5,agent,Mind2Web--63d6866fc000fcb1f153e07604bd1395,us.trip.com,730a5a974f181168c9f68e71b08fd226,1,0,46.221,557,495,137,23,7,4,183,559,1186,9,0
SoM-GPT-5,agent,Mind2Web--199be0b54a436daee74247971fc684ee_110325,www.dillards.com,975b3091921a504afd3368f952b95b6b,0,0,25.141,44,37,37,2,0,0,6,11,88,0,0
SoM-GPT-5,agent,Mind2Web--199be0b54a436daee74247971fc684ee_110325,www.dillards.com,b356ef164a3ee6bc4f42e6ffd742dfc5,1,0,30.218,73,63,63,2,0,0,9,21,146,0,0
SoM-GPT-5,agent,Mind2Web--c00437fd76a7a83b57f3dc4e5dbc41f8,www.amazon.jobs,c69e4662ae2305fb8fd272717936ab55,1,0,34.076,99,87,28,11,7,3,50,126,202,8,0
SoM-GPT-5,agent,Mind2Web--c00437fd76a7a83b57f3dc4e5dbc41f8,www.amazon.jobs,68eb96f717734814651e625a734e845e,1,0,35.715,94,83,26,11,5,3,46,133,196,10,0
SoM-GPT-5,agent,Mind2Web--9d46ccb915eff39ee1ae1e7328f5f20d,www.ups.com,f2501866167dfe373a54418ca8dce22d,0,0,25.013,0,0,0,0,0,0,0,0,0,0,0
SoM-GPT-5,agent,Mind2Web--fc53ddd3421411a41c1020a3fdc84ec4,www.bestbuy.com,3d45dfe3968be2a80273f0418534b775,1,0,69.413,76,41,42,3,0,0,34,75,152,0,0
SoM-GPT-5,agent,Mind2Web--9d46ccb915eff39ee1ae1e7328f5f20d,www.ups.com,ef3dbee7f4243f6b13a78f7311e4cac3,0,0,24.616,0,0,0,0,0,0,0,0,0,0,0
SoM-GPT-5,agent,Mind2Web--fc53ddd3421411a41c1020a3fdc84ec4,www.bestbuy.com,1010ebdef3869a599a06d359d1e0980e,1,0,68.824,75,41,42,3,0,0,33,74,150,0,0
SoM-GPT-5,agent,Mind2Web--d1970c16271496cbbe166ecbecc0a1d8,macyswineshop.com,bdb68d453cefc06774ff27c06da0d484,1,0,48.07,368,115,77,17,3,2,250,362,704,3,0
SoM-GPT-5,agent,Mind2Web--d1970c16271496cbbe166ecbecc0a1d8,macyswineshop.com,4d5adb8fad01e5ade714728460a62e18,1,0,39.503,375,120,76,20,3,2,252,370,720,3,0
SoM-GPT-5,agent,Mind2Web--7211af65d266402f99499053924262e9,www.amazon.jobs,1d9302fcac40165cbd639f208d87e449,1,0,37.387,89,78,27,11,5,3,46,108,179,5,0
SoM-GPT-5,agent,Mind2Web--7211af65d266402f99499053924262e9,www.amazon.jobs,33b8c674091f8a1a363c8f7b63598e47,1,0,36.739,76,67,17,8,1,1,39,106,157,8,0
SoM-GPT-5,agent,Mind2Web--f707d765bca668830745d20807d7bee6,www.petfinder.com,3fcf64a6c8c1ee62b004bfd7acbd71c9,0,0,26.995,10,0,0,0,0,0,0,0,20,0,0
SoM-GPT-5,agent,Mind2Web--4464a8421f8bc8786524a499258dfad3,www.bestbuy.com,4200f64c313efbff06a77cc26bef7e3d,1,0,67.604,75,41,42,3,0,0,33,74,150,0,0
SoM-GPT-5,agent,Mind2Web--4464a8421f8bc8786524a499258dfad3,www.bestbuy.com,a7c2381eca35455fd9acd4595b88a4f3,0,0,65.686,67,39,39,2,0,0,27,66,134,0,0
SoM-GPT-5,agent,Mind2Web--f707d765bca668830745d20807d7bee6,www.petfinder.com,770b58b7f1dcea68288479887cf47edc,0,0,39.542,10,0,0,0,0,0,0,0,20,0,0
SoM-GPT-5,agent,Mind2Web--d392e154c1c6ffbb26e2331c3afafc67,www.bestbuy.com,d339cad07a1fef38fee44d9b46dfc6ce,0,0,35.843,1,0,0,0,0,0,0,0,2,0,0
SoM-GPT-5,agent,Mind2Web--a5c87cc1c94a090c9a8dc2c8b6a125d0,www.accuweather.com,1be2ff04f85c4f240dda211954f3625c,0,0,27.743,0,0,0,0,0,0,0,0,0,0,0
SoM-GPT-5,agent,Mind2Web--d392e154c1c6ffbb26e2331c3afafc67,www.bestbuy.com,c87043b92e20ce4f25cc6edb5b546672,0,0,64.016,28,4,3,2,0,0,23,27,56,0,0
SoM-GPT-5,agent,Mind2Web--a5c87cc1c94a090c9a8dc2c8b6a125d0,www.accuweather.com,e5dbe68b652aa742cd3647fa84613bab,0,0,23.546,0,0,0,0,0,0,0,0,0,0,0
SoM-GPT-5,agent,Mind2Web--367d843c640637745e8fafa741cca13b,www.apartments.com,c289f7809679a1ba090e50452c6cc9a3,1,0,27.233,10,0,0,0,0,0,9,0,20,0,0
SoM-GPT-5,agent,Mind2Web--367d843c640637745e8fafa741cca13b,www.apartments.com,419aac2b1e1b21d7ae9712f68ae36ebb,1,0,27.998,11,0,0,0,0,0,10,0,22,0,0
SoM-GPT-5,agent,Mind2Web--84ef883a37af638c3bcf7561f28ce80a,www.cars.com,43eceacd1132b8b66130b8fb1dff53b0,0,0,26.448,0,0,0,0,0,0,0,0,0,0,0
SoM-GPT-5,agent,Mind2Web--84ef883a37af638c3bcf7561f28ce80a,www.cars.com,305cba17a3fe03a03448ad39dc0575b5,0,0,26.604,0,0,0,0,0,0,0,0,0,0,0
SoM-GPT-5,agent,Mind2Web--d9a8689393effeed75ea0866e44e1def,www.justice.gov,cfa514fadc75c78a510423977ca7daad,1,0,96.899,268,193,78,8,1,3,106,352,609,27,1
SoM-GPT-5,agent,Mind2Web--d9a8689393effeed75ea0866e44e1def,www.justice.gov,0416c1ef46658850e7d7319379ec2f63,1,0,97.975,288,206,89,8,1,3,101,378,650,28,0
SoM-GPT-5,agent,Mind2Web--1bc154377120ec15b18dbabdba49c741_112325,www.stubhub.com,a7da46810b0c8f82cddfcee9be8939c9,1,0,98.571,186,172,50,11,1,2,41,218,368,4,0
SoM-GPT-5,agent,Mind2Web--1bc154377120ec15b18dbabdba49c741_112325,www.stubhub.com,1a54f67934f4f4b2a9e80d67706aa10c,1,0,47.045,230,213,64,11,3,2,81,278,457,7,0
SoM-GPT-5,agent,Mind2Web--28e7574e7bd6d14f36d2988a5ef2bd23,ohiomeansjobs.ohio.gov,70e622c20a3b6ccabcfb0ff5b4f55629,1,0,105.617,199,150,128,11,11,5,212,278,398,28,0
SoM-GPT-5,agent,Mind2Web--28e7574e7bd6d14f36d2988a5ef2bd23,ohiomeansjobs.ohio.gov,6fd383d4872395eb8a6f4e329ee57b0e,1,0,91.312,249,186,158,11,15,4,244,350,498,36,0
SoM-GPT-5,agent,Mind2Web--1c3b747ae12ccee895745f82e3f2ef8a,www.kaggle.com,b7e2edecef945c2ff1ac1b7147f045d0,1,0,93.646,29,28,0,0,1,1,7,28,72,0,0
SoM-GPT-5,agent,Mind2Web--1c3b747ae12ccee895745f82e3f2ef8a,www.kaggle.com,82bb1ef0b2048ae50a3250111da02d45,1,0,40.76,37,35,0,0,3,1,13,35,90,0,0
SoM-GPT-5,agent,Mind2Web--d1807551297ac60ecaaabbd2a2ed301a_110325,superlawyers.com,52f360e819ebe55a6bdf53c505aa501f,1,0,52.974,217,137,133,35,4,8,103,228,442,2,0
SoM-GPT-5,agent,Mind2Web--d1807551297ac60ecaaabbd2a2ed301a_110325,superlawyers.com,e24917278f764b8244e7be0f6dbe84a3,1,0,48.601,215,135,131,35,4,8,104,226,438,2,0
SoM-GPT-5,agent,Mind2Web--7abdceee212151f187ee1a1744c57606,www.uscis.gov,c6ccf39f7edc6b31d9adb07b6f9b6123,1,0,37.145,187,129,65,17,3,4,45,207,393,4,2
SoM-GPT-5,agent,Mind2Web--7abdceee212151f187ee1a1744c57606,www.uscis.gov,9980393b35c1e59de807d31ecc4dbf22,1,0,37.985,189,129,66,17,3,3,52,205,395,4,3
SoM-GPT-5,agent,Mind2Web--0e5536aaad9d3462b06cf725e6ed535a,www.cbp.gov,91a6e40847597bd64464486ea7e558f1,1,0,38.046,169,45,34,12,1,2,9,181,343,0,0
SoM-GPT-5,agent,Mind2Web--0e5536aaad9d3462b06cf725e6ed535a,www.cbp.gov,fbd7c5f1cdfeeb739fd40e279eb5cd17,1,0,42.388,193,61,44,12,3,3,38,212,400,9,3
SoM-GPT-5,agent,Mind2Web--bc2ce7f206045dd2d322e5695a947219,smartasset.com,7e2c11e8f84bcd216b770d72d641352c,1,0,61.149,508,313,463,36,12,11,388,685,1230,34,0
SoM-GPT-5,agent,Mind2Web--bc2ce7f206045dd2d322e5695a947219,smartasset.com,1bb0d67bf3679dd7b5cab9964714263d,1,0,40.662,195,111,173,26,3,3,114,220,477,11,0
SoM-GPT-5,agent,Mind2Web--7e6993f2c5cd72c44809024f0bc85dc1,imgur.com,18818c5a30f4cafae51d653335dc4f7b,1,0,46.096,732,640,706,157,7,103,545,763,1455,0,1
SoM-GPT-5,agent,Mind2Web--a48e2f1ee8d87eaeea56fe5e730427e6,www.chess.com,240be5941aa23db2c5fb6093874959ea,1,0,34.109,656,186,120,42,5,16,530,639,1313,0,0
SoM-GPT-5,agent,Mind2Web--a48e2f1ee8d87eaeea56fe5e730427e6,www.chess.com,4d47d767010ad25b8c49388f299119ce,1,0,46.507,570,162,90,41,3,15,473,552,1139,0,0
SoM-GPT-5,agent,Mind2Web--7e6993f2c5cd72c44809024f0bc85dc1,imgur.com,5e59b913e67a80ed0db626c953ddd672,1,0,55.246,1112,1022,1059,198,7,138,945,1154,2211,0,2
SoM-GPT-5,agent,Mind2Web--dd44c665cec1e9c929a4c5f074e7844a_110325,spothero.com,13580757b986f7fc292fd25207c28d1d,0,0,29.756,104,76,32,19,0,0,53,106,208,8,2
SoM-GPT-5,agent,Mind2Web--dd44c665cec1e9c929a4c5f074e7844a_110325,spothero.com,6b3669854432fab6b260474e59be2635,0,0,34.588,92,64,32,19,0,0,51,94,184,7,1
SoM-GPT-5,agent,Mind2Web--99daaed9a83c266341d28aa40067d376,boardgamegeek.com,cf1e091c36dfdeb942761f2925b37c5d,1,0,43.765,902,892,169,22,3,8,220,863,1803,4,4
SoM-GPT-5,agent,Mind2Web--99daaed9a83c266341d28aa40067d376,boardgamegeek.com,8bb24db643a59b5ef6e1e15a9ddbb91c,1,0,36.465,447,443,73,11,1,2,32,475,898,1,5
SoM-GPT-5,agent,Mind2Web--7072d09436972a5d5fe7476e3e9f1559,www.americanexpress.com,c01fc0e2999c191d3535f5fae021f26d,0,0,38.692,60,44,2,1,0,0,15,0,120,0,20
SoM-GPT-5,agent,Mind2Web--7072d09436972a5d5fe7476e3e9f1559,www.americanexpress.com,6700b3ab24f67cf380b4a008b5dbbbf6,0,0,37.852,51,39,2,1,0,0,11,0,102,0,15
SoM-GPT-5,agent,Mind2Web--2c20d87a046fadcb6ff07ee877bfbf37,www.irs.gov,087ef85ffa010141913a8901d77a2c1d,1,0,31.961,71,23,25,6,3,1,63,90,160,4,2
SoM-GPT-5,agent,Mind2Web--2c20d87a046fadcb6ff07ee877bfbf37,www.irs.gov,7164639a9951a47633615ecc238e788e,0,0,32.639,51,15,15,6,1,1,41,57,110,0,0
SoM-GPT-5,agent,Mind2Web--753f372c189d3b306623cb0c65b50320,www.sec.gov,49c2823874d3ff0a15c9cab52ba4cd89,0,0,24.797,21,0,0,0,0,0,0,10,42,0,0
SoM-GPT-5,agent,Mind2Web--753f372c189d3b306623cb0c65b50320,www.sec.gov,b1a11573f4da71d1175c127bf8d18124,1,0,23.102,17,0,0,0,0,0,0,8,34,0,0
SoM-GPT-5,agent,Mind2Web--733f1d8bf79d5bc2240c5357f928ffff,www.tourradar.com,0b71d711c46ca8faff43f4af7cb8de03,1,0,44.021,144,139,41,25,1,6,89,159,302,17,1
SoM-GPT-5,agent,Mind2Web--733f1d8bf79d5bc2240c5357f928ffff,www.tourradar.com,a9488b1d87aa5eb2dbe3a06adf5777a8,1,0,47.474,199,194,93,52,1,14,143,188,406,17,1
SoM-GPT-5,agent,Mind2Web--f05e87c5b92d9869e08806103c1c15a1,www.ycombinator.com,a69d7cb17a1b230e8990d80a1f8d4b09,0,0,41.794,511,507,50,12,0,0,69,507,1025,0,5
SoM-GPT-5,agent,Mind2Web--f05e87c5b92d9869e08806103c1c15a1,www.ycombinator.com,b891802b7f15431ec89336183f628a69,0,0,31.443,489,487,44,12,0,0,9,487,980,0,3
SoM-GPT-5,agent,Mind2Web--f158345f8489e0d1d91e28768c39bca1,azure.microsoft.com,1b2ffe41177584b2ac9cd3008630dc20,0,0,23.621,0,0,0,0,0,0,0,0,0,0,0
SoM-GPT-5,agent,Mind2Web--3ef64f34eae59c9fac7ee9a4f18b4a0c,www.youtube.com,99acc455440b4f42a6e2a5370203519e,1,0,40.629,108,79,7,5,1,4,52,120,355,27,1
SoM-GPT-5,agent,Mind2Web--3ef64f34eae59c9fac7ee9a4f18b4a0c,www.youtube.com,efff8abea711817ac72283cf8eed349b,1,0,44.591,184,134,33,10,3,5,53,189,540,51,1
SoM-GPT-5,agent,Mind2Web--f158345f8489e0d1d91e28768c39bca1,azure.microsoft.com,fe2743e103642700504e02880b8a0b32,0,0,24.959,0,0,0,0,0,0,0,0,0,0,0
SoM-GPT-5,agent,Mind2Web--1ab384fb3a791edfb410213cc6b82151_110325,phet.colorado.edu,5f2b61f712a1e9bc3a2ef0f091d36127,0,0,46.241,106,16,10,4,0,0,57,104,217,1,0
SoM-GPT-5,agent,Mind2Web--1ab384fb3a791edfb410213cc6b82151_110325,phet.colorado.edu,575c57587589cdb754d95c3337b74c72,0,0,43.747,105,15,10,4,0,0,74,103,215,1,0
SoM-GPT-5,agent,Mind2Web--1223b07536a87e0170ff87cbbebd1d3c,www.coolmath4kids.com,b3cdbe7e6f95bc1c4ba6732bc9b891f6,1,0,42.161,123,81,67,15,1,5,37,120,250,0,0
SoM-GPT-5,agent,Mind2Web--1223b07536a87e0170ff87cbbebd1d3c,www.coolmath4kids.com,34df8e033334cfbe9361b1da65b84e4a,1,0,40.359,121,79,65,15,1,5,37,118,246,0,0
UI-TARS,agent,Mind2Web--b7258ee05d75e6c50673a59914db412e_110325,www.traderjoes.com,deec9e2d16513abc57e88f5ef80bc9c5,0,0,37.051,1,0,0,0,0,0,0,0,2,0,0
UI-TARS,agent,Mind2Web--b7258ee05d75e6c50673a59914db412e_110325,www.traderjoes.com,0a267b87b4769dc1c9cf9d07ae6abc87,0,0,37.064,1,0,0,0,0,0,0,0,2,0,0
UI-TARS,agent,Mind2Web--ade4c09ad3fdb1607209750924cd232f,www.flightaware.com,4da8c1b662e1f13a792034263468877a,0,0,14.89,110,62,41,9,1,1,49,122,215,1,0
UI-TARS,agent,Mind2Web--ade4c09ad3fdb1607209750924cd232f,www.flightaware.com,b070698ae3c61ee9d11ee91522b53c2c,0,0,19.748,108,62,41,9,1,1,47,118,211,1,0
UI-TARS,agent,Mind2Web--fb7b4f784cfde003e2548fdf4e8d6b4f,www.discogs.com,93f7f5e75ff4c7a39119e456b3bafb69,1,0,33.152,440,395,43,6,5,3,166,439,885,0,0
UI-TARS,agent,Mind2Web--fb7b4f784cfde003e2548fdf4e8d6b4f,www.discogs.com,b7cddaa35432768447ba2a3225a9c581,1,0,32.945,134,115,23,9,3,3,72,123,266,0,0
UI-TARS,agent,Mind2Web--824eb7bb0ef1ce40bfd49c12182d9428_110325,us.speedo.com,60b60cfdebcf334e7dbf8ee4e3543363,1,0,14.952,221,186,84,31,1,3,72,234,450,9,9
UI-TARS,agent,Mind2Web--824eb7bb0ef1ce40bfd49c12182d9428_110325,us.speedo.com,15c09b4238a98370e625cc6d3ebf9f08,1,0,15.108,221,186,84,31,1,3,72,234,450,9,9
UI-TARS,agent,Mind2Web--046138801a05ddf56ad94e8672942496,www.flightaware.com,88d63a1878523ca8b4a453d7ddee47f0,0,0,12.878,85,39,21,8,1,1,46,94,165,2,0
UI-TARS,agent,Mind2Web--046138801a05ddf56ad94e8672942496,www.flightaware.com,c1850ea43765f5eb92680de03b5554b4,1,0,19.979,118,71,38,9,1,3,53,129,236,1,0
UI-TARS,agent,Mind2Web--92a3d4236f167af4afdc08876a902ba6,www.carmax.com,2cde0193cae8d463c68cfc6639791f86,0,0,38.992,4,0,0,0,0,0,3,3,8,0,0
UI-TARS,agent,Mind2Web--92a3d4236f167af4afdc08876a902ba6,www.carmax.com,263ef01e5ce61191444c82a556066165,0,0,43.772,4,0,0,0,0,0,3,3,8,0,0
UI-TARS,agent,Mind2Web--48c73f3f53e2611c4a1052457c1033db,new.mta.info,a249f68703d01b3a676eff7164b7c7f3,0,0,7.812,1,0,0,0,0,0,0,0,2,0,0
UI-TARS,agent,Mind2Web--8f2611047de227a2ca8bda13f6e2e5fb_110325,www.carvana.com,1bda716d0568ab80a3a43d77598f2b3a,0,0,10.498,7,0,0,0,0,0,6,3,14,0,0
UI-TARS,agent,Mind2Web--8f2611047de227a2ca8bda13f6e2e5fb_110325,www.carvana.com,6cbb6883fd2d14410556a060390765df,0,0,11.111,7,0,0,0,0,0,6,3,14,0,0
UI-TARS,agent,Mind2Web--48c73f3f53e2611c4a1052457c1033db,new.mta.info,34cd609f9d067182f0ea0328e13c6958,0,0,38.732,1,0,0,0,0,0,0,0,2,0,0
UI-TARS,agent,Mind2Web--b320c68bffc1f3c7f2a8dc9d5478fb27,www.ign.com,731b7cc6ce99907b4626ecb975d8480c,1,0,12.959,43,42,9,6,1,4,27,41,86,0,0
UI-TARS,agent,Mind2Web--aa4b5cb7114fcc138ade82b4b9716d24,www.ign.com,5229de5d39bd56d5f64571d93f68271d,1,0,16.605,124,123,62,29,1,10,48,129,251,3,0
UI-TARS,agent,Mind2Web--aa4b5cb7114fcc138ade82b4b9716d24,www.ign.com,921e7fc4c28fba2a051bb14848e547a6,1,0,13.477,125,124,62,29,1,10,49,130,253,2,0
UI-TARS,agent,Mind2Web--b320c68bffc1f3c7f2a8dc9d5478fb27,www.ign.com,8fb014ff5d14b777d1b636b916afd02e,0,0,43.844,1,0,0,0,0,0,0,0,2,0,0
UI-TARS,agent,Mind2Web--005be9dd91c95669d6ddde9ae667125c,www.qatarairways.com,e7c2ecc3f148ef83ed79aec732cdd9fd,0,0,24.333,4,0,0,0,0,0,3,3,8,0,0
UI-TARS,agent,Mind2Web--005be9dd91c95669d6ddde9ae667125c,www.qatarairways.com,93f92fdcac914e7bfd60a104ef8f6d0e,0,0,24.016,4,0,0,0,0,0,3,3,8,0,0
UI-TARS,agent,Mind2Web--323bd85e3559655d89e5496b951a25e8,www.amtrak.com,5f46986c36d98310c1f26610d1d64d7e,1,0,16.05,397,283,236,48,1,18,340,471,776,9,1
UI-TARS,agent,Mind2Web--323bd85e3559655d89e5496b951a25e8,www.amtrak.com,d2995676e05d71117f1a9ec09d8098a9,1,0,16.135,390,276,233,48,1,18,337,461,763,9,1
UI-TARS,agent,Mind2Web--123e8c2fc453f55fadd1d0b9aaf94df4,www.kbb.com,7d94999d74967c4232497e76ebf95b66,0,0,2.189,1,0,0,0,0,0,0,0,2,0,0
UI-TARS,agent,Mind2Web--56f8890a837c49f7df766b9c981646f3,www.imdb.com,f9c09fda97c8de8400731a57a8174e05,0,0,20.585,4,3,0,0,0,0,0,3,8,0,0
UI-TARS,agent,Mind2Web--123e8c2fc453f55fadd1d0b9aaf94df4,www.kbb.com,24d0abef0c73465ec5e63557be964a7f,0,0,30.255,1,0,0,0,0,0,0,0,2,0,0
UI-TARS,agent,Mind2Web--56f8890a837c49f7df766b9c981646f3,www.imdb.com,020834d34b02cb29a73292eac0e74d3c,1,0,14.25,112,110,53,8,1,2,21,115,237,0,0
UI-TARS,agent,Mind2Web--644a856c3897665e475e0dce50bf217d,www.amazon.com,8df2392a0c7f9a34ac9e3aedcd8492d9,1,0,16.352,438,426,152,43,1,25,103,360,897,23,0
UI-TARS,agent,Mind2Web--644a856c3897665e475e0dce50bf217d,www.amazon.com,7b08a6df77a923acb13717512962c705,1,0,17.173,429,418,151,43,1,25,101,351,876,21,0
UI-TARS,agent,Mind2Web--62f1626ce249c31098854f8b38bdd6cf_110325,www.microcenter.com,8c9fe7a519c089cb62337e7da5a8c035,0,0,20.335,14,8,2,2,1,1,5,9,34,0,0
UI-TARS,agent,Mind2Web--62f1626ce249c31098854f8b38bdd6cf_110325,www.microcenter.com,92d908fab43ffd66f0c6789d222a3368,0,0,16.111,14,8,2,2,1,1,5,9,34,0,0
UI-TARS,agent,Mind2Web--561693d6eec7bbfba3fefe9e4b26decb,www.marriott.com,8d80dfae90a4a1e4d28c56aa4dc3c545,1,0,16.169,200,99,43,14,1,5,143,200,402,2,0
UI-TARS,agent,Mind2Web--561693d6eec7bbfba3fefe9e4b26decb,www.marriott.com,14f260cd3c9fee99b6c89963aa14ac81,0,0,15.651,193,91,30,8,0,0,134,190,388,0,0
UI-TARS,agent,Mind2Web--b7a9a6b5d451164c09bbd27b670bc2ae,www.uniqlo.com,5e6d7bc6f01303e91121822972254d60,1,0,15.183,117,69,43,12,0,0,72,136,233,9,0
UI-TARS,agent,Mind2Web--b7a9a6b5d451164c09bbd27b670bc2ae,www.uniqlo.com,d14ad31219a01412a1758afaab6deb5e,1,0,15.14,146,98,41,11,1,2,101,167,293,13,0
UI-TARS,agent,Mind2Web--bfa2de159be6978acf2702be31a2eeeb,www.united.com,1797a9f31f872f5838ef8841bc232962,0,0,48.833,0,0,0,0,0,0,0,0,0,0,0
UI-TARS,agent,Mind2Web--bfa2de159be6978acf2702be31a2eeeb,www.united.com,d7112854ec2e372976323c638f02792d,0,0,48.231,0,0,0,0,0,0,0,0,0,0,0
UI-TARS,agent,Mind2Web--4091bdd3fa64a5b0d912bc08eaf9c824,new.mta.info,fa590c009a23ec4289ccac72a375a68f,0,0,3.255,1,0,0,0,0,0,0,0,2,0,0
UI-TARS,agent,Mind2Web--4091bdd3fa64a5b0d912bc08eaf9c824,new.mta.info,295e23b90e2c1e752f037fc1650bdddb,0,0,8.407,1,0,0,0,0,0,0,0,2,0,0
UI-TARS,agent,Mind2Web--79f0bd7df6e685f30f20025cc6755c0a_110325,www.microcenter.com,d4f13bcf10ba11883ff0429fc8c8e7e8,0,0,15.649,14,8,2,2,1,1,5,9,34,0,0
UI-TARS,agent,Mind2Web--79f0bd7df6e685f30f20025cc6755c0a_110325,www.microcenter.com,f6a437ea2138d5d46631ef0169ba174b,0,0,20.63,14,8,2,2,1,1,5,9,34,0,0
UI-TARS,agent,Mind2Web--6ebde509dca8f15c0fa1bd74f071e8d6,www.target.com,cd592b6bb9b2f67a2edc5f77507351ae,1,0,26.826,390,343,90,23,3,7,69,450,774,5,2
UI-TARS,agent,Mind2Web--6ebde509dca8f15c0fa1bd74f071e8d6,www.target.com,66571b95ff06fd2091c53e9680d501bd,1,0,44.15,252,233,34,14,2,4,30,263,502,0,0
UI-TARS,agent,Mind2Web--34ccd15a8ea8fd3895af83f5ccf62369,us.megabus.com,b8465983fdd4bf95be41072ecc5c0dd8,0,0,48.371,0,0,0,0,0,0,0,0,0,0,0
UI-TARS,agent,Mind2Web--34ccd15a8ea8fd3895af83f5ccf62369,us.megabus.com,919da0e35e4bf75c95857af340a893ae,0,0,42.897,0,0,0,0,0,0,0,0,0,0,0
UI-TARS,agent,Mind2Web--c698ff3fc0f6cbce39947c597ab5749b_121425,www.eventbrite.com,943a11192429b3a66cb50ab3f481a623,1,0,23.36,518,442,207,43,7,3,237,616,1027,14,11
UI-TARS,agent,Mind2Web--c698ff3fc0f6cbce39947c597ab5749b_121425,www.eventbrite.com,fb29ef29720d1ea2bb72c7a681dec573,1,0,18.265,551,468,241,43,7,2,240,641,1098,20,7
UI-TARS,agent,Mind2Web--b6d10e9bd19b4009a02dea0e98f4e1ae,www.foxsports.com,00eab475e5f7fccca7f2fce7f8a8dd50,1,0,18.325,1422,828,232,87,5,38,862,1432,2811,1,5
UI-TARS,agent,Mind2Web--b6d10e9bd19b4009a02dea0e98f4e1ae,www.foxsports.com,4cf5f325ecdd565bc8d6d88d6d939de4,1,0,21.764,1558,893,262,94,5,49,800,1601,3103,5,12
UI-TARS,agent,Mind2Web--d71be72aa25c3eab8eea47a0e60382e2,www.apple.com,6cb4f682714cd4d400be5eec4044c28c,1,0,14.532,122,6,13,2,2,1,121,135,261,4,0
UI-TARS,agent,Mind2Web--d71be72aa25c3eab8eea47a0e60382e2,www.apple.com,af9fbaa3851b38cb9c86c004897041f5,1,0,17.915,98,4,9,2,2,1,97,105,206,2,0
UI-TARS,agent,Mind2Web--0b51b4fa0295ae80ccd176ebdad6fff6,www.carmax.com,03e9109351064819d8d61b693e2ec667,0,0,44.09,4,0,0,0,0,0,3,3,8,0,0
UI-TARS,agent,Mind2Web--0b51b4fa0295ae80ccd176ebdad6fff6,www.carmax.com,115c4651ff20d821ad8f2feb185abd51,0,0,34.504,4,0,0,0,0,0,3,3,8,0,0
UI-TARS,agent,Mind2Web--3f312ae3efc3c3e90ababe050dd4e7ae,www.nfl.com,02e1f6d79d91919c06714706c663451e,1,0,28.043,588,442,322,36,7,17,254,597,1167,0,0
UI-TARS,agent,Mind2Web--3f312ae3efc3c3e90ababe050dd4e7ae,www.nfl.com,75d1153a8dc137d6605b6b6a2e07abb4,1,0,33.314,1628,1533,283,27,1,12,190,1628,2695,0,0
UI-TARS,agent,Mind2Web--95cad96f2e43f3c0d8efad1331c77c8c,www.rottentomatoes.com,3f1b20837d70fce632e5c19e87ada8ed,1,0,14.356,237,211,91,40,1,12,48,251,477,2,0
UI-TARS,agent,Mind2Web--bf3b311cc8dce16d3de844f4b5875dfd,www.apple.com,c36753db98a2b65cb439e18c864aecc2,1,0,13.836,103,5,8,2,2,1,102,113,217,3,0
UI-TARS,agent,Mind2Web--95cad96f2e43f3c0d8efad1331c77c8c,www.rottentomatoes.com,fd1b962ee4dc992b4e3175addd92d76b,1,0,15.973,235,209,89,40,1,12,48,249,473,2,0
UI-TARS,agent,Mind2Web--bf3b311cc8dce16d3de844f4b5875dfd,www.apple.com,03666e93f8ad1bc768fc9913bc77dbb1,1,0,14.022,113,7,10,2,2,1,112,127,240,5,0
UI-TARS,agent,Mind2Web--b64f938af842f6a1b4489d0e49a785a7_121125,www.target.com,b8317b4fa13d8bdc5cbeedb369280ab8,1,0,14.676,259,244,82,22,1,6,31,296,513,0,3
UI-TARS,agent,Mind2Web--b64f938af842f6a1b4489d0e49a785a7_121125,www.target.com,15eadf60937d18856780764aa3104b78,1,0,15.15,261,246,82,22,1,6,31,298,517,0,3
UI-TARS,agent,Mind2Web--5e1b8254c123c80178cc28e0afdb14f0_110325,ticketmaster.com,a6dab7e42111e7adca656536dc7bac05,1,0,16.768,365,211,77,27,3,5,168,377,740,3,0
UI-TARS,agent,Mind2Web--5e1b8254c123c80178cc28e0afdb14f0_110325,ticketmaster.com,dd51d2f69f9c38757d2b2a04524f5cd5,1,0,14.612,351,197,64,26,1,5,165,361,712,3,0
UI-TARS,agent,Mind2Web--f27c0a7b8b0bb33d37698dff227fc8d7,www.kbb.com,995b8c8ffc9e5d1203bd01da978e373a,0,0,34.767,1,0,0,0,0,0,0,0,2,0,0
UI-TARS,agent,Mind2Web--f27c0a7b8b0bb33d37698dff227fc8d7,www.kbb.com,44e06d460a22ab8d15c89aac3094d81f,0,0,34.531,1,0,0,0,0,0,0,0,2,0,0
UI-TARS,agent,Mind2Web--8fdec8eeffd3491e6526cc78c028120b,www.carmax.com,7b5de196c4ddace249d869c854550f76,0,0,39.478,4,0,0,0,0,0,3,3,8,0,0
UI-TARS,agent,Mind2Web--8fdec8eeffd3491e6526cc78c028120b,www.carmax.com,2373f42c8fb6a58d98a4380871ed507b,0,0,44.158,4,0,0,0,0,0,3,3,8,0,0
UI-TARS,agent,Mind2Web--7b182a5087347d494b48a29dbc0f1d3e,www.adoptapet.com,135eb93766d822b26b710bdfd376038e,1,0,17.335,153,97,63,22,1,5,82,172,309,7,3
UI-TARS,agent,Mind2Web--828c2d98616a9478d5864d847d5a1b28,www.justice.gov,6641a2c1637e72eaf254a06c60599063,1,0,15.53,196,129,43,8,1,3,62,232,411,5,0
UI-TARS,agent,Mind2Web--7b182a5087347d494b48a29dbc0f1d3e,www.adoptapet.com,d46eff824f1b75fad894b6538ae17f0b,1,0,18.365,155,99,71,26,1,5,92,176,313,8,3
UI-TARS,agent,Mind2Web--828c2d98616a9478d5864d847d5a1b28,www.justice.gov,f9b6e7c7d9c407fd19a00412ca02ba2c,1,0,14.131,249,182,64,8,1,3,87,303,532,14,0
UI-TARS,agent,Mind2Web--608c595eec271fa5dc03506923519994,www.fedex.com,0b1f29ccb7b22cdcd3eac796c5683208,0,0,20.45,4,0,0,0,0,0,3,3,8,0,0
UI-TARS,agent,Mind2Web--a7a73c8fa75441fc76df9746c327bdd6,www.thumbtack.com,defc1bf0dc119c5481345cda6a13bb0f,1,0,13.774,112,104,56,23,1,3,55,120,223,9,0
UI-TARS,agent,Mind2Web--608c595eec271fa5dc03506923519994,www.fedex.com,0359b3b0464c6e62de114381664ed12c,0,0,31.242,4,0,0,0,0,0,3,3,8,0,0
UI-TARS,agent,Mind2Web--a7a73c8fa75441fc76df9746c327bdd6,www.thumbtack.com,d4e5c49999942637ff1917afa1325dbe,1,0,17.216,115,106,58,23,1,3,58,123,229,9,0
UI-TARS,agent,Mind2Web--cfafe3771369d1d261e9f7ecd44c296d,www.cars.com,f4cacfdfce238ee9dfb12daad04829cd,1,0,30.628,34,21,0,0,5,1,12,28,83,0,0
UI-TARS,agent,Mind2Web--cfafe3771369d1d261e9f7ecd44c296d,www.cars.com,5324212667915b22a5629d83e48f089f,0,0,39.605,12,7,0,0,1,1,4,8,29,0,0
UI-TARS,agent,Mind2Web--bbbc243b4f18a7a897f0bc84e11d293f,www.nba.com,35a04370bd3c3c114978e810f82b546d,0,0,49.164,0,0,0,0,0,0,0,0,0,0,0
UI-TARS,agent,Mind2Web--bbbc243b4f18a7a897f0bc84e11d293f,www.nba.com,c9de4b0971b5f713db26dfa5fc3330b4,0,0,48.37,0,0,0,0,0,0,0,0,0,0,0
UI-TARS,agent,Mind2Web--816851ff92ff0219acf4364dcc2c4692_110325,www.jcpenney.com,33c5fd6ec399006f29ae06023abcca5c,0,0,30.411,1,0,0,0,0,0,0,0,2,0,0
UI-TARS,agent,Mind2Web--816851ff92ff0219acf4364dcc2c4692_110325,www.jcpenney.com,ec6928b7454ad0d28540d7363b598643,0,0,30.257,1,0,0,0,0,0,0,0,2,0,0
UI-TARS,agent,Mind2Web--8244409b2c82043f966cad05f9afe132,doctor.webmd.com,cb8b91d13c30ad9da6f8fa46a781ef5b,1,0,10.799,310,305,253,94,3,53,229,332,617,6,0
UI-TARS,agent,Mind2Web--8244409b2c82043f966cad05f9afe132,doctor.webmd.com,a7732c1167a0e5113aa4681b83c9b766,1,0,10.689,325,320,265,91,3,53,246,355,649,9,0
UI-TARS,agent,Mind2Web--e7301bb694871429bf2eb36c3a72186c_110325,www.jcpenney.com,938910190bce45e734d8acff55ff69d0,0,0,20.226,1,0,0,0,0,0,0,0,2,0,0
UI-TARS,agent,Mind2Web--e7301bb694871429bf2eb36c3a72186c_110325,www.jcpenney.com,2c1eec3444bc401a738cdb8bf97c99d9,0,0,25.422,1,0,0,0,0,0,0,0,2,0,0
UI-TARS,agent,Mind2Web--905cb53061c33aa2d77e485fe1fca516,www.healthgrades.com,c19c9b3875e025366fbfa6ddabd56879,0,0,5.243,4,3,4,2,0,0,0,3,8,0,0
UI-TARS,agent,Mind2Web--905cb53061c33aa2d77e485fe1fca516,www.healthgrades.com,0d1408d83b5d423b5fdc3ea45cc6ce5e,0,0,17.403,6,3,6,2,0,0,0,5,12,0,0
UI-TARS,agent,Mind2Web--fcf4952d2a1d80ea505c555c3c3b54e7,www.cars.com,72ef74c732b2d936e4f80eb69e7e2f62,0,0,29.74,12,7,0,0,1,1,4,8,29,0,0
UI-TARS,agent,Mind2Web--3c1ffc3f494e423b3c434c79e35da8f3_110325,www.fandom.com,aa9ce68b5499ccb4f118ba5accbd97c5,1,0,13.915,281,227,138,55,1,17,137,317,624,26,6
UI-TARS,agent,Mind2Web--fcf4952d2a1d80ea505c555c3c3b54e7,www.cars.com,de502eece5d499cca01d735efd3ced46,0,0,29.898,12,7,0,0,1,1,4,8,29,0,0
UI-TARS,agent,Mind2Web--26a0e5c21c145dd8448aa92f35bec5ea,www.healthgrades.com,a54a1d7f60d8b5960a70bdc9e506ebbc,0,0,10.41,5,3,5,2,0,0,0,4,10,0,0
UI-TARS,agent,Mind2Web--3c1ffc3f494e423b3c434c79e35da8f3_110325,www.fandom.com,2ac1077aede88cd87400e3e6e1fc13d1,1,0,15.114,505,452,298,101,1,51,322,558,1077,34,6
UI-TARS,agent,Mind2Web--26a0e5c21c145dd8448aa92f35bec5ea,www.healthgrades.com,3bb3b3967819bcdb85eb5a2479f11597,0,0,8.714,5,3,5,2,0,0,0,4,10,0,0
UI-TARS,agent,Mind2Web--070c907d34a4ce71dfdbea38f9c5d4d8,www.healthgrades.com,fed8d7b4acf35d318ed52ea791329f3e,0,0,13.097,6,3,6,2,0,0,0,5,12,0,0
UI-TARS,agent,Mind2Web--43a1ca251f11c6b0bdd0379766cc49e6,www.healthgrades.com,7f68fe10abeb22326ec9ecfef434ac17,0,0,11.121,4,3,4,2,0,0,0,3,8,0,0
UI-TARS,agent,Mind2Web--070c907d34a4ce71dfdbea38f9c5d4d8,www.healthgrades.com,2e3b859119638b8309c922e449c03381,0,0,30.43,0,0,0,0,0,0,0,0,0,0,0
UI-TARS,agent,Mind2Web--43a1ca251f11c6b0bdd0379766cc49e6,www.healthgrades.com,91b5f27163220240ec24c9380735ff7f,0,0,21.977,5,3,5,2,0,0,0,4,10,0,0
UI-TARS,agent,Mind2Web--b3f8bd9198d9d157e0848109563c4b23,ohiomeansjobs.ohio.gov,aca3bcc698529230ff23e59c0eb028c2,1,0,16.993,44,37,33,11,1,3,24,57,88,4,0
UI-TARS,agent,Mind2Web--b3f8bd9198d9d157e0848109563c4b23,ohiomeansjobs.ohio.gov,de29f6a64a88beab69c2682ef13b1f0d,1,0,16.635,40,33,30,11,1,2,20,51,80,4,0
UI-TARS,agent,Mind2Web--20a460a8fe1971b84411c5b1e6ac4186,www.stubhub.com,07ce561a5e8e3553eb2993d8897d3379,1,0,19.572,237,223,59,11,3,2,79,285,473,7,0
UI-TARS,agent,Mind2Web--20a460a8fe1971b84411c5b1e6ac4186,www.stubhub.com,40d494221133372dee4e14adf9781812,1,0,20.444,239,224,55,11,3,2,74,285,476,7,0
UI-TARS,agent,Mind2Web--db1ffb5e60578597d1c3aa3c389ac7b1,www.google.com,8d22731359aff9c6eb45d3146da137d3,1,0,20.853,176,97,24,1,0,0,81,250,357,0,0
UI-TARS,agent,Mind2Web--db1ffb5e60578597d1c3aa3c389ac7b1,www.google.com,80f13d1fdeadca1d28512441556a905f,1,0,16.397,168,85,41,1,0,0,85,247,336,0,0
UI-TARS,agent,Mind2Web--7be8cd8dba885cddd9af5320f49bc41b,www.bbb.org,439e2a5083d21ea06864d87701704bef,1,0,4.176,28,22,3,3,1,1,6,17,61,0,0
UI-TARS,agent,Mind2Web--7be8cd8dba885cddd9af5320f49bc41b,www.bbb.org,6443c75fe2f3cef20f7811dadb0c5fd1,1,0,12.841,14,8,3,3,1,1,6,4,33,0,0
UI-TARS,agent,Mind2Web--239a29bde438fe44fe17fe1390ef1634,www.healthline.com,f9b6a9410ce51210dfa268f30efdc995,1,0,13.64,196,191,125,57,1,10,63,200,384,9,1
UI-TARS,agent,Mind2Web--239a29bde438fe44fe17fe1390ef1634,www.healthline.com,c05f90c065b68a97c0a974ee65b4bc09,1,0,14.034,208,203,134,60,1,12,70,212,407,9,1
UI-TARS,agent,Mind2Web--9f1cba613830ca1c6a58f9498c06e679_110325,www.remax.com,3691b7f78e880d568e07851b0d342142,1,0,14.169,1118,1070,864,200,1,121,729,1171,2232,22,10
UI-TARS,agent,Mind2Web--9f1cba613830ca1c6a58f9498c06e679_110325,www.remax.com,358f1afff9365cc3626b37d2e239a4fb,1,0,14.457,1018,969,773,192,1,113,695,1071,2033,23,7
UI-TARS,agent,Mind2Web--75146b7b67388b9244e0f21a1527c022,www.adoptapet.com,4d713538610a700b9855b8e25fd5b70c,1,0,16.478,173,117,82,29,1,6,103,196,350,8,3
UI-TARS,agent,Mind2Web--75146b7b67388b9244e0f21a1527c022,www.adoptapet.com,ad574b1c6179ebae1237b69c3ed24312,1,0,14.995,136,80,47,21,1,3,96,150,273,8,3
UI-TARS,agent,Mind2Web--59b7b990b4828bc305ab0d7ed6071b55,www.landwatch.com,5481adc79e452e2cf08029a390af9d3a,0,0,3.334,1,0,0,0,0,0,0,0,2,0,0
UI-TARS,agent,Mind2Web--59b7b990b4828bc305ab0d7ed6071b55,www.landwatch.com,9eafa564ab9fe3d2d599f77e4b428a78,0,0,15.385,1,0,0,0,0,0,0,0,2,0,0
UI-TARS,agent,Mind2Web--9c97bab9c2abfb90a426cbe9addae8d0_110325,www.michaels.com,72e48c4458d1ddb183b2200c3cb9cd2b,0,0,34.755,1,0,0,0,0,0,0,0,2,0,0
UI-TARS,agent,Mind2Web--871e7771cecb989972f138ecc373107b,www.theweathernetwork.com,a41e1a4cb05ab0009ac744e22f7859d9,1,0,13.144,521,471,363,124,1,68,357,534,1046,3,6
UI-TARS,agent,Mind2Web--9c97bab9c2abfb90a426cbe9addae8d0_110325,www.michaels.com,570e68d884d94abfe5532e5377ecf423,0,0,38.86,1,0,0,0,0,0,0,0,2,0,0
UI-TARS,agent,Mind2Web--871e7771cecb989972f138ecc373107b,www.theweathernetwork.com,b3e46ddc7bcf8f3e54b02ee51010d048,1,0,13.083,520,470,362,126,1,67,354,531,1044,4,6
UI-TARS,agent,Mind2Web--b69eb4de621e9e265676daac44938f3f,www.adoptapet.com,1ccbc8800d35d18b412759d48192fc07,1,0,15.421,170,114,81,29,1,6,100,193,344,8,3
UI-TARS,agent,Mind2Web--b69eb4de621e9e265676daac44938f3f,www.adoptapet.com,cf5889b4b55e7cf161c370ca3eb33610,1,0,16.507,170,114,80,29,1,6,101,193,345,8,3
UI-TARS,agent,Mind2Web--9bb63ad0e38d5691a618932a8b31c05a,www.google.com,610c81400d997d0fcafdb9feac05db56,1,0,15.039,172,87,43,1,0,0,87,253,344,0,0
UI-TARS,agent,Mind2Web--9bb63ad0e38d5691a618932a8b31c05a,www.google.com,f16f8441578486dab9c147008c6448e6,1,0,14.903,172,87,43,1,0,0,87,253,344,0,0
UI-TARS,agent,Mind2Web--8ae510355d978424f490798f900bfa2c,www.student.com,d612dc03f96e4d5801c816cbcd596c74,1,0,13.607,185,179,67,28,1,5,98,224,408,2,3
UI-TARS,agent,Mind2Web--8ae510355d978424f490798f900bfa2c,www.student.com,70154148a88f62410116fcca67ac9604,1,0,18.23,201,188,71,28,1,5,111,257,440,2,3
UI-TARS,agent,Mind2Web--4c186c6ed888d0c8d4cf4adb39443080,www.nba.com,b7904c5798adffc0c62da4afd6271afd,0,0,49.158,0,0,0,0,0,0,0,0,0,0,0
UI-TARS,agent,Mind2Web--4c186c6ed888d0c8d4cf4adb39443080,www.nba.com,b087c886477758ec95202318c92b2638,0,0,48.125,0,0,0,0,0,0,0,0,0,0,0
UI-TARS,agent,Mind2Web--2fc51dd3febd447f0fdcdabca8d944ce_110325,www.publicstorage.com,23fddd6f530d71befab7ab24006ee646,0,0,21.898,59,34,18,7,1,1,33,54,123,0,0
UI-TARS,agent,Mind2Web--2fc51dd3febd447f0fdcdabca8d944ce_110325,www.publicstorage.com,8179cc3f042c9668f64727ebb807c2f5,0,0,15.745,14,8,2,2,1,1,5,9,34,0,0
UI-TARS,agent,Mind2Web--eb323dc584156d0eb3a2b90bb8c4b791_110325,www.compass.com,28a7ade793dbc5961cc18d1355ab9dcf,1,0,16.923,444,213,124,13,7,2,313,459,889,23,0
UI-TARS,agent,Mind2Web--eb323dc584156d0eb3a2b90bb8c4b791_110325,www.compass.com,9e250f47ea6123cbd775287ead8e1d3a,0,0,18.965,110,59,28,13,1,1,64,113,218,2,0
UI-TARS,agent,Mind2Web--87f4c5128e36cdb9366a138a7b61bb00,www.bestbuy.com,d1cf76ae9c1bbe426736a58285ef7244,1,0,41.252,74,41,42,3,0,0,32,73,148,0,0
UI-TARS,agent,Mind2Web--87f4c5128e36cdb9366a138a7b61bb00,www.bestbuy.com,720123d1336670be560cda75004efbd1,1,0,41.001,74,41,42,3,0,0,32,73,148,0,0
UI-TARS,agent,Mind2Web--354b4ddf048815f8fd4163d0d7e1aaa3,ohiomeansjobs.ohio.gov,97661dcf24492eb22fc994b383510e42,1,0,15.322,45,38,34,11,1,2,24,58,90,4,0
UI-TARS,agent,Mind2Web--354b4ddf048815f8fd4163d0d7e1aaa3,ohiomeansjobs.ohio.gov,c5950cd3541b1510df568902897a5964,1,0,15.12,45,38,34,11,1,2,24,58,90,4,0
UI-TARS,agent,Mind2Web--e4e097222d13a2560db6f6892612dab6,www.adoptapet.com,f329260583adea21651a9d90a1b9b82c,1,0,20.393,179,123,90,29,1,6,107,205,363,8,4
UI-TARS,agent,Mind2Web--e4e097222d13a2560db6f6892612dab6,www.adoptapet.com,f86c49a80d1375aeccefa1ca204a988d,1,0,15.873,171,115,80,27,1,6,105,192,346,8,3
UI-TARS,agent,Mind2Web--f389398d2eeb29e5571e00439c57eb76,www.theweathernetwork.com,3093dfa387867d723aabe48cd5278814,1,0,13.757,550,500,391,129,1,75,397,562,1103,3,6
UI-TARS,agent,Mind2Web--f389398d2eeb29e5571e00439c57eb76,www.theweathernetwork.com,90a0300d6e442c5bff012601a3654455,1,0,12.89,508,458,348,113,1,63,340,520,1020,3,6
UI-TARS,agent,Mind2Web--8ea6c3a2ea3f59150619935261a76d19,www.fedex.com,dfbb1ef20407ec093bd1dddf2b330139,0,0,12.345,4,0,0,0,0,0,3,3,8,0,0
UI-TARS,agent,Mind2Web--8ea6c3a2ea3f59150619935261a76d19,www.fedex.com,248de1bdaf0efb63590859930f19940c,0,0,14.819,4,0,0,0,0,0,3,3,8,0,0
UI-TARS,agent,Mind2Web--c1d6ea6f2196d25782cc3646ff3090db,www.google.com,5089d3843801467244566580ab854bde,1,0,25.435,172,97,20,1,0,0,77,242,349,0,0
UI-TARS,agent,Mind2Web--c1d6ea6f2196d25782cc3646ff3090db,www.google.com,751727553cec39861ee334865320ab85,1,0,25.619,186,105,35,1,1,1,86,263,370,0,0
UI-TARS,agent,Mind2Web--2dd41b1d0e8f389d0683f4a4627abfe6,www.landwatch.com,8549b1bf7b4712303a9ae4c9eac66840,0,0,9.601,1,0,0,0,0,0,0,0,2,0,0
UI-TARS,agent,Mind2Web--2dd41b1d0e8f389d0683f4a4627abfe6,www.landwatch.com,7c4d282baaa4c78a2146fa66886208c5,0,0,3.467,1,0,0,0,0,0,0,0,2,0,0
UI-TARS,agent,Mind2Web--f2097f92a10d42a842c14179f422311e,www.bestbuy.com,d8d977f8bd6fd97436523b72346f31eb,1,0,39.634,74,41,42,3,0,0,32,73,148,0,0
UI-TARS,agent,Mind2Web--f2097f92a10d42a842c14179f422311e,www.bestbuy.com,ad84282bef17a75ff8af58b3d5ff6788,1,0,40.928,74,41,42,3,0,0,32,73,148,0,0
UI-TARS,agent,Mind2Web--85b284c18d7e78c9b5a9e074e7aa3b98,www.student.com,9dfcf45d925a98328f78a8bbfcf64648,1,0,12.825,116,110,21,13,1,3,83,132,232,1,0
UI-TARS,agent,Mind2Web--85b284c18d7e78c9b5a9e074e7aa3b98,www.student.com,c3863993244fd7239a72701f2722f99a,1,0,12.786,121,115,32,5,1,2,71,145,268,0,0
UI-TARS,agent,Mind2Web--853afd530c72f4b00ffc32ae854efaf8,www.accuweather.com,162e37d1e5331b5dccaf668fd0ee5c37,0,0,49.413,0,0,0,0,0,0,0,0,0,0,0
UI-TARS,agent,Mind2Web--853afd530c72f4b00ffc32ae854efaf8,www.accuweather.com,f05d3370bd37c07a0e11590ae948b33d,0,0,49.019,0,0,0,0,0,0,0,0,0,0,0
UI-TARS,agent,Mind2Web--c09721cc937d4dcfb391a0bc2c574b28,www.recreation.gov,458a919b31f383638b60adc24587b4d5,0,0,15.445,88,54,21,12,1,1,26,90,174,3,0
UI-TARS,agent,Mind2Web--c09721cc937d4dcfb391a0bc2c574b28,www.recreation.gov,476073218411a7877566bc9b97cbf712,0,0,19.535,88,54,21,11,1,1,30,90,174,3,0
UI-TARS,agent,Mind2Web--4c572a627b53b0f9a734ab37f21819b8,craigslist.org,70e7713dac19210db951782fae07341c,1,0,31.047,9,0,0,0,0,0,5,5,18,0,0
UI-TARS,agent,Mind2Web--4c572a627b53b0f9a734ab37f21819b8,craigslist.org,dd2da52932b689ab56ae9d7f940b5560,1,0,38.579,9,0,0,0,0,0,5,5,18,0,0
UI-TARS,agent,Mind2Web--301f267f421b93045874726183e8f722,www.healthline.com,7c33030adc20fc23d3dd5bdd7274d592,1,0,14.719,196,191,125,57,1,10,63,200,384,9,1
UI-TARS,agent,Mind2Web--301f267f421b93045874726183e8f722,www.healthline.com,73d82210fa883ad9a5518aef0122c79f,1,0,14.034,197,192,125,56,1,9,61,201,385,9,1
UI-TARS,agent,Mind2Web--4f903626f632586fe4728d6664947bab,www.justice.gov,139fdf46e6829edb9cfe2f081b354fd4,1,0,15.109,204,111,37,8,15,3,108,251,432,7,2
UI-TARS,agent,Mind2Web--4f903626f632586fe4728d6664947bab,www.justice.gov,84720fa76a6b4d0e5680553cd4ac7ac8,1,0,14.892,221,125,44,8,15,3,109,267,463,5,2
UI-TARS,agent,Mind2Web--3ec0f6138d37fadcb989347a6088ec45,www.bbb.org,443c1bd623431f70022b553c913ff377,1,0,12.903,28,22,3,3,1,1,6,17,61,0,0
UI-TARS,agent,Mind2Web--3ec0f6138d37fadcb989347a6088ec45,www.bbb.org,c54b5716770037248395fe8e367cacad,1,0,12.311,28,22,3,3,1,1,6,17,61,0,0
UI-TARS,agent,Mind2Web--2207bb4f21786690cfed20b37253fb8b,www.theweathernetwork.com,ed9a117990173fa543bead273fdcf01c,1,0,13.472,455,405,300,104,1,48,270,466,913,3,6
UI-TARS,agent,Mind2Web--2207bb4f21786690cfed20b37253fb8b,www.theweathernetwork.com,997f962faa5b25d0d4d055054c8240e6,1,0,34.773,593,543,432,137,1,80,454,611,1190,3,6
UI-TARS,agent,Mind2Web--9c04b71bb8db6cf8e743b2290cbc8797,www.ups.com,438c8a742ed2df0aa87fb6798ef858eb,0,0,49.656,0,0,0,0,0,0,0,0,0,0,0
UI-TARS,agent,Mind2Web--9c04b71bb8db6cf8e743b2290cbc8797,www.ups.com,805ed5948c4ae86efaf59f7337103b33,0,0,48.642,0,0,0,0,0,0,0,0,0,0,0
UI-TARS,agent,Mind2Web--4e0f5561a76478da87995dee00b09572,www.accuweather.com,f1406998d958362de5006571a02bd362,0,0,49.52,0,0,0,0,0,0,0,0,0,0,0
UI-TARS,agent,Mind2Web--4e0f5561a76478da87995dee00b09572,www.accuweather.com,3d45d23f0053aaaa20ea91b9af4fd4ba,0,0,48.667,0,0,0,0,0,0,0,0,0,0,0
UI-TARS,agent,Mind2Web--7562d9b4e4829a44245aafce2e1f62db,www.usps.com,dae95c1894991591efa0ec8043d3c3b3,0,0,29.405,0,0,0,0,0,0,0,0,0,0,0
UI-TARS,agent,Mind2Web--7562d9b4e4829a44245aafce2e1f62db,www.usps.com,17950e35bfafde9037026b9aed85edfe,0,0,28.816,0,0,0,0,0,0,0,0,0,0,0
UI-TARS,agent,Mind2Web--bd1e3770b7181f6fce9c35e18caa9785,craigslist.org,ed14b708993f3543ad0076ac5d92eed0,1,0,30.944,27,0,0,0,0,0,22,25,55,0,0
UI-TARS,agent,Mind2Web--bd1e3770b7181f6fce9c35e18caa9785,craigslist.org,6be5698356df506a84618a472e85a9ab,1,0,27.122,27,0,0,0,0,0,22,25,55,0,0
UI-TARS,agent,Mind2Web--330cd04c773ac498f51afa4665461ec8,craigslist.org,900ef48ceccc744a9fb2e2b11eaea2c4,1,0,22.677,11,0,0,0,0,0,7,9,22,0,0
UI-TARS,agent,Mind2Web--ec78d3a635e417bc2a80d03ca93d7165,www.gov.uk,31a2c3586ed8b021be9b9efe762bbcc9,0,0,12.659,16,0,0,0,0,0,0,13,32,0,0
UI-TARS,agent,Mind2Web--330cd04c773ac498f51afa4665461ec8,craigslist.org,638047f217e37293b58e8acb590c74c2,1,0,20.764,9,0,0,0,0,0,5,5,18,0,0
UI-TARS,agent,Mind2Web--ec78d3a635e417bc2a80d03ca93d7165,www.gov.uk,7c437a8a7deae8be589344d7de92029a,0,0,10.098,16,0,0,0,0,0,0,13,32,0,0
UI-TARS,agent,Mind2Web--a0a18ca6a3529f3e97c771aadd42d3a0_110325,www.jcpenney.com,315b8246a10e2a806ec847872a23061b,0,0,14.983,1,0,0,0,0,0,0,0,2,0,0
UI-TARS,agent,Mind2Web--a0a18ca6a3529f3e97c771aadd42d3a0_110325,www.jcpenney.com,3e613945831faa641fa51bb3bd6d04f8,0,0,29.862,1,0,0,0,0,0,0,0,2,0,0
UI-TARS,agent,Mind2Web--82eb3bfedd78456a0230b389f4e7a938,coinmarketcap.com,d7bca14eaf494c955c6343aba608dd75,1,0,21.635,658,169,157,27,3,12,172,668,1335,0,2
UI-TARS,agent,Mind2Web--82eb3bfedd78456a0230b389f4e7a938,coinmarketcap.com,b075a53097f77b0616467b14375e1cc3,1,0,27.226,873,176,169,11,2,1,282,867,1778,1,0
UI-TARS,agent,Mind2Web--e7f6cca9a8875f98fee3b711ead3a444_110325,www.tumblr.com,223c9817c7311f621a0f8f81c000910d,1,0,14.629,352,340,242,95,1,55,223,382,719,0,0
UI-TARS,agent,Mind2Web--e7f6cca9a8875f98fee3b711ead3a444_110325,www.tumblr.com,1563bc3e1fe6eafdbf5defc412260ce5,1,0,13.371,462,450,351,123,1,87,328,492,940,0,1
UI-TARS,agent,Mind2Web--75a1b5dcd2c28508a971d98d51fe5767,www.allrecipes.com,feb1b87a1a02f169008b4605d5cdb3cc,1,0,13.004,507,477,434,145,5,73,320,524,1025,7,9
UI-TARS,agent,Mind2Web--c03ee2be3d73556ab789c0ad1cbd3451,www.akc.org,390f4f222b56f5121331e8370d3057d4,1,0,14.089,160,62,41,20,1,8,21,166,323,0,0
UI-TARS,agent,Mind2Web--75a1b5dcd2c28508a971d98d51fe5767,www.allrecipes.com,e9bfee360b8378693b81e8ea051e1554,0,0,50.26,0,0,0,0,0,0,0,0,0,0,0
UI-TARS,agent,Mind2Web--c03ee2be3d73556ab789c0ad1cbd3451,www.akc.org,aea8eb9c746df8a8a82c191055d6445f,1,0,12.592,160,62,41,20,1,8,21,166,323,0,0
UI-TARS,agent,Mind2Web--05483c50cc9b04c8ac44c574758fb2bd,www.bbb.org,4ec6da61a903b1620d006a2bfcef19cf,1,0,12.403,28,22,3,3,1,1,6,17,61,0,0
UI-TARS,agent,Mind2Web--a172a5d9ffaf5ef02bd550ec4fe24e6d,www.drugs.com,23772fd172b0571745dbeeb0ae59351b,0,0,9.646,1,0,0,0,0,0,0,0,2,0,0
UI-TARS,agent,Mind2Web--05483c50cc9b04c8ac44c574758fb2bd,www.bbb.org,997b1efbb5629038d46b5162c39cf95d,1,0,24.522,28,22,3,3,1,1,6,17,61,0,0
UI-TARS,agent,Mind2Web--7e1047f4803237f319c004f7a7f6bccb_121125,www.bestbuy.com,c081b45df9c25261ffc4a066a7792197,0,0,24.338,16,3,3,2,0,0,12,15,32,0,0
UI-TARS,agent,Mind2Web--a172a5d9ffaf5ef02bd550ec4fe24e6d,www.drugs.com,bdbedb14939b3cd5132cdc4ba43ba1f4,0,0,29.738,1,0,0,0,0,0,0,0,2,0,0
UI-TARS,agent,Mind2Web--f2be37a9a60fbc25b6b11cf622d17352_110325,www.akc.org,b736a5cbdc48489cb9973463158c1cf3,1,0,12.515,1351,1252,400,45,1,12,794,1362,2634,14,0
UI-TARS,agent,Mind2Web--f2be37a9a60fbc25b6b11cf622d17352_110325,www.akc.org,440adc8b85d8803c723f9bcc1afa3736,1,0,14.352,201,87,56,19,5,7,39,215,409,0,1
UI-TARS,agent,Mind2Web--7e1047f4803237f319c004f7a7f6bccb_121125,www.bestbuy.com,2cf98263a190d0aec08d2077279ef241,1,0,39.938,72,41,41,3,0,0,30,71,144,0,0
UI-TARS,agent,Mind2Web--e24662008c3be5d56f986f232fcec447,www.google.com,9c060d988321bca57ea7e600091914ea,1,0,14.101,198,183,10,3,1,1,27,200,348,0,0
UI-TARS,agent,Mind2Web--0170ca95038b05fa58d463fe627ac605,www.gov.uk,316a808eef75ada392b0c6dd9a444b5f,0,0,11.013,16,0,0,0,0,0,0,13,32,0,0
UI-TARS,agent,Mind2Web--e24662008c3be5d56f986f232fcec447,www.google.com,7e0a1aa3504416e3d3af9fb828274d56,0,0,39.881,0,0,0,0,0,0,0,0,0,0,0
UI-TARS,agent,Mind2Web--0170ca95038b05fa58d463fe627ac605,www.gov.uk,14c93f64d86bd29f022de86d47e907e3,0,0,9.955,16,0,0,0,0,0,0,13,32,0,0
UI-TARS,agent,Mind2Web--b3a7da968de13bbdcaed12ffe4993df6,www.akc.org,297e3968b4608177245feb782016f8f1,1,0,12.566,162,62,41,20,1,8,23,168,327,0,0
UI-TARS,agent,Mind2Web--b3a7da968de13bbdcaed12ffe4993df6,www.akc.org,21f4e61a3ab1cd03d683584f684e9278,1,0,11.753,162,62,41,20,1,8,23,168,327,0,0
UI-TARS,agent,Mind2Web--515f2e5811cfdd5e0e669e40f17886d8,www.bestbuy.com,01eb8d2dcb744b697b5e7c30fb961d15,1,0,40.942,74,41,42,3,0,0,32,73,148,0,0
UI-TARS,agent,Mind2Web--515f2e5811cfdd5e0e669e40f17886d8,www.bestbuy.com,21fffbd37d227ba276a45178bab9c389,1,0,41.462,74,41,42,3,0,0,32,73,148,0,0
UI-TARS,agent,Mind2Web--4d3157aab34b54e5f0c4b965dfe930f3,www.babycenter.com,01f3fb66c714bc2873d76327a9fd3051,1,0,14.932,206,204,71,22,1,6,145,219,409,8,0
UI-TARS,agent,Mind2Web--4d3157aab34b54e5f0c4b965dfe930f3,www.babycenter.com,367b14960a4c7a28dffeb34a575a102c,1,0,14.483,205,203,69,22,1,6,144,218,408,9,0
UI-TARS,agent,Mind2Web--e4e19e04286f644d747d8c5a79d17fac,www.drugs.com,6069c406c94da39e5db8cdfb0eff7cea,0,0,3.628,1,0,0,0,0,0,0,0,2,0,0
UI-TARS,agent,Mind2Web--e4e19e04286f644d747d8c5a79d17fac,www.drugs.com,de655788c51eef883984f620e97b9984,0,0,15.257,1,0,0,0,0,0,0,0,2,0,0
UI-TARS,agent,Mind2Web--cad62d2be0c53f08a416457486b3db23,www.adoptapet.com,1fb5ce5e9c8bde0fe3f43dac1e3356a0,1,0,16.183,168,112,76,28,1,6,102,189,339,8,3
UI-TARS,agent,Mind2Web--9ef1a8972f375db59c0e6329e11b7939,www.landwatch.com,ae6ab09fc3ac4de66007ce4d0d71fd9b,0,0,3.872,1,0,0,0,0,0,0,0,2,0,0
UI-TARS,agent,Mind2Web--cad62d2be0c53f08a416457486b3db23,www.adoptapet.com,7f04a4ef74087676d54d34d77b096bd9,1,0,16.544,170,114,78,28,1,6,102,193,343,8,3
UI-TARS,agent,Mind2Web--a11ecdff735b51372d536c866011af6f,www.coursera.org,72fa7927cc39f761616138746ebed49c,1,0,14.646,211,183,171,29,1,4,72,219,424,11,0
UI-TARS,agent,Mind2Web--9ef1a8972f375db59c0e6329e11b7939,www.landwatch.com,c23555ee823fdad558baa2ff689060e4,0,0,24.692,1,0,0,0,0,0,0,0,2,0,0
UI-TARS,agent,Mind2Web--a11ecdff735b51372d536c866011af6f,www.coursera.org,7e0bdc9cbca38900c5972d19c8ca208f,1,0,19.443,215,186,173,28,1,4,74,222,431,7,0
UI-TARS,agent,Mind2Web--7fff82864f21ddeccf4104a220892824,www.google.com,458aa1a2ef5e6071f7bc935cb605fbb0,1,0,16.578,164,87,34,1,0,0,79,237,328,0,0
UI-TARS,agent,Mind2Web--7fff82864f21ddeccf4104a220892824,www.google.com,22843a6917d1938f5b43479578782c85,1,0,16.633,164,87,34,1,0,0,79,237,328,0,0
UI-TARS,agent,Mind2Web--50d91eabde542906937ab4c5b6f8f23a_121425,www.babycenter.com,b1892cdc723bc70b287736bfafe8a549,1,0,14.441,204,202,69,22,1,6,144,217,406,8,0
UI-TARS,agent,Mind2Web--50d91eabde542906937ab4c5b6f8f23a_121425,www.babycenter.com,6db4cae6a9e173f52a821474495b4150,1,0,13.884,205,203,70,22,1,6,144,218,408,8,0
UI-TARS,agent,Mind2Web--dcd26e662a616d373ddd339747c6ce5b,www.healthline.com,4eeb435667b3a86e964cd43f1996be71,1,0,14.422,180,175,103,43,1,8,53,183,353,1,1
UI-TARS,agent,Mind2Web--eb2db4b769c145dbe6ba4f74f3e0de98,www.akc.org,f2311e31a7db59ebd01dec8dc4294624,1,0,14.041,170,71,49,24,1,11,24,178,345,0,0
UI-TARS,agent,Mind2Web--dcd26e662a616d373ddd339747c6ce5b,www.healthline.com,c6b171bcbdff410bbd309f8345f6d7f0,1,0,15.759,215,210,136,57,1,11,68,219,421,9,1
UI-TARS,agent,Mind2Web--eb2db4b769c145dbe6ba4f74f3e0de98,www.akc.org,07b802b3373eb5e29a839a04f10f84e0,1,0,13.904,161,62,41,20,1,8,22,167,325,0,0
UI-TARS,agent,Mind2Web--c0fa2c0e622971955cabf5bcf7b777e8,www.apartments.com,3d84351c179b8cc80e4bc1861bb632ea,0,0,44.657,1,0,0,0,0,0,0,0,2,0,0
UI-TARS,agent,Mind2Web--c0fa2c0e622971955cabf5bcf7b777e8,www.apartments.com,eb4d50abd9432c815dd16909669659b1,0,0,44.987,1,0,0,0,0,0,0,0,2,0,0
UI-TARS,agent,Mind2Web--ce616721ce9aeda69890fbccb29677a6,www.usps.com,c88320d39878bc3269e199b6acc8a40e,0,0,29.322,0,0,0,0,0,0,0,0,0,0,0
UI-TARS,agent,Mind2Web--ce616721ce9aeda69890fbccb29677a6,www.usps.com,3d8b0a55cc38c088cd51019148356875,0,0,29.169,0,0,0,0,0,0,0,0,0,0,0
UI-TARS,agent,Mind2Web--9d09bc948462db032bac98968b11b008,www.stubhub.com,b48c98801c32d73646af310571b4eccb,1,0,14.098,166,155,28,9,1,1,38,183,331,2,0
UI-TARS,agent,Mind2Web--9d09bc948462db032bac98968b11b008,www.stubhub.com,bbbdcebeda6e0475f655ca28bf535626,0,0,29.36,0,0,0,0,0,0,0,0,0,0,0
UI-TARS,agent,Mind2Web--29526b17a32485742b5ab63507e99417,www.drugs.com,a252da9877d881673328db0c19ee4b62,0,0,19.936,1,0,0,0,0,0,0,0,2,0,0
UI-TARS,agent,Mind2Web--29526b17a32485742b5ab63507e99417,www.drugs.com,eee0894c170e5a5f958b26901aa85066,0,0,24.861,1,0,0,0,0,0,0,0,2,0,0
UI-TARS,agent,Mind2Web--d7c955b47af68e01766fa86d0bee08a7,www.apartments.com,42666b74b7ba18c15b89ff1c81b9406d,0,0,39.41,1,0,0,0,0,0,0,0,2,0,0
UI-TARS,agent,Mind2Web--d7c955b47af68e01766fa86d0bee08a7,www.apartments.com,a608a07011547ab7eb487efde244a5be,0,0,48.352,1,0,0,0,0,0,0,0,2,0,0
UI-TARS,agent,Mind2Web--9d090a15c214eb070d9caa8a034d03c1,www.student.com,ca8a134fc9c69323e4160b5661a81d1a,1,0,20.075,193,187,75,28,1,5,99,236,433,2,3
UI-TARS,agent,Mind2Web--9d090a15c214eb070d9caa8a034d03c1,www.student.com,08a80462506d3ed04c0c164a07eb2dcb,1,0,13.28,185,179,67,28,1,5,98,224,408,2,3
UI-TARS,agent,Mind2Web--5916018d1cad999881018cac1216a692,www.thumbtack.com,4c2bc8124b0e709e6e05b38b86a51a5e,1,0,17.212,114,105,57,23,1,3,59,122,227,9,0
UI-TARS,agent,Mind2Web--5916018d1cad999881018cac1216a692,www.thumbtack.com,c0425adb5d8fe8783b25b298c5501bb6,1,0,17.45,113,104,57,23,1,3,57,119,225,9,0
UI-TARS,agent,Mind2Web--0059adc6b12a3822305deb68929b2de8,careers.walmart.com,a7b99ef7ab936512ece3afb0c1b50aad,1,0,14.694,68,33,12,5,1,2,39,94,139,0,0
UI-TARS,agent,Mind2Web--0059adc6b12a3822305deb68929b2de8,careers.walmart.com,301c2559027ce208167f8fea84f25d3c,1,0,12.955,71,39,15,6,1,2,45,101,144,2,0
UI-TARS,agent,Mind2Web--07bdc595306729a028ba06cc7451a80a,us.trip.com,94b5c76f0fbd40996c1c3ad4d17b5655,1,0,16.313,231,198,78,19,1,3,89,241,514,8,0
UI-TARS,agent,Mind2Web--07bdc595306729a028ba06cc7451a80a,us.trip.com,1b34b1f5e19f7197ce67fd9cfa924e4d,1,0,21.313,248,217,98,19,1,3,106,256,543,8,0
UI-TARS,agent,Mind2Web--64b76158720a69e4a5c31a55d54928bf,www.healthline.com,97e91f3307e5adbd6b7b11b3baba9e0d,1,0,14.618,195,190,122,55,1,9,60,199,381,9,1
UI-TARS,agent,Mind2Web--64b76158720a69e4a5c31a55d54928bf,www.healthline.com,f749fd2a5ad607d5de0414ed53390a10,1,0,14.419,197,192,126,57,1,11,63,201,386,9,1
UI-TARS,agent,Mind2Web--e3ab665e01e7632ce33ac1aeca14aff6,www.recreation.gov,8a547845042b1fdd78c95d30ffaa6596,0,0,19.285,89,55,22,11,1,1,31,91,176,3,0
UI-TARS,agent,Mind2Web--e3ab665e01e7632ce33ac1aeca14aff6,www.recreation.gov,5399a70b9bf0d2ad8b24a847c84869de,0,0,20.139,111,75,23,12,1,1,51,113,220,3,0
UI-TARS,agent,Mind2Web--2d5a7f95f951a26838289dfd629ae850_110325,www.compass.com,854b2eedbb7d0614658379cea20ab704,0,0,17.754,110,59,28,13,1,1,64,113,218,2,0
UI-TARS,agent,Mind2Web--2d5a7f95f951a26838289dfd629ae850_110325,www.compass.com,448948408cf5456c951fea5452fb4e67,0,0,18.256,110,59,28,13,1,1,64,113,218,2,0
UI-TARS,agent,Mind2Web--26810ed9c123a62992e3eed31db3c5ee,www.accuweather.com,b002ea6728029772881789cebebdfb4c,0,0,49.641,0,0,0,0,0,0,0,0,0,0,0
UI-TARS,agent,Mind2Web--26810ed9c123a62992e3eed31db3c5ee,www.accuweather.com,249d0d68168df7b972c413633726c61d,0,0,48.585,0,0,0,0,0,0,0,0,0,0,0
UI-TARS,agent,Mind2Web--c181f903ec1107b850032c17cad88393,www.webmd.com,0cd47ba429ceaf385b0d21d6738690bc,1,0,13.189,435,425,356,132,3,65,279,483,874,31,0
UI-TARS,agent,Mind2Web--c181f903ec1107b850032c17cad88393,www.webmd.com,8b22d4e17206c1bd058eae0633146684,1,0,13.21,460,451,379,144,3,70,269,507,923,27,2
UI-TARS,agent,Mind2Web--ef289e34a2f59a707cb07e2a6229ff03,www.cars.com,dd3f5576d41f3ea39c13423bff316aab,0,0,49.171,0,0,0,0,0,0,0,0,0,0,0
UI-TARS,agent,Mind2Web--ef289e34a2f59a707cb07e2a6229ff03,www.cars.com,499491e1d7df94173a44dc2e983d9e0d,0,0,49.267,0,0,0,0,0,0,0,0,0,0,0
UI-TARS,agent,Mind2Web--84f806c7fc15576673915f195efa72df,www.adoptapet.com,3d9c861228d83f43f46f50d62f4924fc,1,0,17.665,161,105,71,26,1,5,96,180,325,8,4
UI-TARS,agent,Mind2Web--84f806c7fc15576673915f195efa72df,www.adoptapet.com,13cce23b621998ec2a82c1d2457ad150,1,0,17.628,167,111,79,29,1,6,98,190,338,8,4
UI-TARS,agent,Mind2Web--be9e7dca1222714571ef3d7d59d2a41c,weather.com,7e3037defb41b2e3ddd91fbb1a509a81,1,0,14.296,758,643,623,158,1,106,646,761,1517,2,4
UI-TARS,agent,Mind2Web--be9e7dca1222714571ef3d7d59d2a41c,weather.com,889b4c9eb9ba5ce8842a6ea7518896d9,1,0,14.454,742,627,611,163,1,104,618,725,1485,2,3
UI-TARS,agent,Mind2Web--11abb668c751dd56bb41f296a8bb3a13,www.bestbuy.com,81a8820479876e55edac19a3e091c785,1,0,40.111,74,41,42,3,0,0,32,73,148,0,0
UI-TARS,agent,Mind2Web--11abb668c751dd56bb41f296a8bb3a13,www.bestbuy.com,3538ba2d5879e1a22b5398928bc39154,1,0,41.651,74,41,42,3,0,0,32,73,148,0,0
UI-TARS,agent,Mind2Web--207e933d1bba815bcb58664b5d82c085,www.apartments.com,76c9a7c58dca781898c1a6726fd5f3c8,0,0,8.385,1,0,0,0,0,0,0,0,2,0,0
UI-TARS,agent,Mind2Web--207e933d1bba815bcb58664b5d82c085,www.apartments.com,791aabb864cbdf142b6e7f65ce6c78e5,0,0,7.961,1,0,0,0,0,0,0,0,2,0,0
UI-TARS,agent,Mind2Web--29b7372d5a3884a2ba831af2d117af3c,www.google.com,e77a775c02128c01838e5b4234947fee,1,0,15.024,135,124,9,3,1,1,22,137,279,0,0
UI-TARS,agent,Mind2Web--29b7372d5a3884a2ba831af2d117af3c,www.google.com,a3e00102ddde9bdeafe374e516754a20,1,0,14.242,134,123,9,3,1,1,22,136,276,0,0
UI-TARS,agent,Mind2Web--5c00e9561eae94789443f405525a5869,www.healthline.com,78598e57c455988c30441d1af29a3209,1,0,15.216,160,155,88,36,1,6,50,163,312,0,1
UI-TARS,agent,Mind2Web--5c00e9561eae94789443f405525a5869,www.healthline.com,81119614643fac433851c6be93d8106c,1,0,14.731,166,161,90,36,1,7,54,169,324,0,1
UI-TARS,agent,Mind2Web--2532fd402d3c741b79894e6ff2269f53,www.thumbtack.com,c07ed791e83d9ffc3fc4da2e8f89f89d,1,0,13.012,113,105,57,23,1,3,56,121,225,9,0
UI-TARS,agent,Mind2Web--2532fd402d3c741b79894e6ff2269f53,www.thumbtack.com,5d4d906bd8f99e67518f225c1aac9ab1,1,0,17.815,115,106,58,23,1,3,58,123,229,9,0
UI-TARS,agent,Mind2Web--9829f3087ab1f9c8eba6b6dd2b831d25_112325,www.espn.com,9efec546eb5e37353db579646cbe6792,1,0,14.936,387,383,243,99,3,60,206,414,800,0,10
UI-TARS,agent,Mind2Web--9829f3087ab1f9c8eba6b6dd2b831d25_112325,www.espn.com,ffc0fd783e3504af6fc439624b8c8180,1,0,13.581,335,330,190,75,3,46,142,367,700,0,11
UI-TARS,agent,Mind2Web--783ce6a3499fa7cf25bc12f8f0ecbbbb,www.mayoclinic.org,9977cd603c62073e218edcce9aeeccbf,0,0,14.456,99,53,29,9,0,0,67,100,198,1,0
UI-TARS,agent,Mind2Web--6db4a0e346976f2729ba9afcd3208941,www.fedex.com,5a63102ab03ab15ae5df6f5fcf9add4c,0,0,4.805,4,0,0,0,0,0,3,3,8,0,0
UI-TARS,agent,Mind2Web--783ce6a3499fa7cf25bc12f8f0ecbbbb,www.mayoclinic.org,c86076198307fecd1a8f7cab09124fa4,0,0,29.511,0,0,0,0,0,0,0,0,0,0,0
UI-TARS,agent,Mind2Web--1fc28d91d25ccd1c6ba268101326a654,www.google.com,ada9d8f88deecc36ec677ceeb20aefae,1,0,13.969,135,124,9,3,1,1,22,137,279,0,0
UI-TARS,agent,Mind2Web--6db4a0e346976f2729ba9afcd3208941,www.fedex.com,e6578052b92df52c31a651c6cc8459c2,0,0,34.992,4,0,0,0,0,0,3,3,8,0,0
UI-TARS,agent,Mind2Web--255bf27c43fd3f9254d6b81a5f36d3a9,www.landwatch.com,d323c868e9f5a899f80816b255ecd537,0,0,20.63,1,0,0,0,0,0,0,0,2,0,0
UI-TARS,agent,Mind2Web--1fc28d91d25ccd1c6ba268101326a654,www.google.com,ff1aeb569bd8301a95adb7cf6c1f1ab2,0,0,38.95,0,0,0,0,0,0,0,0,0,0,0
UI-TARS,agent,Mind2Web--a8b9edd598561d2de901864d5f40fe67,www.fedex.com,c2d5d5d297d69a6776b27c8d24d44c16,0,0,6.44,4,0,0,0,0,0,3,3,8,0,0
UI-TARS,agent,Mind2Web--a8b9edd598561d2de901864d5f40fe67,www.fedex.com,a5ae10d199e2e98b3c2f5feffc4d2b56,0,0,2.953,1,0,0,0,0,0,0,0,2,0,0
UI-TARS,agent,Mind2Web--255bf27c43fd3f9254d6b81a5f36d3a9,www.landwatch.com,d6b0ea0ee0f5924a2822d69ced219e0e,0,0,25.065,1,0,0,0,0,0,0,0,2,0,0
UI-TARS,agent,Mind2Web--a6f0434ce6aff5f9b03681241b03ad82,finance.yahoo.com,5cfc4331d744fbfd8f1fd9b9cbbb5b14,1,0,16.032,946,514,891,137,3,74,796,774,1983,34,26
UI-TARS,agent,Mind2Web--a6f0434ce6aff5f9b03681241b03ad82,finance.yahoo.com,6894bce03191f1d9bd605a359f8f3a51,1,0,16.557,1065,634,1000,157,3,99,925,902,2217,34,24
UI-TARS,agent,Mind2Web--415bf9da6f3db3a735ecbba3b0c76c15,www.akc.org,28f35c928d3d7f7a600c9e9f1a3d488b,1,0,13.197,168,70,48,24,1,11,22,175,340,0,0
UI-TARS,agent,Mind2Web--415bf9da6f3db3a735ecbba3b0c76c15,www.akc.org,e6ebc1d4b052997fc9936710dfb32320,1,0,12.176,161,63,42,21,1,8,21,167,325,0,0
UI-TARS,agent,Mind2Web--8103786e0e5976ebf961bd062d5f39cd,www.mayoclinic.org,c4c117ce79c8dc1b81e274358939c972,0,0,14.409,94,52,28,9,0,0,63,95,188,1,0
UI-TARS,agent,Mind2Web--8103786e0e5976ebf961bd062d5f39cd,www.mayoclinic.org,8c572ee73b44c5db2112032fb556ee0e,0,0,14.51,98,52,28,9,0,0,67,99,196,1,0
UI-TARS,agent,Mind2Web--92160852a6bbbc165cee4e14ab0b1d59,www.ups.com,5117ca4cc5e791a5dd11d8326a669465,0,0,49.098,0,0,0,0,0,0,0,0,0,0,0
UI-TARS,agent,Mind2Web--92160852a6bbbc165cee4e14ab0b1d59,www.ups.com,ebe2be3aa6a6f4726c74e59811ab747f,0,0,48.249,0,0,0,0,0,0,0,0,0,0,0
UI-TARS,agent,Mind2Web--502e864440283214e0180645015f568b_110325,www.recreation.gov,88e40d4df8faabea1bb8f7c322f9cb58,0,0,20.113,88,54,21,11,1,1,30,90,174,3,0
UI-TARS,agent,Mind2Web--502e864440283214e0180645015f568b_110325,www.recreation.gov,5f642f244bb044a5f862ad75b14ad544,1,0,19.871,94,60,21,11,1,2,38,97,186,3,0
UI-TARS,agent,Mind2Web--7680a920359cb1a508fbddb001b98167,www.babycenter.com,536d1597196a21c152a310b96bd6f258,1,0,18.341,207,205,71,22,1,6,145,220,411,9,0
UI-TARS,agent,Mind2Web--7680a920359cb1a508fbddb001b98167,www.babycenter.com,385489c5b7f5361b6e14192f6db5ce66,1,0,15.157,206,204,70,22,1,6,144,219,410,9,0
UI-TARS,agent,Mind2Web--07ec4a12cba8090e2dc524d558ac7675,www.drugs.com,df02e97c4c08bf224b35d701bf9f0529,0,0,20.456,1,0,0,0,0,0,0,0,2,0,0
UI-TARS,agent,Mind2Web--07ec4a12cba8090e2dc524d558ac7675,www.drugs.com,0f0a5ce87d2733cebb44b85f41bb4b81,0,0,29.524,1,0,0,0,0,0,0,0,2,0,0
UI-TARS,agent,Mind2Web--987bad7c6d4726d64232a8a1c3386888,www.cars.com,76d18efab69757ecf91aa77dfa2402a8,0,0,49.297,0,0,0,0,0,0,0,0,0,0,0
UI-TARS,agent,Mind2Web--987bad7c6d4726d64232a8a1c3386888,www.cars.com,0027336570919d2cdeb238bc5f6d229f,0,0,48.544,0,0,0,0,0,0,0,0,0,0,0
UI-TARS,agent,Mind2Web--15be05973fba714e490cd9c884e4f072,ohio.gov,7850c03047a095df908744107f6ff7f9,0,0,15.262,17,7,7,4,0,0,1,16,34,0,0
UI-TARS,agent,Mind2Web--3adeea7627f4343069f38adae40f73d0_110325,medicare.gov,8055975f6d13652341840969753c1be1,1,0,13.675,159,98,62,24,1,6,86,166,321,2,1
UI-TARS,agent,Mind2Web--15be05973fba714e490cd9c884e4f072,ohio.gov,2f8409796316b16d742c5eda43b5918a,0,0,16.493,17,7,7,4,0,0,1,16,34,0,0
UI-TARS,agent,Mind2Web--3adeea7627f4343069f38adae40f73d0_110325,medicare.gov,a340e508f3510c3fb7c94fa87f7d5c99,1,0,17.376,217,152,92,25,1,7,94,224,436,5,1
UI-TARS,agent,Mind2Web--c94551d2b18f9ad0ab31b0bd98ca42e3_121125,www.petfinder.com,414edb3a2e3e569b0f6cf7ff0cf73a20,0,0,49.438,1,0,0,0,0,0,0,0,2,0,0
UI-TARS,agent,Mind2Web--c94551d2b18f9ad0ab31b0bd98ca42e3_121125,www.petfinder.com,1c10674095cd09fb10da0f9bd861a857,0,0,49.067,1,0,0,0,0,0,0,0,2,0,0
UI-TARS,agent,Mind2Web--4e801ba102dfaf22c7cf7a126b107609,www.thumbtack.com,efc65ec7724b95dd8a6ecbc013ee31ae,1,0,18.652,114,105,57,23,1,3,60,122,227,9,0
UI-TARS,agent,Mind2Web--4e801ba102dfaf22c7cf7a126b107609,www.thumbtack.com,238baae6153d05573647cc03a93ee1f4,1,0,19.307,103,97,51,21,1,2,56,111,205,9,0
UI-TARS,agent,Mind2Web--39c388cdc468688c8139cc2bb5157c13,www.cars.com,645c5c10a17c6d87c3bd07a7f2e0ffba,0,0,40.434,0,0,0,0,0,0,0,0,0,0,0
UI-TARS,agent,Mind2Web--39c388cdc468688c8139cc2bb5157c13,www.cars.com,b9e3c1188c941e58d2735903f555b9dc,0,0,39.62,0,0,0,0,0,0,0,0,0,0,0
UI-TARS,agent,Mind2Web--c8d7f2aa7eb5dd074c48c9f76f8659ad,www.dmv.virginia.gov,5279db56de243267038e9fde1143073f,0,0,22.671,52,36,27,13,0,0,9,63,109,1,0
UI-TARS,agent,Mind2Web--c8d7f2aa7eb5dd074c48c9f76f8659ad,www.dmv.virginia.gov,b53c2b5549d3bf86e28010fe0d635fb1,0,0,18.188,53,37,28,14,0,0,9,64,111,1,0
UI-TARS,agent,Mind2Web--fd787623166785d84093565bf945fd24,www.drugs.com,c0cd107d2aff6b3f2e84b3541d8db852,0,0,25.287,1,0,0,0,0,0,0,0,2,0,0
UI-TARS,agent,Mind2Web--fd787623166785d84093565bf945fd24,www.drugs.com,3e2bbede38649327d118c5b1a8f00fa5,0,0,14.827,1,0,0,0,0,0,0,0,2,0,0
UI-TARS,agent,Mind2Web--c3307a70bb12ebf56cc9ec926b368f15,www.drugs.com,5882668c5e955eeac612b91d32f08106,0,0,16.038,1,0,0,0,0,0,0,0,2,0,0
UI-TARS,agent,Mind2Web--c3307a70bb12ebf56cc9ec926b368f15,www.drugs.com,a889084abfa2e0bc1bad9f30b5d977c7,0,0,25.888,1,0,0,0,0,0,0,0,2,0,0
UI-TARS,agent,Mind2Web--9586827ad04ee2362f4f0076bf0f0468,www.drugs.com,e4d7467db83150ec5232f342443e37b5,0,0,3.968,1,0,0,0,0,0,0,0,2,0,0
UI-TARS,agent,Mind2Web--9586827ad04ee2362f4f0076bf0f0468,www.drugs.com,7915fdc917e53d14c21a29f5294811a9,0,0,19.978,1,0,0,0,0,0,0,0,2,0,0
UI-TARS,agent,Mind2Web--34992feb69eb8e788faa06868b365c49,www.dmv.virginia.gov,bd93449a9af7f3a651969a051d8e502f,0,0,12.1,20,16,15,6,0,0,0,27,41,0,0
UI-TARS,agent,Mind2Web--34992feb69eb8e788faa06868b365c49,www.dmv.virginia.gov,01e08f877b8275185c540fe6691a74dc,0,0,18.898,52,36,27,13,0,0,9,63,109,1,0
UI-TARS,agent,Mind2Web--47b93b9e649eadeb8d96a6e3df715c2d,www.mayoclinic.org,aa2289ef9947af9aab6898a57bf77c91,0,0,15.374,97,54,29,9,0,0,65,98,194,1,0
UI-TARS,agent,Mind2Web--47b93b9e649eadeb8d96a6e3df715c2d,www.mayoclinic.org,c41b1117d7e3f5f1cbd532ff1707dc27,0,0,15.085,95,52,29,9,0,0,65,96,190,1,0
UI-TARS,agent,Mind2Web--3443e9c3151fef19a3c3a45eb2c13640,www.webmd.com,b82f7357ec14526100c742b1f581d978,1,0,15.402,373,370,308,107,3,65,202,373,744,6,1
UI-TARS,agent,Mind2Web--3443e9c3151fef19a3c3a45eb2c13640,www.webmd.com,d251b339ad86ead59c19d5036366cb5a,1,0,13.98,102,94,37,15,3,3,20,126,209,12,0
UI-TARS,agent,Mind2Web--6b5be1764692d1dc8f17dc4375b2daa8,finance.yahoo.com,ec10f27edf0902cbb85ebb0ed39c3754,1,0,16.527,796,364,747,94,3,52,692,646,1680,36,23
UI-TARS,agent,Mind2Web--16200f51d63f0a47a58fa17acd49e368,cookpad.com,cbdc9af7670a2d45eacf8bb502d4dc4a,1,0,16.584,48,42,5,4,1,1,5,46,96,0,0
UI-TARS,agent,Mind2Web--6b5be1764692d1dc8f17dc4375b2daa8,finance.yahoo.com,18f76ec4dbbf9e4b717d6924e165ce9d,0,0,44.44,0,0,0,0,0,0,0,0,0,0,0
UI-TARS,agent,Mind2Web--16200f51d63f0a47a58fa17acd49e368,cookpad.com,efd5786f9006188a481912d151faee47,1,0,11.413,46,40,3,2,1,1,3,44,92,0,0
UI-TARS,agent,Mind2Web--c2153fc053112e89c2f103869c4d6890,www.thumbtack.com,ca6f5ecbffb73c3c971f812bcae37bfa,1,0,17.483,113,104,56,22,1,3,58,121,225,9,0
UI-TARS,agent,Mind2Web--c2153fc053112e89c2f103869c4d6890,www.thumbtack.com,ed0209877815f71c3e92bd266be7b008,0,0,39.443,0,0,0,0,0,0,0,0,0,0,0
UI-TARS,agent,Mind2Web--5e4e89c9b6fdaee7a41aca5601b82e04,www.drugs.com,6117a7e62598afec8d2dd04685fef27f,0,0,20.274,1,0,0,0,0,0,0,0,2,0,0
UI-TARS,agent,Mind2Web--60cbbbd58eb9d28b053aef945f464228,www.bbb.org,b07eb441f436d89a9dc412333d802f20,1,0,7.796,29,23,3,3,1,1,6,19,64,0,0
UI-TARS,agent,Mind2Web--5e4e89c9b6fdaee7a41aca5601b82e04,www.drugs.com,24a1a5fea433d40ed4a7763aea0942be,0,0,19.864,1,0,0,0,0,0,0,0,2,0,0
UI-TARS,agent,Mind2Web--60cbbbd58eb9d28b053aef945f464228,www.bbb.org,a976900f303552a75bf93047f2d037ff,1,0,4.949,29,23,3,3,1,1,6,19,64,0,0
UI-TARS,agent,Mind2Web--8f80e64e44e1fada018997b2fe869683_110325,9gag.com,5aa33c0c0f27329f07f83b6dd417c043,1,0,31.87,1893,1878,1775,262,1,192,1836,1997,3788,10,16
UI-TARS,agent,Mind2Web--8f80e64e44e1fada018997b2fe869683_110325,9gag.com,160f9e9a38b2848119a6c56aa36f323e,1,0,31.759,1454,1439,1340,249,1,176,1268,1522,2906,6,14
UI-TARS,agent,Mind2Web--65c4030f22fb6eb101acfee4825f1318,www.mayoclinic.org,aa0e44b12c629a89082e5f38e16329ac,0,0,15.396,96,53,29,9,0,0,64,97,192,1,0
UI-TARS,agent,Mind2Web--65c4030f22fb6eb101acfee4825f1318,www.mayoclinic.org,8007e653b7fb2548b8cfaedef91b808f,0,0,14.853,99,53,29,9,0,0,67,100,198,1,0
UI-TARS,agent,Mind2Web--6ca20f1da01edeb49a7a42c816d8c6fe,www.gov.uk,d1f70f45f850402d095fc6e7e90462f6,0,0,10.961,16,0,0,0,0,0,0,13,32,0,0
UI-TARS,agent,Mind2Web--6ca20f1da01edeb49a7a42c816d8c6fe,www.gov.uk,de880ef8e9b3bf7e8846d156c9843ff9,0,0,9.949,16,0,0,0,0,0,0,13,32,0,0
UI-TARS,agent,Mind2Web--2e4e21cf1449c6894b17d571c47b77ea,www.adoptapet.com,7b7d3f802ea225c45a84d98107da1f13,1,0,17.829,167,111,74,27,1,6,100,186,337,8,4
UI-TARS,agent,Mind2Web--2e4e21cf1449c6894b17d571c47b77ea,www.adoptapet.com,f13de18651b3a021f2387edecfe4d234,1,0,17.098,168,112,75,27,1,6,104,189,339,8,3
UI-TARS,agent,Mind2Web--1df24ec81137386d6476bcf343a79012,www.bestbuy.com,bde99ae02d0e8af09482624b495730a4,1,0,40.473,73,41,41,3,0,0,31,72,146,0,0
UI-TARS,agent,Mind2Web--1df24ec81137386d6476bcf343a79012,www.bestbuy.com,617b15298dc98577931efe91fdc69055,1,0,41.796,74,41,42,3,0,0,32,73,148,0,0
UI-TARS,agent,Mind2Web--4639a54f3ab549864fd8d60b7398b1e1,www.adoptapet.com,348d1f8c4e6dc920b579a9250501ddde,1,0,17.412,148,92,61,23,1,6,84,164,299,7,4
UI-TARS,agent,Mind2Web--4639a54f3ab549864fd8d60b7398b1e1,www.adoptapet.com,efe9332899f7112da1ad0d08badcd070,1,0,16.548,159,103,70,26,1,6,90,175,321,7,4
UI-TARS,agent,Mind2Web--9af05e392cf3f5a8ff17aa764ba5bda6,www.bbb.org,07f903a0ad237f1772eddcc2b83e2c1d,1,0,5.046,28,22,3,3,1,1,6,17,61,0,0
UI-TARS,agent,Mind2Web--9af05e392cf3f5a8ff17aa764ba5bda6,www.bbb.org,ab579b44ef4f0f549a12693eea7c4ca6,1,0,24.314,28,22,3,3,1,1,6,17,61,0,0
UI-TARS,agent,Mind2Web--627f7a18d85f29a687234f1ade4585c2,www.nba.com,de80e69ff4377ac5dd379e9f4744fb30,0,0,49.444,0,0,0,0,0,0,0,0,0,0,0
UI-TARS,agent,Mind2Web--0b838cd54f826c59c71f600c56b89a11,www.bbb.org,470f97a14da5d194d5e657ea12cbefd8,1,0,12.753,28,22,3,3,1,1,6,17,61,0,0
UI-TARS,agent,Mind2Web--627f7a18d85f29a687234f1ade4585c2,www.nba.com,151466e6b6d2357b10cdbd4e53c16293,0,0,48.601,0,0,0,0,0,0,0,0,0,0,0
UI-TARS,agent,Mind2Web--0b838cd54f826c59c71f600c56b89a11,www.bbb.org,833ea7a8efbd87e89aa84f8c25705603,1,0,6.517,28,22,3,3,1,1,6,17,61,0,0
UI-TARS,agent,Mind2Web--5dec0e6620849459f29e6465982c597e,www.bestbuy.com,1dbf746df4b4a9ef3793514a18b910a4,1,0,41.749,74,41,42,3,0,0,32,73,148,0,0
UI-TARS,agent,Mind2Web--5dec0e6620849459f29e6465982c597e,www.bestbuy.com,a6d9052ec8aed9ac1443ea3d5f58ed18,1,0,41.557,74,41,42,3,0,0,32,73,148,0,0
UI-TARS,agent,Mind2Web--52efbab520734ef9bf7c09ba0f62cdc8,www.recreation.gov,b27f849d1123ed5f77f3f98a283b1bc4,0,0,16.372,88,54,21,11,1,1,30,90,174,3,0
UI-TARS,agent,Mind2Web--52efbab520734ef9bf7c09ba0f62cdc8,www.recreation.gov,00bef7d76e7d885dc731c79982231113,0,0,14.162,88,54,21,11,1,1,18,90,174,3,0
UI-TARS,agent,Mind2Web--b1ce968a361e1088ce8d2ade6c2c9af0,www.petfinder.com,bb1c1c25d8e03b2abcfdd3582460fa66,0,0,49.195,1,0,0,0,0,0,0,0,2,0,0
UI-TARS,agent,Mind2Web--b1ce968a361e1088ce8d2ade6c2c9af0,www.petfinder.com,faaf50d5a7781f0aca8a6023cef2eea4,0,0,48.976,1,0,0,0,0,0,0,0,2,0,0
UI-TARS,agent,Mind2Web--23204728192da9f73197a613d9681c18,www.mayoclinic.org,39c67c49154f93430ccf2a49961482fa,0,0,13.153,95,52,28,9,0,0,64,96,190,1,0
UI-TARS,agent,Mind2Web--23204728192da9f73197a613d9681c18,www.mayoclinic.org,81b6b99562a2cd2597888b2f9e55fc57,0,0,14.603,94,52,28,9,0,0,63,95,188,1,0
UI-TARS,agent,Mind2Web--a69d2934fe54fef165490a5a2d95bf38,cookpad.com,2815e9bb0128bcb2b097933d732cc133,1,0,14.267,79,73,5,4,1,1,5,77,158,0,0
UI-TARS,agent,Mind2Web--a69d2934fe54fef165490a5a2d95bf38,cookpad.com,e66748fa1094b9cf20ae8b82f75b9c87,1,0,13.403,79,73,5,4,1,1,5,77,158,0,0
UI-TARS,agent,Mind2Web--e9f4dfc67e0e6aa37f05f7cc5aa7428c,www.healthgrades.com,ddaa9cc813b1a0a4afb4dc49c3466816,0,0,2.476,4,3,4,2,0,0,0,3,8,0,0
UI-TARS,agent,Mind2Web--e9f4dfc67e0e6aa37f05f7cc5aa7428c,www.healthgrades.com,df5b3dc81ab8ce90a834f4f373d89635,0,0,5.47,4,3,4,2,0,0,0,3,8,0,0
UI-TARS,agent,Mind2Web--2218042362d8fae73756eb309848c2b2,www.cars.com,4ff6ed40c65d3c6dc84a8a95d9c467c7,0,0,49.33,0,0,0,0,0,0,0,0,0,0,0
UI-TARS,agent,Mind2Web--2218042362d8fae73756eb309848c2b2,www.cars.com,9dd25d76ff78cd9fc68633acdc04b645,0,0,48.603,0,0,0,0,0,0,0,0,0,0,0
UI-TARS,agent,Mind2Web--ba2a469af584f16da93ce6a7430cf7e5,www.coursera.org,b2d92d303391efa1078b926e57bd1651,1,0,12.169,205,181,169,27,1,4,68,213,411,11,0
UI-TARS,agent,Mind2Web--ba2a469af584f16da93ce6a7430cf7e5,www.coursera.org,e86bf390ec2254e9e83bc3b66443bcfc,1,0,15.189,218,191,176,28,1,4,76,225,436,11,0
UI-TARS,agent,Mind2Web--26784156ae9859a0dd6c5920eb106f91,www.apartments.com,e92c549e14e4dd41ba74d67bccee9b9d,0,0,24.728,1,0,0,0,0,0,0,0,2,0,0
UI-TARS,agent,Mind2Web--26784156ae9859a0dd6c5920eb106f91,www.apartments.com,28b9f2e1d6a90493786ac41bf3097df4,0,0,29.174,1,0,0,0,0,0,0,0,2,0,0
UI-TARS,agent,Mind2Web--47e314cc452c540524ffb7cf520285a3,www.recreation.gov,33c5306c3888956a36807f775afdbf64,0,0,13.68,87,53,20,11,1,1,28,89,171,2,0
UI-TARS,agent,Mind2Web--47e314cc452c540524ffb7cf520285a3,www.recreation.gov,2211eef216298638624d6a37db456aee,0,0,13.69,86,52,19,11,1,1,29,88,170,2,0
UI-TARS,agent,Mind2Web--271b36efd4346721b5542488ff997042,www.bestbuy.com,1bda61873ef732f957deeb41f0f12392,0,0,50.652,0,0,0,0,0,0,0,0,0,0,0
UI-TARS,agent,Mind2Web--271b36efd4346721b5542488ff997042,www.bestbuy.com,e0234417d5f5628dc769955d5a13ca04,0,0,44.514,0,0,0,0,0,0,0,0,0,0,0
UI-TARS,agent,Mind2Web--6b2cfae0ef25c73d1224b6ab74cb8b63,www.nba.com,778fde67cde45ed59bafbf4d535b776f,0,0,49.188,0,0,0,0,0,0,0,0,0,0,0
UI-TARS,agent,Mind2Web--6b2cfae0ef25c73d1224b6ab74cb8b63,www.nba.com,2046305d1c90b15ea145c3addcefbf77,0,0,49.236,0,0,0,0,0,0,0,0,0,0,0
UI-TARS,agent,Mind2Web--0a54069a0ef542e571d1fee7f39c93d5,www.adoptapet.com,c7826fbf5fe2d2cdf439a92c65cd7b9d,1,0,16.834,164,108,74,27,1,6,101,183,331,8,4
UI-TARS,agent,Mind2Web--0a54069a0ef542e571d1fee7f39c93d5,www.adoptapet.com,97e326f3f1b9094cc430f62abd29fd85,1,0,17.326,174,118,82,27,1,6,104,196,352,8,4
UI-TARS,agent,Mind2Web--4e3f6a538cc1f7321cfc50260db9545d,www.theweathernetwork.com,7e501f8f3ef7efb712601fe66b107abd,1,0,13.667,493,443,338,113,1,58,322,502,990,3,6
UI-TARS,agent,Mind2Web--4e3f6a538cc1f7321cfc50260db9545d,www.theweathernetwork.com,b8e532d38066a2ef48ff0fc99219a16b,1,0,14.071,492,442,336,115,1,58,318,503,988,3,6
UI-TARS,agent,Mind2Web--f00e7accfb4a5e09680bdb326e6274ad,www.accuweather.com,c5f517dab9a1faecf2129c74b343d8b1,0,0,49.211,0,0,0,0,0,0,0,0,0,0,0
UI-TARS,agent,Mind2Web--f00e7accfb4a5e09680bdb326e6274ad,www.accuweather.com,0b43fe6073c52b56e3ade398b9baf62b,0,0,49.405,0,0,0,0,0,0,0,0,0,0,0
UI-TARS,agent,Mind2Web--6174e5ddd40cfbdc33ee1502f40bac39,www.recreation.gov,fdc8498c7b22efc7dcc968ed37e6930c,0,0,15.207,88,54,21,11,1,1,28,90,174,3,0
UI-TARS,agent,Mind2Web--6174e5ddd40cfbdc33ee1502f40bac39,www.recreation.gov,33aa98cb5667431150b722ff3ee4fafc,0,0,15.227,90,56,23,12,1,1,29,92,178,3,0
UI-TARS,agent,Mind2Web--547f5729c59d5d12a457a3ebb74c31c6_010226,www.apartments.com,5809809687c0eb6643f74ac61ff10c4a,0,0,33.966,1,0,0,0,0,0,0,0,2,0,0
UI-TARS,agent,Mind2Web--547f5729c59d5d12a457a3ebb74c31c6_010226,www.apartments.com,7ea0b141aba2309da934f007010e43fa,0,0,34.109,1,0,0,0,0,0,0,0,2,0,0
UI-TARS,agent,Mind2Web--0b2623e9fa5cea997f76490bcbc5220f,www.petfinder.com,2ebc3c1095b62c6fd6afbea4d2c039bb,0,0,49.496,1,0,0,0,0,0,0,0,2,0,0
UI-TARS,agent,Mind2Web--0b2623e9fa5cea997f76490bcbc5220f,www.petfinder.com,88b5bf5b98cac6051f4d2854bed5bb70,0,0,49.705,1,0,0,0,0,0,0,0,2,0,0
UI-TARS,agent,Mind2Web--3ae28b3c440efe87dc700480b78ac608,www.healthgrades.com,597b7a5054a9e3fdbe2ac2e0aee18727,0,0,51.755,0,0,0,0,0,0,0,0,0,0,0
UI-TARS,agent,Mind2Web--3ae28b3c440efe87dc700480b78ac608,www.healthgrades.com,46c67f910d85571f26fda755123d96d7,0,0,56.253,0,0,0,0,0,0,0,0,0,0,0
UI-TARS,agent,Mind2Web--0632e496d37badee0350dad358f047c5,cookpad.com,cb945ddf2533c18de29734ff0e88cb00,1,0,12.92,48,42,5,4,1,1,5,46,96,0,0
UI-TARS,agent,Mind2Web--0632e496d37badee0350dad358f047c5,cookpad.com,3001771dee53f4b6cd5b8911fdd3eb5c,1,0,11.913,48,42,5,4,1,1,5,46,96,0,0
UI-TARS,agent,Mind2Web--aafd1fddea1558466ac6133934d35156,www.apartments.com,8ba97c466e431f90f6cdaea4fa501900,0,0,44.418,1,0,0,0,0,0,0,0,2,0,0
UI-TARS,agent,Mind2Web--aafd1fddea1558466ac6133934d35156,www.apartments.com,afd5cebfe308246543e7aa4d97c93846,0,0,48.555,1,0,0,0,0,0,0,0,2,0,0
UI-TARS,agent,Mind2Web--246d654fab7c31d9651007e39e75f74f,www.recreation.gov,893b1f0243533ea98d0fc3dd000feeaa,0,0,13.937,81,47,18,10,1,1,27,83,162,3,0
UI-TARS,agent,Mind2Web--246d654fab7c31d9651007e39e75f74f,www.recreation.gov,acc8d82d1b9fa059b048fe052a8f2cfa,0,0,14.6,83,49,17,11,1,1,27,85,165,2,0
UI-TARS,agent,Mind2Web--690d7b4a285fdb1e9dabf973bf46ae4d,craigslist.org,d7c3d2cc3f477a6591c32b9dbe1814e4,1,0,27.786,21,0,0,0,0,0,16,18,43,0,0
UI-TARS,agent,Mind2Web--690d7b4a285fdb1e9dabf973bf46ae4d,craigslist.org,1c2267fe94518309ae73b9fa6fca98db,1,0,29.127,30,0,0,0,0,0,25,36,61,0,0
UI-TARS,agent,Mind2Web--c43a7dccf5c44f7b45a821e712dd1970,www.healthline.com,10bc1913608ebb5e09f0c5138affb7f4,0,0,35.45,0,0,0,0,0,0,0,0,0,0,0
UI-TARS,agent,Mind2Web--c43a7dccf5c44f7b45a821e712dd1970,www.healthline.com,af5d1eb536aec2da1f53dbeab5164606,0,0,35.227,0,0,0,0,0,0,0,0,0,0,0
UI-TARS,agent,Mind2Web--d5c34bf39eb6096ae5d439325cde4d32,www.dmv.virginia.gov,5d35d0b5277f1c39c166f21cfceff4fe,0,0,23.733,106,82,43,16,0,0,27,130,225,5,0
UI-TARS,agent,Mind2Web--d5c34bf39eb6096ae5d439325cde4d32,www.dmv.virginia.gov,ba302e984c30c1c9afb3323aab31b984,0,0,24.27,101,77,38,16,0,0,22,122,215,5,0
UI-TARS,agent,Mind2Web--180ed2ec377ef3a4af9035a21522091a,umich.edu,35e0d8cdb77ba304f716f624a89e4c5c,1,0,12.652,104,10,16,4,1,1,97,93,208,0,42
UI-TARS,agent,Mind2Web--180ed2ec377ef3a4af9035a21522091a,umich.edu,8fe87ea92acda69a97f2b5b5c22c0882,1,0,13.273,105,11,17,4,1,1,99,93,210,0,42
UI-TARS,agent,Mind2Web--c521933dad9c0ef9f1dfa2f38b8e4405,www.accuweather.com,8c0b62c1a6f4793711c7ed787af78eb5,0,0,49.233,0,0,0,0,0,0,0,0,0,0,0
UI-TARS,agent,Mind2Web--c521933dad9c0ef9f1dfa2f38b8e4405,www.accuweather.com,bbfe12f5f34dceff8b08d8a95d53021d,0,0,48.828,0,0,0,0,0,0,0,0,0,0,0
UI-TARS,agent,Mind2Web--9b5dfe54a1c14c5c6336bae7374c3bb5,www.ups.com,8d48a0252f6835ade35b6afb2595e051,0,0,48.672,0,0,0,0,0,0,0,0,0,0,0
UI-TARS,agent,Mind2Web--9b5dfe54a1c14c5c6336bae7374c3bb5,www.ups.com,0a708708538ecce52b389587a9239a45,0,0,47.876,0,0,0,0,0,0,0,0,0,0,0
UI-TARS,agent,Mind2Web--c073ac1bcf40f84c599affc97edbc396,www.apartments.com,40c7b043f8e9fa55082337ba161dcbd2,0,0,30.324,1,0,0,0,0,0,0,0,2,0,0
UI-TARS,agent,Mind2Web--c073ac1bcf40f84c599affc97edbc396,www.apartments.com,e1a0e9147cbedb85cfea84f7bf45d90d,0,0,40.362,1,0,0,0,0,0,0,0,2,0,0
UI-TARS,agent,Mind2Web--73d08420706ae205a9c5be28b6d4e80f,www.recreation.gov,c6563bb60faf916d5c28d100c0af1255,0,0,14.096,89,55,22,11,1,1,32,91,177,3,0
UI-TARS,agent,Mind2Web--73d08420706ae205a9c5be28b6d4e80f,www.recreation.gov,2d2dd50ed3a95dea755fc194bb45892b,0,0,14.118,104,70,37,11,1,1,27,106,207,4,0
UI-TARS,agent,Mind2Web--0a0fa834ce41b5297c6474293383759d_110325,www.carnival.com,2395fa799669bddcf692f90a266a030b,1,0,16.841,141,41,34,15,1,1,107,156,285,1,6
UI-TARS,agent,Mind2Web--0a0fa834ce41b5297c6474293383759d_110325,www.carnival.com,24065ca8bac853c34dfae6dbc0f9dc93,1,0,15.76,147,47,36,16,1,3,107,162,298,1,6
UI-TARS,agent,Mind2Web--a13e4231a3d6a7000c622c56448d97ba,www.airbnb.com,5856710605a43da8a9dfaca40a6410fb,1,0,17.425,261,219,70,21,1,8,91,295,625,45,28
UI-TARS,agent,Mind2Web--a13e4231a3d6a7000c622c56448d97ba,www.airbnb.com,c219f90f450a9622976cf328b7ab2555,1,0,18.504,257,215,68,21,1,8,92,293,609,43,28
UI-TARS,agent,Mind2Web--bb518416a786fdb9b9bbf0c78515595e,www.osu.edu,3651862c7a7930cbad1be6c38bb2e5e3,1,0,29.292,231,175,104,23,1,6,113,247,470,9,5
UI-TARS,agent,Mind2Web--bb518416a786fdb9b9bbf0c78515595e,www.osu.edu,a4ad5714491d2397f1ca98cf7e0bdd7a,1,0,34.089,236,180,109,23,1,6,119,252,481,8,6
UI-TARS,agent,Mind2Web--b99c02965196d51e80ac7539e33f335b,www.berkeley.edu,dcb18e242ed15f71a5b83c50219f3e24,0,0,15.183,42,15,7,5,0,0,29,43,84,0,2
UI-TARS,agent,Mind2Web--b99c02965196d51e80ac7539e33f335b,www.berkeley.edu,5562b6d15f5b84ecc3e6a432ec27b610,0,0,14.855,42,15,7,5,0,0,29,43,84,0,2
UI-TARS,agent,Mind2Web--27fa3ac20745d3d35e89fae157f63069,www.stanford.edu,3f85f647cc5d31e005870f9219351bf6,1,0,22.085,202,133,108,15,0,0,92,290,411,9,0
UI-TARS,agent,Mind2Web--b4aa7315e31dfcdc52baf7771be260c9,www.nvidia.com,ba9da70d4fe287fb0eb802fefb388036,0,0,17.199,53,27,12,4,0,0,26,51,106,0,0
UI-TARS,agent,Mind2Web--b4aa7315e31dfcdc52baf7771be260c9,www.nvidia.com,e5c52b0a144acf4523baa7d6495e7be5,0,0,17.82,54,27,12,4,0,0,27,52,108,0,0
UI-TARS,agent,Mind2Web--27fa3ac20745d3d35e89fae157f63069,www.stanford.edu,bb26919c6dc7734a590c0de4f841eb5b,1,0,48.274,177,117,92,14,0,0,88,246,361,11,0
UI-TARS,agent,Mind2Web--442a450e696a96085257db6297891a4d,www.chase.com,7f977eff6002599e9299a2ba1da53aae,1,0,39.905,55,23,7,4,1,2,44,61,161,1,1
UI-TARS,agent,Mind2Web--442a450e696a96085257db6297891a4d,www.chase.com,c05bb2f1cdbf71653b73d70073f6630f,0,0,39.712,51,19,7,4,0,0,44,57,153,1,1
UI-TARS,agent,Mind2Web--9ed3827266b3b804f485859c3d00401e,www.chase.com,12842767c28393dca268ee20db5a6283,1,0,22.103,55,23,7,4,1,2,44,61,161,1,1
UI-TARS,agent,Mind2Web--9ed3827266b3b804f485859c3d00401e,www.chase.com,9ae353f2e082c7e732e1f285ec131ce7,0,0,30.987,51,19,7,4,0,0,44,57,153,1,1
UI-TARS,agent,Mind2Web--c801d1c951f59297f526bab84fa86c6e,store.steampowered.com,51d2b14a5d9fdc21420bba76d772bdd1,0,0,49.315,0,0,0,0,0,0,0,0,0,0,0
UI-TARS,agent,Mind2Web--c801d1c951f59297f526bab84fa86c6e,store.steampowered.com,9fd6904fab1e90acbcdb38f1720f9471,0,0,48.564,0,0,0,0,0,0,0,0,0,0,0
UI-TARS,agent,Mind2Web--7c09c2c7c87cf6bb1138701eb54284ea,phys.org,eee4c7e1ebf2e4a453652b1b0b66e933,1,0,19.4,191,185,176,19,3,4,24,196,384,1,0
UI-TARS,agent,Mind2Web--afcebfed28bea091d58f49ea6cb8194b,www.cvs.com,1813cfc23a5c7b523b809749d837f47c,0,0,6.646,1,0,0,0,0,0,0,0,2,0,0
UI-TARS,agent,Mind2Web--7c09c2c7c87cf6bb1138701eb54284ea,phys.org,e6f2cd48ab9e609a14ef0b775699fd5b,1,0,16.153,253,249,235,33,1,16,47,257,509,2,3
UI-TARS,agent,Mind2Web--afcebfed28bea091d58f49ea6cb8194b,www.cvs.com,5505f9c864040edd5582205cb12985f9,0,0,4.521,1,0,0,0,0,0,0,0,2,0,0
UI-TARS,agent,Mind2Web--64345c365f544375357c7b67917f08a0_110325,www.us-appliance.com,1db84127209dbf710e0ecb9c8585b34b,1,0,18.094,243,228,58,28,1,6,123,253,484,4,0
UI-TARS,agent,Mind2Web--64345c365f544375357c7b67917f08a0_110325,www.us-appliance.com,877e39f27d4e6d5b66d90689559ff49d,1,0,21.191,238,223,53,24,1,6,125,253,474,4,0
UI-TARS,agent,Mind2Web--ab6ee3b83aab6cd283320f5e01003cff,www.apple.com,911b4118b858d9c72a7b8ca2bbf2f188,1,0,21.712,124,7,12,2,2,1,123,140,263,7,0
UI-TARS,agent,Mind2Web--ab6ee3b83aab6cd283320f5e01003cff,www.apple.com,b792fc6d0461855e4e288a34140b3999,1,0,26.584,90,3,7,2,2,1,89,94,187,1,0
UI-TARS,agent,Mind2Web--33bd2cdcea4fcc42a09a8a1e4e5841c6_110325,raisingcanes.com,af8b35fca828de6628b33ed6b6108795,0,0,14.414,2,1,0,0,0,0,0,0,4,0,0
UI-TARS,agent,Mind2Web--33bd2cdcea4fcc42a09a8a1e4e5841c6_110325,raisingcanes.com,1232a3f2971ddb5a54e70ac95600c9e0,0,0,12.783,2,1,0,0,0,0,0,0,4,0,0
UI-TARS,agent,Mind2Web--47186fac8e7c7277af01144644eb4e0b_121125,www.parkers.co.uk,fbed8b9abb4acf30641c8cb3a081bbb1,1,0,27.859,416,390,278,104,1,48,250,467,823,18,10
UI-TARS,agent,Mind2Web--47186fac8e7c7277af01144644eb4e0b_121125,www.parkers.co.uk,7365ea7d495020fc078578cf4578a806,1,0,40.002,841,809,718,161,3,101,602,910,1677,16,18
UI-TARS,agent,Mind2Web--fa9adb815b85d259f943d81874a052e5,soundcloud.com,3e6ec13435d7c8a371dad1e509707df6,0,0,49.267,0,0,0,0,0,0,0,0,0,0,0
UI-TARS,agent,Mind2Web--fa9adb815b85d259f943d81874a052e5,soundcloud.com,f40871031402dee0d44277896e7d4b77,0,0,48.729,0,0,0,0,0,0,0,0,0,0,0
UI-TARS,agent,Mind2Web--b922508886ded315c9835457a6eb43ea,jobs.chronicle.com,b94647c21d9ad1ec9a16d3098a2912a0,1,0,16.244,84,51,45,21,1,4,20,87,170,0,2
UI-TARS,agent,Mind2Web--b922508886ded315c9835457a6eb43ea,jobs.chronicle.com,7e3c94c40dcad0a5f6a14ae238e478db,1,0,17.4,77,44,39,20,1,2,20,80,156,0,2
UI-TARS,agent,Mind2Web--5d542a7ec1fa142ba73cc87d970caf39,dblp.org,59e7c50ecf6b9870da6edba168471456,1,0,34.604,70,0,0,0,0,0,4,72,140,0,0
UI-TARS,agent,Mind2Web--5d542a7ec1fa142ba73cc87d970caf39,dblp.org,c4818f10cd0d1261e289ecc4c539089c,1,0,32.068,71,0,0,0,0,0,4,73,142,0,0
UI-TARS,agent,Mind2Web--864244b6969e0f8733b0eb1ca06cd51f,www.espn.com,00e78ed371d55223ff80663b65abb50b,1,0,13.021,175,171,48,34,3,14,26,189,381,0,7
UI-TARS,agent,Mind2Web--01abae9608f2d8752a83e08f136f720c,www.cboe.com,8b87b2414c134e143b2f70f3d0f8d4be,1,0,14.211,259,138,110,36,9,9,167,322,520,29,0
UI-TARS,agent,Mind2Web--864244b6969e0f8733b0eb1ca06cd51f,www.espn.com,f2e1d8a4d6661bd105f9a7eff68ffa77,1,0,34.088,431,427,291,116,3,71,242,471,888,1,7
UI-TARS,agent,Mind2Web--01abae9608f2d8752a83e08f136f720c,www.cboe.com,b53749a7ba60a577b60ef0be4999e686,1,0,13.183,233,119,98,36,6,10,159,285,466,13,0
UI-TARS,agent,Mind2Web--da8f3823a827c7d3a492f383808e7912,www.instructure.com,e97ed2ef36cff0a1f4d300e8476f41a2,1,0,14.891,313,172,136,56,3,11,78,341,628,44,1
UI-TARS,agent,Mind2Web--da8f3823a827c7d3a492f383808e7912,www.instructure.com,199c6fe0747e5e3b39f7cd5e50b7ad74,1,0,15.325,306,166,129,56,1,11,76,333,616,42,3
UI-TARS,agent,Mind2Web--8689af4d33ce00bf2cdd8987d3bbfd86,www.apple.com,62a2e6424693bace662e55bceb7ad1a5,0,0,13.338,42,2,4,2,1,1,41,43,86,0,0
UI-TARS,agent,Mind2Web--8689af4d33ce00bf2cdd8987d3bbfd86,www.apple.com,2e683df89b8281d82cd1dcdc20b28ebe,1,0,13.6,66,5,8,2,2,1,64,71,137,2,0
UI-TARS,agent,Mind2Web--78f397336b6fd1cbba0127db7a8cd502,www.redbull.com,a01333642df6c31ec895a7bb9d60f15f,0,0,16.193,242,176,9,5,0,0,78,268,493,0,3
UI-TARS,agent,Mind2Web--78f397336b6fd1cbba0127db7a8cd502,www.redbull.com,48c84973ba393e6d0a49ac23fb0822b4,0,0,16.495,242,176,9,5,0,0,78,268,493,0,3
UI-TARS,agent,Mind2Web--3dca7cbe7d086619d837ff9f5312cebc_110325,zara.com,0a5ec4ad33e60c0c7d48fe187ce30edd,0,0,19.656,1,0,0,0,0,0,0,0,2,0,0
UI-TARS,agent,Mind2Web--3dca7cbe7d086619d837ff9f5312cebc_110325,zara.com,cb2b2dd529b03d47c92e493029ffa738,0,0,34.54,1,0,0,0,0,0,0,0,2,0,0
UI-TARS,agent,Mind2Web--b962927dfe03bf2274a54381127ed433,bandcamp.com,e5867a4d017626a6a022308719c98c35,1,0,21.314,109,100,7,4,1,4,4,106,216,1,0
UI-TARS,agent,Mind2Web--b962927dfe03bf2274a54381127ed433,bandcamp.com,2ccd1d37a66156ac89b770451094d1bd,1,0,19.839,87,78,4,3,1,3,0,84,174,0,0
UI-TARS,agent,Mind2Web--78baf9dbe7c3532f7d7ef4cc22a7f065_121125,www.statista.com,d3c412acce2a53cd83916e40ef52f4af,1,0,19.637,85,55,12,3,2,2,37,79,172,0,0
UI-TARS,agent,Mind2Web--78baf9dbe7c3532f7d7ef4cc22a7f065_121125,www.statista.com,f2d61aff620f6f9ae1c368c28dc56134,0,0,45.0,0,0,0,0,0,0,0,0,0,0,0
UI-TARS,agent,Mind2Web--c7c07ec10c668625a21ba64165d719bb,www.verizon.com,4333ed476650f8fd0545ed949a45de0f,1,0,15.466,379,329,239,65,3,26,173,389,758,20,2
UI-TARS,agent,Mind2Web--512fd4deab099b8dc0dcfc0ec48a3c63,github.com,aec40bc0d6f51ca0577c129d2d2bb5c6,0,0,20.178,201,174,15,2,0,0,26,200,402,0,0
UI-TARS,agent,Mind2Web--512fd4deab099b8dc0dcfc0ec48a3c63,github.com,042cd4603285fc6470999be9182fef42,0,0,14.435,217,189,35,3,0,0,42,216,432,0,0
UI-TARS,agent,Mind2Web--c7c07ec10c668625a21ba64165d719bb,www.verizon.com,9a88ffa72dbb2510709cd3db63ed2b14,0,0,44.425,0,0,0,0,0,0,0,0,0,0,0
UI-TARS,agent,Mind2Web--d9d8b7d84a3f8d057e368254fe8d65e2,github.com,f4cd2a5be1d55caaab46c8c32885af35,1,0,15.477,223,185,15,2,0,0,37,222,446,0,0
UI-TARS,agent,Mind2Web--d9d8b7d84a3f8d057e368254fe8d65e2,github.com,4d3a2a43c9d68ab1679af41358b56c44,1,0,15.76,202,165,14,2,0,0,36,201,404,0,0
UI-TARS,agent,Mind2Web--157f4a79d55e8fa3fd55ba772ba40fbc,www.disney.com,fb7761f9bba64ad02089a6698c895ac0,0,0,20.523,1,0,0,0,0,0,0,0,2,0,0
UI-TARS,agent,Mind2Web--157f4a79d55e8fa3fd55ba772ba40fbc,www.disney.com,862b7b00eca12748dc368ca83834b4c0,0,0,29.581,1,0,0,0,0,0,0,0,2,0,0
UI-TARS,agent,Mind2Web--62c8d970b3d13891f355911e5a8f4030,store.steampowered.com,919a71bbe3d132b5d96c90539abbd5d5,0,0,49.565,0,0,0,0,0,0,0,0,0,0,0
UI-TARS,agent,Mind2Web--62c8d970b3d13891f355911e5a8f4030,store.steampowered.com,3d4add3ae123ff861f04a188edba32e4,0,0,48.974,0,0,0,0,0,0,0,0,0,0,0
UI-TARS,agent,Mind2Web--11857213ca01510f12813740afd59918_110325,www.birkenstock.com,421ace8a2bebf895bd908f49c7e84d02,1,0,19.835,295,196,144,18,7,2,267,371,631,18,0
UI-TARS,agent,Mind2Web--11857213ca01510f12813740afd59918_110325,www.birkenstock.com,5378e03fe3b11fc35537db9d58d040ef,1,0,23.904,374,245,185,20,11,2,339,474,795,24,0
UI-TARS,agent,Mind2Web--47bfe8a7e0e4e7efc837287b407fbe90,versus.com,a2d307ea78b5e15463daa6773cfc4daf,1,0,20.636,571,568,498,154,1,110,346,602,1148,0,0
UI-TARS,agent,Mind2Web--47bfe8a7e0e4e7efc837287b407fbe90,versus.com,931857c53b7d8767d05e0ef2a23b5f33,0,0,48.187,59,56,4,2,0,0,0,56,118,0,0
UI-TARS,agent,Mind2Web--bb314cb80f0f8489135cbf59074d11e2,iclr.cc,ef4d4ae2f9b983935d961d680afbfffb,0,0,23.49,30,13,0,0,0,0,16,17,60,0,0
UI-TARS,agent,Mind2Web--1aeca99e6a60b0e3aefb3ef212bdce79,www.ca.gov,be2b55a62e1a65dce8cb6e59c9243b0e,0,0,14.167,54,25,23,2,0,0,55,53,108,0,0
UI-TARS,agent,Mind2Web--bb314cb80f0f8489135cbf59074d11e2,iclr.cc,1f99d1c193bc8ec703ad8ba6c689dece,0,0,98.451,22,4,0,0,0,0,17,18,44,0,0
UI-TARS,agent,Mind2Web--1aeca99e6a60b0e3aefb3ef212bdce79,www.ca.gov,93bd5e8f641e794af39e405deff2143b,0,0,14.858,22,8,6,2,0,0,5,21,44,0,0
UI-TARS,agent,Mind2Web--d730f4ff450da1bd60a836163736ef6a_110325,www.backcountry.com,9ddc14fff2168761b6f61b2d6aedb40c,0,0,11.978,12,10,2,1,1,1,1,11,24,0,0
UI-TARS,agent,Mind2Web--d730f4ff450da1bd60a836163736ef6a_110325,www.backcountry.com,53904d536c0c04a3c6a38ff24e45fd42,0,0,12.761,12,10,2,1,1,1,1,11,24,0,0
UI-TARS,agent,Mind2Web--fe33894188d20d7469f37a9fd855e7ff_110325,sourceforge.net,0436ed594875962ea9ff44401de7c9b5,1,0,18.582,276,240,152,50,7,29,147,338,552,51,10
UI-TARS,agent,Mind2Web--fe33894188d20d7469f37a9fd855e7ff_110325,sourceforge.net,435619bd65c9012cf1157b650149b809,1,0,21.273,288,252,164,50,7,29,153,354,578,55,10
UI-TARS,agent,Mind2Web--71f8de1834599fba443f40dbbfab8edd,arxiv.org,43399c505775fe44dadc761877420a72,0,0,11.157,11,0,0,0,0,0,0,10,22,0,0
UI-TARS,agent,Mind2Web--71f8de1834599fba443f40dbbfab8edd,arxiv.org,576a977a7e0203d2b99ed916ec340f12,0,0,16.613,11,0,0,0,0,0,0,10,22,0,0
UI-TARS,agent,Mind2Web--c8c1ff115879b3afd14280beb1559b13,www.4shared.com,f8e1ee7b04e5bfdf006f1da6f8ea7fb7,0,0,21.082,0,0,0,0,0,0,0,0,0,0,0
UI-TARS,agent,Mind2Web--c8c1ff115879b3afd14280beb1559b13,www.4shared.com,4a0aec9a5b68d8207d9d1201d5b6a482,0,0,20.484,0,0,0,0,0,0,0,0,0,0,0
UI-TARS,agent,Mind2Web--d4fb78b7e74508cd3b33f01cf9200997,www.americashealthrankings.org,3943cebe814ce598e30a9d93d71ca852,0,0,13.433,61,26,14,11,0,0,9,61,121,1,0
UI-TARS,agent,Mind2Web--d4fb78b7e74508cd3b33f01cf9200997,www.americashealthrankings.org,f64e539eca0c543d62c9d8c51c367f7c,0,0,13.072,60,25,13,10,0,0,9,60,119,1,0
UI-TARS,agent,Mind2Web--0e42c3a73f2aece1f854e0ba55b7c8b0,www.google.com,4a9fd8e64ed3164b38a0a71d301be602,1,0,17.039,270,79,12,2,1,1,198,271,444,7,0
UI-TARS,agent,Mind2Web--0e42c3a73f2aece1f854e0ba55b7c8b0,www.google.com,01173aef6a1c6b9ccefe08da5dc93126,0,0,20.585,249,64,10,2,0,0,189,250,405,7,0
UI-TARS,agent,Mind2Web--96afb3c51146b0c2a9c55f039a5ea6d6,www.merriam-webster.com,024e06deba71a2ee84db3c460801b843,1,0,14.767,573,514,473,127,1,58,347,619,1173,5,17
UI-TARS,agent,Mind2Web--96afb3c51146b0c2a9c55f039a5ea6d6,www.merriam-webster.com,9ea7a187b10889fbb36fb79d61b1134c,1,0,14.816,665,574,518,150,3,85,454,691,1337,1,7
UI-TARS,agent,Mind2Web--59912927c1fddee6ded8a49986896bc2,www.samsung.com,16628bd5ed9422f103f09a21294fe26a,1,0,42.149,296,237,142,66,1,20,213,302,591,1,1
UI-TARS,agent,Mind2Web--59912927c1fddee6ded8a49986896bc2,www.samsung.com,1cdfee2d20c1e3c86c47fcdd1279c58f,1,0,42.91,279,224,141,66,1,20,196,285,557,1,1
UI-TARS,agent,Mind2Web--e43cbc8a0bf9e999884928d11006f894_110325,www.airbnb.com,abc0312c62fe49c7e835e3826df400a2,1,0,19.707,278,236,70,21,3,8,91,312,653,43,28
UI-TARS,agent,Mind2Web--1b867afecf072cb877ebfa4069263746,www.americashealthrankings.org,f0361bb9c39f52258f1c843f19b6c201,0,0,12.634,60,25,13,10,0,0,9,60,119,1,0
UI-TARS,agent,Mind2Web--e43cbc8a0bf9e999884928d11006f894_110325,www.airbnb.com,e01d5b4d7c12c2d4129d320490924ba6,0,0,43.899,0,0,0,0,0,0,0,0,0,0,0
UI-TARS,agent,Mind2Web--1b867afecf072cb877ebfa4069263746,www.americashealthrankings.org,3cfe5728226497de39ba63c9bc6125f5,0,0,13.168,61,26,14,11,0,0,9,61,121,1,0
UI-TARS,agent,Mind2Web--c3a333968fc3c43d7f2688f425a0d633,www.porsche.com,c030228f43dfa59164f61a6f8a9f10b4,1,0,16.779,261,150,19,6,3,2,112,242,514,0,0
UI-TARS,agent,Mind2Web--bb5d90e6f2fbc0ae146f7c1998c2b4a1,www.ted.com,d331b252f73fe67ed9f08201748c68fa,1,0,18.84,241,110,52,19,3,12,102,266,496,0,0
UI-TARS,agent,Mind2Web--c3a333968fc3c43d7f2688f425a0d633,www.porsche.com,de984d2c564dff6f0a6487a751579b9b,1,0,44.003,204,107,10,3,1,2,97,190,402,0,0
UI-TARS,agent,Mind2Web--bb5d90e6f2fbc0ae146f7c1998c2b4a1,www.ted.com,f5897ab164b514072caca21deeb76e6a,1,0,17.211,155,45,22,12,4,7,67,177,326,0,0
UI-TARS,agent,Mind2Web--c577a14301a725e09ccd269a3e0b271e_110325,www.wineaccess.com,ad0d9f1e4bf5fbcbdb0a7f00e79949c5,0,0,25.839,0,0,0,0,0,0,0,0,0,0,0
UI-TARS,agent,Mind2Web--c577a14301a725e09ccd269a3e0b271e_110325,www.wineaccess.com,b3c451aee16f2e1b48976e8a00f50239,0,0,10.486,1,0,0,0,0,0,0,0,2,0,0
UI-TARS,agent,Mind2Web--c6c9dc6079677cef594cec2fa6b16602,www.ikea.com,18a7c6539f41804d4dc1103fc78a1d90,1,0,23.893,674,171,120,19,11,7,583,620,1363,15,1
UI-TARS,agent,Mind2Web--c6c9dc6079677cef594cec2fa6b16602,www.ikea.com,8a32080b67c6c4c170f3f7766a8323f2,1,0,25.968,529,116,72,14,9,5,450,452,1059,9,1
UI-TARS,agent,Mind2Web--c39d6c245f8243993e707d54d2f4acec,www.leagueoflegends.com,a76eeb7b845638e1a9e5f2e81db804a7,0,0,43.918,0,0,0,0,0,0,0,0,0,0,0
UI-TARS,agent,Mind2Web--c39d6c245f8243993e707d54d2f4acec,www.leagueoflegends.com,4124e45c7375e5e951f4ec46731a237f,0,0,42.808,0,0,0,0,0,0,0,0,0,0,0
UI-TARS,agent,Mind2Web--b2f4fde2fce122a93c7b578086cb0585,www.booking.com,48ad6203d108ae60d3a3ac1e2024830a,1,0,24.751,292,253,75,26,1,13,86,330,600,72,7
UI-TARS,agent,Mind2Web--b2f4fde2fce122a93c7b578086cb0585,www.booking.com,f68a5d280a041f770ec34dd42c538330,1,0,24.183,292,252,76,27,1,13,89,331,601,77,8
UI-TARS,agent,Mind2Web--d02d236836924919f35f2438d9ed2374,www.imdb.com,01108a2bf29dc46c71b02e45948383e4,1,0,21.427,99,97,52,8,1,2,18,100,208,0,0
UI-TARS,agent,Mind2Web--d02d236836924919f35f2438d9ed2374,www.imdb.com,2a61dfb0ffb90d170ab5a8227c9f5bd0,1,0,20.956,97,95,50,8,1,2,18,98,204,0,0
UI-TARS,agent,Mind2Web--3621b099326c7aebd2e2dac6be3b52d1,www.nvidia.com,fc6286ac43a2f51ca5fcee401f991e8e,0,0,17.313,53,27,12,4,0,0,26,51,106,0,0
UI-TARS,agent,Mind2Web--3621b099326c7aebd2e2dac6be3b52d1,www.nvidia.com,9c1deece6c26edd2e840396ef9ddbaa2,0,0,18.013,54,27,12,4,0,0,27,52,108,0,0
UI-TARS,agent,Mind2Web--f27b393bbd2082f92b566270c4b74fe6,www.parkers.co.uk,140c09721820d1774c1c51fce9c1444a,1,0,20.931,729,698,614,151,3,93,459,788,1440,13,11
UI-TARS,agent,Mind2Web--f27b393bbd2082f92b566270c4b74fe6,www.parkers.co.uk,109351b58f200f9ce50da460feea8e04,1,0,28.78,679,659,574,160,3,96,457,693,1337,4,2
UI-TARS,agent,Mind2Web--ba01ea557b73f864c35ebba0dd6f3cb2,www.google.com,e1bea6ea7fee24fd5e230527397f6f98,1,0,18.607,230,87,13,2,1,2,157,233,430,8,0
UI-TARS,agent,Mind2Web--ba01ea557b73f864c35ebba0dd6f3cb2,www.google.com,030223e33fa9ed938b022b0a2ce935f3,1,0,23.373,234,87,13,2,1,2,162,235,437,8,0
UI-TARS,agent,Mind2Web--662ae0f2d3ac851dbcdd245f908277e3,wanderlog.com,c02fdc754f47950d104ba2887e6045e2,0,0,48.989,1,0,0,0,0,0,0,0,2,0,0
UI-TARS,agent,Mind2Web--662ae0f2d3ac851dbcdd245f908277e3,wanderlog.com,33841ae61e5135d6707f6e16f265ed01,0,0,48.34,1,0,0,0,0,0,0,0,2,0,0
UI-TARS,agent,Mind2Web--461ab9b0c7b20ac5f912704480979c65,www.nyse.com,084230f5a639f66dd8ff89d6940f67c9,1,0,13.819,201,192,25,13,1,3,23,95,402,8,4
UI-TARS,agent,Mind2Web--461ab9b0c7b20ac5f912704480979c65,www.nyse.com,00245ebe3cc92290d84a1d23ea7fab65,0,0,13.824,185,176,9,4,0,0,18,72,371,8,4
UI-TARS,agent,Mind2Web--a96fca87a17d792644e736d1d10d3cbe,mega.io,2cad687fedeaf91e44c0f5bfe345253f,0,0,48.255,0,0,0,0,0,0,0,0,0,0,0
UI-TARS,agent,Mind2Web--a96fca87a17d792644e736d1d10d3cbe,mega.io,15782cddf26ca8e826a7c3c071291520,0,0,47.493,0,0,0,0,0,0,0,0,0,0,0
UI-TARS,agent,Mind2Web--2c8ef01a92c71ba9ef2e59bb17eea2b3_110325,www.bhphotovideo.com,4bb23c705e8362f23e8b6b55692f6afa,0,0,11.636,72,34,35,18,0,0,52,79,175,0,2
UI-TARS,agent,Mind2Web--2c8ef01a92c71ba9ef2e59bb17eea2b3_110325,www.bhphotovideo.com,145b36d0a86c18ccc19520f437507603,0,0,11.333,74,35,36,18,0,0,53,81,180,0,2
UI-TARS,agent,Mind2Web--3084bc225219fcb73dc1cb0f97276c1c,www.ups.com,95c0bcdff935d8283ebd6cb0cdaeffee,0,0,39.199,0,0,0,0,0,0,0,0,0,0,0
UI-TARS,agent,Mind2Web--3084bc225219fcb73dc1cb0f97276c1c,www.ups.com,f5b22ec1ab2fa8932b7de40cffaeca7e,0,0,38.176,0,0,0,0,0,0,0,0,0,0,0
UI-TARS,agent,Mind2Web--949dc965a6c23a95663b3bc2ca2c3a8a,www.flightaware.com,022c538403717c9cf08d7a5b8e29a116,0,0,18.227,108,63,42,9,1,1,46,117,211,1,0
UI-TARS,agent,Mind2Web--949dc965a6c23a95663b3bc2ca2c3a8a,www.flightaware.com,06bfcd573ad3a621470db24a20f9c2ee,0,0,14.76,107,62,41,9,1,1,46,116,209,1,0
UI-TARS,agent,Mind2Web--636b07af4dd97c1793733db1fd1b90b8_110325,www.jcpenney.com,d879e249eb7c454e2e79b4cfc01b3704,0,0,2.285,1,0,0,0,0,0,0,0,2,0,0
UI-TARS,agent,Mind2Web--38203be65401943aea2179c4c680059a,new.mta.info,42d668724bba4b409de0208547812b0e,0,0,17.972,1,0,0,0,0,0,0,0,2,0,0
UI-TARS,agent,Mind2Web--636b07af4dd97c1793733db1fd1b90b8_110325,www.jcpenney.com,386a8605385ebe2c6c843733b3c5a845,0,0,35.137,1,0,0,0,0,0,0,0,2,0,0
UI-TARS,agent,Mind2Web--cf757a775fa1224acfc7998489e199a8,www.ryanair.com,44e8e2081daa3c153c0daa0a86753907,1,0,19.81,106,49,6,4,1,1,57,104,210,1,0
UI-TARS,agent,Mind2Web--38203be65401943aea2179c4c680059a,new.mta.info,7ad7b4caf4f2d5f32006e229e0eb7208,0,0,39.933,1,0,0,0,0,0,0,0,2,0,0
UI-TARS,agent,Mind2Web--cf757a775fa1224acfc7998489e199a8,www.ryanair.com,3fed538d80cc979d84f4a44909660310,1,0,19.901,110,51,6,4,4,1,59,108,218,1,0
UI-TARS,agent,Mind2Web--d8e2a81fa621ce4737e5ea85671b630e_110325,ziprecruiter.com,6358fc5df307fd7797691f1e330e649c,1,0,14.754,27,25,3,3,1,2,18,18,51,0,0
UI-TARS,agent,Mind2Web--d8e2a81fa621ce4737e5ea85671b630e_110325,ziprecruiter.com,4246f821df5d2bc59e119a8acb1152ab,1,0,15.009,27,25,3,3,1,2,18,18,51,0,0
UI-TARS,agent,Mind2Web--63d6866fc000fcb1f153e07604bd1395,us.trip.com,6202f85d55596621450afcedae6fc5a8,1,0,20.849,241,212,91,19,1,3,96,248,521,8,0
UI-TARS,agent,Mind2Web--63d6866fc000fcb1f153e07604bd1395,us.trip.com,e739f89c68096e0fed511065b355901b,0,0,53.216,105,95,1,1,0,0,10,102,206,0,0
UI-TARS,agent,Mind2Web--199be0b54a436daee74247971fc684ee_110325,www.dillards.com,bdc078df699098f78dc8fb4fabb3f075,0,0,43.695,9,8,8,2,0,0,0,1,18,0,0
UI-TARS,agent,Mind2Web--c00437fd76a7a83b57f3dc4e5dbc41f8,www.amazon.jobs,e9a2a4685bbe4cfdb38abcbd48c2c925,1,0,17.775,54,50,17,10,1,2,31,56,106,1,0
UI-TARS,agent,Mind2Web--c00437fd76a7a83b57f3dc4e5dbc41f8,www.amazon.jobs,1f868b1ae96bb126f103c249ed211ee2,1,0,12.746,52,48,15,10,1,2,31,54,102,1,0
UI-TARS,agent,Mind2Web--199be0b54a436daee74247971fc684ee_110325,www.dillards.com,f0dbab2f1595450ab05935476abf2d0b,0,0,49.389,9,8,8,2,0,0,0,1,18,0,0
UI-TARS,agent,Mind2Web--fc53ddd3421411a41c1020a3fdc84ec4,www.bestbuy.com,264c8e88bfddbf208ad543c91d9c4686,0,0,33.569,0,0,0,0,0,0,0,0,0,0,0
UI-TARS,agent,Mind2Web--fc53ddd3421411a41c1020a3fdc84ec4,www.bestbuy.com,cc1ca9304cbc6c1be664d86441ad7d72,1,0,42.138,74,41,42,3,0,0,32,73,148,0,0
UI-TARS,agent,Mind2Web--9d46ccb915eff39ee1ae1e7328f5f20d,www.ups.com,8a2aaec556a851f149cbb33fe2c4569a,0,0,34.845,0,0,0,0,0,0,0,0,0,0,0
UI-TARS,agent,Mind2Web--d1970c16271496cbbe166ecbecc0a1d8,macyswineshop.com,ad371bc8abb3902504071934223cc26e,0,0,19.963,0,0,0,0,0,0,0,0,0,0,0
UI-TARS,agent,Mind2Web--d1970c16271496cbbe166ecbecc0a1d8,macyswineshop.com,53a19f0a2af3adaa32c5e3453ab30bfc,0,0,26.147,0,0,0,0,0,0,0,0,0,0,0
UI-TARS,agent,Mind2Web--9d46ccb915eff39ee1ae1e7328f5f20d,www.ups.com,0e8093d3490a0d3fa378bc539bf49e36,0,0,68.375,0,0,0,0,0,0,0,0,0,0,0
UI-TARS,agent,Mind2Web--7211af65d266402f99499053924262e9,www.amazon.jobs,2fac44e134d4423fb8f6661fd287987a,1,0,18.168,55,49,15,10,1,2,33,59,108,1,0
UI-TARS,agent,Mind2Web--7211af65d266402f99499053924262e9,www.amazon.jobs,d1e557d0bf684ed3d61d151847a04b04,1,0,13.837,54,48,15,10,1,2,33,58,106,1,0
UI-TARS,agent,Mind2Web--4464a8421f8bc8786524a499258dfad3,www.bestbuy.com,b2a374785d2f3fac27a3dc4ab8effed4,1,0,39.884,73,41,41,3,0,0,31,72,146,0,0
UI-TARS,agent,Mind2Web--4464a8421f8bc8786524a499258dfad3,www.bestbuy.com,ba1429a7ffb8643f23156eccb7fa388c,1,0,39.352,74,41,42,3,0,0,32,73,148,0,0
UI-TARS,agent,Mind2Web--f707d765bca668830745d20807d7bee6,www.petfinder.com,c57099edfccb90909012ffa21866630f,0,0,19.699,0,0,0,0,0,0,0,0,0,0,0
UI-TARS,agent,Mind2Web--f707d765bca668830745d20807d7bee6,www.petfinder.com,066f97dc89a0149e343dd67be6e5e334,0,0,63.025,0,0,0,0,0,0,0,0,0,0,0
UI-TARS,agent,Mind2Web--d392e154c1c6ffbb26e2331c3afafc67,www.bestbuy.com,9beef0d2242324bbc662cbb103318a13,0,0,67.068,0,0,0,0,0,0,0,0,0,0,0
UI-TARS,agent,Mind2Web--d392e154c1c6ffbb26e2331c3afafc67,www.bestbuy.com,3fb66841184bbe60e3df18cb5add91fd,1,0,41.439,74,41,42,3,0,0,32,73,148,0,0
UI-TARS,agent,Mind2Web--a5c87cc1c94a090c9a8dc2c8b6a125d0,www.accuweather.com,a263a03bef9210ebbe707203058da5a3,0,0,49.666,0,0,0,0,0,0,0,0,0,0,0
UI-TARS,agent,Mind2Web--367d843c640637745e8fafa741cca13b,www.apartments.com,bb924e2a16131de5752431fc19585637,0,0,3.658,1,0,0,0,0,0,0,0,2,0,0
UI-TARS,agent,Mind2Web--a5c87cc1c94a090c9a8dc2c8b6a125d0,www.accuweather.com,df4e7d1801aa5f55ba9c97f1eade36e0,0,0,49.639,0,0,0,0,0,0,0,0,0,0,0
UI-TARS,agent,Mind2Web--84ef883a37af638c3bcf7561f28ce80a,www.cars.com,b1b1a78443366ce8af0dea412205e1f6,0,0,25.247,0,0,0,0,0,0,0,0,0,0,0
UI-TARS,agent,Mind2Web--367d843c640637745e8fafa741cca13b,www.apartments.com,8ddf0a905599a24c916f73e9e2b33b42,0,0,39.433,1,0,0,0,0,0,0,0,2,0,0
UI-TARS,agent,Mind2Web--d9a8689393effeed75ea0866e44e1def,www.justice.gov,f8475a803db37bbf69d4baead23dbd0c,1,0,16.513,248,164,58,8,3,3,93,284,523,9,2
UI-TARS,agent,Mind2Web--84ef883a37af638c3bcf7561f28ce80a,www.cars.com,0b29165f4c74f9258013af8ba3bb84ac,0,0,24.413,0,0,0,0,0,0,0,0,0,0,0
UI-TARS,agent,Mind2Web--d9a8689393effeed75ea0866e44e1def,www.justice.gov,6778a6e6587e1381cc3065a3e30d0a5e,1,0,14.71,147,51,18,6,3,2,56,173,323,4,2
UI-TARS,agent,Mind2Web--1bc154377120ec15b18dbabdba49c741_112325,www.stubhub.com,bb3be412b2b8bac54d1faa3ee71cc381,1,0,17.106,161,150,28,9,1,1,37,178,321,2,0
UI-TARS,agent,Mind2Web--1bc154377120ec15b18dbabdba49c741_112325,www.stubhub.com,9fafb834259a3b0e96709cf2dc81a8eb,1,0,14.297,162,150,25,9,1,1,40,179,324,2,0
UI-TARS,agent,Mind2Web--28e7574e7bd6d14f36d2988a5ef2bd23,ohiomeansjobs.ohio.gov,6198521ece860ffdf0b5de7e05d97292,1,0,21.136,45,38,34,11,1,2,25,58,90,4,0
UI-TARS,agent,Mind2Web--28e7574e7bd6d14f36d2988a5ef2bd23,ohiomeansjobs.ohio.gov,25614318482d25533f2f67bbd7af0017,1,0,20.893,46,39,35,11,1,2,26,59,92,4,0
UI-TARS,agent,Mind2Web--1c3b747ae12ccee895745f82e3f2ef8a,www.kaggle.com,4d2daeda6ad2895fa72bbd3c294e7d99,1,0,50.77,22,21,0,0,1,1,1,21,52,0,0
UI-TARS,agent,Mind2Web--1c3b747ae12ccee895745f82e3f2ef8a,www.kaggle.com,dded0dfd6429480028f46df56030e35c,1,0,54.38,15,14,0,0,1,1,0,14,35,0,0
UI-TARS,agent,Mind2Web--d1807551297ac60ecaaabbd2a2ed301a_110325,superlawyers.com,5d7c33538c2dfce0a23524b0638e9def,1,0,18.775,137,91,87,34,3,8,63,143,278,1,0
UI-TARS,agent,Mind2Web--d1807551297ac60ecaaabbd2a2ed301a_110325,superlawyers.com,f7b3e050c7da9e11292aba7a040c87b3,1,0,19.68,137,91,87,34,3,8,62,143,278,1,0
UI-TARS,agent,Mind2Web--7abdceee212151f187ee1a1744c57606,www.uscis.gov,88327267733b23b66a60a19ee59b078a,1,0,14.916,148,93,50,17,1,3,30,159,309,0,0
UI-TARS,agent,Mind2Web--7abdceee212151f187ee1a1744c57606,www.uscis.gov,a1c2940d13571879a43181a6b0f5d1f0,1,0,14.549,148,93,50,17,1,3,28,159,309,0,0
UI-TARS,agent,Mind2Web--0e5536aaad9d3462b06cf725e6ed535a,www.cbp.gov,8bac3ef11431efbf0a69604a1dd82d88,1,0,16.808,186,52,36,12,3,2,34,194,384,6,2
UI-TARS,agent,Mind2Web--0e5536aaad9d3462b06cf725e6ed535a,www.cbp.gov,2b870b4451f4d666d15dc1677b74744e,1,0,12.885,185,51,35,13,3,2,34,196,385,8,4
UI-TARS,agent,Mind2Web--bc2ce7f206045dd2d322e5695a947219,smartasset.com,ae5923119d8ae7059e668a30866eb8ab,1,0,19.814,322,156,298,31,7,5,183,378,815,15,0
UI-TARS,agent,Mind2Web--bc2ce7f206045dd2d322e5695a947219,smartasset.com,56742010731d6d99e17411abeb5b865b,1,0,19.189,546,407,485,36,13,13,501,852,1263,59,0
UI-TARS,agent,Mind2Web--7e6993f2c5cd72c44809024f0bc85dc1,imgur.com,ce192862b63e59535daa7d66ff029211,1,0,19.79,473,395,453,129,3,76,324,488,934,0,1
UI-TARS,agent,Mind2Web--7e6993f2c5cd72c44809024f0bc85dc1,imgur.com,3c6fe08645a3ca87ccd67422d7174783,1,0,24.683,764,661,725,165,5,107,619,784,1520,0,1
UI-TARS,agent,Mind2Web--a48e2f1ee8d87eaeea56fe5e730427e6,www.chess.com,03a467fe3ecbfce8a4989d4ed028b3d8,1,0,17.95,1127,287,117,36,7,12,921,1095,2251,0,0
UI-TARS,agent,Mind2Web--dd44c665cec1e9c929a4c5f074e7844a_110325,spothero.com,2f37e63557dcefc4af8a9620b2a715ce,0,0,13.462,91,63,31,19,0,0,51,93,182,7,1
UI-TARS,agent,Mind2Web--a48e2f1ee8d87eaeea56fe5e730427e6,www.chess.com,e94d434b2e0cf85a635f6d2a6057aafa,1,0,17.025,1087,289,144,36,10,13,875,1060,2169,0,0
UI-TARS,agent,Mind2Web--dd44c665cec1e9c929a4c5f074e7844a_110325,spothero.com,66a4fb4c8a4116c66ddeb272b3e3f0bb,0,0,13.34,93,65,34,20,0,0,51,95,186,7,1
UI-TARS,agent,Mind2Web--99daaed9a83c266341d28aa40067d376,boardgamegeek.com,9d05e82f6eb6be49f6377268fcdeac7e,1,0,15.186,202,198,45,12,1,4,7,205,405,1,1
UI-TARS,agent,Mind2Web--99daaed9a83c266341d28aa40067d376,boardgamegeek.com,e37e9784a2edb69ffc779e12001b0702,1,0,14.372,202,198,45,12,1,4,7,205,405,1,1
UI-TARS,agent,Mind2Web--7072d09436972a5d5fe7476e3e9f1559,www.americanexpress.com,7f289bb74e11085c0cbf82eecb79d079,0,0,53.043,33,29,2,1,0,0,3,0,66,0,5
UI-TARS,agent,Mind2Web--7072d09436972a5d5fe7476e3e9f1559,www.americanexpress.com,93bede0754e5377194c2c29ad20ff0fa,0,0,52.819,33,29,2,1,0,0,3,0,66,0,5
UI-TARS,agent,Mind2Web--2c20d87a046fadcb6ff07ee877bfbf37,www.irs.gov,959a352ed6385a7890439aac4cf82709,0,0,13.246,51,15,15,6,1,1,41,57,110,0,0
UI-TARS,agent,Mind2Web--2c20d87a046fadcb6ff07ee877bfbf37,www.irs.gov,7026ebdd4aebad2a69b3d55f29bbb213,0,0,13.335,51,15,15,6,1,1,41,57,110,0,0
UI-TARS,agent,Mind2Web--753f372c189d3b306623cb0c65b50320,www.sec.gov,c879535f6e3d16dc44e9b8c05b275611,0,0,16.351,2,0,0,0,0,0,0,1,4,0,0
UI-TARS,agent,Mind2Web--733f1d8bf79d5bc2240c5357f928ffff,www.tourradar.com,aafff20cb13493b881b8167bfcccdf42,1,0,16.532,137,132,41,26,1,6,86,150,284,14,1
UI-TARS,agent,Mind2Web--753f372c189d3b306623cb0c65b50320,www.sec.gov,fd4ff364318613eff744fe08eb93bcd1,0,0,25.628,2,0,0,0,0,0,0,1,4,0,0
UI-TARS,agent,Mind2Web--733f1d8bf79d5bc2240c5357f928ffff,www.tourradar.com,0a885612a35a53a7517190cd2e16d67c,1,0,16.102,146,141,50,26,1,6,106,165,298,14,1
UI-TARS,agent,Mind2Web--f05e87c5b92d9869e08806103c1c15a1,www.ycombinator.com,2a824c1766cfd47a676e7bc7a4d1a63d,0,0,27.106,606,592,78,11,0,0,147,602,1222,0,3
UI-TARS,agent,Mind2Web--f05e87c5b92d9869e08806103c1c15a1,www.ycombinator.com,90d2d335c9d6c04c983733556c6b1c1d,0,0,28.207,566,554,77,12,0,0,67,561,1141,0,5
UI-TARS,agent,Mind2Web--3ef64f34eae59c9fac7ee9a4f18b4a0c,www.youtube.com,f5c1a50411d4bd4c63a60065e3d4edfa,1,0,21.949,193,155,24,12,1,5,61,201,611,43,1
UI-TARS,agent,Mind2Web--3ef64f34eae59c9fac7ee9a4f18b4a0c,www.youtube.com,1cb764b8fc1e0c93ae8117f18007e6d7,1,0,16.909,188,147,24,12,1,5,60,197,602,44,1
UI-TARS,agent,Mind2Web--f158345f8489e0d1d91e28768c39bca1,azure.microsoft.com,12d0c611232e5519588e0f997ff4a44f,0,0,28.941,0,0,0,0,0,0,0,0,0,0,0
UI-TARS,agent,Mind2Web--f158345f8489e0d1d91e28768c39bca1,azure.microsoft.com,9d53f992e0ac873c7e3f3048d0a7c79a,0,0,37.878,0,0,0,0,0,0,0,0,0,0,0
UI-TARS,agent,Mind2Web--1ab384fb3a791edfb410213cc6b82151_110325,phet.colorado.edu,e4f3d22c8fc5c58de01afb6cccdfda55,0,0,20.754,57,10,5,4,0,0,16,56,119,0,0
UI-TARS,agent,Mind2Web--1ab384fb3a791edfb410213cc6b82151_110325,phet.colorado.edu,36c4c10a8d8c343ea61857e0f328a6cd,0,0,15.7,57,10,5,4,0,0,23,56,119,0,0
UI-TARS,agent,Mind2Web--1223b07536a87e0170ff87cbbebd1d3c,www.coolmath4kids.com,bb360b84fed71fcc0d1aadd333444ec0,1,0,12.468,68,25,22,8,2,2,14,67,139,0,0
UI-TARS,agent,Mind2Web--1223b07536a87e0170ff87cbbebd1d3c,www.coolmath4kids.com,b98ec99ea27f280b8fc571f2a63b257a,1,0,12.4,67,24,21,8,2,2,13,64,135,0,0
OpenCUA-7B,agent,Mind2Web--b7258ee05d75e6c50673a59914db412e_110325,www.traderjoes.com,77c33466773f140e01228b047109d6ea,0,0,125.276,1,0,0,0,0,0,0,0,2,0,0
OpenCUA-7B,agent,Mind2Web--b7258ee05d75e6c50673a59914db412e_110325,www.traderjoes.com,000b204e1e8d4767e633d19aff5f6b52,0,0,133.971,1,0,0,0,0,0,0,0,2,0,0
OpenCUA-7B,agent,Mind2Web--ade4c09ad3fdb1607209750924cd232f,www.flightaware.com,f3c34771952b5e48545f6ef1b93476ef,1,0,86.119,403,189,189,24,5,6,273,431,857,2,0
OpenCUA-7B,agent,Mind2Web--fb7b4f784cfde003e2548fdf4e8d6b4f,www.discogs.com,6d1917abd1e982ba21258d74b55d0fd6,1,0,50.293,176,140,140,16,7,1,87,168,369,0,0
OpenCUA-7B,agent,Mind2Web--ade4c09ad3fdb1607209750924cd232f,www.flightaware.com,717ce99709ba3ff3f26bccdb1bafe2bb,1,0,185.809,650,337,337,25,11,6,407,693,1381,8,0
OpenCUA-7B,agent,Mind2Web--fb7b4f784cfde003e2548fdf4e8d6b4f,www.discogs.com,0b4e80751982c08f9639fa7ea4c76700,1,0,59.032,193,154,154,16,9,1,90,181,424,0,0
OpenCUA-7B,agent,Mind2Web--824eb7bb0ef1ce40bfd49c12182d9428_110325,us.speedo.com,02b22477f356b47b9ab516f2d1e3683e,1,0,47.673,217,155,155,28,1,1,81,223,438,7,0
OpenCUA-7B,agent,Mind2Web--824eb7bb0ef1ce40bfd49c12182d9428_110325,us.speedo.com,84d0e324dd30b474bb65141a8a1bb4e2,1,0,50.022,238,171,171,29,4,2,98,247,486,8,0
OpenCUA-7B,agent,Mind2Web--046138801a05ddf56ad94e8672942496,www.flightaware.com,03bd05a181c7077d23f1ed5678a9a0d2,1,0,142.167,533,319,319,33,3,4,262,552,1065,7,0
OpenCUA-7B,agent,Mind2Web--92a3d4236f167af4afdc08876a902ba6,www.carmax.com,049c6ed7776f5c306958a4a99c2c4597,0,0,48.466,4,0,0,0,0,0,3,3,8,0,0
OpenCUA-7B,agent,Mind2Web--92a3d4236f167af4afdc08876a902ba6,www.carmax.com,ce9045df50f298d027ef4e4cdc8ff974,0,0,29.702,4,0,0,0,0,0,3,3,8,0,0
OpenCUA-7B,agent,Mind2Web--48c73f3f53e2611c4a1052457c1033db,new.mta.info,9b5284a035191a8d7e0541a79886c553,0,0,41.323,1,0,0,0,0,0,0,0,2,0,0
OpenCUA-7B,agent,Mind2Web--48c73f3f53e2611c4a1052457c1033db,new.mta.info,ab969f0439f824047f50a7d155acb18c,0,0,43.286,1,0,0,0,0,0,0,0,2,0,0
OpenCUA-7B,agent,Mind2Web--8f2611047de227a2ca8bda13f6e2e5fb_110325,www.carvana.com,bc80d1649269f5eb09efe17cb2bee51d,0,0,210.141,7,0,0,0,0,0,6,3,14,0,0
OpenCUA-7B,agent,Mind2Web--8f2611047de227a2ca8bda13f6e2e5fb_110325,www.carvana.com,adc3d1fa9d2c2de5c838ba9e2b226d10,0,0,87.264,7,0,0,0,0,0,6,3,14,0,0
OpenCUA-7B,agent,Mind2Web--046138801a05ddf56ad94e8672942496,www.flightaware.com,541dce302477137651e357bd56dcc108,1,0,493.286,1546,1060,1060,147,17,68,753,1620,3094,5,0
OpenCUA-7B,agent,Mind2Web--aa4b5cb7114fcc138ade82b4b9716d24,www.ign.com,acf2bcb9017cfa97dd867d5a35dd9626,1,0,170.615,108,107,107,29,1,9,56,111,220,2,0
OpenCUA-7B,agent,Mind2Web--005be9dd91c95669d6ddde9ae667125c,www.qatarairways.com,ea732605122e164d502257ef6c124a6e,0,0,40.993,3,0,0,0,0,0,2,2,6,0,0
OpenCUA-7B,agent,Mind2Web--005be9dd91c95669d6ddde9ae667125c,www.qatarairways.com,4b1617b41a0d74ff1b3d9d2f8c2a1c63,0,0,80.66,3,0,0,0,0,0,2,2,6,0,0
OpenCUA-7B,agent,Mind2Web--b320c68bffc1f3c7f2a8dc9d5478fb27,www.ign.com,5b723b1f56a63fb728e152079209cf11,0,0,500.098,3200,3199,3199,99,1,71,2119,3386,6463,87,0
OpenCUA-7B,agent,Mind2Web--b320c68bffc1f3c7f2a8dc9d5478fb27,www.ign.com,42d0d5fa8ffc19937437b706ecbfed6b,0,0,500.096,1393,1371,1371,94,3,35,886,1498,2832,42,0
OpenCUA-7B,agent,Mind2Web--123e8c2fc453f55fadd1d0b9aaf94df4,www.kbb.com,c2047b9346f6560fed3294250687d057,0,0,22.158,1,0,0,0,0,0,0,0,2,0,0
OpenCUA-7B,agent,Mind2Web--123e8c2fc453f55fadd1d0b9aaf94df4,www.kbb.com,6bc88dac4be0ffbac78da5aae8dd7cbf,0,0,14.019,1,0,0,0,0,0,0,0,2,0,0
OpenCUA-7B,agent,Mind2Web--aa4b5cb7114fcc138ade82b4b9716d24,www.ign.com,ea164db726df803755d72310d521aeb8,0,0,500.159,1973,1972,1972,66,1,45,1256,2085,3992,32,0
OpenCUA-7B,agent,Mind2Web--56f8890a837c49f7df766b9c981646f3,www.imdb.com,7a9c84ef572934065170369e745668c9,1,0,195.697,909,761,761,14,19,2,362,1012,1913,0,0
OpenCUA-7B,agent,Mind2Web--323bd85e3559655d89e5496b951a25e8,www.amtrak.com,af7e168cee215415c927c16ab2666a66,0,0,500.124,732,408,408,54,1,18,770,720,1344,9,0
OpenCUA-7B,agent,Mind2Web--323bd85e3559655d89e5496b951a25e8,www.amtrak.com,4039e5d7b985e9c4292516c3e7a89f6d,0,0,500.116,558,409,409,53,1,18,601,543,993,9,0
OpenCUA-7B,agent,Mind2Web--62f1626ce249c31098854f8b38bdd6cf_110325,www.microcenter.com,bc4e3849bbd7ede93d0fe81f2934ed51,1,0,53.659,118,97,97,1,7,1,20,111,260,0,0
OpenCUA-7B,agent,Mind2Web--62f1626ce249c31098854f8b38bdd6cf_110325,www.microcenter.com,e283b661d8156d8e11892874c350cdf2,1,0,72.787,263,242,242,31,7,13,125,264,549,11,0
OpenCUA-7B,agent,Mind2Web--561693d6eec7bbfba3fefe9e4b26decb,www.marriott.com,ac86ee4f1b7ce5956b1556f4f63a6c1d,0,0,66.623,2,0,0,0,0,0,1,0,4,0,0
OpenCUA-7B,agent,Mind2Web--561693d6eec7bbfba3fefe9e4b26decb,www.marriott.com,b7ed47e6d5282dfc415d68e25e94a6a8,0,0,14.745,2,0,0,0,0,0,1,0,4,0,0
OpenCUA-7B,agent,Mind2Web--56f8890a837c49f7df766b9c981646f3,www.imdb.com,cbf3464b70c00b5acda7216418559397,1,0,408.022,1455,1195,1195,14,33,3,631,1634,3052,0,0
OpenCUA-7B,agent,Mind2Web--644a856c3897665e475e0dce50bf217d,www.amazon.com,93a60b1db2e14af9c9b374587695c5dd,1,0,154.376,1774,1536,1536,48,17,25,588,1872,4226,753,0
OpenCUA-7B,agent,Mind2Web--bfa2de159be6978acf2702be31a2eeeb,www.united.com,47de820ccdb9a1bde47c53e0b9736b88,0,0,20.461,0,0,0,0,0,0,0,0,0,0,0
OpenCUA-7B,agent,Mind2Web--bfa2de159be6978acf2702be31a2eeeb,www.united.com,63fc74be0180d047e28dee55f21b482c,0,0,24.758,0,0,0,0,0,0,0,0,0,0,0
OpenCUA-7B,agent,Mind2Web--4091bdd3fa64a5b0d912bc08eaf9c824,new.mta.info,b8480489b19edbb53bcc571c5355f600,0,0,5.288,1,0,0,0,0,0,0,0,2,0,0
OpenCUA-7B,agent,Mind2Web--4091bdd3fa64a5b0d912bc08eaf9c824,new.mta.info,5be0975ddc1c9c2880b52f175fcab3ee,0,0,41.097,1,0,0,0,0,0,0,0,2,0,0
OpenCUA-7B,agent,Mind2Web--79f0bd7df6e685f30f20025cc6755c0a_110325,www.microcenter.com,c2a1027015d09f692ec43a9d8be40f78,1,0,54.659,118,97,97,1,7,1,20,111,260,0,0
OpenCUA-7B,agent,Mind2Web--79f0bd7df6e685f30f20025cc6755c0a_110325,www.microcenter.com,3d6118a00e9a992e1d6388daec8143a1,1,0,84.519,147,121,121,1,9,1,25,139,324,0,0
OpenCUA-7B,agent,Mind2Web--644a856c3897665e475e0dce50bf217d,www.amazon.com,6e2b54ad6b6250a9c670e88b8473c0e1,1,0,389.787,3689,3055,3055,59,59,29,1589,4039,9213,1994,0
OpenCUA-7B,agent,Mind2Web--6ebde509dca8f15c0fa1bd74f071e8d6,www.target.com,2cd597a622e473d78818f13184dfa697,1,0,95.248,496,369,369,38,1,6,142,549,985,0,0
OpenCUA-7B,agent,Mind2Web--34ccd15a8ea8fd3895af83f5ccf62369,us.megabus.com,67334252f8cd3db2c6a86576e835f8dd,1,0,55.125,544,219,219,38,11,8,443,604,1099,10,0
OpenCUA-7B,agent,Mind2Web--b7a9a6b5d451164c09bbd27b670bc2ae,www.uniqlo.com,714e41cb318e606bda80db378c5dee68,1,0,167.69,585,357,357,23,2,2,529,672,1162,17,0
OpenCUA-7B,agent,Mind2Web--34ccd15a8ea8fd3895af83f5ccf62369,us.megabus.com,c3d1b350ac1e40ace64c7bb0a4f484c0,1,0,22.972,295,126,126,38,5,9,198,319,597,5,0
OpenCUA-7B,agent,Mind2Web--b7a9a6b5d451164c09bbd27b670bc2ae,www.uniqlo.com,26211286fa7ed3504458a2050d00bdcd,0,0,500.188,710,250,250,25,2,2,639,920,1434,73,0
OpenCUA-7B,agent,Mind2Web--b6d10e9bd19b4009a02dea0e98f4e1ae,www.foxsports.com,84510d283b77910d3f7ac2f0bff3fa63,1,0,75.51,3360,1848,1848,266,11,145,2410,3520,6727,26,0
OpenCUA-7B,agent,Mind2Web--b6d10e9bd19b4009a02dea0e98f4e1ae,www.foxsports.com,775349a1ed6c15c6d581d31254f61ed8,1,0,152.256,1415,810,810,164,3,75,843,1449,2807,30,0
OpenCUA-7B,agent,Mind2Web--d71be72aa25c3eab8eea47a0e60382e2,www.apple.com,89d3f400a1bb60225124344da8077795,1,0,53.918,281,7,7,2,2,1,281,298,570,6,0
OpenCUA-7B,agent,Mind2Web--d71be72aa25c3eab8eea47a0e60382e2,www.apple.com,de7ec7bba731cd042bc23ad09da6d2d0,1,0,105.109,658,112,112,4,2,1,567,711,1337,16,0
OpenCUA-7B,agent,Mind2Web--0b51b4fa0295ae80ccd176ebdad6fff6,www.carmax.com,5fadbbdc2a5af493bb89e703cdf86641,0,0,42.333,4,0,0,0,0,0,3,3,8,0,0
OpenCUA-7B,agent,Mind2Web--0b51b4fa0295ae80ccd176ebdad6fff6,www.carmax.com,f5b336e05ac969dd21583cb2434fe778,0,0,14.171,4,0,0,0,0,0,3,3,8,0,0
OpenCUA-7B,agent,Mind2Web--6ebde509dca8f15c0fa1bd74f071e8d6,www.target.com,866c2f2c1a8bbf94a1f17728498638c8,0,0,500.098,1003,869,869,58,1,12,653,1317,1989,18,0
OpenCUA-7B,agent,Mind2Web--c698ff3fc0f6cbce39947c597ab5749b_121425,www.eventbrite.com,2245be4b4667610abac2278082a86eeb,1,0,197.648,1635,1395,1395,54,9,7,906,2199,3315,67,0
OpenCUA-7B,agent,Mind2Web--c698ff3fc0f6cbce39947c597ab5749b_121425,www.eventbrite.com,6931c57231f4b85fe88ff7fe60238a05,0,0,500.119,3806,3269,3269,55,27,7,2444,5502,7675,172,0
OpenCUA-7B,agent,Mind2Web--3f312ae3efc3c3e90ababe050dd4e7ae,www.nfl.com,df43cbabc13ca8b5fe1596732c58edc6,0,0,500.128,1190,1038,1038,208,1,126,800,1234,2386,10,0
OpenCUA-7B,agent,Mind2Web--3f312ae3efc3c3e90ababe050dd4e7ae,www.nfl.com,4d88dd568485f6e4fca6cdbbd658315e,0,0,500.147,4072,3920,3920,376,1,243,3041,4571,8166,29,0
OpenCUA-7B,agent,Mind2Web--95cad96f2e43f3c0d8efad1331c77c8c,www.rottentomatoes.com,44af8446699aeb0647556af493f8b4d7,0,0,500.102,412,322,322,60,1,17,131,428,863,2,0
OpenCUA-7B,agent,Mind2Web--95cad96f2e43f3c0d8efad1331c77c8c,www.rottentomatoes.com,4bae1d414a2ae01106ddf14402a617a8,0,0,500.116,407,317,317,59,1,17,130,429,853,2,0
OpenCUA-7B,agent,Mind2Web--bf3b311cc8dce16d3de844f4b5875dfd,www.apple.com,0576c349134d720e8d7d7c707466f9ad,0,0,500.09,804,222,222,4,2,1,651,1022,1643,63,0
OpenCUA-7B,agent,Mind2Web--5e1b8254c123c80178cc28e0afdb14f0_110325,ticketmaster.com,92597e9ca34d5e38c35070db28b7b50c,1,0,57.696,554,366,366,67,9,14,280,608,1122,18,0
OpenCUA-7B,agent,Mind2Web--5e1b8254c123c80178cc28e0afdb14f0_110325,ticketmaster.com,f71faacf0c92b6e8757e4b226d0e443d,1,0,38.907,614,422,422,80,9,17,317,681,1245,18,0
OpenCUA-7B,agent,Mind2Web--f27c0a7b8b0bb33d37698dff227fc8d7,www.kbb.com,b57af3f10adfefd796968a299e85597a,0,0,45.541,1,0,0,0,0,0,0,0,2,0,0
OpenCUA-7B,agent,Mind2Web--bf3b311cc8dce16d3de844f4b5875dfd,www.apple.com,8e677bbb52dcfb26779b17df58e244f6,1,0,146.704,252,11,11,2,2,1,252,273,515,7,0
OpenCUA-7B,agent,Mind2Web--f27c0a7b8b0bb33d37698dff227fc8d7,www.kbb.com,9e2fe04a6075364c3325202dead454e9,0,0,24.619,1,0,0,0,0,0,0,0,2,0,0
OpenCUA-7B,agent,Mind2Web--8fdec8eeffd3491e6526cc78c028120b,www.carmax.com,392cf19dda3c80bcf4783a04e7a93094,0,0,39.846,4,0,0,0,0,0,3,3,8,0,0
OpenCUA-7B,agent,Mind2Web--8fdec8eeffd3491e6526cc78c028120b,www.carmax.com,b12838dc35adefb4ce8df9addca2b3ae,0,0,51.199,4,0,0,0,0,0,3,3,8,0,0
OpenCUA-7B,agent,Mind2Web--7b182a5087347d494b48a29dbc0f1d3e,www.adoptapet.com,2f5f1d98f572f0d57cadb61bb6c50fac,0,0,52.267,1,0,0,0,0,0,0,0,2,0,0
OpenCUA-7B,agent,Mind2Web--7b182a5087347d494b48a29dbc0f1d3e,www.adoptapet.com,8664ed4db88d79a7a0cae1b2614b09d8,0,0,149.099,1,0,0,0,0,0,0,0,2,0,0
OpenCUA-7B,agent,Mind2Web--828c2d98616a9478d5864d847d5a1b28,www.justice.gov,2ecf3b94d0fd69a45f61e9ab240565a6,1,0,106.601,490,337,337,20,8,3,324,610,1080,38,0
OpenCUA-7B,agent,Mind2Web--b64f938af842f6a1b4489d0e49a785a7_121125,www.target.com,f7e5bc972c27398454a40b2b540e5f2e,0,0,500.105,587,430,430,38,1,6,173,788,1167,0,0
OpenCUA-7B,agent,Mind2Web--608c595eec271fa5dc03506923519994,www.fedex.com,15b49ff7201ad114901c24fbcc69403c,0,0,215.522,4,0,0,0,0,0,3,3,8,0,0
OpenCUA-7B,agent,Mind2Web--a7a73c8fa75441fc76df9746c327bdd6,www.thumbtack.com,3fc6d53f6c98140bd0859b033cf33907,1,0,105.768,594,339,339,46,3,7,492,680,1228,26,0
OpenCUA-7B,agent,Mind2Web--b64f938af842f6a1b4489d0e49a785a7_121125,www.target.com,15daa66dc4dc018e2197c29068bcb393,0,0,500.096,515,390,390,38,1,6,141,777,1023,0,0
OpenCUA-7B,agent,Mind2Web--cfafe3771369d1d261e9f7ecd44c296d,www.cars.com,9ca6ab11520a39b4c291bf21c665fae1,1,0,44.543,195,182,182,27,5,9,86,197,404,11,0
OpenCUA-7B,agent,Mind2Web--828c2d98616a9478d5864d847d5a1b28,www.justice.gov,725c52fb7cb94f03dfe1c9de2b6b81e6,1,0,80.222,414,307,307,20,4,3,254,526,916,43,0
OpenCUA-7B,agent,Mind2Web--cfafe3771369d1d261e9f7ecd44c296d,www.cars.com,ead5b04f31a878aa1f0d77bfbeab31b9,1,0,77.413,502,482,482,51,9,14,284,487,1025,26,0
OpenCUA-7B,agent,Mind2Web--bbbc243b4f18a7a897f0bc84e11d293f,www.nba.com,dde05e46403c2a987e004a5300603148,0,0,90.313,0,0,0,0,0,0,0,0,0,0,0
OpenCUA-7B,agent,Mind2Web--bbbc243b4f18a7a897f0bc84e11d293f,www.nba.com,4310b9defeab490007806784caf22527,0,0,63.649,0,0,0,0,0,0,0,0,0,0,0
OpenCUA-7B,agent,Mind2Web--816851ff92ff0219acf4364dcc2c4692_110325,www.jcpenney.com,777df34ff4d17a9df86229022914a89c,0,0,26.156,1,0,0,0,0,0,0,0,2,0,0
OpenCUA-7B,agent,Mind2Web--608c595eec271fa5dc03506923519994,www.fedex.com,2b1d761341f45464ea50384fc1f4bf94,0,0,140.876,4,0,0,0,0,0,3,3,8,0,0
OpenCUA-7B,agent,Mind2Web--816851ff92ff0219acf4364dcc2c4692_110325,www.jcpenney.com,26842f208303404742cb9fedce2e5fde,0,0,48.427,1,0,0,0,0,0,0,0,2,0,0
OpenCUA-7B,agent,Mind2Web--8244409b2c82043f966cad05f9afe132,doctor.webmd.com,5442a42e9a33a0b25801f1cbba15ddf6,1,0,83.171,394,348,348,101,7,52,246,428,795,10,0
OpenCUA-7B,agent,Mind2Web--e7301bb694871429bf2eb36c3a72186c_110325,www.jcpenney.com,971b6831849797ee8a31f8d79e83fd0b,0,0,58.145,1,0,0,0,0,0,0,0,2,0,0
OpenCUA-7B,agent,Mind2Web--e7301bb694871429bf2eb36c3a72186c_110325,www.jcpenney.com,f3dd702bfe7bec9b4f219448fa566f0f,0,0,29.995,1,0,0,0,0,0,0,0,2,0,0
OpenCUA-7B,agent,Mind2Web--905cb53061c33aa2d77e485fe1fca516,www.healthgrades.com,b85266c4eea3652699208fbd6c2d8096,0,0,54.118,11,3,3,1,0,0,0,10,22,0,0
OpenCUA-7B,agent,Mind2Web--905cb53061c33aa2d77e485fe1fca516,www.healthgrades.com,7d1c6e7f11a8320f1949d92d30eff3f9,0,0,104.904,16,3,3,1,0,0,0,15,32,0,0
OpenCUA-7B,agent,Mind2Web--8244409b2c82043f966cad05f9afe132,doctor.webmd.com,c5e5802997c45a292c0dad4b90ce0d50,1,0,199.309,508,439,439,114,9,56,325,558,1019,10,0
OpenCUA-7B,agent,Mind2Web--fcf4952d2a1d80ea505c555c3c3b54e7,www.cars.com,99d74de9045f10c1f34b15e5e0c853db,1,0,70.221,419,402,402,49,7,11,226,407,855,30,0
OpenCUA-7B,agent,Mind2Web--fcf4952d2a1d80ea505c555c3c3b54e7,www.cars.com,c08700e02b509cfdcab0ccc695eeb5c5,1,0,139.821,377,348,348,30,13,12,168,375,788,11,0
OpenCUA-7B,agent,Mind2Web--3c1ffc3f494e423b3c434c79e35da8f3_110325,www.fandom.com,051d1b6ac84c9f11bc21a0105a4ee490,1,0,73.897,489,443,443,80,3,27,217,542,1064,52,0
OpenCUA-7B,agent,Mind2Web--26a0e5c21c145dd8448aa92f35bec5ea,www.healthgrades.com,9cfc4195eaf4654828f63851fda35130,0,0,77.75,8,3,3,1,0,0,0,7,16,0,0
OpenCUA-7B,agent,Mind2Web--3c1ffc3f494e423b3c434c79e35da8f3_110325,www.fandom.com,a0c23cd321807a24a6510537fdd2033a,1,0,128.522,1256,1210,1210,223,1,117,765,1444,2658,63,0
OpenCUA-7B,agent,Mind2Web--070c907d34a4ce71dfdbea38f9c5d4d8,www.healthgrades.com,195ea21291a4e20a0d1c2c6f6bab5157,0,0,48.114,4,3,3,1,0,0,0,3,8,0,0
OpenCUA-7B,agent,Mind2Web--26a0e5c21c145dd8448aa92f35bec5ea,www.healthgrades.com,697a8bf0fed52a2147ce88364bb05c8a,0,0,146.391,17,3,3,1,0,0,0,16,34,0,0
OpenCUA-7B,agent,Mind2Web--43a1ca251f11c6b0bdd0379766cc49e6,www.healthgrades.com,40c8518c15e6423763fa8c901ed36c0b,0,0,23.978,7,3,3,1,0,0,0,6,14,0,0
OpenCUA-7B,agent,Mind2Web--070c907d34a4ce71dfdbea38f9c5d4d8,www.healthgrades.com,5e425c6fc53c6cd864434a711b13cd19,0,0,36.248,5,3,3,1,0,0,0,4,10,0,0
OpenCUA-7B,agent,Mind2Web--a7a73c8fa75441fc76df9746c327bdd6,www.thumbtack.com,b94489ef809433f364ad2315ccd8c9e5,0,0,500.118,1491,889,889,50,5,9,1293,1930,3003,42,0
OpenCUA-7B,agent,Mind2Web--43a1ca251f11c6b0bdd0379766cc49e6,www.healthgrades.com,d90393959d05418511ff82aaa1c95eba,0,0,86.256,8,3,3,1,0,0,0,7,16,0,0
OpenCUA-7B,agent,Mind2Web--b3f8bd9198d9d157e0848109563c4b23,ohiomeansjobs.ohio.gov,e9917d22605de96e935b33dffb741739,1,0,114.635,399,315,315,14,21,6,375,655,834,48,0
OpenCUA-7B,agent,Mind2Web--20a460a8fe1971b84411c5b1e6ac4186,www.stubhub.com,9b36703fad8ab631481722b85fa598a5,1,0,202.636,452,361,361,31,5,2,243,584,896,8,0
OpenCUA-7B,agent,Mind2Web--b3f8bd9198d9d157e0848109563c4b23,ohiomeansjobs.ohio.gov,5df01d053e427c700854c72f6314066d,1,0,328.236,899,710,710,14,51,5,996,1486,1880,108,0
OpenCUA-7B,agent,Mind2Web--7be8cd8dba885cddd9af5320f49bc41b,www.bbb.org,685e5d0f221b418f140666e93c9aba08,1,0,134.85,32,26,26,5,1,1,6,28,64,0,0
OpenCUA-7B,agent,Mind2Web--20a460a8fe1971b84411c5b1e6ac4186,www.stubhub.com,b0bace0bffe525fdda5a478cf3b9747a,1,0,207.634,353,293,293,21,3,2,129,415,699,7,0
OpenCUA-7B,agent,Mind2Web--7be8cd8dba885cddd9af5320f49bc41b,www.bbb.org,3630564eff87599ac66e6fc4254171f8,1,0,160.007,54,48,48,7,1,1,6,49,107,0,0
OpenCUA-7B,agent,Mind2Web--db1ffb5e60578597d1c3aa3c389ac7b1,www.google.com,74c41b1456bd53cf6b6a67b922e17569,1,0,418.571,249,100,100,9,0,0,150,394,548,0,0
OpenCUA-7B,agent,Mind2Web--9f1cba613830ca1c6a58f9498c06e679_110325,www.remax.com,c1edb76ea91435311db0c0a017cf21bc,1,0,208.317,4168,4020,4020,366,12,214,3571,4146,8318,107,0
OpenCUA-7B,agent,Mind2Web--db1ffb5e60578597d1c3aa3c389ac7b1,www.google.com,cdfbdd39c71f06b51922b179adf47ed5,0,0,500.096,340,99,99,8,0,0,242,576,818,0,0
OpenCUA-7B,agent,Mind2Web--75146b7b67388b9244e0f21a1527c022,www.adoptapet.com,165a18b5e5d8910aaeeaf5f354455638,0,0,96.109,1,0,0,0,0,0,0,0,2,0,0
OpenCUA-7B,agent,Mind2Web--239a29bde438fe44fe17fe1390ef1634,www.healthline.com,301c5fe9ea74c4f0d0427a7aec49d001,1,0,102.925,731,574,574,73,7,12,401,756,1447,40,0
OpenCUA-7B,agent,Mind2Web--75146b7b67388b9244e0f21a1527c022,www.adoptapet.com,2b716f52e7d3d0046804e0283a8f9b61,0,0,38.834,1,0,0,0,0,0,0,0,2,0,0
OpenCUA-7B,agent,Mind2Web--59b7b990b4828bc305ab0d7ed6071b55,www.landwatch.com,577d2d3fbafde6e3ed8d9e81569d629a,0,0,98.824,1,0,0,0,0,0,0,0,2,0,0
OpenCUA-7B,agent,Mind2Web--59b7b990b4828bc305ab0d7ed6071b55,www.landwatch.com,7949b29e04d92f1b66c3d7cddd5aabc2,0,0,78.47,1,0,0,0,0,0,0,0,2,0,0
OpenCUA-7B,agent,Mind2Web--9c97bab9c2abfb90a426cbe9addae8d0_110325,www.michaels.com,c5b8ebca1fe94375120133d69d0a04b0,0,0,48.807,1,0,0,0,0,0,0,0,2,0,0
OpenCUA-7B,agent,Mind2Web--871e7771cecb989972f138ecc373107b,www.theweathernetwork.com,8dc88c916a433954607b5a7ccdee2d53,1,0,56.856,1832,1678,1678,248,5,144,1210,1936,3723,26,0
OpenCUA-7B,agent,Mind2Web--9c97bab9c2abfb90a426cbe9addae8d0_110325,www.michaels.com,d994e4c7b07101889b8667b371d94f95,0,0,97.904,1,0,0,0,0,0,0,0,2,0,0
OpenCUA-7B,agent,Mind2Web--871e7771cecb989972f138ecc373107b,www.theweathernetwork.com,6bce3549802334af9a51247291d9cd1c,1,0,69.118,2225,2024,2024,282,7,162,1467,2364,4535,33,0
OpenCUA-7B,agent,Mind2Web--b69eb4de621e9e265676daac44938f3f,www.adoptapet.com,3013ad9608a4259af048d8badec491b2,0,0,91.126,1,0,0,0,0,0,0,0,2,0,0
OpenCUA-7B,agent,Mind2Web--b69eb4de621e9e265676daac44938f3f,www.adoptapet.com,086cb5b8b14ab94df7dbc354ad54f0c7,0,0,39.143,1,0,0,0,0,0,0,0,2,0,0
OpenCUA-7B,agent,Mind2Web--239a29bde438fe44fe17fe1390ef1634,www.healthline.com,e0327b7f585fce886b1410fec0ba7fa2,0,0,500.082,519,360,360,66,1,10,376,529,1029,9,0
OpenCUA-7B,agent,Mind2Web--9f1cba613830ca1c6a58f9498c06e679_110325,www.remax.com,9a45107ebbe235dcd1cf13ffc3102189,0,0,500.205,7437,7038,7038,443,39,262,5730,7637,14878,316,0
OpenCUA-7B,agent,Mind2Web--8ae510355d978424f490798f900bfa2c,www.student.com,d6728c6dd2b0a15e44fc9282ecdaae3c,1,0,131.332,281,229,229,43,1,5,186,363,616,8,0
OpenCUA-7B,agent,Mind2Web--4c186c6ed888d0c8d4cf4adb39443080,www.nba.com,7b9e1e2ae618325770bfdff45cf6d9f5,0,0,8.626,0,0,0,0,0,0,0,0,0,0,0
OpenCUA-7B,agent,Mind2Web--9bb63ad0e38d5691a618932a8b31c05a,www.google.com,4ff6df8c36e961c64348cb77ff557ce8,1,0,149.317,192,91,91,7,0,0,102,289,384,0,0
OpenCUA-7B,agent,Mind2Web--4c186c6ed888d0c8d4cf4adb39443080,www.nba.com,b9459ca386d7f29712387b56d68dc48e,0,0,16.975,0,0,0,0,0,0,0,0,0,0,0
OpenCUA-7B,agent,Mind2Web--2fc51dd3febd447f0fdcdabca8d944ce_110325,www.publicstorage.com,1093e5fe6dbdc4ae9339eecf68d3115f,1,0,48.986,281,218,218,38,7,5,129,322,590,9,0
OpenCUA-7B,agent,Mind2Web--2fc51dd3febd447f0fdcdabca8d944ce_110325,www.publicstorage.com,edf457ba837098a0157d6c001c006d22,1,0,127.767,511,384,384,42,11,7,322,630,1099,28,0
OpenCUA-7B,agent,Mind2Web--eb323dc584156d0eb3a2b90bb8c4b791_110325,www.compass.com,343d46d1677fe683c4af9c69216d0aef,1,0,211.306,735,468,468,25,5,1,410,838,1498,90,0
OpenCUA-7B,agent,Mind2Web--9bb63ad0e38d5691a618932a8b31c05a,www.google.com,02048bd9b5b812f991eacddd3db762ab,0,0,500.104,346,100,100,8,0,0,247,588,835,0,0
OpenCUA-7B,agent,Mind2Web--87f4c5128e36cdb9366a138a7b61bb00,www.bestbuy.com,b30d38a04b99229642c32d36d008e0ff,1,0,124.694,160,44,44,3,1,1,117,162,320,0,0
OpenCUA-7B,agent,Mind2Web--354b4ddf048815f8fd4163d0d7e1aaa3,ohiomeansjobs.ohio.gov,614b9b77a18446d6f115a323f7586a21,1,0,170.589,378,301,301,14,19,5,392,614,790,44,0
OpenCUA-7B,agent,Mind2Web--8ae510355d978424f490798f900bfa2c,www.student.com,28892d24463d883134e4fd96fee923c0,0,0,500.088,470,364,364,46,3,7,340,600,1021,19,0
OpenCUA-7B,agent,Mind2Web--354b4ddf048815f8fd4163d0d7e1aaa3,ohiomeansjobs.ohio.gov,bea3d311f6ad57c4a68040c15413efad,1,0,206.048,637,504,504,14,35,5,685,1049,1332,76,0
OpenCUA-7B,agent,Mind2Web--e4e097222d13a2560db6f6892612dab6,www.adoptapet.com,df5e959dd82fea16baab8bed82bdff9d,0,0,37.79,1,0,0,0,0,0,0,0,2,0,0
OpenCUA-7B,agent,Mind2Web--f389398d2eeb29e5571e00439c57eb76,www.theweathernetwork.com,4bf91c98bbdc0fe3dbf7bfbb2144b2be,1,0,33.278,1372,1239,1239,219,7,124,1041,1449,2780,20,0
OpenCUA-7B,agent,Mind2Web--f389398d2eeb29e5571e00439c57eb76,www.theweathernetwork.com,e3c7e0ced41971fb3b06fde66252bda0,1,0,43.964,1302,1184,1184,221,7,129,970,1392,2638,30,0
OpenCUA-7B,agent,Mind2Web--8ea6c3a2ea3f59150619935261a76d19,www.fedex.com,943e20c56274ca0635289e34def5650f,0,0,11.059,4,0,0,0,0,0,3,3,8,0,0
OpenCUA-7B,agent,Mind2Web--8ea6c3a2ea3f59150619935261a76d19,www.fedex.com,5f5e84ae38c6207331b2745357864d28,0,0,104.103,4,0,0,0,0,0,3,3,8,0,0
OpenCUA-7B,agent,Mind2Web--eb323dc584156d0eb3a2b90bb8c4b791_110325,www.compass.com,7dc3628ec9faafa99548269daa6ffd89,0,0,500.167,1182,789,789,25,5,1,696,1431,2432,220,0
OpenCUA-7B,agent,Mind2Web--87f4c5128e36cdb9366a138a7b61bb00,www.bestbuy.com,1099421271da4bc44c0a3f0420fbdafb,1,0,165.247,160,44,44,3,1,1,117,162,320,0,0
OpenCUA-7B,agent,Mind2Web--2dd41b1d0e8f389d0683f4a4627abfe6,www.landwatch.com,de6ad46c8f7a184a0f513ce71ed00e1c,0,0,33.49,1,0,0,0,0,0,0,0,2,0,0
OpenCUA-7B,agent,Mind2Web--2dd41b1d0e8f389d0683f4a4627abfe6,www.landwatch.com,765edfffce7f79c9952a0a88d0ebbdc9,0,0,37.318,1,0,0,0,0,0,0,0,2,0,0
OpenCUA-7B,agent,Mind2Web--e4e097222d13a2560db6f6892612dab6,www.adoptapet.com,6a2c3bcd0afed8b3990a77f4e762086b,0,0,407.942,1,0,0,0,0,0,0,0,2,0,0
OpenCUA-7B,agent,Mind2Web--c1d6ea6f2196d25782cc3646ff3090db,www.google.com,a42e6e4bb212105aec71bee06ce02998,0,0,500.099,274,100,100,8,0,0,175,444,627,0,0
OpenCUA-7B,agent,Mind2Web--c1d6ea6f2196d25782cc3646ff3090db,www.google.com,4f1747d51b46f53fbd5ca634c44212f1,0,0,500.083,293,101,101,8,0,0,193,480,683,0,0
OpenCUA-7B,agent,Mind2Web--f2097f92a10d42a842c14179f422311e,www.bestbuy.com,d1a63e7e18de8909d619188dc8ebb8d2,1,0,256.718,206,44,44,3,1,1,163,208,412,0,0
OpenCUA-7B,agent,Mind2Web--853afd530c72f4b00ffc32ae854efaf8,www.accuweather.com,5ee3f6c8fe5c2979ef017a622dd327c5,0,0,38.575,0,0,0,0,0,0,0,0,0,0,0
OpenCUA-7B,agent,Mind2Web--853afd530c72f4b00ffc32ae854efaf8,www.accuweather.com,a5f1cbd0d3ecdb02b5c9cf1cf0ef01dc,0,0,43.206,0,0,0,0,0,0,0,0,0,0,0
OpenCUA-7B,agent,Mind2Web--f2097f92a10d42a842c14179f422311e,www.bestbuy.com,4e77128e27a1bd2c5cd8cdf5127f9c1a,1,0,125.304,166,44,44,3,1,1,123,168,332,0,0
OpenCUA-7B,agent,Mind2Web--c09721cc937d4dcfb391a0bc2c574b28,www.recreation.gov,2fd193a16ce84d365f76b3730c82be6c,1,0,46.242,335,270,270,18,3,1,199,356,635,28,0
OpenCUA-7B,agent,Mind2Web--4c572a627b53b0f9a734ab37f21819b8,craigslist.org,3979779c1deed3e7a2096e79c2e03e8c,1,0,151.825,38,0,0,0,0,0,33,46,85,0,0
OpenCUA-7B,agent,Mind2Web--4c572a627b53b0f9a734ab37f21819b8,craigslist.org,f069c8ca4ea15fd491bb405978095066,1,0,44.964,4,0,0,0,0,0,3,0,8,0,0
OpenCUA-7B,agent,Mind2Web--85b284c18d7e78c9b5a9e074e7aa3b98,www.student.com,7b341a2129a7b3d73f5148720764c297,0,0,500.111,647,464,464,43,1,5,450,799,1399,27,0
OpenCUA-7B,agent,Mind2Web--85b284c18d7e78c9b5a9e074e7aa3b98,www.student.com,ce5a66a852c80f51fa4c7ec5f651ca35,0,0,500.115,1025,728,728,46,5,10,756,1326,2198,27,0
OpenCUA-7B,agent,Mind2Web--4f903626f632586fe4728d6664947bab,www.justice.gov,a3e3cf953594cf4da494d79ad8e06432,1,0,47.573,390,304,304,20,4,3,218,481,856,41,0
OpenCUA-7B,agent,Mind2Web--c09721cc937d4dcfb391a0bc2c574b28,www.recreation.gov,f06ef9c51a1b5d61e948adc2d3307419,1,0,58.614,346,276,276,18,3,1,212,368,662,35,0
OpenCUA-7B,agent,Mind2Web--4f903626f632586fe4728d6664947bab,www.justice.gov,337c38e11b7089290853a5451066c12f,1,0,94.164,393,307,307,20,6,3,232,484,862,41,0
OpenCUA-7B,agent,Mind2Web--3ec0f6138d37fadcb989347a6088ec45,www.bbb.org,690bdd8ca0db3aa0f2bf52723ed2cb5e,1,0,99.977,51,45,45,7,1,1,6,46,101,0,0
OpenCUA-7B,agent,Mind2Web--2207bb4f21786690cfed20b37253fb8b,www.theweathernetwork.com,3420e0649f0d00b7cccc19010f747f74,1,0,65.392,1647,1509,1509,232,5,134,1112,1724,3346,18,0
OpenCUA-7B,agent,Mind2Web--2207bb4f21786690cfed20b37253fb8b,www.theweathernetwork.com,aa578df5b73682498e353e11662a5e3c,1,0,88.359,2382,2141,2141,287,9,160,1553,2571,4878,33,0
OpenCUA-7B,agent,Mind2Web--9c04b71bb8db6cf8e743b2290cbc8797,www.ups.com,ae4b4126922a6b04799795b05370edb9,0,0,19.829,0,0,0,0,0,0,0,0,0,0,0
OpenCUA-7B,agent,Mind2Web--9c04b71bb8db6cf8e743b2290cbc8797,www.ups.com,a02336ae14d45ee3c26e1a588c63d53a,0,0,27.01,0,0,0,0,0,0,0,0,0,0,0
OpenCUA-7B,agent,Mind2Web--4e0f5561a76478da87995dee00b09572,www.accuweather.com,9fee4ebfb09e12154a69817699140f40,0,0,56.632,0,0,0,0,0,0,0,0,0,0,0
OpenCUA-7B,agent,Mind2Web--4e0f5561a76478da87995dee00b09572,www.accuweather.com,9f46e1468e8808d1f0dcc1b9ba1e1bc8,0,0,4.708,0,0,0,0,0,0,0,0,0,0,0
OpenCUA-7B,agent,Mind2Web--7562d9b4e4829a44245aafce2e1f62db,www.usps.com,f2781efa2a3d082a39d916666d5cd730,0,0,28.84,0,0,0,0,0,0,0,0,0,0,0
OpenCUA-7B,agent,Mind2Web--301f267f421b93045874726183e8f722,www.healthline.com,2b58ac1c16e8cd23dbec3e15a2d4bfbb,0,0,500.474,3830,3366,3366,193,11,66,2185,3939,7690,79,0
OpenCUA-7B,agent,Mind2Web--7562d9b4e4829a44245aafce2e1f62db,www.usps.com,3935c79ded9c38ec1772a6b0ea421381,0,0,45.002,0,0,0,0,0,0,0,0,0,0,0
OpenCUA-7B,agent,Mind2Web--301f267f421b93045874726183e8f722,www.healthline.com,29d181d5f2910481cea09200c22bf692,0,0,500.174,4499,4125,4125,358,7,167,3015,4918,9146,164,0
OpenCUA-7B,agent,Mind2Web--3ec0f6138d37fadcb989347a6088ec45,www.bbb.org,ead602933e78531e2ba1af9a88d8fed6,1,0,65.347,32,26,26,5,1,1,6,28,64,0,0
OpenCUA-7B,agent,Mind2Web--330cd04c773ac498f51afa4665461ec8,craigslist.org,e6e3e5ebf9a7e416d8226c6727291129,1,0,209.639,45,0,0,0,0,0,39,70,107,0,0
OpenCUA-7B,agent,Mind2Web--bd1e3770b7181f6fce9c35e18caa9785,craigslist.org,2f306ff5f14aef14d085d13e5f764e6c,0,0,500.078,61,0,0,0,0,0,56,114,162,0,0
OpenCUA-7B,agent,Mind2Web--bd1e3770b7181f6fce9c35e18caa9785,craigslist.org,471bce81ad7de19457c8dc224633f0b3,1,0,95.749,9,0,0,0,0,0,5,5,18,0,0
OpenCUA-7B,agent,Mind2Web--a0a18ca6a3529f3e97c771aadd42d3a0_110325,www.jcpenney.com,421ab13e5e9e7e5c05375c4d05896834,0,0,71.253,1,0,0,0,0,0,0,0,2,0,0
OpenCUA-7B,agent,Mind2Web--ec78d3a635e417bc2a80d03ca93d7165,www.gov.uk,9abb75136e5ad74a9ff4e2f63e87e7ea,1,0,232.083,214,53,53,3,1,3,195,156,428,0,0
OpenCUA-7B,agent,Mind2Web--a0a18ca6a3529f3e97c771aadd42d3a0_110325,www.jcpenney.com,f9ec8c6209e1a5875c6cd6125877031c,0,0,80.172,1,0,0,0,0,0,0,0,2,0,0
OpenCUA-7B,agent,Mind2Web--330cd04c773ac498f51afa4665461ec8,craigslist.org,13205e6aed86f3374766f50099ac65e9,1,0,336.963,110,0,0,0,0,0,104,155,250,0,0
OpenCUA-7B,agent,Mind2Web--e7f6cca9a8875f98fee3b711ead3a444_110325,www.tumblr.com,755fd2efd518ee8154a0d3d0a0509657,1,0,112.937,1231,1147,1147,226,2,149,1012,1274,2512,1,0
OpenCUA-7B,agent,Mind2Web--ec78d3a635e417bc2a80d03ca93d7165,www.gov.uk,5e85c4f3a412e03c6f6b88455676e5f0,0,0,500.07,126,0,0,0,0,0,110,115,252,0,0
OpenCUA-7B,agent,Mind2Web--75a1b5dcd2c28508a971d98d51fe5767,www.allrecipes.com,bb10b5b6b43a486a9000a10a2971990b,1,0,78.503,1333,1215,1215,234,5,129,959,1449,2707,54,0
OpenCUA-7B,agent,Mind2Web--75a1b5dcd2c28508a971d98d51fe5767,www.allrecipes.com,38c0033df8e53b4ab04d6d9c72c1f0b6,1,0,57.856,1527,1402,1402,229,5,122,981,1659,3111,53,0
OpenCUA-7B,agent,Mind2Web--82eb3bfedd78456a0230b389f4e7a938,coinmarketcap.com,f79af76edddc69214cba0dc9e2906f4b,0,0,500.124,1610,460,460,39,13,11,633,1628,3273,0,0
OpenCUA-7B,agent,Mind2Web--82eb3bfedd78456a0230b389f4e7a938,coinmarketcap.com,5fa1fa4a7731e7faaa7128df7754b907,1,0,225.97,1461,620,620,100,9,59,622,1517,2964,6,0
OpenCUA-7B,agent,Mind2Web--05483c50cc9b04c8ac44c574758fb2bd,www.bbb.org,796e1f3bcc46be33ec17cc14f219c634,1,0,44.711,32,26,26,5,1,1,6,28,64,0,0
OpenCUA-7B,agent,Mind2Web--e7f6cca9a8875f98fee3b711ead3a444_110325,www.tumblr.com,2c4887183cd7081267969a7dd87c9a02,1,0,147.995,1008,935,935,173,1,107,793,1077,2053,1,0
OpenCUA-7B,agent,Mind2Web--a172a5d9ffaf5ef02bd550ec4fe24e6d,www.drugs.com,9ff513eb6c34bcae64a3cdf7870998f1,0,0,69.887,1,0,0,0,0,0,0,0,2,0,0
OpenCUA-7B,agent,Mind2Web--a172a5d9ffaf5ef02bd550ec4fe24e6d,www.drugs.com,eb7dd0d1ae139d87abe770ef98ef8128,0,0,51.515,1,0,0,0,0,0,0,0,2,0,0
OpenCUA-7B,agent,Mind2Web--c03ee2be3d73556ab789c0ad1cbd3451,www.akc.org,3fd60b5b1977a134188af7bb3e700bcb,0,0,500.215,1491,1231,1231,73,17,36,732,1612,3004,3,0
OpenCUA-7B,agent,Mind2Web--c03ee2be3d73556ab789c0ad1cbd3451,www.akc.org,7f042dbefe0801b17dbf7e5b88fb36e2,0,0,500.337,2103,1802,1802,85,11,42,1109,2219,4205,8,0
OpenCUA-7B,agent,Mind2Web--05483c50cc9b04c8ac44c574758fb2bd,www.bbb.org,542a949dc22819214d8f3c13fc4ae1df,1,0,49.354,31,25,25,5,1,1,6,25,62,0,0
OpenCUA-7B,agent,Mind2Web--7e1047f4803237f319c004f7a7f6bccb_121125,www.bestbuy.com,d5075dd540581cffd5751ab5b7526ad5,0,0,500.082,300,41,41,3,0,0,258,299,600,0,0
OpenCUA-7B,agent,Mind2Web--7e1047f4803237f319c004f7a7f6bccb_121125,www.bestbuy.com,67c6ff6bba022a0ff6aaaf0ef3745a3f,0,0,500.137,2147,1033,1033,98,11,32,1945,2785,4290,3,0
OpenCUA-7B,agent,Mind2Web--f2be37a9a60fbc25b6b11cf622d17352_110325,www.akc.org,ce557b6d4668386c9f9aade24abb169c,0,0,500.113,807,474,474,60,13,21,452,863,1639,1,0
OpenCUA-7B,agent,Mind2Web--0170ca95038b05fa58d463fe627ac605,www.gov.uk,a7253cb6ad2b3bf34d135dcd677b4059,1,0,128.693,64,0,0,0,0,0,48,53,128,0,0
OpenCUA-7B,agent,Mind2Web--f2be37a9a60fbc25b6b11cf622d17352_110325,www.akc.org,a051a6794a1ec21e552cc2e87873dda6,0,0,500.1,987,564,564,57,17,25,575,1037,2001,0,0
OpenCUA-7B,agent,Mind2Web--e24662008c3be5d56f986f232fcec447,www.google.com,fe525888a8555acb0b1f6c66a82c0a8e,0,0,500.088,1175,108,108,12,0,0,1086,1346,3785,1,0
OpenCUA-7B,agent,Mind2Web--e24662008c3be5d56f986f232fcec447,www.google.com,b27d3e2300514ff7333e386f0e062372,0,0,500.08,1183,113,113,12,0,0,1089,1360,3812,1,0
OpenCUA-7B,agent,Mind2Web--515f2e5811cfdd5e0e669e40f17886d8,www.bestbuy.com,f7ca11d46fdd39b2e327779b8d0a7487,1,0,212.121,186,44,44,3,1,1,143,188,372,0,0
OpenCUA-7B,agent,Mind2Web--0170ca95038b05fa58d463fe627ac605,www.gov.uk,a829fc36caba05cbec2aa7ab12be817e,0,0,500.077,135,0,0,0,0,0,119,124,270,0,0
OpenCUA-7B,agent,Mind2Web--b3a7da968de13bbdcaed12ffe4993df6,www.akc.org,0c58a6ec98362bcce7358dd78dc7fc5e,1,0,151.342,303,172,172,55,3,15,78,323,625,2,0
OpenCUA-7B,agent,Mind2Web--4d3157aab34b54e5f0c4b965dfe930f3,www.babycenter.com,ae3f11ad6cff0c1b7071bfcc8ae3fe39,1,0,244.145,2084,2035,2035,125,3,57,1638,2698,4170,86,0
OpenCUA-7B,agent,Mind2Web--4d3157aab34b54e5f0c4b965dfe930f3,www.babycenter.com,535fcf1f4a17445eb8fd12b3128f5e68,1,0,119.376,1023,994,994,90,1,36,799,1338,2046,46,0
OpenCUA-7B,agent,Mind2Web--e4e19e04286f644d747d8c5a79d17fac,www.drugs.com,a3ee3a74b10e9c62bfc29e2bb04e1350,0,0,35.156,1,0,0,0,0,0,0,0,2,0,0
OpenCUA-7B,agent,Mind2Web--e4e19e04286f644d747d8c5a79d17fac,www.drugs.com,dfee692658a8d2d6b383238cf6cd0246,0,0,60.929,1,0,0,0,0,0,0,0,2,0,0
OpenCUA-7B,agent,Mind2Web--cad62d2be0c53f08a416457486b3db23,www.adoptapet.com,7b2be9aa4ac5578544e7b0b619c883ce,0,0,69.084,1,0,0,0,0,0,0,0,2,0,0
OpenCUA-7B,agent,Mind2Web--cad62d2be0c53f08a416457486b3db23,www.adoptapet.com,44a419d6d2384c214c131cb353e2fbc3,0,0,16.879,1,0,0,0,0,0,0,0,2,0,0
OpenCUA-7B,agent,Mind2Web--9ef1a8972f375db59c0e6329e11b7939,www.landwatch.com,6f35a177e35fde8a6bf3af07d8a814e9,0,0,82.777,1,0,0,0,0,0,0,0,2,0,0
OpenCUA-7B,agent,Mind2Web--9ef1a8972f375db59c0e6329e11b7939,www.landwatch.com,cd4a4550179267e04021a70f11fa360c,0,0,88.98,1,0,0,0,0,0,0,0,2,0,0
OpenCUA-7B,agent,Mind2Web--a11ecdff735b51372d536c866011af6f,www.coursera.org,44059a75cd68d1c98200e573dc83fc49,1,0,27.674,508,350,350,40,3,8,317,583,1022,26,0
OpenCUA-7B,agent,Mind2Web--b3a7da968de13bbdcaed12ffe4993df6,www.akc.org,8e93aa6fcd8c9cc3bb76326f462bd165,0,0,500.108,1623,1099,1099,84,31,37,807,1800,3359,8,0
OpenCUA-7B,agent,Mind2Web--515f2e5811cfdd5e0e669e40f17886d8,www.bestbuy.com,06635f5959684a4dcc36ca1a243518d5,1,0,221.749,194,44,44,3,1,1,151,196,388,0,0
OpenCUA-7B,agent,Mind2Web--a11ecdff735b51372d536c866011af6f,www.coursera.org,c3ccbf75cb31b7a524ca6705abfce016,1,0,138.752,1363,804,804,40,5,9,1038,1551,2780,56,0
OpenCUA-7B,agent,Mind2Web--7fff82864f21ddeccf4104a220892824,www.google.com,45933272900b3c419421abee60930bea,0,0,500.083,342,100,100,8,0,0,243,579,824,0,0
OpenCUA-7B,agent,Mind2Web--7fff82864f21ddeccf4104a220892824,www.google.com,243ae6322f1b125993c902042569420e,0,0,500.097,322,101,101,8,0,0,222,539,766,0,0
OpenCUA-7B,agent,Mind2Web--50d91eabde542906937ab4c5b6f8f23a_121425,www.babycenter.com,b2f433707c9700a7d39aaebb39ba0247,0,0,500.107,653,618,618,77,1,29,576,950,1266,18,0
OpenCUA-7B,agent,Mind2Web--50d91eabde542906937ab4c5b6f8f23a_121425,www.babycenter.com,c4d23595d289092812300f6b756e2581,0,0,500.112,1316,1283,1283,77,1,29,533,1643,2621,18,0
OpenCUA-7B,agent,Mind2Web--eb2db4b769c145dbe6ba4f74f3e0de98,www.akc.org,51486063b8cf8a92d08647fc5744c261,1,0,243.592,363,206,206,39,7,17,138,403,743,0,0
OpenCUA-7B,agent,Mind2Web--c0fa2c0e622971955cabf5bcf7b777e8,www.apartments.com,1725773d82e6b79a6e92c9803972a95d,0,0,44.968,1,0,0,0,0,0,0,0,2,0,0
OpenCUA-7B,agent,Mind2Web--c0fa2c0e622971955cabf5bcf7b777e8,www.apartments.com,cddf98f5770d797d5b01428c7098c302,0,0,55.461,1,0,0,0,0,0,0,0,2,0,0
OpenCUA-7B,agent,Mind2Web--ce616721ce9aeda69890fbccb29677a6,www.usps.com,37418d9349fd1922127cf77903468c17,0,0,46.883,0,0,0,0,0,0,0,0,0,0,0
OpenCUA-7B,agent,Mind2Web--ce616721ce9aeda69890fbccb29677a6,www.usps.com,1b7a69d4d4aad1ce0a8a74c3df882809,0,0,18.317,0,0,0,0,0,0,0,0,0,0,0
OpenCUA-7B,agent,Mind2Web--dcd26e662a616d373ddd339747c6ce5b,www.healthline.com,fafe639a00e10328d648c47f40b3d729,0,0,500.092,367,283,283,64,1,10,226,377,724,9,0
OpenCUA-7B,agent,Mind2Web--9d09bc948462db032bac98968b11b008,www.stubhub.com,531f233688cbf94e04813921bb6da996,1,0,133.71,670,541,541,31,9,2,356,830,1325,13,0
OpenCUA-7B,agent,Mind2Web--29526b17a32485742b5ab63507e99417,www.drugs.com,7a23129dca101457a1e5b9610634a04a,0,0,44.505,1,0,0,0,0,0,0,0,2,0,0
OpenCUA-7B,agent,Mind2Web--29526b17a32485742b5ab63507e99417,www.drugs.com,c7bf93eb62301be450778a4e8ea726cf,0,0,35.371,1,0,0,0,0,0,0,0,2,0,0
OpenCUA-7B,agent,Mind2Web--d7c955b47af68e01766fa86d0bee08a7,www.apartments.com,5d02c0e84d32ae04122589008aa8686b,0,0,102.637,1,0,0,0,0,0,0,0,2,0,0
OpenCUA-7B,agent,Mind2Web--d7c955b47af68e01766fa86d0bee08a7,www.apartments.com,0d2fa0e1d5c00b6e95a9ce539e328f34,0,0,15.004,1,0,0,0,0,0,0,0,2,0,0
OpenCUA-7B,agent,Mind2Web--dcd26e662a616d373ddd339747c6ce5b,www.healthline.com,8592f1523861b4645aaa3a1ce5265a64,0,0,500.085,371,285,285,64,1,11,233,381,732,9,0
OpenCUA-7B,agent,Mind2Web--eb2db4b769c145dbe6ba4f74f3e0de98,www.akc.org,7a1bf24b59c9454cf9b5e282e86a19b2,0,0,500.235,1736,1421,1421,174,9,66,993,1873,3502,54,0
OpenCUA-7B,agent,Mind2Web--5916018d1cad999881018cac1216a692,www.thumbtack.com,08e1544865609d660babad955eaf838e,1,0,92.803,516,326,326,46,5,7,373,565,1032,33,0
OpenCUA-7B,agent,Mind2Web--9d09bc948462db032bac98968b11b008,www.stubhub.com,be270de5497a8210622256a367263b9e,0,0,500.128,180,146,146,19,1,1,65,195,357,2,0
OpenCUA-7B,agent,Mind2Web--9d090a15c214eb070d9caa8a034d03c1,www.student.com,d37c9bf4a5c20600e661f85a8650b12b,0,0,500.137,735,506,506,43,1,5,516,996,1602,27,0
OpenCUA-7B,agent,Mind2Web--9d090a15c214eb070d9caa8a034d03c1,www.student.com,fb2e0785b3ab490d7f51891e26c5c3c6,1,0,150.14,426,328,328,46,3,11,315,525,926,15,0
OpenCUA-7B,agent,Mind2Web--07bdc595306729a028ba06cc7451a80a,us.trip.com,7b0b061c76fb56654ac39ca94c6b8527,1,0,81.062,751,481,481,35,4,3,401,830,1540,17,0
OpenCUA-7B,agent,Mind2Web--5916018d1cad999881018cac1216a692,www.thumbtack.com,8aeb4c96176c988036942e39e0ffae6a,0,0,500.118,1415,746,746,42,3,6,1328,1652,2998,19,0
OpenCUA-7B,agent,Mind2Web--0059adc6b12a3822305deb68929b2de8,careers.walmart.com,0c306ac4e7bbad7d34021f2c0f9311f9,1,0,111.202,232,139,139,12,1,2,137,303,475,17,0
OpenCUA-7B,agent,Mind2Web--64b76158720a69e4a5c31a55d54928bf,www.healthline.com,2367dc09cb8839a4a8e5549939c542f5,1,0,202.583,1768,1352,1352,81,22,16,1059,1835,3513,100,0
OpenCUA-7B,agent,Mind2Web--e3ab665e01e7632ce33ac1aeca14aff6,www.recreation.gov,b718e5c55e366a630e913058bb6303b6,1,0,161.805,461,299,299,21,5,2,293,541,912,89,0
OpenCUA-7B,agent,Mind2Web--0059adc6b12a3822305deb68929b2de8,careers.walmart.com,65ee59476640a538d5191472263e347e,0,0,500.087,532,299,299,12,4,2,476,831,1088,113,0
OpenCUA-7B,agent,Mind2Web--2d5a7f95f951a26838289dfd629ae850_110325,www.compass.com,55ec1f87e181410a7b202f3598bd7915,1,0,133.374,546,329,329,25,3,2,313,615,1106,52,0
OpenCUA-7B,agent,Mind2Web--2d5a7f95f951a26838289dfd629ae850_110325,www.compass.com,580dd2e35f8e5d455b401b95bab8bdc5,1,0,101.383,403,234,234,25,3,1,235,455,822,46,0
OpenCUA-7B,agent,Mind2Web--26810ed9c123a62992e3eed31db3c5ee,www.accuweather.com,a6bc909dfba9d582883911e9508b45ae,0,0,28.768,0,0,0,0,0,0,0,0,0,0,0
OpenCUA-7B,agent,Mind2Web--07bdc595306729a028ba06cc7451a80a,us.trip.com,3e47af19957adeaada1a1f939f07f92d,1,0,267.017,4579,2263,2263,38,6,4,3367,5182,9603,24,0
OpenCUA-7B,agent,Mind2Web--26810ed9c123a62992e3eed31db3c5ee,www.accuweather.com,8faae3f07bb432405ddad2f87b393cb6,0,0,61.838,0,0,0,0,0,0,0,0,0,0,0
OpenCUA-7B,agent,Mind2Web--c181f903ec1107b850032c17cad88393,www.webmd.com,3e06bf7e4dfd73bb325341834daee848,1,0,150.165,1847,1740,1740,285,7,157,1442,2101,3731,112,0
OpenCUA-7B,agent,Mind2Web--ef289e34a2f59a707cb07e2a6229ff03,www.cars.com,cff80d51f40d4f14703c3a1b871d6b82,1,0,72.27,499,482,482,31,7,12,331,520,1015,33,0
OpenCUA-7B,agent,Mind2Web--ef289e34a2f59a707cb07e2a6229ff03,www.cars.com,112e7f30ea8b6e791fba354734357307,1,0,50.569,167,151,151,5,7,2,63,158,353,0,0
OpenCUA-7B,agent,Mind2Web--84f806c7fc15576673915f195efa72df,www.adoptapet.com,3300de65cb71cb9f5eca44c57db0e928,0,0,111.101,1,0,0,0,0,0,0,0,2,0,0
OpenCUA-7B,agent,Mind2Web--64b76158720a69e4a5c31a55d54928bf,www.healthline.com,e1f9ebf19581c078b147169f3b4eafb6,1,0,428.152,4355,3550,3550,263,38,108,2909,4595,8740,195,0
OpenCUA-7B,agent,Mind2Web--84f806c7fc15576673915f195efa72df,www.adoptapet.com,0a74901d8642fefe09b1e81dcdd604e9,0,0,72.131,1,0,0,0,0,0,0,0,2,0,0
OpenCUA-7B,agent,Mind2Web--e3ab665e01e7632ce33ac1aeca14aff6,www.recreation.gov,2c287260a3faec3c3396c3aa8d878079,0,0,500.904,4474,2292,2292,21,103,3,3344,5225,8923,759,0
OpenCUA-7B,agent,Mind2Web--c181f903ec1107b850032c17cad88393,www.webmd.com,4bcaf5f49bd3a478fea091485802a043,0,0,500.134,1773,1675,1675,247,5,139,1392,2014,3580,100,0
OpenCUA-7B,agent,Mind2Web--11abb668c751dd56bb41f296a8bb3a13,www.bestbuy.com,320fde1a45764f8aeaa8a02d84e97e8c,1,0,144.529,128,41,41,3,0,0,86,127,256,0,0
OpenCUA-7B,agent,Mind2Web--207e933d1bba815bcb58664b5d82c085,www.apartments.com,b56f85d23dbc3ea6cb6c3771969a6694,0,0,70.882,1,0,0,0,0,0,0,0,2,0,0
OpenCUA-7B,agent,Mind2Web--207e933d1bba815bcb58664b5d82c085,www.apartments.com,29fc0b85aac59183af8f6432d801a73d,0,0,38.322,1,0,0,0,0,0,0,0,2,0,0
OpenCUA-7B,agent,Mind2Web--29b7372d5a3884a2ba831af2d117af3c,www.google.com,2ec4782964f0a45d147bd4df696e5676,1,0,44.899,473,262,262,29,1,1,256,579,1329,3,0
OpenCUA-7B,agent,Mind2Web--29b7372d5a3884a2ba831af2d117af3c,www.google.com,36a8f3dd22048864ff5888271df1a71e,1,0,149.3,885,300,300,29,1,1,635,1053,2652,3,0
OpenCUA-7B,agent,Mind2Web--be9e7dca1222714571ef3d7d59d2a41c,weather.com,118b33cbd9a632a7a451247ac89089ce,0,0,500.134,3173,2641,2641,307,9,197,2695,3334,6417,20,0
OpenCUA-7B,agent,Mind2Web--5c00e9561eae94789443f405525a5869,www.healthline.com,8e7c4f523debe542e4d6e4a6063ec617,1,0,65.773,922,800,800,128,5,37,465,1077,1869,34,0
OpenCUA-7B,agent,Mind2Web--2532fd402d3c741b79894e6ff2269f53,www.thumbtack.com,f2cddb4a0ee09f502f0335eebf3f0422,0,0,80.056,3,2,2,1,0,0,0,2,6,0,0
OpenCUA-7B,agent,Mind2Web--2532fd402d3c741b79894e6ff2269f53,www.thumbtack.com,ca1e4bbe549bbc03ff40044b83909540,1,0,103.999,419,240,240,42,3,6,334,476,852,19,0
OpenCUA-7B,agent,Mind2Web--be9e7dca1222714571ef3d7d59d2a41c,weather.com,9c65748f6fd5a183b7dab06b35978908,0,0,500.12,3264,2710,2710,332,13,215,2676,3434,6580,6,0
OpenCUA-7B,agent,Mind2Web--9829f3087ab1f9c8eba6b6dd2b831d25_112325,www.espn.com,12d01d5c3268c395f2f6f0f8d7914525,1,0,95.544,2665,2613,2613,240,21,116,1289,2756,5500,49,0
OpenCUA-7B,agent,Mind2Web--783ce6a3499fa7cf25bc12f8f0ecbbbb,www.mayoclinic.org,c3f3d61601c771a9426963298634dfeb,1,0,97.201,397,315,315,40,1,10,239,419,788,7,0
OpenCUA-7B,agent,Mind2Web--783ce6a3499fa7cf25bc12f8f0ecbbbb,www.mayoclinic.org,a6e33c69185f2828d1f5df7b1bcdb2e0,1,0,149.51,353,277,277,33,1,7,196,384,700,8,0
OpenCUA-7B,agent,Mind2Web--6db4a0e346976f2729ba9afcd3208941,www.fedex.com,895e9f79122265cc5bed654f501b640d,0,0,45.298,4,0,0,0,0,0,3,3,8,0,0
OpenCUA-7B,agent,Mind2Web--11abb668c751dd56bb41f296a8bb3a13,www.bestbuy.com,20803e406cd8d174186264fca491f3cd,0,0,500.119,2478,1005,1005,101,14,35,2174,3010,4963,0,0
OpenCUA-7B,agent,Mind2Web--1fc28d91d25ccd1c6ba268101326a654,www.google.com,3c39e3ef5866d0291f95e27c15f855f3,1,0,60.202,342,84,84,11,0,0,271,406,1085,1,0
OpenCUA-7B,agent,Mind2Web--1fc28d91d25ccd1c6ba268101326a654,www.google.com,764f4f33b36b74c5a9a61aaa663e03a9,1,0,41.445,306,84,84,11,0,0,235,366,969,1,0
OpenCUA-7B,agent,Mind2Web--255bf27c43fd3f9254d6b81a5f36d3a9,www.landwatch.com,f2e2cd5676eb2c67e9af12dbfe17b56a,0,0,56.716,1,0,0,0,0,0,0,0,2,0,0
OpenCUA-7B,agent,Mind2Web--255bf27c43fd3f9254d6b81a5f36d3a9,www.landwatch.com,573e00e3790a82863580e23854d38934,0,0,65.582,1,0,0,0,0,0,0,0,2,0,0
OpenCUA-7B,agent,Mind2Web--a8b9edd598561d2de901864d5f40fe67,www.fedex.com,f02f3e8f983e6348bf22e10b42ae2c84,0,0,51.228,4,0,0,0,0,0,3,3,8,0,0
OpenCUA-7B,agent,Mind2Web--a8b9edd598561d2de901864d5f40fe67,www.fedex.com,3ebf794a4e11f5073d6136385acae365,0,0,103.127,4,0,0,0,0,0,3,3,8,0,0
OpenCUA-7B,agent,Mind2Web--5c00e9561eae94789443f405525a5869,www.healthline.com,ae389d2953fbbe470fd3d0c096c45556,0,0,500.096,378,289,289,66,1,12,242,388,745,9,0
OpenCUA-7B,agent,Mind2Web--9829f3087ab1f9c8eba6b6dd2b831d25_112325,www.espn.com,ca895bb20e77c2372d5da837b3923e9d,0,0,118.759,1,0,0,0,0,0,0,0,2,0,0
OpenCUA-7B,agent,Mind2Web--6db4a0e346976f2729ba9afcd3208941,www.fedex.com,00f012212cb8a3aa978e074abf6d8197,0,0,117.461,4,0,0,0,0,0,3,3,8,0,0
OpenCUA-7B,agent,Mind2Web--a6f0434ce6aff5f9b03681241b03ad82,finance.yahoo.com,6d75bce8636cec3137ab164c9f4793a3,0,0,500.273,3834,2615,2615,290,3,180,3607,4181,8055,97,0
OpenCUA-7B,agent,Mind2Web--a6f0434ce6aff5f9b03681241b03ad82,finance.yahoo.com,015b7f678bc17dcff6fda31cab3deff8,0,0,500.354,3800,2557,2557,316,3,206,3685,4129,7944,97,0
OpenCUA-7B,agent,Mind2Web--415bf9da6f3db3a735ecbba3b0c76c15,www.akc.org,a61f5a512fe44e64ba21aa2e327b62c3,0,0,500.117,544,444,444,50,1,21,263,571,1086,0,0
OpenCUA-7B,agent,Mind2Web--92160852a6bbbc165cee4e14ab0b1d59,www.ups.com,13baee65dea7482a270eac04c034e0ea,0,0,32.709,0,0,0,0,0,0,0,0,0,0,0
OpenCUA-7B,agent,Mind2Web--92160852a6bbbc165cee4e14ab0b1d59,www.ups.com,866598623b45d4eda1ee7ad0041bcdc1,0,0,55.647,0,0,0,0,0,0,0,0,0,0,0
OpenCUA-7B,agent,Mind2Web--415bf9da6f3db3a735ecbba3b0c76c15,www.akc.org,03cd8c8d33d56fa9ecc157ea7e173cef,1,0,201.483,1133,762,762,63,9,27,740,1181,2282,0,0
OpenCUA-7B,agent,Mind2Web--8103786e0e5976ebf961bd062d5f39cd,www.mayoclinic.org,e4d48098d8ed837f0d6ac5419b0fb289,0,0,500.094,4093,2141,2141,37,245,10,3385,4083,8106,128,0
OpenCUA-7B,agent,Mind2Web--8103786e0e5976ebf961bd062d5f39cd,www.mayoclinic.org,bad777212cad2b77ba4da83fa21d4277,0,0,500.121,3527,1862,1862,39,183,7,2967,3482,6962,109,0
OpenCUA-7B,agent,Mind2Web--502e864440283214e0180645015f568b_110325,www.recreation.gov,8c349d0764d54a69508feb95078d3b1b,0,0,500.865,5458,2775,2775,18,124,1,4132,6384,11024,902,0
OpenCUA-7B,agent,Mind2Web--07ec4a12cba8090e2dc524d558ac7675,www.drugs.com,00aa5e00fe5aa62fbd96b80007d5e8a4,0,0,44.843,1,0,0,0,0,0,0,0,2,0,0
OpenCUA-7B,agent,Mind2Web--07ec4a12cba8090e2dc524d558ac7675,www.drugs.com,35c753a34391b7d1dc180f48dfd1bcaf,0,0,62.448,1,0,0,0,0,0,0,0,2,0,0
OpenCUA-7B,agent,Mind2Web--987bad7c6d4726d64232a8a1c3386888,www.cars.com,d6b374dce338f52f04466355676c358c,1,0,34.577,177,165,165,27,5,9,85,179,367,11,0
OpenCUA-7B,agent,Mind2Web--987bad7c6d4726d64232a8a1c3386888,www.cars.com,068537a9e5fda1b3dab03fa4cd659aab,1,0,113.189,817,792,792,33,11,13,581,844,1660,44,0
OpenCUA-7B,agent,Mind2Web--502e864440283214e0180645015f568b_110325,www.recreation.gov,f865e7e62b53ccf0f1ab5bb73d747fdb,0,0,500.453,4121,2001,2001,19,75,4,3128,4438,8295,667,0
OpenCUA-7B,agent,Mind2Web--7680a920359cb1a508fbddb001b98167,www.babycenter.com,88dce7ce464594749978ec8538afc3c7,1,0,345.993,2444,2262,2262,103,5,43,1975,3341,4881,104,0
OpenCUA-7B,agent,Mind2Web--3adeea7627f4343069f38adae40f73d0_110325,medicare.gov,0d822988cde835fc87ae76d788730582,0,0,91.311,0,0,0,0,0,0,0,0,0,0,0
OpenCUA-7B,agent,Mind2Web--3adeea7627f4343069f38adae40f73d0_110325,medicare.gov,635e4cf8e833c426626668e11ed005f8,0,0,89.243,0,0,0,0,0,0,0,0,0,0,0
OpenCUA-7B,agent,Mind2Web--c94551d2b18f9ad0ab31b0bd98ca42e3_121125,www.petfinder.com,54098c2316840eb96fb76c11968e64eb,0,0,82.634,1,0,0,0,0,0,0,0,2,0,0
OpenCUA-7B,agent,Mind2Web--c94551d2b18f9ad0ab31b0bd98ca42e3_121125,www.petfinder.com,7700523d7caae84c291e69cacda4023a,0,0,49.1,1,0,0,0,0,0,0,0,2,0,0
OpenCUA-7B,agent,Mind2Web--7680a920359cb1a508fbddb001b98167,www.babycenter.com,ed700facf22f015dd455b462b9f169c0,0,0,500.103,971,923,923,87,1,32,656,1255,1903,31,0
OpenCUA-7B,agent,Mind2Web--15be05973fba714e490cd9c884e4f072,ohio.gov,9dafad11a15a29b40573e653efa8aa14,0,0,119.657,0,0,0,0,0,0,0,0,0,0,0
OpenCUA-7B,agent,Mind2Web--4e801ba102dfaf22c7cf7a126b107609,www.thumbtack.com,2d03b9174d1e096f024ed169db6ef00c,0,0,124.264,4,3,3,1,0,0,0,3,8,0,0
OpenCUA-7B,agent,Mind2Web--39c388cdc468688c8139cc2bb5157c13,www.cars.com,73c59727c4998552a974c516bf96d22e,1,0,41.257,194,181,181,27,5,8,86,196,402,11,0
OpenCUA-7B,agent,Mind2Web--15be05973fba714e490cd9c884e4f072,ohio.gov,d69374362291b3e27a1e6e4f9aa7390a,1,0,62.22,110,28,28,5,0,0,57,109,220,0,0
OpenCUA-7B,agent,Mind2Web--39c388cdc468688c8139cc2bb5157c13,www.cars.com,ba2dd8e865ed8336adb08f4e60ef1ce6,1,0,72.457,530,510,510,27,9,9,368,547,1082,33,0
OpenCUA-7B,agent,Mind2Web--c8d7f2aa7eb5dd074c48c9f76f8659ad,www.dmv.virginia.gov,5a57e8b99ddd39a6bfc00ace740a642d,1,0,58.93,103,74,74,25,5,4,60,141,216,9,0
OpenCUA-7B,agent,Mind2Web--fd787623166785d84093565bf945fd24,www.drugs.com,60185a6bff9ddaa43778d4e76028239a,0,0,24.593,1,0,0,0,0,0,0,0,2,0,0
OpenCUA-7B,agent,Mind2Web--c8d7f2aa7eb5dd074c48c9f76f8659ad,www.dmv.virginia.gov,f6de612458285e15c673441d7ec41973,1,0,45.058,92,63,63,20,5,2,52,125,194,7,0
OpenCUA-7B,agent,Mind2Web--c3307a70bb12ebf56cc9ec926b368f15,www.drugs.com,cdd982acc5c855c31cb45ac81bbc3dcb,0,0,33.537,1,0,0,0,0,0,0,0,2,0,0
OpenCUA-7B,agent,Mind2Web--c3307a70bb12ebf56cc9ec926b368f15,www.drugs.com,b00ea1570eb58789a457bd5b47f70fde,0,0,40.617,1,0,0,0,0,0,0,0,2,0,0
OpenCUA-7B,agent,Mind2Web--fd787623166785d84093565bf945fd24,www.drugs.com,036fb422e7cb7331d2513694608a2380,0,0,63.386,1,0,0,0,0,0,0,0,2,0,0
OpenCUA-7B,agent,Mind2Web--9586827ad04ee2362f4f0076bf0f0468,www.drugs.com,654fc9184a387f209b66d63126666dc6,0,0,26.441,1,0,0,0,0,0,0,0,2,0,0
OpenCUA-7B,agent,Mind2Web--9586827ad04ee2362f4f0076bf0f0468,www.drugs.com,234336cc22d5555c230ec33aa221151c,0,0,41.635,1,0,0,0,0,0,0,0,2,0,0
OpenCUA-7B,agent,Mind2Web--34992feb69eb8e788faa06868b365c49,www.dmv.virginia.gov,0a7dcb87074b7d950e22ea5a37889e3a,1,0,62.102,92,74,74,28,1,4,35,111,189,6,0
OpenCUA-7B,agent,Mind2Web--4e801ba102dfaf22c7cf7a126b107609,www.thumbtack.com,943c3cbd26ff61b67bca0f88542d0a34,1,0,201.042,680,347,347,42,3,5,582,763,1394,19,0
OpenCUA-7B,agent,Mind2Web--34992feb69eb8e788faa06868b365c49,www.dmv.virginia.gov,c2c08b9f23b8804b12c7d1d3c1b745c5,1,0,105.959,123,105,105,28,1,4,69,149,251,10,0
OpenCUA-7B,agent,Mind2Web--47b93b9e649eadeb8d96a6e3df715c2d,www.mayoclinic.org,3dd4079d5562a9f8db7c26ac0fcb822d,1,0,120.604,490,273,273,32,9,8,389,484,978,14,0
OpenCUA-7B,agent,Mind2Web--47b93b9e649eadeb8d96a6e3df715c2d,www.mayoclinic.org,aacf186b3d408c5cfdd1c18b054006b9,1,0,110.895,526,276,276,32,11,8,426,516,1044,16,0
OpenCUA-7B,agent,Mind2Web--6b5be1764692d1dc8f17dc4375b2daa8,finance.yahoo.com,106b7894be21bec18f4edc712bc715fc,1,0,113.089,2955,2108,2108,263,3,155,2634,3358,6309,91,0
OpenCUA-7B,agent,Mind2Web--6b5be1764692d1dc8f17dc4375b2daa8,finance.yahoo.com,6ddc976034f101af46ee770b87167369,1,0,70.608,1831,1175,1175,219,3,117,1679,1852,3859,64,0
OpenCUA-7B,agent,Mind2Web--3443e9c3151fef19a3c3a45eb2c13640,www.webmd.com,43cfa2b570573a8ec1a31ad0af046703,1,0,151.349,1058,982,982,206,11,108,678,1259,2143,70,0
OpenCUA-7B,agent,Mind2Web--16200f51d63f0a47a58fa17acd49e368,cookpad.com,87da33068b6abb115e4f6602783cf82d,1,0,40.082,114,90,90,5,2,1,29,115,228,0,0
OpenCUA-7B,agent,Mind2Web--16200f51d63f0a47a58fa17acd49e368,cookpad.com,b52c7e0f5c18bac1739d9a957ce71e10,1,0,39.676,113,90,90,5,2,1,28,113,226,0,0
OpenCUA-7B,agent,Mind2Web--c2153fc053112e89c2f103869c4d6890,www.thumbtack.com,5f428eeacbdff16a57d814bcf39c3d9c,1,0,103.444,741,447,447,44,7,5,563,849,1510,49,0
OpenCUA-7B,agent,Mind2Web--5e4e89c9b6fdaee7a41aca5601b82e04,www.drugs.com,26870f03d9527f8b762fa59a36536c2b,0,0,123.823,1,0,0,0,0,0,0,0,2,0,0
OpenCUA-7B,agent,Mind2Web--5e4e89c9b6fdaee7a41aca5601b82e04,www.drugs.com,30676365ba36d4067cdc8beb199be70b,0,0,64.189,1,0,0,0,0,0,0,0,2,0,0
OpenCUA-7B,agent,Mind2Web--c2153fc053112e89c2f103869c4d6890,www.thumbtack.com,2c97b04810deb2618e2b731a69dca9ad,1,0,159.042,678,402,402,48,5,8,540,771,1381,41,0
OpenCUA-7B,agent,Mind2Web--60cbbbd58eb9d28b053aef945f464228,www.bbb.org,9c5746f7a945b09f83f2d9a35649a198,1,0,185.302,52,46,46,7,1,1,6,45,104,0,0
OpenCUA-7B,agent,Mind2Web--3443e9c3151fef19a3c3a45eb2c13640,www.webmd.com,fa08eec69b5f646e1aa3c6af4f73bc1b,1,0,277.4,1014,927,927,194,9,100,626,1246,2059,79,0
OpenCUA-7B,agent,Mind2Web--8f80e64e44e1fada018997b2fe869683_110325,9gag.com,b8509a798aef51ef0e4324586f9f221a,1,0,117.189,3080,2800,2800,339,1,203,2524,3226,6141,34,0
OpenCUA-7B,agent,Mind2Web--65c4030f22fb6eb101acfee4825f1318,www.mayoclinic.org,77cdbf048b2c9cb4e2878e0a3c0b1dae,1,0,109.204,435,234,234,28,9,7,353,428,853,11,0
OpenCUA-7B,agent,Mind2Web--6ca20f1da01edeb49a7a42c816d8c6fe,www.gov.uk,384f624897d73dc09a0d30e41d7ff3dc,1,0,89.149,45,0,0,0,0,0,37,39,90,0,0
OpenCUA-7B,agent,Mind2Web--60cbbbd58eb9d28b053aef945f464228,www.bbb.org,ae09cb2ffbd337085e9bf6d8d21c80d6,1,0,282.675,208,202,202,37,1,10,87,228,418,3,0
OpenCUA-7B,agent,Mind2Web--8f80e64e44e1fada018997b2fe869683_110325,9gag.com,3d1f2943d83622fba29e8f1c44a80a33,1,0,32.295,1969,1928,1928,315,1,201,1990,1988,3946,5,0
OpenCUA-7B,agent,Mind2Web--6ca20f1da01edeb49a7a42c816d8c6fe,www.gov.uk,9041c7110784fa075e7ee2ba2c6207d7,1,0,89.516,42,9,9,3,1,1,21,37,84,0,0
OpenCUA-7B,agent,Mind2Web--2e4e21cf1449c6894b17d571c47b77ea,www.adoptapet.com,103b0d653ff9aff6234df8cc58d65c40,0,0,63.602,1,0,0,0,0,0,0,0,2,0,0
OpenCUA-7B,agent,Mind2Web--2e4e21cf1449c6894b17d571c47b77ea,www.adoptapet.com,f7cfb218b0ce0d5fc6d8202a6405ee02,0,0,38.697,1,0,0,0,0,0,0,0,2,0,0
OpenCUA-7B,agent,Mind2Web--1df24ec81137386d6476bcf343a79012,www.bestbuy.com,cca6583232fb826eae9f57ddd3270297,0,0,44.656,0,0,0,0,0,0,0,0,0,0,0
OpenCUA-7B,agent,Mind2Web--4639a54f3ab549864fd8d60b7398b1e1,www.adoptapet.com,fdda00ae7e309a202e4945cbf66b2065,0,0,68.125,1,0,0,0,0,0,0,0,2,0,0
OpenCUA-7B,agent,Mind2Web--4639a54f3ab549864fd8d60b7398b1e1,www.adoptapet.com,b380692cf6628f697a275cd510307937,0,0,85.108,1,0,0,0,0,0,0,0,2,0,0
OpenCUA-7B,agent,Mind2Web--1df24ec81137386d6476bcf343a79012,www.bestbuy.com,adcfc54ed7f7635495a2a8875b4661f4,1,0,160.765,170,44,44,3,1,1,127,172,340,0,0
OpenCUA-7B,agent,Mind2Web--9af05e392cf3f5a8ff17aa764ba5bda6,www.bbb.org,7fc38b0fb9e5a4b4f0da343f7bc8efc9,1,0,112.755,197,191,191,41,1,12,79,218,396,3,0
OpenCUA-7B,agent,Mind2Web--627f7a18d85f29a687234f1ade4585c2,www.nba.com,22c7012b6c09880bdd3e11f0ca901566,0,0,42.772,0,0,0,0,0,0,0,0,0,0,0
OpenCUA-7B,agent,Mind2Web--627f7a18d85f29a687234f1ade4585c2,www.nba.com,b9cb639211ec8c8da3777fac9017a5df,0,0,60.264,0,0,0,0,0,0,0,0,0,0,0
OpenCUA-7B,agent,Mind2Web--0b838cd54f826c59c71f600c56b89a11,www.bbb.org,95f464ef1d4acd2cacdd75e4f659f653,1,0,101.825,31,25,25,5,1,1,6,25,62,0,0
OpenCUA-7B,agent,Mind2Web--65c4030f22fb6eb101acfee4825f1318,www.mayoclinic.org,d5287b4cbcf027301d4bc3811c38f37f,0,0,500.12,1351,624,624,29,53,9,1199,1316,2641,34,0
OpenCUA-7B,agent,Mind2Web--5dec0e6620849459f29e6465982c597e,www.bestbuy.com,25a34b82d6d6481cc56c0b9a286bd3c0,0,0,117.795,0,0,0,0,0,0,0,0,0,0,0
OpenCUA-7B,agent,Mind2Web--9af05e392cf3f5a8ff17aa764ba5bda6,www.bbb.org,8c210fdbebab263b0e6f0203d1bab9a8,1,0,244.471,57,51,51,7,1,1,6,50,114,0,0
OpenCUA-7B,agent,Mind2Web--52efbab520734ef9bf7c09ba0f62cdc8,www.recreation.gov,051468fd307dd5b3d3c30d90dc3cb1c4,1,0,153.389,549,420,420,18,7,2,382,601,1079,128,0
OpenCUA-7B,agent,Mind2Web--0b838cd54f826c59c71f600c56b89a11,www.bbb.org,7768a6a4e30d2009c965cbde9881e4db,1,0,63.255,36,30,30,5,1,1,6,30,72,0,0
OpenCUA-7B,agent,Mind2Web--b1ce968a361e1088ce8d2ade6c2c9af0,www.petfinder.com,d6613a0e5ca25e58d8c9f68d02e00b27,0,0,40.539,1,0,0,0,0,0,0,0,2,0,0
OpenCUA-7B,agent,Mind2Web--b1ce968a361e1088ce8d2ade6c2c9af0,www.petfinder.com,07a4f5e19ea9456de2b2cccf6c75106b,0,0,34.033,1,0,0,0,0,0,0,0,2,0,0
OpenCUA-7B,agent,Mind2Web--5dec0e6620849459f29e6465982c597e,www.bestbuy.com,91e4616ed66ae50da86e446db5a0f8c4,1,0,149.67,158,44,44,3,1,1,115,160,316,0,0
OpenCUA-7B,agent,Mind2Web--52efbab520734ef9bf7c09ba0f62cdc8,www.recreation.gov,948da3b854dee22b4c8ecbdd6fcfcbcf,1,0,263.195,1135,1041,1041,23,3,3,709,1080,2278,67,0
OpenCUA-7B,agent,Mind2Web--23204728192da9f73197a613d9681c18,www.mayoclinic.org,d011aa1125218ee4588d0e0aa0df8a4f,0,0,500.128,3197,1647,1647,37,143,7,2707,3165,6338,90,0
OpenCUA-7B,agent,Mind2Web--e9f4dfc67e0e6aa37f05f7cc5aa7428c,www.healthgrades.com,f376dac762f6a8fca29303f9195e2501,0,0,103.511,4,3,3,1,0,0,0,3,8,0,0
OpenCUA-7B,agent,Mind2Web--e9f4dfc67e0e6aa37f05f7cc5aa7428c,www.healthgrades.com,ad8357446332a13060a7890c9d9cc215,0,0,51.784,7,3,3,1,0,0,0,6,14,0,0
OpenCUA-7B,agent,Mind2Web--2218042362d8fae73756eb309848c2b2,www.cars.com,7b2d74ef98a5fde6bf20a75a9194b293,1,0,165.81,174,145,145,1,11,1,28,165,382,0,0
OpenCUA-7B,agent,Mind2Web--2218042362d8fae73756eb309848c2b2,www.cars.com,58deb4e5ec1f86c0c5ad1b0f66a99489,1,0,172.362,865,832,832,31,15,12,567,902,1765,55,0
OpenCUA-7B,agent,Mind2Web--23204728192da9f73197a613d9681c18,www.mayoclinic.org,a3c1fc576a3eb30bff1b1e6e9e5dcd9c,0,0,500.108,2757,1409,1409,34,111,7,2338,2728,5469,76,0
OpenCUA-7B,agent,Mind2Web--a69d2934fe54fef165490a5a2d95bf38,cookpad.com,1e2bd18cfa5e16d763e3bb4914bb6df4,0,0,500.096,831,720,720,30,11,5,264,862,1653,43,0
OpenCUA-7B,agent,Mind2Web--26784156ae9859a0dd6c5920eb106f91,www.apartments.com,fd62fdc6e6c7ba8168874c79dd399f62,0,0,18.302,1,0,0,0,0,0,0,0,2,0,0
OpenCUA-7B,agent,Mind2Web--26784156ae9859a0dd6c5920eb106f91,www.apartments.com,defeb8e4514adf616995a9a84e13553e,0,0,73.208,1,0,0,0,0,0,0,0,2,0,0
OpenCUA-7B,agent,Mind2Web--a69d2934fe54fef165490a5a2d95bf38,cookpad.com,06a2bd2d009695abe0e9da68dbe72494,1,0,140.89,108,76,76,5,0,0,46,114,216,9,0
OpenCUA-7B,agent,Mind2Web--ba2a469af584f16da93ce6a7430cf7e5,www.coursera.org,f69800b754183f63ebb73139b18e089f,1,0,89.557,1507,1053,1053,40,9,8,949,1780,3062,63,0
OpenCUA-7B,agent,Mind2Web--271b36efd4346721b5542488ff997042,www.bestbuy.com,1d20093168d4abb36cc8cc078fd64973,1,0,156.089,156,44,44,3,1,1,113,158,312,0,0
OpenCUA-7B,agent,Mind2Web--271b36efd4346721b5542488ff997042,www.bestbuy.com,04979b62fdb4fee2a8a6c4f8b075bd75,1,0,121.406,721,201,201,52,5,18,609,800,1433,0,0
OpenCUA-7B,agent,Mind2Web--6b2cfae0ef25c73d1224b6ab74cb8b63,www.nba.com,f76167878c34530dfdaf028003d2fa51,0,0,30.885,0,0,0,0,0,0,0,0,0,0,0
OpenCUA-7B,agent,Mind2Web--6b2cfae0ef25c73d1224b6ab74cb8b63,www.nba.com,2916f8fa915936d3f2565c73e4125d3e,0,0,39.121,0,0,0,0,0,0,0,0,0,0,0
OpenCUA-7B,agent,Mind2Web--0a54069a0ef542e571d1fee7f39c93d5,www.adoptapet.com,c962a0eae7851ab00e3f4c0f105ed57a,0,0,46.177,1,0,0,0,0,0,0,0,2,0,0
OpenCUA-7B,agent,Mind2Web--0a54069a0ef542e571d1fee7f39c93d5,www.adoptapet.com,f1359adf93d528da893c2998137c1ab7,0,0,34.867,1,0,0,0,0,0,0,0,2,0,0
OpenCUA-7B,agent,Mind2Web--ba2a469af584f16da93ce6a7430cf7e5,www.coursera.org,198e87c10543e3588cdb7e03f59d33ef,0,0,500.634,15131,11065,11065,41,108,9,9892,18527,30761,656,0
OpenCUA-7B,agent,Mind2Web--4e3f6a538cc1f7321cfc50260db9545d,www.theweathernetwork.com,46d9b317fb5d2dd99fcbe8f5df035be4,1,0,72.447,3,0,0,0,0,0,3,0,6,0,0
OpenCUA-7B,agent,Mind2Web--f00e7accfb4a5e09680bdb326e6274ad,www.accuweather.com,34f28290ae8957da59b4b10b05bac0f1,0,0,64.808,0,0,0,0,0,0,0,0,0,0,0
OpenCUA-7B,agent,Mind2Web--4e3f6a538cc1f7321cfc50260db9545d,www.theweathernetwork.com,a60a76d62f8b13bb33fc10d557cf86d1,1,0,97.045,1024,973,973,219,1,128,707,1111,2077,8,0
OpenCUA-7B,agent,Mind2Web--f00e7accfb4a5e09680bdb326e6274ad,www.accuweather.com,abd68d5490968cb8eb13d58820ef6e95,0,0,31.964,0,0,0,0,0,0,0,0,0,0,0
OpenCUA-7B,agent,Mind2Web--47e314cc452c540524ffb7cf520285a3,www.recreation.gov,269ce3c05ed158d8b9f61de6a635fc10,0,0,500.504,3502,1937,1937,25,77,2,2662,4103,7077,723,0
OpenCUA-7B,agent,Mind2Web--547f5729c59d5d12a457a3ebb74c31c6_010226,www.apartments.com,f87ab778527aa381558062db3f812e48,0,0,41.487,1,0,0,0,0,0,0,0,2,0,0
OpenCUA-7B,agent,Mind2Web--547f5729c59d5d12a457a3ebb74c31c6_010226,www.apartments.com,7a0a9c3b96695ab7e7574f4ef8486c3b,0,0,18.97,1,0,0,0,0,0,0,0,2,0,0
OpenCUA-7B,agent,Mind2Web--0b2623e9fa5cea997f76490bcbc5220f,www.petfinder.com,93e68560fc8a3b9aa4b323c22803539e,0,0,19.974,1,0,0,0,0,0,0,0,2,0,0
OpenCUA-7B,agent,Mind2Web--0b2623e9fa5cea997f76490bcbc5220f,www.petfinder.com,6062788819f629d98560a96eeb316efb,0,0,54.898,1,0,0,0,0,0,0,0,2,0,0
OpenCUA-7B,agent,Mind2Web--3ae28b3c440efe87dc700480b78ac608,www.healthgrades.com,f170650bd12b9b6565a081a569c7567d,0,0,67.896,12,3,3,1,0,0,0,11,24,0,0
OpenCUA-7B,agent,Mind2Web--3ae28b3c440efe87dc700480b78ac608,www.healthgrades.com,0fb8414535644f22a3eff2540c6e03ec,0,0,103.138,10,3,3,1,0,0,0,9,20,0,0
OpenCUA-7B,agent,Mind2Web--0632e496d37badee0350dad358f047c5,cookpad.com,87cc5f6748eec43d3c6e8987a5c69b4f,1,0,50.045,126,107,107,6,0,0,30,126,252,1,0
OpenCUA-7B,agent,Mind2Web--47e314cc452c540524ffb7cf520285a3,www.recreation.gov,c8cc67bd83caea88fb2591c76ec3b665,0,0,500.392,2633,1500,1500,24,51,2,2121,3029,5328,657,0
OpenCUA-7B,agent,Mind2Web--0632e496d37badee0350dad358f047c5,cookpad.com,8dab192d51bb8ddc52e1162bdb5bdf1d,1,0,148.126,199,156,156,6,0,0,64,207,398,15,0
OpenCUA-7B,agent,Mind2Web--aafd1fddea1558466ac6133934d35156,www.apartments.com,84f8079105173940816bb3672b5aee5d,0,0,54.059,1,0,0,0,0,0,0,0,2,0,0
OpenCUA-7B,agent,Mind2Web--aafd1fddea1558466ac6133934d35156,www.apartments.com,99cfdb838a6c0c54d6ee3138d177c6a2,0,0,62.915,1,0,0,0,0,0,0,0,2,0,0
OpenCUA-7B,agent,Mind2Web--6174e5ddd40cfbdc33ee1502f40bac39,www.recreation.gov,25fe081c56378e7cfd68ae9f256facc7,0,0,500.108,284,190,190,18,3,1,175,302,555,48,0
OpenCUA-7B,agent,Mind2Web--690d7b4a285fdb1e9dabf973bf46ae4d,craigslist.org,9278a3b12174c06bc8b081ef710931eb,1,0,107.63,34,0,0,0,0,0,29,55,86,0,0
OpenCUA-7B,agent,Mind2Web--6174e5ddd40cfbdc33ee1502f40bac39,www.recreation.gov,d03b287f76ee914e8a8926eec7c8b8a9,0,0,500.355,1642,842,842,20,27,1,1305,1841,3321,352,0
OpenCUA-7B,agent,Mind2Web--246d654fab7c31d9651007e39e75f74f,www.recreation.gov,6268780f7155a69098542ecff0bce2dd,0,0,500.474,2538,1388,1388,21,53,1,1885,2915,5047,399,0
OpenCUA-7B,agent,Mind2Web--246d654fab7c31d9651007e39e75f74f,www.recreation.gov,407a83ad35493c12bfd30091f3635817,0,0,500.643,3325,1748,1748,20,71,1,2528,3831,6644,590,0
OpenCUA-7B,agent,Mind2Web--d5c34bf39eb6096ae5d439325cde4d32,www.dmv.virginia.gov,4827b70cd1633cdd77f2d8ad6e3c3f7f,1,0,106.001,224,177,177,27,9,4,116,291,467,8,0
OpenCUA-7B,agent,Mind2Web--d5c34bf39eb6096ae5d439325cde4d32,www.dmv.virginia.gov,2579d2e7cd28eabdbb8569b65291c9be,1,0,100.052,246,193,193,27,11,4,140,325,513,9,0
OpenCUA-7B,agent,Mind2Web--180ed2ec377ef3a4af9035a21522091a,umich.edu,f8f94b0f0979ed8b0b1ecffb33d24fd4,1,0,63.717,304,54,54,17,2,1,273,307,641,22,0
OpenCUA-7B,agent,Mind2Web--180ed2ec377ef3a4af9035a21522091a,umich.edu,9c08d365758ea4aba1dbb74f1d0837e3,1,0,146.026,401,65,65,17,2,1,362,423,851,30,0
OpenCUA-7B,agent,Mind2Web--c521933dad9c0ef9f1dfa2f38b8e4405,www.accuweather.com,d776264205c501fcc7da9c515e51ded6,0,0,49.337,0,0,0,0,0,0,0,0,0,0,0
OpenCUA-7B,agent,Mind2Web--c521933dad9c0ef9f1dfa2f38b8e4405,www.accuweather.com,e32534170c28ba602119b5ec883369c3,0,0,9.469,0,0,0,0,0,0,0,0,0,0,0
OpenCUA-7B,agent,Mind2Web--9b5dfe54a1c14c5c6336bae7374c3bb5,www.ups.com,f783e3a102545ea896854960e4e79e99,0,0,17.35,0,0,0,0,0,0,0,0,0,0,0
OpenCUA-7B,agent,Mind2Web--690d7b4a285fdb1e9dabf973bf46ae4d,craigslist.org,568be5920fb1f9c4a46b214c70f451c2,0,0,500.085,86,0,0,0,0,0,81,101,199,0,0
OpenCUA-7B,agent,Mind2Web--9b5dfe54a1c14c5c6336bae7374c3bb5,www.ups.com,e4529dccf3923849c21a38da30ea6c52,0,0,42.791,0,0,0,0,0,0,0,0,0,0,0
OpenCUA-7B,agent,Mind2Web--c073ac1bcf40f84c599affc97edbc396,www.apartments.com,e5dc82fcfc005d1f9509ed0d066539a6,0,0,41.828,1,0,0,0,0,0,0,0,2,0,0
OpenCUA-7B,agent,Mind2Web--c073ac1bcf40f84c599affc97edbc396,www.apartments.com,8d75330b9903cfa6d9dad08b8230f4fa,0,0,10.029,1,0,0,0,0,0,0,0,2,0,0
OpenCUA-7B,agent,Mind2Web--c43a7dccf5c44f7b45a821e712dd1970,www.healthline.com,2fabb0f7aaafa0952b70c89f1e693bff,1,0,287.386,1023,908,908,110,1,23,560,1088,2172,28,6
OpenCUA-7B,agent,Mind2Web--0a0fa834ce41b5297c6474293383759d_110325,www.carnival.com,6a476eb5e69f97ae6a67424e341aa592,1,0,81.121,963,660,660,115,3,33,686,1059,1924,68,0
OpenCUA-7B,agent,Mind2Web--c43a7dccf5c44f7b45a821e712dd1970,www.healthline.com,d6e53138be6419bb268794b315a26347,1,0,147.607,434,387,387,64,1,11,224,485,1026,8,0
OpenCUA-7B,agent,Mind2Web--73d08420706ae205a9c5be28b6d4e80f,www.recreation.gov,2bf818187eb2688fd954e63a8d537893,1,0,58.522,265,199,199,18,3,1,148,286,513,33,0
OpenCUA-7B,agent,Mind2Web--73d08420706ae205a9c5be28b6d4e80f,www.recreation.gov,6e30c05505a70b2439a855f1a7d46a5a,0,0,501.081,4727,2719,2719,21,90,2,3185,5369,9444,696,0
OpenCUA-7B,agent,Mind2Web--0a0fa834ce41b5297c6474293383759d_110325,www.carnival.com,8126c47201c315ad9f03de3e2d6d10f5,0,0,500.135,1683,1051,1051,124,3,42,1339,1963,3371,113,0
OpenCUA-7B,agent,Mind2Web--a13e4231a3d6a7000c622c56448d97ba,www.airbnb.com,aa29d4b96ca7557f8868ad24dafdc8a5,0,0,500.11,744,420,420,32,3,8,395,819,1962,222,0
OpenCUA-7B,agent,Mind2Web--a13e4231a3d6a7000c622c56448d97ba,www.airbnb.com,237718d4c9918b1636b051bd0505bd50,0,0,500.11,664,483,483,32,3,8,280,750,1658,150,0
OpenCUA-7B,agent,Mind2Web--bb518416a786fdb9b9bbf0c78515595e,www.osu.edu,6f6870e4a22a6c25f9fd7ce234955c47,0,0,500.081,472,400,400,30,1,7,404,671,1018,10,0
OpenCUA-7B,agent,Mind2Web--bb518416a786fdb9b9bbf0c78515595e,www.osu.edu,7c2a0c97f014765052cceb40d15cfaae,1,0,250.559,402,327,327,30,1,7,248,483,844,14,0
OpenCUA-7B,agent,Mind2Web--b99c02965196d51e80ac7539e33f335b,www.berkeley.edu,fb5fada6cba418dafe223474b381f4bd,1,0,354.408,660,629,629,26,1,3,527,748,1122,5,0
OpenCUA-7B,agent,Mind2Web--b99c02965196d51e80ac7539e33f335b,www.berkeley.edu,3a76ee0ebc3d59ae1745cf9d9d103edb,1,0,158.293,503,472,472,26,1,3,329,521,849,3,0
OpenCUA-7B,agent,Mind2Web--27fa3ac20745d3d35e89fae157f63069,www.stanford.edu,9cbaf283bb0063bb7a918d09dd0868ac,0,0,500.084,1240,902,902,18,16,2,1446,1741,2624,349,0
OpenCUA-7B,agent,Mind2Web--27fa3ac20745d3d35e89fae157f63069,www.stanford.edu,ea0ba3816f3bf9b96afc4eb8b4d0e11b,0,0,500.108,1435,1122,1122,29,34,7,1803,1935,3035,330,0
OpenCUA-7B,agent,Mind2Web--b4aa7315e31dfcdc52baf7771be260c9,www.nvidia.com,2dda4e2b7a0c04fcb6100a450c352cf4,0,0,500.101,1593,1339,1339,74,5,17,1151,2108,3181,402,0
OpenCUA-7B,agent,Mind2Web--b4aa7315e31dfcdc52baf7771be260c9,www.nvidia.com,25d072088cf012dfe1423ffa4fd7287b,0,0,500.145,3001,2518,2518,110,20,31,2403,4247,6046,1219,0
OpenCUA-7B,agent,Mind2Web--442a450e696a96085257db6297891a4d,www.chase.com,a2ba696986ae3d112cf6cd28cafa390a,0,0,500.095,1286,741,741,36,37,14,1300,1401,3442,52,0
OpenCUA-7B,agent,Mind2Web--c801d1c951f59297f526bab84fa86c6e,store.steampowered.com,d38db8b72715a94e9b44d2ef3db20c14,0,0,35.596,0,0,0,0,0,0,0,0,0,0,0
OpenCUA-7B,agent,Mind2Web--c801d1c951f59297f526bab84fa86c6e,store.steampowered.com,1ba5a3f682f69b44abe4a6b1c7f78cd3,0,0,72.695,0,0,0,0,0,0,0,0,0,0,0
OpenCUA-7B,agent,Mind2Web--7c09c2c7c87cf6bb1138701eb54284ea,phys.org,0f8687f50bbc6b6ee83dc709f4a06df9,1,0,30.263,257,237,237,27,1,8,46,260,516,0,0
OpenCUA-7B,agent,Mind2Web--442a450e696a96085257db6297891a4d,www.chase.com,c885f2aa9c2c236dc2aaccfaf395731d,1,0,143.511,1044,473,473,37,17,12,975,1135,2988,69,0
OpenCUA-7B,agent,Mind2Web--afcebfed28bea091d58f49ea6cb8194b,www.cvs.com,469c4f876649e75c5b6c45e406fbd53f,1,0,78.161,176,172,172,18,1,5,43,149,349,1,0
OpenCUA-7B,agent,Mind2Web--7c09c2c7c87cf6bb1138701eb54284ea,phys.org,a6b3e747cb26951d38940528f18319de,1,0,141.439,807,745,745,100,7,52,350,831,1627,11,0
OpenCUA-7B,agent,Mind2Web--64345c365f544375357c7b67917f08a0_110325,www.us-appliance.com,ebb9f29b3f69f699800a5788d6c869c1,1,0,60.428,411,368,368,55,3,8,223,466,807,9,0
OpenCUA-7B,agent,Mind2Web--64345c365f544375357c7b67917f08a0_110325,www.us-appliance.com,bec63ea9df7bdbe45055afde89f55ed7,1,0,51.789,401,359,359,55,3,8,222,456,787,9,0
OpenCUA-7B,agent,Mind2Web--ab6ee3b83aab6cd283320f5e01003cff,www.apple.com,0687bd02bb3f7fa5333fb4183b57c738,1,0,171.083,551,56,56,10,2,1,517,598,1128,18,0
OpenCUA-7B,agent,Mind2Web--9ed3827266b3b804f485859c3d00401e,www.chase.com,3a8974345238238f53408e7327d6d8c6,0,0,500.087,371,126,126,24,7,8,350,391,1051,1,0
OpenCUA-7B,agent,Mind2Web--ab6ee3b83aab6cd283320f5e01003cff,www.apple.com,fe96243304b1e53be364a068a945906e,1,0,86.53,263,9,9,2,2,1,263,279,535,6,0
OpenCUA-7B,agent,Mind2Web--33bd2cdcea4fcc42a09a8a1e4e5841c6_110325,raisingcanes.com,e4f92d3c7f10c70d6937afd863359131,0,0,86.864,13,1,1,1,0,0,11,11,26,0,0
OpenCUA-7B,agent,Mind2Web--33bd2cdcea4fcc42a09a8a1e4e5841c6_110325,raisingcanes.com,b6bd8361e8a65a367ff1279dc66009d2,0,0,126.444,15,1,1,1,0,0,13,13,30,0,0
OpenCUA-7B,agent,Mind2Web--47186fac8e7c7277af01144644eb4e0b_121125,www.parkers.co.uk,107e9ccd4e94fa67fa847e4227423f65,1,0,170.401,1058,985,985,241,1,120,874,1109,2101,8,0
OpenCUA-7B,agent,Mind2Web--fa9adb815b85d259f943d81874a052e5,soundcloud.com,5aeb6f01986c045dc7c4fc2328ae358f,0,0,14.822,0,0,0,0,0,0,0,0,0,0,0
OpenCUA-7B,agent,Mind2Web--fa9adb815b85d259f943d81874a052e5,soundcloud.com,e83bfc2920d6134539fc2f761da3ad88,0,0,22.508,0,0,0,0,0,0,0,0,0,0,0
OpenCUA-7B,agent,Mind2Web--b922508886ded315c9835457a6eb43ea,jobs.chronicle.com,c5351a8846dcb537ca932a7600d993bd,0,0,67.78,0,0,0,0,0,0,0,0,0,0,0
OpenCUA-7B,agent,Mind2Web--b922508886ded315c9835457a6eb43ea,jobs.chronicle.com,faba7739a2655f77edf09f5705ba83f2,0,0,48.1,0,0,0,0,0,0,0,0,0,0,0
OpenCUA-7B,agent,Mind2Web--9ed3827266b3b804f485859c3d00401e,www.chase.com,d50800411a8d78966022309fab3bc18f,0,0,500.089,380,177,177,24,5,9,422,451,1131,1,0
OpenCUA-7B,agent,Mind2Web--5d542a7ec1fa142ba73cc87d970caf39,dblp.org,60849c577cd02033062e523c280f15dd,1,0,130.514,129,0,0,0,0,0,62,128,258,0,0
OpenCUA-7B,agent,Mind2Web--864244b6969e0f8733b0eb1ca06cd51f,www.espn.com,78f4a0ebf5eb7cf33e6e99b6966c9d5e,1,0,36.492,489,473,473,150,3,72,274,552,1002,2,0
OpenCUA-7B,agent,Mind2Web--864244b6969e0f8733b0eb1ca06cd51f,www.espn.com,8a911dc4a4cfa0d2a4fbe11f07d89c02,1,0,117.488,1353,1310,1310,248,17,117,727,1575,2765,18,0
OpenCUA-7B,agent,Mind2Web--afcebfed28bea091d58f49ea6cb8194b,www.cvs.com,24938071aa32f3cf672ef9bafb244a1a,0,0,500.113,606,587,587,18,3,6,157,481,1200,40,0
OpenCUA-7B,agent,Mind2Web--47186fac8e7c7277af01144644eb4e0b_121125,www.parkers.co.uk,f6c873a2859f99222fc4eabfcd8d2088,0,0,500.158,9812,8935,8935,475,63,261,6462,11554,20103,611,0
OpenCUA-7B,agent,Mind2Web--5d542a7ec1fa142ba73cc87d970caf39,dblp.org,497c8195303cfa244c7fa6b83a8511bc,0,0,500.082,223,150,150,7,1,2,140,351,574,0,0
OpenCUA-7B,agent,Mind2Web--01abae9608f2d8752a83e08f136f720c,www.cboe.com,9330ae3a078821939804bb238b95e7c4,0,0,500.09,727,427,427,40,9,11,374,1372,1458,20,0
OpenCUA-7B,agent,Mind2Web--01abae9608f2d8752a83e08f136f720c,www.cboe.com,8ac88744502d1763c4d36f3250f52edc,0,0,500.141,2113,932,932,55,23,17,1802,4161,4244,175,0
OpenCUA-7B,agent,Mind2Web--da8f3823a827c7d3a492f383808e7912,www.instructure.com,6aa12fdd8a187e00e5e641b24e058614,1,0,173.135,4925,4617,4617,467,5,241,3849,5375,9889,80,0
OpenCUA-7B,agent,Mind2Web--78f397336b6fd1cbba0127db7a8cd502,www.redbull.com,695296025132e51a6955e1e25e61dd2e,1,0,122.361,404,243,243,10,0,0,504,518,834,6,0
OpenCUA-7B,agent,Mind2Web--da8f3823a827c7d3a492f383808e7912,www.instructure.com,ae75f637984f55f3b542b8ab11b4c22f,0,0,500.085,489,214,214,62,4,10,256,535,978,26,0
OpenCUA-7B,agent,Mind2Web--3dca7cbe7d086619d837ff9f5312cebc_110325,zara.com,7cc73e911ff26d9d5559e77c39c1ddd3,0,0,53.034,1,0,0,0,0,0,0,0,2,0,0
OpenCUA-7B,agent,Mind2Web--3dca7cbe7d086619d837ff9f5312cebc_110325,zara.com,caf8ed15a1c8566fe4f3dabcaa84f616,0,0,25.518,1,0,0,0,0,0,0,0,2,0,0
OpenCUA-7B,agent,Mind2Web--8689af4d33ce00bf2cdd8987d3bbfd86,www.apple.com,fb1a87a9c4c59c76128efe2ce38f7226,0,0,500.08,308,137,137,4,2,1,181,332,626,7,0
OpenCUA-7B,agent,Mind2Web--8689af4d33ce00bf2cdd8987d3bbfd86,www.apple.com,7029c7984b129a491d1808c288d86ec0,0,0,500.077,308,137,137,4,2,1,181,332,626,7,0
OpenCUA-7B,agent,Mind2Web--78f397336b6fd1cbba0127db7a8cd502,www.redbull.com,b35bf93e7cbb0225032ff94850b466dd,0,0,500.111,669,380,380,10,0,0,997,954,1365,6,0
OpenCUA-7B,agent,Mind2Web--78baf9dbe7c3532f7d7ef4cc22a7f065_121125,www.statista.com,ef3f87dac43408888d23e694d87be7dd,1,0,187.816,425,291,291,35,3,8,460,560,860,61,0
OpenCUA-7B,agent,Mind2Web--b962927dfe03bf2274a54381127ed433,bandcamp.com,6761ef3f5f59953097fb071610cd3f42,0,0,500.11,1213,1062,1062,21,11,4,225,1231,2442,29,0
OpenCUA-7B,agent,Mind2Web--c7c07ec10c668625a21ba64165d719bb,www.verizon.com,83d95523c43676b1b1e0975187dccb14,1,0,100.117,1686,1398,1398,107,10,47,1128,1877,3399,134,0
OpenCUA-7B,agent,Mind2Web--512fd4deab099b8dc0dcfc0ec48a3c63,github.com,27d53fc1e0e15e98bbb96a31e15db994,1,0,91.942,524,384,384,5,0,0,139,525,1048,0,0
OpenCUA-7B,agent,Mind2Web--512fd4deab099b8dc0dcfc0ec48a3c63,github.com,99c42457eddd5937fb323e4a5d3b5ecd,1,0,202.05,1049,778,778,6,0,0,270,1049,2098,0,0
OpenCUA-7B,agent,Mind2Web--b962927dfe03bf2274a54381127ed433,bandcamp.com,e75c7d36366c1bf6d55973898e3cf567,0,0,500.135,2362,2189,2189,21,7,5,243,2377,4750,17,0
OpenCUA-7B,agent,Mind2Web--78baf9dbe7c3532f7d7ef4cc22a7f065_121125,www.statista.com,0e750b3abe2ca198b042835e82f5cb53,0,0,500.107,2103,1497,1497,41,21,10,2415,2997,4298,374,0
OpenCUA-7B,agent,Mind2Web--157f4a79d55e8fa3fd55ba772ba40fbc,www.disney.com,26060e0569933d7cda7b63b7f33fe1b6,0,0,63.804,1,0,0,0,0,0,0,0,2,0,0
OpenCUA-7B,agent,Mind2Web--157f4a79d55e8fa3fd55ba772ba40fbc,www.disney.com,1c3472cd3153a66ad7d8c4b2ceaf520f,0,0,47.849,1,0,0,0,0,0,0,0,2,0,0
OpenCUA-7B,agent,Mind2Web--62c8d970b3d13891f355911e5a8f4030,store.steampowered.com,d637e159c228794657ff9941eb572cfb,0,0,24.018,0,0,0,0,0,0,0,0,0,0,0
OpenCUA-7B,agent,Mind2Web--62c8d970b3d13891f355911e5a8f4030,store.steampowered.com,f82aa0cbaf3ea2c524e219bcc14606fa,0,0,19.916,0,0,0,0,0,0,0,0,0,0,0
OpenCUA-7B,agent,Mind2Web--c7c07ec10c668625a21ba64165d719bb,www.verizon.com,d6abbc0f2e69e663e0486c7103b7043d,0,0,500.098,1010,866,866,102,3,38,573,884,2027,60,0
OpenCUA-7B,agent,Mind2Web--d9d8b7d84a3f8d057e368254fe8d65e2,github.com,a3bd1dfd3803805ff8d79a464574b957,0,0,500.08,503,333,333,10,1,2,205,514,1066,0,0
OpenCUA-7B,agent,Mind2Web--d9d8b7d84a3f8d057e368254fe8d65e2,github.com,ea5177e0bc7053605d8482355a4d1099,1,0,70.062,322,247,247,4,0,0,74,321,644,0,0
OpenCUA-7B,agent,Mind2Web--47bfe8a7e0e4e7efc837287b407fbe90,versus.com,ce33c07422fdae2cb180bc12c1ee2a4a,1,0,136.554,2278,2230,2230,321,5,202,1789,2464,4650,9,0
OpenCUA-7B,agent,Mind2Web--11857213ca01510f12813740afd59918_110325,www.birkenstock.com,f897ffbac3124e0e871f68fe7c30e411,1,0,143.831,181,117,117,26,1,2,190,204,359,3,0
OpenCUA-7B,agent,Mind2Web--11857213ca01510f12813740afd59918_110325,www.birkenstock.com,a9b1f237b2a0f94937a5b67a3f216873,0,0,500.134,1943,873,873,42,32,4,2076,2511,3924,55,0
OpenCUA-7B,agent,Mind2Web--47bfe8a7e0e4e7efc837287b407fbe90,versus.com,2f46367b3d116465a4e0ff4edbb33c15,1,0,33.687,1229,1214,1214,237,1,158,1101,1288,2462,2,0
OpenCUA-7B,agent,Mind2Web--1aeca99e6a60b0e3aefb3ef212bdce79,www.ca.gov,657740deb953b30c588f5a2b066c2233,1,0,247.963,132,116,116,10,1,3,128,131,263,2,0
OpenCUA-7B,agent,Mind2Web--bb314cb80f0f8489135cbf59074d11e2,iclr.cc,9bf5f5317c677a1402ea0494b1aac717,0,0,500.264,5128,5062,5062,11,1,1,4916,5146,10253,41,0
OpenCUA-7B,agent,Mind2Web--d730f4ff450da1bd60a836163736ef6a_110325,www.backcountry.com,4ec7ae383f0ae9b4a0dd4e774a49dd4a,0,0,208.219,22,20,20,3,1,1,1,21,47,0,0
OpenCUA-7B,agent,Mind2Web--fe33894188d20d7469f37a9fd855e7ff_110325,sourceforge.net,fd29047e86466771bc3cb55d4f415612,1,0,24.025,69,56,56,1,5,1,12,63,153,0,0
OpenCUA-7B,agent,Mind2Web--fe33894188d20d7469f37a9fd855e7ff_110325,sourceforge.net,9433e76cffa34a33856084a859986d64,1,0,18.743,163,154,154,27,3,9,82,166,335,11,0
OpenCUA-7B,agent,Mind2Web--bb314cb80f0f8489135cbf59074d11e2,iclr.cc,701b90741c1841a94b5c423f10d4d820,0,0,500.076,59,15,15,7,0,0,43,44,118,0,0
OpenCUA-7B,agent,Mind2Web--1aeca99e6a60b0e3aefb3ef212bdce79,www.ca.gov,69d7afda5ae2b36f610c8ea563ef2e08,0,0,500.095,602,582,582,41,3,13,457,634,1229,15,0
OpenCUA-7B,agent,Mind2Web--c8c1ff115879b3afd14280beb1559b13,www.4shared.com,efb93129f079f6e6eafe54738099614d,0,0,36.751,0,0,0,0,0,0,0,0,0,0,0
OpenCUA-7B,agent,Mind2Web--c8c1ff115879b3afd14280beb1559b13,www.4shared.com,de0d2d0d75d6d73dcef5d4864ce2dba8,0,0,14.91,0,0,0,0,0,0,0,0,0,0,0
OpenCUA-7B,agent,Mind2Web--d730f4ff450da1bd60a836163736ef6a_110325,www.backcountry.com,8e136ab16b680351ea05c83d65c23c9b,0,0,500.079,29,27,27,3,1,1,1,28,64,0,0
OpenCUA-7B,agent,Mind2Web--71f8de1834599fba443f40dbbfab8edd,arxiv.org,98f7690e13dbfdc96b47b5c86b800207,0,0,500.079,53,7,7,3,0,0,1,56,105,0,0
OpenCUA-7B,agent,Mind2Web--71f8de1834599fba443f40dbbfab8edd,arxiv.org,67d1832fb672c8e15850dac51181f4b9,1,0,154.455,95,7,7,3,0,0,2,103,189,0,0
OpenCUA-7B,agent,Mind2Web--d4fb78b7e74508cd3b33f01cf9200997,www.americashealthrankings.org,1a4eefc745eac4a25828e45f1ed1d65e,0,0,500.082,321,125,125,15,1,3,33,360,641,0,0
OpenCUA-7B,agent,Mind2Web--d4fb78b7e74508cd3b33f01cf9200997,www.americashealthrankings.org,4b76621c38355beb0fc9465fad69b32c,0,0,500.122,1326,726,726,25,1,4,1172,1401,2649,46,0
OpenCUA-7B,agent,Mind2Web--96afb3c51146b0c2a9c55f039a5ea6d6,www.merriam-webster.com,89b82c27f057437fc7edd5567f30a4ba,1,0,159.525,4998,4479,4479,406,11,241,4302,5579,10344,108,0
OpenCUA-7B,agent,Mind2Web--0e42c3a73f2aece1f854e0ba55b7c8b0,www.google.com,170b6e4d125d4d44a34346f5ff72f8b5,0,0,377.011,1403,202,202,12,0,0,1209,1414,2102,35,0
OpenCUA-7B,agent,Mind2Web--0e42c3a73f2aece1f854e0ba55b7c8b0,www.google.com,e0959c60a912cee70bb1c788507b3f28,0,0,344.707,1344,206,206,12,0,0,1148,1355,2036,39,0
OpenCUA-7B,agent,Mind2Web--96afb3c51146b0c2a9c55f039a5ea6d6,www.merriam-webster.com,e130ecca597fc709abfad1393913879a,0,0,500.937,27061,23270,23270,650,41,314,19146,30629,55647,361,0
OpenCUA-7B,agent,Mind2Web--59912927c1fddee6ded8a49986896bc2,www.samsung.com,f07c155fcedc2853b0870a5a3bed4fc2,1,0,445.115,1405,909,909,83,1,21,1014,1508,2812,1,0
OpenCUA-7B,agent,Mind2Web--59912927c1fddee6ded8a49986896bc2,www.samsung.com,5e5f14d7ba5838b3a6f5bcd80228c4e5,0,0,500.145,3407,2701,2701,97,5,23,3058,5369,7031,47,0
OpenCUA-7B,agent,Mind2Web--e43cbc8a0bf9e999884928d11006f894_110325,www.airbnb.com,0ba6e7dfd456fdfbd0b3e91e4c7c34c6,0,0,500.146,1051,714,714,32,3,8,408,1126,2239,236,0
OpenCUA-7B,agent,Mind2Web--e43cbc8a0bf9e999884928d11006f894_110325,www.airbnb.com,f266f62d4e1d2aea80c13361f28916c1,0,0,500.152,869,646,646,32,3,8,289,945,2077,168,0
OpenCUA-7B,agent,Mind2Web--1b867afecf072cb877ebfa4069263746,www.americashealthrankings.org,51f1c699be656746017c381cf15b3cca,0,0,500.092,482,104,104,11,0,0,490,522,963,48,0
OpenCUA-7B,agent,Mind2Web--1b867afecf072cb877ebfa4069263746,www.americashealthrankings.org,744f89ec57b699b9dff77f11ca79306c,0,0,500.103,605,102,102,11,0,0,617,653,1209,32,0
OpenCUA-7B,agent,Mind2Web--c3a333968fc3c43d7f2688f425a0d633,www.porsche.com,ee8478e11557e33f9cbfb947696c4a25,0,0,500.085,291,210,210,16,1,3,229,591,702,254,0
OpenCUA-7B,agent,Mind2Web--c577a14301a725e09ccd269a3e0b271e_110325,www.wineaccess.com,26bb07038bb8c3a9d9a2b51729962606,0,0,15.228,1,0,0,0,0,0,0,0,2,0,0
OpenCUA-7B,agent,Mind2Web--c577a14301a725e09ccd269a3e0b271e_110325,www.wineaccess.com,89c16f0266cadfae25c80c8af13e0340,0,0,72.619,1,0,0,0,0,0,0,0,2,0,0
OpenCUA-7B,agent,Mind2Web--c6c9dc6079677cef594cec2fa6b16602,www.ikea.com,76467af0ceb559cbe3a6d815143ed4d5,1,0,187.175,1414,382,382,32,7,6,1370,1568,2875,35,0
OpenCUA-7B,agent,Mind2Web--c3a333968fc3c43d7f2688f425a0d633,www.porsche.com,283434251fb939973b2937d2a7f76438,0,0,500.092,302,220,220,20,1,3,244,593,722,246,0
OpenCUA-7B,agent,Mind2Web--c39d6c245f8243993e707d54d2f4acec,www.leagueoflegends.com,8a98d62c4d44da7ddf857f7e95ae0d95,1,0,28.506,72,51,51,8,1,2,21,70,143,0,0
OpenCUA-7B,agent,Mind2Web--c39d6c245f8243993e707d54d2f4acec,www.leagueoflegends.com,9cfc117c6262453233f132d34db0017b,0,0,26.12,0,0,0,0,0,0,0,0,0,0,0
OpenCUA-7B,agent,Mind2Web--b2f4fde2fce122a93c7b578086cb0585,www.booking.com,3378882e94e14e82494a81e4bdb74c3e,1,0,173.858,1237,1071,1071,103,11,30,589,1346,2548,157,0
OpenCUA-7B,agent,Mind2Web--bb5d90e6f2fbc0ae146f7c1998c2b4a1,www.ted.com,15d59c309e4be2c878d8436b6580d1aa,1,0,340.009,814,497,497,45,8,12,264,923,1791,0,0
OpenCUA-7B,agent,Mind2Web--d02d236836924919f35f2438d9ed2374,www.imdb.com,7dd621293a5f8e7f909f6f1e5210388d,1,0,163.371,909,771,771,19,17,3,456,1056,1892,0,0
OpenCUA-7B,agent,Mind2Web--bb5d90e6f2fbc0ae146f7c1998c2b4a1,www.ted.com,1c4ac82f4b29548f787aebaac63b26f1,0,0,500.149,1578,935,935,73,19,25,765,1737,3410,62,0
OpenCUA-7B,agent,Mind2Web--3621b099326c7aebd2e2dac6be3b52d1,www.nvidia.com,4b900ba1026fa1fb577e2f1f1ab131e5,1,0,51.12,452,299,299,62,3,14,287,544,899,76,0
OpenCUA-7B,agent,Mind2Web--c6c9dc6079677cef594cec2fa6b16602,www.ikea.com,a88350ada67ff73adb4c2b6e94a87def,0,0,500.104,1521,380,380,31,3,6,1299,1506,3065,19,0
OpenCUA-7B,agent,Mind2Web--b2f4fde2fce122a93c7b578086cb0585,www.booking.com,3c604eb4bc927ef0ccd9886ef1eab66b,1,0,156.84,1046,873,873,69,11,20,516,829,2147,120,0
OpenCUA-7B,agent,Mind2Web--f27b393bbd2082f92b566270c4b74fe6,www.parkers.co.uk,035c50e7e7b4f5b85f3b16ff038131cf,1,0,147.417,795,745,745,195,1,116,640,835,1582,6,0
OpenCUA-7B,agent,Mind2Web--d02d236836924919f35f2438d9ed2374,www.imdb.com,a20cc50d2dd1a3a6f3f142bde91647c4,0,0,500.104,2127,1744,1744,19,46,2,927,2397,4585,0,0
OpenCUA-7B,agent,Mind2Web--3621b099326c7aebd2e2dac6be3b52d1,www.nvidia.com,e891408ea5d6b5e80d137ea06ce847e9,1,0,153.366,539,374,374,52,3,12,333,614,1207,74,0
OpenCUA-7B,agent,Mind2Web--662ae0f2d3ac851dbcdd245f908277e3,wanderlog.com,21ded6d416b3c1060027856d86c2cd24,1,0,79.811,335,202,202,22,3,3,176,336,697,22,0
OpenCUA-7B,agent,Mind2Web--f27b393bbd2082f92b566270c4b74fe6,www.parkers.co.uk,bfffe3688336e7a5efb947ab32488470,1,0,176.986,4596,4269,4269,386,21,216,3299,5189,9302,166,0
OpenCUA-7B,agent,Mind2Web--ba01ea557b73f864c35ebba0dd6f3cb2,www.google.com,a6099572bee48fa9004a6c2b40b6cbda,0,0,500.224,2767,912,912,16,1,1,1866,2778,5021,28,0
OpenCUA-7B,agent,Mind2Web--461ab9b0c7b20ac5f912704480979c65,www.nyse.com,feb9eedbeecc4fcbcda7ba06f516cda0,1,0,112.401,801,741,741,28,9,7,158,369,1598,8,0
OpenCUA-7B,agent,Mind2Web--a96fca87a17d792644e736d1d10d3cbe,mega.io,60f0d333bb2825afa995e394a8cbf785,0,0,68.962,0,0,0,0,0,0,0,0,0,0,0
OpenCUA-7B,agent,Mind2Web--a96fca87a17d792644e736d1d10d3cbe,mega.io,8062b839901ac058585f6481b0041248,0,0,13.757,97,0,0,0,0,0,0,96,194,0,0
OpenCUA-7B,agent,Mind2Web--2c8ef01a92c71ba9ef2e59bb17eea2b3_110325,www.bhphotovideo.com,ae1c0b3be8ba80666ab1bce7b815dcdc,1,0,78.23,203,129,129,18,7,1,83,204,477,0,0
OpenCUA-7B,agent,Mind2Web--2c8ef01a92c71ba9ef2e59bb17eea2b3_110325,www.bhphotovideo.com,3945ed7eb5a0a06e3555b294f4f5389e,1,0,85.498,344,271,271,45,7,11,186,353,757,11,0
OpenCUA-7B,agent,Mind2Web--3084bc225219fcb73dc1cb0f97276c1c,www.ups.com,39e686410047c7b549df9dfb4e27377c,0,0,28.653,0,0,0,0,0,0,0,0,0,0,0
OpenCUA-7B,agent,Mind2Web--3084bc225219fcb73dc1cb0f97276c1c,www.ups.com,bc56ecbfd58c35c2b89aa5d889099c45,0,0,25.864,0,0,0,0,0,0,0,0,0,0,0
OpenCUA-7B,agent,Mind2Web--ba01ea557b73f864c35ebba0dd6f3cb2,www.google.com,c74c8d453aaa1af4def486cc64b4dbd7,0,0,500.296,2731,964,964,57,7,16,2158,2984,4626,143,0
OpenCUA-7B,agent,Mind2Web--949dc965a6c23a95663b3bc2ca2c3a8a,www.flightaware.com,42d585128c9eab0652888aed22f28de4,1,0,202.021,1421,990,990,192,7,94,1067,1603,2894,21,0
OpenCUA-7B,agent,Mind2Web--662ae0f2d3ac851dbcdd245f908277e3,wanderlog.com,72177e0468c7da13d9938c5f112127f3,1,0,148.575,411,224,224,25,3,3,244,412,856,22,0
OpenCUA-7B,agent,Mind2Web--636b07af4dd97c1793733db1fd1b90b8_110325,www.jcpenney.com,acbad48649ca9690a7534219ac18d61b,0,0,75.4,1,0,0,0,0,0,0,0,2,0,0
OpenCUA-7B,agent,Mind2Web--636b07af4dd97c1793733db1fd1b90b8_110325,www.jcpenney.com,447bea988233c172d9e5f2d3cb0e82b6,0,0,117.992,1,0,0,0,0,0,0,0,2,0,0
OpenCUA-7B,agent,Mind2Web--38203be65401943aea2179c4c680059a,new.mta.info,a67f434635289ac241369e63ffcbf36b,0,0,51.979,1,0,0,0,0,0,0,0,2,0,0
OpenCUA-7B,agent,Mind2Web--38203be65401943aea2179c4c680059a,new.mta.info,c963412b00cfb7e884faa181c1ad529b,0,0,42.745,1,0,0,0,0,0,0,0,2,0,0
OpenCUA-7B,agent,Mind2Web--cf757a775fa1224acfc7998489e199a8,www.ryanair.com,6bf36255b1746a14e6d2922cf103bc4e,1,0,109.131,210,97,97,12,4,2,129,256,416,13,0
OpenCUA-7B,agent,Mind2Web--d8e2a81fa621ce4737e5ea85671b630e_110325,ziprecruiter.com,0a2ae3d1d42a79f082f061dbd68bf10c,1,0,161.467,211,209,209,31,1,11,113,205,432,11,0
OpenCUA-7B,agent,Mind2Web--d8e2a81fa621ce4737e5ea85671b630e_110325,ziprecruiter.com,2a35cc191cb0752090951e14fb1e90d4,1,0,97.346,99,97,97,7,1,3,37,85,209,0,0
OpenCUA-7B,agent,Mind2Web--461ab9b0c7b20ac5f912704480979c65,www.nyse.com,3067d1caa37098dfd58c3ed9c1ab011c,0,0,500.192,1435,1246,1246,28,16,7,459,841,2863,8,0
OpenCUA-7B,agent,Mind2Web--949dc965a6c23a95663b3bc2ca2c3a8a,www.flightaware.com,c4fd90811435784a5ed45bd8cceb9fb7,1,0,294.676,1681,1140,1140,199,7,100,1303,1870,3413,14,0
OpenCUA-7B,agent,Mind2Web--199be0b54a436daee74247971fc684ee_110325,www.dillards.com,1608d56be0d144831fedde9772d326bd,0,0,83.847,36,34,34,3,0,0,1,3,72,0,0
OpenCUA-7B,agent,Mind2Web--199be0b54a436daee74247971fc684ee_110325,www.dillards.com,ee09e34b49cc744cc25d19d0174ad895,0,0,65.84,33,31,31,3,0,0,1,3,66,0,0
OpenCUA-7B,agent,Mind2Web--cf757a775fa1224acfc7998489e199a8,www.ryanair.com,3d001b6e7fafdeed2457fc7f55c836c7,1,0,191.155,171,87,87,12,1,1,109,235,339,30,0
OpenCUA-7B,agent,Mind2Web--c00437fd76a7a83b57f3dc4e5dbc41f8,www.amazon.jobs,c55c62214d0ed9bdc3b17197b9e3c507,1,0,164.55,670,585,585,49,3,13,187,678,1249,12,0
OpenCUA-7B,agent,Mind2Web--63d6866fc000fcb1f153e07604bd1395,us.trip.com,59270067a153c3d65cb4369d60a9a951,0,0,500.692,13265,9307,9307,37,123,3,6438,13946,26297,8,0
OpenCUA-7B,agent,Mind2Web--63d6866fc000fcb1f153e07604bd1395,us.trip.com,fa7b75705076e1621400b3d698681fc1,1,0,168.294,3015,2528,2528,42,3,4,1986,3202,6168,8,0
OpenCUA-7B,agent,Mind2Web--9d46ccb915eff39ee1ae1e7328f5f20d,www.ups.com,d622b6ca7c2ddf41d7ad269c29d32257,0,0,61.147,0,0,0,0,0,0,0,0,0,0,0
OpenCUA-7B,agent,Mind2Web--c00437fd76a7a83b57f3dc4e5dbc41f8,www.amazon.jobs,d8ea336b637bc6a1c02fd49546d3f259,1,0,78.1,93,76,76,15,3,3,52,160,184,8,0
OpenCUA-7B,agent,Mind2Web--9d46ccb915eff39ee1ae1e7328f5f20d,www.ups.com,e8fba9f6931d4bd20453c2d3aa9fa726,0,0,26.675,0,0,0,0,0,0,0,0,0,0,0
OpenCUA-7B,agent,Mind2Web--fc53ddd3421411a41c1020a3fdc84ec4,www.bestbuy.com,bd6c9d4d8115d0ccf55568b72adba62a,0,0,500.083,281,41,41,3,0,0,239,280,562,0,0
OpenCUA-7B,agent,Mind2Web--7211af65d266402f99499053924262e9,www.amazon.jobs,7e70f39f0fd41e7b5163b0d0e3f8ed7b,1,0,131.403,88,74,74,15,3,3,49,129,174,5,0
OpenCUA-7B,agent,Mind2Web--7211af65d266402f99499053924262e9,www.amazon.jobs,4e2e79398c0de1b36c217444d6b7cd65,0,0,18.753,0,0,0,0,0,0,0,0,0,0,0
OpenCUA-7B,agent,Mind2Web--fc53ddd3421411a41c1020a3fdc84ec4,www.bestbuy.com,8ef4df21bb0bd19d5315af0520884cc9,1,0,231.128,181,44,44,3,1,1,138,183,362,0,0
OpenCUA-7B,agent,Mind2Web--d1970c16271496cbbe166ecbecc0a1d8,macyswineshop.com,46f4b335a00b4010ec8b65cda0bc60ee,0,0,500.104,1373,463,463,41,13,7,931,1374,2530,2,0
OpenCUA-7B,agent,Mind2Web--f707d765bca668830745d20807d7bee6,www.petfinder.com,8d5f799c99f1e08016b49ed69f8a98e9,0,0,19.277,1,0,0,0,0,0,0,0,2,0,0
OpenCUA-7B,agent,Mind2Web--f707d765bca668830745d20807d7bee6,www.petfinder.com,361294dca3ea05bfad14f5b98d1725fc,0,0,15.082,1,0,0,0,0,0,0,0,2,0,0
OpenCUA-7B,agent,Mind2Web--d1970c16271496cbbe166ecbecc0a1d8,macyswineshop.com,6cbdbda6334399c3c256d1b0a038a4a2,1,0,166.893,1049,347,347,42,7,7,737,1062,1972,5,0
OpenCUA-7B,agent,Mind2Web--d392e154c1c6ffbb26e2331c3afafc67,www.bestbuy.com,cb000629b73e8bac9d1a3c5179b0e845,1,0,112.459,150,44,44,3,1,1,107,152,300,0,0
OpenCUA-7B,agent,Mind2Web--a5c87cc1c94a090c9a8dc2c8b6a125d0,www.accuweather.com,8d26d01b385130bf5b27aefe477afb1f,0,0,12.549,0,0,0,0,0,0,0,0,0,0,0
OpenCUA-7B,agent,Mind2Web--a5c87cc1c94a090c9a8dc2c8b6a125d0,www.accuweather.com,749d390d3e00ce8463b0ba517c29d87a,0,0,29.526,0,0,0,0,0,0,0,0,0,0,0
OpenCUA-7B,agent,Mind2Web--367d843c640637745e8fafa741cca13b,www.apartments.com,4d5859ea39b108948170e56813b4c09f,0,0,84.109,1,0,0,0,0,0,0,0,2,0,0
OpenCUA-7B,agent,Mind2Web--367d843c640637745e8fafa741cca13b,www.apartments.com,0ca44fad3566eab5b29ce5591e9455c7,0,0,91.818,1,0,0,0,0,0,0,0,2,0,0
OpenCUA-7B,agent,Mind2Web--84ef883a37af638c3bcf7561f28ce80a,www.cars.com,48942dd13a13f06b3eb1a74dcf948cda,1,0,33.812,83,71,71,1,5,1,11,77,180,0,0
OpenCUA-7B,agent,Mind2Web--84ef883a37af638c3bcf7561f28ce80a,www.cars.com,784ea0e9bcbb4b20d2594b580c58accd,1,0,40.705,275,259,259,47,7,12,117,263,568,19,0
OpenCUA-7B,agent,Mind2Web--d9a8689393effeed75ea0866e44e1def,www.justice.gov,98f72ed82d46f9f16af6b5973f42dcfe,1,0,50.835,425,322,322,20,4,3,255,544,949,55,0
OpenCUA-7B,agent,Mind2Web--4464a8421f8bc8786524a499258dfad3,www.bestbuy.com,728cec3bf686087a7412accc9aba27b2,0,0,500.088,292,41,41,3,0,0,250,291,584,0,0
OpenCUA-7B,agent,Mind2Web--4464a8421f8bc8786524a499258dfad3,www.bestbuy.com,2aefa8469099c46494d11989ec4c5248,1,0,430.954,257,44,44,3,1,1,214,259,514,0,0
OpenCUA-7B,agent,Mind2Web--d392e154c1c6ffbb26e2331c3afafc67,www.bestbuy.com,01b49f6b8736235732182a30454d6682,0,0,500.09,289,41,41,3,0,0,247,288,578,0,0
OpenCUA-7B,agent,Mind2Web--28e7574e7bd6d14f36d2988a5ef2bd23,ohiomeansjobs.ohio.gov,11c393aa3eae6c5ceba524b2b584a917,1,0,89.137,307,244,244,14,17,4,285,498,641,36,0
OpenCUA-7B,agent,Mind2Web--28e7574e7bd6d14f36d2988a5ef2bd23,ohiomeansjobs.ohio.gov,8cf7ca620bd747a24d71fc2f8b084321,1,0,61.564,242,193,193,14,11,4,220,390,505,28,0
OpenCUA-7B,agent,Mind2Web--1c3b747ae12ccee895745f82e3f2ef8a,www.kaggle.com,84c6472e18ccc32c41cf56a3fae909b9,1,0,51.152,62,57,57,3,7,1,19,61,142,0,0
OpenCUA-7B,agent,Mind2Web--d9a8689393effeed75ea0866e44e1def,www.justice.gov,66398128e67b047f145db2eafea91f01,0,0,500.105,447,322,322,20,4,3,274,568,974,43,0
OpenCUA-7B,agent,Mind2Web--d1807551297ac60ecaaabbd2a2ed301a_110325,superlawyers.com,7353265805c313e11973b014f1a53a0b,1,0,136.108,1294,730,730,50,7,11,700,1350,2622,6,0
OpenCUA-7B,agent,Mind2Web--1bc154377120ec15b18dbabdba49c741_112325,www.stubhub.com,5b1458c2fd092788c022a5ac29556c82,1,0,196.312,466,402,402,28,7,3,234,599,924,15,0
OpenCUA-7B,agent,Mind2Web--d1807551297ac60ecaaabbd2a2ed301a_110325,superlawyers.com,7c632f638a9b9e2923546de4df698774,1,0,125.73,590,323,323,49,5,11,335,600,1186,1,0
OpenCUA-7B,agent,Mind2Web--7abdceee212151f187ee1a1744c57606,www.uscis.gov,bbb63cccaf0bf2f88e9fa6a8c778bbda,1,0,84.189,300,196,196,33,9,4,169,330,644,13,0
OpenCUA-7B,agent,Mind2Web--7abdceee212151f187ee1a1744c57606,www.uscis.gov,43dd13018bc8734539b718677ff00cfb,1,0,139.819,461,315,315,38,21,7,271,498,990,13,0
OpenCUA-7B,agent,Mind2Web--0e5536aaad9d3462b06cf725e6ed535a,www.cbp.gov,00bc7edc6007359019185c0891b9a349,1,0,191.833,453,286,286,19,21,4,297,562,950,47,0
OpenCUA-7B,agent,Mind2Web--1bc154377120ec15b18dbabdba49c741_112325,www.stubhub.com,7e61cebee027390eb850003af0857de5,0,0,500.087,375,316,316,21,3,2,136,430,745,7,0
OpenCUA-7B,agent,Mind2Web--1c3b747ae12ccee895745f82e3f2ef8a,www.kaggle.com,622acdc42e0a73f63e358def095aaa14,1,0,80.386,70,65,65,4,9,1,25,69,162,0,0
OpenCUA-7B,agent,Mind2Web--0e5536aaad9d3462b06cf725e6ed535a,www.cbp.gov,a43da5948e2202691279e64cd94880bd,1,0,325.081,965,790,790,50,45,8,604,1192,2014,73,0
OpenCUA-7B,agent,Mind2Web--bc2ce7f206045dd2d322e5695a947219,smartasset.com,be0c65dc7c67e113d89b327fda299e0e,1,0,159.502,776,449,449,57,7,10,576,1024,1842,37,0
OpenCUA-7B,agent,Mind2Web--bc2ce7f206045dd2d322e5695a947219,smartasset.com,0a266a415133259199e4a43eecfe6e8b,0,0,500.096,2067,1133,1133,62,11,14,1450,2521,4964,91,0
OpenCUA-7B,agent,Mind2Web--7e6993f2c5cd72c44809024f0bc85dc1,imgur.com,2c24a900d62a0593e3d3c7d94e73e4d1,1,0,377.012,1695,1470,1470,233,5,152,1523,1749,3280,1,0
OpenCUA-7B,agent,Mind2Web--dd44c665cec1e9c929a4c5f074e7844a_110325,spothero.com,17870698ab8cd3674c36205ccdda06af,0,0,217.921,0,0,0,0,0,0,0,0,0,0,0
OpenCUA-7B,agent,Mind2Web--7e6993f2c5cd72c44809024f0bc85dc1,imgur.com,4f383a61dbe3630ff20adcc74e6d4fa0,0,0,350.955,0,0,0,0,0,0,0,0,0,0,0
OpenCUA-7B,agent,Mind2Web--a48e2f1ee8d87eaeea56fe5e730427e6,www.chess.com,3dd3eae0c8ab20cc88a3e0dfe7249fc6,0,0,500.109,805,263,263,69,5,26,631,801,1610,0,0
OpenCUA-7B,agent,Mind2Web--a48e2f1ee8d87eaeea56fe5e730427e6,www.chess.com,0ddbbb82fb229cf54d78cebedfdac548,1,0,49.148,591,153,153,52,3,16,490,581,1181,0,0
OpenCUA-7B,agent,Mind2Web--99daaed9a83c266341d28aa40067d376,boardgamegeek.com,09f3cc5ee8c0aa5aba4f99220f8c2232,1,0,113.927,841,757,757,40,11,15,214,907,1710,8,0
OpenCUA-7B,agent,Mind2Web--7072d09436972a5d5fe7476e3e9f1559,www.americanexpress.com,8bebfe5f225be53b1968c4621d77b310,1,0,20.949,463,399,399,36,3,10,153,67,914,10,0
OpenCUA-7B,agent,Mind2Web--dd44c665cec1e9c929a4c5f074e7844a_110325,spothero.com,452d18712b76e75e0cf5d71f84702238,0,0,500.091,400,291,291,43,5,10,217,453,804,26,0
OpenCUA-7B,agent,Mind2Web--99daaed9a83c266341d28aa40067d376,boardgamegeek.com,8918259d449b455eef37bc785010d20f,0,0,500.107,3597,3289,3289,43,43,26,638,3894,7674,30,0
OpenCUA-7B,agent,Mind2Web--7072d09436972a5d5fe7476e3e9f1559,www.americanexpress.com,5c1d7e79c3d7e1f580363b5288ed3537,1,0,98.943,1105,923,923,41,9,12,422,199,2190,28,0
OpenCUA-7B,agent,Mind2Web--753f372c189d3b306623cb0c65b50320,www.sec.gov,fccd3190a27f2df48d691bd86b708d8b,0,0,151.55,2,0,0,0,0,0,0,1,4,0,0
OpenCUA-7B,agent,Mind2Web--753f372c189d3b306623cb0c65b50320,www.sec.gov,a923552380d9773941b5ccf5570a065b,0,0,238.304,2,0,0,0,0,0,0,1,4,0,0
OpenCUA-7B,agent,Mind2Web--2c20d87a046fadcb6ff07ee877bfbf37,www.irs.gov,08dd0f7e970af499559a38384189fe66,1,0,273.495,251,146,146,6,14,1,336,454,561,58,0
OpenCUA-7B,agent,Mind2Web--733f1d8bf79d5bc2240c5357f928ffff,www.tourradar.com,d9e2627aad2937cefc84bd30eb76c77d,1,0,148.963,446,389,389,72,4,16,327,452,892,25,0
OpenCUA-7B,agent,Mind2Web--2c20d87a046fadcb6ff07ee877bfbf37,www.irs.gov,7e1631d636c3812f23d4d36ee74401e9,1,0,201.091,194,100,100,6,10,1,245,323,434,40,0
OpenCUA-7B,agent,Mind2Web--733f1d8bf79d5bc2240c5357f928ffff,www.tourradar.com,49135fcb5eba75e4a091e2490b6ed1e3,0,0,500.095,424,383,383,74,3,15,297,402,876,34,0
OpenCUA-7B,agent,Mind2Web--f05e87c5b92d9869e08806103c1c15a1,www.ycombinator.com,961911dc068794572cd18a5b4ddcfae7,1,0,349.021,1775,1710,1710,48,5,7,417,1751,3555,2,0
OpenCUA-7B,agent,Mind2Web--f158345f8489e0d1d91e28768c39bca1,azure.microsoft.com,bf7b09a6dda64a6e9c0db20d3ebf79ca,0,0,25.389,0,0,0,0,0,0,0,0,0,0,0
OpenCUA-7B,agent,Mind2Web--f158345f8489e0d1d91e28768c39bca1,azure.microsoft.com,fbf4e49d60078986ae61cc3e0ec3a7ee,0,0,25.155,0,0,0,0,0,0,0,0,0,0,0
OpenCUA-7B,agent,Mind2Web--f05e87c5b92d9869e08806103c1c15a1,www.ycombinator.com,636d56d4d36dbc793baee2320d2e0120,0,0,500.093,810,745,745,19,0,0,225,757,1626,0,0
OpenCUA-7B,agent,Mind2Web--3ef64f34eae59c9fac7ee9a4f18b4a0c,www.youtube.com,2af1837f7c825a8a48a132d9f70aaefb,0,0,500.58,3544,3421,3421,19,1,5,2176,4439,11322,160,0
OpenCUA-7B,agent,Mind2Web--3ef64f34eae59c9fac7ee9a4f18b4a0c,www.youtube.com,ca244f06365dfdf9616333f7bb0877e8,0,0,500.554,3521,3484,3484,13,1,4,2131,4336,11103,37,0
OpenCUA-7B,agent,Mind2Web--1ab384fb3a791edfb410213cc6b82151_110325,phet.colorado.edu,e56ea9ecdd17d68d1d71a5f8c37f2a42,1,0,210.324,905,430,430,46,3,12,610,924,1846,7,0
OpenCUA-7B,agent,Mind2Web--1ab384fb3a791edfb410213cc6b82151_110325,phet.colorado.edu,d11fd1e39c16256ddd141778740f7505,0,0,500.098,1674,227,227,9,0,0,1726,1679,3376,26,0
OpenCUA-7B,agent,Mind2Web--1223b07536a87e0170ff87cbbebd1d3c,www.coolmath4kids.com,c975d7639925d2275b19c03a1585e034,0,0,500.091,667,455,455,29,25,13,484,725,1386,0,0
OpenCUA-7B,agent,Mind2Web--1223b07536a87e0170ff87cbbebd1d3c,www.coolmath4kids.com,5789572268d16ae629c44d55abca4bf7,0,0,500.099,1302,886,886,38,45,21,893,1376,2679,0,0
GUI-Owl-8B,agent,Mind2Web--b7258ee05d75e6c50673a59914db412e_110325,www.traderjoes.com,e04b818771daa0a0a4481c71175afad2,0,0,155.084,6,5,5,1,1,1,4,4,18,0,0
GUI-Owl-8B,agent,Mind2Web--b7258ee05d75e6c50673a59914db412e_110325,www.traderjoes.com,98b3597b7199221dec62cbfd3e14c571,0,0,320.155,7,6,6,1,1,1,5,4,21,0,0
GUI-Owl-8B,agent,Mind2Web--ade4c09ad3fdb1607209750924cd232f,www.flightaware.com,a2819a7db7991f60b2f9f991755bbfbd,1,0,169.409,248,70,70,16,3,3,187,263,728,1,0
GUI-Owl-8B,agent,Mind2Web--ade4c09ad3fdb1607209750924cd232f,www.flightaware.com,eeed5cf74fcbc68f45ada0586761b497,1,0,347.23,268,82,82,14,1,2,198,283,774,2,0
GUI-Owl-8B,agent,Mind2Web--fb7b4f784cfde003e2548fdf4e8d6b4f,www.discogs.com,18ce68feb3b6ee8d401fd21dffe1032f,1,0,377.215,94,73,73,14,1,1,67,88,281,0,0
GUI-Owl-8B,agent,Mind2Web--fb7b4f784cfde003e2548fdf4e8d6b4f,www.discogs.com,59ec79bb3553d322fb5f7404df1e6ff4,1,0,179.666,94,73,73,14,1,1,67,88,281,0,0
GUI-Owl-8B,agent,Mind2Web--046138801a05ddf56ad94e8672942496,www.flightaware.com,5cc6e0ccad3c0349ca6d13ad3e876a27,1,0,368.399,258,80,80,14,1,2,191,264,742,2,0
GUI-Owl-8B,agent,Mind2Web--92a3d4236f167af4afdc08876a902ba6,www.carmax.com,5730e7f3668e04d5f480ef79fd516a8e,0,0,6.727,4,0,0,0,0,0,3,3,12,0,0
GUI-Owl-8B,agent,Mind2Web--92a3d4236f167af4afdc08876a902ba6,www.carmax.com,f1d0af1c89284c3d9c8a35c4213c5831,0,0,6.267,4,0,0,0,0,0,3,3,12,0,0
GUI-Owl-8B,agent,Mind2Web--48c73f3f53e2611c4a1052457c1033db,new.mta.info,719ecb5acd4b615b7bfaae664c2fe296,0,0,153.999,8,7,7,1,1,1,6,4,24,0,0
GUI-Owl-8B,agent,Mind2Web--48c73f3f53e2611c4a1052457c1033db,new.mta.info,1e2ca5bbad2182e0d34ca82e1bb2f17c,0,0,184.798,10,9,9,1,1,1,8,4,30,0,0
GUI-Owl-8B,agent,Mind2Web--824eb7bb0ef1ce40bfd49c12182d9428_110325,us.speedo.com,a8b99ddc51e59727622a1860517c6fe3,1,0,399.13,175,134,134,11,1,1,39,174,516,2,0
GUI-Owl-8B,agent,Mind2Web--8f2611047de227a2ca8bda13f6e2e5fb_110325,www.carvana.com,2f9d7a4747b911f38fbaa5f29ad00277,1,0,140.351,13,6,6,1,1,1,11,7,39,0,0
GUI-Owl-8B,agent,Mind2Web--b320c68bffc1f3c7f2a8dc9d5478fb27,www.ign.com,bb595ef3c23f01968581a7979a8d90b8,0,0,1.68,1,0,0,0,0,0,0,0,3,0,0
GUI-Owl-8B,agent,Mind2Web--824eb7bb0ef1ce40bfd49c12182d9428_110325,us.speedo.com,db720cfff23017b466f41e4f4634b4c1,0,0,500.13,308,211,211,35,6,3,151,316,924,9,0
GUI-Owl-8B,agent,Mind2Web--046138801a05ddf56ad94e8672942496,www.flightaware.com,5e8a006b270421095c4ac19a461cd2c3,0,0,500.249,257,89,89,15,1,2,185,263,731,3,0
GUI-Owl-8B,agent,Mind2Web--8f2611047de227a2ca8bda13f6e2e5fb_110325,www.carvana.com,82c9b4f59abadc53a9d9bd4697e32b21,1,0,40.338,13,6,6,1,1,1,11,7,39,0,0
GUI-Owl-8B,agent,Mind2Web--b320c68bffc1f3c7f2a8dc9d5478fb27,www.ign.com,8d21c7131c7542a57bb35e5b120d5246,0,0,500.113,134,133,133,33,1,10,81,138,407,5,0
GUI-Owl-8B,agent,Mind2Web--005be9dd91c95669d6ddde9ae667125c,www.qatarairways.com,1435ef76c73e95a5fe66bee8d30ef1c7,0,0,61.761,8,5,5,1,1,1,6,6,24,0,0
GUI-Owl-8B,agent,Mind2Web--aa4b5cb7114fcc138ade82b4b9716d24,www.ign.com,7f0871075bf5864d54b1c816c81df6f3,1,0,408.893,249,248,248,33,1,11,157,262,752,7,0
GUI-Owl-8B,agent,Mind2Web--aa4b5cb7114fcc138ade82b4b9716d24,www.ign.com,d8505582a1afdd0d10d34598e7d3315a,1,0,239.785,132,131,131,32,1,10,79,139,399,5,0
GUI-Owl-8B,agent,Mind2Web--123e8c2fc453f55fadd1d0b9aaf94df4,www.kbb.com,47bc2f113509a80cb9675a313bf33b2a,0,0,144.117,9,8,8,1,1,1,7,4,27,0,0
GUI-Owl-8B,agent,Mind2Web--005be9dd91c95669d6ddde9ae667125c,www.qatarairways.com,bdbf25062204f3d631167b4014cd0aac,0,0,210.093,12,9,9,1,1,1,10,6,36,0,0
GUI-Owl-8B,agent,Mind2Web--323bd85e3559655d89e5496b951a25e8,www.amtrak.com,32d085b69cc483f6b1cad2f00b4a18ea,0,0,500.278,495,345,345,54,1,18,472,548,1372,11,0
GUI-Owl-8B,agent,Mind2Web--323bd85e3559655d89e5496b951a25e8,www.amtrak.com,4f1f7d9669e09002f9727c35a64a9db4,0,0,500.182,496,348,348,54,1,18,470,547,1373,9,0
GUI-Owl-8B,agent,Mind2Web--123e8c2fc453f55fadd1d0b9aaf94df4,www.kbb.com,3995f9feaa004d672c486e002c2481d1,0,0,42.637,6,5,5,1,1,1,4,4,18,0,0
GUI-Owl-8B,agent,Mind2Web--56f8890a837c49f7df766b9c981646f3,www.imdb.com,7b02c6da67e4993fab2383ea9f250667,0,0,500.16,198,176,176,12,1,3,42,201,579,0,0
GUI-Owl-8B,agent,Mind2Web--56f8890a837c49f7df766b9c981646f3,www.imdb.com,f6ec40b39aabde23cac09e83138d5e17,0,0,500.209,149,131,131,12,1,3,35,152,441,0,0
GUI-Owl-8B,agent,Mind2Web--644a856c3897665e475e0dce50bf217d,www.amazon.com,bb3f6fe3bda4a1dde76985aae0e65470,0,0,500.226,517,476,476,51,1,32,155,428,1653,117,0
GUI-Owl-8B,agent,Mind2Web--561693d6eec7bbfba3fefe9e4b26decb,www.marriott.com,2004f83226f34f96f89e669a4714f469,1,0,68.633,7,5,5,1,1,1,5,4,21,0,0
GUI-Owl-8B,agent,Mind2Web--561693d6eec7bbfba3fefe9e4b26decb,www.marriott.com,4eb3b3209f0e024e07bb9ccf9ec30c81,1,0,68.495,7,5,5,1,1,1,5,4,21,0,0
GUI-Owl-8B,agent,Mind2Web--644a856c3897665e475e0dce50bf217d,www.amazon.com,6ef6ca879e9319e4116ab9a50af3b90e,0,0,500.216,498,458,458,53,1,34,164,400,1593,116,0
GUI-Owl-8B,agent,Mind2Web--62f1626ce249c31098854f8b38bdd6cf_110325,www.microcenter.com,54f19f4fdd2fc8e6b5c8546a6eed1fa6,1,0,475.444,61,51,51,2,3,2,14,54,194,0,0
GUI-Owl-8B,agent,Mind2Web--bfa2de159be6978acf2702be31a2eeeb,www.united.com,ef09a5dd40944cf390be15b21d8d9f7e,0,0,102.802,10,10,10,1,0,1,9,8,30,0,0
GUI-Owl-8B,agent,Mind2Web--bfa2de159be6978acf2702be31a2eeeb,www.united.com,a6c5a9e8fe146549120a7af16aa02e70,0,0,65.621,6,6,6,1,0,1,5,4,18,0,0
GUI-Owl-8B,agent,Mind2Web--62f1626ce249c31098854f8b38bdd6cf_110325,www.microcenter.com,f509b711d75ff1d6e7e0f18b23d3647e,1,0,229.831,66,57,57,2,3,2,18,56,208,0,0
GUI-Owl-8B,agent,Mind2Web--b7a9a6b5d451164c09bbd27b670bc2ae,www.uniqlo.com,c1a218820680dc02c6477f1e6c12a595,0,0,500.223,203,63,63,22,1,2,154,223,595,7,0
GUI-Owl-8B,agent,Mind2Web--79f0bd7df6e685f30f20025cc6755c0a_110325,www.microcenter.com,dfdb219d4221ef152c0b69c36d67cc1b,1,0,145.853,34,29,29,2,1,2,9,28,107,0,0
GUI-Owl-8B,agent,Mind2Web--b7a9a6b5d451164c09bbd27b670bc2ae,www.uniqlo.com,73761a324fc94cb56d146ea663cc66f6,0,0,500.218,202,62,62,22,1,2,154,222,592,7,0
GUI-Owl-8B,agent,Mind2Web--4091bdd3fa64a5b0d912bc08eaf9c824,new.mta.info,6f7b57019869ca54689ee61c32ee928e,0,0,11.302,1,0,0,0,0,0,0,0,3,0,0
GUI-Owl-8B,agent,Mind2Web--4091bdd3fa64a5b0d912bc08eaf9c824,new.mta.info,501409e1951c6925025f1ded6dc1f959,0,0,38.391,6,5,5,1,1,1,4,4,18,0,0
GUI-Owl-8B,agent,Mind2Web--79f0bd7df6e685f30f20025cc6755c0a_110325,www.microcenter.com,fef143d80efe5e1364501f8f5da153a2,1,0,218.644,55,45,45,1,3,1,9,50,176,0,0
GUI-Owl-8B,agent,Mind2Web--6ebde509dca8f15c0fa1bd74f071e8d6,www.target.com,90fe28bb0b700b9d78695e4379bd248d,0,0,1.239,0,0,0,0,0,0,0,0,0,0,0
GUI-Owl-8B,agent,Mind2Web--34ccd15a8ea8fd3895af83f5ccf62369,us.megabus.com,59e3121216acb8bd31d68c73bf111757,0,0,1.227,0,0,0,0,0,0,0,0,0,0,0
GUI-Owl-8B,agent,Mind2Web--6ebde509dca8f15c0fa1bd74f071e8d6,www.target.com,590da4d5aa5776184a9b0f68520b6146,0,0,500.196,397,280,280,36,1,6,132,433,1176,0,0
GUI-Owl-8B,agent,Mind2Web--b6d10e9bd19b4009a02dea0e98f4e1ae,www.foxsports.com,ecc40bb10802419ca74d7faf3d2d16ab,1,0,120.826,30374,30037,30037,193,1,100,607,30407,91035,3,0
GUI-Owl-8B,agent,Mind2Web--b6d10e9bd19b4009a02dea0e98f4e1ae,www.foxsports.com,6ea93d118adad611a6aa9cc35f647346,1,0,147.816,37088,36752,36752,167,1,77,645,37116,111180,23,0
GUI-Owl-8B,agent,Mind2Web--34ccd15a8ea8fd3895af83f5ccf62369,us.megabus.com,816f0a17c5c45451ddbd2e4f974cb132,1,0,422.338,213,101,101,36,3,9,124,217,642,4,0
GUI-Owl-8B,agent,Mind2Web--c698ff3fc0f6cbce39947c597ab5749b_121425,www.eventbrite.com,3875ce24ab580148ff8a9ac3c7db8731,1,0,447.134,240,174,174,41,1,1,151,282,698,6,0
GUI-Owl-8B,agent,Mind2Web--0b51b4fa0295ae80ccd176ebdad6fff6,www.carmax.com,b64bbb2e309f82a78a889688404207a5,0,0,85.361,11,7,7,1,1,1,9,7,33,0,0
GUI-Owl-8B,agent,Mind2Web--c698ff3fc0f6cbce39947c597ab5749b_121425,www.eventbrite.com,0b29145bef979d76c2647fda982ac65d,1,0,325.6,240,174,174,41,1,1,151,282,698,6,0
GUI-Owl-8B,agent,Mind2Web--d71be72aa25c3eab8eea47a0e60382e2,www.apple.com,4f7ab5e510cc405b9778f612aaf867d7,1,0,206.805,60,8,8,3,1,2,59,60,182,0,0
GUI-Owl-8B,agent,Mind2Web--d71be72aa25c3eab8eea47a0e60382e2,www.apple.com,2e659c3bf0db4a4687008f76d87b96e9,0,0,387.199,59,4,4,2,1,1,59,61,179,1,0
GUI-Owl-8B,agent,Mind2Web--95cad96f2e43f3c0d8efad1331c77c8c,www.rottentomatoes.com,f15a6fbc31353cdec9b10af88e22c1cd,0,0,61.179,54,31,31,10,1,1,22,53,162,0,0
GUI-Owl-8B,agent,Mind2Web--0b51b4fa0295ae80ccd176ebdad6fff6,www.carmax.com,6ed26589a83eafd53dd5808e4082777b,0,0,64.075,10,6,6,1,1,1,8,7,30,0,0
GUI-Owl-8B,agent,Mind2Web--3f312ae3efc3c3e90ababe050dd4e7ae,www.nfl.com,93b1b4f5a1e7cc7a26f18852440334d1,0,0,500.241,3641,3489,3489,374,1,236,2728,4107,10901,28,0
GUI-Owl-8B,agent,Mind2Web--3f312ae3efc3c3e90ababe050dd4e7ae,www.nfl.com,e24ceb96b45e5a7ad75eb494c375618d,0,0,500.306,4097,3945,3945,378,1,237,2939,4590,12268,29,0
GUI-Owl-8B,agent,Mind2Web--b64f938af842f6a1b4489d0e49a785a7_121125,www.target.com,410f874e75b706936333a61d242df14a,1,0,49.326,646,459,459,35,3,7,218,687,1932,0,0
GUI-Owl-8B,agent,Mind2Web--95cad96f2e43f3c0d8efad1331c77c8c,www.rottentomatoes.com,a6ff4bbe6ce50d67b6763c216485c352,0,0,500.254,543,452,452,85,1,35,242,566,1639,8,0
GUI-Owl-8B,agent,Mind2Web--bf3b311cc8dce16d3de844f4b5875dfd,www.apple.com,0d89a5dbc2ca0ff1be716d863e24d322,0,0,350.318,55,3,3,2,1,1,55,56,167,0,0
GUI-Owl-8B,agent,Mind2Web--bf3b311cc8dce16d3de844f4b5875dfd,www.apple.com,e05d4310f1260043e9deb32507071393,0,0,337.179,55,3,3,2,1,1,55,56,167,0,0
GUI-Owl-8B,agent,Mind2Web--f27c0a7b8b0bb33d37698dff227fc8d7,www.kbb.com,45db2c14ed9e82f875ab0f7783d3007b,0,0,44.824,6,5,5,1,1,1,4,4,18,0,0
GUI-Owl-8B,agent,Mind2Web--f27c0a7b8b0bb33d37698dff227fc8d7,www.kbb.com,4687fc95fb86eb102b88374bb4ed232b,1,0,37.824,7,5,5,1,2,1,5,4,21,0,0
GUI-Owl-8B,agent,Mind2Web--8fdec8eeffd3491e6526cc78c028120b,www.carmax.com,3dc39713fecff02310cb502eb14086bb,0,0,47.524,9,5,5,1,1,1,7,7,27,0,0
GUI-Owl-8B,agent,Mind2Web--8fdec8eeffd3491e6526cc78c028120b,www.carmax.com,e467277d85e46c730094c1ee468d5039,0,0,6.931,4,0,0,0,0,0,3,3,12,0,0
GUI-Owl-8B,agent,Mind2Web--7b182a5087347d494b48a29dbc0f1d3e,www.adoptapet.com,964e6e2e8fe3b8fb019506fbfa43fd69,1,0,57.216,8,6,6,1,3,1,5,4,24,0,0
GUI-Owl-8B,agent,Mind2Web--7b182a5087347d494b48a29dbc0f1d3e,www.adoptapet.com,a1542803fd56e5dc712f72a8301d5253,0,0,108.031,6,5,5,1,1,1,4,4,18,0,0
GUI-Owl-8B,agent,Mind2Web--b64f938af842f6a1b4489d0e49a785a7_121125,www.target.com,80b2c7e109f1b4d4e2a3a77626c082fb,0,0,500.224,617,422,422,40,3,9,234,678,1837,0,0
GUI-Owl-8B,agent,Mind2Web--5e1b8254c123c80178cc28e0afdb14f0_110325,ticketmaster.com,7626c97d982597062527b3c059e1c57f,0,0,500.225,400,374,374,58,1,11,112,460,1211,15,0
GUI-Owl-8B,agent,Mind2Web--5e1b8254c123c80178cc28e0afdb14f0_110325,ticketmaster.com,44e225c5a9287ddb8e585185f146a53b,1,0,352.541,414,379,379,59,1,11,118,474,1253,15,0
GUI-Owl-8B,agent,Mind2Web--608c595eec271fa5dc03506923519994,www.fedex.com,6cf03e19d52c59f60f32578cd4d205b0,0,0,69.759,10,6,6,1,1,1,8,7,30,0,0
GUI-Owl-8B,agent,Mind2Web--828c2d98616a9478d5864d847d5a1b28,www.justice.gov,68b8c8793b0c11cc33a87dfb09d772b7,0,0,500.193,805,665,665,21,11,4,547,1061,2604,118,0
GUI-Owl-8B,agent,Mind2Web--828c2d98616a9478d5864d847d5a1b28,www.justice.gov,6d5720e1f6651a9f1e53894b4c4b917f,0,0,500.242,359,290,290,20,3,3,169,450,1155,40,0
GUI-Owl-8B,agent,Mind2Web--608c595eec271fa5dc03506923519994,www.fedex.com,4a66330ef3e1b7e0868e16652be9b18b,0,0,125.207,14,10,10,1,1,1,12,9,42,0,0
GUI-Owl-8B,agent,Mind2Web--cfafe3771369d1d261e9f7ecd44c296d,www.cars.com,78f4311faeba885d2803328e15388722,0,0,121.814,27,23,23,1,1,1,3,23,85,0,0
GUI-Owl-8B,agent,Mind2Web--bbbc243b4f18a7a897f0bc84e11d293f,www.nba.com,f04809db9a02624ffe0e903a326a9325,0,0,104.848,5,5,5,1,0,1,4,4,15,0,0
GUI-Owl-8B,agent,Mind2Web--bbbc243b4f18a7a897f0bc84e11d293f,www.nba.com,53e66f78b552e81c5ae3c3abbdda62f0,0,0,63.93,6,6,6,1,0,1,5,4,18,0,0
GUI-Owl-8B,agent,Mind2Web--816851ff92ff0219acf4364dcc2c4692_110325,www.jcpenney.com,e1d2d45c3414a1e089e4b1e4589cd39d,1,0,17.558,7,5,5,1,2,1,5,4,21,0,0
GUI-Owl-8B,agent,Mind2Web--816851ff92ff0219acf4364dcc2c4692_110325,www.jcpenney.com,a1fc46f413f277cf8b8bc1a4278df5cf,1,0,49.028,13,11,11,1,3,1,11,8,39,0,0
GUI-Owl-8B,agent,Mind2Web--a7a73c8fa75441fc76df9746c327bdd6,www.thumbtack.com,d2c04e12eef6481dc161041136d054d6,0,0,500.163,162,123,123,32,1,3,104,172,483,9,0
GUI-Owl-8B,agent,Mind2Web--a7a73c8fa75441fc76df9746c327bdd6,www.thumbtack.com,6f519190b2b0e0b57fea3b1cf4a48d2b,0,0,500.131,161,122,122,32,1,3,102,171,480,9,0
GUI-Owl-8B,agent,Mind2Web--e7301bb694871429bf2eb36c3a72186c_110325,www.jcpenney.com,9c18b54cbb993b7bc3e8f901febbd489,0,0,6.972,1,0,0,0,0,0,0,0,3,0,0
GUI-Owl-8B,agent,Mind2Web--e7301bb694871429bf2eb36c3a72186c_110325,www.jcpenney.com,9ca27b452c0542c1094ab8668c0c764a,0,0,6.525,1,0,0,0,0,0,0,0,3,0,0
GUI-Owl-8B,agent,Mind2Web--905cb53061c33aa2d77e485fe1fca516,www.healthgrades.com,058c5f23d0f82205dd3d75519a5d92d6,0,0,7.918,4,3,3,1,0,0,0,3,12,0,0
GUI-Owl-8B,agent,Mind2Web--905cb53061c33aa2d77e485fe1fca516,www.healthgrades.com,7659962de269302189846b0e435a895a,0,0,54.971,10,9,9,2,1,1,5,7,30,0,0
GUI-Owl-8B,agent,Mind2Web--cfafe3771369d1d261e9f7ecd44c296d,www.cars.com,3cbca221740afd4fb1dbeb810fd09183,1,0,148.93,53,45,45,1,3,1,7,48,168,0,0
GUI-Owl-8B,agent,Mind2Web--fcf4952d2a1d80ea505c555c3c3b54e7,www.cars.com,877217bfed8b5d08c213eda93260ad0e,1,0,182.407,53,45,45,1,3,1,7,48,168,0,0
GUI-Owl-8B,agent,Mind2Web--8244409b2c82043f966cad05f9afe132,doctor.webmd.com,85dd9484213f51775aaee15ece9c7237,1,0,394.001,361,339,339,118,3,59,257,397,1080,9,0
GUI-Owl-8B,agent,Mind2Web--8244409b2c82043f966cad05f9afe132,doctor.webmd.com,dfd44b403c062191428a66c72985586d,0,0,500.25,366,345,345,117,3,59,260,402,1095,9,0
GUI-Owl-8B,agent,Mind2Web--26a0e5c21c145dd8448aa92f35bec5ea,www.healthgrades.com,d0fd747b77f2628679afd2eeb3111860,0,0,59.135,11,10,10,2,1,1,6,7,33,0,0
GUI-Owl-8B,agent,Mind2Web--26a0e5c21c145dd8448aa92f35bec5ea,www.healthgrades.com,4717d1f21860266891c649d36c7f2fac,0,0,53.259,10,9,9,2,1,1,5,7,30,0,0
GUI-Owl-8B,agent,Mind2Web--fcf4952d2a1d80ea505c555c3c3b54e7,www.cars.com,4da6301871d316ec566a8e4471260a75,0,0,119.302,27,23,23,1,1,1,3,23,85,0,0
GUI-Owl-8B,agent,Mind2Web--070c907d34a4ce71dfdbea38f9c5d4d8,www.healthgrades.com,16128174e31baae7f1861773347af38f,0,0,53.482,9,8,8,2,1,1,4,7,27,0,0
GUI-Owl-8B,agent,Mind2Web--43a1ca251f11c6b0bdd0379766cc49e6,www.healthgrades.com,13e4d759e0a020dc8f74b2ebac48b2dd,0,0,50.86,9,8,8,2,1,1,4,7,27,0,0
GUI-Owl-8B,agent,Mind2Web--070c907d34a4ce71dfdbea38f9c5d4d8,www.healthgrades.com,c112acdc5fe361bcb4353534077ab087,0,0,102.319,14,13,13,2,1,1,9,9,42,0,0
GUI-Owl-8B,agent,Mind2Web--43a1ca251f11c6b0bdd0379766cc49e6,www.healthgrades.com,1c00506c71e07d15def5a4ee6de9ce7c,0,0,53.784,11,10,10,2,1,1,6,7,33,0,0
GUI-Owl-8B,agent,Mind2Web--b3f8bd9198d9d157e0848109563c4b23,ohiomeansjobs.ohio.gov,c2f42dcb332c0f2c79abafff34bbab8b,1,0,67.375,46,39,39,15,1,3,23,60,141,4,0
GUI-Owl-8B,agent,Mind2Web--b3f8bd9198d9d157e0848109563c4b23,ohiomeansjobs.ohio.gov,511becff7fc1369cfb8d7f44c3ef750e,1,0,220.965,48,41,41,15,1,3,25,60,147,4,0
GUI-Owl-8B,agent,Mind2Web--3c1ffc3f494e423b3c434c79e35da8f3_110325,www.fandom.com,98dc8825a5d24292f17fa8912d4c9dc3,0,0,500.122,280,235,235,67,1,19,128,346,887,29,0
GUI-Owl-8B,agent,Mind2Web--db1ffb5e60578597d1c3aa3c389ac7b1,www.google.com,87951edb79d9c569ce58e4e11b8352c3,1,0,177.488,167,94,94,8,1,1,78,235,498,0,0
GUI-Owl-8B,agent,Mind2Web--3c1ffc3f494e423b3c434c79e35da8f3_110325,www.fandom.com,a1a6a5192b6f57bc6d5b860584508276,1,0,394.12,288,240,240,68,1,19,133,354,911,31,0
GUI-Owl-8B,agent,Mind2Web--db1ffb5e60578597d1c3aa3c389ac7b1,www.google.com,2c536ee4149c26ad2bb1d97e7fae9fd6,1,0,247.355,496,270,270,8,4,1,240,714,1483,0,0
GUI-Owl-8B,agent,Mind2Web--7be8cd8dba885cddd9af5320f49bc41b,www.bbb.org,307735921d0f95b9b2ef38876f14ee68,1,0,76.398,37,30,30,6,1,2,11,30,110,0,0
GUI-Owl-8B,agent,Mind2Web--7be8cd8dba885cddd9af5320f49bc41b,www.bbb.org,0747aa93f278a3c4dc9728556071bfbb,1,0,115.172,43,36,36,6,1,2,16,35,128,0,0
GUI-Owl-8B,agent,Mind2Web--20a460a8fe1971b84411c5b1e6ac4186,www.stubhub.com,a384331a32c4c797a9502565ca92ab66,1,0,443.22,171,147,147,19,1,1,54,193,506,2,0
GUI-Owl-8B,agent,Mind2Web--20a460a8fe1971b84411c5b1e6ac4186,www.stubhub.com,d912a867b14ac38a1eba5684fc8a10b8,1,0,413.112,172,150,150,19,1,1,51,191,509,2,0
GUI-Owl-8B,agent,Mind2Web--239a29bde438fe44fe17fe1390ef1634,www.healthline.com,e64b7ee3e7b29ebe8e19080e01ecd80c,1,0,412.632,286,236,236,68,1,13,147,296,833,9,0
GUI-Owl-8B,agent,Mind2Web--75146b7b67388b9244e0f21a1527c022,www.adoptapet.com,62af8f12ab92a06be4db72ab9e4a354d,1,0,59.542,7,5,5,1,2,1,4,4,21,0,0
GUI-Owl-8B,agent,Mind2Web--75146b7b67388b9244e0f21a1527c022,www.adoptapet.com,735a337d9e7e355b133b4676312c103c,0,0,47.322,6,5,5,1,1,1,4,4,18,0,0
GUI-Owl-8B,agent,Mind2Web--59b7b990b4828bc305ab0d7ed6071b55,www.landwatch.com,0a96d49a19d6e306cc5ca3b8ae9d16d5,0,0,1.349,0,0,0,0,0,0,0,0,0,0,0
GUI-Owl-8B,agent,Mind2Web--59b7b990b4828bc305ab0d7ed6071b55,www.landwatch.com,31333447d6f02897e5ab62bc9d8885fe,0,0,70.564,6,5,5,1,1,1,4,4,18,0,0
GUI-Owl-8B,agent,Mind2Web--9c97bab9c2abfb90a426cbe9addae8d0_110325,www.michaels.com,40d0df730ea3c2ae8afec971aa5980f4,0,0,7.043,1,0,0,0,0,0,0,0,3,0,0
GUI-Owl-8B,agent,Mind2Web--9c97bab9c2abfb90a426cbe9addae8d0_110325,www.michaels.com,2665447e83677930bab0211cb6dfd934,0,0,7.032,1,0,0,0,0,0,0,0,3,0,0
GUI-Owl-8B,agent,Mind2Web--871e7771cecb989972f138ecc373107b,www.theweathernetwork.com,753f28b10bd821f2556845550f2b8b0b,1,0,1.663,3,0,0,0,0,0,3,0,9,0,0
GUI-Owl-8B,agent,Mind2Web--239a29bde438fe44fe17fe1390ef1634,www.healthline.com,a38fd6555e6d94f51f01133b67ede863,1,0,411.242,275,226,226,63,1,10,136,283,800,9,0
GUI-Owl-8B,agent,Mind2Web--b69eb4de621e9e265676daac44938f3f,www.adoptapet.com,8441b0c30cc1330056b6e11fa16ffac0,0,0,70.352,6,5,5,1,1,1,4,4,18,0,0
GUI-Owl-8B,agent,Mind2Web--b69eb4de621e9e265676daac44938f3f,www.adoptapet.com,9146f0b5282a53e630ee85bc9f441dd3,0,0,72.632,6,5,5,1,1,1,4,4,18,0,0
GUI-Owl-8B,agent,Mind2Web--9f1cba613830ca1c6a58f9498c06e679_110325,www.remax.com,4e31275674e5b8891d6cdf578b33f10e,0,0,500.307,2312,2214,2214,324,4,198,2178,2472,6897,27,0
GUI-Owl-8B,agent,Mind2Web--9f1cba613830ca1c6a58f9498c06e679_110325,www.remax.com,29afd21efd33b622d0376352627d18b9,0,0,500.301,1865,1766,1766,315,4,190,1662,1960,5551,27,0
GUI-Owl-8B,agent,Mind2Web--8ae510355d978424f490798f900bfa2c,www.student.com,619fc35e9985a1436e5d6d825d883ab4,1,0,214.896,600,488,488,44,3,6,442,741,1852,8,0
GUI-Owl-8B,agent,Mind2Web--871e7771cecb989972f138ecc373107b,www.theweathernetwork.com,0979f78f8a9bae957f8bb7672b6bf3bf,0,0,500.287,1455,1402,1402,245,1,142,1101,1601,4420,14,0
GUI-Owl-8B,agent,Mind2Web--9bb63ad0e38d5691a618932a8b31c05a,www.google.com,dfb4a22862ab4986824672ca7c9d29f4,1,0,285.126,186,105,105,8,1,1,86,262,553,0,0
GUI-Owl-8B,agent,Mind2Web--4c186c6ed888d0c8d4cf4adb39443080,www.nba.com,fe44da3b22c246b5873222d87a2ceeef,0,0,64.465,6,6,6,1,0,1,5,4,18,0,0
GUI-Owl-8B,agent,Mind2Web--9bb63ad0e38d5691a618932a8b31c05a,www.google.com,903712201bd0f471b85fc47034ca2786,1,0,249.592,172,100,100,8,1,1,77,239,513,0,0
GUI-Owl-8B,agent,Mind2Web--8ae510355d978424f490798f900bfa2c,www.student.com,924d91ada0eadd37126a8252f7908907,1,0,439.314,319,263,263,43,1,5,228,398,996,3,0
GUI-Owl-8B,agent,Mind2Web--4c186c6ed888d0c8d4cf4adb39443080,www.nba.com,e7e19ef8b66f2f08c1d2dde863247c6f,0,0,112.298,9,9,9,1,0,1,8,4,27,0,0
GUI-Owl-8B,agent,Mind2Web--2fc51dd3febd447f0fdcdabca8d944ce_110325,www.publicstorage.com,94519c51a9e03d4dd700f900413092f9,1,0,404.626,173,126,126,35,1,4,101,207,523,7,0
GUI-Owl-8B,agent,Mind2Web--87f4c5128e36cdb9366a138a7b61bb00,www.bestbuy.com,e42315456e9deade6d2665018d8d692f,0,0,134.422,108,47,47,3,1,1,67,103,324,0,0
GUI-Owl-8B,agent,Mind2Web--2fc51dd3febd447f0fdcdabca8d944ce_110325,www.publicstorage.com,ec1d02589d42f7d438707bea6ca3d483,1,0,418.28,175,128,128,35,1,4,105,210,532,8,0
GUI-Owl-8B,agent,Mind2Web--354b4ddf048815f8fd4163d0d7e1aaa3,ohiomeansjobs.ohio.gov,80513b55e55227e48973b9ebeb2a448a,1,0,26.186,42,35,35,14,1,2,20,57,129,4,0
GUI-Owl-8B,agent,Mind2Web--354b4ddf048815f8fd4163d0d7e1aaa3,ohiomeansjobs.ohio.gov,1038de19df530d2ab5396a6f3caafe5d,1,0,133.984,198,156,156,15,10,3,151,248,606,16,0
GUI-Owl-8B,agent,Mind2Web--e4e097222d13a2560db6f6892612dab6,www.adoptapet.com,522b145bc8de8abba979ec0dbe39e316,0,0,11.431,1,0,0,0,0,0,0,0,3,0,0
GUI-Owl-8B,agent,Mind2Web--e4e097222d13a2560db6f6892612dab6,www.adoptapet.com,00d11067d75623c0e30bd9d75dd1a53a,0,0,11.377,1,0,0,0,0,0,0,0,3,0,0
GUI-Owl-8B,agent,Mind2Web--eb323dc584156d0eb3a2b90bb8c4b791_110325,www.compass.com,6585fdd6ff2dbf6a0946983b32553552,1,0,456.006,268,135,135,23,3,3,169,279,804,8,0
GUI-Owl-8B,agent,Mind2Web--eb323dc584156d0eb3a2b90bb8c4b791_110325,www.compass.com,b437b8d1c609e7f6fe4c35ea036c8e11,1,0,470.786,658,328,328,23,9,2,413,683,1969,19,0
GUI-Owl-8B,agent,Mind2Web--87f4c5128e36cdb9366a138a7b61bb00,www.bestbuy.com,3d40ed687dbc058f6f8740d17da22870,1,0,189.274,128,46,46,4,1,1,85,126,384,0,0
GUI-Owl-8B,agent,Mind2Web--8ea6c3a2ea3f59150619935261a76d19,www.fedex.com,79a749252170cbdb15057dc1bd973d2b,1,0,210.674,24,16,16,1,3,1,22,14,72,0,0
GUI-Owl-8B,agent,Mind2Web--8ea6c3a2ea3f59150619935261a76d19,www.fedex.com,06a59641c2591dece1747cac5f197f78,0,0,51.695,4,0,0,0,0,0,3,3,12,0,0
GUI-Owl-8B,agent,Mind2Web--c1d6ea6f2196d25782cc3646ff3090db,www.google.com,341f24cdbff968cd7d6c5b8280bcf3ed,1,0,148.982,329,184,184,8,2,1,152,468,981,0,0
GUI-Owl-8B,agent,Mind2Web--2dd41b1d0e8f389d0683f4a4627abfe6,www.landwatch.com,495f05604c0941e4a422636bc063ac08,0,0,39.478,6,5,5,1,1,1,4,4,18,0,0
GUI-Owl-8B,agent,Mind2Web--2dd41b1d0e8f389d0683f4a4627abfe6,www.landwatch.com,36347a3055dca04d0125e76d274a6c22,0,0,97.192,8,7,7,1,1,1,6,4,24,0,0
GUI-Owl-8B,agent,Mind2Web--f389398d2eeb29e5571e00439c57eb76,www.theweathernetwork.com,efc7f2f7e14a82fcf32a45efd2f301cc,0,0,500.265,1422,1368,1368,233,1,134,994,1573,4322,15,0
GUI-Owl-8B,agent,Mind2Web--f2097f92a10d42a842c14179f422311e,www.bestbuy.com,760cd9b0be8367d6c78daa64de744e7c,1,0,192.971,125,47,47,4,1,1,82,122,375,0,0
GUI-Owl-8B,agent,Mind2Web--f2097f92a10d42a842c14179f422311e,www.bestbuy.com,3739a7fc5756d85f0c668ef7d2674bf5,1,0,143.738,127,49,49,4,1,1,84,122,381,0,0
GUI-Owl-8B,agent,Mind2Web--f389398d2eeb29e5571e00439c57eb76,www.theweathernetwork.com,010d407ab290700e420b89f080fa1cad,0,0,500.182,1477,1423,1423,235,1,134,996,1633,4490,15,0
GUI-Owl-8B,agent,Mind2Web--853afd530c72f4b00ffc32ae854efaf8,www.accuweather.com,89c5c1e03eaf5f53ab6247c46554d7b0,0,0,141.123,8,8,8,1,0,1,7,4,24,0,0
GUI-Owl-8B,agent,Mind2Web--853afd530c72f4b00ffc32ae854efaf8,www.accuweather.com,a6430668105d269805f1c723d210e893,0,0,130.865,8,8,8,1,0,1,7,4,24,0,0
GUI-Owl-8B,agent,Mind2Web--c1d6ea6f2196d25782cc3646ff3090db,www.google.com,ddfc323e4b2ae03973eeccfc65586aed,0,0,500.154,1174,649,649,8,12,1,568,1680,3502,0,0
GUI-Owl-8B,agent,Mind2Web--85b284c18d7e78c9b5a9e074e7aa3b98,www.student.com,955986585214865b3eb67425f02ba5f2,1,0,412.19,320,269,269,43,1,5,222,392,1000,3,0
GUI-Owl-8B,agent,Mind2Web--4c572a627b53b0f9a734ab37f21819b8,craigslist.org,e36f0803411c8360dac73eba9b00ae5e,1,0,79.031,12,5,5,1,1,1,7,7,36,0,0
GUI-Owl-8B,agent,Mind2Web--85b284c18d7e78c9b5a9e074e7aa3b98,www.student.com,db4df0289f5af13ba3d089652518e04f,1,0,401.547,330,267,267,44,1,6,244,400,1010,4,0
GUI-Owl-8B,agent,Mind2Web--c09721cc937d4dcfb391a0bc2c574b28,www.recreation.gov,8ca4a42bb1fd239db17a0fbfbb9da95d,0,0,500.213,130,87,87,18,1,1,41,132,362,4,0
GUI-Owl-8B,agent,Mind2Web--c09721cc937d4dcfb391a0bc2c574b28,www.recreation.gov,c416068fbce3bbae2a112ac6da1d7669,0,0,500.217,129,85,85,18,1,1,42,131,363,3,0
GUI-Owl-8B,agent,Mind2Web--4c572a627b53b0f9a734ab37f21819b8,craigslist.org,c9906abdebe2ab8be2705350448392f9,0,0,2.757,0,0,0,0,0,0,0,0,0,0,0
GUI-Owl-8B,agent,Mind2Web--301f267f421b93045874726183e8f722,www.healthline.com,306fe0e8d7af976dbe8ae9c6d2bdf046,1,0,294.44,510,415,415,67,3,12,283,519,1492,20,0
GUI-Owl-8B,agent,Mind2Web--301f267f421b93045874726183e8f722,www.healthline.com,5e1eb04497ea18996e5d97cedf061b85,0,0,500.192,281,232,232,67,1,12,126,287,816,9,0
GUI-Owl-8B,agent,Mind2Web--4f903626f632586fe4728d6664947bab,www.justice.gov,95a6a5e692f35c73e2a56092d197c9eb,0,0,500.231,674,543,543,21,9,4,430,885,2174,96,0
GUI-Owl-8B,agent,Mind2Web--4f903626f632586fe4728d6664947bab,www.justice.gov,3959b7a641d1273e0b5f16b11a700788,0,0,500.126,442,373,373,21,7,4,244,565,1428,61,0
GUI-Owl-8B,agent,Mind2Web--3ec0f6138d37fadcb989347a6088ec45,www.bbb.org,f160a6de40b090b842a600b70d07888b,1,0,197.108,38,31,31,6,1,2,11,33,113,0,0
GUI-Owl-8B,agent,Mind2Web--3ec0f6138d37fadcb989347a6088ec45,www.bbb.org,8e69aa332e7beb1c8c120e37bd9e5ddb,1,0,34.007,32,25,25,5,1,1,7,26,95,0,0
GUI-Owl-8B,agent,Mind2Web--9c04b71bb8db6cf8e743b2290cbc8797,www.ups.com,2e99285ea290b0f1be67a6978f11c16b,0,0,52.115,5,5,5,1,0,1,4,4,15,0,0
GUI-Owl-8B,agent,Mind2Web--4e0f5561a76478da87995dee00b09572,www.accuweather.com,9010147a9590467fc666f30e90b590d8,0,0,71.48,6,6,6,1,0,1,5,4,18,0,0
GUI-Owl-8B,agent,Mind2Web--9c04b71bb8db6cf8e743b2290cbc8797,www.ups.com,ef8268b8389cd3979efa25968fe563e6,0,0,114.206,6,6,6,1,0,1,5,4,18,0,0
GUI-Owl-8B,agent,Mind2Web--4e0f5561a76478da87995dee00b09572,www.accuweather.com,d39e7fcfbace9a1fc1de2974ae512d68,0,0,76.264,6,6,6,1,0,1,5,4,18,0,0
GUI-Owl-8B,agent,Mind2Web--7562d9b4e4829a44245aafce2e1f62db,www.usps.com,f3f16654cf247ee98714f7d6a12444c5,0,0,66.365,5,5,5,1,0,1,4,4,15,0,0
GUI-Owl-8B,agent,Mind2Web--7562d9b4e4829a44245aafce2e1f62db,www.usps.com,63b81d3f009a758cd7b9ea4475bf0711,0,0,16.03,0,0,0,0,0,0,0,0,0,0,0
GUI-Owl-8B,agent,Mind2Web--2207bb4f21786690cfed20b37253fb8b,www.theweathernetwork.com,6c3315ab3cda02332c74e3688b6a02ec,0,0,500.168,1416,1363,1363,231,1,135,987,1572,4304,15,0
GUI-Owl-8B,agent,Mind2Web--2207bb4f21786690cfed20b37253fb8b,www.theweathernetwork.com,f2ddd35416a819af95ecfd2c1feeb83c,0,0,500.277,1528,1475,1475,246,1,136,1128,1684,4634,13,0
GUI-Owl-8B,agent,Mind2Web--bd1e3770b7181f6fce9c35e18caa9785,craigslist.org,cc8b4629ed3546fa9f81392c7c746584,1,0,348.627,9,0,0,0,0,0,5,5,27,0,0
GUI-Owl-8B,agent,Mind2Web--bd1e3770b7181f6fce9c35e18caa9785,craigslist.org,0528cd1ee9f6e2ce57b44d6a3fb056fd,1,0,341.423,9,0,0,0,0,0,5,5,27,0,0
GUI-Owl-8B,agent,Mind2Web--330cd04c773ac498f51afa4665461ec8,craigslist.org,aff05907b8b7176aecd213d72bcc2e0b,1,0,316.751,9,0,0,0,0,0,5,5,27,0,0
GUI-Owl-8B,agent,Mind2Web--330cd04c773ac498f51afa4665461ec8,craigslist.org,7d4f669dfdf1b8be7968891bffae7b7d,1,0,324.364,9,0,0,0,0,0,5,5,27,0,0
GUI-Owl-8B,agent,Mind2Web--ec78d3a635e417bc2a80d03ca93d7165,www.gov.uk,e92480ca8723210beb61404a7dbcc21e,0,0,320.561,16,0,0,0,0,0,0,13,48,0,0
GUI-Owl-8B,agent,Mind2Web--ec78d3a635e417bc2a80d03ca93d7165,www.gov.uk,d9fd0dd1717e31f0042537ace3434f1a,0,0,347.982,16,0,0,0,0,0,0,13,48,0,0
GUI-Owl-8B,agent,Mind2Web--a0a18ca6a3529f3e97c771aadd42d3a0_110325,www.jcpenney.com,34275ac6fa5cf2fef97067ab9ac664bf,0,0,73.258,7,6,6,1,1,1,5,4,21,0,0
GUI-Owl-8B,agent,Mind2Web--a0a18ca6a3529f3e97c771aadd42d3a0_110325,www.jcpenney.com,608fc55c921f57799a2c85887ac2726c,1,0,26.96,7,5,5,1,2,1,5,4,21,0,0
GUI-Owl-8B,agent,Mind2Web--82eb3bfedd78456a0230b389f4e7a938,coinmarketcap.com,8bc8594cdc6f262fcb9fdc0037770445,1,0,395.981,779,127,127,14,3,4,289,781,2297,0,0
GUI-Owl-8B,agent,Mind2Web--82eb3bfedd78456a0230b389f4e7a938,coinmarketcap.com,0241a275339a586120b6b4aba0babe69,1,0,341.444,412,62,62,12,1,3,123,415,1198,0,0
GUI-Owl-8B,agent,Mind2Web--e7f6cca9a8875f98fee3b711ead3a444_110325,www.tumblr.com,fbbc0f3fc6dc6ea3ca5911230b62346b,0,0,500.298,1136,1109,1109,238,1,160,1072,1163,3414,0,0
GUI-Owl-8B,agent,Mind2Web--e7f6cca9a8875f98fee3b711ead3a444_110325,www.tumblr.com,ea053f25d2425136f9278c90dfdcd8a4,1,0,452.377,1479,1454,1454,254,1,179,1458,1523,4443,0,0
GUI-Owl-8B,agent,Mind2Web--75a1b5dcd2c28508a971d98d51fe5767,www.allrecipes.com,05153ec7bdcd69d24141613032f4a054,1,0,110.441,583,528,528,121,1,58,334,632,1761,10,0
GUI-Owl-8B,agent,Mind2Web--05483c50cc9b04c8ac44c574758fb2bd,www.bbb.org,fdd6b64c793c95b84ccf38638f5bc334,1,0,241.877,42,35,35,6,1,2,16,30,125,0,0
GUI-Owl-8B,agent,Mind2Web--75a1b5dcd2c28508a971d98d51fe5767,www.allrecipes.com,2c80706b1ccc04879eed2d43cd3166f3,0,0,500.275,841,755,755,183,1,110,625,862,2553,18,0
GUI-Owl-8B,agent,Mind2Web--a172a5d9ffaf5ef02bd550ec4fe24e6d,www.drugs.com,7bdea087a066626b752a7e74ded6716f,0,0,34.18,6,5,5,1,1,1,4,4,18,0,0
GUI-Owl-8B,agent,Mind2Web--a172a5d9ffaf5ef02bd550ec4fe24e6d,www.drugs.com,44849b530a22702afdc93b697bf510a2,1,0,114.307,14,12,12,1,3,1,11,8,42,0,0
GUI-Owl-8B,agent,Mind2Web--c03ee2be3d73556ab789c0ad1cbd3451,www.akc.org,e607f6cefa6707ce19b125e1e5610a96,1,0,174.147,462,165,165,36,5,15,266,462,1396,0,0
GUI-Owl-8B,agent,Mind2Web--7e1047f4803237f319c004f7a7f6bccb_121125,www.bestbuy.com,7d5e5c9dba2bac4c3b3e22593f0682fe,1,0,198.372,134,52,52,4,1,1,91,126,402,0,0
GUI-Owl-8B,agent,Mind2Web--c03ee2be3d73556ab789c0ad1cbd3451,www.akc.org,6abe8111910b7e14177b690dab9a6870,1,0,348.166,473,171,171,37,5,16,268,476,1431,0,0
GUI-Owl-8B,agent,Mind2Web--05483c50cc9b04c8ac44c574758fb2bd,www.bbb.org,efbe69c702c41c822617def3ea3922c9,0,0,500.196,41,34,34,6,1,2,15,32,122,0,0
GUI-Owl-8B,agent,Mind2Web--e24662008c3be5d56f986f232fcec447,www.google.com,671c6e8125a2aa10995fc3556e006601,1,0,205.537,263,72,72,11,0,0,200,330,1121,1,0
GUI-Owl-8B,agent,Mind2Web--7e1047f4803237f319c004f7a7f6bccb_121125,www.bestbuy.com,7ce467a0f39f00a257ce8a24edf7be02,0,0,500.142,253,99,99,4,3,1,169,246,759,0,0
GUI-Owl-8B,agent,Mind2Web--f2be37a9a60fbc25b6b11cf622d17352_110325,www.akc.org,83e23c7d118989b8c25bc4835d7ef196,1,0,335.38,161,61,61,28,1,10,24,165,486,0,0
GUI-Owl-8B,agent,Mind2Web--f2be37a9a60fbc25b6b11cf622d17352_110325,www.akc.org,28f88da492afb1fd95829ebac71a5286,1,0,355.75,191,81,81,33,1,13,47,202,583,0,0
GUI-Owl-8B,agent,Mind2Web--e24662008c3be5d56f986f232fcec447,www.google.com,76c3dc19fc608b569273b51d27491bfa,0,0,500.129,590,72,72,11,0,0,527,723,2561,1,0
GUI-Owl-8B,agent,Mind2Web--0170ca95038b05fa58d463fe627ac605,www.gov.uk,f302ed9cce666e7e400c66535b7a9c42,0,0,327.463,16,0,0,0,0,0,0,13,48,0,0
GUI-Owl-8B,agent,Mind2Web--515f2e5811cfdd5e0e669e40f17886d8,www.bestbuy.com,11d656b2da42749f18e7167a8863f75b,1,0,202.521,126,48,48,4,1,1,83,122,378,0,0
GUI-Owl-8B,agent,Mind2Web--0170ca95038b05fa58d463fe627ac605,www.gov.uk,28c88fcbab03f4033b63903066335945,0,0,326.598,16,0,0,0,0,0,0,13,48,0,0
GUI-Owl-8B,agent,Mind2Web--b3a7da968de13bbdcaed12ffe4993df6,www.akc.org,aa1df46fec67acb69ebc25197a2de523,1,0,351.852,161,61,61,28,1,10,24,165,486,0,0
GUI-Owl-8B,agent,Mind2Web--b3a7da968de13bbdcaed12ffe4993df6,www.akc.org,83917e36a0bb20c50d80264d8267bfc1,1,0,396.311,168,68,68,33,1,13,25,173,508,0,0
GUI-Owl-8B,agent,Mind2Web--e4e19e04286f644d747d8c5a79d17fac,www.drugs.com,6373511c559b088ad6a555b56f883d8d,0,0,93.34,10,9,9,1,1,1,8,4,30,0,0
GUI-Owl-8B,agent,Mind2Web--e4e19e04286f644d747d8c5a79d17fac,www.drugs.com,5a5971b3b2c4425c25bdc21bb86a41b6,0,0,52.94,6,5,5,1,1,1,4,4,18,0,0
GUI-Owl-8B,agent,Mind2Web--cad62d2be0c53f08a416457486b3db23,www.adoptapet.com,d13c7829453cfe1c6639150acdc189d9,0,0,28.475,7,6,6,1,1,1,5,4,21,0,0
GUI-Owl-8B,agent,Mind2Web--cad62d2be0c53f08a416457486b3db23,www.adoptapet.com,120e3fe68f6fd651d8097cc3ad7db744,0,0,34.442,7,6,6,1,1,1,5,4,21,0,0
GUI-Owl-8B,agent,Mind2Web--515f2e5811cfdd5e0e669e40f17886d8,www.bestbuy.com,05647a65d2c87dc0ef65d43b9117b156,1,0,274.322,244,93,93,4,3,1,160,239,732,0,0
GUI-Owl-8B,agent,Mind2Web--9ef1a8972f375db59c0e6329e11b7939,www.landwatch.com,24bd647e92977a6c66cc7ca4cba70821,1,0,79.978,7,5,5,1,2,1,4,4,21,0,0
GUI-Owl-8B,agent,Mind2Web--9ef1a8972f375db59c0e6329e11b7939,www.landwatch.com,f8148ef104b3f9c2fc92889eaaaf8c1b,0,0,104.681,6,5,5,1,1,1,4,4,18,0,0
GUI-Owl-8B,agent,Mind2Web--4d3157aab34b54e5f0c4b965dfe930f3,www.babycenter.com,f5beba46d99a52ef5f56f7a3af280d13,1,0,343.189,226,212,212,27,1,6,164,239,674,8,0
GUI-Owl-8B,agent,Mind2Web--4d3157aab34b54e5f0c4b965dfe930f3,www.babycenter.com,12cdbdf016bec5bda0f0e26180a3a8f0,0,0,500.2,225,212,212,27,1,6,163,238,671,8,0
GUI-Owl-8B,agent,Mind2Web--7fff82864f21ddeccf4104a220892824,www.google.com,a2dba200af5525237e79443d0e12935d,1,0,218.519,182,105,105,8,1,1,91,247,541,0,0
GUI-Owl-8B,agent,Mind2Web--a11ecdff735b51372d536c866011af6f,www.coursera.org,ae914dcd4c159071c1cac5e0a155eeb5,0,0,500.112,398,281,281,30,1,2,329,442,1113,11,0
GUI-Owl-8B,agent,Mind2Web--a11ecdff735b51372d536c866011af6f,www.coursera.org,10e9bc02eaf90584d43db82e349d5c23,0,0,500.119,273,194,194,28,1,2,141,279,812,11,0
GUI-Owl-8B,agent,Mind2Web--7fff82864f21ddeccf4104a220892824,www.google.com,9c9a4423e263c0218b6bb3de62ec34ee,1,0,158.752,116,98,98,8,1,1,25,127,347,0,0
GUI-Owl-8B,agent,Mind2Web--50d91eabde542906937ab4c5b6f8f23a_121425,www.babycenter.com,19488886acb0a93b38bc75209cab6710,0,0,500.2,225,212,212,27,1,6,163,238,671,8,0
GUI-Owl-8B,agent,Mind2Web--50d91eabde542906937ab4c5b6f8f23a_121425,www.babycenter.com,2b77944629b6d45a9a45681d8d8dcac5,1,0,362.043,225,211,211,26,1,6,164,237,671,8,0
GUI-Owl-8B,agent,Mind2Web--dcd26e662a616d373ddd339747c6ce5b,www.healthline.com,b6b8f6f0f4d619b73df2501d92486174,1,0,192.899,314,252,252,68,1,13,166,316,917,10,0
GUI-Owl-8B,agent,Mind2Web--c0fa2c0e622971955cabf5bcf7b777e8,www.apartments.com,6f34453c8a39721e81cd85418923986c,0,0,7.011,1,0,0,0,0,0,0,0,3,0,0
GUI-Owl-8B,agent,Mind2Web--c0fa2c0e622971955cabf5bcf7b777e8,www.apartments.com,ff97666ae046e7d3d2bf285620f82264,0,0,6.941,1,0,0,0,0,0,0,0,3,0,0
GUI-Owl-8B,agent,Mind2Web--ce616721ce9aeda69890fbccb29677a6,www.usps.com,68b7776ac4ff4b90c6b92bb7c7c01abf,0,0,11.851,0,0,0,0,0,0,0,0,0,0,0
GUI-Owl-8B,agent,Mind2Web--ce616721ce9aeda69890fbccb29677a6,www.usps.com,40da99c5da12afa79f58318c0a1b266d,0,0,13.349,0,0,0,0,0,0,0,0,0,0,0
GUI-Owl-8B,agent,Mind2Web--dcd26e662a616d373ddd339747c6ce5b,www.healthline.com,db14e5b1971b9e5094526efb9752e031,1,0,172.129,330,256,256,67,1,10,178,340,965,10,0
GUI-Owl-8B,agent,Mind2Web--eb2db4b769c145dbe6ba4f74f3e0de98,www.akc.org,f48cba7cb4bcc714dfbcd8b1a0fcbc7f,1,0,332.406,161,61,61,28,1,10,24,165,486,0,0
GUI-Owl-8B,agent,Mind2Web--eb2db4b769c145dbe6ba4f74f3e0de98,www.akc.org,f411938c2cac5878c107c682e6ef514f,1,0,325.545,163,62,62,29,1,10,25,167,492,0,0
GUI-Owl-8B,agent,Mind2Web--9d09bc948462db032bac98968b11b008,www.stubhub.com,d557c85083ba4d9145dfe9373f3baf85,1,0,404.388,166,142,142,19,1,1,53,186,491,2,0
GUI-Owl-8B,agent,Mind2Web--d7c955b47af68e01766fa86d0bee08a7,www.apartments.com,368400ae3d3f6ea1901402607d902ab8,0,0,127.653,8,7,7,1,1,1,6,4,24,0,0
GUI-Owl-8B,agent,Mind2Web--d7c955b47af68e01766fa86d0bee08a7,www.apartments.com,de717a73ae54cf5ec0647ad2a280b2db,0,0,74.757,6,5,5,1,1,1,4,4,18,0,0
GUI-Owl-8B,agent,Mind2Web--9d09bc948462db032bac98968b11b008,www.stubhub.com,6c49087bb97970f0b1d954509065cf4c,1,0,392.863,174,153,153,19,1,1,52,194,517,2,0
GUI-Owl-8B,agent,Mind2Web--29526b17a32485742b5ab63507e99417,www.drugs.com,a6c3cbe62990facea96552f247977300,0,0,101.719,7,6,6,1,1,1,5,4,21,0,0
GUI-Owl-8B,agent,Mind2Web--29526b17a32485742b5ab63507e99417,www.drugs.com,5867b6b00d7a239400cf918f6d365e1b,0,0,98.984,8,7,7,1,1,1,6,4,24,0,0
GUI-Owl-8B,agent,Mind2Web--9d090a15c214eb070d9caa8a034d03c1,www.student.com,899cc0bbb256aca2799256ff6553cd8e,1,0,407.049,294,245,245,43,1,5,210,362,912,3,0
GUI-Owl-8B,agent,Mind2Web--9d090a15c214eb070d9caa8a034d03c1,www.student.com,ac1c16f46da7cb4016e4706295a30a70,1,0,275.809,307,254,254,43,1,5,216,379,960,3,0
GUI-Owl-8B,agent,Mind2Web--5916018d1cad999881018cac1216a692,www.thumbtack.com,e266ef84eca795af8560726f50ea4487,0,0,500.2,173,129,129,32,1,3,112,183,516,9,0
GUI-Owl-8B,agent,Mind2Web--5916018d1cad999881018cac1216a692,www.thumbtack.com,e7a80a0ae1c6d1d788402b5049a1739b,0,0,500.224,161,122,122,32,1,3,104,171,480,9,0
GUI-Owl-8B,agent,Mind2Web--0059adc6b12a3822305deb68929b2de8,careers.walmart.com,be505cc1d313ce73a4abe6a986962390,1,0,373.065,72,30,30,6,1,2,47,104,216,4,0
GUI-Owl-8B,agent,Mind2Web--0059adc6b12a3822305deb68929b2de8,careers.walmart.com,463de2adbf85ecdd5fb95abd8ba7ad7c,1,0,383.342,72,30,30,6,1,2,47,104,216,4,0
GUI-Owl-8B,agent,Mind2Web--07bdc595306729a028ba06cc7451a80a,us.trip.com,c5dd568a47e7b8fc6ded1975258153ca,0,0,487.344,520,340,340,28,1,1,312,555,1575,7,0
GUI-Owl-8B,agent,Mind2Web--07bdc595306729a028ba06cc7451a80a,us.trip.com,72d4830defaebccd0b657831c98159e7,0,0,500.257,513,338,338,28,1,1,305,547,1554,7,0
GUI-Owl-8B,agent,Mind2Web--64b76158720a69e4a5c31a55d54928bf,www.healthline.com,72e1ba5d7f8d1ff4196c15e0fc42f896,1,0,413.861,271,223,223,65,1,11,138,281,790,9,0
GUI-Owl-8B,agent,Mind2Web--64b76158720a69e4a5c31a55d54928bf,www.healthline.com,575636cdfd4771b3e5cd415b49f5b18c,1,0,404.049,268,219,219,64,1,10,130,277,781,8,0
GUI-Owl-8B,agent,Mind2Web--e3ab665e01e7632ce33ac1aeca14aff6,www.recreation.gov,5833c857c4f7cbc1279bcf9c139b19ce,0,0,500.206,130,87,87,18,1,1,41,132,362,4,0
GUI-Owl-8B,agent,Mind2Web--e3ab665e01e7632ce33ac1aeca14aff6,www.recreation.gov,1b171ffb127d6849653deae2f9159320,0,0,500.223,130,87,87,18,1,1,42,132,362,4,0
GUI-Owl-8B,agent,Mind2Web--2d5a7f95f951a26838289dfd629ae850_110325,www.compass.com,bc7896792ce6f243a28b2d97ebe434cc,0,0,1.853,0,0,0,0,0,0,0,0,0,0,0
GUI-Owl-8B,agent,Mind2Web--26810ed9c123a62992e3eed31db3c5ee,www.accuweather.com,3e58943c28d76bcb0911ca6955a1ad64,0,0,114.066,6,6,6,1,0,1,5,4,18,0,0
GUI-Owl-8B,agent,Mind2Web--2d5a7f95f951a26838289dfd629ae850_110325,www.compass.com,0e5f09e8a485b6fcf4968c0eba13f21b,1,0,478.222,142,71,71,23,1,2,88,147,425,4,0
GUI-Owl-8B,agent,Mind2Web--26810ed9c123a62992e3eed31db3c5ee,www.accuweather.com,bbd5ccb0aaa391fc196713dfb6b2a860,0,0,90.667,9,9,9,1,0,1,8,4,27,0,0
GUI-Owl-8B,agent,Mind2Web--c181f903ec1107b850032c17cad88393,www.webmd.com,06bc511372a329769558d4d7aa4b90a4,1,0,478.856,876,840,840,208,3,120,694,947,2634,35,0
GUI-Owl-8B,agent,Mind2Web--84f806c7fc15576673915f195efa72df,www.adoptapet.com,09796a90e89d04110322375ba9a47a08,0,0,7.051,1,0,0,0,0,0,0,0,3,0,0
GUI-Owl-8B,agent,Mind2Web--c181f903ec1107b850032c17cad88393,www.webmd.com,e1096b38688ffd8cedfb13b1583fc366,0,0,500.178,845,813,813,226,3,129,631,905,2532,31,0
GUI-Owl-8B,agent,Mind2Web--ef289e34a2f59a707cb07e2a6229ff03,www.cars.com,0ffc349d398e75bdc6c103e39e9c7747,0,0,500.18,34,30,30,2,1,2,9,27,106,0,0
GUI-Owl-8B,agent,Mind2Web--be9e7dca1222714571ef3d7d59d2a41c,weather.com,08df7013ec73467adb6770ce942b2b81,0,0,61.149,2,0,0,0,0,0,1,0,6,0,0
GUI-Owl-8B,agent,Mind2Web--ef289e34a2f59a707cb07e2a6229ff03,www.cars.com,6157404c836616ff367dd80b5682be44,0,0,500.143,58,50,50,2,3,2,11,52,183,0,0
GUI-Owl-8B,agent,Mind2Web--84f806c7fc15576673915f195efa72df,www.adoptapet.com,e2a7a29805333b0d9723d665d6555736,0,0,346.481,6,5,5,1,1,1,4,4,18,0,0
GUI-Owl-8B,agent,Mind2Web--207e933d1bba815bcb58664b5d82c085,www.apartments.com,d5de33a7e8131cebbf11c682e33dbe20,0,0,6.784,1,0,0,0,0,0,0,0,3,0,0
GUI-Owl-8B,agent,Mind2Web--207e933d1bba815bcb58664b5d82c085,www.apartments.com,3d4c1a016a75e6122b84e8c6510cce31,0,0,6.564,1,0,0,0,0,0,0,0,3,0,0
GUI-Owl-8B,agent,Mind2Web--be9e7dca1222714571ef3d7d59d2a41c,weather.com,7482f963dd7cd22233ef321ccf0da969,0,0,500.436,3638,3425,3425,354,1,196,2494,4184,10971,28,0
GUI-Owl-8B,agent,Mind2Web--29b7372d5a3884a2ba831af2d117af3c,www.google.com,50f3ff6921b7558a439bf1435fa418c6,0,0,1.896,1,0,0,0,0,0,0,0,3,0,0
GUI-Owl-8B,agent,Mind2Web--11abb668c751dd56bb41f296a8bb3a13,www.bestbuy.com,91841d6e129937d918b4b0a88f235237,0,0,1.915,0,0,0,0,0,0,0,0,0,0,0
GUI-Owl-8B,agent,Mind2Web--11abb668c751dd56bb41f296a8bb3a13,www.bestbuy.com,e379934ea891fa3dc6026cac2183b10f,0,0,1.475,0,0,0,0,0,0,0,0,0,0,0
GUI-Owl-8B,agent,Mind2Web--5c00e9561eae94789443f405525a5869,www.healthline.com,a56aac4b88c0c32ea95b79aa2f2f06d2,0,0,1.489,0,0,0,0,0,0,0,0,0,0,0
GUI-Owl-8B,agent,Mind2Web--5c00e9561eae94789443f405525a5869,www.healthline.com,375d8eafbc2002793bda4fd2aaf3761c,0,0,1.56,0,0,0,0,0,0,0,0,0,0,0
GUI-Owl-8B,agent,Mind2Web--29b7372d5a3884a2ba831af2d117af3c,www.google.com,e49c9f89db2ec3b55399cdc7b7a0a3a8,1,0,345.871,439,72,72,11,0,0,376,541,1895,1,0
GUI-Owl-8B,agent,Mind2Web--2532fd402d3c741b79894e6ff2269f53,www.thumbtack.com,be73c86bf95b6b0c9f0cf813395a5862,0,0,500.226,161,122,122,32,1,3,102,171,480,9,0
GUI-Owl-8B,agent,Mind2Web--2532fd402d3c741b79894e6ff2269f53,www.thumbtack.com,8b8260a7dbfd9ac60e0cc0a6a0aa5a46,0,0,500.182,161,122,122,32,1,3,102,171,480,9,0
GUI-Owl-8B,agent,Mind2Web--9829f3087ab1f9c8eba6b6dd2b831d25_112325,www.espn.com,8f4aa3e8e4b9c9f8c5d45a679af5dca2,0,0,500.266,550,530,530,152,3,78,292,609,1650,7,0
GUI-Owl-8B,agent,Mind2Web--6db4a0e346976f2729ba9afcd3208941,www.fedex.com,c2695aaf86fe7f5c446669fa7a3a86ce,0,0,62.104,9,5,5,1,1,1,7,7,27,0,0
GUI-Owl-8B,agent,Mind2Web--6db4a0e346976f2729ba9afcd3208941,www.fedex.com,361863bb3391cfbf8b5b0fda00ed6ef2,0,0,56.944,9,5,5,1,1,1,7,7,27,0,0
GUI-Owl-8B,agent,Mind2Web--9829f3087ab1f9c8eba6b6dd2b831d25_112325,www.espn.com,c9632d062b85097955489a10ec174b86,1,0,440.174,581,561,561,168,3,87,337,642,1748,7,0
GUI-Owl-8B,agent,Mind2Web--783ce6a3499fa7cf25bc12f8f0ecbbbb,www.mayoclinic.org,637cec61ae32ff2664506373bafa1c53,1,0,371.861,114,63,63,12,1,2,88,113,336,4,0
GUI-Owl-8B,agent,Mind2Web--255bf27c43fd3f9254d6b81a5f36d3a9,www.landwatch.com,d8e941707673080fd32d12c1e49a6d3d,0,0,82.291,6,5,5,1,1,1,4,4,18,0,0
GUI-Owl-8B,agent,Mind2Web--255bf27c43fd3f9254d6b81a5f36d3a9,www.landwatch.com,be4a9ba26185b4eebb48b2c36d49406b,0,0,104.058,8,7,7,1,1,1,6,4,24,0,0
GUI-Owl-8B,agent,Mind2Web--a8b9edd598561d2de901864d5f40fe67,www.fedex.com,3cad540c42cb5b0a324c193047482ae2,0,0,59.57,10,6,6,1,1,1,8,7,30,0,0
GUI-Owl-8B,agent,Mind2Web--a8b9edd598561d2de901864d5f40fe67,www.fedex.com,b1e2e55e5c8b4fae1fdf3c74450f92b8,0,0,65.835,9,5,5,1,1,1,7,7,27,0,0
GUI-Owl-8B,agent,Mind2Web--783ce6a3499fa7cf25bc12f8f0ecbbbb,www.mayoclinic.org,e84fcb64169256a758ac08624e300b81,1,0,487.922,116,64,64,12,1,2,89,115,342,4,0
GUI-Owl-8B,agent,Mind2Web--1fc28d91d25ccd1c6ba268101326a654,www.google.com,41bfe27c49c15cb36a9e31412f6dc628,1,0,337.249,431,69,69,11,0,0,372,528,1861,1,0
GUI-Owl-8B,agent,Mind2Web--1fc28d91d25ccd1c6ba268101326a654,www.google.com,690305f9edd554b6ea70f002c6e6d488,1,0,339.182,39,34,34,8,0,0,6,59,155,0,0
GUI-Owl-8B,agent,Mind2Web--a6f0434ce6aff5f9b03681241b03ad82,finance.yahoo.com,f7b6579c661040d47de1e3d8a9410751,0,0,500.391,2975,2464,2464,246,3,165,2606,3426,9230,72,0
GUI-Owl-8B,agent,Mind2Web--a6f0434ce6aff5f9b03681241b03ad82,finance.yahoo.com,e1a1851fb9cd3bdf765124e1987df36f,0,0,500.184,4525,3764,3764,346,3,230,4113,5044,13935,99,0
GUI-Owl-8B,agent,Mind2Web--415bf9da6f3db3a735ecbba3b0c76c15,www.akc.org,317a150e32872d0dffcbefad02d6d43f,1,0,397.78,206,80,80,37,1,11,50,209,622,0,0
GUI-Owl-8B,agent,Mind2Web--92160852a6bbbc165cee4e14ab0b1d59,www.ups.com,6b1facf737fe9cabe0f53488c39dac35,0,0,17.379,0,0,0,0,0,0,0,0,0,0,0
GUI-Owl-8B,agent,Mind2Web--415bf9da6f3db3a735ecbba3b0c76c15,www.akc.org,02cbcd4355a1e4e1435d8394974babc2,0,0,187.854,40,14,14,4,1,1,4,38,120,0,0
GUI-Owl-8B,agent,Mind2Web--8103786e0e5976ebf961bd062d5f39cd,www.mayoclinic.org,115fca7814613274dc06651896ca3fe4,0,0,500.101,108,61,61,12,1,2,84,107,318,4,0
GUI-Owl-8B,agent,Mind2Web--8103786e0e5976ebf961bd062d5f39cd,www.mayoclinic.org,f4ee0e193b9710563823845399a73b99,1,0,494.768,318,180,180,13,5,3,261,310,952,10,0
GUI-Owl-8B,agent,Mind2Web--92160852a6bbbc165cee4e14ab0b1d59,www.ups.com,bf327bcd34ac7a597c030ecad1fb35ed,0,0,17.556,0,0,0,0,0,0,0,0,0,0,0
GUI-Owl-8B,agent,Mind2Web--502e864440283214e0180645015f568b_110325,www.recreation.gov,2dd88336c757fc40824892b0c66bf981,0,0,500.208,137,94,94,18,1,1,65,139,383,4,0
GUI-Owl-8B,agent,Mind2Web--07ec4a12cba8090e2dc524d558ac7675,www.drugs.com,92744510cb2a62c48380eef076546f91,1,0,53.224,12,10,10,1,3,1,9,8,36,0,0
GUI-Owl-8B,agent,Mind2Web--07ec4a12cba8090e2dc524d558ac7675,www.drugs.com,bf18c7dbdf567ff8157e8a1e452a4171,0,0,65.535,6,5,5,1,1,1,4,4,18,0,0
GUI-Owl-8B,agent,Mind2Web--502e864440283214e0180645015f568b_110325,www.recreation.gov,838f8304a8828d9b9205a3ebbf983037,0,0,500.218,131,88,88,18,1,1,41,133,365,4,0
GUI-Owl-8B,agent,Mind2Web--987bad7c6d4726d64232a8a1c3386888,www.cars.com,04daed085787728ea32fcd3490f705df,1,0,230.822,84,73,73,2,5,2,14,76,265,0,0
GUI-Owl-8B,agent,Mind2Web--15be05973fba714e490cd9c884e4f072,ohio.gov,5dfda25ca07268c5186b001b87c92f16,1,0,137.719,47,25,25,6,3,1,20,42,141,0,0
GUI-Owl-8B,agent,Mind2Web--15be05973fba714e490cd9c884e4f072,ohio.gov,58698d46be19146f54014e561b24216c,0,0,73.743,23,12,12,6,1,1,5,21,69,0,0
GUI-Owl-8B,agent,Mind2Web--3adeea7627f4343069f38adae40f73d0_110325,medicare.gov,0ba7fa10a0b8deab4063d14b303f93c1,0,0,31.44,0,0,0,0,0,0,0,0,0,0,0
GUI-Owl-8B,agent,Mind2Web--7680a920359cb1a508fbddb001b98167,www.babycenter.com,485c4cddadc12e78c00f34656dbb390f,0,0,500.128,225,212,212,27,1,6,163,238,671,8,0
GUI-Owl-8B,agent,Mind2Web--3adeea7627f4343069f38adae40f73d0_110325,medicare.gov,7e9906038479b0371736a3387196bf8d,0,0,31.314,0,0,0,0,0,0,0,0,0,0,0
GUI-Owl-8B,agent,Mind2Web--c94551d2b18f9ad0ab31b0bd98ca42e3_121125,www.petfinder.com,8ebe47443dcef74b5dfc5e35b0a7cdb0,0,0,37.183,6,5,5,1,1,1,4,4,18,0,0
GUI-Owl-8B,agent,Mind2Web--c94551d2b18f9ad0ab31b0bd98ca42e3_121125,www.petfinder.com,a40aea93d2474ab407d6ae641edf9599,0,0,58.382,8,7,7,1,1,1,6,4,24,0,0
GUI-Owl-8B,agent,Mind2Web--7680a920359cb1a508fbddb001b98167,www.babycenter.com,ea9c28202e03a5910e55709c6cc2458b,0,0,500.109,227,213,213,27,1,6,164,240,677,8,0
GUI-Owl-8B,agent,Mind2Web--39c388cdc468688c8139cc2bb5157c13,www.cars.com,a8d7e69acbdd3f4600d85867462b2910,1,0,90.987,32,28,28,2,1,2,7,27,100,0,0
GUI-Owl-8B,agent,Mind2Web--39c388cdc468688c8139cc2bb5157c13,www.cars.com,fdc9f15bf7389c0c6976539c81903356,1,0,89.516,32,28,28,2,1,2,7,27,100,0,0
GUI-Owl-8B,agent,Mind2Web--987bad7c6d4726d64232a8a1c3386888,www.cars.com,7bf770987079826303698f287227658f,1,0,200.06,33,29,29,2,1,2,8,27,103,0,0
GUI-Owl-8B,agent,Mind2Web--4e801ba102dfaf22c7cf7a126b107609,www.thumbtack.com,5578c187d27158b853937d3728fca638,0,0,500.104,167,128,128,33,3,4,108,171,497,9,0
GUI-Owl-8B,agent,Mind2Web--fd787623166785d84093565bf945fd24,www.drugs.com,3d24380331ab96d1022108ec7e7e729a,0,0,41.684,7,6,6,1,1,1,5,4,21,0,0
GUI-Owl-8B,agent,Mind2Web--fd787623166785d84093565bf945fd24,www.drugs.com,7645449e7f3b600c72c4946d302ab878,0,0,51.623,6,5,5,1,1,1,4,4,18,0,0
GUI-Owl-8B,agent,Mind2Web--c3307a70bb12ebf56cc9ec926b368f15,www.drugs.com,13a51464e37e9db86720acfe1073e10c,0,0,132.803,7,6,6,1,1,1,5,4,21,0,0
GUI-Owl-8B,agent,Mind2Web--c3307a70bb12ebf56cc9ec926b368f15,www.drugs.com,9df5ab2362f8791956c218eb634eab6c,0,0,70.513,6,5,5,1,1,1,4,4,18,0,0
GUI-Owl-8B,agent,Mind2Web--9586827ad04ee2362f4f0076bf0f0468,www.drugs.com,661fc64c6d9e8a1c07a204a78da31cd9,0,0,54.778,8,7,7,1,1,1,6,4,24,0,0
GUI-Owl-8B,agent,Mind2Web--9586827ad04ee2362f4f0076bf0f0468,www.drugs.com,64fcc1e56e6f5d1b9e358d514392d952,1,0,92.281,7,5,5,1,2,1,4,4,21,0,0
GUI-Owl-8B,agent,Mind2Web--4e801ba102dfaf22c7cf7a126b107609,www.thumbtack.com,39dd31d40ffdef4b01db82569f5d24ff,0,0,500.129,191,140,140,32,1,3,134,202,570,9,0
GUI-Owl-8B,agent,Mind2Web--c8d7f2aa7eb5dd074c48c9f76f8659ad,www.dmv.virginia.gov,abb4699dab838c1f920c24b380c7f4ba,0,0,382.419,36,20,20,11,0,0,7,37,113,1,0
GUI-Owl-8B,agent,Mind2Web--c8d7f2aa7eb5dd074c48c9f76f8659ad,www.dmv.virginia.gov,9ec5588418712db0c5ca9e778b19da46,1,0,391.464,54,36,36,23,1,3,15,59,167,1,0
GUI-Owl-8B,agent,Mind2Web--34992feb69eb8e788faa06868b365c49,www.dmv.virginia.gov,8e2f6929ee66a4dcbaa7e3dc7bde5a9c,0,0,383.832,50,32,32,19,1,1,15,55,155,1,0
GUI-Owl-8B,agent,Mind2Web--34992feb69eb8e788faa06868b365c49,www.dmv.virginia.gov,9a702e67cac88aa181f268a783a02e77,0,0,386.622,48,31,31,18,1,1,14,53,149,1,0
GUI-Owl-8B,agent,Mind2Web--47b93b9e649eadeb8d96a6e3df715c2d,www.mayoclinic.org,426d24d74411cb1dab2732c22dbfe25a,0,0,500.113,115,64,64,13,1,2,88,114,339,4,0
GUI-Owl-8B,agent,Mind2Web--47b93b9e649eadeb8d96a6e3df715c2d,www.mayoclinic.org,b9ba5db1cae5830a914b94e85effd166,0,0,500.117,114,63,63,12,1,2,88,113,336,4,0
GUI-Owl-8B,agent,Mind2Web--3443e9c3151fef19a3c3a45eb2c13640,www.webmd.com,1aea0fce39b08bbdc7851d9d0661900c,0,0,500.283,961,929,929,227,3,123,876,1036,2879,30,0
GUI-Owl-8B,agent,Mind2Web--3443e9c3151fef19a3c3a45eb2c13640,www.webmd.com,f830ad64590fc8cf4dbe4151ff17ce43,0,0,500.244,2026,1926,1926,267,7,157,1330,2256,6090,99,0
GUI-Owl-8B,agent,Mind2Web--6b5be1764692d1dc8f17dc4375b2daa8,finance.yahoo.com,79319692b90f02aeb0ee691a343053ed,0,0,500.44,4086,3572,3572,330,3,221,3589,4700,12596,66,0
GUI-Owl-8B,agent,Mind2Web--6b5be1764692d1dc8f17dc4375b2daa8,finance.yahoo.com,597306c7b68da93a6dddb7d77206c471,0,0,500.338,4831,4263,4263,352,3,239,4337,5531,14853,92,0
GUI-Owl-8B,agent,Mind2Web--c2153fc053112e89c2f103869c4d6890,www.thumbtack.com,0327ffef60f5ca418cfad16f5d1f60cb,1,0,205.812,171,128,128,33,1,4,115,179,510,10,0
GUI-Owl-8B,agent,Mind2Web--16200f51d63f0a47a58fa17acd49e368,cookpad.com,621ae71c0536f1feb5d5e0c3704d33ed,1,0,327.553,67,58,58,7,0,0,8,64,201,0,0
GUI-Owl-8B,agent,Mind2Web--5e4e89c9b6fdaee7a41aca5601b82e04,www.drugs.com,d80bb9fb98787f072ecd0f6fddbe0758,0,0,245.132,8,7,7,1,1,1,6,4,24,0,0
GUI-Owl-8B,agent,Mind2Web--16200f51d63f0a47a58fa17acd49e368,cookpad.com,b5c1f890df292abecfa224ae0bd89c76,1,0,378.751,67,58,58,7,0,0,8,64,201,0,0
GUI-Owl-8B,agent,Mind2Web--60cbbbd58eb9d28b053aef945f464228,www.bbb.org,be456ebe9f961ed163f0c3f5f4080146,1,0,140.505,39,32,32,6,1,2,12,33,116,0,0
GUI-Owl-8B,agent,Mind2Web--8f80e64e44e1fada018997b2fe869683_110325,9gag.com,9af749c6f6a41a759854ba42f55199ab,1,0,49.01,1216,1168,1168,227,1,131,1069,1243,3641,1,0
GUI-Owl-8B,agent,Mind2Web--c2153fc053112e89c2f103869c4d6890,www.thumbtack.com,71dc5e6463e982231471b79fdd96229e,0,0,500.216,159,119,119,32,1,3,102,169,474,9,0
GUI-Owl-8B,agent,Mind2Web--5e4e89c9b6fdaee7a41aca5601b82e04,www.drugs.com,65ca0553208c7bd20592d24ac3938150,0,0,1.455,0,0,0,0,0,0,0,0,0,0,0
GUI-Owl-8B,agent,Mind2Web--65c4030f22fb6eb101acfee4825f1318,www.mayoclinic.org,5458164c3996faae43c8e47bcfb6c0a6,0,0,1.394,0,0,0,0,0,0,0,0,0,0,0
GUI-Owl-8B,agent,Mind2Web--60cbbbd58eb9d28b053aef945f464228,www.bbb.org,8c57334446ef9c46b29e32a8a096920c,1,0,63.885,39,32,32,6,1,2,12,33,116,0,0
GUI-Owl-8B,agent,Mind2Web--8f80e64e44e1fada018997b2fe869683_110325,9gag.com,88fe139a798293b00c836207c3f5675b,0,0,500.198,1140,1055,1055,253,1,140,939,1169,3397,4,0
GUI-Owl-8B,agent,Mind2Web--2e4e21cf1449c6894b17d571c47b77ea,www.adoptapet.com,1993075407f0c0851e52475b75a46c66,0,0,11.321,1,0,0,0,0,0,0,0,3,0,0
GUI-Owl-8B,agent,Mind2Web--2e4e21cf1449c6894b17d571c47b77ea,www.adoptapet.com,389094fe79772b347af3a9a9981b47c1,1,0,96.052,12,10,10,1,3,1,9,8,36,0,0
GUI-Owl-8B,agent,Mind2Web--6ca20f1da01edeb49a7a42c816d8c6fe,www.gov.uk,fe83d541d4c1b0a5586c0ed5d6e35093,0,0,304.578,16,0,0,0,0,0,0,13,48,0,0
GUI-Owl-8B,agent,Mind2Web--65c4030f22fb6eb101acfee4825f1318,www.mayoclinic.org,654ef96cb42c5b6c9eaac46e6bb07c1c,1,0,339.02,116,65,65,13,1,2,88,115,340,4,0
GUI-Owl-8B,agent,Mind2Web--6ca20f1da01edeb49a7a42c816d8c6fe,www.gov.uk,a538fa65222fe2e266f9b10654189dd5,0,0,293.693,16,0,0,0,0,0,0,13,48,0,0
GUI-Owl-8B,agent,Mind2Web--4639a54f3ab549864fd8d60b7398b1e1,www.adoptapet.com,eb5dc07daafe71297bc83db1ddfe3404,0,0,83.982,9,8,8,1,1,1,7,6,27,0,0
GUI-Owl-8B,agent,Mind2Web--9af05e392cf3f5a8ff17aa764ba5bda6,www.bbb.org,ff2011df1d4816922cf022bd05ee60a1,1,0,9.509,32,26,26,5,1,1,6,28,95,0,0
GUI-Owl-8B,agent,Mind2Web--9af05e392cf3f5a8ff17aa764ba5bda6,www.bbb.org,8f4752afd1b35c4809b9a01328856851,1,0,44.125,38,31,31,6,1,2,11,33,112,0,0
GUI-Owl-8B,agent,Mind2Web--1df24ec81137386d6476bcf343a79012,www.bestbuy.com,f39b3f123e87d35af6dff6fc58c3467d,1,0,201.055,117,47,47,4,1,1,74,114,351,0,0
GUI-Owl-8B,agent,Mind2Web--1df24ec81137386d6476bcf343a79012,www.bestbuy.com,dcf8bf3a8e8db906f193d3f49725db0d,1,0,499.446,216,91,91,4,3,1,134,211,648,0,0
GUI-Owl-8B,agent,Mind2Web--4639a54f3ab549864fd8d60b7398b1e1,www.adoptapet.com,aac345eea3da3a2973f5b8b0b3782122,1,0,121.696,8,6,6,1,2,1,5,4,24,0,0
GUI-Owl-8B,agent,Mind2Web--0b838cd54f826c59c71f600c56b89a11,www.bbb.org,18f690255e90db5a3858ca76115ba52b,1,0,187.725,39,32,32,6,1,2,13,30,116,0,0
GUI-Owl-8B,agent,Mind2Web--0b838cd54f826c59c71f600c56b89a11,www.bbb.org,d076b8d864d67c4c05fafbd5b92749f1,1,0,65.535,38,31,31,6,1,2,11,33,113,0,0
GUI-Owl-8B,agent,Mind2Web--5dec0e6620849459f29e6465982c597e,www.bestbuy.com,1d1a07104a1271aece53a7b527383e62,0,0,4.899,0,0,0,0,0,0,0,0,0,0,0
GUI-Owl-8B,agent,Mind2Web--5dec0e6620849459f29e6465982c597e,www.bestbuy.com,a39a6f1ecc60f953ff9e5a3c97872fcd,0,0,4.97,0,0,0,0,0,0,0,0,0,0,0
GUI-Owl-8B,agent,Mind2Web--627f7a18d85f29a687234f1ade4585c2,www.nba.com,06075b378c9d3ae4e6ab947a8779e6c1,0,0,107.51,6,6,6,1,0,1,5,4,18,0,0
GUI-Owl-8B,agent,Mind2Web--b1ce968a361e1088ce8d2ade6c2c9af0,www.petfinder.com,d4e98620d142c1a74a67890439c185b0,0,0,9.838,1,0,0,0,0,0,0,0,3,0,0
GUI-Owl-8B,agent,Mind2Web--b1ce968a361e1088ce8d2ade6c2c9af0,www.petfinder.com,3f0f0b896014b9d741c66387c13f82fe,0,0,9.922,1,0,0,0,0,0,0,0,3,0,0
GUI-Owl-8B,agent,Mind2Web--627f7a18d85f29a687234f1ade4585c2,www.nba.com,e556e56739318eb795b392ad01a70b7d,0,0,244.986,7,7,7,1,0,1,6,4,21,0,0
GUI-Owl-8B,agent,Mind2Web--23204728192da9f73197a613d9681c18,www.mayoclinic.org,96d57b2d6129fb0f10cf99d66ee57e43,1,0,222.786,113,66,66,13,1,3,88,111,333,4,0
GUI-Owl-8B,agent,Mind2Web--52efbab520734ef9bf7c09ba0f62cdc8,www.recreation.gov,a8f227773a0ba76cc9abee518c43e412,0,0,500.146,136,90,90,18,1,1,58,138,383,5,0
GUI-Owl-8B,agent,Mind2Web--52efbab520734ef9bf7c09ba0f62cdc8,www.recreation.gov,6b0dd0cca21ff667e8807e4ff74b1b83,0,0,500.223,134,89,89,18,1,1,50,136,379,5,0
GUI-Owl-8B,agent,Mind2Web--e9f4dfc67e0e6aa37f05f7cc5aa7428c,www.healthgrades.com,952d595a836bd98593132b19832b5c34,0,0,67.563,11,10,10,2,1,1,6,7,33,0,0
GUI-Owl-8B,agent,Mind2Web--e9f4dfc67e0e6aa37f05f7cc5aa7428c,www.healthgrades.com,478867167e66250a6298efe45ee5b114,0,0,57.919,10,9,9,2,1,1,5,7,30,0,0
GUI-Owl-8B,agent,Mind2Web--23204728192da9f73197a613d9681c18,www.mayoclinic.org,204454ad65105374dd3ea629896851fd,1,0,429.444,115,64,64,13,1,2,88,114,339,4,0
GUI-Owl-8B,agent,Mind2Web--2218042362d8fae73756eb309848c2b2,www.cars.com,5169b5fc97ee87cde47db9fd30333d02,1,0,140.095,53,45,45,1,3,1,7,48,168,0,0
GUI-Owl-8B,agent,Mind2Web--a69d2934fe54fef165490a5a2d95bf38,cookpad.com,4bbeabf85110295e694d6c523085c4a5,1,0,352.494,67,58,58,7,0,0,8,64,201,0,0
GUI-Owl-8B,agent,Mind2Web--a69d2934fe54fef165490a5a2d95bf38,cookpad.com,b3f5f93f448fbac9cab785446cd9ee28,1,0,354.309,67,58,58,7,0,0,8,64,201,0,0
GUI-Owl-8B,agent,Mind2Web--26784156ae9859a0dd6c5920eb106f91,www.apartments.com,d4ea674f883441d24211e2e3fa9b0c9c,0,0,67.693,6,5,5,1,1,1,4,4,18,0,0
GUI-Owl-8B,agent,Mind2Web--26784156ae9859a0dd6c5920eb106f91,www.apartments.com,3b554ba79ff20251d834e19946f54730,0,0,34.926,6,5,5,1,1,1,4,4,18,0,0
GUI-Owl-8B,agent,Mind2Web--2218042362d8fae73756eb309848c2b2,www.cars.com,77d2a15c4f82967c415acc340557b7cf,1,0,158.127,53,45,45,1,3,1,7,48,168,0,0
GUI-Owl-8B,agent,Mind2Web--ba2a469af584f16da93ce6a7430cf7e5,www.coursera.org,5c6ad8ccda37a52742ab0a12314ac56f,0,0,500.215,284,203,203,29,1,2,150,290,845,11,0
GUI-Owl-8B,agent,Mind2Web--271b36efd4346721b5542488ff997042,www.bestbuy.com,30078291bce9765c306014d0abb3bd5d,1,0,175.821,117,47,47,4,1,1,74,114,351,0,0
GUI-Owl-8B,agent,Mind2Web--ba2a469af584f16da93ce6a7430cf7e5,www.coursera.org,84c5f67021df0d14078a0cb485c58870,0,0,500.163,287,206,206,29,1,2,143,293,854,11,0
GUI-Owl-8B,agent,Mind2Web--47e314cc452c540524ffb7cf520285a3,www.recreation.gov,a276ba3dcb434f62cad74c1667175433,0,0,500.224,139,92,92,18,1,1,53,141,391,5,0
GUI-Owl-8B,agent,Mind2Web--47e314cc452c540524ffb7cf520285a3,www.recreation.gov,9638007e5c411ea487f082ba2986c509,0,0,500.225,130,87,87,18,1,1,37,132,362,4,0
GUI-Owl-8B,agent,Mind2Web--271b36efd4346721b5542488ff997042,www.bestbuy.com,12e29decbd79b95eb7853e1bdfb054ee,0,0,500.167,124,54,54,4,1,1,81,116,372,0,0
GUI-Owl-8B,agent,Mind2Web--0a54069a0ef542e571d1fee7f39c93d5,www.adoptapet.com,909d61cc923500e7ff43c171b260e371,0,0,52.452,7,6,6,1,1,1,5,4,21,0,0
GUI-Owl-8B,agent,Mind2Web--6b2cfae0ef25c73d1224b6ab74cb8b63,www.nba.com,130240f4eb64728de4cb34da8c621d4a,0,0,197.837,20,20,20,1,0,1,19,16,60,0,0
GUI-Owl-8B,agent,Mind2Web--6b2cfae0ef25c73d1224b6ab74cb8b63,www.nba.com,9871b254cdf90cfccbaf16331f0916a5,0,0,402.42,7,7,7,1,0,1,6,4,21,0,0
GUI-Owl-8B,agent,Mind2Web--0a54069a0ef542e571d1fee7f39c93d5,www.adoptapet.com,083d6e55ae9d0902f73e5290f1ca6784,1,0,65.662,13,11,11,1,3,1,10,8,39,0,0
GUI-Owl-8B,agent,Mind2Web--f00e7accfb4a5e09680bdb326e6274ad,www.accuweather.com,d5d373914e6a105fb4863e559da6fe80,0,0,90.929,10,10,10,1,0,1,9,8,30,0,0
GUI-Owl-8B,agent,Mind2Web--f00e7accfb4a5e09680bdb326e6274ad,www.accuweather.com,e9f6812ed5ddd76c2614685a59e8bc3b,0,0,104.568,10,10,10,1,0,1,9,8,30,0,0
GUI-Owl-8B,agent,Mind2Web--4e3f6a538cc1f7321cfc50260db9545d,www.theweathernetwork.com,1431cf121d5c6cddd221c1cdf2fcaab6,0,0,500.235,1162,1107,1107,204,1,110,768,1302,3537,12,0
GUI-Owl-8B,agent,Mind2Web--547f5729c59d5d12a457a3ebb74c31c6_010226,www.apartments.com,7ab12ea1e9486e406e9fb1b22a74f2fd,0,0,6.808,1,0,0,0,0,0,0,0,3,0,0
GUI-Owl-8B,agent,Mind2Web--547f5729c59d5d12a457a3ebb74c31c6_010226,www.apartments.com,dbef5fc202a4f6cdffd4074082723988,0,0,102.749,12,11,11,1,1,1,10,6,36,0,0
GUI-Owl-8B,agent,Mind2Web--4e3f6a538cc1f7321cfc50260db9545d,www.theweathernetwork.com,ce5bf18c59c8c2805107f8b7a2a5fa48,1,0,474.665,1349,1295,1295,219,1,127,925,1497,4106,18,0
GUI-Owl-8B,agent,Mind2Web--0b2623e9fa5cea997f76490bcbc5220f,www.petfinder.com,18b62a251ad76e2781e8ba848e7c5dd9,0,0,90.51,8,7,7,1,1,1,6,4,24,0,0
GUI-Owl-8B,agent,Mind2Web--3ae28b3c440efe87dc700480b78ac608,www.healthgrades.com,02829fd5de2bf0498a8c40f6589f8cee,0,0,68.756,11,10,10,2,1,1,6,7,33,0,0
GUI-Owl-8B,agent,Mind2Web--3ae28b3c440efe87dc700480b78ac608,www.healthgrades.com,485f24289c0e1cce7bcbfaad11a13ea7,0,0,72.718,10,9,9,2,1,1,5,7,30,0,0
GUI-Owl-8B,agent,Mind2Web--6174e5ddd40cfbdc33ee1502f40bac39,www.recreation.gov,46ec5400a04abe97b8f1f07b008f7ae7,0,0,500.136,130,87,87,18,1,1,41,132,362,4,0
GUI-Owl-8B,agent,Mind2Web--6174e5ddd40cfbdc33ee1502f40bac39,www.recreation.gov,ca6690eaf315e9704537d28dd4c53926,0,0,500.23,128,85,85,18,1,1,33,130,360,4,0
GUI-Owl-8B,agent,Mind2Web--aafd1fddea1558466ac6133934d35156,www.apartments.com,19e29dfa9f0a59557a6e8f1ea814b609,0,0,71.297,7,6,6,1,1,1,5,4,21,0,0
GUI-Owl-8B,agent,Mind2Web--aafd1fddea1558466ac6133934d35156,www.apartments.com,282c84e7a98e1e4bacf58de91c495ef1,1,0,21.916,7,5,5,1,2,1,5,4,21,0,0
GUI-Owl-8B,agent,Mind2Web--0b2623e9fa5cea997f76490bcbc5220f,www.petfinder.com,df47ce47af3538efce2d676314cd2d65,0,0,341.033,6,5,5,1,1,1,4,4,18,0,0
GUI-Owl-8B,agent,Mind2Web--0632e496d37badee0350dad358f047c5,cookpad.com,9f3332a2b427535e4bdeecfb52b25b10,1,0,336.196,67,58,58,7,0,0,8,64,201,0,0
GUI-Owl-8B,agent,Mind2Web--0632e496d37badee0350dad358f047c5,cookpad.com,8b33a402c0fe9db422c970eac6c4de45,1,0,344.481,67,58,58,7,0,0,8,64,201,0,0
GUI-Owl-8B,agent,Mind2Web--246d654fab7c31d9651007e39e75f74f,www.recreation.gov,7ccfe6c69388355c48ef6795b5d83602,0,0,500.146,139,91,91,18,1,1,60,141,391,6,0
GUI-Owl-8B,agent,Mind2Web--c43a7dccf5c44f7b45a821e712dd1970,www.healthline.com,0e9a5503463dbb476f763ffe70c38ca9,1,0,203.685,329,257,257,67,1,11,183,339,962,10,0
GUI-Owl-8B,agent,Mind2Web--c43a7dccf5c44f7b45a821e712dd1970,www.healthline.com,5be223ef45153c60049c8d6ca45934a3,1,0,130.382,291,235,235,64,1,11,150,299,848,9,0
GUI-Owl-8B,agent,Mind2Web--246d654fab7c31d9651007e39e75f74f,www.recreation.gov,1a1eb98054ef788822862a05931a62b9,0,0,500.117,139,91,91,18,1,1,53,141,391,6,0
GUI-Owl-8B,agent,Mind2Web--d5c34bf39eb6096ae5d439325cde4d32,www.dmv.virginia.gov,e14c908fbfd26840c4813ae9076918d8,0,0,112.648,56,39,39,18,1,1,14,70,173,1,0
GUI-Owl-8B,agent,Mind2Web--690d7b4a285fdb1e9dabf973bf46ae4d,craigslist.org,d05d224b7a58de4066cfda4414c9b24b,1,0,353.166,9,0,0,0,0,0,5,5,27,0,0
GUI-Owl-8B,agent,Mind2Web--690d7b4a285fdb1e9dabf973bf46ae4d,craigslist.org,be0bce264f5eff675ed750fab534881c,1,0,343.951,9,0,0,0,0,0,5,5,27,0,0
GUI-Owl-8B,agent,Mind2Web--c521933dad9c0ef9f1dfa2f38b8e4405,www.accuweather.com,0ffd75376906b7b3a71a82c75efebe8e,0,0,110.559,7,7,7,1,0,1,6,4,21,0,0
GUI-Owl-8B,agent,Mind2Web--c521933dad9c0ef9f1dfa2f38b8e4405,www.accuweather.com,640b0f8e9060770e448aa4d2b7160e3b,0,0,41.641,6,6,6,1,0,1,5,4,18,0,0
GUI-Owl-8B,agent,Mind2Web--9b5dfe54a1c14c5c6336bae7374c3bb5,www.ups.com,d4760d4036889181c8708b9c1458a0ec,0,0,51.91,6,6,6,1,0,1,5,4,18,0,0
GUI-Owl-8B,agent,Mind2Web--9b5dfe54a1c14c5c6336bae7374c3bb5,www.ups.com,f6e14d8eeab856c94ce624543c0264f1,0,0,38.34,5,5,5,1,0,1,4,4,15,0,0
GUI-Owl-8B,agent,Mind2Web--c073ac1bcf40f84c599affc97edbc396,www.apartments.com,99210e3be573aaf7f28faf48545eb072,0,0,6.385,1,0,0,0,0,0,0,0,3,0,0
GUI-Owl-8B,agent,Mind2Web--c073ac1bcf40f84c599affc97edbc396,www.apartments.com,36f28992caff5661fe214059886429cb,0,0,6.196,1,0,0,0,0,0,0,0,3,0,0
GUI-Owl-8B,agent,Mind2Web--d5c34bf39eb6096ae5d439325cde4d32,www.dmv.virginia.gov,00cab66a9a1e651bd465e4cea2688fa2,1,0,438.68,56,38,38,23,1,3,15,63,173,1,0
GUI-Owl-8B,agent,Mind2Web--180ed2ec377ef3a4af9035a21522091a,umich.edu,4037cc7e1d866862d8a1909ffc4a30fa,0,0,462.755,84,6,6,3,0,0,79,77,252,0,0
GUI-Owl-8B,agent,Mind2Web--180ed2ec377ef3a4af9035a21522091a,umich.edu,28cf8f5c3fae134c48b2ee85660eabf5,0,0,500.213,175,21,21,5,2,1,169,156,524,1,0
GUI-Owl-8B,agent,Mind2Web--73d08420706ae205a9c5be28b6d4e80f,www.recreation.gov,bb4b98dedb3794140fa49d1ced2df59c,0,0,500.224,132,88,88,18,1,1,36,134,368,3,0
GUI-Owl-8B,agent,Mind2Web--73d08420706ae205a9c5be28b6d4e80f,www.recreation.gov,7a7cee3ef2b608ca7513fd493230ed34,0,0,500.13,130,87,87,18,1,1,42,132,362,4,0
GUI-Owl-8B,agent,Mind2Web--0a0fa834ce41b5297c6474293383759d_110325,www.carnival.com,d9f301d61a323f50ff147436e30d5502,0,0,500.202,157,50,50,25,1,3,116,178,474,2,0
GUI-Owl-8B,agent,Mind2Web--0a0fa834ce41b5297c6474293383759d_110325,www.carnival.com,110ff69fe82632e03c5f3d0199923164,0,0,500.203,148,44,44,20,1,1,111,169,447,1,0
GUI-Owl-8B,agent,Mind2Web--a13e4231a3d6a7000c622c56448d97ba,www.airbnb.com,0fb508baef1b6e56a01b9ad1e78f5397,0,0,500.211,317,261,261,27,3,8,108,375,1050,55,0
GUI-Owl-8B,agent,Mind2Web--a13e4231a3d6a7000c622c56448d97ba,www.airbnb.com,d51fef0ccf8943f64891079cd9334855,0,0,500.187,318,260,260,27,3,8,110,374,1073,59,0
GUI-Owl-8B,agent,Mind2Web--bb518416a786fdb9b9bbf0c78515595e,www.osu.edu,48faf78ab1612f38fe0ad610e3b88a07,0,0,383.848,109,66,66,23,0,0,50,111,328,3,0
GUI-Owl-8B,agent,Mind2Web--bb518416a786fdb9b9bbf0c78515595e,www.osu.edu,0a59147433281386b8e2a9492084a899,0,0,366.804,108,65,65,22,0,0,50,110,325,2,0
GUI-Owl-8B,agent,Mind2Web--b99c02965196d51e80ac7539e33f335b,www.berkeley.edu,1a3126b1804a4c93ad3c80d1d22cbfdd,0,0,437.398,52,22,22,10,1,1,40,52,156,0,0
GUI-Owl-8B,agent,Mind2Web--b99c02965196d51e80ac7539e33f335b,www.berkeley.edu,bbf0fa55e0d480108ffb454bb2b39c4b,1,0,477.961,90,36,36,9,2,1,72,91,269,0,0
GUI-Owl-8B,agent,Mind2Web--27fa3ac20745d3d35e89fae157f63069,www.stanford.edu,90e0a90eb94d4b6f4f5e26731bfbe70c,0,0,500.201,79,34,34,18,0,0,16,83,239,3,0
GUI-Owl-8B,agent,Mind2Web--27fa3ac20745d3d35e89fae157f63069,www.stanford.edu,130296e10d63efa038ba15faa518523e,0,0,493.04,86,41,41,18,0,0,16,96,260,3,0
GUI-Owl-8B,agent,Mind2Web--b4aa7315e31dfcdc52baf7771be260c9,www.nvidia.com,19e7d336b00648b4f1c1a45cee451b1f,0,0,454.281,74,26,26,6,0,0,48,72,222,0,0
GUI-Owl-8B,agent,Mind2Web--b4aa7315e31dfcdc52baf7771be260c9,www.nvidia.com,f18e6062a3a9f027aeaa883fd4070885,0,0,363.566,74,26,26,6,0,0,48,72,222,0,0
GUI-Owl-8B,agent,Mind2Web--442a450e696a96085257db6297891a4d,www.chase.com,df32f8e9ee9e6cdd22a8aec44a09f14c,0,0,500.195,142,38,38,8,0,0,129,153,563,4,0
GUI-Owl-8B,agent,Mind2Web--c801d1c951f59297f526bab84fa86c6e,store.steampowered.com,c7ab51650f27860fb08d2a38e1bf008d,0,0,120.061,5,5,5,1,0,1,4,4,15,0,0
GUI-Owl-8B,agent,Mind2Web--c801d1c951f59297f526bab84fa86c6e,store.steampowered.com,5f5bc6b76df2c8d8a14be9c9be368eef,0,0,69.771,15,15,15,1,0,1,14,12,45,0,0
GUI-Owl-8B,agent,Mind2Web--442a450e696a96085257db6297891a4d,www.chase.com,748b89425496bc08689d3c97f62d1832,0,0,500.133,144,40,40,8,0,0,130,155,570,5,0
GUI-Owl-8B,agent,Mind2Web--9ed3827266b3b804f485859c3d00401e,www.chase.com,5597020315169933eeb18ddc97ddc568,0,0,500.196,147,43,43,12,1,2,129,158,578,4,0
GUI-Owl-8B,agent,Mind2Web--afcebfed28bea091d58f49ea6cb8194b,www.cvs.com,c9bbec0c955331c3e2be9f875d29b788,0,0,78.028,7,6,6,1,1,1,5,4,21,0,0
GUI-Owl-8B,agent,Mind2Web--afcebfed28bea091d58f49ea6cb8194b,www.cvs.com,56c61311d5b03aba9be9453aca6b61a5,0,0,151.179,11,10,10,1,1,1,9,4,33,0,0
GUI-Owl-8B,agent,Mind2Web--9ed3827266b3b804f485859c3d00401e,www.chase.com,7e3888b03101a34ba32fb933a30bdc0b,0,0,500.114,143,39,39,8,0,0,129,154,566,4,0
GUI-Owl-8B,agent,Mind2Web--7c09c2c7c87cf6bb1138701eb54284ea,phys.org,cb9cd117eed8c4a8207998541a5829d8,1,0,342.371,306,286,286,45,1,18,96,312,921,2,0
GUI-Owl-8B,agent,Mind2Web--7c09c2c7c87cf6bb1138701eb54284ea,phys.org,42708c878c5e7b84b51986ff5c7509e9,1,0,396.963,234,217,217,27,1,8,39,238,704,0,0
GUI-Owl-8B,agent,Mind2Web--64345c365f544375357c7b67917f08a0_110325,www.us-appliance.com,5581a3ba06aafb8cb086e0d719dfab57,0,0,500.132,266,242,242,52,1,7,117,290,782,4,0
GUI-Owl-8B,agent,Mind2Web--33bd2cdcea4fcc42a09a8a1e4e5841c6_110325,raisingcanes.com,f733136039bb62699826386bcd0d96b3,0,0,104.876,7,6,6,2,1,1,4,4,21,0,0
GUI-Owl-8B,agent,Mind2Web--33bd2cdcea4fcc42a09a8a1e4e5841c6_110325,raisingcanes.com,5e54223947e7b00ac6725865404b0346,0,0,107.731,7,6,6,2,1,1,4,4,21,0,0
GUI-Owl-8B,agent,Mind2Web--64345c365f544375357c7b67917f08a0_110325,www.us-appliance.com,7a723938b4c9df48b06fe11985b0b757,0,0,500.12,282,260,260,52,1,7,127,306,830,4,0
GUI-Owl-8B,agent,Mind2Web--ab6ee3b83aab6cd283320f5e01003cff,www.apple.com,daac2b8942ca8da93c0c5cf93f9292ac,0,0,375.639,60,5,5,2,1,1,60,63,182,2,0
GUI-Owl-8B,agent,Mind2Web--ab6ee3b83aab6cd283320f5e01003cff,www.apple.com,10eaf9329022eb5bca6e2ec45675c636,0,0,396.704,59,4,4,2,1,1,59,61,179,1,0
GUI-Owl-8B,agent,Mind2Web--fa9adb815b85d259f943d81874a052e5,soundcloud.com,c42e1eb315b2d4793bc7502b45f68a4e,0,0,166.831,7,7,7,1,0,1,6,4,21,0,0
GUI-Owl-8B,agent,Mind2Web--b922508886ded315c9835457a6eb43ea,jobs.chronicle.com,2c71a983a64503030ea9046cc06466a1,0,0,10.801,0,0,0,0,0,0,0,0,0,0,0
GUI-Owl-8B,agent,Mind2Web--47186fac8e7c7277af01144644eb4e0b_121125,www.parkers.co.uk,0c7fb82cebe7eb3efe39deab6845e86b,0,0,500.306,3392,3229,3229,340,1,184,2646,3865,10298,82,0
GUI-Owl-8B,agent,Mind2Web--47186fac8e7c7277af01144644eb4e0b_121125,www.parkers.co.uk,68fe3f258aba3a1fa051bae3b7708d2d,0,0,500.328,3616,3386,3386,358,1,190,2839,4106,10974,103,0
GUI-Owl-8B,agent,Mind2Web--fa9adb815b85d259f943d81874a052e5,soundcloud.com,99b92a9479006bb43a1816312614a63e,0,0,107.264,6,6,6,1,0,1,5,4,18,0,0
GUI-Owl-8B,agent,Mind2Web--b922508886ded315c9835457a6eb43ea,jobs.chronicle.com,d3c2ddbc55f2e0924ba20a60eaaf566d,0,0,58.651,10,10,10,1,0,1,9,8,30,0,0
GUI-Owl-8B,agent,Mind2Web--5d542a7ec1fa142ba73cc87d970caf39,dblp.org,2f54ddc10aa1164069944d4c498a04f8,0,0,348.178,69,0,0,0,0,0,2,68,207,0,0
GUI-Owl-8B,agent,Mind2Web--5d542a7ec1fa142ba73cc87d970caf39,dblp.org,0ff234c2198abebea7d5e9f4cf86ad9b,0,0,357.878,68,0,0,0,0,0,1,67,204,0,0
GUI-Owl-8B,agent,Mind2Web--864244b6969e0f8733b0eb1ca06cd51f,www.espn.com,4b60d383c692c7d1cda51a366745d140,1,0,399.966,618,598,598,165,3,87,324,693,1873,9,0
GUI-Owl-8B,agent,Mind2Web--864244b6969e0f8733b0eb1ca06cd51f,www.espn.com,f4447a4281352bf673c184aaf8fb6d05,0,0,500.272,629,604,604,155,3,77,316,710,1913,13,0
GUI-Owl-8B,agent,Mind2Web--01abae9608f2d8752a83e08f136f720c,www.cboe.com,b8794e76333662479293ab55b04c1644,1,0,334.4,403,286,286,40,1,11,151,546,1211,9,0
GUI-Owl-8B,agent,Mind2Web--01abae9608f2d8752a83e08f136f720c,www.cboe.com,0e0641ec5e6b4c10f5c62a8836889f05,1,0,329.204,400,283,283,40,1,10,150,543,1202,9,0
GUI-Owl-8B,agent,Mind2Web--da8f3823a827c7d3a492f383808e7912,www.instructure.com,69f4c5ec802faaba0174b796066d558b,1,0,284.423,491,183,183,49,3,7,265,510,1462,14,0
GUI-Owl-8B,agent,Mind2Web--da8f3823a827c7d3a492f383808e7912,www.instructure.com,2993fc35b70ce231a4e7a195bf147c98,1,0,257.482,316,155,155,62,1,11,98,346,939,19,0
GUI-Owl-8B,agent,Mind2Web--8689af4d33ce00bf2cdd8987d3bbfd86,www.apple.com,71680bf45833209f185f27bde44e9cf1,1,0,377.245,121,17,17,3,3,2,121,118,367,1,0
GUI-Owl-8B,agent,Mind2Web--3dca7cbe7d086619d837ff9f5312cebc_110325,zara.com,c6327f3d4c030310118703a05afed50b,0,0,71.355,8,7,7,1,1,1,6,4,24,0,0
GUI-Owl-8B,agent,Mind2Web--3dca7cbe7d086619d837ff9f5312cebc_110325,zara.com,c08abb35e2c4bf15b7d910277a68188c,0,0,81.611,8,7,7,1,1,1,6,4,24,0,0
GUI-Owl-8B,agent,Mind2Web--8689af4d33ce00bf2cdd8987d3bbfd86,www.apple.com,162b0cef9d0e14d3cf04aeba2f25494d,0,0,435.617,55,3,3,2,1,1,55,56,167,0,0
GUI-Owl-8B,agent,Mind2Web--78f397336b6fd1cbba0127db7a8cd502,www.redbull.com,82c6750043ac588ef2f15516f55ffc38,0,0,500.196,185,109,109,9,0,0,183,209,561,2,0
GUI-Owl-8B,agent,Mind2Web--78baf9dbe7c3532f7d7ef4cc22a7f065_121125,www.statista.com,aefcb0f38fab804cccdabdc9d2b2c52d,0,0,31.141,0,0,0,0,0,0,0,0,0,0,0
GUI-Owl-8B,agent,Mind2Web--78f397336b6fd1cbba0127db7a8cd502,www.redbull.com,cc71ad890b39534f4d6d7de9eb5df7e7,0,0,500.213,185,109,109,9,0,0,183,209,561,2,0
GUI-Owl-8B,agent,Mind2Web--b962927dfe03bf2274a54381127ed433,bandcamp.com,ff1c478003b95fdd0ca4338df86a51af,1,0,373.309,502,477,477,12,1,4,15,499,1503,1,0
GUI-Owl-8B,agent,Mind2Web--b962927dfe03bf2274a54381127ed433,bandcamp.com,a125f939ba012af4dea33ea4ca305876,1,0,366.193,552,527,527,12,1,4,15,549,1653,1,0
GUI-Owl-8B,agent,Mind2Web--512fd4deab099b8dc0dcfc0ec48a3c63,github.com,13df650c60adfeed09a0b96836ad2c4f,1,0,210.284,490,453,453,3,5,1,51,483,1468,0,0
GUI-Owl-8B,agent,Mind2Web--78baf9dbe7c3532f7d7ef4cc22a7f065_121125,www.statista.com,556547370faaa05a145d679e0f226457,1,0,365.53,78,50,50,5,0,0,28,75,233,0,0
GUI-Owl-8B,agent,Mind2Web--c7c07ec10c668625a21ba64165d719bb,www.verizon.com,59fea6ea26435ce8cbbd23cdf7ec5b38,1,0,393.756,535,469,469,90,1,31,248,413,1602,23,0
GUI-Owl-8B,agent,Mind2Web--c7c07ec10c668625a21ba64165d719bb,www.verizon.com,a53bf3aeafe6a77f2ce338179700d601,1,0,382.884,523,456,456,89,1,30,249,411,1566,23,0
GUI-Owl-8B,agent,Mind2Web--157f4a79d55e8fa3fd55ba772ba40fbc,www.disney.com,2d26cfc33d538143c603a61684b9732b,0,0,64.348,6,5,5,1,1,1,4,4,18,0,0
GUI-Owl-8B,agent,Mind2Web--157f4a79d55e8fa3fd55ba772ba40fbc,www.disney.com,c62022847883599f102452acebb603d5,0,0,80.935,6,5,5,1,1,1,4,4,18,0,0
GUI-Owl-8B,agent,Mind2Web--62c8d970b3d13891f355911e5a8f4030,store.steampowered.com,160f552386137f294d52acbd76e60deb,0,0,155.705,7,7,7,1,0,1,6,4,21,0,0
GUI-Owl-8B,agent,Mind2Web--62c8d970b3d13891f355911e5a8f4030,store.steampowered.com,e259ef4a9e57d7972917252882e813d7,0,0,75.327,5,5,5,1,0,1,4,4,15,0,0
GUI-Owl-8B,agent,Mind2Web--512fd4deab099b8dc0dcfc0ec48a3c63,github.com,66ed3b73ef4496f27577e61b7a8c79e3,0,0,489.835,167,154,154,3,1,1,20,161,501,0,0
GUI-Owl-8B,agent,Mind2Web--d9d8b7d84a3f8d057e368254fe8d65e2,github.com,290f28ee6d3e58e65ac44dfb8ed39deb,0,0,392.543,157,146,146,2,0,0,10,156,471,0,0
GUI-Owl-8B,agent,Mind2Web--47bfe8a7e0e4e7efc837287b407fbe90,versus.com,4a5590fbcc18f0940ee4ecda12d3ee5b,1,0,50.269,1471,1456,1456,251,1,172,1331,1552,4418,3,0
GUI-Owl-8B,agent,Mind2Web--d9d8b7d84a3f8d057e368254fe8d65e2,github.com,5cff40a9074b885917e6a815dfb53572,1,0,442.162,662,611,611,3,7,1,76,647,1984,0,0
GUI-Owl-8B,agent,Mind2Web--11857213ca01510f12813740afd59918_110325,www.birkenstock.com,87e8e9a94ca06746da0e87a8207885b8,0,0,500.181,161,104,104,25,1,2,160,212,489,19,0
GUI-Owl-8B,agent,Mind2Web--11857213ca01510f12813740afd59918_110325,www.birkenstock.com,90bc4de9cee5f33967e7b7d4ca9d5dc3,0,0,500.227,164,104,104,26,1,2,164,184,490,3,0
GUI-Owl-8B,agent,Mind2Web--47bfe8a7e0e4e7efc837287b407fbe90,versus.com,d11866dbfef321783684590cca719d7a,1,0,491.675,2245,2230,2230,294,1,206,1995,2430,6832,48,0
GUI-Owl-8B,agent,Mind2Web--bb314cb80f0f8489135cbf59074d11e2,iclr.cc,ed712fd5e446bcd9665d92e5d20dbd36,0,0,413.816,34,18,18,7,1,1,19,20,102,0,0
GUI-Owl-8B,agent,Mind2Web--bb314cb80f0f8489135cbf59074d11e2,iclr.cc,67f566e7831e61f093c014d58a4be53c,0,0,162.699,34,18,18,7,1,1,19,20,102,0,0
GUI-Owl-8B,agent,Mind2Web--1aeca99e6a60b0e3aefb3ef212bdce79,www.ca.gov,ef452f802e9c7f8bbe6ca74030eacd4a,0,0,358.692,22,7,7,4,0,0,4,21,66,0,0
GUI-Owl-8B,agent,Mind2Web--1aeca99e6a60b0e3aefb3ef212bdce79,www.ca.gov,e2ee183f9e831b1c050ef8c47e41cfc1,0,0,377.817,22,7,7,4,0,0,4,21,66,0,0
GUI-Owl-8B,agent,Mind2Web--d730f4ff450da1bd60a836163736ef6a_110325,www.backcountry.com,0b454f114ca8f7b5e03ad623dead2d35,1,0,401.584,469,391,391,75,1,13,277,487,1249,15,0
GUI-Owl-8B,agent,Mind2Web--d730f4ff450da1bd60a836163736ef6a_110325,www.backcountry.com,4674063c54d014cd19072c54a20c56fe,0,0,500.168,539,460,460,87,1,15,314,558,1427,22,0
GUI-Owl-8B,agent,Mind2Web--fe33894188d20d7469f37a9fd855e7ff_110325,sourceforge.net,fbab96fc7c07cc4734cf7841d1294091,1,0,183.426,33,28,28,2,1,2,8,28,104,0,0
GUI-Owl-8B,agent,Mind2Web--c8c1ff115879b3afd14280beb1559b13,www.4shared.com,54eec6770e4c1ed2cda2b6dbc162dc94,0,0,59.08,6,6,6,1,0,1,5,4,18,0,0
GUI-Owl-8B,agent,Mind2Web--c8c1ff115879b3afd14280beb1559b13,www.4shared.com,dd9d93c959c37dcf5b3f219a9140f064,0,0,26.093,5,5,5,1,0,1,4,4,15,0,0
GUI-Owl-8B,agent,Mind2Web--fe33894188d20d7469f37a9fd855e7ff_110325,sourceforge.net,867999d3fff301697cd0e8c3826407f6,0,0,500.169,78,69,69,2,3,2,31,57,244,0,0
GUI-Owl-8B,agent,Mind2Web--71f8de1834599fba443f40dbbfab8edd,arxiv.org,c4c84ce1f767fe7bf70cc544016eaf14,0,0,380.832,11,0,0,0,0,0,0,10,33,0,0
GUI-Owl-8B,agent,Mind2Web--71f8de1834599fba443f40dbbfab8edd,arxiv.org,ff1778ebaec717d6375c8994ad135135,0,0,367.428,11,0,0,0,0,0,0,10,33,0,0
GUI-Owl-8B,agent,Mind2Web--d4fb78b7e74508cd3b33f01cf9200997,www.americashealthrankings.org,3b473293f99a57e2b6d3d224aba9d679,0,0,366.663,203,27,27,11,0,0,143,208,607,1,0
GUI-Owl-8B,agent,Mind2Web--d4fb78b7e74508cd3b33f01cf9200997,www.americashealthrankings.org,e4f38c1e3494447ab5c0805864c67c25,1,0,203.488,238,73,73,12,4,1,109,250,708,2,0
GUI-Owl-8B,agent,Mind2Web--0e42c3a73f2aece1f854e0ba55b7c8b0,www.google.com,53117483cd2589954090d4c6db36e92d,0,0,500.223,273,68,68,10,0,0,209,275,715,6,0
GUI-Owl-8B,agent,Mind2Web--59912927c1fddee6ded8a49986896bc2,www.samsung.com,129eba8f80e91e3f365ea8e783e11f49,1,0,61.183,345,249,249,82,1,19,257,348,1031,1,0
GUI-Owl-8B,agent,Mind2Web--59912927c1fddee6ded8a49986896bc2,www.samsung.com,e031658e8aac7ea68550adee7cb943b0,1,0,61.153,321,240,240,79,1,19,235,324,959,1,0
GUI-Owl-8B,agent,Mind2Web--0e42c3a73f2aece1f854e0ba55b7c8b0,www.google.com,204742b451b24ca19c0ad57f82b4c6c3,0,0,333.657,271,66,66,10,0,0,209,273,709,6,0
GUI-Owl-8B,agent,Mind2Web--96afb3c51146b0c2a9c55f039a5ea6d6,www.merriam-webster.com,ebc68dca797729756314d21ff2dc86be,0,0,500.305,1907,1715,1715,295,1,166,1364,1953,5751,48,0
GUI-Owl-8B,agent,Mind2Web--96afb3c51146b0c2a9c55f039a5ea6d6,www.merriam-webster.com,c1ad15c68c69687d153da45c3e8a93e2,0,0,500.276,2101,1734,1734,251,1,134,1533,2208,6351,8,0
GUI-Owl-8B,agent,Mind2Web--e43cbc8a0bf9e999884928d11006f894_110325,www.airbnb.com,dc154cd159d7ebfc85d5ab971c444fa1,0,0,500.231,270,218,218,27,3,8,104,328,901,51,0
GUI-Owl-8B,agent,Mind2Web--c3a333968fc3c43d7f2688f425a0d633,www.porsche.com,91eebfdf154a4f91b4b9af672a25cba6,1,0,199.045,196,119,119,15,1,3,85,172,570,0,0
GUI-Owl-8B,agent,Mind2Web--c3a333968fc3c43d7f2688f425a0d633,www.porsche.com,95c317918a7bc31908e03498081b0f59,1,0,169.418,401,249,249,16,3,4,170,355,1179,0,0
GUI-Owl-8B,agent,Mind2Web--e43cbc8a0bf9e999884928d11006f894_110325,www.airbnb.com,8e3fc73e6dadacd83617ab94a377fef3,0,0,500.207,285,227,227,27,3,8,109,341,974,59,0
GUI-Owl-8B,agent,Mind2Web--1b867afecf072cb877ebfa4069263746,www.americashealthrankings.org,3d37ffc78cfefc58d1bf44d8e75dc039,0,0,91.99,106,28,28,12,0,0,43,111,316,1,0
GUI-Owl-8B,agent,Mind2Web--c577a14301a725e09ccd269a3e0b271e_110325,www.wineaccess.com,0ad0ffcc73d3cc3ff30367927b7c4b2d,0,0,83.212,8,7,7,1,1,1,6,4,24,0,0
GUI-Owl-8B,agent,Mind2Web--c577a14301a725e09ccd269a3e0b271e_110325,www.wineaccess.com,10d82d0cc313a98f7cc47729a7b9b58b,1,0,132.533,12,10,10,1,3,1,9,8,36,0,0
GUI-Owl-8B,agent,Mind2Web--1b867afecf072cb877ebfa4069263746,www.americashealthrankings.org,a58ea5db1517b5f9714d74d59f5583d8,0,0,303.221,175,32,32,11,0,0,108,180,523,1,0
GUI-Owl-8B,agent,Mind2Web--bb5d90e6f2fbc0ae146f7c1998c2b4a1,www.ted.com,652b034577f1130a668d612a7187c5d9,1,0,357.209,324,175,175,37,3,10,60,351,961,0,0
GUI-Owl-8B,agent,Mind2Web--bb5d90e6f2fbc0ae146f7c1998c2b4a1,www.ted.com,3ead36b423a124a7bdfdee03bf95c7e5,0,0,1.966,1,0,0,0,0,0,0,0,3,0,0
GUI-Owl-8B,agent,Mind2Web--c39d6c245f8243993e707d54d2f4acec,www.leagueoflegends.com,8f29a1411d1badef10e23ab87d95b4bf,0,0,90.148,6,6,6,1,0,1,5,4,18,0,0
GUI-Owl-8B,agent,Mind2Web--c39d6c245f8243993e707d54d2f4acec,www.leagueoflegends.com,fbd4d160e0a0f2af9d8b63ad1aa76ef2,0,0,105.807,5,5,5,1,0,1,4,4,15,0,0
GUI-Owl-8B,agent,Mind2Web--c6c9dc6079677cef594cec2fa6b16602,www.ikea.com,4ebd177fc5af37b8fadcc9a961f7dfcf,0,0,333.144,103,7,7,2,0,0,95,102,309,0,0
GUI-Owl-8B,agent,Mind2Web--c6c9dc6079677cef594cec2fa6b16602,www.ikea.com,90c3a1c81b0e3ee23dc0cdbaf3505ca7,0,0,311.64,103,7,7,2,0,0,95,102,309,0,0
GUI-Owl-8B,agent,Mind2Web--b2f4fde2fce122a93c7b578086cb0585,www.booking.com,929fa907383730ed41752b907f678c0d,1,0,331.888,376,279,279,39,1,13,142,439,1141,86,0
GUI-Owl-8B,agent,Mind2Web--b2f4fde2fce122a93c7b578086cb0585,www.booking.com,5453b82b6c959fe4e3f01f283f157f26,1,0,319.592,392,288,288,43,1,14,150,476,1201,111,0
GUI-Owl-8B,agent,Mind2Web--d02d236836924919f35f2438d9ed2374,www.imdb.com,6475b1069de658a52f00bc0cae0593c2,0,0,500.221,135,117,117,11,1,2,31,139,399,0,0
GUI-Owl-8B,agent,Mind2Web--d02d236836924919f35f2438d9ed2374,www.imdb.com,97629a3795ab7453ee378050fab635d3,0,0,500.109,135,117,117,11,1,2,31,139,399,0,0
GUI-Owl-8B,agent,Mind2Web--3621b099326c7aebd2e2dac6be3b52d1,www.nvidia.com,7a6d393e430f216802b20d8798d18b37,0,0,413.044,128,26,26,6,0,0,102,126,384,0,0
GUI-Owl-8B,agent,Mind2Web--3621b099326c7aebd2e2dac6be3b52d1,www.nvidia.com,59781ef47c1eb53ceca4ebfba805100d,0,0,415.802,74,26,26,6,0,0,48,72,222,0,0
GUI-Owl-8B,agent,Mind2Web--f27b393bbd2082f92b566270c4b74fe6,www.parkers.co.uk,96871473394fba2b3eeb8eaa7b5f469a,0,0,500.302,3022,2807,2807,307,1,176,2363,3519,9211,42,0
GUI-Owl-8B,agent,Mind2Web--f27b393bbd2082f92b566270c4b74fe6,www.parkers.co.uk,832679d029629ea0ebcd540d890115b3,0,0,500.373,3424,3183,3183,308,1,174,2638,3973,10415,65,0
GUI-Owl-8B,agent,Mind2Web--ba01ea557b73f864c35ebba0dd6f3cb2,www.google.com,750f6569cd659e66cb1b64162a589402,0,0,500.154,466,67,67,10,0,0,403,472,1000,10,0
GUI-Owl-8B,agent,Mind2Web--ba01ea557b73f864c35ebba0dd6f3cb2,www.google.com,96be843cfc73ec240683d21ec5fd6d7e,0,0,500.126,547,137,137,11,2,1,422,550,1435,12,0
GUI-Owl-8B,agent,Mind2Web--662ae0f2d3ac851dbcdd245f908277e3,wanderlog.com,8085529cf07d9725d461b58a00b0a2f2,1,0,394.129,115,26,26,13,3,2,92,113,343,6,0
GUI-Owl-8B,agent,Mind2Web--a96fca87a17d792644e736d1d10d3cbe,mega.io,9d7b59494e75740ed6cc37c9b7f1211d,0,0,15.844,5,5,5,1,0,1,4,4,15,0,0
GUI-Owl-8B,agent,Mind2Web--a96fca87a17d792644e736d1d10d3cbe,mega.io,3fe5a88f96f7000623f6ca7e62cc5bf5,0,0,76.09,6,6,6,1,0,1,5,4,18,0,0
GUI-Owl-8B,agent,Mind2Web--662ae0f2d3ac851dbcdd245f908277e3,wanderlog.com,1685d229cee6d5c2dd40f91f64b1d94a,1,0,374.407,197,46,46,13,6,2,153,194,589,12,0
GUI-Owl-8B,agent,Mind2Web--2c8ef01a92c71ba9ef2e59bb17eea2b3_110325,www.bhphotovideo.com,8297ba1681472ab0739badaa978e0426,0,0,206.589,102,40,40,21,0,0,77,109,359,0,0
GUI-Owl-8B,agent,Mind2Web--461ab9b0c7b20ac5f912704480979c65,www.nyse.com,85a0797edbca9abb746d11ab73657790,0,0,302.986,186,173,173,11,0,0,22,75,557,8,0
GUI-Owl-8B,agent,Mind2Web--3084bc225219fcb73dc1cb0f97276c1c,www.ups.com,d1d90b0f5bfb577cb2b2e00dca918714,0,0,86.442,7,7,7,1,0,1,6,4,21,0,0
GUI-Owl-8B,agent,Mind2Web--461ab9b0c7b20ac5f912704480979c65,www.nyse.com,d4985b6bd331ac5275ee01351f250c1d,1,0,337.161,191,174,174,11,1,1,27,80,572,8,0
GUI-Owl-8B,agent,Mind2Web--2c8ef01a92c71ba9ef2e59bb17eea2b3_110325,www.bhphotovideo.com,eb111e010a88aebc59b2a05ecdeb908c,0,0,277.225,93,35,35,20,0,0,69,100,328,0,0
GUI-Owl-8B,agent,Mind2Web--3084bc225219fcb73dc1cb0f97276c1c,www.ups.com,c2325c0d4245dd627d2ba37d7a6f7fe6,0,0,83.442,6,6,6,1,0,1,5,4,18,0,0
GUI-Owl-8B,agent,Mind2Web--636b07af4dd97c1793733db1fd1b90b8_110325,www.jcpenney.com,134650bf629b5d39e64f7d4685d05a32,0,0,113.925,8,7,7,1,1,1,6,4,24,0,0
GUI-Owl-8B,agent,Mind2Web--636b07af4dd97c1793733db1fd1b90b8_110325,www.jcpenney.com,e0a27736de44cce0d222c87d0a3b1149,0,0,69.467,11,10,10,1,1,1,9,4,33,0,0
GUI-Owl-8B,agent,Mind2Web--38203be65401943aea2179c4c680059a,new.mta.info,79e5e454167d563f98ff00fe482310b0,0,0,51.757,6,5,5,1,1,1,4,4,18,0,0
GUI-Owl-8B,agent,Mind2Web--38203be65401943aea2179c4c680059a,new.mta.info,3cc7ea96615de3beb440661aea621374,0,0,141.619,10,9,9,1,1,1,8,4,30,0,0
GUI-Owl-8B,agent,Mind2Web--949dc965a6c23a95663b3bc2ca2c3a8a,www.flightaware.com,b9cc8ab8a767b2b1ab1ef4c66d024535,1,0,419.632,259,82,82,14,1,2,191,263,743,2,0
GUI-Owl-8B,agent,Mind2Web--949dc965a6c23a95663b3bc2ca2c3a8a,www.flightaware.com,2ec918ae091b0f06f7cc7a0df673868f,1,0,389.971,267,86,86,14,1,2,195,274,767,2,0
GUI-Owl-8B,agent,Mind2Web--cf757a775fa1224acfc7998489e199a8,www.ryanair.com,020498f1827cdf341c1cd6a5464986cc,1,0,365.942,104,41,41,8,1,1,63,102,306,1,0
GUI-Owl-8B,agent,Mind2Web--cf757a775fa1224acfc7998489e199a8,www.ryanair.com,7c756ee26d2167f37ed485030d514fac,1,0,395.407,105,42,42,8,3,1,63,103,309,1,0
GUI-Owl-8B,agent,Mind2Web--d8e2a81fa621ce4737e5ea85671b630e_110325,ziprecruiter.com,a563b67f56691e92d94fc7eaa7c8ec86,1,0,441.636,29,27,27,6,1,2,19,19,79,0,0
GUI-Owl-8B,agent,Mind2Web--199be0b54a436daee74247971fc684ee_110325,www.dillards.com,3593789e3a1c4420eb354f090aed2bdb,0,0,52.595,20,16,16,4,1,1,7,11,56,0,0
GUI-Owl-8B,agent,Mind2Web--199be0b54a436daee74247971fc684ee_110325,www.dillards.com,20d2955a95920b3f0cd4f6809dd70863,0,0,75.677,23,19,19,4,1,1,10,11,65,0,0
GUI-Owl-8B,agent,Mind2Web--d8e2a81fa621ce4737e5ea85671b630e_110325,ziprecruiter.com,4376ca51c01c8ed9407d85604a4efa07,1,0,468.455,29,27,27,6,1,2,19,19,79,0,0
GUI-Owl-8B,agent,Mind2Web--63d6866fc000fcb1f153e07604bd1395,us.trip.com,c6ab71be248cf46da57628b3c3238e2e,0,0,383.954,492,325,325,29,1,1,289,523,1495,7,0
GUI-Owl-8B,agent,Mind2Web--fc53ddd3421411a41c1020a3fdc84ec4,www.bestbuy.com,7a3472f685505c4b331ac79f9e88b820,0,0,2.582,0,0,0,0,0,0,0,0,0,0,0
GUI-Owl-8B,agent,Mind2Web--63d6866fc000fcb1f153e07604bd1395,us.trip.com,757224633e3775d414b1ed73414d80f7,0,0,482.3,363,255,255,17,1,1,172,388,1099,0,0
GUI-Owl-8B,agent,Mind2Web--9d46ccb915eff39ee1ae1e7328f5f20d,www.ups.com,3ff6865802a5771895d35f18519fc6ce,0,0,72.543,10,10,10,1,0,1,9,8,30,0,0
GUI-Owl-8B,agent,Mind2Web--9d46ccb915eff39ee1ae1e7328f5f20d,www.ups.com,648bf543caf13a75c858ebd4eab25104,0,0,94.535,10,10,10,1,0,1,9,8,30,0,0
GUI-Owl-8B,agent,Mind2Web--c00437fd76a7a83b57f3dc4e5dbc41f8,www.amazon.jobs,5e0a40464d15b31f9d709f624ccf5eaf,1,0,319.906,53,49,49,15,1,2,31,54,155,1,0
GUI-Owl-8B,agent,Mind2Web--c00437fd76a7a83b57f3dc4e5dbc41f8,www.amazon.jobs,3127ccf37588ebac8f9b11b809663802,1,0,372.426,55,50,50,15,1,2,32,56,161,1,0
GUI-Owl-8B,agent,Mind2Web--fc53ddd3421411a41c1020a3fdc84ec4,www.bestbuy.com,20a1e645d43d5766297cae1d979da0da,1,0,316.064,118,46,46,4,1,1,75,116,354,0,0
GUI-Owl-8B,agent,Mind2Web--d1970c16271496cbbe166ecbecc0a1d8,macyswineshop.com,13c49cf1bd42e9b5b05e879673e3adbe,0,0,500.211,603,204,204,39,3,3,396,601,1604,1,0
GUI-Owl-8B,agent,Mind2Web--d1970c16271496cbbe166ecbecc0a1d8,macyswineshop.com,a971bd2371f15dd2e82dbeab3663ca79,0,0,500.235,572,189,189,38,3,3,380,570,1543,1,0
GUI-Owl-8B,agent,Mind2Web--7211af65d266402f99499053924262e9,www.amazon.jobs,78d477474bb0674ebca639b5e13dfa85,1,0,374.987,53,49,49,15,1,2,31,54,155,1,0
GUI-Owl-8B,agent,Mind2Web--f707d765bca668830745d20807d7bee6,www.petfinder.com,1ea968df8506ee206e489b54f20229da,0,0,40.65,7,6,6,1,1,1,5,4,21,0,0
GUI-Owl-8B,agent,Mind2Web--f707d765bca668830745d20807d7bee6,www.petfinder.com,3b46760a1bd1c06c6c190ba0d7e8dc18,0,0,10.349,1,0,0,0,0,0,0,0,3,0,0
GUI-Owl-8B,agent,Mind2Web--7211af65d266402f99499053924262e9,www.amazon.jobs,0513fd3031fef1b2cc9588d9796b12ef,1,0,283.188,166,150,150,16,5,3,109,169,488,3,0
GUI-Owl-8B,agent,Mind2Web--4464a8421f8bc8786524a499258dfad3,www.bestbuy.com,b6532f4f5971a04a74387e50b0931ed7,0,0,500.191,579,230,230,4,8,1,372,569,1737,0,0
GUI-Owl-8B,agent,Mind2Web--4464a8421f8bc8786524a499258dfad3,www.bestbuy.com,0838d557ae1d483152a1bc4261e4a82c,0,0,7.575,0,0,0,0,0,0,0,0,0,0,0
GUI-Owl-8B,agent,Mind2Web--d392e154c1c6ffbb26e2331c3afafc67,www.bestbuy.com,35ae607a2a922df1a977ebe04590d3ef,0,0,1.312,0,0,0,0,0,0,0,0,0,0,0
GUI-Owl-8B,agent,Mind2Web--367d843c640637745e8fafa741cca13b,www.apartments.com,3494da45e8c480c73b822311a71d8062,0,0,17.393,1,0,0,0,0,0,0,0,3,0,0
GUI-Owl-8B,agent,Mind2Web--a5c87cc1c94a090c9a8dc2c8b6a125d0,www.accuweather.com,00ef3fa50b6f24a21a32645e4c50ac3d,0,0,67.641,6,6,6,1,0,1,5,4,18,0,0
GUI-Owl-8B,agent,Mind2Web--367d843c640637745e8fafa741cca13b,www.apartments.com,daec68d4a7b550c4a3ffe97ba2746e50,1,0,72.482,18,15,15,1,5,1,16,12,54,0,0
GUI-Owl-8B,agent,Mind2Web--a5c87cc1c94a090c9a8dc2c8b6a125d0,www.accuweather.com,f74330e71830bb1d111dda93c37c4940,0,0,102.741,6,6,6,1,0,1,5,4,18,0,0
GUI-Owl-8B,agent,Mind2Web--84ef883a37af638c3bcf7561f28ce80a,www.cars.com,fa575b1f32022513be27c84cc7005594,1,0,155.518,34,30,30,2,1,2,9,27,106,0,0
GUI-Owl-8B,agent,Mind2Web--84ef883a37af638c3bcf7561f28ce80a,www.cars.com,c37df79005aac6b558d7a0c59edd028c,1,0,201.032,53,45,45,1,3,1,7,48,168,0,0
GUI-Owl-8B,agent,Mind2Web--d392e154c1c6ffbb26e2331c3afafc67,www.bestbuy.com,923a7d952755db3d979bf9fa1fbd09b4,0,0,500.101,236,93,93,4,3,1,152,231,708,0,0
GUI-Owl-8B,agent,Mind2Web--d9a8689393effeed75ea0866e44e1def,www.justice.gov,658ebb6066c4cda14b842b2d395d6519,0,0,500.244,354,285,285,20,3,3,173,439,1132,37,0
GUI-Owl-8B,agent,Mind2Web--d9a8689393effeed75ea0866e44e1def,www.justice.gov,2551e95b8fdc6060a1bb892f59fc5aab,0,0,500.225,313,241,241,16,3,3,146,388,1000,27,0
GUI-Owl-8B,agent,Mind2Web--28e7574e7bd6d14f36d2988a5ef2bd23,ohiomeansjobs.ohio.gov,1c2dbef6cfe8fe9b16c9965888b85e58,1,0,53.216,42,35,35,14,1,2,20,57,129,4,0
GUI-Owl-8B,agent,Mind2Web--1bc154377120ec15b18dbabdba49c741_112325,www.stubhub.com,225bf5895f5b25a0d16076293a361934,1,0,426.179,180,159,159,19,1,1,49,199,535,2,0
GUI-Owl-8B,agent,Mind2Web--1bc154377120ec15b18dbabdba49c741_112325,www.stubhub.com,072811dd156d91d1f05a70a4fa6de2f6,1,0,396.144,172,148,148,19,1,1,54,192,507,2,0
GUI-Owl-8B,agent,Mind2Web--28e7574e7bd6d14f36d2988a5ef2bd23,ohiomeansjobs.ohio.gov,829535f6d263cdd85db9cf61ff499e9a,1,0,398.921,48,41,41,15,1,3,25,60,147,4,0
GUI-Owl-8B,agent,Mind2Web--1c3b747ae12ccee895745f82e3f2ef8a,www.kaggle.com,72d6e6948778a5393d490dac471a54b7,1,0,456.045,34,33,33,4,1,2,9,28,101,0,0
GUI-Owl-8B,agent,Mind2Web--1c3b747ae12ccee895745f82e3f2ef8a,www.kaggle.com,851ec3604fa35c3974d97362203af784,1,0,344.667,25,24,24,3,1,1,2,24,75,0,0
GUI-Owl-8B,agent,Mind2Web--7abdceee212151f187ee1a1744c57606,www.uscis.gov,fe7f93cd9aea2fe5301721818a8747fd,1,0,241.402,198,138,138,30,1,4,76,212,615,12,0
GUI-Owl-8B,agent,Mind2Web--d1807551297ac60ecaaabbd2a2ed301a_110325,superlawyers.com,8afa1bdd2cda7b4cc6529e93e0082a3a,0,0,500.1,201,118,118,35,3,8,110,207,607,1,0
GUI-Owl-8B,agent,Mind2Web--d1807551297ac60ecaaabbd2a2ed301a_110325,superlawyers.com,ce71c9a24b8073cfa55c1c7dcc6d282f,0,0,500.203,198,121,121,34,3,8,107,204,598,1,0
GUI-Owl-8B,agent,Mind2Web--7abdceee212151f187ee1a1744c57606,www.uscis.gov,de5a6588d839554375dd792213715a1e,1,0,377.53,178,118,118,29,1,3,51,182,549,0,0
GUI-Owl-8B,agent,Mind2Web--0e5536aaad9d3462b06cf725e6ed535a,www.cbp.gov,84da2420e0fb121c708178c4a2fba7bf,1,0,383.55,149,44,44,16,1,2,11,151,452,0,0
GUI-Owl-8B,agent,Mind2Web--0e5536aaad9d3462b06cf725e6ed535a,www.cbp.gov,0603e56d36f550b27436ce2044d15a94,1,0,366.328,141,36,36,16,1,2,10,143,428,0,0
GUI-Owl-8B,agent,Mind2Web--bc2ce7f206045dd2d322e5695a947219,smartasset.com,db405f8baf6905a8fa4f662d869c7ae7,1,0,408.551,552,311,311,37,1,3,261,577,1877,12,0
GUI-Owl-8B,agent,Mind2Web--bc2ce7f206045dd2d322e5695a947219,smartasset.com,10551f38074bd34de5f81148dc68df89,1,0,441.688,193,115,115,36,1,3,99,215,655,10,0
GUI-Owl-8B,agent,Mind2Web--a48e2f1ee8d87eaeea56fe5e730427e6,www.chess.com,4cbeabcf60041571ce024ce095ca771f,0,0,125.622,139,21,21,7,1,1,124,139,415,0,0
GUI-Owl-8B,agent,Mind2Web--7e6993f2c5cd72c44809024f0bc85dc1,imgur.com,275b6f8b9991e6697e8b1169c5454c6c,1,0,205.987,1224,971,971,192,3,125,1004,1258,3603,2,0
GUI-Owl-8B,agent,Mind2Web--7e6993f2c5cd72c44809024f0bc85dc1,imgur.com,d0e401c187852b727c46d43fb3b9c947,0,0,1.39,0,0,0,0,0,0,0,0,0,0,0
GUI-Owl-8B,agent,Mind2Web--dd44c665cec1e9c929a4c5f074e7844a_110325,spothero.com,4eba699c45b6afb9243f526ef880c992,0,0,1.405,0,0,0,0,0,0,0,0,0,0,0
GUI-Owl-8B,agent,Mind2Web--99daaed9a83c266341d28aa40067d376,boardgamegeek.com,7b249f4b99c49e5a8b3d7dc507b6e0e0,0,0,1.196,0,0,0,0,0,0,0,0,0,0,0
GUI-Owl-8B,agent,Mind2Web--99daaed9a83c266341d28aa40067d376,boardgamegeek.com,5bd6efb601c0b0b2895e53c25cc2bc9c,0,0,1.203,0,0,0,0,0,0,0,0,0,0,0
GUI-Owl-8B,agent,Mind2Web--a48e2f1ee8d87eaeea56fe5e730427e6,www.chess.com,904af40ad740f1bbfe9a321266bb00ce,0,0,1.261,0,0,0,0,0,0,0,0,0,0,0
GUI-Owl-8B,agent,Mind2Web--dd44c665cec1e9c929a4c5f074e7844a_110325,spothero.com,5c3b7fef4cf20c1f69a1cc898c6b63b3,0,0,500.207,334,228,228,32,5,8,231,345,983,18,0
GUI-Owl-8B,agent,Mind2Web--7072d09436972a5d5fe7476e3e9f1559,www.americanexpress.com,d75420f457ea696457b136b0b6fd9f1a,0,0,500.221,374,247,247,28,1,6,160,24,1115,5,0
GUI-Owl-8B,agent,Mind2Web--753f372c189d3b306623cb0c65b50320,www.sec.gov,51d0f7913c577ad8deec0ab6e905fe4f,0,0,64.593,7,5,5,1,1,1,4,5,21,0,0
GUI-Owl-8B,agent,Mind2Web--753f372c189d3b306623cb0c65b50320,www.sec.gov,591375f51bf8f1a2c5194341e12c96d2,0,0,86.051,8,6,6,1,1,1,5,5,24,0,0
GUI-Owl-8B,agent,Mind2Web--2c20d87a046fadcb6ff07ee877bfbf37,www.irs.gov,852ff6a861a882bfd07b263dae85e371,0,0,363.045,51,15,15,5,1,1,41,57,161,0,0
GUI-Owl-8B,agent,Mind2Web--7072d09436972a5d5fe7476e3e9f1559,www.americanexpress.com,d569167e97a99ce52edb665ca756fe37,0,0,500.199,36,30,30,2,0,0,5,1,108,0,0
GUI-Owl-8B,agent,Mind2Web--2c20d87a046fadcb6ff07ee877bfbf37,www.irs.gov,e0abd60eec26cc511ba8cc13de5110ac,0,0,359.044,51,15,15,5,1,1,41,57,161,0,0
GUI-Owl-8B,agent,Mind2Web--733f1d8bf79d5bc2240c5357f928ffff,www.tourradar.com,759902e4e335f1fcc9245071e0926dd0,0,0,427.114,73,65,65,6,0,0,65,72,217,1,0
GUI-Owl-8B,agent,Mind2Web--733f1d8bf79d5bc2240c5357f928ffff,www.tourradar.com,17ee5c283a943cdf8eb2f246b31b4bcc,0,0,451.594,69,64,64,6,0,0,62,68,205,1,0
GUI-Owl-8B,agent,Mind2Web--f05e87c5b92d9869e08806103c1c15a1,www.ycombinator.com,d9023fa82b9959f502c27642a17c1f50,1,0,314.356,1755,1731,1731,17,7,1,458,1742,5271,0,0
GUI-Owl-8B,agent,Mind2Web--f158345f8489e0d1d91e28768c39bca1,azure.microsoft.com,19f41c5cbaaa9948604dad417f449316,0,0,96.262,5,5,5,1,0,1,4,4,15,0,0
GUI-Owl-8B,agent,Mind2Web--f158345f8489e0d1d91e28768c39bca1,azure.microsoft.com,3f267cb08d4ae2894477ef8a2fdd2d78,0,0,170.964,5,5,5,1,0,1,4,4,15,0,0
GUI-Owl-8B,agent,Mind2Web--f05e87c5b92d9869e08806103c1c15a1,www.ycombinator.com,a6b47303b4999cdc49f85cba7da64d7e,1,0,462.991,3170,3127,3127,17,11,1,752,3156,9516,0,0
GUI-Owl-8B,agent,Mind2Web--3ef64f34eae59c9fac7ee9a4f18b4a0c,www.youtube.com,fb60468c74492f898f554fd587695b30,1,0,139.887,142,107,107,10,1,3,34,143,587,33,0
GUI-Owl-8B,agent,Mind2Web--3ef64f34eae59c9fac7ee9a4f18b4a0c,www.youtube.com,4f8ee1eb177c59ac7efc2fefdcecaeee,1,0,320.985,149,113,113,11,1,3,35,152,624,35,0
GUI-Owl-8B,agent,Mind2Web--1ab384fb3a791edfb410213cc6b82151_110325,phet.colorado.edu,1b55f5048909f72228e827aec4769eab,0,0,419.367,58,10,10,7,0,0,9,57,179,0,0
GUI-Owl-8B,agent,Mind2Web--1ab384fb3a791edfb410213cc6b82151_110325,phet.colorado.edu,a29d5de2389725eb7644833f2b187d66,0,0,1.268,0,0,0,0,0,0,0,0,0,0,0
GUI-Owl-8B,agent,Mind2Web--1223b07536a87e0170ff87cbbebd1d3c,www.coolmath4kids.com,d593f838d93ff258dbb99ddb3416286e,1,0,431.353,152,76,76,19,1,5,44,154,461,0,0
GUI-Owl-8B,agent,Mind2Web--1223b07536a87e0170ff87cbbebd1d3c,www.coolmath4kids.com,9c0de2af4cfee02f9c418d2ff5402f79,1,0,392.984,130,57,57,18,1,5,23,129,392,0,0
