agent,task,condition,n_reps,success_rate,dominant_status,records_median,records_ci_lo,records_ci_hi,unique_hosts_median,unique_hosts_ci_lo,unique_hosts_ci_hi,third_party_hosts_median,third_party_hosts_ci_lo,third_party_hosts_ci_hi,rq3_blocks_search_median,rq3_blocks_search_ci_lo,rq3_blocks_search_ci_hi,rq3_blocks_offdomain_median,rq3_blocks_offdomain_ci_lo,rq3_blocks_offdomain_ci_hi,rq3_blocks_cmp_median,rq3_blocks_cmp_ci_lo,rq3_blocks_cmp_ci_hi,duration_seconds_median,duration_seconds_ci_lo,duration_seconds_ci_hi
browser-use,Allrecipes--0,C0,1,1.0,success,664,664,664,113,113,113,110,110,110,0,0,0,0,0,0,0,0,0,37.7,37.7,37.7
browser-use,Allrecipes--0,C2,1,1.0,success,40,40,40,11,11,11,10,10,10,0,0,0,6,6,6,0,0,0,54.4,54.4,54.4
browser-use,Allrecipes--0,C5,1,1.0,success,371,371,371,14,14,14,13,13,13,0,0,0,0,0,0,0,0,0,46.0,46.0,46.0
browser-use,Allrecipes--0,C7,1,1.0,success,59,59,59,11,11,11,10,10,10,0,0,0,4,4,4,0,0,0,42.7,42.7,42.7
browser-use,Allrecipes--0,C8,1,1.0,success,78,78,78,12,12,12,11,11,11,3,3,3,2,2,2,0,0,0,24.5,24.5,24.5
browser-use,Allrecipes--1,C0,1,1.0,success,1030,1030,1030,104,104,104,101,101,101,0,0,0,0,0,0,0,0,0,45.3,45.3,45.3
browser-use,Allrecipes--1,C2,1,1.0,success,49,49,49,11,11,11,10,10,10,0,0,0,4,4,4,0,0,0,72.0,72.0,72.0
browser-use,Allrecipes--1,C5,1,1.0,success,795,795,795,104,104,104,103,103,103,0,0,0,0,0,0,0,0,0,43.4,43.4,43.4
browser-use,Allrecipes--1,C7,1,1.0,success,41,41,41,13,13,13,12,12,12,0,0,0,6,6,6,0,0,0,29.3,29.3,29.3
browser-use,Allrecipes--1,C8,1,1.0,success,641,641,641,106,106,106,103,103,103,0,0,0,23,23,23,0,0,0,26.5,26.5,26.5
browser-use,Allrecipes--10,C0,1,1.0,success,1271,1271,1271,103,103,103,103,103,103,0,0,0,0,0,0,0,0,0,67.5,67.5,67.5
browser-use,Allrecipes--10,C2,1,1.0,success,98,98,98,14,14,14,13,13,13,0,0,0,5,5,5,0,0,0,79.7,79.7,79.7
browser-use,Allrecipes--10,C5,1,0.0,agent_error,588,588,588,17,17,17,17,17,17,0,0,0,0,0,0,0,0,0,164.5,164.5,164.5
browser-use,Allrecipes--10,C7,1,1.0,success,93,93,93,12,12,12,12,12,12,0,0,0,4,4,4,0,0,0,35.0,35.0,35.0
browser-use,Allrecipes--10,C8,1,1.0,success,243,243,243,72,72,72,72,72,72,0,0,0,13,13,13,1,1,1,28.0,28.0,28.0
browser-use,Allrecipes--11,C0,1,1.0,success,1303,1303,1303,137,137,137,134,134,134,0,0,0,0,0,0,0,0,0,58.3,58.3,58.3
browser-use,Allrecipes--11,C2,1,1.0,success,784,784,784,120,120,120,117,117,117,0,0,0,25,25,25,0,0,0,42.4,42.4,42.4
browser-use,Allrecipes--11,C5,1,1.0,success,145,145,145,11,11,11,10,10,10,0,0,0,0,0,0,0,0,0,37.0,37.0,37.0
browser-use,Allrecipes--11,C7,1,1.0,success,1495,1495,1495,145,145,145,142,142,142,0,0,0,46,46,46,0,0,0,38.8,38.8,38.8
browser-use,Allrecipes--11,C8,1,1.0,success,873,873,873,127,127,127,124,124,124,0,0,0,24,24,24,0,0,0,46.2,46.2,46.2
browser-use,Allrecipes--12,C0,1,1.0,success,961,961,961,128,128,128,125,125,125,0,0,0,0,0,0,0,0,0,39.6,39.6,39.6
browser-use,Allrecipes--12,C2,1,1.0,success,756,756,756,100,100,100,97,97,97,0,0,0,19,19,19,0,0,0,37.2,37.2,37.2
browser-use,Allrecipes--12,C5,1,1.0,success,173,173,173,12,12,12,11,11,11,0,0,0,0,0,0,0,0,0,67.9,67.9,67.9
browser-use,Allrecipes--12,C7,1,1.0,success,1152,1152,1152,131,131,131,128,128,128,0,0,0,33,33,33,0,0,0,43.1,43.1,43.1
browser-use,Allrecipes--12,C8,1,1.0,success,896,896,896,129,129,129,126,126,126,0,0,0,26,26,26,0,0,0,30.9,30.9,30.9
browser-use,Allrecipes--13,C0,1,1.0,success,869,869,869,126,126,126,123,123,123,0,0,0,0,0,0,0,0,0,41.5,41.5,41.5
browser-use,Allrecipes--13,C2,1,1.0,success,1506,1506,1506,136,136,136,133,133,133,0,0,0,42,42,42,0,0,0,46.7,46.7,46.7
browser-use,Allrecipes--13,C5,1,1.0,success,102,102,102,8,8,8,7,7,7,0,0,0,0,0,0,0,0,0,32.6,32.6,32.6
browser-use,Allrecipes--13,C7,1,1.0,success,981,981,981,118,118,118,115,115,115,0,0,0,26,26,26,0,0,0,36.2,36.2,36.2
browser-use,Allrecipes--13,C8,1,1.0,success,898,898,898,126,126,126,123,123,123,0,0,0,23,23,23,0,0,0,36.6,36.6,36.6
browser-use,Allrecipes--14,C0,1,1.0,success,1185,1185,1185,127,127,127,124,124,124,0,0,0,0,0,0,0,0,0,34.2,34.2,34.2
browser-use,Allrecipes--14,C2,1,1.0,success,1067,1067,1067,121,121,121,118,118,118,0,0,0,35,35,35,0,0,0,38.1,38.1,38.1
browser-use,Allrecipes--14,C5,1,1.0,success,559,559,559,16,16,16,15,15,15,0,0,0,0,0,0,0,0,0,65.1,65.1,65.1
browser-use,Allrecipes--14,C7,1,1.0,success,1402,1402,1402,133,133,133,130,130,130,0,0,0,44,44,44,0,0,0,40.2,40.2,40.2
browser-use,Allrecipes--14,C8,1,1.0,success,948,948,948,122,122,122,119,119,119,0,0,0,37,37,37,0,0,0,46.2,46.2,46.2
browser-use,Allrecipes--15,C0,1,1.0,success,896,896,896,129,129,129,126,126,126,0,0,0,0,0,0,0,0,0,42.0,42.0,42.0
browser-use,Allrecipes--15,C2,1,1.0,success,623,623,623,110,110,110,107,107,107,0,0,0,18,18,18,0,0,0,41.0,41.0,41.0
browser-use,Allrecipes--15,C5,1,1.0,success,181,181,181,12,12,12,11,11,11,0,0,0,0,0,0,0,0,0,60.9,60.9,60.9
browser-use,Allrecipes--15,C7,1,1.0,success,866,866,866,125,125,125,122,122,122,0,0,0,27,27,27,0,0,0,30.8,30.8,30.8
browser-use,Allrecipes--15,C8,1,1.0,success,1139,1139,1139,127,127,127,124,124,124,0,0,0,38,38,38,0,0,0,42.2,42.2,42.2
browser-use,Allrecipes--16,C0,1,1.0,success,1254,1254,1254,133,133,133,130,130,130,0,0,0,0,0,0,0,0,0,46.8,46.8,46.8
browser-use,Allrecipes--16,C2,1,1.0,success,834,834,834,121,121,121,118,118,118,0,0,0,24,24,24,0,0,0,29.7,29.7,29.7
browser-use,Allrecipes--16,C5,1,1.0,success,562,562,562,14,14,14,13,13,13,0,0,0,0,0,0,0,0,0,34.7,34.7,34.7
browser-use,Allrecipes--16,C7,1,1.0,success,1413,1413,1413,127,127,127,124,124,124,0,0,0,54,54,54,0,0,0,41.6,41.6,41.6
browser-use,Allrecipes--16,C8,1,1.0,success,977,977,977,125,125,125,122,122,122,0,0,0,31,31,31,0,0,0,39.3,39.3,39.3
browser-use,Allrecipes--17,C0,1,1.0,success,1018,1018,1018,161,161,161,158,158,158,0,0,0,0,0,0,0,0,0,52.7,52.7,52.7
browser-use,Allrecipes--17,C2,1,1.0,success,141,141,141,14,14,14,13,13,13,0,0,0,4,4,4,0,0,0,71.7,71.7,71.7
browser-use,Allrecipes--17,C5,1,1.0,success,566,566,566,16,16,16,15,15,15,0,0,0,0,0,0,0,0,0,35.4,35.4,35.4
browser-use,Allrecipes--17,C7,1,1.0,success,95,95,95,11,11,11,10,10,10,0,0,0,5,5,5,0,0,0,65.3,65.3,65.3
browser-use,Allrecipes--17,C8,1,1.0,success,904,904,904,130,130,130,127,127,127,0,0,0,27,27,27,0,0,0,42.3,42.3,42.3
browser-use,Allrecipes--18,C0,1,1.0,success,1509,1509,1509,139,139,139,136,136,136,0,0,0,0,0,0,0,0,0,46.2,46.2,46.2
browser-use,Allrecipes--18,C2,1,1.0,success,1209,1209,1209,134,134,134,131,131,131,0,0,0,32,32,32,0,0,0,51.4,51.4,51.4
browser-use,Allrecipes--18,C5,1,1.0,success,197,197,197,12,12,12,11,11,11,0,0,0,0,0,0,0,0,0,59.5,59.5,59.5
browser-use,Allrecipes--18,C7,1,1.0,success,1143,1143,1143,124,124,124,121,121,121,0,0,0,40,40,40,0,0,0,44.0,44.0,44.0
browser-use,Allrecipes--18,C8,1,1.0,success,1141,1141,1141,139,139,139,136,136,136,0,0,0,31,31,31,0,0,0,39.7,39.7,39.7
browser-use,Allrecipes--19,C0,1,1.0,success,1087,1087,1087,109,109,109,106,106,106,0,0,0,0,0,0,0,0,0,36.3,36.3,36.3
browser-use,Allrecipes--19,C2,1,1.0,success,816,816,816,112,112,112,109,109,109,0,0,0,26,26,26,0,0,0,46.2,46.2,46.2
browser-use,Allrecipes--19,C5,1,1.0,success,201,201,201,15,15,15,14,14,14,0,0,0,0,0,0,0,0,0,52.5,52.5,52.5
browser-use,Allrecipes--19,C7,1,1.0,success,1032,1032,1032,110,110,110,107,107,107,0,0,0,38,38,38,0,0,0,35.2,35.2,35.2
browser-use,Allrecipes--19,C8,1,1.0,success,1100,1100,1100,119,119,119,116,116,116,0,0,0,42,42,42,0,0,0,32.8,32.8,32.8
browser-use,Allrecipes--2,C0,1,1.0,success,1581,1581,1581,134,134,134,131,131,131,0,0,0,0,0,0,0,0,0,64.4,64.4,64.4
browser-use,Allrecipes--2,C2,1,1.0,success,104,104,104,12,12,12,11,11,11,0,0,0,4,4,4,0,0,0,40.8,40.8,40.8
browser-use,Allrecipes--2,C5,1,1.0,success,1131,1131,1131,104,104,104,103,103,103,0,0,0,0,0,0,0,0,0,69.3,69.3,69.3
browser-use,Allrecipes--2,C7,1,1.0,success,105,105,105,13,13,13,12,12,12,0,0,0,4,4,4,0,0,0,41.2,41.2,41.2
browser-use,Allrecipes--2,C8,1,1.0,success,1068,1068,1068,123,123,123,120,120,120,0,0,0,38,38,38,0,0,0,41.4,41.4,41.4
browser-use,Allrecipes--20,C0,1,1.0,success,806,806,806,122,122,122,119,119,119,0,0,0,0,0,0,0,0,0,26.9,26.9,26.9
browser-use,Allrecipes--20,C2,1,1.0,success,700,700,700,110,110,110,107,107,107,0,0,0,26,26,26,0,0,0,32.0,32.0,32.0
browser-use,Allrecipes--20,C5,1,1.0,success,555,555,555,21,21,21,20,20,20,0,0,0,0,0,0,0,0,0,66.1,66.1,66.1
browser-use,Allrecipes--20,C7,1,1.0,success,786,786,786,118,118,118,115,115,115,0,0,0,25,25,25,0,0,0,38.2,38.2,38.2
browser-use,Allrecipes--20,C8,1,1.0,success,766,766,766,119,119,119,116,116,116,0,0,0,25,25,25,0,0,0,21.9,21.9,21.9
browser-use,Allrecipes--21,C0,1,1.0,success,779,779,779,120,120,120,117,117,117,0,0,0,0,0,0,0,0,0,21.8,21.8,21.8
browser-use,Allrecipes--21,C2,1,1.0,success,1155,1155,1155,132,132,132,129,129,129,0,0,0,40,40,40,0,0,0,39.5,39.5,39.5
browser-use,Allrecipes--21,C5,1,1.0,success,532,532,532,14,14,14,13,13,13,0,0,0,0,0,0,0,0,0,58.7,58.7,58.7
browser-use,Allrecipes--21,C7,1,1.0,success,1057,1057,1057,138,138,138,135,135,135,0,0,0,33,33,33,0,0,0,36.0,36.0,36.0
browser-use,Allrecipes--21,C8,1,1.0,success,742,742,742,116,116,116,113,113,113,0,0,0,24,24,24,0,0,0,23.1,23.1,23.1
browser-use,Allrecipes--22,C0,1,1.0,success,1250,1250,1250,132,132,132,129,129,129,0,0,0,0,0,0,0,0,0,37.6,37.6,37.6
browser-use,Allrecipes--22,C2,1,1.0,success,1470,1470,1470,130,130,130,127,127,127,0,0,0,54,54,54,0,0,0,49.3,49.3,49.3
browser-use,Allrecipes--22,C5,1,1.0,success,542,542,542,17,17,17,16,16,16,0,0,0,0,0,0,0,0,0,58.6,58.6,58.6
browser-use,Allrecipes--22,C7,1,1.0,success,1048,1048,1048,123,123,123,120,120,120,0,0,0,33,33,33,0,0,0,33.9,33.9,33.9
browser-use,Allrecipes--22,C8,1,1.0,success,1140,1140,1140,119,119,119,116,116,116,0,0,0,37,37,37,0,0,0,41.8,41.8,41.8
browser-use,Allrecipes--23,C0,1,1.0,success,565,565,565,103,103,103,100,100,100,0,0,0,0,0,0,0,0,0,34.8,34.8,34.8
browser-use,Allrecipes--23,C2,1,1.0,success,644,644,644,107,107,107,104,104,104,0,0,0,18,18,18,0,0,0,42.9,42.9,42.9
browser-use,Allrecipes--23,C5,1,1.0,success,172,172,172,15,15,15,14,14,14,0,0,0,0,0,0,0,0,0,51.7,51.7,51.7
browser-use,Allrecipes--23,C7,1,1.0,success,1534,1534,1534,134,134,134,131,131,131,0,0,0,55,55,55,0,0,0,46.7,46.7,46.7
browser-use,Allrecipes--23,C8,1,1.0,success,1230,1230,1230,126,126,126,123,123,123,0,0,0,44,44,44,0,0,0,43.1,43.1,43.1
browser-use,Allrecipes--24,C0,1,1.0,success,652,652,652,111,111,111,108,108,108,0,0,0,0,0,0,0,0,0,22.6,22.6,22.6
browser-use,Allrecipes--24,C2,1,1.0,success,683,683,683,115,115,115,112,112,112,0,0,0,20,20,20,0,0,0,22.4,22.4,22.4
browser-use,Allrecipes--24,C5,1,1.0,success,586,586,586,16,16,16,15,15,15,0,0,0,0,0,0,0,0,0,35.4,35.4,35.4
browser-use,Allrecipes--24,C7,1,1.0,success,919,919,919,126,126,126,123,123,123,0,0,0,30,30,30,0,0,0,30.7,30.7,30.7
browser-use,Allrecipes--24,C8,1,1.0,success,701,701,701,112,112,112,109,109,109,0,0,0,25,25,25,0,0,0,18.2,18.2,18.2
browser-use,Allrecipes--25,C0,1,1.0,success,1106,1106,1106,135,135,135,132,132,132,0,0,0,0,0,0,0,0,0,45.9,45.9,45.9
browser-use,Allrecipes--25,C2,1,1.0,success,872,872,872,122,122,122,119,119,119,0,0,0,23,23,23,0,0,0,34.1,34.1,34.1
browser-use,Allrecipes--25,C5,1,1.0,success,177,177,177,12,12,12,11,11,11,0,0,0,0,0,0,0,0,0,57.6,57.6,57.6
browser-use,Allrecipes--25,C7,1,1.0,success,885,885,885,122,122,122,119,119,119,0,0,0,28,28,28,0,0,0,42.2,42.2,42.2
browser-use,Allrecipes--25,C8,1,1.0,success,930,930,930,124,124,124,121,121,121,0,0,0,28,28,28,0,0,0,48.3,48.3,48.3
browser-use,Allrecipes--26,C0,1,1.0,success,722,722,722,114,114,114,111,111,111,0,0,0,0,0,0,0,0,0,34.8,34.8,34.8
browser-use,Allrecipes--26,C2,1,1.0,success,1080,1080,1080,127,127,127,124,124,124,0,0,0,35,35,35,0,0,0,42.6,42.6,42.6
browser-use,Allrecipes--26,C5,1,1.0,success,167,167,167,12,12,12,11,11,11,0,0,0,0,0,0,0,0,0,38.4,38.4,38.4
browser-use,Allrecipes--26,C7,1,1.0,success,934,934,934,126,126,126,123,123,123,0,0,0,29,29,29,0,0,0,31.4,31.4,31.4
browser-use,Allrecipes--26,C8,1,1.0,success,1160,1160,1160,129,129,129,126,126,126,0,0,0,41,41,41,0,0,0,37.4,37.4,37.4
browser-use,Allrecipes--27,C0,1,1.0,success,909,909,909,135,135,135,132,132,132,0,0,0,0,0,0,0,0,0,41.2,41.2,41.2
browser-use,Allrecipes--27,C2,1,1.0,success,933,933,933,124,124,124,121,121,121,0,0,0,24,24,24,0,0,0,44.6,44.6,44.6
browser-use,Allrecipes--27,C5,1,1.0,success,206,206,206,12,12,12,11,11,11,0,0,0,0,0,0,0,0,0,65.0,65.0,65.0
browser-use,Allrecipes--27,C7,1,1.0,success,793,793,793,119,119,119,116,116,116,0,0,0,24,24,24,0,0,0,43.7,43.7,43.7
browser-use,Allrecipes--27,C8,1,1.0,success,832,832,832,120,120,120,117,117,117,0,0,0,21,21,21,0,0,0,45.5,45.5,45.5
browser-use,Allrecipes--28,C0,1,1.0,success,884,884,884,132,132,132,129,129,129,0,0,0,0,0,0,0,0,0,36.9,36.9,36.9
browser-use,Allrecipes--28,C2,1,1.0,success,731,731,731,121,121,121,118,118,118,0,0,0,23,23,23,0,0,0,32.8,32.8,32.8
browser-use,Allrecipes--28,C5,1,1.0,success,158,158,158,12,12,12,11,11,11,0,0,0,0,0,0,0,0,0,60.6,60.6,60.6
browser-use,Allrecipes--28,C7,1,1.0,success,775,775,775,125,125,125,122,122,122,0,0,0,25,25,25,0,0,0,32.7,32.7,32.7
browser-use,Allrecipes--28,C8,1,1.0,success,845,845,845,121,121,121,118,118,118,1,1,1,22,22,22,0,0,0,33.1,33.1,33.1
browser-use,Allrecipes--29,C0,1,1.0,success,1347,1347,1347,130,130,130,127,127,127,0,0,0,0,0,0,0,0,0,45.6,45.6,45.6
browser-use,Allrecipes--29,C2,1,1.0,success,1462,1462,1462,128,128,128,125,125,125,0,0,0,55,55,55,0,0,0,48.5,48.5,48.5
browser-use,Allrecipes--29,C5,1,1.0,success,188,188,188,12,12,12,11,11,11,0,0,0,0,0,0,0,0,0,32.3,32.3,32.3
browser-use,Allrecipes--29,C7,1,1.0,success,1265,1265,1265,139,139,139,136,136,136,0,0,0,47,47,47,0,0,0,40.1,40.1,40.1
browser-use,Allrecipes--29,C8,1,1.0,success,1291,1291,1291,134,134,134,131,131,131,0,0,0,43,43,43,0,0,0,46.1,46.1,46.1
browser-use,Allrecipes--3,C0,1,1.0,success,654,654,654,109,109,109,106,106,106,0,0,0,0,0,0,0,0,0,41.7,41.7,41.7
browser-use,Allrecipes--3,C2,1,1.0,success,805,805,805,117,117,117,114,114,114,0,0,0,25,25,25,0,0,0,41.7,41.7,41.7
browser-use,Allrecipes--3,C5,1,1.0,success,122,122,122,12,12,12,11,11,11,0,0,0,0,0,0,0,0,0,51.5,51.5,51.5
browser-use,Allrecipes--3,C7,1,1.0,success,835,835,835,126,126,126,123,123,123,0,0,0,25,25,25,0,0,0,32.2,32.2,32.2
browser-use,Allrecipes--3,C8,1,1.0,success,781,781,781,126,126,126,123,123,123,0,0,0,26,26,26,0,0,0,30.7,30.7,30.7
browser-use,Allrecipes--30,C0,1,1.0,success,1584,1584,1584,128,128,128,125,125,125,0,0,0,0,0,0,0,0,0,45.0,45.0,45.0
browser-use,Allrecipes--30,C2,1,1.0,success,1014,1014,1014,106,106,106,103,103,103,0,0,0,43,43,43,0,0,0,37.2,37.2,37.2
browser-use,Allrecipes--30,C5,1,1.0,success,502,502,502,14,14,14,13,13,13,0,0,0,0,0,0,0,0,0,34.7,34.7,34.7
browser-use,Allrecipes--30,C7,1,1.0,success,1001,1001,1001,124,124,124,121,121,121,0,0,0,33,33,33,0,0,0,42.8,42.8,42.8
browser-use,Allrecipes--30,C8,1,1.0,success,1628,1628,1628,125,125,125,122,122,122,0,0,0,68,68,68,0,0,0,45.9,45.9,45.9
browser-use,Allrecipes--31,C0,1,1.0,success,630,630,630,105,105,105,102,102,102,0,0,0,0,0,0,0,0,0,40.6,40.6,40.6
browser-use,Allrecipes--31,C2,1,1.0,success,1239,1239,1239,140,140,140,137,137,137,0,0,0,40,40,40,0,0,0,46.9,46.9,46.9
browser-use,Allrecipes--31,C5,1,1.0,success,442,442,442,17,17,17,16,16,16,0,0,0,0,0,0,0,0,0,37.4,37.4,37.4
browser-use,Allrecipes--31,C7,1,1.0,success,1092,1092,1092,132,132,132,129,129,129,0,0,0,31,31,31,0,0,0,50.8,50.8,50.8
browser-use,Allrecipes--31,C8,1,1.0,success,1248,1248,1248,121,121,121,118,118,118,0,0,0,45,45,45,0,0,0,34.8,34.8,34.8
browser-use,Allrecipes--32,C0,1,1.0,success,809,809,809,123,123,123,120,120,120,0,0,0,0,0,0,0,0,0,26.7,26.7,26.7
browser-use,Allrecipes--32,C2,1,1.0,success,742,742,742,116,116,116,113,113,113,0,0,0,26,26,26,0,0,0,30.4,30.4,30.4
browser-use,Allrecipes--32,C5,1,1.0,success,153,153,153,12,12,12,11,11,11,0,0,0,0,0,0,0,0,0,52.3,52.3,52.3
browser-use,Allrecipes--32,C7,1,1.0,success,671,671,671,116,116,116,113,113,113,0,0,0,26,26,26,0,0,0,23.9,23.9,23.9
browser-use,Allrecipes--32,C8,1,1.0,success,676,676,676,117,117,117,114,114,114,0,0,0,20,20,20,0,0,0,19.7,19.7,19.7
browser-use,Allrecipes--33,C0,1,1.0,success,1050,1050,1050,131,131,131,128,128,128,0,0,0,0,0,0,0,0,0,45.6,45.6,45.6
browser-use,Allrecipes--33,C2,1,1.0,success,839,839,839,116,116,116,113,113,113,0,0,0,26,26,26,0,0,0,31.4,31.4,31.4
browser-use,Allrecipes--33,C5,1,1.0,success,553,553,553,16,16,16,15,15,15,0,0,0,0,0,0,0,0,0,66.8,66.8,66.8
browser-use,Allrecipes--33,C7,1,1.0,success,1099,1099,1099,140,140,140,137,137,137,0,0,0,32,32,32,0,0,0,37.5,37.5,37.5
browser-use,Allrecipes--33,C8,1,1.0,success,880,880,880,119,119,119,116,116,116,0,0,0,28,28,28,0,0,0,34.6,34.6,34.6
browser-use,Allrecipes--34,C0,1,1.0,success,773,773,773,116,116,116,113,113,113,0,0,0,0,0,0,0,0,0,22.0,22.0,22.0
browser-use,Allrecipes--34,C2,1,1.0,success,754,754,754,126,126,126,123,123,123,0,0,0,23,23,23,0,0,0,37.3,37.3,37.3
browser-use,Allrecipes--34,C5,1,1.0,success,181,181,181,10,10,10,9,9,9,0,0,0,0,0,0,0,0,0,32.4,32.4,32.4
browser-use,Allrecipes--34,C7,1,1.0,success,870,870,870,120,120,120,117,117,117,0,0,0,29,29,29,0,0,0,26.9,26.9,26.9
browser-use,Allrecipes--34,C8,1,1.0,success,803,803,803,123,123,123,120,120,120,0,0,0,25,25,25,0,0,0,34.1,34.1,34.1
browser-use,Allrecipes--35,C0,1,1.0,success,1290,1290,1290,179,179,179,176,176,176,0,0,0,0,0,0,0,0,0,33.3,33.3,33.3
browser-use,Allrecipes--35,C2,1,1.0,success,1233,1233,1233,129,129,129,126,126,126,0,0,0,44,44,44,0,0,0,42.9,42.9,42.9
browser-use,Allrecipes--35,C5,1,1.0,success,851,851,851,16,16,16,15,15,15,0,0,0,0,0,0,0,0,0,59.8,59.8,59.8
browser-use,Allrecipes--35,C7,1,1.0,success,902,902,902,124,124,124,121,121,121,0,0,0,29,29,29,0,0,0,25.0,25.0,25.0
browser-use,Allrecipes--35,C8,1,1.0,success,1037,1037,1037,137,137,137,134,134,134,0,0,0,33,33,33,0,0,0,30.4,30.4,30.4
browser-use,Allrecipes--36,C0,1,1.0,success,1169,1169,1169,136,136,136,133,133,133,0,0,0,0,0,0,0,0,0,30.6,30.6,30.6
browser-use,Allrecipes--36,C2,1,1.0,success,825,825,825,118,118,118,115,115,115,0,0,0,28,28,28,0,0,0,22.4,22.4,22.4
browser-use,Allrecipes--36,C5,1,1.0,success,526,526,526,15,15,15,14,14,14,0,0,0,0,0,0,0,0,0,59.7,59.7,59.7
browser-use,Allrecipes--36,C7,1,1.0,success,1144,1144,1144,123,123,123,120,120,120,0,0,0,43,43,43,0,0,0,33.4,33.4,33.4
browser-use,Allrecipes--36,C8,1,1.0,success,1049,1049,1049,127,127,127,124,124,124,0,0,0,35,35,35,0,0,0,39.0,39.0,39.0
browser-use,Allrecipes--37,C0,1,1.0,success,1009,1009,1009,132,132,132,129,129,129,0,0,0,0,0,0,0,0,0,41.7,41.7,41.7
browser-use,Allrecipes--37,C2,1,1.0,success,812,812,812,122,122,122,119,119,119,0,0,0,23,23,23,0,0,0,33.1,33.1,33.1
browser-use,Allrecipes--37,C5,1,1.0,success,189,189,189,10,10,10,9,9,9,0,0,0,0,0,0,0,0,0,28.3,28.3,28.3
browser-use,Allrecipes--37,C7,1,1.0,success,804,804,804,126,126,126,123,123,123,0,0,0,25,25,25,0,0,0,27.1,27.1,27.1
browser-use,Allrecipes--37,C8,1,1.0,success,744,744,744,119,119,119,116,116,116,0,0,0,24,24,24,0,0,0,28.9,28.9,28.9
browser-use,Allrecipes--38,C0,1,1.0,success,969,969,969,151,151,151,148,148,148,0,0,0,0,0,0,0,0,0,44.5,44.5,44.5
browser-use,Allrecipes--38,C2,1,1.0,success,801,801,801,117,117,117,114,114,114,0,0,0,26,26,26,0,0,0,30.9,30.9,30.9
browser-use,Allrecipes--38,C5,1,1.0,success,155,155,155,12,12,12,11,11,11,0,0,0,0,0,0,0,0,0,59.3,59.3,59.3
browser-use,Allrecipes--38,C7,1,1.0,success,711,711,711,117,117,117,114,114,114,0,0,0,23,23,23,0,0,0,22.1,22.1,22.1
browser-use,Allrecipes--38,C8,1,1.0,success,621,621,621,109,109,109,106,106,106,0,0,0,21,21,21,0,0,0,30.0,30.0,30.0
browser-use,Allrecipes--39,C0,1,1.0,success,1065,1065,1065,125,125,125,122,122,122,0,0,0,0,0,0,0,0,0,42.1,42.1,42.1
browser-use,Allrecipes--39,C2,1,1.0,success,1449,1449,1449,133,133,133,130,130,130,0,0,0,41,41,41,0,0,0,48.6,48.6,48.6
browser-use,Allrecipes--39,C5,1,1.0,success,175,175,175,12,12,12,11,11,11,0,0,0,0,0,0,0,0,0,54.3,54.3,54.3
browser-use,Allrecipes--39,C7,1,1.0,success,874,874,874,124,124,124,121,121,121,0,0,0,26,26,26,0,0,0,32.5,32.5,32.5
browser-use,Allrecipes--39,C8,1,1.0,success,855,855,855,121,121,121,118,118,118,0,0,0,23,23,23,0,0,0,43.2,43.2,43.2
browser-use,Allrecipes--4,C0,1,1.0,success,819,819,819,91,91,91,88,88,88,0,0,0,0,0,0,0,0,0,39.9,39.9,39.9
browser-use,Allrecipes--4,C2,1,1.0,success,97,97,97,12,12,12,11,11,11,0,0,0,5,5,5,0,0,0,79.0,79.0,79.0
browser-use,Allrecipes--4,C5,1,1.0,success,862,862,862,18,18,18,17,17,17,0,0,0,0,0,0,0,0,0,67.4,67.4,67.4
browser-use,Allrecipes--4,C7,1,1.0,success,145,145,145,15,15,15,14,14,14,0,0,0,4,4,4,0,0,0,26.1,26.1,26.1
browser-use,Allrecipes--4,C8,1,1.0,success,81,81,81,11,11,11,10,10,10,3,3,3,1,1,1,0,0,0,45.6,45.6,45.6
browser-use,Allrecipes--40,C0,1,1.0,success,478,478,478,104,104,104,101,101,101,0,0,0,0,0,0,0,0,0,42.3,42.3,42.3
browser-use,Allrecipes--40,C2,1,1.0,success,402,402,402,102,102,102,99,99,99,0,0,0,11,11,11,0,0,0,35.3,35.3,35.3
browser-use,Allrecipes--40,C5,1,1.0,success,966,966,966,17,17,17,16,16,16,0,0,0,0,0,0,0,0,0,63.2,63.2,63.2
browser-use,Allrecipes--40,C7,1,1.0,success,407,407,407,103,103,103,100,100,100,0,0,0,11,11,11,0,0,0,28.0,28.0,28.0
browser-use,Allrecipes--40,C8,1,1.0,success,567,567,567,107,107,107,104,104,104,0,0,0,18,18,18,0,0,0,29.0,29.0,29.0
browser-use,Allrecipes--41,C0,1,1.0,success,897,897,897,132,132,132,128,128,128,0,0,0,0,0,0,0,0,0,33.9,33.9,33.9
browser-use,Allrecipes--41,C2,1,1.0,success,33,33,33,10,10,10,9,9,9,0,0,0,3,3,3,0,0,0,25.4,25.4,25.4
browser-use,Allrecipes--41,C5,1,1.0,success,121,121,121,12,12,12,11,11,11,0,0,0,0,0,0,0,0,0,44.0,44.0,44.0
browser-use,Allrecipes--41,C7,1,1.0,success,91,91,91,11,11,11,10,10,10,0,0,0,3,3,3,0,0,0,64.8,64.8,64.8
browser-use,Allrecipes--41,C8,1,1.0,success,454,454,454,100,100,100,97,97,97,0,0,0,12,12,12,0,0,0,40.5,40.5,40.5
browser-use,Allrecipes--42,C0,1,1.0,success,975,975,975,127,127,127,124,124,124,0,0,0,0,0,0,0,0,0,41.4,41.4,41.4
browser-use,Allrecipes--42,C2,1,1.0,success,947,947,947,131,131,131,128,128,128,0,0,0,32,32,32,0,0,0,33.9,33.9,33.9
browser-use,Allrecipes--42,C5,1,1.0,success,443,443,443,14,14,14,13,13,13,0,0,0,0,0,0,0,0,0,36.8,36.8,36.8
browser-use,Allrecipes--42,C7,1,1.0,success,738,738,738,118,118,118,115,115,115,0,0,0,26,26,26,0,0,0,24.5,24.5,24.5
browser-use,Allrecipes--42,C8,1,1.0,success,1039,1039,1039,120,120,120,117,117,117,0,0,0,33,33,33,0,0,0,41.8,41.8,41.8
browser-use,Allrecipes--43,C0,1,1.0,success,1253,1253,1253,135,135,135,132,132,132,0,0,0,0,0,0,0,0,0,44.9,44.9,44.9
browser-use,Allrecipes--43,C2,1,1.0,success,588,588,588,109,109,109,106,106,106,0,0,0,17,17,17,0,0,0,46.5,46.5,46.5
browser-use,Allrecipes--43,C5,1,1.0,success,553,553,553,16,16,16,15,15,15,0,0,0,0,0,0,0,0,0,64.8,64.8,64.8
browser-use,Allrecipes--43,C7,1,1.0,success,1234,1234,1234,123,123,123,120,120,120,0,0,0,44,44,44,0,0,0,43.7,43.7,43.7
browser-use,Allrecipes--43,C8,1,1.0,success,597,597,597,104,104,104,101,101,101,0,0,0,17,17,17,0,0,0,33.6,33.6,33.6
browser-use,Allrecipes--44,C0,1,1.0,success,534,534,534,105,105,105,102,102,102,0,0,0,0,0,0,0,0,0,32.3,32.3,32.3
browser-use,Allrecipes--44,C2,1,1.0,success,523,523,523,96,96,96,93,93,93,0,0,0,17,17,17,0,0,0,18.7,18.7,18.7
browser-use,Allrecipes--44,C5,1,1.0,success,701,701,701,33,33,33,32,32,32,0,0,0,0,0,0,0,0,0,66.5,66.5,66.5
browser-use,Allrecipes--44,C7,1,1.0,success,568,568,568,110,110,110,107,107,107,0,0,0,18,18,18,0,0,0,29.1,29.1,29.1
browser-use,Allrecipes--44,C8,1,1.0,success,520,520,520,108,108,108,105,105,105,0,0,0,18,18,18,0,0,0,26.2,26.2,26.2
browser-use,Allrecipes--5,C0,1,1.0,success,791,791,791,112,112,112,109,109,109,0,0,0,0,0,0,0,0,0,39.8,39.8,39.8
browser-use,Allrecipes--5,C2,1,1.0,success,66,66,66,10,10,10,10,10,10,0,0,0,4,4,4,0,0,0,55.1,55.1,55.1
browser-use,Allrecipes--5,C5,1,1.0,success,569,569,569,15,15,15,14,14,14,0,0,0,0,0,0,0,0,0,34.7,34.7,34.7
browser-use,Allrecipes--5,C7,1,1.0,success,50,50,50,11,11,11,11,11,11,0,0,0,5,5,5,0,0,0,37.8,37.8,37.8
browser-use,Allrecipes--5,C8,1,1.0,success,855,855,855,127,127,127,124,124,124,0,0,0,25,25,25,0,0,0,39.1,39.1,39.1
browser-use,Allrecipes--6,C0,1,1.0,success,1976,1976,1976,152,152,152,149,149,149,0,0,0,0,0,0,0,0,0,69.3,69.3,69.3
browser-use,Allrecipes--6,C2,1,1.0,success,836,836,836,115,115,115,112,112,112,0,0,0,17,17,17,0,0,0,54.8,54.8,54.8
browser-use,Allrecipes--6,C5,1,1.0,success,391,391,391,81,81,81,81,81,81,0,0,0,0,0,0,0,0,0,44.2,44.2,44.2
browser-use,Allrecipes--6,C7,1,1.0,success,93,93,93,12,12,12,11,11,11,0,0,0,4,4,4,0,0,0,29.3,29.3,29.3
browser-use,Allrecipes--6,C8,1,1.0,success,745,745,745,112,112,112,109,109,109,0,0,0,23,23,23,0,0,0,30.4,30.4,30.4
browser-use,Allrecipes--7,C0,1,1.0,success,1099,1099,1099,128,128,128,125,125,125,0,0,0,0,0,0,0,0,0,49.3,49.3,49.3
browser-use,Allrecipes--7,C2,1,1.0,success,126,126,126,15,15,15,14,14,14,0,0,0,10,10,10,0,0,0,72.3,72.3,72.3
browser-use,Allrecipes--7,C5,1,1.0,success,666,666,666,16,16,16,15,15,15,0,0,0,0,0,0,0,0,0,71.4,71.4,71.4
browser-use,Allrecipes--7,C7,1,1.0,success,143,143,143,16,16,16,15,15,15,0,0,0,4,4,4,0,0,0,71.1,71.1,71.1
browser-use,Allrecipes--7,C8,1,1.0,success,690,690,690,116,116,116,113,113,113,0,0,0,22,22,22,0,0,0,35.2,35.2,35.2
browser-use,Allrecipes--8,C0,1,1.0,success,807,807,807,123,123,123,120,120,120,0,0,0,0,0,0,0,0,0,26.9,26.9,26.9
browser-use,Allrecipes--8,C2,1,1.0,success,1075,1075,1075,130,130,130,127,127,127,0,0,0,29,29,29,0,0,0,43.4,43.4,43.4
browser-use,Allrecipes--8,C5,1,1.0,success,195,195,195,10,10,10,9,9,9,0,0,0,0,0,0,0,0,0,43.0,43.0,43.0
browser-use,Allrecipes--8,C7,1,1.0,success,895,895,895,127,127,127,124,124,124,0,0,0,25,25,25,0,0,0,33.6,33.6,33.6
browser-use,Allrecipes--8,C8,1,1.0,success,777,777,777,117,117,117,114,114,114,0,0,0,25,25,25,0,0,0,28.7,28.7,28.7
browser-use,Allrecipes--9,C0,1,1.0,success,1279,1279,1279,111,111,111,108,108,108,0,0,0,0,0,0,0,0,0,30.6,30.6,30.6
browser-use,Allrecipes--9,C2,1,1.0,success,107,107,107,13,13,13,12,12,12,0,0,0,4,4,4,0,0,0,78.5,78.5,78.5
browser-use,Allrecipes--9,C5,1,1.0,success,1042,1042,1042,34,34,34,33,33,33,0,0,0,0,0,0,0,0,0,79.5,79.5,79.5
browser-use,Allrecipes--9,C7,1,1.0,success,146,146,146,14,14,14,13,13,13,0,0,0,2,2,2,0,0,0,25.2,25.2,25.2
browser-use,Allrecipes--9,C8,1,1.0,success,83,83,83,12,12,12,11,11,11,3,3,3,3,3,3,0,0,0,61.6,61.6,61.6
browser-use,Amazon--0,C0,1,1.0,success,973,973,973,35,35,35,35,35,35,0,0,0,0,0,0,0,0,0,85.3,85.3,85.3
browser-use,Amazon--0,C2,1,1.0,success,140,140,140,15,15,15,14,14,14,0,0,0,4,4,4,0,0,0,26.1,26.1,26.1
browser-use,Amazon--0,C5,1,1.0,success,944,944,944,65,65,65,61,61,61,0,0,0,0,0,0,0,0,0,49.9,49.9,49.9
browser-use,Amazon--0,C7,1,1.0,success,94,94,94,11,11,11,10,10,10,0,0,0,5,5,5,0,0,0,28.8,28.8,28.8
browser-use,Amazon--0,C8,1,1.0,success,592,592,592,13,13,13,9,9,9,0,0,0,2,2,2,0,0,0,44.4,44.4,44.4
browser-use,Amazon--1,C0,1,1.0,success,1209,1209,1209,69,69,69,69,69,69,0,0,0,0,0,0,0,0,0,72.4,72.4,72.4
browser-use,Amazon--1,C2,1,1.0,success,618,618,618,13,13,13,9,9,9,0,0,0,2,2,2,0,0,0,48.4,48.4,48.4
browser-use,Amazon--1,C5,1,1.0,success,1307,1307,1307,69,69,69,65,65,65,0,0,0,0,0,0,0,0,0,54.2,54.2,54.2
browser-use,Amazon--1,C7,1,1.0,success,804,804,804,15,15,15,11,11,11,0,0,0,4,4,4,0,0,0,63.6,63.6,63.6
browser-use,Amazon--1,C8,1,1.0,success,648,648,648,15,15,15,11,11,11,0,0,0,2,2,2,0,0,0,47.1,47.1,47.1
browser-use,Amazon--10,C0,1,1.0,success,1054,1054,1054,52,52,52,48,48,48,0,0,0,0,0,0,0,0,0,56.1,56.1,56.1
browser-use,Amazon--10,C2,1,1.0,success,757,757,757,12,12,12,8,8,8,0,0,0,4,4,4,0,0,0,49.6,49.6,49.6
browser-use,Amazon--10,C5,1,1.0,success,1430,1430,1430,53,53,53,49,49,49,0,0,0,0,0,0,0,0,0,46.6,46.6,46.6
browser-use,Amazon--10,C7,1,1.0,success,1251,1251,1251,12,12,12,8,8,8,0,0,0,8,8,8,0,0,0,58.5,58.5,58.5
browser-use,Amazon--10,C8,1,1.0,success,851,851,851,13,13,13,9,9,9,0,0,0,3,3,3,0,0,0,46.4,46.4,46.4
browser-use,Amazon--11,C0,1,1.0,success,803,803,803,54,54,54,50,50,50,0,0,0,0,0,0,0,0,0,50.8,50.8,50.8
browser-use,Amazon--11,C2,1,1.0,success,717,717,717,13,13,13,9,9,9,0,0,0,2,2,2,0,0,0,58.2,58.2,58.2
browser-use,Amazon--11,C5,1,1.0,success,913,913,913,61,61,61,57,57,57,0,0,0,0,0,0,0,0,0,57.6,57.6,57.6
browser-use,Amazon--11,C7,1,1.0,success,711,711,711,15,15,15,11,11,11,0,0,0,2,2,2,0,0,0,53.7,53.7,53.7
browser-use,Amazon--11,C8,1,1.0,success,724,724,724,15,15,15,11,11,11,0,0,0,2,2,2,0,0,0,53.3,53.3,53.3
browser-use,Amazon--12,C0,1,1.0,success,910,910,910,51,51,51,47,47,47,0,0,0,0,0,0,0,0,0,33.7,33.7,33.7
browser-use,Amazon--12,C2,1,1.0,success,823,823,823,13,13,13,9,9,9,0,0,0,3,3,3,0,0,0,37.4,37.4,37.4
browser-use,Amazon--12,C5,1,1.0,success,974,974,974,56,56,56,51,51,51,0,0,0,0,0,0,0,0,0,42.0,42.0,42.0
browser-use,Amazon--12,C7,1,1.0,success,834,834,834,13,13,13,9,9,9,0,0,0,3,3,3,0,0,0,40.6,40.6,40.6
browser-use,Amazon--12,C8,1,1.0,success,886,886,886,16,16,16,12,12,12,0,0,0,3,3,3,0,0,0,36.8,36.8,36.8
browser-use,Amazon--13,C0,1,1.0,success,933,933,933,52,52,52,48,48,48,0,0,0,0,0,0,0,0,0,60.9,60.9,60.9
browser-use,Amazon--13,C2,1,1.0,success,806,806,806,14,14,14,10,10,10,0,0,0,4,4,4,0,0,0,64.5,64.5,64.5
browser-use,Amazon--13,C5,1,1.0,success,833,833,833,59,59,59,55,55,55,0,0,0,0,0,0,0,0,0,55.7,55.7,55.7
browser-use,Amazon--13,C7,1,1.0,success,991,991,991,15,15,15,11,11,11,0,0,0,3,3,3,0,0,0,49.7,49.7,49.7
browser-use,Amazon--13,C8,1,1.0,success,774,774,774,15,15,15,11,11,11,0,0,0,3,3,3,0,0,0,62.1,62.1,62.1
browser-use,Amazon--14,C0,1,1.0,success,765,765,765,51,51,51,47,47,47,0,0,0,0,0,0,0,0,0,50.5,50.5,50.5
browser-use,Amazon--14,C2,1,1.0,success,672,672,672,13,13,13,9,9,9,0,0,0,4,4,4,0,0,0,47.2,47.2,47.2
browser-use,Amazon--14,C5,1,1.0,success,996,996,996,55,55,55,51,51,51,0,0,0,0,0,0,0,0,0,58.7,58.7,58.7
browser-use,Amazon--14,C7,1,0.0,,0,0,0,0,0,0,0,0,0,0,0,0,0,0,0,0,0,0,,,
browser-use,Amazon--14,C8,1,1.0,success,920,920,920,13,13,13,9,9,9,0,0,0,4,4,4,0,0,0,45.1,45.1,45.1
browser-use,Amazon--15,C0,1,1.0,success,913,913,913,52,52,52,48,48,48,0,0,0,0,0,0,0,0,0,57.5,57.5,57.5
browser-use,Amazon--15,C2,1,1.0,success,990,990,990,13,13,13,9,9,9,0,0,0,3,3,3,0,0,0,41.5,41.5,41.5
browser-use,Amazon--15,C5,1,1.0,success,789,789,789,54,54,54,50,50,50,0,0,0,0,0,0,0,0,0,56.0,56.0,56.0
browser-use,Amazon--15,C7,1,1.0,success,786,786,786,14,14,14,10,10,10,0,0,0,4,4,4,0,0,0,64.8,64.8,64.8
browser-use,Amazon--15,C8,1,1.0,success,704,704,704,14,14,14,9,9,9,0,0,0,2,2,2,0,0,0,51.0,51.0,51.0
browser-use,Amazon--16,C0,1,1.0,success,1125,1125,1125,66,66,66,62,62,62,0,0,0,0,0,0,0,0,0,63.3,63.3,63.3
browser-use,Amazon--16,C2,1,1.0,success,52,52,52,10,10,10,9,9,9,0,0,0,4,4,4,0,0,0,73.5,73.5,73.5
browser-use,Amazon--16,C5,1,1.0,success,754,754,754,61,61,61,57,57,57,0,0,0,0,0,0,0,0,0,41.9,41.9,41.9
browser-use,Amazon--16,C7,1,1.0,success,104,104,104,11,11,11,10,10,10,0,0,0,4,4,4,0,0,0,77.9,77.9,77.9
browser-use,Amazon--16,C8,1,1.0,success,984,984,984,16,16,16,12,12,12,0,0,0,5,5,5,0,0,0,53.5,53.5,53.5
browser-use,Amazon--17,C0,1,1.0,success,636,636,636,54,54,54,50,50,50,0,0,0,0,0,0,0,0,0,64.5,64.5,64.5
browser-use,Amazon--17,C2,1,1.0,success,618,618,618,15,15,15,11,11,11,0,0,0,2,2,2,0,0,0,51.5,51.5,51.5
browser-use,Amazon--17,C5,1,1.0,success,749,749,749,60,60,60,56,56,56,0,0,0,0,0,0,0,0,0,48.6,48.6,48.6
browser-use,Amazon--17,C7,1,1.0,success,576,576,576,13,13,13,9,9,9,0,0,0,2,2,2,0,0,0,62.2,62.2,62.2
browser-use,Amazon--17,C8,1,1.0,success,635,635,635,15,15,15,11,11,11,0,0,0,5,5,5,0,0,0,61.0,61.0,61.0
browser-use,Amazon--18,C0,1,1.0,success,713,713,713,44,44,44,41,41,41,0,0,0,0,0,0,0,0,0,28.3,28.3,28.3
browser-use,Amazon--18,C2,1,1.0,success,591,591,591,12,12,12,9,9,9,0,0,0,2,2,2,0,0,0,32.2,32.2,32.2
browser-use,Amazon--18,C5,1,1.0,success,567,567,567,52,52,52,49,49,49,0,0,0,0,0,0,0,0,0,27.1,27.1,27.1
browser-use,Amazon--18,C7,1,1.0,success,583,583,583,14,14,14,11,11,11,0,0,0,2,2,2,0,0,0,30.2,30.2,30.2
browser-use,Amazon--18,C8,1,1.0,success,600,600,600,12,12,12,9,9,9,0,0,0,2,2,2,0,0,0,21.7,21.7,21.7
browser-use,Amazon--19,C0,1,1.0,success,881,881,881,45,45,45,42,42,42,0,0,0,0,0,0,0,0,0,51.5,51.5,51.5
browser-use,Amazon--19,C2,1,1.0,success,478,478,478,15,15,15,12,12,12,0,0,0,2,2,2,0,0,0,56.0,56.0,56.0
browser-use,Amazon--19,C5,1,1.0,success,445,445,445,54,54,54,50,50,50,0,0,0,0,0,0,0,0,0,54.1,54.1,54.1
browser-use,Amazon--19,C7,1,1.0,success,180,180,180,13,13,13,10,10,10,0,0,0,1,1,1,0,0,0,33.7,33.7,33.7
browser-use,Amazon--19,C8,1,1.0,success,968,968,968,13,13,13,9,9,9,0,0,0,6,6,6,0,0,0,51.4,51.4,51.4
browser-use,Amazon--2,C0,1,1.0,success,1001,1001,1001,36,36,36,36,36,36,0,0,0,0,0,0,0,0,0,62.4,62.4,62.4
browser-use,Amazon--2,C2,1,1.0,success,108,108,108,13,13,13,12,12,12,0,0,0,4,4,4,0,0,0,77.9,77.9,77.9
browser-use,Amazon--2,C5,1,1.0,success,303,303,303,29,29,29,29,29,29,0,0,0,0,0,0,0,0,0,49.2,49.2,49.2
browser-use,Amazon--2,C7,1,1.0,success,105,105,105,13,13,13,12,12,12,0,0,0,4,4,4,0,0,0,39.7,39.7,39.7
browser-use,Amazon--2,C8,1,1.0,success,448,448,448,35,35,35,35,35,35,0,0,0,2,2,2,0,0,0,42.3,42.3,42.3
browser-use,Amazon--20,C0,1,1.0,success,799,799,799,54,54,54,50,50,50,0,0,0,0,0,0,0,0,0,55.2,55.2,55.2
browser-use,Amazon--20,C2,1,1.0,success,854,854,854,19,19,19,14,14,14,0,0,0,3,3,3,0,0,0,55.1,55.1,55.1
browser-use,Amazon--20,C5,1,1.0,success,709,709,709,59,59,59,55,55,55,0,0,0,0,0,0,0,0,0,43.7,43.7,43.7
browser-use,Amazon--20,C7,1,1.0,success,611,611,611,12,12,12,8,8,8,0,0,0,3,3,3,0,0,0,56.3,56.3,56.3
browser-use,Amazon--20,C8,1,1.0,success,892,892,892,17,17,17,12,12,12,0,0,0,3,3,3,0,0,0,58.8,58.8,58.8
browser-use,Amazon--21,C0,1,1.0,success,809,809,809,52,52,52,48,48,48,0,0,0,0,0,0,0,0,0,66.0,66.0,66.0
browser-use,Amazon--21,C2,1,1.0,success,714,714,714,17,17,17,12,12,12,0,0,0,4,4,4,0,0,0,58.0,58.0,58.0
browser-use,Amazon--21,C5,1,1.0,success,964,964,964,59,59,59,54,54,54,0,0,0,0,0,0,0,0,0,46.4,46.4,46.4
browser-use,Amazon--21,C7,1,1.0,success,916,916,916,12,12,12,8,8,8,0,0,0,4,4,4,0,0,0,48.9,48.9,48.9
browser-use,Amazon--21,C8,1,1.0,success,725,725,725,15,15,15,11,11,11,0,0,0,3,3,3,0,0,0,59.4,59.4,59.4
browser-use,Amazon--22,C0,1,1.0,success,1251,1251,1251,52,52,52,48,48,48,0,0,0,0,0,0,0,0,0,64.5,64.5,64.5
browser-use,Amazon--22,C2,1,1.0,success,799,799,799,14,14,14,9,9,9,0,0,0,3,3,3,0,0,0,44.3,44.3,44.3
browser-use,Amazon--22,C5,1,1.0,success,937,937,937,62,62,62,57,57,57,0,0,0,0,0,0,0,0,0,53.5,53.5,53.5
browser-use,Amazon--22,C7,1,1.0,success,951,951,951,13,13,13,9,9,9,0,0,0,3,3,3,0,0,0,52.4,52.4,52.4
browser-use,Amazon--22,C8,1,1.0,success,792,792,792,16,16,16,11,11,11,0,0,0,3,3,3,0,0,0,38.3,38.3,38.3
browser-use,Amazon--23,C0,1,1.0,success,1258,1258,1258,55,55,55,50,50,50,0,0,0,0,0,0,0,0,0,58.6,58.6,58.6
browser-use,Amazon--23,C2,1,1.0,success,665,665,665,13,13,13,9,9,9,0,0,0,2,2,2,0,0,0,56.3,56.3,56.3
browser-use,Amazon--23,C5,1,1.0,success,1364,1364,1364,58,58,58,54,54,54,0,0,0,0,0,0,0,0,0,76.4,76.4,76.4
browser-use,Amazon--23,C7,1,1.0,success,1440,1440,1440,16,16,16,12,12,12,0,0,0,6,6,6,0,0,0,74.5,74.5,74.5
browser-use,Amazon--23,C8,1,1.0,success,894,894,894,13,13,13,9,9,9,0,0,0,3,3,3,0,0,0,55.2,55.2,55.2
browser-use,Amazon--24,C0,1,1.0,success,899,899,899,55,55,55,51,51,51,0,0,0,0,0,0,0,0,0,34.6,34.6,34.6
browser-use,Amazon--24,C2,1,1.0,success,742,742,742,13,13,13,9,9,9,0,0,0,3,3,3,0,0,0,48.9,48.9,48.9
browser-use,Amazon--24,C5,1,1.0,success,1083,1083,1083,55,55,55,51,51,51,0,0,0,0,0,0,0,0,0,51.1,51.1,51.1
browser-use,Amazon--24,C7,1,1.0,success,804,804,804,13,13,13,9,9,9,0,0,0,3,3,3,0,0,0,38.6,38.6,38.6
browser-use,Amazon--24,C8,1,1.0,success,567,567,567,13,13,13,9,9,9,0,0,0,2,2,2,0,0,0,54.3,54.3,54.3
browser-use,Amazon--25,C0,1,1.0,success,730,730,730,53,53,53,49,49,49,0,0,0,0,0,0,0,0,0,64.2,64.2,64.2
browser-use,Amazon--25,C2,1,1.0,success,976,976,976,13,13,13,9,9,9,0,0,0,3,3,3,0,0,0,42.7,42.7,42.7
browser-use,Amazon--25,C5,1,1.0,success,717,717,717,57,57,57,53,53,53,0,0,0,0,0,0,0,0,0,59.4,59.4,59.4
browser-use,Amazon--25,C7,1,1.0,success,666,666,666,15,15,15,11,11,11,0,0,0,2,2,2,0,0,0,50.4,50.4,50.4
browser-use,Amazon--25,C8,1,1.0,success,690,690,690,15,15,15,11,11,11,0,0,0,2,2,2,0,0,0,53.8,53.8,53.8
browser-use,Amazon--26,C0,1,1.0,success,1019,1019,1019,54,54,54,50,50,50,0,0,0,0,0,0,0,0,0,57.6,57.6,57.6
browser-use,Amazon--26,C2,1,1.0,success,1014,1014,1014,15,15,15,11,11,11,0,0,0,5,5,5,0,0,0,53.2,53.2,53.2
browser-use,Amazon--26,C5,1,1.0,success,690,690,690,50,50,50,46,46,46,0,0,0,0,0,0,0,0,0,55.9,55.9,55.9
browser-use,Amazon--26,C7,1,1.0,success,866,866,866,17,17,17,12,12,12,0,0,0,3,3,3,0,0,0,56.2,56.2,56.2
browser-use,Amazon--26,C8,1,1.0,success,831,831,831,19,19,19,14,14,14,0,0,0,3,3,3,0,0,0,38.0,38.0,38.0
browser-use,Amazon--27,C0,1,1.0,success,926,926,926,52,52,52,48,48,48,0,0,0,0,0,0,0,0,0,54.9,54.9,54.9
browser-use,Amazon--27,C2,1,1.0,success,645,645,645,15,15,15,11,11,11,0,0,0,3,3,3,0,0,0,47.9,47.9,47.9
browser-use,Amazon--27,C5,1,1.0,success,674,674,674,58,58,58,54,54,54,0,0,0,0,0,0,0,0,0,47.8,47.8,47.8
browser-use,Amazon--27,C7,1,1.0,success,785,785,785,13,13,13,8,8,8,0,0,0,4,4,4,0,0,0,59.8,59.8,59.8
browser-use,Amazon--27,C8,1,1.0,success,795,795,795,14,14,14,9,9,9,0,0,0,4,4,4,0,0,0,41.2,41.2,41.2
browser-use,Amazon--28,C0,1,1.0,success,923,923,923,54,54,54,50,50,50,0,0,0,0,0,0,0,0,0,42.6,42.6,42.6
browser-use,Amazon--28,C2,1,1.0,success,783,783,783,13,13,13,9,9,9,0,0,0,3,3,3,0,0,0,38.9,38.9,38.9
browser-use,Amazon--28,C5,1,1.0,success,895,895,895,57,57,57,52,52,52,0,0,0,0,0,0,0,0,0,39.9,39.9,39.9
browser-use,Amazon--28,C7,1,1.0,success,782,782,782,12,12,12,8,8,8,0,0,0,4,4,4,0,0,0,37.7,37.7,37.7
browser-use,Amazon--28,C8,1,1.0,success,780,780,780,16,16,16,11,11,11,0,0,0,3,3,3,0,0,0,40.8,40.8,40.8
browser-use,Amazon--29,C0,1,1.0,success,934,934,934,51,51,51,47,47,47,0,0,0,0,0,0,0,0,0,60.1,60.1,60.1
browser-use,Amazon--29,C2,1,1.0,success,890,890,890,13,13,13,9,9,9,0,0,0,4,4,4,0,0,0,55.1,55.1,55.1
browser-use,Amazon--29,C5,1,1.0,success,809,809,809,61,61,61,57,57,57,0,0,0,0,0,0,0,0,0,59.4,59.4,59.4
browser-use,Amazon--29,C7,1,1.0,success,835,835,835,13,13,13,9,9,9,0,0,0,4,4,4,0,0,0,57.4,57.4,57.4
browser-use,Amazon--29,C8,1,0.0,agent_error,1102,1102,1102,15,15,15,11,11,11,0,0,0,5,5,5,0,0,0,84.6,84.6,84.6
browser-use,Amazon--3,C0,1,1.0,success,791,791,791,59,59,59,55,55,55,0,0,0,0,0,0,0,0,0,69.2,69.2,69.2
browser-use,Amazon--3,C2,1,1.0,success,674,674,674,17,17,17,13,13,13,0,0,0,2,2,2,0,0,0,49.3,49.3,49.3
browser-use,Amazon--3,C5,1,1.0,success,90,90,90,12,12,12,12,12,12,0,0,0,0,0,0,0,0,0,73.8,73.8,73.8
browser-use,Amazon--3,C7,1,1.0,success,98,98,98,15,15,15,14,14,14,0,0,0,5,5,5,0,0,0,31.0,31.0,31.0
browser-use,Amazon--3,C8,1,1.0,success,16,16,16,7,7,7,6,6,6,0,0,0,3,3,3,0,0,0,26.6,26.6,26.6
browser-use,Amazon--30,C0,1,1.0,success,647,647,647,51,51,51,47,47,47,0,0,0,0,0,0,0,0,0,55.7,55.7,55.7
browser-use,Amazon--30,C2,1,1.0,success,607,607,607,14,14,14,10,10,10,0,0,0,4,4,4,0,0,0,50.5,50.5,50.5
browser-use,Amazon--30,C5,1,1.0,success,768,768,768,52,52,52,48,48,48,0,0,0,0,0,0,0,0,0,57.4,57.4,57.4
browser-use,Amazon--30,C7,1,1.0,success,545,545,545,13,13,13,9,9,9,0,0,0,2,2,2,0,0,0,47.7,47.7,47.7
browser-use,Amazon--30,C8,1,1.0,success,563,563,563,13,13,13,9,9,9,0,0,0,2,2,2,0,0,0,46.1,46.1,46.1
browser-use,Amazon--31,C0,1,1.0,success,902,902,902,53,53,53,49,49,49,0,0,0,0,0,0,0,0,0,60.7,60.7,60.7
browser-use,Amazon--31,C2,1,1.0,success,903,903,903,13,13,13,9,9,9,0,0,0,3,3,3,0,0,0,55.1,55.1,55.1
browser-use,Amazon--31,C5,1,1.0,success,708,708,708,55,55,55,51,51,51,0,0,0,0,0,0,0,0,0,48.5,48.5,48.5
browser-use,Amazon--31,C7,1,1.0,success,937,937,937,13,13,13,9,9,9,0,0,0,4,4,4,0,0,0,58.5,58.5,58.5
browser-use,Amazon--31,C8,1,1.0,success,565,565,565,13,13,13,9,9,9,0,0,0,3,3,3,0,0,0,55.7,55.7,55.7
browser-use,Amazon--32,C0,1,1.0,success,1004,1004,1004,53,53,53,48,48,48,0,0,0,0,0,0,0,0,0,59.1,59.1,59.1
browser-use,Amazon--32,C2,1,1.0,success,1046,1046,1046,13,13,13,9,9,9,0,0,0,5,5,5,0,0,0,73.8,73.8,73.8
browser-use,Amazon--32,C5,1,1.0,success,935,935,935,58,58,58,54,54,54,0,0,0,0,0,0,0,0,0,52.8,52.8,52.8
browser-use,Amazon--32,C7,1,1.0,success,639,639,639,15,15,15,11,11,11,0,0,0,2,2,2,0,0,0,56.0,56.0,56.0
browser-use,Amazon--32,C8,1,1.0,success,621,621,621,13,13,13,9,9,9,0,0,0,2,2,2,0,0,0,49.6,49.6,49.6
browser-use,Amazon--33,C0,1,1.0,success,682,682,682,51,51,51,47,47,47,0,0,0,0,0,0,0,0,0,41.4,41.4,41.4
browser-use,Amazon--33,C2,1,1.0,success,660,660,660,13,13,13,9,9,9,0,0,0,3,3,3,0,0,0,58.3,58.3,58.3
browser-use,Amazon--33,C5,1,1.0,success,1275,1275,1275,53,53,53,49,49,49,0,0,0,0,0,0,0,0,0,47.9,47.9,47.9
browser-use,Amazon--33,C7,1,1.0,success,797,797,797,13,13,13,9,9,9,0,0,0,3,3,3,0,0,0,49.5,49.5,49.5
browser-use,Amazon--33,C8,1,1.0,success,595,595,595,12,12,12,8,8,8,0,0,0,3,3,3,0,0,0,78.2,78.2,78.2
browser-use,Amazon--34,C0,1,1.0,success,681,681,681,52,52,52,48,48,48,0,0,0,0,0,0,0,0,0,48.2,48.2,48.2
browser-use,Amazon--34,C2,1,1.0,success,862,862,862,14,14,14,9,9,9,0,0,0,3,3,3,0,0,0,50.9,50.9,50.9
browser-use,Amazon--34,C5,1,1.0,success,671,671,671,53,53,53,49,49,49,0,0,0,0,0,0,0,0,0,57.4,57.4,57.4
browser-use,Amazon--34,C7,1,1.0,success,767,767,767,16,16,16,11,11,11,0,0,0,3,3,3,0,0,0,40.2,40.2,40.2
browser-use,Amazon--34,C8,1,1.0,success,853,853,853,16,16,16,11,11,11,0,0,0,3,3,3,0,0,0,45.5,45.5,45.5
browser-use,Amazon--35,C0,1,1.0,success,937,937,937,53,53,53,48,48,48,0,0,0,0,0,0,0,0,0,40.8,40.8,40.8
browser-use,Amazon--35,C2,1,1.0,success,1452,1452,1452,15,15,15,10,10,10,0,0,0,7,7,7,0,0,0,61.3,61.3,61.3
browser-use,Amazon--35,C5,1,1.0,success,968,968,968,59,59,59,55,55,55,0,0,0,0,0,0,0,0,0,44.3,44.3,44.3
browser-use,Amazon--35,C7,1,1.0,success,847,847,847,14,14,14,9,9,9,0,0,0,3,3,3,0,0,0,35.3,35.3,35.3
browser-use,Amazon--35,C8,1,1.0,success,939,939,939,14,14,14,9,9,9,0,0,0,4,4,4,0,0,0,49.4,49.4,49.4
browser-use,Amazon--36,C0,1,1.0,success,1010,1010,1010,55,55,55,51,51,51,0,0,0,0,0,0,0,0,0,48.3,48.3,48.3
browser-use,Amazon--36,C2,1,1.0,success,824,824,824,13,13,13,9,9,9,0,0,0,3,3,3,0,0,0,56.7,56.7,56.7
browser-use,Amazon--36,C5,1,1.0,success,715,715,715,53,53,53,49,49,49,0,0,0,0,0,0,0,0,0,53.9,53.9,53.9
browser-use,Amazon--36,C7,1,1.0,success,770,770,770,13,13,13,9,9,9,0,0,0,3,3,3,0,0,0,54.8,54.8,54.8
browser-use,Amazon--36,C8,1,1.0,success,872,872,872,13,13,13,9,9,9,0,0,0,3,3,3,0,0,0,54.7,54.7,54.7
browser-use,Amazon--37,C0,1,1.0,success,1041,1041,1041,52,52,52,48,48,48,0,0,0,0,0,0,0,0,0,43.8,43.8,43.8
browser-use,Amazon--37,C2,1,1.0,success,805,805,805,13,13,13,9,9,9,0,0,0,3,3,3,0,0,0,32.3,32.3,32.3
browser-use,Amazon--37,C5,1,1.0,success,926,926,926,61,61,61,57,57,57,0,0,0,0,0,0,0,0,0,36.0,36.0,36.0
browser-use,Amazon--37,C7,1,1.0,success,815,815,815,15,15,15,11,11,11,0,0,0,3,3,3,0,0,0,41.2,41.2,41.2
browser-use,Amazon--37,C8,1,1.0,success,907,907,907,12,12,12,8,8,8,0,0,0,5,5,5,0,0,0,59.1,59.1,59.1
browser-use,Amazon--38,C0,1,1.0,success,957,957,957,56,56,56,52,52,52,0,0,0,0,0,0,0,0,0,49.1,49.1,49.1
browser-use,Amazon--38,C2,1,1.0,success,834,834,834,15,15,15,11,11,11,0,0,0,3,3,3,0,0,0,35.8,35.8,35.8
browser-use,Amazon--38,C5,1,1.0,success,942,942,942,55,55,55,51,51,51,0,0,0,0,0,0,0,0,0,38.6,38.6,38.6
browser-use,Amazon--38,C7,1,1.0,success,834,834,834,14,14,14,10,10,10,0,0,0,3,3,3,0,0,0,32.4,32.4,32.4
browser-use,Amazon--38,C8,1,1.0,success,826,826,826,15,15,15,11,11,11,0,0,0,3,3,3,0,0,0,50.7,50.7,50.7
browser-use,Amazon--39,C0,1,1.0,success,680,680,680,53,53,53,49,49,49,0,0,0,0,0,0,0,0,0,50.4,50.4,50.4
browser-use,Amazon--39,C2,1,1.0,success,910,910,910,15,15,15,10,10,10,0,0,0,5,5,5,0,0,0,39.4,39.4,39.4
browser-use,Amazon--39,C5,1,1.0,success,1029,1029,1029,55,55,55,51,51,51,0,0,0,0,0,0,0,0,0,59.4,59.4,59.4
browser-use,Amazon--39,C7,1,1.0,success,970,970,970,14,14,14,9,9,9,0,0,0,5,5,5,0,0,0,54.3,54.3,54.3
browser-use,Amazon--39,C8,1,1.0,success,1073,1073,1073,16,16,16,12,12,12,0,0,0,5,5,5,0,0,0,47.0,47.0,47.0
browser-use,Amazon--4,C0,1,1.0,success,650,650,650,53,53,53,49,49,49,0,0,0,0,0,0,0,0,0,40.1,40.1,40.1
browser-use,Amazon--4,C2,1,1.0,success,573,573,573,13,13,13,9,9,9,0,0,0,2,2,2,0,0,0,40.9,40.9,40.9
browser-use,Amazon--4,C5,1,1.0,success,745,745,745,60,60,60,56,56,56,0,0,0,0,0,0,0,0,0,39.0,39.0,39.0
browser-use,Amazon--4,C7,1,1.0,success,548,548,548,13,13,13,9,9,9,0,0,0,2,2,2,0,0,0,45.5,45.5,45.5
browser-use,Amazon--4,C8,1,1.0,success,672,672,672,13,13,13,9,9,9,0,0,0,3,3,3,0,0,0,45.8,45.8,45.8
browser-use,Amazon--40,C0,1,1.0,success,1096,1096,1096,55,55,55,51,51,51,0,0,0,0,0,0,0,0,0,51.3,51.3,51.3
browser-use,Amazon--40,C2,1,1.0,success,939,939,939,14,14,14,9,9,9,0,0,0,4,4,4,0,0,0,64.9,64.9,64.9
browser-use,Amazon--40,C5,1,1.0,success,1029,1029,1029,60,60,60,55,55,55,0,0,0,0,0,0,0,0,0,63.6,63.6,63.6
browser-use,Amazon--40,C7,1,1.0,success,718,718,718,13,13,13,9,9,9,0,0,0,3,3,3,0,0,0,57.4,57.4,57.4
browser-use,Amazon--40,C8,1,1.0,success,936,936,936,14,14,14,9,9,9,0,0,0,4,4,4,0,0,0,53.8,53.8,53.8
browser-use,Amazon--5,C0,1,1.0,success,948,948,948,57,57,57,53,53,53,0,0,0,0,0,0,0,0,0,66.0,66.0,66.0
browser-use,Amazon--5,C2,1,1.0,success,95,95,95,13,13,13,12,12,12,0,0,0,4,4,4,0,0,0,64.4,64.4,64.4
browser-use,Amazon--5,C5,1,1.0,success,759,759,759,45,45,45,45,45,45,0,0,0,0,0,0,0,0,0,90.8,90.8,90.8
browser-use,Amazon--5,C7,1,1.0,success,95,95,95,13,13,13,12,12,12,0,0,0,5,5,5,0,0,0,32.1,32.1,32.1
browser-use,Amazon--5,C8,1,1.0,success,699,699,699,28,28,28,28,28,28,1,1,1,4,4,4,0,0,0,92.4,92.4,92.4
browser-use,Amazon--6,C0,1,1.0,success,1027,1027,1027,53,53,53,49,49,49,0,0,0,0,0,0,0,0,0,56.2,56.2,56.2
browser-use,Amazon--6,C2,1,1.0,success,573,573,573,13,13,13,9,9,9,0,0,0,2,2,2,0,0,0,50.1,50.1,50.1
browser-use,Amazon--6,C5,1,1.0,success,742,742,742,53,53,53,49,49,49,0,0,0,0,0,0,0,0,0,47.5,47.5,47.5
browser-use,Amazon--6,C7,1,1.0,success,926,926,926,18,18,18,14,14,14,0,0,0,4,4,4,0,0,0,58.3,58.3,58.3
browser-use,Amazon--6,C8,1,1.0,success,773,773,773,13,13,13,9,9,9,0,0,0,3,3,3,0,0,0,47.7,47.7,47.7
browser-use,Amazon--7,C0,1,0.0,,0,0,0,0,0,0,0,0,0,0,0,0,0,0,0,0,0,0,,,
browser-use,Amazon--7,C2,1,1.0,success,659,659,659,13,13,13,9,9,9,0,0,0,2,2,2,0,0,0,48.7,48.7,48.7
browser-use,Amazon--7,C5,1,1.0,success,845,845,845,57,57,57,53,53,53,0,0,0,0,0,0,0,0,0,48.3,48.3,48.3
browser-use,Amazon--7,C7,1,1.0,success,638,638,638,13,13,13,9,9,9,0,0,0,2,2,2,0,0,0,49.9,49.9,49.9
browser-use,Amazon--7,C8,1,1.0,success,656,656,656,15,15,15,11,11,11,0,0,0,2,2,2,0,0,0,58.8,58.8,58.8
browser-use,Amazon--8,C0,1,1.0,success,707,707,707,52,52,52,48,48,48,0,0,0,0,0,0,0,0,0,54.2,54.2,54.2
browser-use,Amazon--8,C2,1,1.0,success,546,546,546,13,13,13,9,9,9,0,0,0,2,2,2,0,0,0,42.2,42.2,42.2
browser-use,Amazon--8,C5,1,1.0,success,656,656,656,55,55,55,51,51,51,0,0,0,0,0,0,0,0,0,50.6,50.6,50.6
browser-use,Amazon--8,C7,1,1.0,success,811,811,811,13,13,13,9,9,9,0,0,0,3,3,3,0,0,0,46.7,46.7,46.7
browser-use,Amazon--8,C8,1,1.0,success,577,577,577,12,12,12,8,8,8,0,0,0,3,3,3,0,0,0,52.3,52.3,52.3
browser-use,Amazon--9,C0,1,1.0,success,983,983,983,54,54,54,50,50,50,0,0,0,0,0,0,0,0,0,47.6,47.6,47.6
browser-use,Amazon--9,C2,1,1.0,success,860,860,860,12,12,12,8,8,8,0,0,0,4,4,4,0,0,0,40.5,40.5,40.5
browser-use,Amazon--9,C5,1,1.0,success,675,675,675,55,55,55,51,51,51,0,0,0,0,0,0,0,0,0,39.5,39.5,39.5
browser-use,Amazon--9,C7,1,1.0,success,881,881,881,13,13,13,9,9,9,0,0,0,3,3,3,0,0,0,44.5,44.5,44.5
browser-use,Amazon--9,C8,1,1.0,success,863,863,863,13,13,13,9,9,9,0,0,0,3,3,3,0,0,0,28.9,28.9,28.9
browser-use,Apple--0,C0,1,1.0,success,218,218,218,8,8,8,5,5,5,0,0,0,0,0,0,0,0,0,31.8,31.8,31.8
browser-use,Apple--0,C2,1,1.0,success,302,302,302,8,8,8,5,5,5,0,0,0,0,0,0,0,0,0,40.1,40.1,40.1
browser-use,Apple--0,C5,1,1.0,success,273,273,273,8,8,8,5,5,5,0,0,0,0,0,0,0,0,0,42.0,42.0,42.0
browser-use,Apple--0,C7,1,1.0,success,199,199,199,8,8,8,5,5,5,0,0,0,0,0,0,0,0,0,35.1,35.1,35.1
browser-use,Apple--0,C8,1,1.0,success,288,288,288,10,10,10,6,6,6,0,0,0,0,0,0,0,0,0,50.5,50.5,50.5
browser-use,Apple--1,C0,1,1.0,success,223,223,223,13,13,13,9,9,9,0,0,0,0,0,0,0,0,0,56.5,56.5,56.5
browser-use,Apple--1,C2,1,1.0,success,95,95,95,12,12,12,11,11,11,0,0,0,5,5,5,0,0,0,30.5,30.5,30.5
browser-use,Apple--1,C5,1,1.0,success,761,761,761,19,19,19,15,15,15,0,0,0,0,0,0,0,0,0,68.2,68.2,68.2
browser-use,Apple--1,C7,1,1.0,success,43,43,43,13,13,13,11,11,11,0,0,0,6,6,6,0,0,0,32.6,32.6,32.6
browser-use,Apple--1,C8,1,1.0,success,54,54,54,7,7,7,5,5,5,0,0,0,0,0,0,0,0,0,29.3,29.3,29.3
browser-use,Apple--10,C0,1,1.0,success,743,743,743,20,20,20,15,15,15,0,0,0,0,0,0,0,0,0,62.6,62.6,62.6
browser-use,Apple--10,C2,1,1.0,success,45,45,45,10,10,10,9,9,9,0,0,0,3,3,3,0,0,0,38.4,38.4,38.4
browser-use,Apple--10,C5,1,1.0,success,235,235,235,9,9,9,7,7,7,0,0,0,0,0,0,0,0,0,26.0,26.0,26.0
browser-use,Apple--10,C7,1,1.0,success,97,97,97,12,12,12,11,11,11,0,0,0,5,5,5,0,0,0,53.7,53.7,53.7
browser-use,Apple--10,C8,1,1.0,success,70,70,70,12,12,12,11,11,11,3,3,3,2,2,2,0,0,0,57.0,57.0,57.0
browser-use,Apple--11,C0,1,1.0,success,537,537,537,10,10,10,6,6,6,0,0,0,0,0,0,0,0,0,46.6,46.6,46.6
browser-use,Apple--11,C2,1,1.0,success,48,48,48,10,10,10,9,9,9,0,0,0,3,3,3,0,0,0,79.7,79.7,79.7
browser-use,Apple--11,C5,1,1.0,success,218,218,218,12,12,12,9,9,9,0,0,0,0,0,0,0,0,0,38.6,38.6,38.6
browser-use,Apple--11,C7,1,1.0,success,385,385,385,10,10,10,6,6,6,0,0,0,0,0,0,0,0,0,35.2,35.2,35.2
browser-use,Apple--11,C8,1,1.0,success,238,238,238,8,8,8,5,5,5,0,0,0,0,0,0,0,0,0,35.3,35.3,35.3
browser-use,Apple--12,C0,1,1.0,success,123,123,123,11,11,11,5,5,5,0,0,0,0,0,0,0,0,0,26.9,26.9,26.9
browser-use,Apple--12,C2,1,1.0,success,98,98,98,11,11,11,7,7,7,0,0,0,0,0,0,0,0,0,13.0,13.0,13.0
browser-use,Apple--12,C5,1,1.0,success,161,161,161,13,13,13,9,9,9,0,0,0,0,0,0,0,0,0,27.4,27.4,27.4
browser-use,Apple--12,C7,1,1.0,success,95,95,95,12,12,12,11,11,11,0,0,0,5,5,5,0,0,0,77.6,77.6,77.6
browser-use,Apple--12,C8,1,1.0,success,121,121,121,11,11,11,5,5,5,0,0,0,0,0,0,0,0,0,14.9,14.9,14.9
browser-use,Apple--13,C0,1,1.0,success,998,998,998,37,37,37,34,34,34,0,0,0,0,0,0,0,0,0,64.1,64.1,64.1
browser-use,Apple--13,C2,1,1.0,success,57,57,57,12,12,12,11,11,11,0,0,0,4,4,4,0,0,0,47.4,47.4,47.4
browser-use,Apple--13,C5,1,1.0,success,600,600,600,17,17,17,13,13,13,0,0,0,0,0,0,0,0,0,33.4,33.4,33.4
browser-use,Apple--13,C7,1,1.0,success,141,141,141,14,14,14,13,13,13,0,0,0,3,3,3,0,0,0,63.1,63.1,63.1
browser-use,Apple--13,C8,1,1.0,success,79,79,79,12,12,12,11,11,11,3,3,3,2,2,2,0,0,0,19.9,19.9,19.9
browser-use,Apple--14,C0,1,1.0,success,303,303,303,10,10,10,6,6,6,0,0,0,0,0,0,0,0,0,33.5,33.5,33.5
browser-use,Apple--14,C2,1,1.0,success,242,242,242,10,10,10,6,6,6,0,0,0,0,0,0,0,0,0,36.4,36.4,36.4
browser-use,Apple--14,C5,1,1.0,success,422,422,422,13,13,13,9,9,9,0,0,0,0,0,0,0,0,0,36.1,36.1,36.1
browser-use,Apple--14,C7,1,1.0,success,41,41,41,10,10,10,9,9,9,0,0,0,6,6,6,0,0,0,73.4,73.4,73.4
browser-use,Apple--14,C8,1,1.0,success,347,347,347,10,10,10,6,6,6,0,0,0,0,0,0,0,0,0,40.0,40.0,40.0
browser-use,Apple--15,C0,1,1.0,success,295,295,295,10,10,10,6,6,6,0,0,0,0,0,0,0,0,0,28.6,28.6,28.6
browser-use,Apple--15,C2,1,1.0,success,43,43,43,10,10,10,9,9,9,0,0,0,4,4,4,0,0,0,67.8,67.8,67.8
browser-use,Apple--15,C5,1,1.0,success,321,321,321,10,10,10,6,6,6,0,0,0,0,0,0,0,0,0,38.4,38.4,38.4
browser-use,Apple--15,C7,1,1.0,success,47,47,47,10,10,10,9,9,9,0,0,0,4,4,4,0,0,0,68.9,68.9,68.9
browser-use,Apple--15,C8,1,1.0,success,318,318,318,11,11,11,7,7,7,0,0,0,0,0,0,0,0,0,35.4,35.4,35.4
browser-use,Apple--16,C0,1,1.0,success,136,136,136,9,9,9,5,5,5,0,0,0,0,0,0,0,0,0,29.4,29.4,29.4
browser-use,Apple--16,C2,1,1.0,success,153,153,153,8,8,8,5,5,5,0,0,0,0,0,0,0,0,0,35.4,35.4,35.4
browser-use,Apple--16,C5,1,1.0,success,179,179,179,10,10,10,6,6,6,0,0,0,0,0,0,0,0,0,34.1,34.1,34.1
browser-use,Apple--16,C7,1,1.0,success,170,170,170,12,12,12,9,9,9,0,0,0,1,1,1,0,0,0,32.0,32.0,32.0
browser-use,Apple--16,C8,1,1.0,success,235,235,235,10,10,10,8,8,8,0,0,0,0,0,0,0,0,0,36.1,36.1,36.1
browser-use,Apple--17,C0,1,1.0,success,276,276,276,11,11,11,7,7,7,0,0,0,0,0,0,0,0,0,30.1,30.1,30.1
browser-use,Apple--17,C2,1,1.0,success,238,238,238,12,12,12,9,9,9,0,0,0,0,0,0,0,0,0,32.6,32.6,32.6
browser-use,Apple--17,C5,1,1.0,success,258,258,258,12,12,12,9,9,9,0,0,0,0,0,0,0,0,0,34.2,34.2,34.2
browser-use,Apple--17,C7,1,1.0,success,222,222,222,12,12,12,9,9,9,0,0,0,0,0,0,0,0,0,44.5,44.5,44.5
browser-use,Apple--17,C8,1,1.0,success,91,91,91,8,8,8,5,5,5,0,0,0,0,0,0,0,0,0,35.9,35.9,35.9
browser-use,Apple--18,C0,1,1.0,success,375,375,375,47,47,47,45,45,45,0,0,0,0,0,0,0,0,0,40.3,40.3,40.3
browser-use,Apple--18,C2,1,1.0,success,41,41,41,12,12,12,11,11,11,0,0,0,6,6,6,0,0,0,32.3,32.3,32.3
browser-use,Apple--18,C5,1,1.0,success,144,144,144,12,12,12,10,10,10,0,0,0,0,0,0,0,0,0,28.2,28.2,28.2
browser-use,Apple--18,C7,1,1.0,success,95,95,95,13,13,13,12,12,12,0,0,0,5,5,5,0,0,0,31.8,31.8,31.8
browser-use,Apple--18,C8,1,1.0,success,70,70,70,8,8,8,6,6,6,0,0,0,0,0,0,0,0,0,25.6,25.6,25.6
browser-use,Apple--19,C0,1,1.0,success,254,254,254,12,12,12,9,9,9,0,0,0,0,0,0,0,0,0,37.4,37.4,37.4
browser-use,Apple--19,C2,1,1.0,success,223,223,223,8,8,8,5,5,5,0,0,0,0,0,0,0,0,0,38.3,38.3,38.3
browser-use,Apple--19,C5,1,1.0,success,204,204,204,8,8,8,5,5,5,0,0,0,0,0,0,0,0,0,41.8,41.8,41.8
browser-use,Apple--19,C7,1,1.0,success,362,362,362,10,10,10,6,6,6,0,0,0,0,0,0,0,0,0,35.3,35.3,35.3
browser-use,Apple--19,C8,1,1.0,success,181,181,181,8,8,8,5,5,5,0,0,0,0,0,0,0,0,0,29.3,29.3,29.3
browser-use,Apple--2,C0,1,1.0,success,222,222,222,9,9,9,6,6,6,0,0,0,0,0,0,0,0,0,55.5,55.5,55.5
browser-use,Apple--2,C2,1,1.0,success,185,185,185,9,9,9,6,6,6,0,0,0,1,1,1,0,0,0,61.7,61.7,61.7
browser-use,Apple--2,C5,1,1.0,success,181,181,181,8,8,8,5,5,5,0,0,0,0,0,0,0,0,0,46.2,46.2,46.2
browser-use,Apple--2,C7,1,1.0,success,167,167,167,8,8,8,5,5,5,0,0,0,0,0,0,0,0,0,37.4,37.4,37.4
browser-use,Apple--2,C8,1,1.0,success,280,280,280,10,10,10,6,6,6,0,0,0,0,0,0,0,0,0,41.8,41.8,41.8
browser-use,Apple--20,C0,1,1.0,success,1316,1316,1316,107,107,107,107,107,107,0,0,0,0,0,0,0,0,0,75.1,75.1,75.1
browser-use,Apple--20,C2,1,1.0,success,147,147,147,16,16,16,15,15,15,0,0,0,4,4,4,0,0,0,41.9,41.9,41.9
browser-use,Apple--20,C5,1,1.0,success,1069,1069,1069,68,68,68,68,68,68,0,0,0,0,0,0,0,0,0,59.3,59.3,59.3
browser-use,Apple--20,C7,1,1.0,success,148,148,148,13,13,13,13,13,13,0,0,0,3,3,3,0,0,0,64.9,64.9,64.9
browser-use,Apple--20,C8,1,1.0,success,582,582,582,15,15,15,15,15,15,0,0,0,2,2,2,0,0,0,45.0,45.0,45.0
browser-use,Apple--21,C0,1,1.0,success,361,361,361,10,10,10,6,6,6,0,0,0,0,0,0,0,0,0,27.5,27.5,27.5
browser-use,Apple--21,C2,1,1.0,success,236,236,236,8,8,8,5,5,5,0,0,0,0,0,0,0,0,0,27.1,27.1,27.1
browser-use,Apple--21,C5,1,1.0,success,326,326,326,14,14,14,10,10,10,0,0,0,0,0,0,0,0,0,39.8,39.8,39.8
browser-use,Apple--21,C7,1,1.0,success,258,258,258,8,8,8,5,5,5,0,0,0,0,0,0,0,0,0,31.2,31.2,31.2
browser-use,Apple--21,C8,1,1.0,success,213,213,213,8,8,8,5,5,5,0,0,0,0,0,0,0,0,0,17.5,17.5,17.5
browser-use,Apple--22,C0,1,1.0,success,160,160,160,8,8,8,6,6,6,0,0,0,0,0,0,0,0,0,17.6,17.6,17.6
browser-use,Apple--22,C2,1,1.0,success,103,103,103,9,9,9,7,7,7,0,0,0,0,0,0,0,0,0,42.7,42.7,42.7
browser-use,Apple--22,C5,1,1.0,success,205,205,205,10,10,10,6,6,6,0,0,0,0,0,0,0,0,0,28.5,28.5,28.5
browser-use,Apple--22,C7,1,1.0,success,92,92,92,8,8,8,6,6,6,0,0,0,0,0,0,0,0,0,34.7,34.7,34.7
browser-use,Apple--22,C8,1,1.0,success,92,92,92,8,8,8,6,6,6,0,0,0,0,0,0,0,0,0,33.0,33.0,33.0
browser-use,Apple--23,C0,1,1.0,success,182,182,182,9,9,9,6,6,6,0,0,0,0,0,0,0,0,0,27.6,27.6,27.6
browser-use,Apple--23,C2,1,1.0,success,183,183,183,9,9,9,6,6,6,0,0,0,0,0,0,0,0,0,20.1,20.1,20.1
browser-use,Apple--23,C5,1,1.0,success,183,183,183,9,9,9,6,6,6,0,0,0,0,0,0,0,0,0,15.3,15.3,15.3
browser-use,Apple--23,C7,1,1.0,success,288,288,288,10,10,10,6,6,6,0,0,0,0,0,0,0,0,0,28.1,28.1,28.1
browser-use,Apple--23,C8,1,1.0,success,145,145,145,8,8,8,5,5,5,0,0,0,0,0,0,0,0,0,15.6,15.6,15.6
browser-use,Apple--24,C0,1,1.0,success,325,325,325,10,10,10,6,6,6,0,0,0,0,0,0,0,0,0,35.2,35.2,35.2
browser-use,Apple--24,C2,1,1.0,success,271,271,271,9,9,9,6,6,6,0,0,0,0,0,0,0,0,0,30.8,30.8,30.8
browser-use,Apple--24,C5,1,1.0,success,334,334,334,16,16,16,12,12,12,0,0,0,0,0,0,0,0,0,49.8,49.8,49.8
browser-use,Apple--24,C7,1,1.0,success,91,91,91,11,11,11,10,10,10,0,0,0,4,4,4,0,0,0,28.8,28.8,28.8
browser-use,Apple--24,C8,1,1.0,success,192,192,192,8,8,8,5,5,5,0,0,0,0,0,0,0,0,0,29.9,29.9,29.9
browser-use,Apple--25,C0,1,1.0,success,165,165,165,10,10,10,6,6,6,0,0,0,0,0,0,0,0,0,36.4,36.4,36.4
browser-use,Apple--25,C2,1,1.0,success,239,239,239,10,10,10,7,7,7,0,0,0,0,0,0,0,0,0,23.0,23.0,23.0
browser-use,Apple--25,C5,1,1.0,success,232,232,232,9,9,9,6,6,6,0,0,0,0,0,0,0,0,0,34.1,34.1,34.1
browser-use,Apple--25,C7,1,1.0,success,190,190,190,9,9,9,5,5,5,0,0,0,0,0,0,0,0,0,31.9,31.9,31.9
browser-use,Apple--25,C8,1,1.0,success,150,150,150,10,10,10,6,6,6,0,0,0,0,0,0,0,0,0,26.6,26.6,26.6
browser-use,Apple--26,C0,1,1.0,success,335,335,335,12,12,12,8,8,8,0,0,0,0,0,0,0,0,0,39.1,39.1,39.1
browser-use,Apple--26,C2,1,1.0,success,41,41,41,9,9,9,8,8,8,0,0,0,4,4,4,0,0,0,46.3,46.3,46.3
browser-use,Apple--26,C5,1,1.0,success,258,258,258,11,11,11,9,9,9,0,0,0,0,0,0,0,0,0,37.4,37.4,37.4
browser-use,Apple--26,C7,1,1.0,success,357,357,357,10,10,10,6,6,6,0,0,0,0,0,0,0,0,0,28.3,28.3,28.3
browser-use,Apple--26,C8,1,1.0,success,209,209,209,8,8,8,5,5,5,0,0,0,0,0,0,0,0,0,31.6,31.6,31.6
browser-use,Apple--27,C0,1,1.0,success,276,276,276,12,12,12,8,8,8,0,0,0,0,0,0,0,0,0,29.2,29.2,29.2
browser-use,Apple--27,C2,1,1.0,success,46,46,46,10,10,10,9,9,9,0,0,0,4,4,4,0,0,0,68.9,68.9,68.9
browser-use,Apple--27,C5,1,1.0,success,248,248,248,15,15,15,12,12,12,0,0,0,0,0,0,0,0,0,36.1,36.1,36.1
browser-use,Apple--27,C7,1,1.0,success,201,201,201,10,10,10,7,7,7,0,0,0,0,0,0,0,0,0,26.8,26.8,26.8
browser-use,Apple--27,C8,1,1.0,success,330,330,330,9,9,9,6,6,6,0,0,0,0,0,0,0,0,0,36.5,36.5,36.5
browser-use,Apple--28,C0,1,1.0,success,265,265,265,13,13,13,10,10,10,0,0,0,0,0,0,0,0,0,39.6,39.6,39.6
browser-use,Apple--28,C2,1,1.0,success,45,45,45,11,11,11,10,10,10,0,0,0,5,5,5,0,0,0,40.8,40.8,40.8
browser-use,Apple--28,C5,1,1.0,success,397,397,397,9,9,9,6,6,6,0,0,0,0,0,0,0,0,0,33.4,33.4,33.4
browser-use,Apple--28,C7,1,1.0,success,38,38,38,10,10,10,9,9,9,0,0,0,5,5,5,0,0,0,69.5,69.5,69.5
browser-use,Apple--28,C8,1,1.0,success,343,343,343,9,9,9,6,6,6,0,0,0,0,0,0,0,0,0,37.0,37.0,37.0
browser-use,Apple--29,C0,1,1.0,success,310,310,310,8,8,8,5,5,5,0,0,0,0,0,0,0,0,0,23.7,23.7,23.7
browser-use,Apple--29,C2,1,1.0,success,295,295,295,8,8,8,5,5,5,0,0,0,0,0,0,0,0,0,31.6,31.6,31.6
browser-use,Apple--29,C5,1,1.0,success,197,197,197,8,8,8,5,5,5,0,0,0,0,0,0,0,0,0,27.7,27.7,27.7
browser-use,Apple--29,C7,1,1.0,success,301,301,301,8,8,8,5,5,5,0,0,0,0,0,0,0,0,0,29.7,29.7,29.7
browser-use,Apple--29,C8,1,1.0,success,102,102,102,7,7,7,5,5,5,0,0,0,0,0,0,0,0,0,22.6,22.6,22.6
browser-use,Apple--3,C0,1,1.0,success,1597,1597,1597,232,232,232,229,229,229,0,0,0,0,0,0,0,0,0,51.5,51.5,51.5
browser-use,Apple--3,C2,1,1.0,success,46,46,46,11,11,11,11,11,11,0,0,0,4,4,4,0,0,0,40.6,40.6,40.6
browser-use,Apple--3,C5,1,1.0,success,674,674,674,14,14,14,11,11,11,0,0,0,0,0,0,0,0,0,46.1,46.1,46.1
browser-use,Apple--3,C7,1,1.0,success,58,58,58,11,11,11,10,10,10,0,0,0,4,4,4,0,0,0,74.5,74.5,74.5
browser-use,Apple--3,C8,1,1.0,success,95,95,95,8,8,8,6,6,6,3,3,3,0,0,0,0,0,0,58.4,58.4,58.4
browser-use,Apple--30,C0,1,1.0,success,325,325,325,14,14,14,10,10,10,0,0,0,0,0,0,0,0,0,36.5,36.5,36.5
browser-use,Apple--30,C2,1,1.0,success,307,307,307,10,10,10,6,6,6,0,0,0,0,0,0,0,0,0,35.4,35.4,35.4
browser-use,Apple--30,C5,1,1.0,success,249,249,249,8,8,8,5,5,5,0,0,0,0,0,0,0,0,0,31.7,31.7,31.7
browser-use,Apple--30,C7,1,1.0,success,378,378,378,10,10,10,6,6,6,0,0,0,0,0,0,0,0,0,36.7,36.7,36.7
browser-use,Apple--30,C8,1,1.0,success,253,253,253,10,10,10,6,6,6,0,0,0,0,0,0,0,0,0,30.0,30.0,30.0
browser-use,Apple--31,C0,1,1.0,success,184,184,184,8,8,8,5,5,5,0,0,0,0,0,0,0,0,0,26.8,26.8,26.8
browser-use,Apple--31,C2,1,1.0,success,48,48,48,10,10,10,9,9,9,0,0,0,5,5,5,0,0,0,75.5,75.5,75.5
browser-use,Apple--31,C5,1,1.0,success,726,726,726,18,18,18,16,16,16,0,0,0,0,0,0,0,0,0,50.2,50.2,50.2
browser-use,Apple--31,C7,1,1.0,success,227,227,227,9,9,9,6,6,6,0,0,0,0,0,0,0,0,0,20.5,20.5,20.5
browser-use,Apple--31,C8,1,1.0,success,151,151,151,7,7,7,5,5,5,0,0,0,0,0,0,0,0,0,24.0,24.0,24.0
browser-use,Apple--32,C0,1,1.0,success,163,163,163,9,9,9,6,6,6,0,0,0,0,0,0,0,0,0,29.7,29.7,29.7
browser-use,Apple--32,C2,1,1.0,success,38,38,38,10,10,10,9,9,9,0,0,0,5,5,5,0,0,0,29.5,29.5,29.5
browser-use,Apple--32,C5,1,1.0,success,164,164,164,12,12,12,10,10,10,0,0,0,0,0,0,0,0,0,50.7,50.7,50.7
browser-use,Apple--32,C7,1,1.0,success,157,157,157,10,10,10,7,7,7,0,0,0,0,0,0,0,0,0,30.4,30.4,30.4
browser-use,Apple--32,C8,1,1.0,success,92,92,92,8,8,8,6,6,6,0,0,0,0,0,0,0,0,0,39.0,39.0,39.0
browser-use,Apple--33,C0,1,1.0,success,707,707,707,17,17,17,14,14,14,0,0,0,0,0,0,0,0,0,37.9,37.9,37.9
browser-use,Apple--33,C2,1,1.0,success,146,146,146,13,13,13,12,12,12,0,0,0,4,4,4,0,0,0,25.6,25.6,25.6
browser-use,Apple--33,C5,1,1.0,success,719,719,719,16,16,16,13,13,13,0,0,0,0,0,0,0,0,0,36.0,36.0,36.0
browser-use,Apple--33,C7,1,1.0,success,48,48,48,11,11,11,9,9,9,0,0,0,4,4,4,0,0,0,70.9,70.9,70.9
browser-use,Apple--33,C8,1,1.0,success,79,79,79,11,11,11,10,10,10,1,1,1,3,3,3,0,0,0,53.3,53.3,53.3
browser-use,Apple--34,C0,1,1.0,success,223,223,223,12,12,12,9,9,9,0,0,0,0,0,0,0,0,0,56.3,56.3,56.3
browser-use,Apple--34,C2,1,1.0,success,94,94,94,12,12,12,11,11,11,0,0,0,4,4,4,0,0,0,26.8,26.8,26.8
browser-use,Apple--34,C5,1,1.0,success,476,476,476,15,15,15,12,12,12,0,0,0,0,0,0,0,0,0,54.1,54.1,54.1
browser-use,Apple--34,C7,1,1.0,success,49,49,49,11,11,11,10,10,10,0,0,0,5,5,5,0,0,0,38.1,38.1,38.1
browser-use,Apple--34,C8,1,1.0,success,181,181,181,10,10,10,6,6,6,2,2,2,0,0,0,0,0,0,27.5,27.5,27.5
browser-use,Apple--35,C0,1,1.0,success,192,192,192,8,8,8,5,5,5,0,0,0,0,0,0,0,0,0,27.2,27.2,27.2
browser-use,Apple--35,C2,1,1.0,success,108,108,108,10,10,10,7,7,7,0,0,0,0,0,0,0,0,0,37.9,37.9,37.9
browser-use,Apple--35,C5,1,1.0,success,388,388,388,13,13,13,9,9,9,0,0,0,0,0,0,0,0,0,55.7,55.7,55.7
browser-use,Apple--35,C7,1,1.0,success,338,338,338,11,11,11,7,7,7,0,0,0,0,0,0,0,0,0,51.6,51.6,51.6
browser-use,Apple--35,C8,1,1.0,success,348,348,348,11,11,11,7,7,7,0,0,0,0,0,0,0,0,0,40.5,40.5,40.5
browser-use,Apple--36,C0,1,1.0,success,244,244,244,15,15,15,6,6,6,0,0,0,0,0,0,0,0,0,38.2,38.2,38.2
browser-use,Apple--36,C2,1,1.0,success,95,95,95,12,12,12,10,10,10,0,0,0,5,5,5,0,0,0,29.7,29.7,29.7
browser-use,Apple--36,C5,1,1.0,success,170,170,170,7,7,7,5,5,5,0,0,0,0,0,0,0,0,0,40.0,40.0,40.0
browser-use,Apple--36,C7,1,1.0,success,183,183,183,15,15,15,6,6,6,0,0,0,0,0,0,0,0,0,42.0,42.0,42.0
browser-use,Apple--36,C8,1,1.0,success,183,183,183,10,10,10,6,6,6,0,0,0,0,0,0,0,0,0,31.8,31.8,31.8
browser-use,Apple--37,C0,1,1.0,success,709,709,709,17,17,17,15,15,15,0,0,0,0,0,0,0,0,0,71.8,71.8,71.8
browser-use,Apple--37,C2,1,1.0,success,38,38,38,11,11,11,10,10,10,0,0,0,5,5,5,0,0,0,31.8,31.8,31.8
browser-use,Apple--37,C5,1,1.0,success,739,739,739,17,17,17,15,15,15,0,0,0,0,0,0,0,0,0,76.6,76.6,76.6
browser-use,Apple--37,C7,1,1.0,success,59,59,59,11,11,11,9,9,9,0,0,0,4,4,4,0,0,0,42.2,42.2,42.2
browser-use,Apple--37,C8,1,1.0,success,77,77,77,11,11,11,10,10,10,3,3,3,2,2,2,0,0,0,23.6,23.6,23.6
browser-use,Apple--38,C0,1,1.0,success,732,732,732,19,19,19,16,16,16,0,0,0,0,0,0,0,0,0,61.5,61.5,61.5
browser-use,Apple--38,C2,1,1.0,success,105,105,105,13,13,13,12,12,12,0,0,0,4,4,4,0,0,0,73.4,73.4,73.4
browser-use,Apple--38,C5,1,1.0,success,267,267,267,13,13,13,10,10,10,0,0,0,0,0,0,0,0,0,48.4,48.4,48.4
browser-use,Apple--38,C7,1,1.0,success,46,46,46,11,11,11,10,10,10,0,0,0,4,4,4,0,0,0,69.3,69.3,69.3
browser-use,Apple--38,C8,1,1.0,success,137,137,137,7,7,7,5,5,5,0,0,0,0,0,0,0,0,0,40.2,40.2,40.2
browser-use,Apple--39,C0,1,1.0,success,694,694,694,22,22,22,16,16,16,0,0,0,0,0,0,0,0,0,50.3,50.3,50.3
browser-use,Apple--39,C2,1,1.0,success,142,142,142,11,11,11,7,7,7,0,0,0,0,0,0,0,0,0,31.5,31.5,31.5
browser-use,Apple--39,C5,1,1.0,success,485,485,485,32,32,32,30,30,30,0,0,0,0,0,0,0,0,0,21.7,21.7,21.7
browser-use,Apple--39,C7,1,1.0,success,159,159,159,15,15,15,12,12,12,0,0,0,4,4,4,0,0,0,26.5,26.5,26.5
browser-use,Apple--39,C8,1,1.0,success,72,72,72,10,10,10,9,9,9,1,1,1,1,1,1,0,0,0,19.4,19.4,19.4
browser-use,Apple--4,C0,1,1.0,success,290,290,290,10,10,10,6,6,6,0,0,0,0,0,0,0,0,0,34.1,34.1,34.1
browser-use,Apple--4,C2,1,1.0,success,284,284,284,12,12,12,8,8,8,0,0,0,0,0,0,0,0,0,54.1,54.1,54.1
browser-use,Apple--4,C5,1,1.0,success,779,779,779,17,17,17,14,14,14,0,0,0,0,0,0,0,0,0,54.7,54.7,54.7
browser-use,Apple--4,C7,1,1.0,success,56,56,56,10,10,10,9,9,9,0,0,0,4,4,4,0,0,0,43.6,43.6,43.6
browser-use,Apple--4,C8,1,1.0,success,82,82,82,12,12,12,11,11,11,3,3,3,2,2,2,0,0,0,24.9,24.9,24.9
browser-use,Apple--40,C0,1,1.0,success,173,173,173,11,11,11,9,9,9,0,0,0,0,0,0,0,0,0,48.3,48.3,48.3
browser-use,Apple--40,C2,1,1.0,success,127,127,127,7,7,7,5,5,5,0,0,0,0,0,0,0,0,0,29.1,29.1,29.1
browser-use,Apple--40,C5,1,1.0,success,131,131,131,8,8,8,5,5,5,0,0,0,0,0,0,0,0,0,33.4,33.4,33.4
browser-use,Apple--40,C7,1,1.0,success,100,100,100,7,7,7,5,5,5,0,0,0,0,0,0,0,0,0,31.7,31.7,31.7
browser-use,Apple--40,C8,1,1.0,success,154,154,154,7,7,7,5,5,5,0,0,0,0,0,0,0,0,0,36.8,36.8,36.8
browser-use,Apple--41,C0,1,1.0,success,315,315,315,15,15,15,10,10,10,0,0,0,0,0,0,0,0,0,45.3,45.3,45.3
browser-use,Apple--41,C2,1,1.0,success,428,428,428,12,12,12,8,8,8,0,0,0,0,0,0,0,0,0,52.3,52.3,52.3
browser-use,Apple--41,C5,1,1.0,success,319,319,319,14,14,14,10,10,10,0,0,0,0,0,0,0,0,0,54.9,54.9,54.9
browser-use,Apple--41,C7,1,1.0,success,140,140,140,14,14,14,13,13,13,0,0,0,4,4,4,0,0,0,25.5,25.5,25.5
browser-use,Apple--41,C8,1,1.0,success,80,80,80,13,13,13,12,12,12,3,3,3,3,3,3,0,0,0,21.4,21.4,21.4
browser-use,Apple--42,C0,1,1.0,success,275,275,275,10,10,10,7,7,7,0,0,0,0,0,0,0,0,0,52.5,52.5,52.5
browser-use,Apple--42,C2,1,1.0,success,208,208,208,8,8,8,5,5,5,0,0,0,0,0,0,0,0,0,40.7,40.7,40.7
browser-use,Apple--42,C5,1,1.0,success,164,164,164,10,10,10,7,7,7,0,0,0,0,0,0,0,0,0,41.7,41.7,41.7
browser-use,Apple--42,C7,1,1.0,success,284,284,284,10,10,10,6,6,6,0,0,0,0,0,0,0,0,0,35.4,35.4,35.4
browser-use,Apple--42,C8,1,1.0,success,228,228,228,8,8,8,5,5,5,0,0,0,0,0,0,0,0,0,39.4,39.4,39.4
browser-use,Apple--5,C0,1,1.0,success,1020,1020,1020,41,41,41,41,41,41,0,0,0,0,0,0,0,0,0,39.6,39.6,39.6
browser-use,Apple--5,C2,1,1.0,success,103,103,103,12,12,12,11,11,11,0,0,0,4,4,4,0,0,0,38.9,38.9,38.9
browser-use,Apple--5,C5,1,1.0,success,799,799,799,49,49,49,46,46,46,0,0,0,0,0,0,0,0,0,41.5,41.5,41.5
browser-use,Apple--5,C7,1,1.0,success,138,138,138,15,15,15,14,14,14,0,0,0,4,4,4,0,0,0,72.5,72.5,72.5
browser-use,Apple--5,C8,1,1.0,success,187,187,187,11,11,11,7,7,7,2,2,2,0,0,0,0,0,0,39.1,39.1,39.1
browser-use,Apple--6,C0,1,1.0,success,208,208,208,9,9,9,6,6,6,0,0,0,0,0,0,0,0,0,44.1,44.1,44.1
browser-use,Apple--6,C2,1,1.0,success,160,160,160,8,8,8,5,5,5,0,0,0,0,0,0,0,0,0,37.3,37.3,37.3
browser-use,Apple--6,C5,1,1.0,success,161,161,161,8,8,8,5,5,5,0,0,0,0,0,0,0,0,0,29.8,29.8,29.8
browser-use,Apple--6,C7,1,1.0,success,151,151,151,8,8,8,5,5,5,0,0,0,0,0,0,0,0,0,32.2,32.2,32.2
browser-use,Apple--6,C8,1,1.0,success,168,168,168,8,8,8,5,5,5,0,0,0,0,0,0,0,0,0,40.2,40.2,40.2
browser-use,Apple--7,C0,1,1.0,success,787,787,787,55,55,55,55,55,55,0,0,0,0,0,0,0,0,0,66.9,66.9,66.9
browser-use,Apple--7,C2,1,1.0,success,93,93,93,11,11,11,10,10,10,0,0,0,4,4,4,0,0,0,66.4,66.4,66.4
browser-use,Apple--7,C5,1,1.0,success,807,807,807,46,46,46,43,43,43,0,0,0,0,0,0,0,0,0,61.1,61.1,61.1
browser-use,Apple--7,C7,1,1.0,success,91,91,91,12,12,12,11,11,11,0,0,0,3,3,3,0,0,0,27.8,27.8,27.8
browser-use,Apple--7,C8,1,1.0,success,111,111,111,11,11,11,7,7,7,3,3,3,1,1,1,0,0,0,23.1,23.1,23.1
browser-use,Apple--8,C0,1,1.0,success,291,291,291,12,12,12,9,9,9,0,0,0,0,0,0,0,0,0,41.7,41.7,41.7
browser-use,Apple--8,C2,1,1.0,success,51,51,51,13,13,13,12,12,12,0,0,0,5,5,5,0,0,0,82.3,82.3,82.3
browser-use,Apple--8,C5,1,1.0,success,600,600,600,16,16,16,13,13,13,0,0,0,0,0,0,0,0,0,38.2,38.2,38.2
browser-use,Apple--8,C7,1,1.0,success,163,163,163,13,13,13,12,12,12,0,0,0,2,2,2,0,0,0,63.2,63.2,63.2
browser-use,Apple--8,C8,1,1.0,success,189,189,189,9,9,9,6,6,6,2,2,2,0,0,0,0,0,0,25.7,25.7,25.7
browser-use,Apple--9,C0,1,1.0,success,319,319,319,11,11,11,7,7,7,0,0,0,0,0,0,0,0,0,36.9,36.9,36.9
browser-use,Apple--9,C2,1,1.0,success,284,284,284,10,10,10,6,6,6,0,0,0,0,0,0,0,0,0,47.8,47.8,47.8
browser-use,Apple--9,C5,1,1.0,success,265,265,265,10,10,10,6,6,6,0,0,0,0,0,0,0,0,0,48.7,48.7,48.7
browser-use,Apple--9,C7,1,1.0,success,278,278,278,10,10,10,6,6,6,0,0,0,0,0,0,0,0,0,41.6,41.6,41.6
browser-use,Apple--9,C8,1,1.0,success,317,317,317,11,11,11,6,6,6,0,0,0,0,0,0,0,0,0,47.1,47.1,47.1
browser-use,ArXiv--0,C0,1,1.0,success,82,82,82,10,10,10,8,8,8,0,0,0,0,0,0,0,0,0,82.5,82.5,82.5
browser-use,ArXiv--0,C2,1,1.0,success,98,98,98,13,13,13,12,12,12,0,0,0,5,5,5,0,0,0,75.8,75.8,75.8
browser-use,ArXiv--0,C5,1,1.0,success,138,138,138,12,12,12,10,10,10,0,0,0,0,0,0,0,0,0,88.2,88.2,88.2
browser-use,ArXiv--0,C7,1,1.0,success,53,53,53,10,10,10,8,8,8,0,0,0,0,0,0,0,0,0,57.7,57.7,57.7
browser-use,ArXiv--0,C8,1,1.0,success,78,78,78,12,12,12,10,10,10,0,0,0,0,0,0,0,0,0,61.0,61.0,61.0
browser-use,ArXiv--1,C0,1,1.0,success,56,56,56,12,12,12,10,10,10,0,0,0,0,0,0,0,0,0,102.9,102.9,102.9
browser-use,ArXiv--1,C2,1,1.0,success,53,53,53,12,12,12,10,10,10,0,0,0,0,0,0,0,0,0,137.0,137.0,137.0
browser-use,ArXiv--1,C5,1,1.0,success,61,61,61,10,10,10,8,8,8,0,0,0,0,0,0,0,0,0,65.1,65.1,65.1
browser-use,ArXiv--1,C7,1,1.0,success,49,49,49,10,10,10,8,8,8,0,0,0,0,0,0,0,0,0,28.7,28.7,28.7
browser-use,ArXiv--1,C8,1,1.0,success,54,54,54,12,12,12,10,10,10,0,0,0,0,0,0,0,0,0,119.7,119.7,119.7
browser-use,ArXiv--10,C0,1,1.0,success,122,122,122,18,18,18,15,15,15,0,0,0,0,0,0,0,0,0,27.0,27.0,27.0
browser-use,ArXiv--10,C2,1,1.0,success,107,107,107,16,16,16,13,13,13,0,0,0,0,0,0,0,0,0,15.3,15.3,15.3
browser-use,ArXiv--10,C5,1,1.0,success,135,135,135,18,18,18,15,15,15,0,0,0,0,0,0,0,0,0,49.8,49.8,49.8
browser-use,ArXiv--10,C7,1,1.0,success,104,104,104,13,13,13,12,12,12,0,0,0,4,4,4,0,0,0,59.5,59.5,59.5
browser-use,ArXiv--10,C8,1,1.0,success,13,13,13,6,6,6,6,6,6,2,2,2,0,0,0,0,0,0,18.1,18.1,18.1
browser-use,ArXiv--11,C0,1,1.0,success,595,595,595,18,18,18,18,18,18,0,0,0,0,0,0,0,0,0,35.7,35.7,35.7
browser-use,ArXiv--11,C2,1,1.0,success,49,49,49,11,11,11,11,11,11,0,0,0,4,4,4,0,0,0,72.0,72.0,72.0
browser-use,ArXiv--11,C5,1,1.0,success,599,599,599,30,30,30,30,30,30,0,0,0,0,0,0,0,0,0,40.3,40.3,40.3
browser-use,ArXiv--11,C7,1,1.0,success,138,138,138,17,17,17,15,15,15,0,0,0,0,0,0,0,0,0,45.7,45.7,45.7
browser-use,ArXiv--11,C8,1,1.0,success,79,79,79,12,12,12,12,12,12,4,4,4,1,1,1,0,0,0,52.9,52.9,52.9
browser-use,ArXiv--12,C0,1,1.0,success,124,124,124,18,18,18,15,15,15,0,0,0,0,0,0,0,0,0,50.7,50.7,50.7
browser-use,ArXiv--12,C2,1,1.0,success,93,93,93,11,11,11,10,10,10,0,0,0,4,4,4,0,0,0,63.3,63.3,63.3
browser-use,ArXiv--12,C5,1,1.0,success,149,149,149,18,18,18,15,15,15,0,0,0,0,0,0,0,0,0,50.9,50.9,50.9
browser-use,ArXiv--12,C7,1,1.0,success,41,41,41,10,10,10,9,9,9,0,0,0,6,6,6,0,0,0,77.3,77.3,77.3
browser-use,ArXiv--12,C8,1,1.0,success,81,81,81,14,14,14,11,11,11,1,1,1,0,0,0,0,0,0,37.6,37.6,37.6
browser-use,ArXiv--13,C0,1,1.0,success,46,46,46,10,10,10,8,8,8,0,0,0,0,0,0,0,0,0,18.7,18.7,18.7
browser-use,ArXiv--13,C2,1,1.0,success,58,58,58,10,10,10,8,8,8,0,0,0,0,0,0,0,0,0,25.7,25.7,25.7
browser-use,ArXiv--13,C5,1,1.0,success,49,49,49,10,10,10,8,8,8,0,0,0,0,0,0,0,0,0,28.7,28.7,28.7
browser-use,ArXiv--13,C7,1,1.0,success,66,66,66,10,10,10,8,8,8,0,0,0,0,0,0,0,0,0,29.6,29.6,29.6
browser-use,ArXiv--13,C8,1,1.0,success,58,58,58,10,10,10,8,8,8,0,0,0,0,0,0,0,0,0,24.3,24.3,24.3
browser-use,ArXiv--14,C0,1,1.0,success,38,38,38,10,10,10,8,8,8,0,0,0,0,0,0,0,0,0,25.4,25.4,25.4
browser-use,ArXiv--14,C2,1,1.0,success,37,37,37,10,10,10,8,8,8,0,0,0,0,0,0,0,0,0,45.8,45.8,45.8
browser-use,ArXiv--14,C5,1,1.0,success,42,42,42,10,10,10,8,8,8,0,0,0,0,0,0,0,0,0,62.2,62.2,62.2
browser-use,ArXiv--14,C7,1,1.0,success,42,42,42,10,10,10,8,8,8,0,0,0,0,0,0,0,0,0,39.7,39.7,39.7
browser-use,ArXiv--14,C8,1,1.0,success,36,36,36,10,10,10,8,8,8,0,0,0,0,0,0,0,0,0,29.6,29.6,29.6
browser-use,ArXiv--15,C0,1,1.0,success,136,136,136,16,16,16,14,14,14,0,0,0,0,0,0,0,0,0,39.9,39.9,39.9
browser-use,ArXiv--15,C2,1,1.0,success,45,45,45,10,10,10,8,8,8,0,0,0,0,0,0,0,0,0,36.9,36.9,36.9
browser-use,ArXiv--15,C5,1,1.0,success,78,78,78,18,18,18,15,15,15,0,0,0,0,0,0,0,0,0,100.5,100.5,100.5
browser-use,ArXiv--15,C7,1,1.0,success,47,47,47,12,12,12,10,10,10,0,0,0,0,0,0,0,0,0,40.1,40.1,40.1
browser-use,ArXiv--15,C8,1,1.0,success,44,44,44,12,12,12,10,10,10,0,0,0,0,0,0,0,0,0,38.3,38.3,38.3
browser-use,ArXiv--16,C0,1,1.0,success,80,80,80,13,13,13,11,11,11,0,0,0,0,0,0,0,0,0,36.2,36.2,36.2
browser-use,ArXiv--16,C2,1,1.0,success,83,83,83,11,11,11,9,9,9,0,0,0,0,0,0,0,0,0,68.4,68.4,68.4
browser-use,ArXiv--16,C5,1,1.0,success,83,83,83,11,11,11,9,9,9,0,0,0,0,0,0,0,0,0,48.0,48.0,48.0
browser-use,ArXiv--16,C7,1,1.0,success,82,82,82,11,11,11,9,9,9,0,0,0,0,0,0,0,0,0,35.4,35.4,35.4
browser-use,ArXiv--16,C8,1,1.0,success,84,84,84,13,13,13,11,11,11,0,0,0,0,0,0,0,0,0,29.2,29.2,29.2
browser-use,ArXiv--17,C0,1,1.0,success,585,585,585,19,19,19,17,17,17,0,0,0,0,0,0,0,0,0,36.4,36.4,36.4
browser-use,ArXiv--17,C2,1,1.0,success,89,89,89,11,11,11,10,10,10,0,0,0,2,2,2,0,0,0,46.7,46.7,46.7
browser-use,ArXiv--17,C5,1,1.0,success,636,636,636,21,21,21,19,19,19,0,0,0,0,0,0,0,0,0,62.3,62.3,62.3
browser-use,ArXiv--17,C7,1,1.0,success,92,92,92,11,11,11,10,10,10,0,0,0,4,4,4,0,0,0,30.6,30.6,30.6
browser-use,ArXiv--17,C8,1,1.0,success,76,76,76,11,11,11,10,10,10,3,3,3,1,1,1,0,0,0,20.2,20.2,20.2
browser-use,ArXiv--18,C0,1,1.0,success,591,591,591,17,17,17,15,15,15,0,0,0,0,0,0,0,0,0,40.8,40.8,40.8
browser-use,ArXiv--18,C2,1,1.0,success,93,93,93,11,11,11,10,10,10,0,0,0,4,4,4,0,0,0,33.4,33.4,33.4
browser-use,ArXiv--18,C5,1,1.0,success,690,690,690,22,22,22,22,22,22,0,0,0,0,0,0,0,0,0,73.6,73.6,73.6
browser-use,ArXiv--18,C7,1,1.0,success,95,95,95,11,11,11,10,10,10,0,0,0,5,5,5,0,0,0,79.2,79.2,79.2
browser-use,ArXiv--18,C8,1,1.0,success,83,83,83,13,13,13,11,11,11,0,0,0,0,0,0,0,0,0,47.7,47.7,47.7
browser-use,ArXiv--19,C0,1,1.0,success,638,638,638,33,33,33,30,30,30,0,0,0,0,0,0,0,0,0,42.1,42.1,42.1
browser-use,ArXiv--19,C2,1,1.0,success,58,58,58,11,11,11,10,10,10,0,0,0,4,4,4,0,0,0,72.8,72.8,72.8
browser-use,ArXiv--19,C5,1,1.0,success,243,243,243,28,28,28,25,25,25,0,0,0,0,0,0,0,0,0,59.0,59.0,59.0
browser-use,ArXiv--19,C7,1,1.0,success,36,36,36,10,10,10,9,9,9,0,0,0,4,4,4,0,0,0,51.1,51.1,51.1
browser-use,ArXiv--19,C8,1,1.0,success,53,53,53,15,15,15,12,12,12,0,0,0,1,1,1,0,0,0,23.5,23.5,23.5
browser-use,ArXiv--2,C0,1,1.0,success,69,69,69,11,11,11,9,9,9,0,0,0,0,0,0,0,0,0,43.0,43.0,43.0
browser-use,ArXiv--2,C2,1,1.0,success,52,52,52,9,9,9,7,7,7,0,0,0,0,0,0,0,0,0,16.5,16.5,16.5
browser-use,ArXiv--2,C5,1,1.0,success,54,54,54,9,9,9,7,7,7,0,0,0,0,0,0,0,0,0,30.0,30.0,30.0
browser-use,ArXiv--2,C7,1,1.0,success,54,54,54,9,9,9,7,7,7,0,0,0,0,0,0,0,0,0,23.9,23.9,23.9
browser-use,ArXiv--2,C8,1,1.0,success,54,54,54,9,9,9,7,7,7,0,0,0,0,0,0,0,0,0,34.3,34.3,34.3
browser-use,ArXiv--20,C0,1,1.0,success,108,108,108,10,10,10,9,9,9,0,0,0,0,0,0,0,0,0,33.9,33.9,33.9
browser-use,ArXiv--20,C2,1,1.0,success,83,83,83,13,13,13,11,11,11,0,0,0,0,0,0,0,0,0,49.6,49.6,49.6
browser-use,ArXiv--20,C5,1,1.0,success,85,85,85,11,11,11,9,9,9,0,0,0,0,0,0,0,0,0,67.0,67.0,67.0
browser-use,ArXiv--20,C7,1,1.0,success,56,56,56,7,7,7,5,5,5,0,0,0,0,0,0,0,0,0,35.1,35.1,35.1
browser-use,ArXiv--20,C8,1,1.0,success,81,81,81,13,13,13,11,11,11,0,0,0,0,0,0,0,0,0,33.9,33.9,33.9
browser-use,ArXiv--21,C0,1,1.0,success,152,152,152,11,11,11,9,9,9,0,0,0,0,0,0,0,0,0,33.8,33.8,33.8
browser-use,ArXiv--21,C2,1,1.0,success,40,40,40,12,12,12,10,10,10,0,0,0,0,0,0,0,0,0,39.2,39.2,39.2
browser-use,ArXiv--21,C5,1,1.0,success,49,49,49,12,12,12,10,10,10,0,0,0,0,0,0,0,0,0,74.8,74.8,74.8
browser-use,ArXiv--21,C7,1,1.0,success,39,39,39,12,12,12,10,10,10,0,0,0,0,0,0,0,0,0,31.7,31.7,31.7
browser-use,ArXiv--21,C8,1,1.0,success,39,39,39,12,12,12,10,10,10,0,0,0,0,0,0,0,0,0,41.6,41.6,41.6
browser-use,ArXiv--22,C0,1,1.0,success,640,640,640,24,24,24,21,21,21,0,0,0,0,0,0,0,0,0,57.6,57.6,57.6
browser-use,ArXiv--22,C2,1,1.0,success,96,96,96,12,12,12,11,11,11,0,0,0,5,5,5,0,0,0,72.8,72.8,72.8
browser-use,ArXiv--22,C5,1,1.0,success,614,614,614,25,25,25,22,22,22,0,0,0,0,0,0,0,0,0,57.0,57.0,57.0
browser-use,ArXiv--22,C7,1,1.0,success,102,102,102,16,16,16,13,13,13,0,0,0,0,0,0,0,0,0,29.1,29.1,29.1
browser-use,ArXiv--22,C8,1,1.0,success,59,59,59,14,14,14,11,11,11,0,0,0,0,0,0,0,0,0,26.8,26.8,26.8
browser-use,ArXiv--23,C0,1,1.0,success,159,159,159,15,15,15,12,12,12,0,0,0,0,0,0,0,0,0,58.5,58.5,58.5
browser-use,ArXiv--23,C2,1,1.0,success,78,78,78,12,12,12,10,10,10,0,0,0,0,0,0,0,0,0,60.4,60.4,60.4
browser-use,ArXiv--23,C5,1,1.0,success,61,61,61,11,11,11,9,9,9,0,0,0,0,0,0,0,0,0,93.5,93.5,93.5
browser-use,ArXiv--23,C7,1,1.0,success,37,37,37,10,10,10,8,8,8,0,0,0,0,0,0,0,0,0,25.6,25.6,25.6
browser-use,ArXiv--23,C8,1,1.0,success,47,47,47,12,12,12,10,10,10,0,0,0,0,0,0,0,0,0,44.8,44.8,44.8
browser-use,ArXiv--24,C0,1,1.0,success,155,155,155,11,11,11,9,9,9,0,0,0,0,0,0,0,0,0,30.2,30.2,30.2
browser-use,ArXiv--24,C2,1,1.0,success,94,94,94,15,15,15,13,13,13,0,0,0,0,0,0,0,0,0,64.8,64.8,64.8
browser-use,ArXiv--24,C5,1,1.0,success,90,90,90,13,13,13,11,11,11,0,0,0,0,0,0,0,0,0,54.2,54.2,54.2
browser-use,ArXiv--24,C7,1,1.0,success,87,87,87,13,13,13,11,11,11,0,0,0,0,0,0,0,0,0,50.0,50.0,50.0
browser-use,ArXiv--24,C8,1,1.0,success,37,37,37,12,12,12,10,10,10,0,0,0,0,0,0,0,0,0,45.9,45.9,45.9
browser-use,ArXiv--25,C0,1,1.0,success,123,123,123,11,11,11,9,9,9,0,0,0,0,0,0,0,0,0,66.3,66.3,66.3
browser-use,ArXiv--25,C2,1,1.0,success,52,52,52,10,10,10,9,9,9,0,0,0,5,5,5,0,0,0,70.9,70.9,70.9
browser-use,ArXiv--25,C5,1,1.0,success,446,446,446,16,16,16,14,14,14,0,0,0,0,0,0,0,0,0,60.5,60.5,60.5
browser-use,ArXiv--25,C7,1,1.0,success,94,94,94,12,12,12,10,10,10,0,0,0,5,5,5,0,0,0,28.9,28.9,28.9
browser-use,ArXiv--25,C8,1,1.0,success,31,31,31,7,7,7,5,5,5,0,0,0,0,0,0,0,0,0,30.7,30.7,30.7
browser-use,ArXiv--26,C0,1,1.0,success,89,89,89,9,9,9,8,8,8,0,0,0,0,0,0,0,0,0,31.7,31.7,31.7
browser-use,ArXiv--26,C2,1,1.0,success,38,38,38,12,12,12,10,10,10,0,0,0,0,0,0,0,0,0,37.5,37.5,37.5
browser-use,ArXiv--26,C5,1,1.0,success,43,43,43,12,12,12,10,10,10,0,0,0,0,0,0,0,0,0,50.1,50.1,50.1
browser-use,ArXiv--26,C7,1,1.0,success,39,39,39,12,12,12,10,10,10,0,0,0,0,0,0,0,0,0,47.4,47.4,47.4
browser-use,ArXiv--26,C8,1,1.0,success,39,39,39,12,12,12,10,10,10,0,0,0,0,0,0,0,0,0,40.8,40.8,40.8
browser-use,ArXiv--27,C0,1,1.0,success,476,476,476,13,13,13,12,12,12,0,0,0,0,0,0,0,0,0,29.0,29.0,29.0
browser-use,ArXiv--27,C2,1,1.0,success,65,65,65,14,14,14,11,11,11,0,0,0,1,1,1,0,0,0,27.8,27.8,27.8
browser-use,ArXiv--27,C5,1,1.0,success,80,80,80,8,8,8,7,7,7,0,0,0,0,0,0,0,0,0,25.2,25.2,25.2
browser-use,ArXiv--27,C7,1,1.0,success,135,135,135,18,18,18,15,15,15,0,0,0,1,1,1,0,0,0,66.1,66.1,66.1
browser-use,ArXiv--27,C8,1,1.0,success,37,37,37,8,8,8,6,6,6,3,3,3,0,0,0,0,0,0,20.8,20.8,20.8
browser-use,ArXiv--28,C0,1,1.0,success,487,487,487,15,15,15,14,14,14,0,0,0,0,0,0,0,0,0,36.4,36.4,36.4
browser-use,ArXiv--28,C2,1,1.0,success,61,61,61,12,12,12,10,10,10,0,0,0,0,0,0,0,0,0,51.9,51.9,51.9
browser-use,ArXiv--28,C5,1,1.0,success,69,69,69,11,11,11,9,9,9,0,0,0,0,0,0,0,0,0,67.3,67.3,67.3
browser-use,ArXiv--28,C7,1,1.0,success,127,127,127,11,11,11,9,9,9,0,0,0,0,0,0,0,0,0,37.8,37.8,37.8
browser-use,ArXiv--28,C8,1,1.0,success,104,104,104,13,13,13,11,11,11,0,0,0,0,0,0,0,0,0,57.5,57.5,57.5
browser-use,ArXiv--29,C0,1,1.0,success,319,319,319,13,13,13,12,12,12,0,0,0,0,0,0,0,0,0,36.8,36.8,36.8
browser-use,ArXiv--29,C2,1,1.0,success,50,50,50,10,10,10,8,8,8,0,0,0,0,0,0,0,0,0,39.2,39.2,39.2
browser-use,ArXiv--29,C5,1,1.0,success,57,57,57,12,12,12,10,10,10,0,0,0,0,0,0,0,0,0,33.5,33.5,33.5
browser-use,ArXiv--29,C7,1,1.0,success,66,66,66,12,12,12,10,10,10,0,0,0,0,0,0,0,0,0,56.8,56.8,56.8
browser-use,ArXiv--29,C8,1,1.0,success,68,68,68,12,12,12,10,10,10,0,0,0,0,0,0,0,0,0,45.4,45.4,45.4
browser-use,ArXiv--3,C0,1,1.0,success,107,107,107,13,13,13,11,11,11,0,0,0,0,0,0,0,0,0,34.7,34.7,34.7
browser-use,ArXiv--3,C2,1,1.0,success,85,85,85,11,11,11,9,9,9,0,0,0,0,0,0,0,0,0,30.7,30.7,30.7
browser-use,ArXiv--3,C5,1,1.0,success,46,46,46,7,7,7,5,5,5,0,0,0,0,0,0,0,0,0,34.6,34.6,34.6
browser-use,ArXiv--3,C7,1,1.0,success,51,51,51,9,9,9,7,7,7,0,0,0,0,0,0,0,0,0,24.8,24.8,24.8
browser-use,ArXiv--3,C8,1,1.0,success,87,87,87,13,13,13,11,11,11,0,0,0,0,0,0,0,0,0,47.4,47.4,47.4
browser-use,ArXiv--30,C0,1,1.0,success,124,124,124,18,18,18,15,15,15,0,0,0,0,0,0,0,0,0,26.2,26.2,26.2
browser-use,ArXiv--30,C2,1,1.0,success,112,112,112,16,16,16,13,13,13,0,0,0,0,0,0,0,0,0,42.8,42.8,42.8
browser-use,ArXiv--30,C5,1,1.0,success,446,446,446,22,22,22,19,19,19,0,0,0,0,0,0,0,0,0,38.4,38.4,38.4
browser-use,ArXiv--30,C7,1,1.0,success,50,50,50,10,10,10,9,9,9,0,0,0,5,5,5,0,0,0,69.9,69.9,69.9
browser-use,ArXiv--30,C8,1,1.0,success,50,50,50,14,14,14,11,11,11,0,0,0,0,0,0,0,0,0,22.9,22.9,22.9
browser-use,ArXiv--31,C0,1,1.0,success,40,40,40,12,12,12,10,10,10,0,0,0,0,0,0,0,0,0,33.5,33.5,33.5
browser-use,ArXiv--31,C2,1,1.0,success,40,40,40,12,12,12,10,10,10,0,0,0,0,0,0,0,0,0,31.2,31.2,31.2
browser-use,ArXiv--31,C5,1,1.0,success,43,43,43,12,12,12,10,10,10,0,0,0,0,0,0,0,0,0,36.7,36.7,36.7
browser-use,ArXiv--31,C7,1,1.0,success,40,40,40,12,12,12,10,10,10,0,0,0,0,0,0,0,0,0,69.7,69.7,69.7
browser-use,ArXiv--31,C8,1,1.0,success,40,40,40,12,12,12,10,10,10,0,0,0,0,0,0,0,0,0,45.1,45.1,45.1
browser-use,ArXiv--32,C0,1,1.0,success,46,46,46,9,9,9,7,7,7,0,0,0,0,0,0,0,0,0,31.5,31.5,31.5
browser-use,ArXiv--32,C2,1,1.0,success,61,61,61,12,12,12,10,10,10,0,0,0,0,0,0,0,0,0,40.0,40.0,40.0
browser-use,ArXiv--32,C5,1,1.0,success,85,85,85,13,13,13,11,11,11,0,0,0,0,0,0,0,0,0,41.2,41.2,41.2
browser-use,ArXiv--32,C7,1,1.0,success,43,43,43,9,9,9,7,7,7,0,0,0,0,0,0,0,0,0,23.1,23.1,23.1
browser-use,ArXiv--32,C8,1,1.0,success,43,43,43,9,9,9,7,7,7,0,0,0,0,0,0,0,0,0,29.5,29.5,29.5
browser-use,ArXiv--33,C0,1,1.0,success,43,43,43,12,12,12,10,10,10,0,0,0,0,0,0,0,0,0,41.0,41.0,41.0
browser-use,ArXiv--33,C2,1,1.0,success,51,51,51,10,10,10,8,8,8,0,0,0,0,0,0,0,0,0,78.1,78.1,78.1
browser-use,ArXiv--33,C5,1,1.0,success,43,43,43,8,8,8,6,6,6,0,0,0,0,0,0,0,0,0,27.4,27.4,27.4
browser-use,ArXiv--33,C7,1,1.0,success,80,80,80,13,13,13,11,11,11,0,0,0,0,0,0,0,0,0,43.7,43.7,43.7
browser-use,ArXiv--33,C8,1,1.0,success,52,52,52,9,9,9,7,7,7,0,0,0,0,0,0,0,0,0,19.3,19.3,19.3
browser-use,ArXiv--34,C0,1,1.0,success,53,53,53,10,10,10,8,8,8,0,0,0,0,0,0,0,0,0,29.8,29.8,29.8
browser-use,ArXiv--34,C2,1,1.0,success,78,78,78,13,13,13,11,11,11,0,0,0,0,0,0,0,0,0,41.6,41.6,41.6
browser-use,ArXiv--34,C5,1,1.0,success,56,56,56,12,12,12,10,10,10,0,0,0,0,0,0,0,0,0,45.7,45.7,45.7
browser-use,ArXiv--34,C7,1,1.0,success,55,55,55,12,12,12,10,10,10,0,0,0,0,0,0,0,0,0,39.0,39.0,39.0
browser-use,ArXiv--34,C8,1,1.0,success,61,61,61,12,12,12,10,10,10,0,0,0,0,0,0,0,0,0,129.6,129.6,129.6
browser-use,ArXiv--35,C0,1,1.0,success,53,53,53,7,7,7,5,5,5,0,0,0,0,0,0,0,0,0,18.5,18.5,18.5
browser-use,ArXiv--35,C2,1,1.0,success,44,44,44,7,7,7,5,5,5,0,0,0,0,0,0,0,0,0,32.2,32.2,32.2
browser-use,ArXiv--35,C5,1,1.0,success,41,41,41,7,7,7,5,5,5,0,0,0,0,0,0,0,0,0,16.9,16.9,16.9
browser-use,ArXiv--35,C7,1,1.0,success,44,44,44,7,7,7,5,5,5,0,0,0,0,0,0,0,0,0,12.8,12.8,12.8
browser-use,ArXiv--35,C8,1,1.0,success,43,43,43,7,7,7,5,5,5,0,0,0,0,0,0,0,0,0,24.2,24.2,24.2
browser-use,ArXiv--36,C0,1,1.0,success,58,58,58,12,12,12,10,10,10,0,0,0,0,0,0,0,0,0,44.0,44.0,44.0
browser-use,ArXiv--36,C2,1,1.0,success,61,61,61,12,12,12,10,10,10,0,0,0,0,0,0,0,0,0,39.0,39.0,39.0
browser-use,ArXiv--36,C5,1,1.0,success,64,64,64,12,12,12,10,10,10,0,0,0,0,0,0,0,0,0,49.1,49.1,49.1
browser-use,ArXiv--36,C7,1,1.0,success,73,73,73,12,12,12,10,10,10,0,0,0,0,0,0,0,0,0,45.1,45.1,45.1
browser-use,ArXiv--36,C8,1,1.0,success,64,64,64,13,13,13,11,11,11,0,0,0,0,0,0,0,0,0,115.0,115.0,115.0
browser-use,ArXiv--37,C0,1,1.0,success,556,556,556,23,23,23,20,20,20,0,0,0,0,0,0,0,0,0,38.8,38.8,38.8
browser-use,ArXiv--37,C2,1,1.0,success,95,95,95,11,11,11,10,10,10,0,0,0,5,5,5,0,0,0,66.2,66.2,66.2
browser-use,ArXiv--37,C5,1,1.0,success,137,137,137,19,19,19,16,16,16,0,0,0,0,0,0,0,0,0,39.0,39.0,39.0
browser-use,ArXiv--37,C7,1,1.0,success,96,96,96,12,12,12,11,11,11,0,0,0,5,5,5,0,0,0,69.6,69.6,69.6
browser-use,ArXiv--37,C8,1,1.0,success,70,70,70,15,15,15,12,12,12,0,0,0,0,0,0,0,0,0,32.7,32.7,32.7
browser-use,ArXiv--38,C0,1,1.0,success,130,130,130,13,13,13,12,12,12,0,0,0,0,0,0,0,0,0,33.5,33.5,33.5
browser-use,ArXiv--38,C2,1,1.0,success,40,40,40,12,12,12,10,10,10,0,0,0,6,6,6,0,0,0,30.2,30.2,30.2
browser-use,ArXiv--38,C5,1,1.0,success,544,544,544,17,17,17,15,15,15,0,0,0,0,0,0,0,0,0,44.1,44.1,44.1
browser-use,ArXiv--38,C7,1,1.0,success,132,132,132,14,14,14,12,12,12,0,0,0,2,2,2,0,0,0,67.1,67.1,67.1
browser-use,ArXiv--38,C8,1,1.0,success,21,21,21,6,6,6,5,5,5,0,0,0,0,0,0,0,0,0,30.0,30.0,30.0
browser-use,ArXiv--39,C0,1,1.0,success,653,653,653,21,21,21,18,18,18,0,0,0,0,0,0,0,0,0,77.5,77.5,77.5
browser-use,ArXiv--39,C2,1,1.0,success,97,97,97,13,13,13,12,12,12,0,0,0,5,5,5,0,0,0,73.0,73.0,73.0
browser-use,ArXiv--39,C5,1,1.0,success,783,783,783,21,21,21,21,21,21,0,0,0,0,0,0,0,0,0,37.7,37.7,37.7
browser-use,ArXiv--39,C7,1,1.0,success,107,107,107,13,13,13,11,11,11,0,0,0,4,4,4,0,0,0,78.9,78.9,78.9
browser-use,ArXiv--39,C8,1,1.0,success,94,94,94,14,14,14,12,12,12,4,4,4,0,0,0,0,0,0,65.1,65.1,65.1
browser-use,ArXiv--4,C0,1,1.0,success,72,72,72,10,10,10,8,8,8,0,0,0,0,0,0,0,0,0,51.3,51.3,51.3
browser-use,ArXiv--4,C2,1,1.0,success,45,45,45,7,7,7,5,5,5,0,0,0,0,0,0,0,0,0,24.5,24.5,24.5
browser-use,ArXiv--4,C5,1,1.0,success,64,64,64,12,12,12,10,10,10,0,0,0,0,0,0,0,0,0,67.2,67.2,67.2
browser-use,ArXiv--4,C7,1,1.0,success,44,44,44,7,7,7,5,5,5,0,0,0,0,0,0,0,0,0,61.2,61.2,61.2
browser-use,ArXiv--4,C8,1,1.0,success,41,41,41,7,7,7,5,5,5,0,0,0,0,0,0,0,0,0,50.9,50.9,50.9
browser-use,ArXiv--40,C0,1,1.0,success,45,45,45,9,9,9,7,7,7,0,0,0,0,0,0,0,0,0,22.5,22.5,22.5
browser-use,ArXiv--40,C2,1,1.0,success,57,57,57,9,9,9,7,7,7,0,0,0,0,0,0,0,0,0,50.3,50.3,50.3
browser-use,ArXiv--40,C5,1,1.0,success,69,69,69,10,10,10,8,8,8,0,0,0,0,0,0,0,0,0,46.4,46.4,46.4
browser-use,ArXiv--40,C7,1,1.0,success,65,65,65,12,12,12,10,10,10,0,0,0,0,0,0,0,0,0,55.2,55.2,55.2
browser-use,ArXiv--40,C8,1,1.0,success,60,60,60,12,12,12,10,10,10,0,0,0,0,0,0,0,0,0,52.6,52.6,52.6
browser-use,ArXiv--41,C0,1,1.0,success,587,587,587,17,17,17,15,15,15,0,0,0,0,0,0,0,0,0,32.7,32.7,32.7
browser-use,ArXiv--41,C2,1,1.0,success,91,91,91,11,11,11,10,10,10,0,0,0,3,3,3,0,0,0,30.7,30.7,30.7
browser-use,ArXiv--41,C5,1,1.0,success,667,667,667,25,25,25,22,22,22,0,0,0,0,0,0,0,0,0,50.7,50.7,50.7
browser-use,ArXiv--41,C7,1,1.0,success,48,48,48,10,10,10,9,9,9,0,0,0,5,5,5,0,0,0,71.9,71.9,71.9
browser-use,ArXiv--41,C8,1,1.0,success,72,72,72,10,10,10,8,8,8,0,0,0,0,0,0,0,0,0,47.5,47.5,47.5
browser-use,ArXiv--42,C0,1,1.0,success,606,606,606,16,16,16,15,15,15,0,0,0,0,0,0,0,0,0,70.1,70.1,70.1
browser-use,ArXiv--42,C2,1,1.0,success,95,95,95,11,11,11,10,10,10,0,0,0,5,5,5,0,0,0,33.7,33.7,33.7
browser-use,ArXiv--42,C5,1,1.0,success,467,467,467,14,14,14,14,14,14,0,0,0,0,0,0,0,0,0,36.4,36.4,36.4
browser-use,ArXiv--42,C7,1,1.0,success,96,96,96,11,11,11,11,11,11,0,0,0,5,5,5,0,0,0,61.1,61.1,61.1
browser-use,ArXiv--42,C8,1,1.0,success,35,35,35,11,11,11,11,11,11,0,0,0,2,2,2,0,0,0,54.1,54.1,54.1
browser-use,ArXiv--5,C0,1,1.0,success,64,64,64,12,12,12,10,10,10,0,0,0,0,0,0,0,0,0,49.3,49.3,49.3
browser-use,ArXiv--5,C2,1,1.0,success,68,68,68,12,12,12,10,10,10,0,0,0,0,0,0,0,0,0,38.8,38.8,38.8
browser-use,ArXiv--5,C5,1,1.0,success,84,84,84,12,12,12,10,10,10,0,0,0,0,0,0,0,0,0,61.5,61.5,61.5
browser-use,ArXiv--5,C7,1,1.0,success,74,74,74,12,12,12,10,10,10,0,0,0,0,0,0,0,0,0,37.2,37.2,37.2
browser-use,ArXiv--5,C8,1,1.0,success,66,66,66,12,12,12,10,10,10,0,0,0,0,0,0,0,0,0,39.0,39.0,39.0
browser-use,ArXiv--6,C0,1,1.0,success,314,314,314,36,36,36,34,34,34,0,0,0,0,0,0,0,0,0,67.1,67.1,67.1
browser-use,ArXiv--6,C2,1,1.0,success,95,95,95,12,12,12,11,11,11,0,0,0,5,5,5,0,0,0,31.1,31.1,31.1
browser-use,ArXiv--6,C5,1,1.0,success,714,714,714,21,21,21,19,19,19,0,0,0,0,0,0,0,0,0,38.9,38.9,38.9
browser-use,ArXiv--6,C7,1,1.0,success,101,101,101,13,13,13,12,12,12,0,0,0,4,4,4,0,0,0,78.9,78.9,78.9
browser-use,ArXiv--6,C8,1,1.0,success,67,67,67,13,13,13,11,11,11,2,2,2,0,0,0,0,0,0,42.1,42.1,42.1
browser-use,ArXiv--7,C0,1,1.0,success,51,51,51,9,9,9,7,7,7,0,0,0,0,0,0,0,0,0,22.7,22.7,22.7
browser-use,ArXiv--7,C2,1,1.0,success,69,69,69,12,12,12,10,10,10,0,0,0,0,0,0,0,0,0,34.6,34.6,34.6
browser-use,ArXiv--7,C5,1,1.0,success,62,62,62,7,7,7,5,5,5,0,0,0,0,0,0,0,0,0,88.5,88.5,88.5
browser-use,ArXiv--7,C7,1,1.0,success,76,76,76,11,11,11,9,9,9,0,0,0,0,0,0,0,0,0,42.8,42.8,42.8
browser-use,ArXiv--7,C8,1,1.0,success,53,53,53,12,12,12,10,10,10,0,0,0,0,0,0,0,0,0,28.9,28.9,28.9
browser-use,ArXiv--8,C0,1,1.0,success,110,110,110,19,19,19,14,14,14,0,0,0,0,0,0,0,0,0,36.5,36.5,36.5
browser-use,ArXiv--8,C2,1,1.0,success,70,70,70,15,15,15,11,11,11,0,0,0,1,1,1,0,0,0,41.7,41.7,41.7
browser-use,ArXiv--8,C5,1,1.0,success,90,90,90,15,15,15,11,11,11,0,0,0,0,0,0,0,0,0,36.8,36.8,36.8
browser-use,ArXiv--8,C7,1,1.0,success,93,93,93,12,12,12,11,11,11,0,0,0,4,4,4,0,0,0,30.0,30.0,30.0
browser-use,ArXiv--8,C8,1,1.0,success,33,33,33,8,8,8,5,5,5,0,0,0,0,0,0,0,0,0,34.1,34.1,34.1
browser-use,ArXiv--9,C0,1,1.0,success,53,53,53,12,12,12,10,10,10,0,0,0,0,0,0,0,0,0,33.4,33.4,33.4
browser-use,ArXiv--9,C2,1,1.0,success,84,84,84,13,13,13,11,11,11,0,0,0,0,0,0,0,0,0,47.3,47.3,47.3
browser-use,ArXiv--9,C5,1,1.0,success,83,83,83,12,12,12,10,10,10,0,0,0,0,0,0,0,0,0,51.7,51.7,51.7
browser-use,ArXiv--9,C7,1,1.0,success,65,65,65,12,12,12,10,10,10,0,0,0,0,0,0,0,0,0,43.2,43.2,43.2
browser-use,ArXiv--9,C8,1,1.0,success,87,87,87,13,13,13,11,11,11,0,0,0,0,0,0,0,0,0,47.3,47.3,47.3
browser-use,BBC_News--0,C0,1,1.0,success,671,671,671,114,114,114,111,111,111,0,0,0,0,0,0,0,0,0,37.4,37.4,37.4
browser-use,BBC_News--0,C2,1,1.0,success,175,175,175,13,13,13,13,13,13,0,0,0,3,3,3,0,0,0,60.7,60.7,60.7
browser-use,BBC_News--0,C5,1,1.0,success,732,732,732,72,72,72,69,69,69,0,0,0,0,0,0,0,0,0,38.5,38.5,38.5
browser-use,BBC_News--0,C7,1,1.0,success,362,362,362,59,59,59,56,56,56,0,0,0,16,16,16,0,0,0,32.3,32.3,32.3
browser-use,BBC_News--0,C8,1,1.0,success,369,369,369,60,60,60,57,57,57,0,0,0,19,19,19,0,0,0,40.4,40.4,40.4
browser-use,BBC_News--1,C0,1,1.0,success,831,831,831,119,119,119,116,116,116,0,0,0,0,0,0,0,0,0,45.9,45.9,45.9
browser-use,BBC_News--1,C2,1,1.0,success,585,585,585,70,70,70,67,67,67,0,0,0,25,25,25,0,0,0,42.4,42.4,42.4
browser-use,BBC_News--1,C5,1,1.0,success,893,893,893,129,129,129,126,126,126,0,0,0,0,0,0,0,0,0,36.2,36.2,36.2
browser-use,BBC_News--1,C7,1,1.0,success,532,532,532,67,67,67,64,64,64,0,0,0,20,20,20,0,0,0,39.5,39.5,39.5
browser-use,BBC_News--1,C8,1,1.0,success,522,522,522,66,66,66,63,63,63,0,0,0,14,14,14,0,0,0,34.5,34.5,34.5
browser-use,BBC_News--10,C0,1,1.0,success,314,314,314,52,52,52,49,49,49,0,0,0,0,0,0,0,0,0,46.7,46.7,46.7
browser-use,BBC_News--10,C2,1,1.0,success,363,363,363,22,22,22,21,21,21,0,0,0,6,6,6,0,0,0,74.5,74.5,74.5
browser-use,BBC_News--10,C5,1,1.0,success,378,378,378,61,61,61,58,58,58,0,0,0,0,0,0,0,0,0,50.2,50.2,50.2
browser-use,BBC_News--10,C7,1,1.0,success,507,507,507,59,59,59,56,56,56,0,0,0,22,22,22,0,0,0,38.7,38.7,38.7
browser-use,BBC_News--10,C8,1,1.0,success,501,501,501,59,59,59,56,56,56,0,0,0,21,21,21,0,0,0,40.5,40.5,40.5
browser-use,BBC_News--11,C0,1,1.0,success,857,857,857,18,18,18,18,18,18,0,0,0,0,0,0,0,0,0,76.8,76.8,76.8
browser-use,BBC_News--11,C2,1,1.0,success,47,47,47,11,11,11,11,11,11,0,0,0,5,5,5,0,0,0,78.1,78.1,78.1
browser-use,BBC_News--11,C5,1,1.0,success,424,424,424,75,75,75,75,75,75,0,0,0,0,0,0,0,0,0,61.4,61.4,61.4
browser-use,BBC_News--11,C7,1,1.0,success,41,41,41,13,13,13,13,13,13,0,0,0,6,6,6,0,0,0,30.7,30.7,30.7
browser-use,BBC_News--11,C8,1,1.0,success,189,189,189,25,25,25,25,25,25,2,2,2,3,3,3,0,0,0,51.2,51.2,51.2
browser-use,BBC_News--12,C0,1,1.0,success,491,491,491,12,12,12,12,12,12,0,0,0,0,0,0,0,0,0,54.0,54.0,54.0
browser-use,BBC_News--12,C2,1,1.0,success,52,52,52,11,11,11,10,10,10,0,0,0,5,5,5,0,0,0,36.1,36.1,36.1
browser-use,BBC_News--12,C5,1,1.0,success,72,72,72,8,8,8,8,8,8,0,0,0,0,0,0,0,0,0,30.1,30.1,30.1
browser-use,BBC_News--12,C7,1,1.0,success,99,99,99,14,14,14,14,14,14,0,0,0,5,5,5,0,0,0,77.1,77.1,77.1
browser-use,BBC_News--12,C8,1,1.0,success,81,81,81,11,11,11,11,11,11,3,3,3,1,1,1,0,0,0,49.7,49.7,49.7
browser-use,BBC_News--13,C0,1,1.0,success,1194,1194,1194,70,70,70,70,70,70,0,0,0,0,0,0,0,0,0,68.5,68.5,68.5
browser-use,BBC_News--13,C2,1,1.0,success,98,98,98,14,14,14,13,13,13,0,0,0,5,5,5,0,0,0,36.1,36.1,36.1
browser-use,BBC_News--13,C5,1,1.0,success,721,721,721,24,24,24,24,24,24,0,0,0,0,0,0,0,0,0,111.9,111.9,111.9
browser-use,BBC_News--13,C7,1,1.0,success,248,248,248,22,22,22,22,22,22,0,0,0,2,2,2,0,0,0,71.2,71.2,71.2
browser-use,BBC_News--13,C8,1,1.0,success,27,27,27,10,10,10,10,10,10,5,5,5,1,1,1,0,0,0,20.9,20.9,20.9
browser-use,BBC_News--14,C0,1,1.0,success,845,845,845,64,64,64,61,61,61,0,0,0,0,0,0,0,0,0,64.7,64.7,64.7
browser-use,BBC_News--14,C2,1,1.0,success,406,406,406,50,50,50,47,47,47,0,0,0,14,14,14,0,0,0,31.3,31.3,31.3
browser-use,BBC_News--14,C5,1,1.0,success,664,664,664,84,84,84,81,81,81,0,0,0,0,0,0,0,0,0,40.4,40.4,40.4
browser-use,BBC_News--14,C7,1,1.0,success,151,151,151,15,15,15,14,14,14,0,0,0,4,4,4,0,0,0,48.6,48.6,48.6
browser-use,BBC_News--14,C8,1,1.0,success,429,429,429,59,59,59,56,56,56,0,0,0,17,17,17,0,0,0,45.0,45.0,45.0
browser-use,BBC_News--15,C0,1,1.0,success,1283,1283,1283,69,69,69,69,69,69,0,0,0,0,0,0,0,0,0,78.3,78.3,78.3
browser-use,BBC_News--15,C2,1,1.0,success,102,102,102,12,12,12,12,12,12,0,0,0,0,0,0,0,0,0,32.8,32.8,32.8
browser-use,BBC_News--15,C5,1,1.0,success,124,124,124,12,12,12,12,12,12,0,0,0,0,0,0,0,0,0,38.8,38.8,38.8
browser-use,BBC_News--15,C7,1,1.0,success,119,119,119,10,10,10,10,10,10,0,0,0,0,0,0,0,0,0,39.5,39.5,39.5
browser-use,BBC_News--15,C8,1,1.0,success,13,13,13,6,6,6,6,6,6,2,2,2,0,0,0,0,0,0,18.7,18.7,18.7
browser-use,BBC_News--16,C0,1,1.0,success,616,616,616,76,76,76,73,73,73,0,0,0,0,0,0,0,0,0,48.5,48.5,48.5
browser-use,BBC_News--16,C2,1,1.0,success,94,94,94,11,11,11,11,11,11,0,0,0,5,5,5,0,0,0,73.8,73.8,73.8
browser-use,BBC_News--16,C5,1,1.0,success,652,652,652,118,118,118,115,115,115,0,0,0,0,0,0,0,0,0,38.1,38.1,38.1
browser-use,BBC_News--16,C7,1,1.0,success,473,473,473,60,60,60,57,57,57,0,0,0,22,22,22,0,0,0,45.4,45.4,45.4
browser-use,BBC_News--16,C8,1,1.0,success,436,436,436,63,63,63,60,60,60,0,0,0,22,22,22,0,0,0,42.2,42.2,42.2
browser-use,BBC_News--17,C0,1,1.0,success,735,735,735,106,106,106,103,103,103,0,0,0,0,0,0,0,0,0,56.8,56.8,56.8
browser-use,BBC_News--17,C2,1,1.0,success,560,560,560,58,58,58,55,55,55,0,0,0,19,19,19,0,0,0,42.9,42.9,42.9
browser-use,BBC_News--17,C5,1,1.0,success,248,248,248,48,48,48,45,45,45,0,0,0,0,0,0,0,0,0,41.9,41.9,41.9
browser-use,BBC_News--17,C7,1,1.0,success,399,399,399,55,55,55,52,52,52,0,0,0,16,16,16,0,0,0,29.8,29.8,29.8
browser-use,BBC_News--17,C8,1,1.0,success,396,396,396,56,56,56,53,53,53,0,0,0,15,15,15,0,0,0,33.5,33.5,33.5
browser-use,BBC_News--18,C0,1,1.0,success,599,599,599,81,81,81,78,78,78,0,0,0,0,0,0,0,0,0,36.7,36.7,36.7
browser-use,BBC_News--18,C2,1,1.0,success,95,95,95,11,11,11,11,11,11,0,0,0,5,5,5,0,0,0,77.6,77.6,77.6
browser-use,BBC_News--18,C5,1,1.0,success,972,972,972,104,104,104,101,101,101,0,0,0,0,0,0,0,0,0,64.8,64.8,64.8
browser-use,BBC_News--18,C7,1,1.0,success,95,95,95,11,11,11,11,11,11,0,0,0,5,5,5,0,0,0,68.6,68.6,68.6
browser-use,BBC_News--18,C8,1,1.0,success,181,181,181,13,13,13,12,12,12,2,2,2,10,10,10,0,0,0,45.8,45.8,45.8
browser-use,BBC_News--19,C0,1,1.0,success,917,917,917,40,40,40,40,40,40,0,0,0,0,0,0,0,0,0,76.9,76.9,76.9
browser-use,BBC_News--19,C2,1,1.0,success,103,103,103,12,12,12,12,12,12,0,0,0,3,3,3,0,0,0,60.2,60.2,60.2
browser-use,BBC_News--19,C5,1,1.0,success,430,430,430,36,36,36,36,36,36,0,0,0,0,0,0,0,0,0,63.2,63.2,63.2
browser-use,BBC_News--19,C7,1,1.0,success,39,39,39,11,11,11,11,11,11,0,0,0,5,5,5,0,0,0,29.4,29.4,29.4
browser-use,BBC_News--19,C8,1,1.0,success,676,676,676,83,83,83,83,83,83,0,0,0,34,34,34,8,8,8,68.9,68.9,68.9
browser-use,BBC_News--2,C0,1,1.0,success,1064,1064,1064,29,29,29,29,29,29,0,0,0,0,0,0,0,0,0,70.7,70.7,70.7
browser-use,BBC_News--2,C2,1,1.0,success,98,98,98,13,13,13,12,12,12,0,0,0,5,5,5,0,0,0,80.5,80.5,80.5
browser-use,BBC_News--2,C5,1,1.0,success,204,204,204,12,12,12,12,12,12,0,0,0,0,0,0,0,0,0,54.3,54.3,54.3
browser-use,BBC_News--2,C7,1,1.0,success,95,95,95,13,13,13,12,12,12,0,0,0,4,4,4,0,0,0,33.6,33.6,33.6
browser-use,BBC_News--2,C8,1,1.0,success,229,229,229,45,45,45,42,42,42,0,0,0,4,4,4,0,0,0,35.3,35.3,35.3
browser-use,BBC_News--20,C0,1,1.0,success,837,837,837,103,103,103,100,100,100,0,0,0,0,0,0,0,0,0,42.1,42.1,42.1
browser-use,BBC_News--20,C2,1,1.0,success,436,436,436,60,60,60,57,57,57,0,0,0,14,14,14,0,0,0,40.2,40.2,40.2
browser-use,BBC_News--20,C5,1,1.0,success,630,630,630,77,77,77,74,74,74,0,0,0,0,0,0,0,0,0,37.8,37.8,37.8
browser-use,BBC_News--20,C7,1,1.0,success,538,538,538,57,57,57,54,54,54,0,0,0,20,20,20,0,0,0,66.2,66.2,66.2
browser-use,BBC_News--20,C8,1,1.0,success,246,246,246,42,42,42,39,39,39,0,0,0,2,2,2,0,0,0,27.9,27.9,27.9
browser-use,BBC_News--21,C0,1,1.0,success,615,615,615,92,92,92,89,89,89,0,0,0,0,0,0,0,0,0,35.6,35.6,35.6
browser-use,BBC_News--21,C2,1,1.0,success,371,371,371,60,60,60,57,57,57,0,0,0,14,14,14,0,0,0,17.9,17.9,17.9
browser-use,BBC_News--21,C5,1,1.0,success,356,356,356,81,81,81,78,78,78,0,0,0,0,0,0,0,0,0,17.1,17.1,17.1
browser-use,BBC_News--21,C7,1,1.0,success,216,216,216,46,46,46,43,43,43,0,0,0,3,3,3,0,0,0,24.7,24.7,24.7
browser-use,BBC_News--21,C8,1,1.0,success,733,733,733,63,63,63,60,60,60,0,0,0,26,26,26,0,0,0,33.4,33.4,33.4
browser-use,BBC_News--22,C0,1,1.0,success,632,632,632,112,112,112,109,109,109,0,0,0,0,0,0,0,0,0,34.9,34.9,34.9
browser-use,BBC_News--22,C2,1,1.0,success,442,442,442,63,63,63,60,60,60,0,0,0,14,14,14,0,0,0,28.8,28.8,28.8
browser-use,BBC_News--22,C5,1,1.0,success,548,548,548,100,100,100,97,97,97,0,0,0,0,0,0,0,0,0,26.2,26.2,26.2
browser-use,BBC_News--22,C7,1,1.0,success,559,559,559,70,70,70,67,67,67,0,0,0,19,19,19,0,0,0,22.9,22.9,22.9
browser-use,BBC_News--22,C8,1,1.0,success,421,421,421,63,63,63,60,60,60,0,0,0,21,21,21,0,0,0,31.0,31.0,31.0
browser-use,BBC_News--23,C0,1,1.0,success,735,735,735,108,108,108,105,105,105,0,0,0,0,0,0,0,0,0,38.1,38.1,38.1
browser-use,BBC_News--23,C2,1,1.0,success,383,383,383,58,58,58,55,55,55,0,0,0,10,10,10,0,0,0,71.2,71.2,71.2
browser-use,BBC_News--23,C5,1,1.0,success,822,822,822,123,123,123,120,120,120,0,0,0,0,0,0,0,0,0,51.6,51.6,51.6
browser-use,BBC_News--23,C7,1,1.0,success,702,702,702,66,66,66,63,63,63,0,0,0,25,25,25,0,0,0,62.5,62.5,62.5
browser-use,BBC_News--23,C8,1,1.0,success,653,653,653,62,62,62,59,59,59,0,0,0,21,21,21,0,0,0,34.5,34.5,34.5
browser-use,BBC_News--24,C0,1,1.0,success,691,691,691,127,127,127,124,124,124,0,0,0,0,0,0,0,0,0,43.8,43.8,43.8
browser-use,BBC_News--24,C2,1,1.0,success,630,630,630,66,66,66,63,63,63,0,0,0,24,24,24,0,0,0,42.7,42.7,42.7
browser-use,BBC_News--24,C5,1,1.0,success,450,450,450,72,72,72,69,69,69,0,0,0,0,0,0,0,0,0,28.3,28.3,28.3
browser-use,BBC_News--24,C7,1,1.0,success,499,499,499,60,60,60,57,57,57,0,0,0,23,23,23,0,0,0,32.9,32.9,32.9
browser-use,BBC_News--24,C8,1,1.0,success,759,759,759,69,69,69,66,66,66,0,0,0,22,22,22,0,0,0,42.5,42.5,42.5
browser-use,BBC_News--25,C0,1,1.0,success,681,681,681,102,102,102,99,99,99,0,0,0,0,0,0,0,0,0,34.5,34.5,34.5
browser-use,BBC_News--25,C2,1,1.0,success,642,642,642,63,63,63,60,60,60,0,0,0,20,20,20,0,0,0,42.9,42.9,42.9
browser-use,BBC_News--25,C5,1,1.0,success,820,820,820,98,98,98,94,94,94,0,0,0,0,0,0,0,0,0,37.3,37.3,37.3
browser-use,BBC_News--25,C7,1,1.0,success,763,763,763,59,59,59,56,56,56,0,0,0,24,24,24,0,0,0,57.6,57.6,57.6
browser-use,BBC_News--25,C8,1,1.0,success,550,550,550,59,59,59,56,56,56,0,0,0,18,18,18,0,0,0,43.1,43.1,43.1
browser-use,BBC_News--26,C0,1,1.0,success,851,851,851,63,63,63,60,60,60,0,0,0,0,0,0,0,0,0,36.7,36.7,36.7
browser-use,BBC_News--26,C2,1,1.0,success,92,92,92,11,11,11,10,10,10,0,0,0,4,4,4,0,0,0,30.5,30.5,30.5
browser-use,BBC_News--26,C5,1,1.0,success,551,551,551,74,74,74,71,71,71,0,0,0,0,0,0,0,0,0,35.5,35.5,35.5
browser-use,BBC_News--26,C7,1,1.0,success,314,314,314,12,12,12,11,11,11,0,0,0,5,5,5,0,0,0,62.5,62.5,62.5
browser-use,BBC_News--26,C8,1,1.0,success,157,157,157,18,18,18,17,17,17,0,0,0,1,1,1,0,0,0,32.5,32.5,32.5
browser-use,BBC_News--27,C0,1,1.0,success,522,522,522,109,109,109,106,106,106,0,0,0,0,0,0,0,0,0,46.5,46.5,46.5
browser-use,BBC_News--27,C2,1,1.0,success,489,489,489,58,58,58,55,55,55,0,0,0,16,16,16,0,0,0,35.9,35.9,35.9
browser-use,BBC_News--27,C5,1,1.0,success,577,577,577,79,79,79,76,76,76,0,0,0,0,0,0,0,0,0,34.4,34.4,34.4
browser-use,BBC_News--27,C7,1,1.0,success,607,607,607,68,68,68,65,65,65,0,0,0,22,22,22,0,0,0,43.3,43.3,43.3
browser-use,BBC_News--27,C8,1,1.0,success,360,360,360,59,59,59,56,56,56,0,0,0,17,17,17,0,0,0,27.0,27.0,27.0
browser-use,BBC_News--28,C0,1,1.0,success,876,876,876,116,116,116,113,113,113,0,0,0,0,0,0,0,0,0,53.0,53.0,53.0
browser-use,BBC_News--28,C2,1,1.0,success,524,524,524,59,59,59,56,56,56,0,0,0,12,12,12,0,0,0,35.4,35.4,35.4
browser-use,BBC_News--28,C5,1,1.0,success,612,612,612,71,71,71,68,68,68,0,0,0,0,0,0,0,0,0,56.1,56.1,56.1
browser-use,BBC_News--28,C7,1,1.0,success,504,504,504,54,54,54,51,51,51,0,0,0,13,13,13,0,0,0,52.5,52.5,52.5
browser-use,BBC_News--28,C8,1,1.0,success,665,665,665,69,69,69,66,66,66,0,0,0,15,15,15,0,0,0,34.0,34.0,34.0
browser-use,BBC_News--29,C0,1,1.0,success,722,722,722,130,130,130,127,127,127,0,0,0,0,0,0,0,0,0,37.3,37.3,37.3
browser-use,BBC_News--29,C2,1,1.0,success,208,208,208,15,15,15,14,14,14,0,0,0,4,4,4,0,0,0,73.9,73.9,73.9
browser-use,BBC_News--29,C5,1,1.0,success,678,678,678,107,107,107,104,104,104,0,0,0,0,0,0,0,0,0,32.2,32.2,32.2
browser-use,BBC_News--29,C7,1,1.0,success,48,48,48,10,10,10,10,10,10,0,0,0,5,5,5,0,0,0,70.6,70.6,70.6
browser-use,BBC_News--29,C8,1,1.0,success,234,234,234,14,14,14,13,13,13,0,0,0,8,8,8,0,0,0,47.3,47.3,47.3
browser-use,BBC_News--3,C0,1,1.0,success,1126,1126,1126,127,127,127,127,127,127,0,0,0,0,0,0,0,0,0,49.5,49.5,49.5
browser-use,BBC_News--3,C2,1,1.0,success,36,36,36,11,11,11,11,11,11,0,0,0,4,4,4,0,0,0,121.8,121.8,121.8
browser-use,BBC_News--3,C5,1,1.0,success,674,674,674,116,116,116,116,116,116,0,0,0,0,0,0,0,0,0,54.4,54.4,54.4
browser-use,BBC_News--3,C7,1,1.0,success,654,654,654,65,65,65,65,65,65,0,0,0,31,31,31,0,0,0,47.7,47.7,47.7
browser-use,BBC_News--3,C8,1,1.0,success,629,629,629,71,71,71,71,71,71,0,0,0,26,26,26,0,0,0,41.1,41.1,41.1
browser-use,BBC_News--30,C0,1,1.0,success,801,801,801,122,122,122,122,122,122,0,0,0,0,0,0,0,0,0,24.7,24.7,24.7
browser-use,BBC_News--30,C2,1,1.0,success,51,51,51,10,10,10,10,10,10,0,0,0,4,4,4,0,0,0,74.1,74.1,74.1
browser-use,BBC_News--30,C5,1,1.0,success,434,434,434,25,25,25,24,24,24,0,0,0,0,0,0,0,0,0,47.2,47.2,47.2
browser-use,BBC_News--30,C7,1,1.0,success,96,96,96,12,12,12,11,11,11,0,0,0,5,5,5,0,0,0,72.2,72.2,72.2
browser-use,BBC_News--30,C8,1,1.0,success,452,452,452,67,67,67,64,64,64,0,0,0,20,20,20,0,0,0,24.9,24.9,24.9
browser-use,BBC_News--31,C0,1,1.0,success,672,672,672,19,19,19,19,19,19,0,0,0,0,0,0,0,0,0,70.8,70.8,70.8
browser-use,BBC_News--31,C2,1,1.0,success,181,181,181,14,14,14,14,14,14,0,0,0,3,3,3,0,0,0,67.7,67.7,67.7
browser-use,BBC_News--31,C5,1,1.0,success,674,674,674,44,44,44,44,44,44,0,0,0,0,0,0,0,0,0,28.6,28.6,28.6
browser-use,BBC_News--31,C7,1,1.0,success,40,40,40,12,12,12,12,12,12,0,0,0,5,5,5,0,0,0,30.6,30.6,30.6
browser-use,BBC_News--31,C8,1,1.0,success,151,151,151,20,20,20,19,19,19,0,0,0,1,1,1,0,0,0,40.3,40.3,40.3
browser-use,BBC_News--32,C0,1,1.0,success,719,719,719,130,130,130,127,127,127,0,0,0,0,0,0,0,0,0,32.3,32.3,32.3
browser-use,BBC_News--32,C2,1,1.0,success,92,92,92,12,12,12,12,12,12,0,0,0,3,3,3,0,0,0,64.5,64.5,64.5
browser-use,BBC_News--32,C5,1,1.0,success,637,637,637,51,51,51,48,48,48,0,0,0,0,0,0,0,0,0,45.8,45.8,45.8
browser-use,BBC_News--32,C7,1,1.0,success,103,103,103,13,13,13,13,13,13,0,0,0,3,3,3,0,0,0,38.4,38.4,38.4
browser-use,BBC_News--32,C8,1,1.0,success,77,77,77,12,12,12,12,12,12,3,3,3,1,1,1,0,0,0,23.1,23.1,23.1
browser-use,BBC_News--33,C0,1,1.0,success,710,710,710,116,116,116,113,113,113,0,0,0,0,0,0,0,0,0,32.5,32.5,32.5
browser-use,BBC_News--33,C2,1,1.0,success,521,521,521,63,63,63,60,60,60,0,0,0,23,23,23,0,0,0,38.1,38.1,38.1
browser-use,BBC_News--33,C5,1,1.0,success,703,703,703,122,122,122,119,119,119,0,0,0,0,0,0,0,0,0,49.8,49.8,49.8
browser-use,BBC_News--33,C7,1,1.0,success,617,617,617,64,64,64,61,61,61,0,0,0,25,25,25,0,0,0,35.1,35.1,35.1
browser-use,BBC_News--33,C8,1,1.0,success,403,403,403,62,62,62,59,59,59,0,0,0,17,17,17,0,0,0,26.1,26.1,26.1
browser-use,BBC_News--34,C0,1,1.0,success,642,642,642,13,13,13,13,13,13,0,0,0,0,0,0,0,0,0,35.3,35.3,35.3
browser-use,BBC_News--34,C2,1,1.0,success,37,37,37,11,11,11,11,11,11,0,0,0,4,4,4,0,0,0,55.2,55.2,55.2
browser-use,BBC_News--34,C5,1,1.0,success,1629,1629,1629,152,152,152,152,152,152,0,0,0,0,0,0,0,0,0,47.3,47.3,47.3
browser-use,BBC_News--34,C7,1,1.0,success,50,50,50,11,11,11,11,11,11,0,0,0,5,5,5,0,0,0,66.6,66.6,66.6
browser-use,BBC_News--34,C8,1,1.0,success,68,68,68,9,9,9,9,9,9,1,1,1,0,0,0,0,0,0,26.8,26.8,26.8
browser-use,BBC_News--35,C0,1,1.0,success,582,582,582,15,15,15,15,15,15,0,0,0,0,0,0,0,0,0,34.4,34.4,34.4
browser-use,BBC_News--35,C2,1,1.0,success,355,355,355,40,40,40,40,40,40,0,0,0,1,1,1,0,0,0,33.3,33.3,33.3
browser-use,BBC_News--35,C5,1,1.0,success,166,166,166,17,17,17,17,17,17,0,0,0,0,0,0,0,0,0,38.8,38.8,38.8
browser-use,BBC_News--35,C7,1,1.0,success,91,91,91,11,11,11,11,11,11,0,0,0,4,4,4,0,0,0,72.6,72.6,72.6
browser-use,BBC_News--35,C8,1,1.0,success,28,28,28,10,10,10,10,10,10,5,5,5,0,0,0,0,0,0,24.4,24.4,24.4
browser-use,BBC_News--36,C0,1,1.0,success,446,446,446,101,101,101,98,98,98,0,0,0,0,0,0,0,0,0,33.7,33.7,33.7
browser-use,BBC_News--36,C2,1,1.0,success,64,64,64,10,10,10,9,9,9,0,0,0,4,4,4,0,0,0,42.7,42.7,42.7
browser-use,BBC_News--36,C5,1,1.0,success,62,62,62,15,15,15,15,15,15,0,0,0,0,0,0,0,0,0,45.8,45.8,45.8
browser-use,BBC_News--36,C7,1,1.0,success,96,96,96,12,12,12,11,11,11,0,0,0,5,5,5,0,0,0,31.5,31.5,31.5
browser-use,BBC_News--36,C8,1,1.0,success,627,627,627,57,57,57,54,54,54,0,0,0,26,26,26,0,0,0,44.5,44.5,44.5
browser-use,BBC_News--37,C0,1,1.0,success,811,811,811,93,93,93,93,93,93,0,0,0,0,0,0,0,0,0,50.1,50.1,50.1
browser-use,BBC_News--37,C2,1,1.0,success,103,103,103,12,12,12,11,11,11,0,0,0,4,4,4,0,0,0,45.2,45.2,45.2
browser-use,BBC_News--37,C5,1,1.0,success,771,771,771,115,115,115,115,115,115,0,0,0,0,0,0,0,0,0,33.7,33.7,33.7
browser-use,BBC_News--37,C7,1,1.0,success,104,104,104,11,11,11,10,10,10,0,0,0,4,4,4,0,0,0,40.1,40.1,40.1
browser-use,BBC_News--37,C8,1,1.0,success,94,94,94,14,14,14,14,14,14,0,0,0,4,4,4,0,0,0,23.5,23.5,23.5
browser-use,BBC_News--38,C0,1,1.0,success,979,979,979,31,31,31,31,31,31,0,0,0,0,0,0,0,0,0,53.1,53.1,53.1
browser-use,BBC_News--38,C2,1,1.0,success,96,96,96,14,14,14,14,14,14,0,0,0,5,5,5,0,0,0,33.0,33.0,33.0
browser-use,BBC_News--38,C5,1,1.0,success,1060,1060,1060,70,70,70,70,70,70,0,0,0,0,0,0,0,0,0,43.2,43.2,43.2
browser-use,BBC_News--38,C7,1,1.0,success,417,417,417,21,21,21,21,21,21,0,0,0,0,0,0,0,0,0,78.1,78.1,78.1
browser-use,BBC_News--38,C8,1,1.0,success,727,727,727,81,81,81,81,81,81,0,0,0,30,30,30,0,0,0,41.1,41.1,41.1
browser-use,BBC_News--39,C0,1,1.0,success,782,782,782,74,74,74,74,74,74,0,0,0,0,0,0,0,0,0,41.5,41.5,41.5
browser-use,BBC_News--39,C2,1,1.0,success,48,48,48,9,9,9,9,9,9,0,0,0,5,5,5,0,0,0,74.3,74.3,74.3
browser-use,BBC_News--39,C5,1,1.0,success,764,764,764,25,25,25,25,25,25,0,0,0,0,0,0,0,0,0,37.1,37.1,37.1
browser-use,BBC_News--39,C7,1,1.0,success,152,152,152,14,14,14,14,14,14,0,0,0,3,3,3,0,0,0,33.6,33.6,33.6
browser-use,BBC_News--39,C8,1,1.0,success,11,11,11,6,6,6,6,6,6,0,0,0,1,1,1,0,0,0,22.8,22.8,22.8
browser-use,BBC_News--4,C0,1,1.0,success,696,696,696,72,72,72,69,69,69,0,0,0,0,0,0,0,0,0,57.4,57.4,57.4
browser-use,BBC_News--4,C2,1,1.0,success,49,49,49,11,11,11,10,10,10,0,0,0,5,5,5,0,0,0,79.0,79.0,79.0
browser-use,BBC_News--4,C5,1,1.0,success,871,871,871,85,85,85,82,82,82,0,0,0,0,0,0,0,0,0,38.4,38.4,38.4
browser-use,BBC_News--4,C7,1,1.0,success,612,612,612,65,65,65,62,62,62,0,0,0,30,30,30,0,0,0,37.4,37.4,37.4
browser-use,BBC_News--4,C8,1,1.0,success,483,483,483,67,67,67,64,64,64,0,0,0,14,14,14,0,0,0,40.6,40.6,40.6
browser-use,BBC_News--40,C0,1,1.0,success,551,551,551,106,106,106,103,103,103,0,0,0,0,0,0,0,0,0,30.2,30.2,30.2
browser-use,BBC_News--40,C2,1,1.0,success,389,389,389,59,59,59,56,56,56,0,0,0,16,16,16,0,0,0,38.2,38.2,38.2
browser-use,BBC_News--40,C5,1,1.0,success,313,313,313,55,55,55,52,52,52,0,0,0,0,0,0,0,0,0,26.8,26.8,26.8
browser-use,BBC_News--40,C7,1,1.0,success,396,396,396,63,63,63,60,60,60,0,0,0,9,9,9,0,0,0,26.7,26.7,26.7
browser-use,BBC_News--40,C8,1,1.0,success,360,360,360,59,59,59,56,56,56,0,0,0,9,9,9,0,0,0,26.2,26.2,26.2
browser-use,BBC_News--41,C0,1,1.0,success,632,632,632,55,55,55,51,51,51,0,0,0,0,0,0,0,0,0,40.9,40.9,40.9
browser-use,BBC_News--41,C2,1,1.0,success,247,247,247,24,24,24,23,23,23,0,0,0,3,3,3,0,0,0,38.5,38.5,38.5
browser-use,BBC_News--41,C5,1,1.0,success,678,678,678,61,61,61,57,57,57,0,0,0,0,0,0,0,0,0,42.1,42.1,42.1
browser-use,BBC_News--41,C7,1,1.0,success,575,575,575,56,56,56,52,52,52,0,0,0,15,15,15,0,0,0,41.8,41.8,41.8
browser-use,BBC_News--41,C8,1,1.0,success,18,18,18,8,8,8,7,7,7,0,0,0,1,1,1,0,0,0,30.2,30.2,30.2
browser-use,BBC_News--5,C0,1,1.0,success,770,770,770,58,58,58,55,55,55,0,0,0,0,0,0,0,0,0,38.1,38.1,38.1
browser-use,BBC_News--5,C2,1,1.0,success,88,88,88,11,11,11,11,11,11,0,0,0,2,2,2,0,0,0,30.0,30.0,30.0
browser-use,BBC_News--5,C5,1,1.0,success,397,397,397,31,31,31,31,31,31,0,0,0,0,0,0,0,0,0,51.7,51.7,51.7
browser-use,BBC_News--5,C7,1,1.0,success,91,91,91,11,11,11,10,10,10,0,0,0,3,3,3,0,0,0,58.4,58.4,58.4
browser-use,BBC_News--5,C8,1,1.0,success,75,75,75,11,11,11,10,10,10,3,3,3,1,1,1,0,0,0,44.9,44.9,44.9
browser-use,BBC_News--6,C0,1,1.0,success,572,572,572,77,77,77,74,74,74,0,0,0,0,0,0,0,0,0,25.8,25.8,25.8
browser-use,BBC_News--6,C2,1,1.0,success,454,454,454,63,63,63,60,60,60,0,0,0,16,16,16,0,0,0,26.1,26.1,26.1
browser-use,BBC_News--6,C5,1,1.0,success,484,484,484,98,98,98,95,95,95,0,0,0,0,0,0,0,0,0,19.8,19.8,19.8
browser-use,BBC_News--6,C7,1,1.0,success,380,380,380,64,64,64,61,61,61,0,0,0,7,7,7,0,0,0,17.6,17.6,17.6
browser-use,BBC_News--6,C8,1,1.0,success,386,386,386,62,62,62,59,59,59,0,0,0,7,7,7,0,0,0,25.9,25.9,25.9
browser-use,BBC_News--7,C0,1,1.0,success,1135,1135,1135,208,208,208,208,208,208,0,0,0,0,0,0,0,0,0,39.1,39.1,39.1
browser-use,BBC_News--7,C2,1,1.0,success,103,103,103,11,11,11,11,11,11,0,0,0,4,4,4,0,0,0,72.3,72.3,72.3
browser-use,BBC_News--7,C5,1,1.0,success,608,608,608,86,86,86,86,86,86,0,0,0,0,0,0,0,0,0,38.1,38.1,38.1
browser-use,BBC_News--7,C7,1,1.0,success,141,141,141,17,17,17,16,16,16,0,0,0,4,4,4,0,0,0,73.8,73.8,73.8
browser-use,BBC_News--7,C8,1,1.0,success,30,30,30,14,14,14,13,13,13,0,0,0,5,5,5,0,0,0,61.4,61.4,61.4
browser-use,BBC_News--8,C0,1,1.0,success,728,728,728,78,78,78,75,75,75,0,0,0,0,0,0,0,0,0,52.8,52.8,52.8
browser-use,BBC_News--8,C2,1,1.0,success,48,48,48,10,10,10,9,9,9,0,0,0,5,5,5,0,0,0,76.3,76.3,76.3
browser-use,BBC_News--8,C5,1,1.0,success,701,701,701,66,66,66,63,63,63,0,0,0,0,0,0,0,0,0,60.5,60.5,60.5
browser-use,BBC_News--8,C7,1,1.0,success,90,90,90,11,11,11,10,10,10,0,0,0,3,3,3,0,0,0,30.6,30.6,30.6
browser-use,BBC_News--8,C8,1,1.0,success,96,96,96,11,11,11,10,10,10,0,0,0,2,2,2,0,0,0,28.1,28.1,28.1
browser-use,BBC_News--9,C0,1,1.0,success,880,880,880,35,35,35,35,35,35,0,0,0,0,0,0,0,0,0,58.1,58.1,58.1
browser-use,BBC_News--9,C2,1,1.0,success,126,126,126,13,13,13,13,13,13,0,0,0,4,4,4,0,0,0,75.4,75.4,75.4
browser-use,BBC_News--9,C5,1,1.0,success,987,987,987,154,154,154,154,154,154,0,0,0,0,0,0,0,0,0,41.6,41.6,41.6
browser-use,BBC_News--9,C7,1,1.0,success,96,96,96,12,12,12,12,12,12,0,0,0,5,5,5,0,0,0,28.4,28.4,28.4
browser-use,BBC_News--9,C8,1,1.0,success,334,334,334,79,79,79,79,79,79,0,0,0,13,13,13,0,0,0,18.6,18.6,18.6
browser-use,Booking--0,C0,1,1.0,success,443,443,443,35,35,35,35,35,35,0,0,0,0,0,0,0,0,0,29.3,29.3,29.3
browser-use,Booking--0,C2,1,1.0,success,58,58,58,11,11,11,10,10,10,0,0,0,4,4,4,0,0,0,47.0,47.0,47.0
browser-use,Booking--0,C5,1,1.0,success,586,586,586,42,42,42,36,36,36,0,0,0,0,0,0,0,0,0,45.4,45.4,45.4
browser-use,Booking--0,C7,1,1.0,success,106,106,106,12,12,12,11,11,11,0,0,0,4,4,4,0,0,0,78.5,78.5,78.5
browser-use,Booking--0,C8,1,1.0,success,473,473,473,42,42,42,37,37,37,0,0,0,13,13,13,4,4,4,48.8,48.8,48.8
browser-use,Booking--1,C0,1,1.0,success,374,374,374,48,48,48,43,43,43,0,0,0,0,0,0,0,0,0,58.2,58.2,58.2
browser-use,Booking--1,C2,1,1.0,success,767,767,767,43,43,43,36,36,36,0,0,0,19,19,19,0,0,0,57.7,57.7,57.7
browser-use,Booking--1,C5,1,1.0,success,405,405,405,46,46,46,41,41,41,0,0,0,0,0,0,0,0,0,58.4,58.4,58.4
browser-use,Booking--1,C7,1,1.0,success,40,40,40,12,12,12,11,11,11,0,0,0,5,5,5,0,0,0,28.8,28.8,28.8
browser-use,Booking--1,C8,1,1.0,success,282,282,282,32,32,32,28,28,28,0,0,0,3,3,3,2,2,2,46.8,46.8,46.8
browser-use,Booking--10,C0,1,1.0,success,381,381,381,46,46,46,41,41,41,0,0,0,0,0,0,0,0,0,57.3,57.3,57.3
browser-use,Booking--10,C2,1,1.0,success,529,529,529,41,41,41,35,35,35,0,0,0,6,6,6,0,0,0,45.1,45.1,45.1
browser-use,Booking--10,C5,1,1.0,success,311,311,311,39,39,39,34,34,34,0,0,0,0,0,0,0,0,0,45.3,45.3,45.3
browser-use,Booking--10,C7,1,1.0,success,569,569,569,34,34,34,28,28,28,0,0,0,9,9,9,4,4,4,59.3,59.3,59.3
browser-use,Booking--10,C8,1,1.0,success,293,293,293,32,32,32,28,28,28,0,0,0,3,3,3,2,2,2,51.2,51.2,51.2
browser-use,Booking--11,C0,1,1.0,success,311,311,311,40,40,40,35,35,35,0,0,0,0,0,0,0,0,0,43.2,43.2,43.2
browser-use,Booking--11,C2,1,1.0,success,774,774,774,47,47,47,41,41,41,0,0,0,23,23,23,0,0,0,43.3,43.3,43.3
browser-use,Booking--11,C5,1,1.0,success,918,918,918,48,48,48,41,41,41,0,0,0,0,0,0,0,0,0,58.5,58.5,58.5
browser-use,Booking--11,C7,1,1.0,success,555,555,555,36,36,36,30,30,30,0,0,0,9,9,9,6,6,6,48.5,48.5,48.5
browser-use,Booking--11,C8,1,1.0,success,1062,1062,1062,39,39,39,33,33,33,0,0,0,18,18,18,8,8,8,56.2,56.2,56.2
browser-use,Booking--12,C0,1,1.0,success,759,759,759,44,44,44,37,37,37,0,0,0,0,0,0,0,0,0,61.9,61.9,61.9
browser-use,Booking--12,C2,1,1.0,success,48,48,48,10,10,10,9,9,9,0,0,0,5,5,5,0,0,0,39.2,39.2,39.2
browser-use,Booking--12,C5,1,1.0,success,379,379,379,42,42,42,37,37,37,0,0,0,0,0,0,0,0,0,42.8,42.8,42.8
browser-use,Booking--12,C7,1,1.0,success,49,49,49,11,11,11,10,10,10,0,0,0,5,5,5,0,0,0,41.2,41.2,41.2
browser-use,Booking--12,C8,1,1.0,success,825,825,825,38,38,38,32,32,32,0,0,0,12,12,12,6,6,6,58.5,58.5,58.5
browser-use,Booking--13,C0,1,1.0,success,553,553,553,46,46,46,40,40,40,0,0,0,0,0,0,0,0,0,50.1,50.1,50.1
browser-use,Booking--13,C2,1,1.0,success,299,299,299,35,35,35,30,30,30,0,0,0,3,3,3,0,0,0,57.4,57.4,57.4
browser-use,Booking--13,C5,1,1.0,success,312,312,312,40,40,40,35,35,35,0,0,0,0,0,0,0,0,0,52.0,52.0,52.0
browser-use,Booking--13,C7,1,1.0,success,97,97,97,14,14,14,13,13,13,0,0,0,5,5,5,0,0,0,76.4,76.4,76.4
browser-use,Booking--13,C8,1,1.0,success,277,277,277,32,32,32,28,28,28,0,0,0,3,3,3,2,2,2,40.4,40.4,40.4
browser-use,Booking--14,C0,1,1.0,success,320,320,320,39,39,39,34,34,34,0,0,0,0,0,0,0,0,0,43.2,43.2,43.2
browser-use,Booking--14,C2,1,1.0,success,94,94,94,12,12,12,11,11,11,0,0,0,4,4,4,0,0,0,78.8,78.8,78.8
browser-use,Booking--14,C5,1,1.0,success,376,376,376,44,44,44,39,39,39,0,0,0,0,0,0,0,0,0,52.3,52.3,52.3
browser-use,Booking--14,C7,1,1.0,success,864,864,864,45,45,45,40,40,40,0,0,0,26,26,26,8,8,8,57.2,57.2,57.2
browser-use,Booking--14,C8,1,1.0,success,291,291,291,32,32,32,28,28,28,0,0,0,3,3,3,2,2,2,57.0,57.0,57.0
browser-use,Booking--15,C0,1,1.0,success,1132,1132,1132,57,57,57,50,50,50,0,0,0,0,0,0,0,0,0,62.7,62.7,62.7
browser-use,Booking--15,C2,1,1.0,success,42,42,42,11,11,11,10,10,10,0,0,0,6,6,6,0,0,0,78.8,78.8,78.8
browser-use,Booking--15,C5,1,1.0,success,334,334,334,42,42,42,37,37,37,0,0,0,0,0,0,0,0,0,41.3,41.3,41.3
browser-use,Booking--15,C7,1,1.0,success,289,289,289,36,36,36,32,32,32,0,0,0,3,3,3,2,2,2,45.0,45.0,45.0
browser-use,Booking--15,C8,1,1.0,success,466,466,466,21,21,21,21,21,21,0,0,0,0,0,0,0,0,0,53.4,53.4,53.4
browser-use,Booking--16,C0,1,1.0,success,588,588,588,51,51,51,45,45,45,0,0,0,0,0,0,0,0,0,68.0,68.0,68.0
browser-use,Booking--16,C2,1,1.0,success,594,594,594,41,41,41,35,35,35,0,0,0,6,6,6,0,0,0,57.4,57.4,57.4
browser-use,Booking--16,C5,1,1.0,success,644,644,644,56,56,56,51,51,51,0,0,0,0,0,0,0,0,0,49.9,49.9,49.9
browser-use,Booking--16,C7,1,1.0,success,304,304,304,34,34,34,30,30,30,0,0,0,3,3,3,2,2,2,40.9,40.9,40.9
browser-use,Booking--16,C8,1,1.0,success,823,823,823,38,38,38,32,32,32,0,0,0,12,12,12,6,6,6,43.0,43.0,43.0
browser-use,Booking--17,C0,1,1.0,success,308,308,308,40,40,40,35,35,35,0,0,0,0,0,0,0,0,0,56.4,56.4,56.4
browser-use,Booking--17,C2,1,1.0,success,295,295,295,39,39,39,34,34,34,0,0,0,3,3,3,0,0,0,43.1,43.1,43.1
browser-use,Booking--17,C5,1,1.0,success,329,329,329,42,42,42,37,37,37,0,0,0,0,0,0,0,0,0,48.2,48.2,48.2
browser-use,Booking--17,C7,1,1.0,success,38,38,38,11,11,11,10,10,10,0,0,0,5,5,5,0,0,0,31.1,31.1,31.1
browser-use,Booking--17,C8,1,1.0,success,293,293,293,32,32,32,28,28,28,0,0,0,3,3,3,2,2,2,40.2,40.2,40.2
browser-use,Booking--18,C0,1,1.0,success,586,586,586,50,50,50,44,44,44,0,0,0,0,0,0,0,0,0,50.1,50.1,50.1
browser-use,Booking--18,C2,1,1.0,success,308,308,308,39,39,39,34,34,34,0,0,0,3,3,3,0,0,0,40.8,40.8,40.8
browser-use,Booking--18,C5,1,1.0,success,310,310,310,40,40,40,35,35,35,0,0,0,0,0,0,0,0,0,48.1,48.1,48.1
browser-use,Booking--18,C7,1,1.0,success,692,692,692,38,38,38,32,32,32,0,0,0,19,19,19,6,6,6,50.8,50.8,50.8
browser-use,Booking--18,C8,1,1.0,success,290,290,290,33,33,33,29,29,29,0,0,0,3,3,3,2,2,2,46.3,46.3,46.3
browser-use,Booking--19,C0,1,1.0,success,320,320,320,40,40,40,35,35,35,0,0,0,0,0,0,0,0,0,41.3,41.3,41.3
browser-use,Booking--19,C2,1,1.0,success,41,41,41,13,13,13,12,12,12,0,0,0,6,6,6,0,0,0,36.3,36.3,36.3
browser-use,Booking--19,C5,1,1.0,success,934,934,934,55,55,55,48,48,48,0,0,0,0,0,0,0,0,0,59.8,59.8,59.8
browser-use,Booking--19,C7,1,1.0,success,461,461,461,41,41,41,36,36,36,0,0,0,13,13,13,4,4,4,53.3,53.3,53.3
browser-use,Booking--19,C8,1,1.0,success,293,293,293,36,36,36,32,32,32,0,0,0,3,3,3,2,2,2,44.6,44.6,44.6
browser-use,Booking--2,C0,1,1.0,success,577,577,577,42,42,42,36,36,36,0,0,0,0,0,0,0,0,0,55.5,55.5,55.5
browser-use,Booking--2,C2,1,1.0,success,98,98,98,14,14,14,13,13,13,0,0,0,5,5,5,0,0,0,79.7,79.7,79.7
browser-use,Booking--2,C5,1,1.0,success,376,376,376,44,44,44,39,39,39,0,0,0,0,0,0,0,0,0,58.8,58.8,58.8
browser-use,Booking--2,C7,1,1.0,success,97,97,97,14,14,14,13,13,13,0,0,0,5,5,5,0,0,0,34.9,34.9,34.9
browser-use,Booking--2,C8,1,1.0,success,448,448,448,39,39,39,34,34,34,0,0,0,13,13,13,4,4,4,40.4,40.4,40.4
browser-use,Booking--20,C0,1,1.0,success,309,309,309,40,40,40,35,35,35,0,0,0,0,0,0,0,0,0,43.7,43.7,43.7
browser-use,Booking--20,C2,1,1.0,success,325,325,325,36,36,36,31,31,31,0,0,0,3,3,3,0,0,0,45.1,45.1,45.1
browser-use,Booking--20,C5,1,1.0,success,329,329,329,40,40,40,35,35,35,0,0,0,0,0,0,0,0,0,56.6,56.6,56.6
browser-use,Booking--20,C7,1,1.0,success,701,701,701,44,44,44,38,38,38,0,0,0,19,19,19,6,6,6,56.4,56.4,56.4
browser-use,Booking--20,C8,1,1.0,success,72,72,72,10,10,10,9,9,9,1,1,1,1,1,1,0,0,0,40.2,40.2,40.2
browser-use,Booking--21,C0,1,1.0,success,305,305,305,39,39,39,34,34,34,0,0,0,0,0,0,0,0,0,38.9,38.9,38.9
browser-use,Booking--21,C2,1,1.0,success,628,628,628,43,43,43,36,36,36,0,0,0,9,9,9,0,0,0,52.4,52.4,52.4
browser-use,Booking--21,C5,1,1.0,success,343,343,343,40,40,40,35,35,35,0,0,0,0,0,0,0,0,0,48.4,48.4,48.4
browser-use,Booking--21,C7,1,1.0,success,47,47,47,10,10,10,9,9,9,0,0,0,4,4,4,0,0,0,72.4,72.4,72.4
browser-use,Booking--21,C8,1,1.0,success,291,291,291,32,32,32,28,28,28,0,0,0,3,3,3,2,2,2,46.0,46.0,46.0
browser-use,Booking--22,C0,1,1.0,success,313,313,313,40,40,40,35,35,35,0,0,0,0,0,0,0,0,0,50.6,50.6,50.6
browser-use,Booking--22,C2,1,1.0,success,302,302,302,35,35,35,30,30,30,0,0,0,3,3,3,0,0,0,44.8,44.8,44.8
browser-use,Booking--22,C5,1,1.0,success,311,311,311,45,45,45,40,40,40,0,0,0,0,0,0,0,0,0,39.7,39.7,39.7
browser-use,Booking--22,C7,1,1.0,success,625,625,625,42,42,42,37,37,37,0,0,0,23,23,23,6,6,6,48.8,48.8,48.8
browser-use,Booking--22,C8,1,1.0,success,289,289,289,32,32,32,28,28,28,0,0,0,3,3,3,2,2,2,47.2,47.2,47.2
browser-use,Booking--23,C0,1,1.0,success,374,374,374,45,45,45,40,40,40,0,0,0,0,0,0,0,0,0,60.2,60.2,60.2
browser-use,Booking--23,C2,1,1.0,success,310,310,310,35,35,35,30,30,30,0,0,0,3,3,3,0,0,0,45.8,45.8,45.8
browser-use,Booking--23,C5,1,1.0,success,674,674,674,50,50,50,43,43,43,0,0,0,0,0,0,0,0,0,58.9,58.9,58.9
browser-use,Booking--23,C7,1,1.0,success,862,862,862,34,34,34,28,28,28,0,0,0,15,15,15,8,8,8,59.4,59.4,59.4
browser-use,Booking--23,C8,1,1.0,success,274,274,274,36,36,36,32,32,32,0,0,0,3,3,3,2,2,2,47.2,47.2,47.2
browser-use,Booking--24,C0,1,1.0,success,427,427,427,47,47,47,42,42,42,0,0,0,0,0,0,0,0,0,62.7,62.7,62.7
browser-use,Booking--24,C2,1,1.0,success,370,370,370,19,19,19,18,18,18,0,0,0,5,5,5,0,0,0,41.4,41.4,41.4
browser-use,Booking--24,C5,1,1.0,success,711,711,711,49,49,49,42,42,42,0,0,0,0,0,0,0,0,0,58.5,58.5,58.5
browser-use,Booking--24,C7,1,1.0,success,49,49,49,11,11,11,10,10,10,0,0,0,5,5,5,0,0,0,80.0,80.0,80.0
browser-use,Booking--24,C8,1,1.0,success,815,815,815,40,40,40,34,34,34,0,0,0,12,12,12,6,6,6,45.0,45.0,45.0
browser-use,Booking--25,C0,1,1.0,success,347,347,347,42,42,42,37,37,37,0,0,0,0,0,0,0,0,0,44.0,44.0,44.0
browser-use,Booking--25,C2,1,1.0,success,310,310,310,35,35,35,30,30,30,0,0,0,3,3,3,0,0,0,43.8,43.8,43.8
browser-use,Booking--25,C5,1,1.0,success,518,518,518,49,49,49,43,43,43,0,0,0,0,0,0,0,0,0,47.5,47.5,47.5
browser-use,Booking--25,C7,1,1.0,success,494,494,494,35,35,35,30,30,30,0,0,0,6,6,6,4,4,4,49.6,49.6,49.6
browser-use,Booking--25,C8,1,1.0,success,859,859,859,40,40,40,34,34,34,0,0,0,25,25,25,8,8,8,53.6,53.6,53.6
browser-use,Booking--26,C0,1,1.0,success,638,638,638,46,46,46,39,39,39,0,0,0,0,0,0,0,0,0,41.2,41.2,41.2
browser-use,Booking--26,C2,1,1.0,success,778,778,778,44,44,44,37,37,37,0,0,0,19,19,19,0,0,0,47.2,47.2,47.2
browser-use,Booking--26,C5,1,1.0,success,637,637,637,50,50,50,43,43,43,0,0,0,0,0,0,0,0,0,49.0,49.0,49.0
browser-use,Booking--26,C7,1,1.0,success,301,301,301,36,36,36,32,32,32,0,0,0,3,3,3,2,2,2,43.6,43.6,43.6
browser-use,Booking--26,C8,1,1.0,success,476,476,476,39,39,39,34,34,34,0,0,0,13,13,13,4,4,4,51.6,51.6,51.6
browser-use,Booking--27,C0,1,1.0,success,545,545,545,49,49,49,43,43,43,0,0,0,0,0,0,0,0,0,44.9,44.9,44.9
browser-use,Booking--27,C2,1,1.0,success,562,562,562,44,44,44,38,38,38,0,0,0,13,13,13,0,0,0,49.2,49.2,49.2
browser-use,Booking--27,C5,1,1.0,success,447,447,447,45,45,45,39,39,39,0,0,0,0,0,0,0,0,0,44.7,44.7,44.7
browser-use,Booking--27,C7,1,1.0,success,94,94,94,12,12,12,11,11,11,0,0,0,4,4,4,0,0,0,72.6,72.6,72.6
browser-use,Booking--27,C8,1,1.0,success,657,657,657,38,38,38,32,32,32,0,0,0,12,12,12,6,6,6,41.6,41.6,41.6
browser-use,Booking--28,C0,1,1.0,success,604,604,604,55,55,55,49,49,49,0,0,0,0,0,0,0,0,0,52.1,52.1,52.1
browser-use,Booking--28,C2,1,1.0,success,315,315,315,37,37,37,32,32,32,0,0,0,3,3,3,0,0,0,43.1,43.1,43.1
browser-use,Booking--28,C5,1,1.0,success,304,304,304,42,42,42,37,37,37,0,0,0,0,0,0,0,0,0,38.4,38.4,38.4
browser-use,Booking--28,C7,1,1.0,success,282,282,282,32,32,32,28,28,28,0,0,0,3,3,3,2,2,2,38.2,38.2,38.2
browser-use,Booking--28,C8,1,1.0,success,953,953,953,45,45,45,39,39,39,0,0,0,25,25,25,8,8,8,48.0,48.0,48.0
browser-use,Booking--29,C0,1,1.0,success,807,807,807,49,49,49,42,42,42,0,0,0,0,0,0,0,0,0,52.3,52.3,52.3
browser-use,Booking--29,C2,1,1.0,success,835,835,835,40,40,40,33,33,33,0,0,0,6,6,6,0,0,0,46.7,46.7,46.7
browser-use,Booking--29,C5,1,1.0,success,525,525,525,56,56,56,50,50,50,0,0,0,0,0,0,0,0,0,63.4,63.4,63.4
browser-use,Booking--29,C7,1,1.0,success,96,96,96,14,14,14,13,13,13,0,0,0,5,5,5,0,0,0,33.5,33.5,33.5
browser-use,Booking--29,C8,1,1.0,success,271,271,271,31,31,31,27,27,27,0,0,0,3,3,3,2,2,2,40.0,40.0,40.0
browser-use,Booking--3,C0,1,1.0,success,373,373,373,44,44,44,39,39,39,0,0,0,0,0,0,0,0,0,61.1,61.1,61.1
browser-use,Booking--3,C2,1,1.0,success,51,51,51,11,11,11,10,10,10,0,0,0,5,5,5,0,0,0,75.0,75.0,75.0
browser-use,Booking--3,C5,1,1.0,success,876,876,876,53,53,53,46,46,46,0,0,0,0,0,0,0,0,0,49.9,49.9,49.9
browser-use,Booking--3,C7,1,1.0,success,808,808,808,40,40,40,34,34,34,0,0,0,12,12,12,6,6,6,51.2,51.2,51.2
browser-use,Booking--3,C8,1,1.0,success,631,631,631,39,39,39,33,33,33,0,0,0,15,15,15,6,6,6,44.3,44.3,44.3
browser-use,Booking--30,C0,1,1.0,success,293,293,293,40,40,40,35,35,35,0,0,0,0,0,0,0,0,0,45.4,45.4,45.4
browser-use,Booking--30,C2,1,1.0,success,307,307,307,35,35,35,30,30,30,0,0,0,3,3,3,0,0,0,44.9,44.9,44.9
browser-use,Booking--30,C5,1,1.0,success,534,534,534,47,47,47,41,41,41,0,0,0,0,0,0,0,0,0,55.3,55.3,55.3
browser-use,Booking--30,C7,1,1.0,success,285,285,285,36,36,36,32,32,32,0,0,0,3,3,3,2,2,2,44.4,44.4,44.4
browser-use,Booking--30,C8,1,1.0,success,661,661,661,34,34,34,28,28,28,0,0,0,15,15,15,6,6,6,61.8,61.8,61.8
browser-use,Booking--31,C0,1,1.0,success,1013,1013,1013,52,52,52,45,45,45,0,0,0,0,0,0,0,0,0,52.0,52.0,52.0
browser-use,Booking--31,C2,1,1.0,success,719,719,719,40,40,40,33,33,33,0,0,0,9,9,9,0,0,0,50.5,50.5,50.5
browser-use,Booking--31,C5,1,1.0,success,695,695,695,55,55,55,49,49,49,0,0,0,0,0,0,0,0,0,52.2,52.2,52.2
browser-use,Booking--31,C7,1,1.0,success,1091,1091,1091,37,37,37,31,31,31,0,0,0,12,12,12,8,8,8,52.1,52.1,52.1
browser-use,Booking--31,C8,1,1.0,success,484,484,484,41,41,41,36,36,36,0,0,0,13,13,13,4,4,4,57.3,57.3,57.3
browser-use,Booking--32,C0,1,1.0,success,753,753,753,50,50,50,43,43,43,0,0,0,0,0,0,0,0,0,55.5,55.5,55.5
browser-use,Booking--32,C2,1,1.0,success,320,320,320,35,35,35,30,30,30,0,0,0,3,3,3,0,0,0,46.5,46.5,46.5
browser-use,Booking--32,C5,1,1.0,success,530,530,530,48,48,48,42,42,42,0,0,0,0,0,0,0,0,0,46.6,46.6,46.6
browser-use,Booking--32,C7,1,1.0,success,1256,1256,1256,40,40,40,34,34,34,0,0,0,15,15,15,10,10,10,55.2,55.2,55.2
browser-use,Booking--32,C8,1,1.0,success,757,757,757,35,35,35,29,29,29,0,0,0,6,6,6,6,6,6,49.8,49.8,49.8
browser-use,Booking--33,C0,1,1.0,success,567,567,567,45,45,45,38,38,38,0,0,0,0,0,0,0,0,0,41.1,41.1,41.1
browser-use,Booking--33,C2,1,1.0,success,97,97,97,12,12,12,11,11,11,0,0,0,5,5,5,0,0,0,56.3,56.3,56.3
browser-use,Booking--33,C5,1,1.0,success,559,559,559,45,45,45,38,38,38,0,0,0,0,0,0,0,0,0,61.1,61.1,61.1
browser-use,Booking--33,C7,1,1.0,success,489,489,489,33,33,33,27,27,27,0,0,0,4,4,4,10,10,10,56.2,56.2,56.2
browser-use,Booking--33,C8,1,1.0,success,477,477,477,34,34,34,28,28,28,0,0,0,3,3,3,8,8,8,37.8,37.8,37.8
browser-use,Booking--34,C0,1,1.0,success,320,320,320,44,44,44,39,39,39,0,0,0,0,0,0,0,0,0,52.1,52.1,52.1
browser-use,Booking--34,C2,1,1.0,success,315,315,315,38,38,38,33,33,33,0,0,0,3,3,3,0,0,0,39.0,39.0,39.0
browser-use,Booking--34,C5,1,1.0,success,318,318,318,42,42,42,37,37,37,0,0,0,0,0,0,0,0,0,57.0,57.0,57.0
browser-use,Booking--34,C7,1,1.0,success,95,95,95,13,13,13,12,12,12,0,0,0,4,4,4,0,0,0,78.1,78.1,78.1
browser-use,Booking--34,C8,1,1.0,success,435,435,435,38,38,38,33,33,33,0,0,0,13,13,13,4,4,4,47.6,47.6,47.6
browser-use,Booking--35,C0,1,1.0,success,654,654,654,47,47,47,40,40,40,0,0,0,0,0,0,0,0,0,40.8,40.8,40.8
browser-use,Booking--35,C2,1,1.0,success,50,50,50,11,11,11,10,10,10,0,0,0,5,5,5,0,0,0,77.3,77.3,77.3
browser-use,Booking--35,C5,1,1.0,success,533,533,533,50,50,50,43,43,43,0,0,0,0,0,0,0,0,0,65.7,65.7,65.7
browser-use,Booking--35,C7,1,1.0,success,40,40,40,12,12,12,11,11,11,0,0,0,5,5,5,0,0,0,69.8,69.8,69.8
browser-use,Booking--35,C8,1,1.0,success,543,543,543,38,38,38,31,31,31,0,0,0,3,3,3,8,8,8,43.5,43.5,43.5
browser-use,Booking--36,C0,1,1.0,success,604,604,604,55,55,55,49,49,49,0,0,0,0,0,0,0,0,0,68.8,68.8,68.8
browser-use,Booking--36,C2,1,1.0,success,318,318,318,35,35,35,30,30,30,0,0,0,3,3,3,0,0,0,47.7,47.7,47.7
browser-use,Booking--36,C5,1,1.0,success,749,749,749,52,52,52,45,45,45,0,0,0,0,0,0,0,0,0,51.5,51.5,51.5
browser-use,Booking--36,C7,1,1.0,success,518,518,518,41,41,41,36,36,36,0,0,0,13,13,13,4,4,4,62.5,62.5,62.5
browser-use,Booking--36,C8,1,1.0,success,803,803,803,34,34,34,28,28,28,0,0,0,21,21,21,8,8,8,57.4,57.4,57.4
browser-use,Booking--37,C0,1,1.0,success,650,650,650,20,20,20,20,20,20,0,0,0,0,0,0,0,0,0,75.7,75.7,75.7
browser-use,Booking--37,C2,1,1.0,success,50,50,50,12,12,12,11,11,11,0,0,0,5,5,5,0,0,0,38.5,38.5,38.5
browser-use,Booking--37,C5,1,1.0,success,1105,1105,1105,53,53,53,46,46,46,0,0,0,0,0,0,0,0,0,71.8,71.8,71.8
browser-use,Booking--37,C7,1,1.0,success,39,39,39,11,11,11,10,10,10,0,0,0,5,5,5,0,0,0,74.6,74.6,74.6
browser-use,Booking--37,C8,1,1.0,success,871,871,871,44,44,44,38,38,38,0,0,0,26,26,26,8,8,8,52.8,52.8,52.8
browser-use,Booking--38,C0,1,1.0,success,309,309,309,40,40,40,35,35,35,0,0,0,0,0,0,0,0,0,43.3,43.3,43.3
browser-use,Booking--38,C2,1,1.0,success,325,325,325,35,35,35,30,30,30,0,0,0,3,3,3,0,0,0,53.7,53.7,53.7
browser-use,Booking--38,C5,1,1.0,success,310,310,310,40,40,40,35,35,35,0,0,0,0,0,0,0,0,0,37.6,37.6,37.6
browser-use,Booking--38,C7,1,1.0,success,287,287,287,36,36,36,32,32,32,0,0,0,3,3,3,2,2,2,43.5,43.5,43.5
browser-use,Booking--38,C8,1,1.0,success,297,297,297,36,36,36,32,32,32,0,0,0,3,3,3,2,2,2,41.8,41.8,41.8
browser-use,Booking--39,C0,1,1.0,success,511,511,511,47,47,47,41,41,41,0,0,0,0,0,0,0,0,0,49.0,49.0,49.0
browser-use,Booking--39,C2,1,1.0,success,1278,1278,1278,37,37,37,30,30,30,0,0,0,9,9,9,0,0,0,50.2,50.2,50.2
browser-use,Booking--39,C5,1,1.0,success,1061,1061,1061,55,55,55,49,49,49,0,0,0,0,0,0,0,0,0,68.0,68.0,68.0
browser-use,Booking--39,C7,1,1.0,success,279,279,279,34,34,34,30,30,30,0,0,0,3,3,3,2,2,2,41.2,41.2,41.2
browser-use,Booking--39,C8,1,1.0,success,455,455,455,38,38,38,33,33,33,0,0,0,13,13,13,4,4,4,52.0,52.0,52.0
browser-use,Booking--4,C0,1,1.0,success,385,385,385,44,44,44,39,39,39,0,0,0,0,0,0,0,0,0,58.2,58.2,58.2
browser-use,Booking--4,C2,1,1.0,success,363,363,363,39,39,39,34,34,34,0,0,0,3,3,3,0,0,0,55.6,55.6,55.6
browser-use,Booking--4,C5,1,1.0,success,811,811,811,53,53,53,48,48,48,0,0,0,0,0,0,0,0,0,46.7,46.7,46.7
browser-use,Booking--4,C7,1,1.0,success,1314,1314,1314,46,46,46,40,40,40,0,0,0,38,38,38,12,12,12,56.3,56.3,56.3
browser-use,Booking--4,C8,1,1.0,success,773,773,773,40,40,40,34,34,34,0,0,0,12,12,12,6,6,6,49.5,49.5,49.5
browser-use,Booking--40,C0,1,1.0,success,310,310,310,33,33,33,33,33,33,0,0,0,0,0,0,0,0,0,52.5,52.5,52.5
browser-use,Booking--40,C2,1,1.0,success,42,42,42,13,13,13,12,12,12,0,0,0,6,6,6,0,0,0,29.5,29.5,29.5
browser-use,Booking--40,C5,1,1.0,success,842,842,842,50,50,50,45,45,45,0,0,0,0,0,0,0,0,0,41.9,41.9,41.9
browser-use,Booking--40,C7,1,1.0,success,47,47,47,10,10,10,9,9,9,0,0,0,5,5,5,0,0,0,78.7,78.7,78.7
browser-use,Booking--40,C8,1,1.0,success,541,541,541,34,34,34,28,28,28,0,0,0,9,9,9,4,4,4,46.4,46.4,46.4
browser-use,Booking--41,C0,1,1.0,success,277,277,277,40,40,40,35,35,35,0,0,0,0,0,0,0,0,0,26.3,26.3,26.3
browser-use,Booking--41,C2,1,1.0,success,290,290,290,35,35,35,30,30,30,0,0,0,3,3,3,0,0,0,20.4,20.4,20.4
browser-use,Booking--41,C5,1,1.0,success,379,379,379,41,41,41,35,35,35,0,0,0,0,0,0,0,0,0,23.5,23.5,23.5
browser-use,Booking--41,C7,1,1.0,success,361,361,361,33,33,33,28,28,28,0,0,0,3,3,3,4,4,4,27.4,27.4,27.4
browser-use,Booking--41,C8,1,1.0,success,276,276,276,30,30,30,26,26,26,0,0,0,3,3,3,2,2,2,17.1,17.1,17.1
browser-use,Booking--42,C0,1,1.0,success,578,578,578,50,50,50,44,44,44,0,0,0,0,0,0,0,0,0,54.5,54.5,54.5
browser-use,Booking--42,C2,1,1.0,success,717,717,717,43,43,43,37,37,37,0,0,0,23,23,23,0,0,0,51.9,51.9,51.9
browser-use,Booking--42,C5,1,1.0,success,529,529,529,49,49,49,43,43,43,0,0,0,0,0,0,0,0,0,51.9,51.9,51.9
browser-use,Booking--42,C7,1,1.0,success,459,459,459,42,42,42,37,37,37,0,0,0,13,13,13,4,4,4,50.0,50.0,50.0
browser-use,Booking--42,C8,1,1.0,success,796,796,796,45,45,45,39,39,39,0,0,0,29,29,29,8,8,8,54.9,54.9,54.9
browser-use,Booking--43,C0,1,1.0,success,139,139,139,30,30,30,30,30,30,0,0,0,0,0,0,0,0,0,82.8,82.8,82.8
browser-use,Booking--43,C2,1,1.0,success,102,102,102,22,22,22,22,22,22,0,0,0,6,6,6,0,0,0,30.5,30.5,30.5
browser-use,Booking--43,C5,1,1.0,success,69,69,69,20,20,20,20,20,20,0,0,0,0,0,0,0,0,0,68.1,68.1,68.1
browser-use,Booking--43,C7,1,1.0,success,100,100,100,20,20,20,20,20,20,0,0,0,4,4,4,0,0,0,66.0,66.0,66.0
browser-use,Booking--43,C8,1,1.0,success,56,56,56,18,18,18,18,18,18,0,0,0,6,6,6,0,0,0,50.7,50.7,50.7
browser-use,Booking--5,C0,1,0.0,,0,0,0,0,0,0,0,0,0,0,0,0,0,0,0,0,0,0,,,
browser-use,Booking--5,C2,1,1.0,success,567,567,567,39,39,39,33,33,33,0,0,0,9,9,9,0,0,0,46.5,46.5,46.5
browser-use,Booking--5,C5,1,1.0,success,624,624,624,46,46,46,40,40,40,0,0,0,0,0,0,0,0,0,59.2,59.2,59.2
browser-use,Booking--5,C7,1,1.0,success,328,328,328,34,34,34,30,30,30,0,0,0,3,3,3,2,2,2,42.5,42.5,42.5
browser-use,Booking--5,C8,1,1.0,success,762,762,762,34,34,34,28,28,28,0,0,0,12,12,12,6,6,6,50.7,50.7,50.7
browser-use,Booking--6,C0,1,1.0,success,623,623,623,44,44,44,37,37,37,0,0,0,0,0,0,0,0,0,46.1,46.1,46.1
browser-use,Booking--6,C2,1,1.0,success,301,301,301,39,39,39,34,34,34,0,0,0,3,3,3,0,0,0,51.4,51.4,51.4
browser-use,Booking--6,C5,1,1.0,success,378,378,378,44,44,44,39,39,39,0,0,0,0,0,0,0,0,0,43.8,43.8,43.8
browser-use,Booking--6,C7,1,1.0,success,40,40,40,12,12,12,11,11,11,0,0,0,6,6,6,0,0,0,73.3,73.3,73.3
browser-use,Booking--6,C8,1,1.0,success,286,286,286,34,34,34,30,30,30,0,0,0,3,3,3,2,2,2,39.3,39.3,39.3
browser-use,Booking--7,C0,1,1.0,success,802,802,802,50,50,50,43,43,43,0,0,0,0,0,0,0,0,0,51.7,51.7,51.7
browser-use,Booking--7,C2,1,1.0,success,325,325,325,37,37,37,32,32,32,0,0,0,3,3,3,0,0,0,44.5,44.5,44.5
browser-use,Booking--7,C5,1,1.0,success,321,321,321,42,42,42,37,37,37,0,0,0,0,0,0,0,0,0,41.6,41.6,41.6
browser-use,Booking--7,C7,1,1.0,success,51,51,51,12,12,12,11,11,11,0,0,0,5,5,5,0,0,0,37.7,37.7,37.7
browser-use,Booking--7,C8,1,1.0,success,876,876,876,45,45,45,39,39,39,0,0,0,22,22,22,8,8,8,51.0,51.0,51.0
browser-use,Booking--8,C0,1,1.0,success,799,799,799,48,48,48,41,41,41,0,0,0,0,0,0,0,0,0,66.2,66.2,66.2
browser-use,Booking--8,C2,1,1.0,success,94,94,94,14,14,14,13,13,13,0,0,0,5,5,5,0,0,0,34.9,34.9,34.9
browser-use,Booking--8,C5,1,1.0,success,1136,1136,1136,64,64,64,59,59,59,0,0,0,0,0,0,0,0,0,63.5,63.5,63.5
browser-use,Booking--8,C7,1,1.0,success,41,41,41,13,13,13,12,12,12,0,0,0,6,6,6,0,0,0,34.2,34.2,34.2
browser-use,Booking--8,C8,1,1.0,success,292,292,292,32,32,32,28,28,28,0,0,0,3,3,3,2,2,2,44.4,44.4,44.4
browser-use,Booking--9,C0,1,1.0,success,310,310,310,40,40,40,35,35,35,0,0,0,0,0,0,0,0,0,46.2,46.2,46.2
browser-use,Booking--9,C2,1,1.0,success,96,96,96,13,13,13,12,12,12,0,0,0,5,5,5,0,0,0,78.7,78.7,78.7
browser-use,Booking--9,C5,1,1.0,success,320,320,320,42,42,42,37,37,37,0,0,0,0,0,0,0,0,0,42.9,42.9,42.9
browser-use,Booking--9,C7,1,1.0,success,96,96,96,14,14,14,13,13,13,0,0,0,5,5,5,0,0,0,76.8,76.8,76.8
browser-use,Booking--9,C8,1,1.0,success,705,705,705,40,40,40,34,34,34,0,0,0,19,19,19,6,6,6,39.7,39.7,39.7
browser-use,Cambridge_Dictionary--0,C0,1,1.0,success,295,295,295,73,73,73,72,72,72,0,0,0,0,0,0,0,0,0,33.4,33.4,33.4
browser-use,Cambridge_Dictionary--0,C2,1,1.0,success,243,243,243,71,71,71,70,70,70,0,0,0,7,7,7,0,0,0,46.8,46.8,46.8
browser-use,Cambridge_Dictionary--0,C5,1,1.0,success,247,247,247,74,74,74,73,73,73,0,0,0,0,0,0,0,0,0,51.5,51.5,51.5
browser-use,Cambridge_Dictionary--0,C7,1,1.0,success,37,37,37,10,10,10,9,9,9,0,0,0,5,5,5,0,0,0,30.1,30.1,30.1
browser-use,Cambridge_Dictionary--0,C8,1,1.0,success,103,103,103,21,21,21,20,20,20,0,0,0,0,0,0,4,4,4,17.4,17.4,17.4
browser-use,Cambridge_Dictionary--1,C0,1,1.0,success,831,831,831,106,106,106,106,106,106,0,0,0,0,0,0,0,0,0,34.6,34.6,34.6
browser-use,Cambridge_Dictionary--1,C2,1,1.0,success,94,94,94,12,12,12,12,12,12,0,0,0,4,4,4,0,0,0,68.3,68.3,68.3
browser-use,Cambridge_Dictionary--1,C5,1,1.0,success,958,958,958,123,123,123,123,123,123,0,0,0,0,0,0,0,0,0,54.0,54.0,54.0
browser-use,Cambridge_Dictionary--1,C7,1,1.0,success,99,99,99,11,11,11,11,11,11,0,0,0,2,2,2,0,0,0,38.7,38.7,38.7
browser-use,Cambridge_Dictionary--1,C8,1,1.0,success,362,362,362,25,25,25,25,25,25,3,3,3,3,3,3,0,0,0,57.7,57.7,57.7
browser-use,Cambridge_Dictionary--10,C0,1,1.0,success,395,395,395,37,37,37,37,37,37,0,0,0,0,0,0,0,0,0,46.6,46.6,46.6
browser-use,Cambridge_Dictionary--10,C2,1,1.0,success,98,98,98,13,13,13,13,13,13,0,0,0,5,5,5,0,0,0,78.1,78.1,78.1
browser-use,Cambridge_Dictionary--10,C5,1,1.0,success,345,345,345,34,34,34,34,34,34,0,0,0,0,0,0,0,0,0,41.3,41.3,41.3
browser-use,Cambridge_Dictionary--10,C7,1,1.0,success,95,95,95,13,13,13,13,13,13,0,0,0,4,4,4,0,0,0,30.8,30.8,30.8
browser-use,Cambridge_Dictionary--10,C8,1,1.0,success,224,224,224,18,18,18,18,18,18,0,0,0,3,3,3,0,0,0,25.1,25.1,25.1
browser-use,Cambridge_Dictionary--11,C0,1,1.0,success,1144,1144,1144,155,155,155,155,155,155,0,0,0,0,0,0,0,0,0,37.9,37.9,37.9
browser-use,Cambridge_Dictionary--11,C2,1,1.0,success,141,141,141,15,15,15,15,15,15,0,0,0,4,4,4,0,0,0,72.7,72.7,72.7
browser-use,Cambridge_Dictionary--11,C5,1,1.0,success,569,569,569,135,135,135,135,135,135,0,0,0,0,0,0,0,0,0,23.3,23.3,23.3
browser-use,Cambridge_Dictionary--11,C7,1,1.0,success,100,100,100,13,13,13,13,13,13,0,0,0,5,5,5,0,0,0,30.8,30.8,30.8
browser-use,Cambridge_Dictionary--11,C8,1,1.0,success,443,443,443,98,98,98,98,98,98,0,0,0,34,34,34,0,0,0,20.7,20.7,20.7
browser-use,Cambridge_Dictionary--12,C0,1,1.0,success,337,337,337,78,78,78,77,77,77,0,0,0,0,0,0,0,0,0,57.5,57.5,57.5
browser-use,Cambridge_Dictionary--12,C2,1,1.0,success,50,50,50,11,11,11,10,10,10,0,0,0,5,5,5,0,0,0,38.0,38.0,38.0
browser-use,Cambridge_Dictionary--12,C5,1,1.0,success,322,322,322,76,76,76,75,75,75,0,0,0,0,0,0,0,0,0,46.0,46.0,46.0
browser-use,Cambridge_Dictionary--12,C7,1,1.0,success,169,169,169,24,24,24,23,23,23,0,0,0,0,0,0,4,4,4,30.9,30.9,30.9
browser-use,Cambridge_Dictionary--12,C8,1,1.0,success,64,64,64,20,20,20,19,19,19,0,0,0,0,0,0,2,2,2,17.7,17.7,17.7
browser-use,Cambridge_Dictionary--13,C0,1,1.0,success,303,303,303,76,76,76,75,75,75,0,0,0,0,0,0,0,0,0,47.0,47.0,47.0
browser-use,Cambridge_Dictionary--13,C2,1,1.0,success,192,192,192,71,71,71,70,70,70,0,0,0,8,8,8,0,0,0,54.3,54.3,54.3
browser-use,Cambridge_Dictionary--13,C5,1,1.0,success,319,319,319,76,76,76,75,75,75,0,0,0,0,0,0,0,0,0,44.8,44.8,44.8
browser-use,Cambridge_Dictionary--13,C7,1,1.0,success,181,181,181,21,21,21,20,20,20,0,0,0,0,0,0,10,10,10,33.0,33.0,33.0
browser-use,Cambridge_Dictionary--13,C8,1,1.0,success,117,117,117,21,21,21,20,20,20,1,1,1,0,0,0,4,4,4,38.5,38.5,38.5
browser-use,Cambridge_Dictionary--14,C0,1,1.0,success,243,243,243,74,74,74,73,73,73,0,0,0,0,0,0,0,0,0,35.4,35.4,35.4
browser-use,Cambridge_Dictionary--14,C2,1,1.0,success,190,190,190,71,71,71,70,70,70,0,0,0,8,8,8,0,0,0,29.7,29.7,29.7
browser-use,Cambridge_Dictionary--14,C5,1,1.0,success,239,239,239,73,73,73,72,72,72,0,0,0,0,0,0,0,0,0,43.3,43.3,43.3
browser-use,Cambridge_Dictionary--14,C7,1,1.0,success,103,103,103,21,21,21,20,20,20,0,0,0,0,0,0,4,4,4,12.7,12.7,12.7
browser-use,Cambridge_Dictionary--14,C8,1,1.0,success,105,105,105,21,21,21,20,20,20,0,0,0,0,0,0,4,4,4,13.9,13.9,13.9
browser-use,Cambridge_Dictionary--15,C0,1,1.0,success,693,693,693,23,23,23,23,23,23,0,0,0,0,0,0,0,0,0,47.4,47.4,47.4
browser-use,Cambridge_Dictionary--15,C2,1,1.0,success,140,140,140,14,14,14,13,13,13,0,0,0,3,3,3,0,0,0,83.2,83.2,83.2
browser-use,Cambridge_Dictionary--15,C5,1,1.0,success,582,582,582,24,24,24,24,24,24,0,0,0,0,0,0,0,0,0,39.1,39.1,39.1
browser-use,Cambridge_Dictionary--15,C7,1,1.0,success,144,144,144,14,14,14,14,14,14,0,0,0,4,4,4,0,0,0,25.4,25.4,25.4
browser-use,Cambridge_Dictionary--15,C8,1,1.0,success,461,461,461,110,110,110,110,110,110,0,0,0,30,30,30,0,0,0,22.4,22.4,22.4
browser-use,Cambridge_Dictionary--16,C0,1,1.0,success,222,222,222,73,73,73,72,72,72,0,0,0,0,0,0,0,0,0,45.2,45.2,45.2
browser-use,Cambridge_Dictionary--16,C2,1,1.0,success,197,197,197,70,70,70,69,69,69,0,0,0,8,8,8,0,0,0,42.9,42.9,42.9
browser-use,Cambridge_Dictionary--16,C5,1,1.0,success,336,336,336,78,78,78,77,77,77,0,0,0,0,0,0,0,0,0,44.7,44.7,44.7
browser-use,Cambridge_Dictionary--16,C7,1,1.0,success,39,39,39,10,10,10,9,9,9,0,0,0,6,6,6,0,0,0,71.6,71.6,71.6
browser-use,Cambridge_Dictionary--16,C8,1,1.0,success,105,105,105,21,21,21,20,20,20,0,0,0,0,0,0,4,4,4,26.9,26.9,26.9
browser-use,Cambridge_Dictionary--17,C0,1,1.0,success,325,325,325,73,73,73,72,72,72,0,0,0,0,0,0,0,0,0,51.9,51.9,51.9
browser-use,Cambridge_Dictionary--17,C2,1,1.0,success,41,41,41,11,11,11,10,10,10,0,0,0,6,6,6,0,0,0,65.0,65.0,65.0
browser-use,Cambridge_Dictionary--17,C5,1,1.0,success,753,753,753,77,77,77,76,76,76,0,0,0,0,0,0,0,0,0,32.9,32.9,32.9
browser-use,Cambridge_Dictionary--17,C7,1,1.0,success,170,170,170,23,23,23,22,22,22,0,0,0,0,0,0,4,4,4,36.9,36.9,36.9
browser-use,Cambridge_Dictionary--17,C8,1,1.0,success,66,66,66,20,20,20,19,19,19,0,0,0,0,0,0,2,2,2,12.3,12.3,12.3
browser-use,Cambridge_Dictionary--18,C0,1,1.0,success,350,350,350,76,76,76,75,75,75,0,0,0,0,0,0,0,0,0,29.2,29.2,29.2
browser-use,Cambridge_Dictionary--18,C2,1,1.0,success,192,192,192,70,70,70,69,69,69,0,0,0,7,7,7,0,0,0,41.8,41.8,41.8
browser-use,Cambridge_Dictionary--18,C5,1,1.0,success,259,259,259,52,52,52,51,51,51,0,0,0,0,0,0,0,0,0,49.9,49.9,49.9
browser-use,Cambridge_Dictionary--18,C7,1,1.0,success,125,125,125,21,21,21,20,20,20,0,0,0,0,0,0,6,6,6,22.7,22.7,22.7
browser-use,Cambridge_Dictionary--18,C8,1,1.0,success,163,163,163,34,34,34,33,33,33,0,0,0,1,1,1,7,7,7,32.9,32.9,32.9
browser-use,Cambridge_Dictionary--19,C0,1,1.0,success,316,316,316,76,76,76,75,75,75,0,0,0,0,0,0,0,0,0,37.4,37.4,37.4
browser-use,Cambridge_Dictionary--19,C2,1,1.0,success,182,182,182,69,69,69,68,68,68,0,0,0,7,7,7,0,0,0,49.7,49.7,49.7
browser-use,Cambridge_Dictionary--19,C5,1,1.0,success,285,285,285,80,80,80,79,79,79,0,0,0,0,0,0,0,0,0,42.3,42.3,42.3
browser-use,Cambridge_Dictionary--19,C7,1,1.0,success,169,169,169,26,26,26,25,25,25,0,0,0,2,2,2,4,4,4,47.7,47.7,47.7
browser-use,Cambridge_Dictionary--19,C8,1,1.0,success,113,113,113,24,24,24,23,23,23,0,0,0,2,2,2,4,4,4,40.6,40.6,40.6
browser-use,Cambridge_Dictionary--2,C0,1,1.0,success,660,660,660,54,54,54,53,53,53,0,0,0,0,0,0,0,0,0,35.7,35.7,35.7
browser-use,Cambridge_Dictionary--2,C2,1,1.0,success,97,97,97,13,13,13,12,12,12,0,0,0,5,5,5,0,0,0,33.4,33.4,33.4
browser-use,Cambridge_Dictionary--2,C5,1,1.0,success,1410,1410,1410,190,190,190,190,190,190,0,0,0,0,0,0,0,0,0,61.9,61.9,61.9
browser-use,Cambridge_Dictionary--2,C7,1,1.0,success,95,95,95,13,13,13,12,12,12,0,0,0,5,5,5,0,0,0,32.3,32.3,32.3
browser-use,Cambridge_Dictionary--2,C8,1,1.0,success,15,15,15,7,7,7,6,6,6,0,0,0,2,2,2,0,0,0,21.8,21.8,21.8
browser-use,Cambridge_Dictionary--20,C0,1,1.0,success,338,338,338,78,78,78,77,77,77,0,0,0,0,0,0,0,0,0,34.9,34.9,34.9
browser-use,Cambridge_Dictionary--20,C2,1,1.0,success,189,189,189,70,70,70,69,69,69,0,0,0,7,7,7,0,0,0,48.3,48.3,48.3
browser-use,Cambridge_Dictionary--20,C5,1,1.0,success,223,223,223,76,76,76,75,75,75,0,0,0,0,0,0,0,0,0,28.2,28.2,28.2
browser-use,Cambridge_Dictionary--20,C7,1,1.0,success,38,38,38,10,10,10,9,9,9,0,0,0,5,5,5,0,0,0,70.1,70.1,70.1
browser-use,Cambridge_Dictionary--20,C8,1,1.0,success,102,102,102,21,21,21,20,20,20,0,0,0,0,0,0,4,4,4,13.7,13.7,13.7
browser-use,Cambridge_Dictionary--21,C0,1,1.0,success,437,437,437,121,121,121,120,120,120,0,0,0,0,0,0,0,0,0,30.1,30.1,30.1
browser-use,Cambridge_Dictionary--21,C2,1,1.0,success,241,241,241,73,73,73,72,72,72,0,0,0,7,7,7,0,0,0,29.7,29.7,29.7
browser-use,Cambridge_Dictionary--21,C5,1,1.0,success,322,322,322,74,74,74,73,73,73,0,0,0,0,0,0,0,0,0,44.1,44.1,44.1
browser-use,Cambridge_Dictionary--21,C7,1,1.0,success,99,99,99,21,21,21,20,20,20,0,0,0,0,0,0,4,4,4,21.2,21.2,21.2
browser-use,Cambridge_Dictionary--21,C8,1,1.0,success,132,132,132,21,21,21,20,20,20,0,0,0,0,0,0,6,6,6,15.7,15.7,15.7
browser-use,Cambridge_Dictionary--22,C0,1,1.0,success,310,310,310,78,78,78,77,77,77,0,0,0,0,0,0,0,0,0,54.4,54.4,54.4
browser-use,Cambridge_Dictionary--22,C2,1,1.0,success,188,188,188,67,67,67,66,66,66,0,0,0,8,8,8,0,0,0,40.0,40.0,40.0
browser-use,Cambridge_Dictionary--22,C5,1,1.0,success,350,350,350,73,73,73,72,72,72,0,0,0,0,0,0,0,0,0,26.8,26.8,26.8
browser-use,Cambridge_Dictionary--22,C7,1,1.0,success,164,164,164,23,23,23,22,22,22,0,0,0,0,0,0,4,4,4,34.6,34.6,34.6
browser-use,Cambridge_Dictionary--22,C8,1,1.0,success,105,105,105,21,21,21,20,20,20,0,0,0,0,0,0,4,4,4,25.7,25.7,25.7
browser-use,Cambridge_Dictionary--23,C0,1,1.0,success,480,480,480,78,78,78,77,77,77,0,0,0,0,0,0,0,0,0,33.6,33.6,33.6
browser-use,Cambridge_Dictionary--23,C2,1,1.0,success,92,92,92,11,11,11,10,10,10,0,0,0,4,4,4,0,0,0,63.1,63.1,63.1
browser-use,Cambridge_Dictionary--23,C5,1,1.0,success,247,247,247,76,76,76,75,75,75,0,0,0,0,0,0,0,0,0,43.9,43.9,43.9
browser-use,Cambridge_Dictionary--23,C7,1,1.0,success,160,160,160,23,23,23,22,22,22,0,0,0,0,0,0,4,4,4,30.0,30.0,30.0
browser-use,Cambridge_Dictionary--23,C8,1,1.0,success,103,103,103,21,21,21,20,20,20,0,0,0,0,0,0,4,4,4,23.8,23.8,23.8
browser-use,Cambridge_Dictionary--24,C0,1,1.0,success,335,335,335,75,75,75,74,74,74,0,0,0,0,0,0,0,0,0,59.4,59.4,59.4
browser-use,Cambridge_Dictionary--24,C2,1,1.0,success,178,178,178,67,67,67,66,66,66,0,0,0,7,7,7,0,0,0,38.1,38.1,38.1
browser-use,Cambridge_Dictionary--24,C5,1,1.0,success,491,491,491,94,94,94,93,93,93,0,0,0,0,0,0,0,0,0,35.8,35.8,35.8
browser-use,Cambridge_Dictionary--24,C7,1,1.0,success,105,105,105,22,22,22,21,21,21,0,0,0,0,0,0,4,4,4,12.0,12.0,12.0
browser-use,Cambridge_Dictionary--24,C8,1,1.0,success,67,67,67,21,21,21,20,20,20,0,0,0,0,0,0,2,2,2,15.4,15.4,15.4
browser-use,Cambridge_Dictionary--25,C0,1,1.0,success,811,811,811,82,82,82,81,81,81,0,0,0,0,0,0,0,0,0,38.0,38.0,38.0
browser-use,Cambridge_Dictionary--25,C2,1,1.0,success,190,190,190,69,69,69,68,68,68,0,0,0,8,8,8,0,0,0,45.0,45.0,45.0
browser-use,Cambridge_Dictionary--25,C5,1,1.0,success,387,387,387,76,76,76,75,75,75,0,0,0,0,0,0,0,0,0,57.3,57.3,57.3
browser-use,Cambridge_Dictionary--25,C7,1,1.0,success,101,101,101,21,21,21,20,20,20,0,0,0,0,0,0,4,4,4,22.9,22.9,22.9
browser-use,Cambridge_Dictionary--25,C8,1,1.0,success,102,102,102,21,21,21,20,20,20,0,0,0,0,0,0,4,4,4,13.3,13.3,13.3
browser-use,Cambridge_Dictionary--26,C0,1,1.0,success,417,417,417,123,123,123,122,122,122,0,0,0,0,0,0,0,0,0,35.3,35.3,35.3
browser-use,Cambridge_Dictionary--26,C2,1,1.0,success,260,260,260,77,77,77,76,76,76,0,0,0,13,13,13,0,0,0,32.7,32.7,32.7
browser-use,Cambridge_Dictionary--26,C5,1,1.0,success,349,349,349,102,102,102,101,101,101,0,0,0,0,0,0,0,0,0,48.5,48.5,48.5
browser-use,Cambridge_Dictionary--26,C7,1,1.0,success,39,39,39,11,11,11,10,10,10,0,0,0,6,6,6,0,0,0,30.3,30.3,30.3
browser-use,Cambridge_Dictionary--26,C8,1,1.0,success,126,126,126,21,21,21,20,20,20,0,0,0,0,0,0,6,6,6,24.0,24.0,24.0
browser-use,Cambridge_Dictionary--27,C0,1,1.0,success,298,298,298,76,76,76,75,75,75,0,0,0,0,0,0,0,0,0,43.7,43.7,43.7
browser-use,Cambridge_Dictionary--27,C2,1,1.0,success,259,259,259,72,72,72,71,71,71,0,0,0,9,9,9,0,0,0,53.5,53.5,53.5
browser-use,Cambridge_Dictionary--27,C5,1,1.0,success,483,483,483,80,80,80,79,79,79,0,0,0,0,0,0,0,0,0,34.5,34.5,34.5
browser-use,Cambridge_Dictionary--27,C7,1,1.0,success,102,102,102,21,21,21,20,20,20,0,0,0,0,0,0,4,4,4,19.5,19.5,19.5
browser-use,Cambridge_Dictionary--27,C8,1,1.0,success,107,107,107,21,21,21,20,20,20,0,0,0,0,0,0,4,4,4,31.2,31.2,31.2
browser-use,Cambridge_Dictionary--28,C0,1,1.0,success,170,170,170,79,79,79,78,78,78,0,0,0,0,0,0,0,0,0,17.8,17.8,17.8
browser-use,Cambridge_Dictionary--28,C2,1,1.0,success,243,243,243,73,73,73,72,72,72,0,0,0,9,9,9,0,0,0,28.7,28.7,28.7
browser-use,Cambridge_Dictionary--28,C5,1,1.0,success,364,364,364,76,76,76,75,75,75,0,0,0,0,0,0,0,0,0,27.9,27.9,27.9
browser-use,Cambridge_Dictionary--28,C7,1,1.0,success,181,181,181,23,23,23,22,22,22,0,0,0,0,0,0,6,6,6,18.9,18.9,18.9
browser-use,Cambridge_Dictionary--28,C8,1,1.0,success,131,131,131,21,21,21,20,20,20,0,0,0,0,0,0,6,6,6,21.1,21.1,21.1
browser-use,Cambridge_Dictionary--29,C0,1,1.0,success,337,337,337,78,78,78,77,77,77,0,0,0,0,0,0,0,0,0,60.0,60.0,60.0
browser-use,Cambridge_Dictionary--29,C2,1,1.0,success,191,191,191,71,71,71,70,70,70,0,0,0,8,8,8,0,0,0,34.2,34.2,34.2
browser-use,Cambridge_Dictionary--29,C5,1,1.0,success,245,245,245,75,75,75,74,74,74,0,0,0,0,0,0,0,0,0,38.7,38.7,38.7
browser-use,Cambridge_Dictionary--29,C7,1,1.0,success,212,212,212,22,22,22,21,21,21,0,0,0,0,0,0,8,8,8,31.1,31.1,31.1
browser-use,Cambridge_Dictionary--29,C8,1,1.0,success,222,222,222,22,22,22,21,21,21,0,0,0,0,0,0,8,8,8,37.1,37.1,37.1
browser-use,Cambridge_Dictionary--3,C0,1,1.0,success,1161,1161,1161,162,162,162,162,162,162,0,0,0,0,0,0,0,0,0,40.8,40.8,40.8
browser-use,Cambridge_Dictionary--3,C2,1,1.0,success,100,100,100,14,14,14,14,14,14,0,0,0,5,5,5,0,0,0,30.8,30.8,30.8
browser-use,Cambridge_Dictionary--3,C5,1,1.0,success,244,244,244,33,33,33,33,33,33,0,0,0,0,0,0,0,0,0,27.6,27.6,27.6
browser-use,Cambridge_Dictionary--3,C7,1,1.0,success,106,106,106,12,12,12,12,12,12,0,0,0,4,4,4,0,0,0,71.8,71.8,71.8
browser-use,Cambridge_Dictionary--3,C8,1,1.0,success,272,272,272,32,32,32,32,32,32,0,0,0,0,0,0,0,0,0,21.1,21.1,21.1
browser-use,Cambridge_Dictionary--30,C0,1,1.0,success,330,330,330,77,77,77,76,76,76,0,0,0,0,0,0,0,0,0,37.9,37.9,37.9
browser-use,Cambridge_Dictionary--30,C2,1,1.0,success,102,102,102,11,11,11,10,10,10,0,0,0,4,4,4,0,0,0,72.5,72.5,72.5
browser-use,Cambridge_Dictionary--30,C5,1,1.0,success,302,302,302,81,81,81,80,80,80,0,0,0,0,0,0,0,0,0,44.4,44.4,44.4
browser-use,Cambridge_Dictionary--30,C7,1,1.0,success,210,210,210,23,23,23,22,22,22,0,0,0,0,0,0,8,8,8,57.0,57.0,57.0
browser-use,Cambridge_Dictionary--30,C8,1,1.0,success,163,163,163,21,21,21,20,20,20,0,0,0,0,0,0,8,8,8,48.9,48.9,48.9
browser-use,Cambridge_Dictionary--31,C0,1,1.0,success,279,279,279,80,80,80,79,79,79,0,0,0,0,0,0,0,0,0,51.6,51.6,51.6
browser-use,Cambridge_Dictionary--31,C2,1,1.0,success,258,258,258,72,72,72,71,71,71,0,0,0,9,9,9,0,0,0,63.6,63.6,63.6
browser-use,Cambridge_Dictionary--31,C5,1,1.0,success,327,327,327,65,65,65,64,64,64,0,0,0,0,0,0,0,0,0,51.2,51.2,51.2
browser-use,Cambridge_Dictionary--31,C7,1,1.0,success,38,38,38,10,10,10,9,9,9,0,0,0,5,5,5,0,0,0,28.3,28.3,28.3
browser-use,Cambridge_Dictionary--31,C8,1,1.0,success,164,164,164,21,21,21,20,20,20,0,0,0,0,0,0,8,8,8,29.4,29.4,29.4
browser-use,Cambridge_Dictionary--32,C0,1,1.0,success,476,476,476,77,77,77,76,76,76,0,0,0,0,0,0,0,0,0,37.4,37.4,37.4
browser-use,Cambridge_Dictionary--32,C2,1,1.0,success,40,40,40,10,10,10,9,9,9,0,0,0,6,6,6,0,0,0,27.2,27.2,27.2
browser-use,Cambridge_Dictionary--32,C5,1,1.0,success,315,315,315,79,79,79,78,78,78,0,0,0,0,0,0,0,0,0,42.1,42.1,42.1
browser-use,Cambridge_Dictionary--32,C7,1,1.0,success,36,36,36,10,10,10,9,9,9,0,0,0,4,4,4,0,0,0,34.4,34.4,34.4
browser-use,Cambridge_Dictionary--32,C8,1,1.0,success,161,161,161,23,23,23,22,22,22,0,0,0,1,1,1,8,8,8,31.6,31.6,31.6
browser-use,Cambridge_Dictionary--33,C0,1,1.0,success,320,320,320,79,79,79,78,78,78,0,0,0,0,0,0,0,0,0,58.2,58.2,58.2
browser-use,Cambridge_Dictionary--33,C2,1,1.0,success,105,105,105,11,11,11,10,10,10,0,0,0,4,4,4,0,0,0,70.4,70.4,70.4
browser-use,Cambridge_Dictionary--33,C5,1,1.0,success,285,285,285,78,78,78,77,77,77,0,0,0,0,0,0,0,0,0,49.2,49.2,49.2
browser-use,Cambridge_Dictionary--33,C7,1,1.0,success,98,98,98,11,11,11,10,10,10,0,0,0,5,5,5,0,0,0,67.1,67.1,67.1
browser-use,Cambridge_Dictionary--33,C8,1,1.0,success,128,128,128,21,21,21,20,20,20,0,0,0,0,0,0,6,6,6,29.4,29.4,29.4
browser-use,Cambridge_Dictionary--34,C0,1,1.0,success,312,312,312,76,76,76,75,75,75,0,0,0,0,0,0,0,0,0,27.3,27.3,27.3
browser-use,Cambridge_Dictionary--34,C2,1,1.0,success,194,194,194,71,71,71,70,70,70,0,0,0,9,9,9,0,0,0,26.4,26.4,26.4
browser-use,Cambridge_Dictionary--34,C5,1,1.0,success,285,285,285,78,78,78,77,77,77,0,0,0,0,0,0,0,0,0,54.0,54.0,54.0
browser-use,Cambridge_Dictionary--34,C7,1,1.0,success,200,200,200,21,21,21,20,20,20,0,0,0,0,0,0,12,12,12,36.9,36.9,36.9
browser-use,Cambridge_Dictionary--34,C8,1,1.0,success,169,169,169,23,23,23,22,22,22,0,0,0,1,1,1,8,8,8,39.6,39.6,39.6
browser-use,Cambridge_Dictionary--35,C0,1,1.0,success,281,281,281,68,68,68,67,67,67,0,0,0,0,0,0,0,0,0,64.2,64.2,64.2
browser-use,Cambridge_Dictionary--35,C2,1,1.0,success,179,179,179,62,62,62,61,61,61,0,0,0,11,11,11,0,0,0,25.5,25.5,25.5
browser-use,Cambridge_Dictionary--35,C5,1,1.0,success,297,297,297,76,76,76,75,75,75,0,0,0,0,0,0,0,0,0,46.8,46.8,46.8
browser-use,Cambridge_Dictionary--35,C7,1,1.0,success,43,43,43,9,9,9,8,8,8,0,0,0,4,4,4,0,0,0,43.4,43.4,43.4
browser-use,Cambridge_Dictionary--35,C8,1,1.0,success,131,131,131,21,21,21,20,20,20,0,0,0,0,0,0,6,6,6,40.4,40.4,40.4
browser-use,Cambridge_Dictionary--36,C0,1,1.0,success,607,607,607,81,81,81,80,80,80,0,0,0,0,0,0,0,0,0,44.1,44.1,44.1
browser-use,Cambridge_Dictionary--36,C2,1,1.0,success,194,194,194,71,71,71,70,70,70,0,0,0,8,8,8,0,0,0,47.8,47.8,47.8
browser-use,Cambridge_Dictionary--36,C5,1,1.0,success,728,728,728,67,67,67,66,66,66,0,0,0,0,0,0,0,0,0,55.4,55.4,55.4
browser-use,Cambridge_Dictionary--36,C7,1,1.0,success,131,131,131,21,21,21,20,20,20,0,0,0,0,0,0,6,6,6,37.3,37.3,37.3
browser-use,Cambridge_Dictionary--36,C8,1,1.0,success,136,136,136,21,21,21,20,20,20,0,0,0,0,0,0,6,6,6,39.4,39.4,39.4
browser-use,Cambridge_Dictionary--37,C0,1,1.0,success,291,291,291,73,73,73,72,72,72,0,0,0,0,0,0,0,0,0,53.3,53.3,53.3
browser-use,Cambridge_Dictionary--37,C2,1,1.0,success,157,157,157,59,59,59,58,58,58,0,0,0,8,8,8,0,0,0,29.8,29.8,29.8
browser-use,Cambridge_Dictionary--37,C5,1,1.0,success,727,727,727,82,82,82,81,81,81,0,0,0,0,0,0,0,0,0,63.4,63.4,63.4
browser-use,Cambridge_Dictionary--37,C7,1,1.0,success,251,251,251,25,25,25,24,24,24,0,0,0,1,1,1,10,10,10,50.3,50.3,50.3
browser-use,Cambridge_Dictionary--37,C8,1,1.0,success,138,138,138,22,22,22,21,21,21,0,0,0,0,0,0,6,6,6,32.7,32.7,32.7
browser-use,Cambridge_Dictionary--38,C0,1,1.0,success,280,280,280,76,76,76,75,75,75,0,0,0,0,0,0,0,0,0,44.2,44.2,44.2
browser-use,Cambridge_Dictionary--38,C2,1,1.0,success,49,49,49,10,10,10,9,9,9,0,0,0,5,5,5,0,0,0,35.8,35.8,35.8
browser-use,Cambridge_Dictionary--38,C5,1,1.0,success,299,299,299,76,76,76,75,75,75,0,0,0,0,0,0,0,0,0,40.2,40.2,40.2
browser-use,Cambridge_Dictionary--38,C7,1,1.0,success,173,173,173,23,23,23,22,22,22,0,0,0,0,0,0,8,8,8,30.3,30.3,30.3
browser-use,Cambridge_Dictionary--38,C8,1,1.0,success,177,177,177,22,22,22,21,21,21,0,0,0,0,0,0,8,8,8,34.5,34.5,34.5
browser-use,Cambridge_Dictionary--39,C0,1,1.0,success,858,858,858,70,70,70,70,70,70,0,0,0,0,0,0,0,0,0,44.1,44.1,44.1
browser-use,Cambridge_Dictionary--39,C2,1,1.0,success,105,105,105,12,12,12,12,12,12,0,0,0,2,2,2,0,0,0,34.7,34.7,34.7
browser-use,Cambridge_Dictionary--39,C5,1,1.0,success,716,716,716,50,50,50,50,50,50,0,0,0,0,0,0,0,0,0,61.5,61.5,61.5
browser-use,Cambridge_Dictionary--39,C7,1,1.0,success,147,147,147,15,15,15,15,15,15,0,0,0,4,4,4,0,0,0,25.8,25.8,25.8
browser-use,Cambridge_Dictionary--39,C8,1,0.0,,0,0,0,0,0,0,0,0,0,0,0,0,0,0,0,0,0,0,,,
browser-use,Cambridge_Dictionary--4,C0,1,1.0,success,222,222,222,73,73,73,72,72,72,0,0,0,0,0,0,0,0,0,46.9,46.9,46.9
browser-use,Cambridge_Dictionary--4,C2,1,1.0,success,92,92,92,11,11,11,10,10,10,0,0,0,4,4,4,0,0,0,30.2,30.2,30.2
browser-use,Cambridge_Dictionary--4,C5,1,1.0,success,791,791,791,81,81,81,80,80,80,0,0,0,0,0,0,0,0,0,35.7,35.7,35.7
browser-use,Cambridge_Dictionary--4,C7,1,1.0,success,165,165,165,23,23,23,22,22,22,0,0,0,0,0,0,4,4,4,35.9,35.9,35.9
browser-use,Cambridge_Dictionary--4,C8,1,1.0,success,65,65,65,20,20,20,19,19,19,0,0,0,0,0,0,2,2,2,16.5,16.5,16.5
browser-use,Cambridge_Dictionary--40,C0,1,1.0,success,704,704,704,29,29,29,28,28,28,0,0,0,0,0,0,0,0,0,40.7,40.7,40.7
browser-use,Cambridge_Dictionary--40,C2,1,1.0,success,312,312,312,91,91,91,91,91,91,0,0,0,22,22,22,0,0,0,43.3,43.3,43.3
browser-use,Cambridge_Dictionary--40,C5,1,1.0,success,814,814,814,166,166,166,166,166,166,0,0,0,0,0,0,0,0,0,37.7,37.7,37.7
browser-use,Cambridge_Dictionary--40,C7,1,1.0,success,97,97,97,13,13,13,12,12,12,0,0,0,5,5,5,0,0,0,46.4,46.4,46.4
browser-use,Cambridge_Dictionary--40,C8,1,1.0,success,104,104,104,21,21,21,20,20,20,0,0,0,0,0,0,4,4,4,24.2,24.2,24.2
browser-use,Cambridge_Dictionary--41,C0,1,1.0,success,933,933,933,140,140,140,139,139,139,0,0,0,0,0,0,0,0,0,59.4,59.4,59.4
browser-use,Cambridge_Dictionary--41,C2,1,1.0,success,93,93,93,11,11,11,10,10,10,0,0,0,4,4,4,0,0,0,30.2,30.2,30.2
browser-use,Cambridge_Dictionary--41,C5,1,1.0,success,848,848,848,41,41,41,40,40,40,0,0,0,0,0,0,0,0,0,36.4,36.4,36.4
browser-use,Cambridge_Dictionary--41,C7,1,1.0,success,92,92,92,11,11,11,10,10,10,0,0,0,4,4,4,0,0,0,57.4,57.4,57.4
browser-use,Cambridge_Dictionary--41,C8,1,1.0,success,71,71,71,21,21,21,20,20,20,0,0,0,0,0,0,2,2,2,28.6,28.6,28.6
browser-use,Cambridge_Dictionary--42,C0,1,1.0,success,356,356,356,108,108,108,107,107,107,0,0,0,0,0,0,0,0,0,43.9,43.9,43.9
browser-use,Cambridge_Dictionary--42,C2,1,1.0,success,200,200,200,75,75,75,74,74,74,0,0,0,14,14,14,0,0,0,36.5,36.5,36.5
browser-use,Cambridge_Dictionary--42,C5,1,1.0,success,314,314,314,109,109,109,108,108,108,0,0,0,0,0,0,0,0,0,38.9,38.9,38.9
browser-use,Cambridge_Dictionary--42,C7,1,1.0,success,110,110,110,21,21,21,20,20,20,0,0,0,0,0,0,4,4,4,27.9,27.9,27.9
browser-use,Cambridge_Dictionary--42,C8,1,1.0,success,109,109,109,21,21,21,20,20,20,0,0,0,0,0,0,4,4,4,23.9,23.9,23.9
browser-use,Cambridge_Dictionary--5,C0,1,1.0,success,873,873,873,179,179,179,179,179,179,0,0,0,0,0,0,0,0,0,53.8,53.8,53.8
browser-use,Cambridge_Dictionary--5,C2,1,1.0,success,40,40,40,12,12,12,12,12,12,0,0,0,5,5,5,0,0,0,70.2,70.2,70.2
browser-use,Cambridge_Dictionary--5,C5,1,1.0,success,964,964,964,143,143,143,143,143,143,0,0,0,0,0,0,0,0,0,63.1,63.1,63.1
browser-use,Cambridge_Dictionary--5,C7,1,1.0,success,98,98,98,14,14,14,13,13,13,0,0,0,5,5,5,0,0,0,31.9,31.9,31.9
browser-use,Cambridge_Dictionary--5,C8,1,1.0,success,93,93,93,11,11,11,10,10,10,3,3,3,1,1,1,0,0,0,44.7,44.7,44.7
browser-use,Cambridge_Dictionary--6,C0,1,1.0,success,270,270,270,76,76,76,75,75,75,0,0,0,0,0,0,0,0,0,48.4,48.4,48.4
browser-use,Cambridge_Dictionary--6,C2,1,1.0,success,39,39,39,10,10,10,9,9,9,0,0,0,6,6,6,0,0,0,77.4,77.4,77.4
browser-use,Cambridge_Dictionary--6,C5,1,1.0,success,302,302,302,76,76,76,75,75,75,0,0,0,0,0,0,0,0,0,30.9,30.9,30.9
browser-use,Cambridge_Dictionary--6,C7,1,1.0,success,111,111,111,21,21,21,20,20,20,0,0,0,0,0,0,4,4,4,25.9,25.9,25.9
browser-use,Cambridge_Dictionary--6,C8,1,1.0,success,136,136,136,21,21,21,20,20,20,0,0,0,0,0,0,6,6,6,29.1,29.1,29.1
browser-use,Cambridge_Dictionary--7,C0,1,1.0,success,677,677,677,82,82,82,81,81,81,0,0,0,0,0,0,0,0,0,54.8,54.8,54.8
browser-use,Cambridge_Dictionary--7,C2,1,1.0,success,95,95,95,11,11,11,10,10,10,0,0,0,4,4,4,0,0,0,29.7,29.7,29.7
browser-use,Cambridge_Dictionary--7,C5,1,1.0,success,362,362,362,112,112,112,111,111,111,0,0,0,0,0,0,0,0,0,36.6,36.6,36.6
browser-use,Cambridge_Dictionary--7,C7,1,1.0,success,164,164,164,23,23,23,22,22,22,0,0,0,0,0,0,4,4,4,35.9,35.9,35.9
browser-use,Cambridge_Dictionary--7,C8,1,1.0,success,107,107,107,21,21,21,20,20,20,0,0,0,0,0,0,4,4,4,22.1,22.1,22.1
browser-use,Cambridge_Dictionary--8,C0,1,1.0,success,371,371,371,78,78,78,77,77,77,0,0,0,0,0,0,0,0,0,62.7,62.7,62.7
browser-use,Cambridge_Dictionary--8,C2,1,1.0,success,186,186,186,68,68,68,67,67,67,0,0,0,8,8,8,0,0,0,30.2,30.2,30.2
browser-use,Cambridge_Dictionary--8,C5,1,1.0,success,359,359,359,76,76,76,75,75,75,0,0,0,0,0,0,0,0,0,25.4,25.4,25.4
browser-use,Cambridge_Dictionary--8,C7,1,1.0,success,132,132,132,22,22,22,21,21,21,0,0,0,0,0,0,6,6,6,23.7,23.7,23.7
browser-use,Cambridge_Dictionary--8,C8,1,1.0,success,132,132,132,21,21,21,20,20,20,0,0,0,0,0,0,6,6,6,27.0,27.0,27.0
browser-use,Cambridge_Dictionary--9,C0,1,1.0,success,313,313,313,78,78,78,77,77,77,0,0,0,0,0,0,0,0,0,52.3,52.3,52.3
browser-use,Cambridge_Dictionary--9,C2,1,1.0,success,261,261,261,77,77,77,76,76,76,0,0,0,14,14,14,0,0,0,31.7,31.7,31.7
browser-use,Cambridge_Dictionary--9,C5,1,1.0,success,288,288,288,84,84,84,83,83,83,0,0,0,0,0,0,0,0,0,45.7,45.7,45.7
browser-use,Cambridge_Dictionary--9,C7,1,1.0,success,106,106,106,21,21,21,20,20,20,0,0,0,0,0,0,4,4,4,26.6,26.6,26.6
browser-use,Cambridge_Dictionary--9,C8,1,1.0,success,110,110,110,21,21,21,20,20,20,0,0,0,0,0,0,4,4,4,28.1,28.1,28.1
browser-use,Coursera--0,C0,1,1.0,success,423,423,423,15,15,15,14,14,14,0,0,0,0,0,0,0,0,0,54.7,54.7,54.7
browser-use,Coursera--0,C2,1,1.0,success,101,101,101,11,11,11,10,10,10,0,0,0,3,3,3,0,0,0,68.7,68.7,68.7
browser-use,Coursera--0,C5,1,1.0,success,1018,1018,1018,21,21,21,20,20,20,0,0,0,0,0,0,0,0,0,64.4,64.4,64.4
browser-use,Coursera--0,C7,1,1.0,success,38,38,38,11,11,11,10,10,10,0,0,0,5,5,5,0,0,0,69.2,69.2,69.2
browser-use,Coursera--0,C8,1,1.0,success,74,74,74,10,10,10,9,9,9,1,1,1,1,1,1,0,0,0,39.9,39.9,39.9
browser-use,Coursera--1,C0,1,1.0,success,515,515,515,11,11,11,10,10,10,0,0,0,0,0,0,0,0,0,42.4,42.4,42.4
browser-use,Coursera--1,C2,1,1.0,success,466,466,466,11,11,11,10,10,10,0,0,0,0,0,0,0,0,0,19.7,19.7,19.7
browser-use,Coursera--1,C5,1,1.0,success,520,520,520,11,11,11,10,10,10,0,0,0,0,0,0,0,0,0,44.0,44.0,44.0
browser-use,Coursera--1,C7,1,1.0,success,345,345,345,11,11,11,10,10,10,0,0,0,0,0,0,0,0,0,39.2,39.2,39.2
browser-use,Coursera--1,C8,1,1.0,success,341,341,341,11,11,11,10,10,10,0,0,0,0,0,0,0,0,0,45.2,45.2,45.2
browser-use,Coursera--10,C0,1,1.0,success,474,474,474,11,11,11,10,10,10,0,0,0,0,0,0,0,0,0,38.6,38.6,38.6
browser-use,Coursera--10,C2,1,1.0,success,464,464,464,11,11,11,10,10,10,0,0,0,0,0,0,0,0,0,43.4,43.4,43.4
browser-use,Coursera--10,C5,1,1.0,success,525,525,525,11,11,11,10,10,10,0,0,0,0,0,0,0,0,0,46.0,46.0,46.0
browser-use,Coursera--10,C7,1,1.0,success,473,473,473,10,10,10,9,9,9,0,0,0,0,0,0,0,0,0,35.6,35.6,35.6
browser-use,Coursera--10,C8,1,1.0,success,473,473,473,11,11,11,10,10,10,0,0,0,0,0,0,0,0,0,32.3,32.3,32.3
browser-use,Coursera--11,C0,1,1.0,success,437,437,437,11,11,11,10,10,10,0,0,0,0,0,0,0,0,0,37.3,37.3,37.3
browser-use,Coursera--11,C2,1,1.0,success,429,429,429,11,11,11,10,10,10,0,0,0,0,0,0,0,0,0,34.9,34.9,34.9
browser-use,Coursera--11,C5,1,1.0,success,443,443,443,11,11,11,10,10,10,0,0,0,0,0,0,0,0,0,41.6,41.6,41.6
browser-use,Coursera--11,C7,1,1.0,success,436,436,436,11,11,11,10,10,10,0,0,0,0,0,0,0,0,0,37.8,37.8,37.8
browser-use,Coursera--11,C8,1,1.0,success,433,433,433,11,11,11,10,10,10,0,0,0,0,0,0,0,0,0,26.5,26.5,26.5
browser-use,Coursera--12,C0,1,1.0,success,480,480,480,11,11,11,10,10,10,0,0,0,0,0,0,0,0,0,31.6,31.6,31.6
browser-use,Coursera--12,C2,1,1.0,success,480,480,480,11,11,11,10,10,10,0,0,0,0,0,0,0,0,0,25.0,25.0,25.0
browser-use,Coursera--12,C5,1,1.0,success,476,476,476,11,11,11,10,10,10,0,0,0,0,0,0,0,0,0,24.7,24.7,24.7
browser-use,Coursera--12,C7,1,1.0,success,637,637,637,11,11,11,10,10,10,0,0,0,0,0,0,0,0,0,36.9,36.9,36.9
browser-use,Coursera--12,C8,1,1.0,success,480,480,480,11,11,11,10,10,10,0,0,0,0,0,0,0,0,0,32.8,32.8,32.8
browser-use,Coursera--13,C0,1,1.0,success,498,498,498,13,13,13,12,12,12,0,0,0,0,0,0,0,0,0,33.7,33.7,33.7
browser-use,Coursera--13,C2,1,1.0,success,439,439,439,11,11,11,10,10,10,0,0,0,0,0,0,0,0,0,32.9,32.9,32.9
browser-use,Coursera--13,C5,1,1.0,success,497,497,497,13,13,13,12,12,12,0,0,0,0,0,0,0,0,0,35.9,35.9,35.9
browser-use,Coursera--13,C7,1,1.0,success,438,438,438,11,11,11,10,10,10,0,0,0,0,0,0,0,0,0,29.4,29.4,29.4
browser-use,Coursera--13,C8,1,1.0,success,443,443,443,11,11,11,10,10,10,0,0,0,0,0,0,0,0,0,38.6,38.6,38.6
browser-use,Coursera--14,C0,1,1.0,success,453,453,453,12,12,12,11,11,11,0,0,0,0,0,0,0,0,0,32.0,32.0,32.0
browser-use,Coursera--14,C2,1,1.0,success,483,483,483,11,11,11,10,10,10,0,0,0,0,0,0,0,0,0,44.7,44.7,44.7
browser-use,Coursera--14,C5,1,1.0,success,496,496,496,11,11,11,10,10,10,0,0,0,0,0,0,0,0,0,32.5,32.5,32.5
browser-use,Coursera--14,C7,1,1.0,success,489,489,489,11,11,11,10,10,10,0,0,0,0,0,0,0,0,0,43.8,43.8,43.8
browser-use,Coursera--14,C8,1,1.0,success,532,532,532,11,11,11,10,10,10,0,0,0,0,0,0,0,0,0,46.6,46.6,46.6
browser-use,Coursera--15,C0,1,1.0,success,492,492,492,11,11,11,10,10,10,0,0,0,0,0,0,0,0,0,45.0,45.0,45.0
browser-use,Coursera--15,C2,1,1.0,success,35,35,35,11,11,11,10,10,10,0,0,0,3,3,3,0,0,0,29.8,29.8,29.8
browser-use,Coursera--15,C5,1,1.0,success,482,482,482,11,11,11,10,10,10,0,0,0,0,0,0,0,0,0,44.7,44.7,44.7
browser-use,Coursera--15,C7,1,1.0,success,47,47,47,10,10,10,9,9,9,0,0,0,5,5,5,0,0,0,77.4,77.4,77.4
browser-use,Coursera--15,C8,1,1.0,success,486,486,486,11,11,11,10,10,10,0,0,0,0,0,0,0,0,0,33.5,33.5,33.5
browser-use,Coursera--16,C0,1,1.0,success,526,526,526,11,11,11,10,10,10,0,0,0,0,0,0,0,0,0,26.8,26.8,26.8
browser-use,Coursera--16,C2,1,1.0,success,39,39,39,10,10,10,9,9,9,0,0,0,5,5,5,0,0,0,68.5,68.5,68.5
browser-use,Coursera--16,C5,1,1.0,success,528,528,528,11,11,11,10,10,10,0,0,0,0,0,0,0,0,0,28.2,28.2,28.2
browser-use,Coursera--16,C7,1,1.0,success,533,533,533,11,11,11,10,10,10,0,0,0,0,0,0,0,0,0,36.0,36.0,36.0
browser-use,Coursera--16,C8,1,1.0,success,174,174,174,10,10,10,9,9,9,0,0,0,0,0,0,0,0,0,21.3,21.3,21.3
browser-use,Coursera--17,C0,1,1.0,success,405,405,405,12,12,12,11,11,11,0,0,0,0,0,0,0,0,0,47.9,47.9,47.9
browser-use,Coursera--17,C2,1,1.0,success,414,414,414,12,12,12,11,11,11,0,0,0,0,0,0,0,0,0,43.2,43.2,43.2
browser-use,Coursera--17,C5,1,1.0,success,352,352,352,12,12,12,11,11,11,0,0,0,0,0,0,0,0,0,39.0,39.0,39.0
browser-use,Coursera--17,C7,1,1.0,success,370,370,370,12,12,12,11,11,11,0,0,0,0,0,0,0,0,0,37.3,37.3,37.3
browser-use,Coursera--17,C8,1,1.0,success,368,368,368,12,12,12,11,11,11,0,0,0,0,0,0,0,0,0,42.8,42.8,42.8
browser-use,Coursera--18,C0,1,1.0,success,519,519,519,11,11,11,10,10,10,0,0,0,0,0,0,0,0,0,35.9,35.9,35.9
browser-use,Coursera--18,C2,1,1.0,success,48,48,48,10,10,10,9,9,9,0,0,0,5,5,5,0,0,0,36.8,36.8,36.8
browser-use,Coursera--18,C5,1,1.0,success,509,509,509,11,11,11,10,10,10,0,0,0,0,0,0,0,0,0,36.1,36.1,36.1
browser-use,Coursera--18,C7,1,1.0,success,493,493,493,11,11,11,10,10,10,0,0,0,0,0,0,0,0,0,42.7,42.7,42.7
browser-use,Coursera--18,C8,1,1.0,success,327,327,327,11,11,11,10,10,10,0,0,0,0,0,0,0,0,0,37.4,37.4,37.4
browser-use,Coursera--19,C0,1,1.0,success,472,472,472,11,11,11,10,10,10,0,0,0,0,0,0,0,0,0,32.7,32.7,32.7
browser-use,Coursera--19,C2,1,1.0,success,462,462,462,11,11,11,10,10,10,0,0,0,0,0,0,0,0,0,19.3,19.3,19.3
browser-use,Coursera--19,C5,1,1.0,success,459,459,459,11,11,11,10,10,10,0,0,0,0,0,0,0,0,0,29.7,29.7,29.7
browser-use,Coursera--19,C7,1,1.0,success,102,102,102,11,11,11,10,10,10,0,0,0,4,4,4,0,0,0,61.1,61.1,61.1
browser-use,Coursera--19,C8,1,1.0,success,473,473,473,11,11,11,10,10,10,0,0,0,0,0,0,0,0,0,31.2,31.2,31.2
browser-use,Coursera--2,C0,1,1.0,success,487,487,487,11,11,11,10,10,10,0,0,0,0,0,0,0,0,0,34.3,34.3,34.3
browser-use,Coursera--2,C2,1,1.0,success,50,50,50,10,10,10,9,9,9,0,0,0,5,5,5,0,0,0,77.5,77.5,77.5
browser-use,Coursera--2,C5,1,1.0,success,427,427,427,11,11,11,10,10,10,0,0,0,0,0,0,0,0,0,23.4,23.4,23.4
browser-use,Coursera--2,C7,1,1.0,success,146,146,146,15,15,15,14,14,14,0,0,0,4,4,4,0,0,0,70.4,70.4,70.4
browser-use,Coursera--2,C8,1,1.0,success,449,449,449,11,11,11,10,10,10,0,0,0,0,0,0,0,0,0,34.7,34.7,34.7
browser-use,Coursera--20,C0,1,1.0,success,398,398,398,11,11,11,10,10,10,0,0,0,0,0,0,0,0,0,45.1,45.1,45.1
browser-use,Coursera--20,C2,1,1.0,success,411,411,411,11,11,11,10,10,10,0,0,0,0,0,0,0,0,0,42.8,42.8,42.8
browser-use,Coursera--20,C5,1,1.0,success,361,361,361,11,11,11,10,10,10,0,0,0,0,0,0,0,0,0,38.2,38.2,38.2
browser-use,Coursera--20,C7,1,1.0,success,38,38,38,10,10,10,9,9,9,0,0,0,5,5,5,0,0,0,30.7,30.7,30.7
browser-use,Coursera--20,C8,1,1.0,success,411,411,411,11,11,11,10,10,10,0,0,0,0,0,0,0,0,0,40.4,40.4,40.4
browser-use,Coursera--21,C0,1,1.0,success,461,461,461,11,11,11,10,10,10,0,0,0,0,0,0,0,0,0,26.1,26.1,26.1
browser-use,Coursera--21,C2,1,1.0,success,470,470,470,11,11,11,10,10,10,0,0,0,0,0,0,0,0,0,25.1,25.1,25.1
browser-use,Coursera--21,C5,1,1.0,success,513,513,513,11,11,11,10,10,10,0,0,0,0,0,0,0,0,0,37.4,37.4,37.4
browser-use,Coursera--21,C7,1,1.0,success,507,507,507,10,10,10,9,9,9,0,0,0,0,0,0,0,0,0,32.6,32.6,32.6
browser-use,Coursera--21,C8,1,1.0,success,517,517,517,11,11,11,10,10,10,0,0,0,0,0,0,0,0,0,43.4,43.4,43.4
browser-use,Coursera--22,C0,1,1.0,success,460,460,460,13,13,13,12,12,12,0,0,0,0,0,0,0,0,0,38.0,38.0,38.0
browser-use,Coursera--22,C2,1,1.0,success,49,49,49,11,11,11,10,10,10,0,0,0,5,5,5,0,0,0,36.4,36.4,36.4
browser-use,Coursera--22,C5,1,1.0,success,448,448,448,11,11,11,10,10,10,0,0,0,0,0,0,0,0,0,32.5,32.5,32.5
browser-use,Coursera--22,C7,1,1.0,success,158,158,158,14,14,14,13,13,13,0,0,0,3,3,3,0,0,0,70.7,70.7,70.7
browser-use,Coursera--22,C8,1,1.0,success,447,447,447,11,11,11,10,10,10,0,0,0,0,0,0,0,0,0,29.4,29.4,29.4
browser-use,Coursera--23,C0,1,1.0,success,471,471,471,11,11,11,10,10,10,0,0,0,0,0,0,0,0,0,28.8,28.8,28.8
browser-use,Coursera--23,C2,1,1.0,success,485,485,485,11,11,11,10,10,10,0,0,0,0,0,0,0,0,0,26.5,26.5,26.5
browser-use,Coursera--23,C5,1,1.0,success,462,462,462,11,11,11,10,10,10,0,0,0,0,0,0,0,0,0,25.6,25.6,25.6
browser-use,Coursera--23,C7,1,1.0,success,476,476,476,11,11,11,10,10,10,0,0,0,0,0,0,0,0,0,27.2,27.2,27.2
browser-use,Coursera--23,C8,1,1.0,success,529,529,529,11,11,11,10,10,10,0,0,0,0,0,0,0,0,0,47.8,47.8,47.8
browser-use,Coursera--24,C0,1,1.0,success,531,531,531,11,11,11,10,10,10,0,0,0,0,0,0,0,0,0,46.9,46.9,46.9
browser-use,Coursera--24,C2,1,1.0,success,353,353,353,11,11,11,10,10,10,0,0,0,0,0,0,0,0,0,44.0,44.0,44.0
browser-use,Coursera--24,C5,1,1.0,success,487,487,487,11,11,11,10,10,10,0,0,0,0,0,0,0,0,0,38.5,38.5,38.5
browser-use,Coursera--24,C7,1,1.0,success,373,373,373,11,11,11,10,10,10,0,0,0,0,0,0,0,0,0,42.1,42.1,42.1
browser-use,Coursera--24,C8,1,1.0,success,374,374,374,12,12,12,11,11,11,0,0,0,0,0,0,0,0,0,42.4,42.4,42.4
browser-use,Coursera--25,C0,1,1.0,success,517,517,517,11,11,11,10,10,10,0,0,0,0,0,0,0,0,0,43.1,43.1,43.1
browser-use,Coursera--25,C2,1,1.0,success,464,464,464,11,11,11,10,10,10,0,0,0,0,0,0,0,0,0,37.2,37.2,37.2
browser-use,Coursera--25,C5,1,1.0,success,459,459,459,11,11,11,10,10,10,0,0,0,0,0,0,0,0,0,24.5,24.5,24.5
browser-use,Coursera--25,C7,1,1.0,success,468,468,468,11,11,11,10,10,10,0,0,0,0,0,0,0,0,0,29.9,29.9,29.9
browser-use,Coursera--25,C8,1,1.0,success,524,524,524,11,11,11,10,10,10,0,0,0,0,0,0,0,0,0,51.2,51.2,51.2
browser-use,Coursera--26,C0,1,1.0,success,395,395,395,11,11,11,10,10,10,0,0,0,0,0,0,0,0,0,43.0,43.0,43.0
browser-use,Coursera--26,C2,1,1.0,success,438,438,438,11,11,11,10,10,10,0,0,0,0,0,0,0,0,0,38.8,38.8,38.8
browser-use,Coursera--26,C5,1,1.0,success,430,430,430,11,11,11,10,10,10,0,0,0,0,0,0,0,0,0,34.8,34.8,34.8
browser-use,Coursera--26,C7,1,1.0,success,399,399,399,11,11,11,10,10,10,0,0,0,0,0,0,0,0,0,41.4,41.4,41.4
browser-use,Coursera--26,C8,1,1.0,success,446,446,446,11,11,11,10,10,10,0,0,0,0,0,0,0,0,0,35.5,35.5,35.5
browser-use,Coursera--27,C0,1,1.0,success,436,436,436,11,11,11,10,10,10,0,0,0,0,0,0,0,0,0,28.9,28.9,28.9
browser-use,Coursera--27,C2,1,1.0,success,436,436,436,11,11,11,10,10,10,0,0,0,0,0,0,0,0,0,35.6,35.6,35.6
browser-use,Coursera--27,C5,1,1.0,success,421,421,421,11,11,11,10,10,10,0,0,0,0,0,0,0,0,0,23.4,23.4,23.4
browser-use,Coursera--27,C7,1,1.0,success,445,445,445,11,11,11,10,10,10,0,0,0,0,0,0,0,0,0,40.4,40.4,40.4
browser-use,Coursera--27,C8,1,1.0,success,434,434,434,11,11,11,10,10,10,0,0,0,0,0,0,0,0,0,23.6,23.6,23.6
browser-use,Coursera--28,C0,1,1.0,success,407,407,407,15,15,15,14,14,14,0,0,0,0,0,0,0,0,0,57.9,57.9,57.9
browser-use,Coursera--28,C2,1,1.0,success,358,358,358,11,11,11,10,10,10,0,0,0,0,0,0,0,0,0,47.4,47.4,47.4
browser-use,Coursera--28,C5,1,1.0,success,348,348,348,11,11,11,10,10,10,0,0,0,0,0,0,0,0,0,39.6,39.6,39.6
browser-use,Coursera--28,C7,1,1.0,success,350,350,350,11,11,11,10,10,10,0,0,0,0,0,0,0,0,0,45.3,45.3,45.3
browser-use,Coursera--28,C8,1,1.0,success,345,345,345,11,11,11,10,10,10,0,0,0,0,0,0,0,0,0,37.1,37.1,37.1
browser-use,Coursera--29,C0,1,1.0,success,283,283,283,11,11,11,10,10,10,0,0,0,0,0,0,0,0,0,24.0,24.0,24.0
browser-use,Coursera--29,C2,1,1.0,success,53,53,53,11,11,11,10,10,10,0,0,0,5,5,5,0,0,0,63.1,63.1,63.1
browser-use,Coursera--29,C5,1,1.0,success,266,266,266,11,11,11,10,10,10,0,0,0,0,0,0,0,0,0,31.2,31.2,31.2
browser-use,Coursera--29,C7,1,1.0,success,282,282,282,11,11,11,10,10,10,0,0,0,0,0,0,0,0,0,24.8,24.8,24.8
browser-use,Coursera--29,C8,1,1.0,success,358,358,358,11,11,11,10,10,10,0,0,0,0,0,0,0,0,0,28.8,28.8,28.8
browser-use,Coursera--3,C0,1,1.0,success,356,356,356,11,11,11,10,10,10,0,0,0,0,0,0,0,0,0,40.5,40.5,40.5
browser-use,Coursera--3,C2,1,1.0,success,414,414,414,11,11,11,10,10,10,0,0,0,0,0,0,0,0,0,39.6,39.6,39.6
browser-use,Coursera--3,C5,1,1.0,success,419,419,419,11,11,11,10,10,10,0,0,0,0,0,0,0,0,0,47.0,47.0,47.0
browser-use,Coursera--3,C7,1,1.0,success,359,359,359,11,11,11,10,10,10,0,0,0,0,0,0,0,0,0,41.4,41.4,41.4
browser-use,Coursera--3,C8,1,1.0,success,358,358,358,11,11,11,10,10,10,0,0,0,0,0,0,0,0,0,34.2,34.2,34.2
browser-use,Coursera--30,C0,1,1.0,success,540,540,540,15,15,15,14,14,14,0,0,0,0,0,0,0,0,0,38.9,38.9,38.9
browser-use,Coursera--30,C2,1,1.0,success,531,531,531,13,13,13,12,12,12,0,0,0,0,0,0,0,0,0,34.4,34.4,34.4
browser-use,Coursera--30,C5,1,1.0,success,1045,1045,1045,21,21,21,20,20,20,0,0,0,0,0,0,0,0,0,62.5,62.5,62.5
browser-use,Coursera--30,C7,1,1.0,success,56,56,56,10,10,10,9,9,9,0,0,0,4,4,4,0,0,0,78.6,78.6,78.6
browser-use,Coursera--30,C8,1,1.0,success,459,459,459,11,11,11,10,10,10,0,0,0,0,0,0,0,0,0,31.1,31.1,31.1
browser-use,Coursera--31,C0,1,1.0,success,555,555,555,15,15,15,14,14,14,0,0,0,0,0,0,0,0,0,43.7,43.7,43.7
browser-use,Coursera--31,C2,1,1.0,success,485,485,485,11,11,11,10,10,10,0,0,0,0,0,0,0,0,0,35.2,35.2,35.2
browser-use,Coursera--31,C5,1,1.0,success,477,477,477,11,11,11,10,10,10,0,0,0,0,0,0,0,0,0,24.7,24.7,24.7
browser-use,Coursera--31,C7,1,1.0,success,93,93,93,11,11,11,10,10,10,0,0,0,4,4,4,0,0,0,31.1,31.1,31.1
browser-use,Coursera--31,C8,1,1.0,success,474,474,474,12,12,12,11,11,11,2,2,2,0,0,0,0,0,0,31.2,31.2,31.2
browser-use,Coursera--32,C0,1,1.0,success,382,382,382,11,11,11,10,10,10,0,0,0,0,0,0,0,0,0,37.9,37.9,37.9
browser-use,Coursera--32,C2,1,1.0,success,388,388,388,11,11,11,10,10,10,0,0,0,0,0,0,0,0,0,43.8,43.8,43.8
browser-use,Coursera--32,C5,1,1.0,success,389,389,389,11,11,11,10,10,10,0,0,0,0,0,0,0,0,0,45.1,45.1,45.1
browser-use,Coursera--32,C7,1,1.0,success,388,388,388,11,11,11,10,10,10,0,0,0,0,0,0,0,0,0,37.4,37.4,37.4
browser-use,Coursera--32,C8,1,1.0,success,387,387,387,11,11,11,10,10,10,0,0,0,0,0,0,0,0,0,36.6,36.6,36.6
browser-use,Coursera--33,C0,1,1.0,success,523,523,523,15,15,15,14,14,14,0,0,0,0,0,0,0,0,0,52.8,52.8,52.8
browser-use,Coursera--33,C2,1,1.0,success,497,497,497,11,11,11,10,10,10,0,0,0,0,0,0,0,0,0,37.8,37.8,37.8
browser-use,Coursera--33,C5,1,1.0,success,349,349,349,11,11,11,10,10,10,0,0,0,0,0,0,0,0,0,40.1,40.1,40.1
browser-use,Coursera--33,C7,1,1.0,success,350,350,350,11,11,11,10,10,10,0,0,0,0,0,0,0,0,0,38.1,38.1,38.1
browser-use,Coursera--33,C8,1,1.0,success,513,513,513,11,11,11,10,10,10,0,0,0,0,0,0,0,0,0,40.6,40.6,40.6
browser-use,Coursera--34,C0,1,1.0,success,599,599,599,15,15,15,14,14,14,0,0,0,0,0,0,0,0,0,44.3,44.3,44.3
browser-use,Coursera--34,C2,1,1.0,success,54,54,54,11,11,11,10,10,10,0,0,0,5,5,5,0,0,0,39.3,39.3,39.3
browser-use,Coursera--34,C5,1,1.0,success,519,519,519,11,11,11,10,10,10,0,0,0,0,0,0,0,0,0,31.6,31.6,31.6
browser-use,Coursera--34,C7,1,1.0,success,523,523,523,11,11,11,10,10,10,0,0,0,0,0,0,0,0,0,31.2,31.2,31.2
browser-use,Coursera--34,C8,1,1.0,success,522,522,522,12,12,12,11,11,11,2,2,2,0,0,0,0,0,0,32.7,32.7,32.7
browser-use,Coursera--35,C0,1,1.0,success,540,540,540,11,11,11,10,10,10,0,0,0,0,0,0,0,0,0,38.3,38.3,38.3
browser-use,Coursera--35,C2,1,1.0,success,482,482,482,13,13,13,12,12,12,0,0,0,3,3,3,0,0,0,34.3,34.3,34.3
browser-use,Coursera--35,C5,1,1.0,success,549,549,549,11,11,11,10,10,10,0,0,0,0,0,0,0,0,0,45.4,45.4,45.4
browser-use,Coursera--35,C7,1,1.0,success,92,92,92,11,11,11,10,10,10,0,0,0,4,4,4,0,0,0,27.9,27.9,27.9
browser-use,Coursera--35,C8,1,1.0,success,540,540,540,12,12,12,11,11,11,2,2,2,0,0,0,0,0,0,46.6,46.6,46.6
browser-use,Coursera--36,C0,1,1.0,success,411,411,411,13,13,13,12,12,12,0,0,0,0,0,0,0,0,0,29.1,29.1,29.1
browser-use,Coursera--36,C2,1,1.0,success,400,400,400,13,13,13,12,12,12,0,0,0,0,0,0,0,0,0,26.0,26.0,26.0
browser-use,Coursera--36,C5,1,1.0,success,405,405,405,13,13,13,12,12,12,0,0,0,0,0,0,0,0,0,29.3,29.3,29.3
browser-use,Coursera--36,C7,1,1.0,success,404,404,404,13,13,13,12,12,12,0,0,0,0,0,0,0,0,0,22.9,22.9,22.9
browser-use,Coursera--36,C8,1,1.0,success,399,399,399,13,13,13,12,12,12,0,0,0,0,0,0,0,0,0,22.3,22.3,22.3
browser-use,Coursera--37,C0,1,1.0,success,283,283,283,11,11,11,10,10,10,0,0,0,0,0,0,0,0,0,24.7,24.7,24.7
browser-use,Coursera--37,C2,1,1.0,success,306,306,306,11,11,11,10,10,10,0,0,0,0,0,0,0,0,0,42.4,42.4,42.4
browser-use,Coursera--37,C5,1,1.0,success,410,410,410,11,11,11,10,10,10,0,0,0,0,0,0,0,0,0,38.4,38.4,38.4
browser-use,Coursera--37,C7,1,1.0,success,260,260,260,10,10,10,9,9,9,0,0,0,0,0,0,0,0,0,19.5,19.5,19.5
browser-use,Coursera--37,C8,1,1.0,success,290,290,290,11,11,11,10,10,10,0,0,0,0,0,0,0,0,0,27.1,27.1,27.1
browser-use,Coursera--38,C0,1,1.0,success,272,272,272,10,10,10,9,9,9,0,0,0,0,0,0,0,0,0,32.0,32.0,32.0
browser-use,Coursera--38,C2,1,1.0,success,314,314,314,11,11,11,10,10,10,0,0,0,0,0,0,0,0,0,47.9,47.9,47.9
browser-use,Coursera--38,C5,1,1.0,success,363,363,363,13,13,13,12,12,12,0,0,0,0,0,0,0,0,0,39.0,39.0,39.0
browser-use,Coursera--38,C7,1,1.0,success,270,270,270,10,10,10,9,9,9,0,0,0,0,0,0,0,0,0,32.1,32.1,32.1
browser-use,Coursera--38,C8,1,1.0,success,441,441,441,11,11,11,10,10,10,0,0,0,0,0,0,0,0,0,38.3,38.3,38.3
browser-use,Coursera--39,C0,1,1.0,success,540,540,540,15,15,15,14,14,14,0,0,0,0,0,0,0,0,0,40.3,40.3,40.3
browser-use,Coursera--39,C2,1,1.0,success,93,93,93,11,11,11,10,10,10,0,0,0,5,5,5,0,0,0,29.6,29.6,29.6
browser-use,Coursera--39,C5,1,1.0,success,549,549,549,15,15,15,14,14,14,0,0,0,0,0,0,0,0,0,53.9,53.9,53.9
browser-use,Coursera--39,C7,1,1.0,success,103,103,103,11,11,11,10,10,10,0,0,0,4,4,4,0,0,0,78.1,78.1,78.1
browser-use,Coursera--39,C8,1,1.0,success,305,305,305,11,11,11,10,10,10,0,0,0,0,0,0,0,0,0,27.9,27.9,27.9
browser-use,Coursera--4,C0,1,1.0,success,484,484,484,11,11,11,10,10,10,0,0,0,0,0,0,0,0,0,31.4,31.4,31.4
browser-use,Coursera--4,C2,1,1.0,success,481,481,481,11,11,11,10,10,10,0,0,0,0,0,0,0,0,0,27.4,27.4,27.4
browser-use,Coursera--4,C5,1,1.0,success,616,616,616,15,15,15,14,14,14,0,0,0,0,0,0,0,0,0,45.2,45.2,45.2
browser-use,Coursera--4,C7,1,1.0,success,482,482,482,11,11,11,10,10,10,0,0,0,0,0,0,0,0,0,32.8,32.8,32.8
browser-use,Coursera--4,C8,1,1.0,success,481,481,481,11,11,11,10,10,10,0,0,0,0,0,0,0,0,0,32.7,32.7,32.7
browser-use,Coursera--40,C0,1,1.0,success,432,432,432,25,25,25,24,24,24,0,0,0,0,0,0,0,0,0,35.9,35.9,35.9
browser-use,Coursera--40,C2,1,1.0,success,49,49,49,11,11,11,10,10,10,0,0,0,5,5,5,0,0,0,38.8,38.8,38.8
browser-use,Coursera--40,C5,1,1.0,success,857,857,857,32,32,32,31,31,31,0,0,0,0,0,0,0,0,0,67.2,67.2,67.2
browser-use,Coursera--40,C7,1,1.0,success,233,233,233,20,20,20,19,19,19,0,0,0,1,1,1,0,0,0,32.3,32.3,32.3
browser-use,Coursera--40,C8,1,1.0,success,236,236,236,20,20,20,19,19,19,0,0,0,1,1,1,0,0,0,50.3,50.3,50.3
browser-use,Coursera--41,C0,1,1.0,success,319,319,319,11,11,11,10,10,10,0,0,0,0,0,0,0,0,0,19.0,19.0,19.0
browser-use,Coursera--41,C2,1,1.0,success,258,258,258,12,12,12,11,11,11,0,0,0,0,0,0,0,0,0,21.4,21.4,21.4
browser-use,Coursera--41,C5,1,1.0,success,260,260,260,12,12,12,11,11,11,0,0,0,0,0,0,0,0,0,21.0,21.0,21.0
browser-use,Coursera--41,C7,1,1.0,success,321,321,321,12,12,12,11,11,11,0,0,0,0,0,0,0,0,0,38.3,38.3,38.3
browser-use,Coursera--41,C8,1,1.0,success,316,316,316,12,12,12,11,11,11,0,0,0,0,0,0,0,0,0,20.5,20.5,20.5
browser-use,Coursera--5,C0,1,1.0,success,1016,1016,1016,21,21,21,20,20,20,0,0,0,0,0,0,0,0,0,58.0,58.0,58.0
browser-use,Coursera--5,C2,1,1.0,success,47,47,47,10,10,10,9,9,9,0,0,0,5,5,5,0,0,0,36.8,36.8,36.8
browser-use,Coursera--5,C5,1,1.0,success,428,428,428,11,11,11,10,10,10,0,0,0,0,0,0,0,0,0,29.0,29.0,29.0
browser-use,Coursera--5,C7,1,1.0,success,95,95,95,11,11,11,10,10,10,0,0,0,5,5,5,0,0,0,29.5,29.5,29.5
browser-use,Coursera--5,C8,1,1.0,success,426,426,426,11,11,11,10,10,10,0,0,0,0,0,0,0,0,0,28.8,28.8,28.8
browser-use,Coursera--6,C0,1,1.0,success,458,458,458,11,11,11,10,10,10,0,0,0,0,0,0,0,0,0,38.5,38.5,38.5
browser-use,Coursera--6,C2,1,1.0,success,613,613,613,11,11,11,10,10,10,0,0,0,0,0,0,0,0,0,47.0,47.0,47.0
browser-use,Coursera--6,C5,1,1.0,success,455,455,455,11,11,11,10,10,10,0,0,0,0,0,0,0,0,0,44.2,44.2,44.2
browser-use,Coursera--6,C7,1,1.0,success,93,93,93,11,11,11,10,10,10,0,0,0,4,4,4,0,0,0,69.9,69.9,69.9
browser-use,Coursera--6,C8,1,1.0,success,440,440,440,11,11,11,10,10,10,0,0,0,0,0,0,0,0,0,31.8,31.8,31.8
browser-use,Coursera--7,C0,1,1.0,success,349,349,349,11,11,11,10,10,10,0,0,0,0,0,0,0,0,0,40.6,40.6,40.6
browser-use,Coursera--7,C2,1,1.0,success,443,443,443,11,11,11,10,10,10,0,0,0,0,0,0,0,0,0,41.4,41.4,41.4
browser-use,Coursera--7,C5,1,1.0,success,332,332,332,11,11,11,10,10,10,0,0,0,0,0,0,0,0,0,33.1,33.1,33.1
browser-use,Coursera--7,C7,1,1.0,success,349,349,349,11,11,11,10,10,10,0,0,0,0,0,0,0,0,0,41.4,41.4,41.4
browser-use,Coursera--7,C8,1,1.0,success,374,374,374,11,11,11,10,10,10,0,0,0,0,0,0,0,0,0,42.7,42.7,42.7
browser-use,Coursera--8,C0,1,1.0,success,465,465,465,15,15,15,14,14,14,0,0,0,0,0,0,0,0,0,58.7,58.7,58.7
browser-use,Coursera--8,C2,1,1.0,success,370,370,370,11,11,11,10,10,10,0,0,0,0,0,0,0,0,0,40.6,40.6,40.6
browser-use,Coursera--8,C5,1,1.0,success,428,428,428,15,15,15,14,14,14,0,0,0,0,0,0,0,0,0,57.3,57.3,57.3
browser-use,Coursera--8,C7,1,1.0,success,380,380,380,11,11,11,10,10,10,0,0,0,0,0,0,0,0,0,48.6,48.6,48.6
browser-use,Coursera--8,C8,1,1.0,success,389,389,389,11,11,11,10,10,10,0,0,0,0,0,0,0,0,0,35.3,35.3,35.3
browser-use,Coursera--9,C0,1,1.0,success,510,510,510,11,11,11,10,10,10,0,0,0,0,0,0,0,0,0,42.6,42.6,42.6
browser-use,Coursera--9,C2,1,1.0,success,404,404,404,11,11,11,10,10,10,0,0,0,0,0,0,0,0,0,51.8,51.8,51.8
browser-use,Coursera--9,C5,1,1.0,success,484,484,484,12,12,12,11,11,11,0,0,0,0,0,0,0,0,0,51.2,51.2,51.2
browser-use,Coursera--9,C7,1,1.0,success,549,549,549,11,11,11,10,10,10,0,0,0,0,0,0,0,0,0,48.0,48.0,48.0
browser-use,Coursera--9,C8,1,1.0,success,424,424,424,11,11,11,10,10,10,0,0,0,0,0,0,0,0,0,40.3,40.3,40.3
browser-use,ESPN--0,C0,1,1.0,success,191,191,191,21,21,21,17,17,17,0,0,0,0,0,0,0,0,0,39.3,39.3,39.3
browser-use,ESPN--0,C2,1,1.0,success,96,96,96,12,12,12,11,11,11,0,0,0,5,5,5,0,0,0,28.7,28.7,28.7
browser-use,ESPN--0,C5,1,1.0,success,567,567,567,112,112,112,101,101,101,0,0,0,0,0,0,0,0,0,32.3,32.3,32.3
browser-use,ESPN--0,C7,1,1.0,success,162,162,162,31,31,31,23,23,23,0,0,0,7,7,7,0,0,0,79.9,79.9,79.9
browser-use,ESPN--0,C8,1,1.0,success,424,424,424,58,58,58,47,47,47,0,0,0,16,16,16,0,0,0,30.0,30.0,30.0
browser-use,ESPN--1,C0,1,1.0,success,641,641,641,120,120,120,109,109,109,0,0,0,0,0,0,0,0,0,47.0,47.0,47.0
browser-use,ESPN--1,C2,1,1.0,success,415,415,415,63,63,63,52,52,52,0,0,0,15,15,15,0,0,0,49.5,49.5,49.5
browser-use,ESPN--1,C5,1,1.0,success,623,623,623,123,123,123,113,113,113,0,0,0,0,0,0,0,0,0,46.9,46.9,46.9
browser-use,ESPN--1,C7,1,1.0,success,735,735,735,69,69,69,56,56,56,0,0,0,44,44,44,0,0,0,45.8,45.8,45.8
browser-use,ESPN--1,C8,1,1.0,success,477,477,477,49,49,49,40,40,40,0,0,0,24,24,24,0,0,0,45.0,45.0,45.0
browser-use,ESPN--10,C0,1,1.0,success,1761,1761,1761,136,136,136,123,123,123,0,0,0,0,0,0,0,0,0,52.1,52.1,52.1
browser-use,ESPN--10,C2,1,1.0,success,1113,1113,1113,63,63,63,51,51,51,0,0,0,28,28,28,0,0,0,49.4,49.4,49.4
browser-use,ESPN--10,C5,1,1.0,success,1376,1376,1376,143,143,143,130,130,130,0,0,0,0,0,0,0,0,0,51.8,51.8,51.8
browser-use,ESPN--10,C7,1,1.0,success,1375,1375,1375,72,72,72,59,59,59,0,0,0,36,36,36,0,0,0,63.2,63.2,63.2
browser-use,ESPN--10,C8,1,1.0,success,1105,1105,1105,69,69,69,56,56,56,0,0,0,36,36,36,0,0,0,43.6,43.6,43.6
browser-use,ESPN--11,C0,1,1.0,success,149,149,149,13,13,13,13,13,13,0,0,0,0,0,0,0,0,0,42.4,42.4,42.4
browser-use,ESPN--11,C2,1,1.0,success,94,94,94,13,13,13,13,13,13,0,0,0,4,4,4,0,0,0,26.9,26.9,26.9
browser-use,ESPN--11,C5,1,1.0,success,122,122,122,21,21,21,21,21,21,0,0,0,0,0,0,0,0,0,38.9,38.9,38.9
browser-use,ESPN--11,C7,1,1.0,success,37,37,37,10,10,10,10,10,10,0,0,0,6,6,6,0,0,0,29.8,29.8,29.8
browser-use,ESPN--11,C8,1,1.0,success,52,52,52,11,11,11,11,11,11,0,0,0,0,0,0,0,0,0,34.2,34.2,34.2
browser-use,ESPN--12,C0,1,1.0,success,625,625,625,121,121,121,112,112,112,0,0,0,0,0,0,0,0,0,35.7,35.7,35.7
browser-use,ESPN--12,C2,1,1.0,success,454,454,454,52,52,52,42,42,42,0,0,0,17,17,17,0,0,0,26.2,26.2,26.2
browser-use,ESPN--12,C5,1,1.0,success,1145,1145,1145,175,175,175,166,166,166,0,0,0,0,0,0,0,0,0,45.6,45.6,45.6
browser-use,ESPN--12,C7,1,1.0,success,193,193,193,42,42,42,34,34,34,0,0,0,8,8,8,0,0,0,11.5,11.5,11.5
browser-use,ESPN--12,C8,1,1.0,success,487,487,487,47,47,47,39,39,39,0,0,0,20,20,20,0,0,0,48.4,48.4,48.4
browser-use,ESPN--13,C0,1,1.0,success,882,882,882,159,159,159,150,150,150,0,0,0,0,0,0,0,0,0,38.2,38.2,38.2
browser-use,ESPN--13,C2,1,1.0,success,351,351,351,49,49,49,40,40,40,0,0,0,20,20,20,0,0,0,36.1,36.1,36.1
browser-use,ESPN--13,C5,1,1.0,success,843,843,843,136,136,136,124,124,124,0,0,0,0,0,0,0,0,0,48.1,48.1,48.1
browser-use,ESPN--13,C7,1,1.0,success,38,38,38,10,10,10,9,9,9,0,0,0,5,5,5,0,0,0,27.7,27.7,27.7
browser-use,ESPN--13,C8,1,1.0,success,378,378,378,62,62,62,52,52,52,0,0,0,17,17,17,0,0,0,46.9,46.9,46.9
browser-use,ESPN--14,C0,1,1.0,success,479,479,479,72,72,72,61,61,61,0,0,0,0,0,0,0,0,0,32.8,32.8,32.8
browser-use,ESPN--14,C2,1,1.0,success,300,300,300,60,60,60,49,49,49,0,0,0,15,15,15,0,0,0,32.8,32.8,32.8
browser-use,ESPN--14,C5,1,1.0,success,806,806,806,139,139,139,129,129,129,0,0,0,0,0,0,0,0,0,49.9,49.9,49.9
browser-use,ESPN--14,C7,1,1.0,success,615,615,615,65,65,65,53,53,53,0,0,0,30,30,30,0,0,0,40.2,40.2,40.2
browser-use,ESPN--14,C8,1,1.0,success,329,329,329,58,58,58,47,47,47,0,0,0,20,20,20,0,0,0,35.6,35.6,35.6
browser-use,ESPN--15,C0,1,1.0,success,303,303,303,61,61,61,53,53,53,0,0,0,0,0,0,0,0,0,42.7,42.7,42.7
browser-use,ESPN--15,C2,1,1.0,success,97,97,97,14,14,14,13,13,13,0,0,0,5,5,5,0,0,0,78.0,78.0,78.0
browser-use,ESPN--15,C5,1,1.0,success,171,171,171,23,23,23,23,23,23,0,0,0,0,0,0,0,0,0,41.9,41.9,41.9
browser-use,ESPN--15,C7,1,1.0,success,143,143,143,15,15,15,14,14,14,0,0,0,4,4,4,0,0,0,24.0,24.0,24.0
browser-use,ESPN--15,C8,1,1.0,success,303,303,303,33,33,33,24,24,24,0,0,0,14,14,14,0,0,0,44.2,44.2,44.2
browser-use,ESPN--16,C0,1,1.0,success,637,637,637,16,16,16,16,16,16,0,0,0,0,0,0,0,0,0,44.1,44.1,44.1
browser-use,ESPN--16,C2,1,1.0,success,40,40,40,11,11,11,11,11,11,0,0,0,6,6,6,0,0,0,77.6,77.6,77.6
browser-use,ESPN--16,C5,1,1.0,success,1415,1415,1415,187,187,187,187,187,187,0,0,0,0,0,0,0,0,0,73.1,73.1,73.1
browser-use,ESPN--16,C7,1,1.0,success,41,41,41,12,12,12,12,12,12,0,0,0,6,6,6,0,0,0,80.1,80.1,80.1
browser-use,ESPN--16,C8,1,1.0,success,13,13,13,6,6,6,6,6,6,0,0,0,1,1,1,0,0,0,42.8,42.8,42.8
browser-use,ESPN--17,C0,1,1.0,success,699,699,699,39,39,39,33,33,33,0,0,0,0,0,0,0,0,0,45.4,45.4,45.4
browser-use,ESPN--17,C2,1,1.0,success,37,37,37,11,11,11,10,10,10,0,0,0,5,5,5,0,0,0,28.0,28.0,28.0
browser-use,ESPN--17,C5,1,1.0,success,327,327,327,61,61,61,53,53,53,0,0,0,0,0,0,0,0,0,30.5,30.5,30.5
browser-use,ESPN--17,C7,1,1.0,success,39,39,39,11,11,11,10,10,10,0,0,0,5,5,5,0,0,0,35.7,35.7,35.7
browser-use,ESPN--17,C8,1,1.0,success,308,308,308,41,41,41,30,30,30,0,0,0,13,13,13,0,0,0,33.4,33.4,33.4
browser-use,ESPN--18,C0,1,1.0,success,413,413,413,116,116,116,107,107,107,0,0,0,0,0,0,0,0,0,38.9,38.9,38.9
browser-use,ESPN--18,C2,1,1.0,success,368,368,368,46,46,46,38,38,38,0,0,0,16,16,16,0,0,0,49.1,49.1,49.1
browser-use,ESPN--18,C5,1,1.0,success,605,605,605,121,121,121,112,112,112,0,0,0,0,0,0,0,0,0,49.3,49.3,49.3
browser-use,ESPN--18,C7,1,1.0,success,246,246,246,46,46,46,37,37,37,0,0,0,8,8,8,0,0,0,37.4,37.4,37.4
browser-use,ESPN--18,C8,1,1.0,success,298,298,298,46,46,46,38,38,38,0,0,0,10,10,10,0,0,0,48.1,48.1,48.1
browser-use,ESPN--19,C0,1,1.0,success,1093,1093,1093,178,178,178,178,178,178,0,0,0,0,0,0,0,0,0,51.3,51.3,51.3
browser-use,ESPN--19,C2,1,1.0,success,94,94,94,13,13,13,12,12,12,0,0,0,4,4,4,0,0,0,69.5,69.5,69.5
browser-use,ESPN--19,C5,1,1.0,success,616,616,616,25,25,25,25,25,25,0,0,0,0,0,0,0,0,0,43.4,43.4,43.4
browser-use,ESPN--19,C7,1,1.0,success,103,103,103,12,12,12,12,12,12,0,0,0,3,3,3,0,0,0,36.4,36.4,36.4
browser-use,ESPN--19,C8,1,1.0,success,14,14,14,7,7,7,7,7,7,0,0,0,1,1,1,0,0,0,20.1,20.1,20.1
browser-use,ESPN--2,C0,1,1.0,success,597,597,597,52,52,52,44,44,44,0,0,0,0,0,0,0,0,0,49.9,49.9,49.9
browser-use,ESPN--2,C2,1,1.0,success,307,307,307,35,35,35,27,27,27,0,0,0,14,14,14,0,0,0,49.7,49.7,49.7
browser-use,ESPN--2,C5,1,1.0,success,1284,1284,1284,133,133,133,123,123,123,0,0,0,0,0,0,0,0,0,67.7,67.7,67.7
browser-use,ESPN--2,C7,1,1.0,success,39,39,39,10,10,10,9,9,9,0,0,0,6,6,6,0,0,0,29.4,29.4,29.4
browser-use,ESPN--2,C8,1,1.0,success,159,159,159,31,31,31,23,23,23,0,0,0,7,7,7,0,0,0,33.4,33.4,33.4
browser-use,ESPN--20,C0,1,1.0,success,616,616,616,102,102,102,91,91,91,0,0,0,0,0,0,0,0,0,38.8,38.8,38.8
browser-use,ESPN--20,C2,1,1.0,success,382,382,382,60,60,60,49,49,49,0,0,0,20,20,20,0,0,0,40.1,40.1,40.1
browser-use,ESPN--20,C5,1,1.0,success,733,733,733,112,112,112,101,101,101,0,0,0,0,0,0,0,0,0,44.6,44.6,44.6
browser-use,ESPN--20,C7,1,1.0,success,321,321,321,31,31,31,23,23,23,0,0,0,14,14,14,0,0,0,43.8,43.8,43.8
browser-use,ESPN--20,C8,1,1.0,success,378,378,378,57,57,57,46,46,46,0,0,0,15,15,15,0,0,0,38.6,38.6,38.6
browser-use,ESPN--21,C0,1,1.0,success,805,805,805,127,127,127,116,116,116,0,0,0,0,0,0,0,0,0,55.7,55.7,55.7
browser-use,ESPN--21,C2,1,1.0,success,517,517,517,62,62,62,51,51,51,0,0,0,33,33,33,0,0,0,48.2,48.2,48.2
browser-use,ESPN--21,C5,1,1.0,success,620,620,620,66,66,66,58,58,58,0,0,0,0,0,0,0,0,0,46.1,46.1,46.1
browser-use,ESPN--21,C7,1,1.0,success,547,547,547,59,59,59,48,48,48,0,0,0,28,28,28,0,0,0,40.8,40.8,40.8
browser-use,ESPN--21,C8,1,1.0,success,337,337,337,32,32,32,24,24,24,0,0,0,21,21,21,0,0,0,44.5,44.5,44.5
browser-use,ESPN--22,C0,1,1.0,success,790,790,790,65,65,65,57,57,57,0,0,0,0,0,0,0,0,0,59.1,59.1,59.1
browser-use,ESPN--22,C2,1,1.0,success,96,96,96,13,13,13,12,12,12,0,0,0,5,5,5,0,0,0,77.4,77.4,77.4
browser-use,ESPN--22,C5,1,1.0,success,636,636,636,69,69,69,61,61,61,0,0,0,0,0,0,0,0,0,46.0,46.0,46.0
browser-use,ESPN--22,C7,1,1.0,success,95,95,95,12,12,12,11,11,11,0,0,0,5,5,5,0,0,0,29.4,29.4,29.4
browser-use,ESPN--22,C8,1,1.0,success,147,147,147,31,31,31,23,23,23,0,0,0,7,7,7,0,0,0,35.8,35.8,35.8
browser-use,ESPN--23,C0,1,1.0,success,631,631,631,64,64,64,56,56,56,0,0,0,0,0,0,0,0,0,41.6,41.6,41.6
browser-use,ESPN--23,C2,1,1.0,success,144,144,144,15,15,15,14,14,14,0,0,0,4,4,4,0,0,0,28.3,28.3,28.3
browser-use,ESPN--23,C5,1,1.0,success,772,772,772,77,77,77,67,67,67,0,0,0,0,0,0,0,0,0,42.3,42.3,42.3
browser-use,ESPN--23,C7,1,1.0,success,142,142,142,16,16,16,16,16,16,0,0,0,4,4,4,0,0,0,48.8,48.8,48.8
browser-use,ESPN--23,C8,1,1.0,success,19,19,19,8,8,8,7,7,7,2,2,2,1,1,1,0,0,0,37.8,37.8,37.8
browser-use,ESPN--24,C0,1,1.0,success,958,958,958,137,137,137,124,124,124,0,0,0,0,0,0,0,0,0,41.3,41.3,41.3
browser-use,ESPN--24,C2,1,1.0,success,610,610,610,69,69,69,56,56,56,0,0,0,25,25,25,0,0,0,68.5,68.5,68.5
browser-use,ESPN--24,C5,1,1.0,success,735,735,735,140,140,140,127,127,127,0,0,0,0,0,0,0,0,0,48.3,48.3,48.3
browser-use,ESPN--24,C7,1,1.0,success,459,459,459,56,56,56,45,45,45,0,0,0,21,21,21,0,0,0,40.0,40.0,40.0
browser-use,ESPN--24,C8,1,1.0,success,659,659,659,68,68,68,55,55,55,0,0,0,29,29,29,0,0,0,53.6,53.6,53.6
browser-use,ESPN--25,C0,1,1.0,success,168,168,168,21,21,21,21,21,21,0,0,0,0,0,0,0,0,0,65.0,65.0,65.0
browser-use,ESPN--25,C2,1,1.0,success,39,39,39,12,12,12,12,12,12,0,0,0,6,6,6,0,0,0,28.9,28.9,28.9
browser-use,ESPN--25,C5,1,1.0,success,1233,1233,1233,190,190,190,190,190,190,0,0,0,0,0,0,0,0,0,47.1,47.1,47.1
browser-use,ESPN--25,C7,1,1.0,success,104,104,104,13,13,13,13,13,13,0,0,0,4,4,4,0,0,0,41.0,41.0,41.0
browser-use,ESPN--25,C8,1,1.0,success,371,371,371,35,35,35,24,24,24,0,0,0,14,14,14,0,0,0,37.6,37.6,37.6
browser-use,ESPN--26,C0,1,1.0,success,100,100,100,19,19,19,15,15,15,0,0,0,0,0,0,0,0,0,24.3,24.3,24.3
browser-use,ESPN--26,C2,1,1.0,success,308,308,308,35,35,35,26,26,26,0,0,0,14,14,14,0,0,0,43.2,43.2,43.2
browser-use,ESPN--26,C5,1,1.0,success,521,521,521,66,66,66,58,58,58,0,0,0,0,0,0,0,0,0,47.0,47.0,47.0
browser-use,ESPN--26,C7,1,1.0,success,51,51,51,12,12,12,11,11,11,0,0,0,5,5,5,0,0,0,79.7,79.7,79.7
browser-use,ESPN--26,C8,1,1.0,success,129,129,129,26,26,26,20,20,20,0,0,0,6,6,6,0,0,0,30.2,30.2,30.2
browser-use,ESPN--27,C0,1,1.0,success,884,884,884,149,149,149,138,138,138,0,0,0,0,0,0,0,0,0,42.3,42.3,42.3
browser-use,ESPN--27,C2,1,1.0,success,450,450,450,56,56,56,46,46,46,0,0,0,30,30,30,0,0,0,59.9,59.9,59.9
browser-use,ESPN--27,C5,1,1.0,success,1086,1086,1086,157,157,157,146,146,146,0,0,0,0,0,0,0,0,0,56.7,56.7,56.7
browser-use,ESPN--27,C7,1,1.0,success,581,581,581,54,54,54,44,44,44,0,0,0,30,30,30,0,0,0,63.5,63.5,63.5
browser-use,ESPN--27,C8,1,1.0,success,433,433,433,60,60,60,49,49,49,0,0,0,21,21,21,0,0,0,32.9,32.9,32.9
browser-use,ESPN--28,C0,1,1.0,success,1364,1364,1364,110,110,110,110,110,110,0,0,0,0,0,0,0,0,0,79.3,79.3,79.3
browser-use,ESPN--28,C2,1,1.0,success,104,104,104,12,12,12,12,12,12,0,0,0,4,4,4,0,0,0,40.8,40.8,40.8
browser-use,ESPN--28,C5,1,1.0,success,148,148,148,13,13,13,13,13,13,0,0,0,0,0,0,0,0,0,58.2,58.2,58.2
browser-use,ESPN--28,C7,1,1.0,success,51,51,51,12,12,12,11,11,11,0,0,0,5,5,5,0,0,0,37.3,37.3,37.3
browser-use,ESPN--28,C8,1,1.0,success,77,77,77,11,11,11,11,11,11,3,3,3,1,1,1,0,0,0,47.5,47.5,47.5
browser-use,ESPN--29,C0,1,1.0,success,939,939,939,160,160,160,146,146,146,0,0,0,0,0,0,0,0,0,51.7,51.7,51.7
browser-use,ESPN--29,C2,1,1.0,success,506,506,506,60,60,60,48,48,48,0,0,0,20,20,20,0,0,0,39.7,39.7,39.7
browser-use,ESPN--29,C5,1,1.0,success,711,711,711,144,144,144,134,134,134,0,0,0,0,0,0,0,0,0,28.4,28.4,28.4
browser-use,ESPN--29,C7,1,1.0,success,460,460,460,57,57,57,47,47,47,0,0,0,22,22,22,0,0,0,31.9,31.9,31.9
browser-use,ESPN--29,C8,1,1.0,success,576,576,576,65,65,65,55,55,55,0,0,0,31,31,31,0,0,0,53.2,53.2,53.2
browser-use,ESPN--3,C0,1,1.0,success,525,525,525,121,121,121,110,110,110,0,0,0,0,0,0,0,0,0,23.0,23.0,23.0
browser-use,ESPN--3,C2,1,1.0,success,313,313,313,59,59,59,48,48,48,0,0,0,14,14,14,0,0,0,44.0,44.0,44.0
browser-use,ESPN--3,C5,1,1.0,success,481,481,481,119,119,119,108,108,108,0,0,0,0,0,0,0,0,0,24.5,24.5,24.5
browser-use,ESPN--3,C7,1,1.0,success,41,41,41,11,11,11,10,10,10,0,0,0,6,6,6,0,0,0,65.7,65.7,65.7
browser-use,ESPN--3,C8,1,1.0,success,288,288,288,48,48,48,39,39,39,0,0,0,13,13,13,0,0,0,17.7,17.7,17.7
browser-use,ESPN--30,C0,1,1.0,success,413,413,413,59,59,59,51,51,51,0,0,0,0,0,0,0,0,0,76.8,76.8,76.8
browser-use,ESPN--30,C2,1,1.0,success,358,358,358,33,33,33,25,25,25,0,0,0,14,14,14,0,0,0,35.7,35.7,35.7
browser-use,ESPN--30,C5,1,1.0,success,318,318,318,63,63,63,55,55,55,0,0,0,0,0,0,0,0,0,67.8,67.8,67.8
browser-use,ESPN--30,C7,1,1.0,success,42,42,42,12,12,12,11,11,11,0,0,0,6,6,6,0,0,0,29.7,29.7,29.7
browser-use,ESPN--30,C8,1,1.0,success,458,458,458,56,56,56,46,46,46,0,0,0,19,19,19,0,0,0,42.3,42.3,42.3
browser-use,ESPN--31,C0,1,1.0,success,355,355,355,61,61,61,53,53,53,0,0,0,0,0,0,0,0,0,36.0,36.0,36.0
browser-use,ESPN--31,C2,1,1.0,success,49,49,49,12,12,12,11,11,11,0,0,0,5,5,5,0,0,0,38.4,38.4,38.4
browser-use,ESPN--31,C5,1,1.0,success,335,335,335,49,49,49,41,41,41,0,0,0,0,0,0,0,0,0,30.7,30.7,30.7
browser-use,ESPN--31,C7,1,1.0,success,94,94,94,11,11,11,11,11,11,0,0,0,5,5,5,0,0,0,68.5,68.5,68.5
browser-use,ESPN--31,C8,1,1.0,success,116,116,116,12,12,12,11,11,11,3,3,3,2,2,2,0,0,0,56.4,56.4,56.4
browser-use,ESPN--32,C0,1,1.0,success,578,578,578,128,128,128,115,115,115,0,0,0,0,0,0,0,0,0,31.3,31.3,31.3
browser-use,ESPN--32,C2,1,1.0,success,523,523,523,67,67,67,54,54,54,0,0,0,22,22,22,0,0,0,41.9,41.9,41.9
browser-use,ESPN--32,C5,1,1.0,success,299,299,299,62,62,62,52,52,52,0,0,0,0,0,0,0,0,0,20.7,20.7,20.7
browser-use,ESPN--32,C7,1,1.0,success,474,474,474,68,68,68,54,54,54,0,0,0,16,16,16,0,0,0,43.4,43.4,43.4
browser-use,ESPN--32,C8,1,1.0,success,347,347,347,49,49,49,38,38,38,0,0,0,13,13,13,0,0,0,39.1,39.1,39.1
browser-use,ESPN--33,C0,1,1.0,success,701,701,701,123,123,123,113,113,113,0,0,0,0,0,0,0,0,0,43.5,43.5,43.5
browser-use,ESPN--33,C2,1,1.0,success,46,46,46,10,10,10,9,9,9,0,0,0,4,4,4,0,0,0,38.5,38.5,38.5
browser-use,ESPN--33,C5,1,1.0,success,902,902,902,127,127,127,117,117,117,0,0,0,0,0,0,0,0,0,67.3,67.3,67.3
browser-use,ESPN--33,C7,1,1.0,success,588,588,588,62,62,62,50,50,50,0,0,0,29,29,29,0,0,0,45.3,45.3,45.3
browser-use,ESPN--33,C8,1,1.0,success,383,383,383,61,61,61,50,50,50,2,2,2,15,15,15,0,0,0,44.8,44.8,44.8
browser-use,ESPN--34,C0,1,1.0,success,724,724,724,120,120,120,109,109,109,0,0,0,0,0,0,0,0,0,28.4,28.4,28.4
browser-use,ESPN--34,C2,1,1.0,success,589,589,589,55,55,55,45,45,45,0,0,0,42,42,42,0,0,0,44.7,44.7,44.7
browser-use,ESPN--34,C5,1,1.0,success,677,677,677,79,79,79,68,68,68,0,0,0,0,0,0,0,0,0,37.8,37.8,37.8
browser-use,ESPN--34,C7,1,1.0,success,501,501,501,56,56,56,46,46,46,0,0,0,32,32,32,0,0,0,35.9,35.9,35.9
browser-use,ESPN--34,C8,1,1.0,success,575,575,575,54,54,54,44,44,44,0,0,0,38,38,38,0,0,0,36.6,36.6,36.6
browser-use,ESPN--35,C0,1,1.0,success,870,870,870,155,155,155,144,144,144,0,0,0,0,0,0,0,0,0,48.0,48.0,48.0
browser-use,ESPN--35,C2,1,1.0,success,467,467,467,60,60,60,49,49,49,0,0,0,21,21,21,0,0,0,36.1,36.1,36.1
browser-use,ESPN--35,C5,1,1.0,success,619,619,619,101,101,101,92,92,92,0,0,0,0,0,0,0,0,0,40.9,40.9,40.9
browser-use,ESPN--35,C7,1,1.0,success,465,465,465,59,59,59,48,48,48,0,0,0,21,21,21,0,0,0,45.2,45.2,45.2
browser-use,ESPN--35,C8,1,1.0,success,472,472,472,62,62,62,51,51,51,0,0,0,22,22,22,0,0,0,43.0,43.0,43.0
browser-use,ESPN--36,C0,1,1.0,success,1168,1168,1168,110,110,110,110,110,110,0,0,0,0,0,0,0,0,0,44.3,44.3,44.3
browser-use,ESPN--36,C2,1,1.0,success,91,91,91,12,12,12,11,11,11,0,0,0,3,3,3,0,0,0,29.6,29.6,29.6
browser-use,ESPN--36,C5,1,1.0,success,706,706,706,16,16,16,16,16,16,0,0,0,0,0,0,0,0,0,47.6,47.6,47.6
browser-use,ESPN--36,C7,1,1.0,success,144,144,144,15,15,15,15,15,15,0,0,0,4,4,4,0,0,0,70.9,70.9,70.9
browser-use,ESPN--36,C8,1,1.0,success,332,332,332,46,46,46,35,35,35,2,2,2,15,15,15,0,0,0,33.8,33.8,33.8
browser-use,ESPN--37,C0,1,1.0,success,648,648,648,32,32,32,32,32,32,0,0,0,0,0,0,0,0,0,68.3,68.3,68.3
browser-use,ESPN--37,C2,1,1.0,success,137,137,137,16,16,16,16,16,16,0,0,0,4,4,4,0,0,0,28.8,28.8,28.8
browser-use,ESPN--37,C5,1,1.0,success,153,153,153,12,12,12,12,12,12,0,0,0,0,0,0,0,0,0,50.9,50.9,50.9
browser-use,ESPN--37,C7,1,1.0,success,96,96,96,13,13,13,13,13,13,0,0,0,5,5,5,0,0,0,77.5,77.5,77.5
browser-use,ESPN--37,C8,1,1.0,success,76,76,76,12,12,12,12,12,12,3,3,3,2,2,2,0,0,0,20.5,20.5,20.5
browser-use,ESPN--38,C0,1,1.0,success,983,983,983,176,176,176,176,176,176,0,0,0,0,0,0,0,0,0,77.8,77.8,77.8
browser-use,ESPN--38,C2,1,1.0,success,47,47,47,10,10,10,10,10,10,0,0,0,5,5,5,0,0,0,74.5,74.5,74.5
browser-use,ESPN--38,C5,1,1.0,success,130,130,130,21,21,21,21,21,21,0,0,0,0,0,0,0,0,0,57.5,57.5,57.5
browser-use,ESPN--38,C7,1,1.0,success,108,108,108,11,11,11,11,11,11,0,0,0,3,3,3,0,0,0,64.2,64.2,64.2
browser-use,ESPN--38,C8,1,1.0,success,475,475,475,92,92,92,92,92,92,0,0,0,48,48,48,0,0,0,46.3,46.3,46.3
browser-use,ESPN--39,C0,1,1.0,success,1034,1034,1034,102,102,102,91,91,91,0,0,0,0,0,0,0,0,0,46.7,46.7,46.7
browser-use,ESPN--39,C2,1,1.0,success,38,38,38,10,10,10,9,9,9,0,0,0,5,5,5,0,0,0,28.1,28.1,28.1
browser-use,ESPN--39,C5,1,1.0,success,931,931,931,100,100,100,94,94,94,0,0,0,0,0,0,0,0,0,81.1,81.1,81.1
browser-use,ESPN--39,C7,1,1.0,success,485,485,485,67,67,67,55,55,55,0,0,0,24,24,24,0,0,0,37.1,37.1,37.1
browser-use,ESPN--39,C8,1,1.0,success,488,488,488,65,65,65,54,54,54,0,0,0,23,23,23,0,0,0,41.3,41.3,41.3
browser-use,ESPN--4,C0,1,1.0,success,577,577,577,124,124,124,113,113,113,0,0,0,0,0,0,0,0,0,38.3,38.3,38.3
browser-use,ESPN--4,C2,1,1.0,success,324,324,324,59,59,59,48,48,48,0,0,0,14,14,14,0,0,0,39.1,39.1,39.1
browser-use,ESPN--4,C5,1,1.0,success,555,555,555,80,80,80,70,70,70,0,0,0,0,0,0,0,0,0,31.6,31.6,31.6
browser-use,ESPN--4,C7,1,1.0,success,644,644,644,68,68,68,55,55,55,0,0,0,24,24,24,0,0,0,45.6,45.6,45.6
browser-use,ESPN--4,C8,1,1.0,success,196,196,196,34,34,34,25,25,25,0,0,0,7,7,7,0,0,0,43.7,43.7,43.7
browser-use,ESPN--40,C0,1,1.0,success,481,481,481,68,68,68,53,53,53,0,0,0,0,0,0,0,0,0,67.4,67.4,67.4
browser-use,ESPN--40,C2,1,1.0,success,104,104,104,11,11,11,10,10,10,0,0,0,4,4,4,0,0,0,71.8,71.8,71.8
browser-use,ESPN--40,C5,1,1.0,success,1143,1143,1143,123,123,123,113,113,113,0,0,0,0,0,0,0,0,0,47.8,47.8,47.8
browser-use,ESPN--40,C7,1,1.0,success,97,97,97,13,13,13,12,12,12,0,0,0,5,5,5,0,0,0,75.3,75.3,75.3
browser-use,ESPN--40,C8,1,1.0,success,340,340,340,52,52,52,42,42,42,0,0,0,14,14,14,0,0,0,32.6,32.6,32.6
browser-use,ESPN--41,C0,1,1.0,success,582,582,582,118,118,118,108,108,108,0,0,0,0,0,0,0,0,0,41.8,41.8,41.8
browser-use,ESPN--41,C2,1,1.0,success,57,57,57,10,10,10,9,9,9,0,0,0,4,4,4,0,0,0,44.5,44.5,44.5
browser-use,ESPN--41,C5,1,1.0,success,562,562,562,97,97,97,87,87,87,0,0,0,0,0,0,0,0,0,46.4,46.4,46.4
browser-use,ESPN--41,C7,1,1.0,success,93,93,93,12,12,12,11,11,11,0,0,0,4,4,4,0,0,0,29.5,29.5,29.5
browser-use,ESPN--41,C8,1,1.0,success,319,319,319,50,50,50,40,40,40,0,0,0,14,14,14,0,0,0,18.5,18.5,18.5
browser-use,ESPN--42,C0,1,1.0,success,567,567,567,56,56,56,48,48,48,0,0,0,0,0,0,0,0,0,28.2,28.2,28.2
browser-use,ESPN--42,C2,1,1.0,success,57,57,57,10,10,10,9,9,9,0,0,0,4,4,4,0,0,0,75.5,75.5,75.5
browser-use,ESPN--42,C5,1,1.0,success,572,572,572,60,60,60,52,52,52,0,0,0,0,0,0,0,0,0,21.9,21.9,21.9
browser-use,ESPN--42,C7,1,1.0,success,38,38,38,10,10,10,9,9,9,0,0,0,5,5,5,0,0,0,66.7,66.7,66.7
browser-use,ESPN--42,C8,1,1.0,success,498,498,498,31,31,31,23,23,23,0,0,0,6,6,6,0,0,0,52.1,52.1,52.1
browser-use,ESPN--43,C0,1,1.0,success,1235,1235,1235,141,141,141,132,132,132,0,0,0,0,0,0,0,0,0,65.4,65.4,65.4
browser-use,ESPN--43,C2,1,1.0,success,40,40,40,10,10,10,9,9,9,0,0,0,6,6,6,0,0,0,44.2,44.2,44.2
browser-use,ESPN--43,C5,1,1.0,success,684,684,684,57,57,57,46,46,46,0,0,0,0,0,0,0,0,0,38.0,38.0,38.0
browser-use,ESPN--43,C7,1,1.0,success,46,46,46,10,10,10,9,9,9,0,0,0,4,4,4,0,0,0,60.5,60.5,60.5
browser-use,ESPN--43,C8,1,1.0,success,442,442,442,49,49,49,39,39,39,0,0,0,15,15,15,0,0,0,30.2,30.2,30.2
browser-use,ESPN--5,C0,1,1.0,success,416,416,416,43,43,43,35,35,35,0,0,0,0,0,0,0,0,0,37.2,37.2,37.2
browser-use,ESPN--5,C2,1,1.0,success,41,41,41,12,12,12,11,11,11,0,0,0,6,6,6,0,0,0,30.6,30.6,30.6
browser-use,ESPN--5,C5,1,1.0,success,977,977,977,84,84,84,74,74,74,0,0,0,0,0,0,0,0,0,64.8,64.8,64.8
browser-use,ESPN--5,C7,1,1.0,success,97,97,97,14,14,14,13,13,13,0,0,0,5,5,5,0,0,0,32.7,32.7,32.7
browser-use,ESPN--5,C8,1,1.0,success,81,81,81,12,12,12,11,11,11,3,3,3,2,2,2,0,0,0,22.6,22.6,22.6
browser-use,ESPN--6,C0,1,1.0,success,677,677,677,122,122,122,111,111,111,0,0,0,0,0,0,0,0,0,61.0,61.0,61.0
browser-use,ESPN--6,C2,1,1.0,success,94,94,94,13,13,13,12,12,12,0,0,0,4,4,4,0,0,0,68.2,68.2,68.2
browser-use,ESPN--6,C5,1,1.0,success,817,817,817,142,142,142,129,129,129,0,0,0,0,0,0,0,0,0,71.1,71.1,71.1
browser-use,ESPN--6,C7,1,1.0,success,96,96,96,12,12,12,11,11,11,0,0,0,5,5,5,0,0,0,75.6,75.6,75.6
browser-use,ESPN--6,C8,1,1.0,success,391,391,391,91,91,91,91,91,91,0,0,0,41,41,41,0,0,0,38.4,38.4,38.4
browser-use,ESPN--7,C0,1,1.0,success,846,846,846,109,109,109,98,98,98,0,0,0,0,0,0,0,0,0,43.0,43.0,43.0
browser-use,ESPN--7,C2,1,1.0,success,548,548,548,63,63,63,51,51,51,0,0,0,33,33,33,0,0,0,44.6,44.6,44.6
browser-use,ESPN--7,C5,1,1.0,success,775,775,775,86,86,86,73,73,73,0,0,0,0,0,0,0,0,0,48.1,48.1,48.1
browser-use,ESPN--7,C7,1,1.0,success,574,574,574,32,32,32,24,24,24,0,0,0,41,41,41,0,0,0,54.0,54.0,54.0
browser-use,ESPN--7,C8,1,1.0,success,481,481,481,59,59,59,47,47,47,0,0,0,27,27,27,0,0,0,31.6,31.6,31.6
browser-use,ESPN--8,C0,1,1.0,success,883,883,883,58,58,58,50,50,50,0,0,0,0,0,0,0,0,0,38.0,38.0,38.0
browser-use,ESPN--8,C2,1,1.0,success,205,205,205,33,33,33,25,25,25,0,0,0,7,7,7,0,0,0,22.1,22.1,22.1
browser-use,ESPN--8,C5,1,1.0,success,765,765,765,133,133,133,122,122,122,0,0,0,0,0,0,0,0,0,58.2,58.2,58.2
browser-use,ESPN--8,C7,1,1.0,success,397,397,397,58,58,58,47,47,47,0,0,0,21,21,21,0,0,0,37.8,37.8,37.8
browser-use,ESPN--8,C8,1,1.0,success,209,209,209,31,31,31,23,23,23,0,0,0,7,7,7,0,0,0,26.3,26.3,26.3
browser-use,ESPN--9,C0,1,1.0,success,774,774,774,130,130,130,119,119,119,0,0,0,0,0,0,0,0,0,67.1,67.1,67.1
browser-use,ESPN--9,C2,1,1.0,success,675,675,675,54,54,54,44,44,44,0,0,0,33,33,33,0,0,0,64.4,64.4,64.4
browser-use,ESPN--9,C5,1,1.0,success,655,655,655,127,127,127,116,116,116,0,0,0,0,0,0,0,0,0,39.9,39.9,39.9
browser-use,ESPN--9,C7,1,1.0,success,646,646,646,60,60,60,49,49,49,0,0,0,34,34,34,0,0,0,49.4,49.4,49.4
browser-use,ESPN--9,C8,1,1.0,success,413,413,413,62,62,62,51,51,51,0,0,0,15,15,15,0,0,0,41.0,41.0,41.0
browser-use,GitHub--0,C0,1,1.0,success,169,169,169,10,10,10,7,7,7,0,0,0,0,0,0,0,0,0,18.2,18.2,18.2
browser-use,GitHub--0,C2,1,1.0,success,231,231,231,12,12,12,9,9,9,0,0,0,0,0,0,0,0,0,26.3,26.3,26.3
browser-use,GitHub--0,C5,1,1.0,success,253,253,253,12,12,12,9,9,9,0,0,0,0,0,0,0,0,0,39.7,39.7,39.7
browser-use,GitHub--0,C7,1,1.0,success,236,236,236,12,12,12,9,9,9,0,0,0,0,0,0,0,0,0,22.1,22.1,22.1
browser-use,GitHub--0,C8,1,1.0,success,146,146,146,10,10,10,7,7,7,0,0,0,0,0,0,0,0,0,12.6,12.6,12.6
browser-use,GitHub--1,C0,1,1.0,success,242,242,242,12,12,12,9,9,9,0,0,0,0,0,0,0,0,0,24.9,24.9,24.9
browser-use,GitHub--1,C2,1,1.0,success,37,37,37,10,10,10,9,9,9,0,0,0,5,5,5,0,0,0,54.6,54.6,54.6
browser-use,GitHub--1,C5,1,1.0,success,228,228,228,11,11,11,8,8,8,0,0,0,0,0,0,0,0,0,28.5,28.5,28.5
browser-use,GitHub--1,C7,1,1.0,success,251,251,251,12,12,12,9,9,9,0,0,0,0,0,0,0,0,0,30.1,30.1,30.1
browser-use,GitHub--1,C8,1,1.0,success,219,219,219,10,10,10,7,7,7,0,0,0,0,0,0,0,0,0,24.8,24.8,24.8
browser-use,GitHub--10,C0,1,1.0,success,323,323,323,16,16,16,13,13,13,0,0,0,0,0,0,0,0,0,56.1,56.1,56.1
browser-use,GitHub--10,C2,1,1.0,success,97,97,97,12,12,12,12,12,12,0,0,0,5,5,5,0,0,0,32.5,32.5,32.5
browser-use,GitHub--10,C5,1,1.0,success,718,718,718,51,51,51,51,51,51,0,0,0,0,0,0,0,0,0,34.8,34.8,34.8
browser-use,GitHub--10,C7,1,1.0,success,458,458,458,55,55,55,55,55,55,0,0,0,16,16,16,0,0,0,59.9,59.9,59.9
browser-use,GitHub--10,C8,1,1.0,success,269,269,269,13,13,13,10,10,10,2,2,2,0,0,0,0,0,0,27.7,27.7,27.7
browser-use,GitHub--11,C0,1,1.0,success,264,264,264,10,10,10,7,7,7,0,0,0,0,0,0,0,0,0,34.9,34.9,34.9
browser-use,GitHub--11,C2,1,1.0,success,206,206,206,11,11,11,8,8,8,0,0,0,0,0,0,0,0,0,24.3,24.3,24.3
browser-use,GitHub--11,C5,1,1.0,success,230,230,230,11,11,11,8,8,8,0,0,0,0,0,0,0,0,0,25.4,25.4,25.4
browser-use,GitHub--11,C7,1,1.0,success,320,320,320,11,11,11,8,8,8,0,0,0,0,0,0,0,0,0,35.5,35.5,35.5
browser-use,GitHub--11,C8,1,1.0,success,289,289,289,11,11,11,8,8,8,0,0,0,0,0,0,0,0,0,45.1,45.1,45.1
browser-use,GitHub--12,C0,1,1.0,success,137,137,137,10,10,10,7,7,7,0,0,0,0,0,0,0,0,0,17.4,17.4,17.4
browser-use,GitHub--12,C2,1,1.0,success,378,378,378,13,13,13,10,10,10,0,0,0,0,0,0,0,0,0,37.1,37.1,37.1
browser-use,GitHub--12,C5,1,1.0,success,293,293,293,13,13,13,10,10,10,0,0,0,0,0,0,0,0,0,53.3,53.3,53.3
browser-use,GitHub--12,C7,1,1.0,success,272,272,272,13,13,13,10,10,10,0,0,0,0,0,0,0,0,0,21.1,21.1,21.1
browser-use,GitHub--12,C8,1,1.0,success,318,318,318,11,11,11,8,8,8,0,0,0,0,0,0,0,0,0,28.5,28.5,28.5
browser-use,GitHub--13,C0,1,1.0,success,297,297,297,12,12,12,9,9,9,0,0,0,0,0,0,0,0,0,31.9,31.9,31.9
browser-use,GitHub--13,C2,1,1.0,success,318,318,318,11,11,11,8,8,8,0,0,0,0,0,0,0,0,0,35.0,35.0,35.0
browser-use,GitHub--13,C5,1,1.0,success,301,301,301,11,11,11,8,8,8,0,0,0,0,0,0,0,0,0,47.3,47.3,47.3
browser-use,GitHub--13,C7,1,1.0,success,258,258,258,10,10,10,7,7,7,0,0,0,0,0,0,0,0,0,35.0,35.0,35.0
browser-use,GitHub--13,C8,1,1.0,success,230,230,230,10,10,10,7,7,7,0,0,0,0,0,0,0,0,0,33.1,33.1,33.1
browser-use,GitHub--14,C0,1,1.0,success,300,300,300,16,16,16,13,13,13,0,0,0,0,0,0,0,0,0,48.5,48.5,48.5
browser-use,GitHub--14,C2,1,1.0,success,94,94,94,11,11,11,10,10,10,0,0,0,5,5,5,0,0,0,76.9,76.9,76.9
browser-use,GitHub--14,C5,1,1.0,success,723,723,723,20,20,20,17,17,17,0,0,0,0,0,0,0,0,0,42.3,42.3,42.3
browser-use,GitHub--14,C7,1,1.0,success,39,39,39,11,11,11,10,10,10,0,0,0,5,5,5,0,0,0,58.9,58.9,58.9
browser-use,GitHub--14,C8,1,1.0,success,286,286,286,12,12,12,9,9,9,0,0,0,0,0,0,0,0,0,33.1,33.1,33.1
browser-use,GitHub--15,C0,1,1.0,success,292,292,292,12,12,12,9,9,9,0,0,0,0,0,0,0,0,0,19.2,19.2,19.2
browser-use,GitHub--15,C2,1,1.0,success,255,255,255,12,12,12,9,9,9,0,0,0,0,0,0,0,0,0,20.3,20.3,20.3
browser-use,GitHub--15,C5,1,1.0,success,305,305,305,12,12,12,9,9,9,0,0,0,0,0,0,0,0,0,24.3,24.3,24.3
browser-use,GitHub--15,C7,1,1.0,success,252,252,252,12,12,12,9,9,9,0,0,0,0,0,0,0,0,0,26.6,26.6,26.6
browser-use,GitHub--15,C8,1,1.0,success,254,254,254,12,12,12,9,9,9,0,0,0,0,0,0,0,0,0,22.7,22.7,22.7
browser-use,GitHub--16,C0,1,1.0,success,228,228,228,15,15,15,11,11,11,0,0,0,0,0,0,0,0,0,50.5,50.5,50.5
browser-use,GitHub--16,C2,1,1.0,success,97,97,97,13,13,13,10,10,10,0,0,0,5,5,5,0,0,0,30.6,30.6,30.6
browser-use,GitHub--16,C5,1,1.0,success,732,732,732,21,21,21,17,17,17,0,0,0,0,0,0,0,0,0,60.8,60.8,60.8
browser-use,GitHub--16,C7,1,1.0,success,52,52,52,10,10,10,9,9,9,0,0,0,5,5,5,0,0,0,73.1,73.1,73.1
browser-use,GitHub--16,C8,1,1.0,success,37,37,37,10,10,10,8,8,8,0,0,0,0,0,0,0,0,0,15.5,15.5,15.5
browser-use,GitHub--17,C0,1,1.0,success,254,254,254,12,12,12,9,9,9,0,0,0,0,0,0,0,0,0,26.4,26.4,26.4
browser-use,GitHub--17,C2,1,1.0,success,251,251,251,12,12,12,9,9,9,0,0,0,0,0,0,0,0,0,21.3,21.3,21.3
browser-use,GitHub--17,C5,1,1.0,success,270,270,270,12,12,12,9,9,9,0,0,0,0,0,0,0,0,0,35.3,35.3,35.3
browser-use,GitHub--17,C7,1,1.0,success,247,247,247,12,12,12,9,9,9,0,0,0,0,0,0,0,0,0,32.5,32.5,32.5
browser-use,GitHub--17,C8,1,1.0,success,268,268,268,11,11,11,8,8,8,0,0,0,0,0,0,0,0,0,27.3,27.3,27.3
browser-use,GitHub--18,C0,1,1.0,success,266,266,266,11,11,11,8,8,8,0,0,0,0,0,0,0,0,0,19.4,19.4,19.4
browser-use,GitHub--18,C2,1,1.0,success,244,244,244,10,10,10,7,7,7,0,0,0,0,0,0,0,0,0,20.0,20.0,20.0
browser-use,GitHub--18,C5,1,1.0,success,265,265,265,11,11,11,8,8,8,0,0,0,0,0,0,0,0,0,25.0,25.0,25.0
browser-use,GitHub--18,C7,1,1.0,success,265,265,265,11,11,11,8,8,8,0,0,0,0,0,0,0,0,0,18.3,18.3,18.3
browser-use,GitHub--18,C8,1,1.0,success,269,269,269,11,11,11,8,8,8,0,0,0,0,0,0,0,0,0,17.5,17.5,17.5
browser-use,GitHub--19,C0,1,1.0,success,144,144,144,10,10,10,7,7,7,0,0,0,0,0,0,0,0,0,24.0,24.0,24.0
browser-use,GitHub--19,C2,1,1.0,success,240,240,240,11,11,11,8,8,8,0,0,0,0,0,0,0,0,0,24.7,24.7,24.7
browser-use,GitHub--19,C5,1,1.0,success,218,218,218,10,10,10,7,7,7,0,0,0,0,0,0,0,0,0,44.3,44.3,44.3
browser-use,GitHub--19,C7,1,1.0,success,155,155,155,10,10,10,7,7,7,0,0,0,0,0,0,0,0,0,21.9,21.9,21.9
browser-use,GitHub--19,C8,1,1.0,success,276,276,276,12,12,12,9,9,9,0,0,0,0,0,0,0,0,0,21.3,21.3,21.3
browser-use,GitHub--2,C0,1,1.0,success,183,183,183,10,10,10,7,7,7,0,0,0,0,0,0,0,0,0,42.8,42.8,42.8
browser-use,GitHub--2,C2,1,1.0,success,255,255,255,10,10,10,7,7,7,0,0,0,0,0,0,0,0,0,55.1,55.1,55.1
browser-use,GitHub--2,C5,1,1.0,success,154,154,154,10,10,10,7,7,7,0,0,0,0,0,0,0,0,0,45.6,45.6,45.6
browser-use,GitHub--2,C7,1,1.0,success,157,157,157,10,10,10,7,7,7,0,0,0,0,0,0,0,0,0,36.0,36.0,36.0
browser-use,GitHub--2,C8,1,1.0,success,151,151,151,10,10,10,7,7,7,0,0,0,0,0,0,0,0,0,28.4,28.4,28.4
browser-use,GitHub--20,C0,1,1.0,success,142,142,142,13,13,13,12,12,12,0,0,0,0,0,0,0,0,0,49.6,49.6,49.6
browser-use,GitHub--20,C2,1,1.0,success,41,41,41,12,12,12,10,10,10,0,0,0,6,6,6,0,0,0,28.1,28.1,28.1
browser-use,GitHub--20,C5,1,1.0,success,465,465,465,18,18,18,17,17,17,0,0,0,0,0,0,0,0,0,35.4,35.4,35.4
browser-use,GitHub--20,C7,1,1.0,success,53,53,53,11,11,11,9,9,9,0,0,0,5,5,5,0,0,0,36.4,36.4,36.4
browser-use,GitHub--20,C8,1,1.0,success,51,51,51,7,7,7,6,6,6,0,0,0,0,0,0,0,0,0,33.7,33.7,33.7
browser-use,GitHub--21,C0,1,1.0,success,296,296,296,15,15,15,11,11,11,0,0,0,0,0,0,0,0,0,39.9,39.9,39.9
browser-use,GitHub--21,C2,1,1.0,success,242,242,242,13,13,13,10,10,10,0,0,0,2,2,2,0,0,0,28.3,28.3,28.3
browser-use,GitHub--21,C5,1,1.0,success,322,322,322,15,15,15,12,12,12,0,0,0,0,0,0,0,0,0,53.0,53.0,53.0
browser-use,GitHub--21,C7,1,1.0,success,130,130,130,10,10,10,9,9,9,0,0,0,2,2,2,0,0,0,27.5,27.5,27.5
browser-use,GitHub--21,C8,1,1.0,success,51,51,51,7,7,7,6,6,6,0,0,0,0,0,0,0,0,0,32.8,32.8,32.8
browser-use,GitHub--22,C0,1,1.0,success,207,207,207,12,12,12,9,9,9,0,0,0,0,0,0,0,0,0,31.8,31.8,31.8
browser-use,GitHub--22,C2,1,1.0,success,428,428,428,11,11,11,8,8,8,0,0,0,0,0,0,0,0,0,40.8,40.8,40.8
browser-use,GitHub--22,C5,1,1.0,success,292,292,292,10,10,10,7,7,7,0,0,0,0,0,0,0,0,0,30.6,30.6,30.6
browser-use,GitHub--22,C7,1,1.0,success,399,399,399,12,12,12,9,9,9,0,0,0,0,0,0,0,0,0,37.6,37.6,37.6
browser-use,GitHub--22,C8,1,1.0,success,148,148,148,10,10,10,7,7,7,0,0,0,0,0,0,0,0,0,16.2,16.2,16.2
browser-use,GitHub--23,C0,1,1.0,success,959,959,959,24,24,24,21,21,21,0,0,0,0,0,0,0,0,0,58.9,58.9,58.9
browser-use,GitHub--23,C2,1,1.0,success,39,39,39,11,11,11,10,10,10,0,0,0,5,5,5,0,0,0,70.5,70.5,70.5
browser-use,GitHub--23,C5,1,1.0,success,363,363,363,17,17,17,14,14,14,0,0,0,0,0,0,0,0,0,36.6,36.6,36.6
browser-use,GitHub--23,C7,1,1.0,success,46,46,46,10,10,10,9,9,9,0,0,0,4,4,4,0,0,0,40.8,40.8,40.8
browser-use,GitHub--23,C8,1,1.0,success,290,290,290,13,13,13,10,10,10,0,0,0,0,0,0,0,0,0,27.5,27.5,27.5
browser-use,GitHub--24,C0,1,1.0,success,432,432,432,14,14,14,11,11,11,0,0,0,0,0,0,0,0,0,44.4,44.4,44.4
browser-use,GitHub--24,C2,1,1.0,success,487,487,487,14,14,14,11,11,11,0,0,0,0,0,0,0,0,0,49.6,49.6,49.6
browser-use,GitHub--24,C5,1,1.0,success,448,448,448,16,16,16,13,13,13,0,0,0,0,0,0,0,0,0,55.6,55.6,55.6
browser-use,GitHub--24,C7,1,1.0,success,484,484,484,14,14,14,11,11,11,0,0,0,0,0,0,0,0,0,55.3,55.3,55.3
browser-use,GitHub--24,C8,1,1.0,success,367,367,367,12,12,12,9,9,9,0,0,0,0,0,0,0,0,0,44.0,44.0,44.0
browser-use,GitHub--25,C0,1,1.0,success,267,267,267,11,11,11,8,8,8,0,0,0,0,0,0,0,0,0,27.7,27.7,27.7
browser-use,GitHub--25,C2,1,1.0,success,235,235,235,11,11,11,8,8,8,0,0,0,0,0,0,0,0,0,18.2,18.2,18.2
browser-use,GitHub--25,C5,1,1.0,success,280,280,280,13,13,13,10,10,10,0,0,0,0,0,0,0,0,0,30.4,30.4,30.4
browser-use,GitHub--25,C7,1,1.0,success,237,237,237,11,11,11,8,8,8,0,0,0,0,0,0,0,0,0,18.2,18.2,18.2
browser-use,GitHub--25,C8,1,1.0,success,273,273,273,11,11,11,8,8,8,0,0,0,0,0,0,0,0,0,27.6,27.6,27.6
browser-use,GitHub--26,C0,1,1.0,success,279,279,279,19,19,19,14,14,14,0,0,0,0,0,0,0,0,0,41.9,41.9,41.9
browser-use,GitHub--26,C2,1,1.0,success,47,47,47,10,10,10,9,9,9,0,0,0,4,4,4,0,0,0,38.0,38.0,38.0
browser-use,GitHub--26,C5,1,1.0,success,280,280,280,18,18,18,13,13,13,0,0,0,0,0,0,0,0,0,36.5,36.5,36.5
browser-use,GitHub--26,C7,1,1.0,success,94,94,94,11,11,11,10,10,10,0,0,0,5,5,5,0,0,0,29.3,29.3,29.3
browser-use,GitHub--26,C8,1,1.0,success,206,206,206,15,15,15,10,10,10,0,0,0,0,0,0,0,0,0,28.3,28.3,28.3
browser-use,GitHub--27,C0,1,1.0,success,154,154,154,10,10,10,7,7,7,0,0,0,0,0,0,0,0,0,22.7,22.7,22.7
browser-use,GitHub--27,C2,1,1.0,success,165,165,165,10,10,10,7,7,7,0,0,0,0,0,0,0,0,0,16.5,16.5,16.5
browser-use,GitHub--27,C5,1,1.0,success,157,157,157,10,10,10,7,7,7,0,0,0,0,0,0,0,0,0,23.1,23.1,23.1
browser-use,GitHub--27,C7,1,1.0,success,254,254,254,10,10,10,7,7,7,0,0,0,0,0,0,0,0,0,14.1,14.1,14.1
browser-use,GitHub--27,C8,1,1.0,success,260,260,260,12,12,12,9,9,9,0,0,0,0,0,0,0,0,0,22.8,22.8,22.8
browser-use,GitHub--28,C0,1,1.0,success,153,153,153,10,10,10,7,7,7,0,0,0,0,0,0,0,0,0,20.7,20.7,20.7
browser-use,GitHub--28,C2,1,1.0,success,217,217,217,10,10,10,7,7,7,0,0,0,0,0,0,0,0,0,59.7,59.7,59.7
browser-use,GitHub--28,C5,1,1.0,success,250,250,250,10,10,10,7,7,7,0,0,0,0,0,0,0,0,0,51.7,51.7,51.7
browser-use,GitHub--28,C7,1,1.0,success,151,151,151,10,10,10,7,7,7,0,0,0,0,0,0,0,0,0,30.0,30.0,30.0
browser-use,GitHub--28,C8,1,1.0,success,151,151,151,10,10,10,7,7,7,0,0,0,0,0,0,0,0,0,24.7,24.7,24.7
browser-use,GitHub--29,C0,1,1.0,success,762,762,762,23,23,23,20,20,20,0,0,0,0,0,0,0,0,0,63.6,63.6,63.6
browser-use,GitHub--29,C2,1,1.0,success,92,92,92,11,11,11,10,10,10,0,0,0,4,4,4,0,0,0,29.0,29.0,29.0
browser-use,GitHub--29,C5,1,1.0,success,217,217,217,14,14,14,11,11,11,0,0,0,0,0,0,0,0,0,27.9,27.9,27.9
browser-use,GitHub--29,C7,1,1.0,success,96,96,96,12,12,12,10,10,10,0,0,0,5,5,5,0,0,0,29.5,29.5,29.5
browser-use,GitHub--29,C8,1,1.0,success,157,157,157,9,9,9,6,6,6,0,0,0,0,0,0,0,0,0,22.2,22.2,22.2
browser-use,GitHub--3,C0,1,1.0,success,216,216,216,14,14,14,11,11,11,0,0,0,0,0,0,0,0,0,37.1,37.1,37.1
browser-use,GitHub--3,C2,1,1.0,success,38,38,38,10,10,10,9,9,9,0,0,0,5,5,5,0,0,0,66.6,66.6,66.6
browser-use,GitHub--3,C5,1,1.0,success,220,220,220,16,16,16,13,13,13,0,0,0,0,0,0,0,0,0,36.3,36.3,36.3
browser-use,GitHub--3,C7,1,1.0,success,206,206,206,14,14,14,11,11,11,0,0,0,0,0,0,0,0,0,13.3,13.3,13.3
browser-use,GitHub--3,C8,1,1.0,success,139,139,139,10,10,10,7,7,7,0,0,0,0,0,0,0,0,0,22.3,22.3,22.3
browser-use,GitHub--30,C0,1,1.0,success,300,300,300,10,10,10,7,7,7,0,0,0,0,0,0,0,0,0,40.6,40.6,40.6
browser-use,GitHub--30,C2,1,1.0,success,272,272,272,10,10,10,7,7,7,0,0,0,0,0,0,0,0,0,47.9,47.9,47.9
browser-use,GitHub--30,C5,1,1.0,success,334,334,334,10,10,10,7,7,7,0,0,0,0,0,0,0,0,0,46.3,46.3,46.3
browser-use,GitHub--30,C7,1,1.0,success,245,245,245,10,10,10,7,7,7,0,0,0,0,0,0,0,0,0,38.9,38.9,38.9
browser-use,GitHub--30,C8,1,1.0,success,352,352,352,11,11,11,8,8,8,0,0,0,0,0,0,0,0,0,46.7,46.7,46.7
browser-use,GitHub--31,C0,1,1.0,success,371,371,371,15,15,15,12,12,12,0,0,0,0,0,0,0,0,0,42.1,42.1,42.1
browser-use,GitHub--31,C2,1,1.0,success,94,94,94,12,12,12,10,10,10,0,0,0,4,4,4,0,0,0,67.5,67.5,67.5
browser-use,GitHub--31,C5,1,1.0,success,375,375,375,15,15,15,12,12,12,0,0,0,0,0,0,0,0,0,52.7,52.7,52.7
browser-use,GitHub--31,C7,1,1.0,success,49,49,49,10,10,10,9,9,9,0,0,0,5,5,5,0,0,0,35.6,35.6,35.6
browser-use,GitHub--31,C8,1,1.0,success,295,295,295,12,12,12,9,9,9,2,2,2,0,0,0,0,0,0,37.9,37.9,37.9
browser-use,GitHub--32,C0,1,1.0,success,352,352,352,11,11,11,8,8,8,0,0,0,0,0,0,0,0,0,30.6,30.6,30.6
browser-use,GitHub--32,C2,1,1.0,success,258,258,258,12,12,12,9,9,9,0,0,0,0,0,0,0,0,0,27.4,27.4,27.4
browser-use,GitHub--32,C5,1,1.0,success,258,258,258,11,11,11,8,8,8,0,0,0,0,0,0,0,0,0,32.8,32.8,32.8
browser-use,GitHub--32,C7,1,1.0,success,252,252,252,11,11,11,8,8,8,0,0,0,0,0,0,0,0,0,35.8,35.8,35.8
browser-use,GitHub--32,C8,1,1.0,success,326,326,326,11,11,11,8,8,8,0,0,0,0,0,0,0,0,0,33.9,33.9,33.9
browser-use,GitHub--33,C0,1,1.0,success,169,169,169,10,10,10,7,7,7,0,0,0,0,0,0,0,0,0,26.6,26.6,26.6
browser-use,GitHub--33,C2,1,1.0,success,186,186,186,11,11,11,8,8,8,0,0,0,0,0,0,0,0,0,25.8,25.8,25.8
browser-use,GitHub--33,C5,1,1.0,success,713,713,713,20,20,20,17,17,17,0,0,0,0,0,0,0,0,0,44.8,44.8,44.8
browser-use,GitHub--33,C7,1,1.0,success,166,166,166,10,10,10,7,7,7,0,0,0,0,0,0,0,0,0,18.8,18.8,18.8
browser-use,GitHub--33,C8,1,1.0,success,206,206,206,11,11,11,8,8,8,0,0,0,0,0,0,0,0,0,35.0,35.0,35.0
browser-use,GitHub--34,C0,1,1.0,success,337,337,337,12,12,12,9,9,9,0,0,0,0,0,0,0,0,0,35.9,35.9,35.9
browser-use,GitHub--34,C2,1,1.0,success,240,240,240,12,12,12,9,9,9,0,0,0,0,0,0,0,0,0,19.3,19.3,19.3
browser-use,GitHub--34,C5,1,1.0,success,244,244,244,12,12,12,9,9,9,0,0,0,0,0,0,0,0,0,26.1,26.1,26.1
browser-use,GitHub--34,C7,1,1.0,success,372,372,372,12,12,12,9,9,9,0,0,0,0,0,0,0,0,0,47.7,47.7,47.7
browser-use,GitHub--34,C8,1,1.0,success,287,287,287,12,12,12,9,9,9,0,0,0,0,0,0,0,0,0,23.2,23.2,23.2
browser-use,GitHub--35,C0,1,1.0,success,147,147,147,10,10,10,7,7,7,0,0,0,0,0,0,0,0,0,18.3,18.3,18.3
browser-use,GitHub--35,C2,1,1.0,success,46,46,46,10,10,10,9,9,9,0,0,0,4,4,4,0,0,0,35.6,35.6,35.6
browser-use,GitHub--35,C5,1,1.0,success,150,150,150,10,10,10,7,7,7,0,0,0,0,0,0,0,0,0,11.3,11.3,11.3
browser-use,GitHub--35,C7,1,1.0,success,38,38,38,11,11,11,10,10,10,0,0,0,5,5,5,0,0,0,67.0,67.0,67.0
browser-use,GitHub--35,C8,1,1.0,success,196,196,196,11,11,11,8,8,8,0,0,0,0,0,0,0,0,0,24.3,24.3,24.3
browser-use,GitHub--36,C0,1,1.0,success,324,324,324,10,10,10,7,7,7,0,0,0,0,0,0,0,0,0,35.2,35.2,35.2
browser-use,GitHub--36,C2,1,1.0,success,245,245,245,11,11,11,8,8,8,0,0,0,1,1,1,0,0,0,47.1,47.1,47.1
browser-use,GitHub--36,C5,1,1.0,success,312,312,312,10,10,10,7,7,7,0,0,0,0,0,0,0,0,0,38.5,38.5,38.5
browser-use,GitHub--36,C7,1,1.0,success,237,237,237,10,10,10,7,7,7,0,0,0,0,0,0,0,0,0,30.1,30.1,30.1
browser-use,GitHub--36,C8,1,1.0,success,221,221,221,10,10,10,7,7,7,0,0,0,0,0,0,0,0,0,23.4,23.4,23.4
browser-use,GitHub--37,C0,1,1.0,success,798,798,798,25,25,25,22,22,22,0,0,0,0,0,0,0,0,0,55.1,55.1,55.1
browser-use,GitHub--37,C2,1,1.0,success,40,40,40,11,11,11,9,9,9,0,0,0,6,6,6,0,0,0,63.1,63.1,63.1
browser-use,GitHub--37,C5,1,1.0,success,257,257,257,16,16,16,13,13,13,0,0,0,0,0,0,0,0,0,25.1,25.1,25.1
browser-use,GitHub--37,C7,1,1.0,success,96,96,96,12,12,12,10,10,10,0,0,0,5,5,5,0,0,0,72.7,72.7,72.7
browser-use,GitHub--37,C8,1,1.0,success,183,183,183,12,12,12,9,9,9,0,0,0,0,0,0,0,0,0,16.3,16.3,16.3
browser-use,GitHub--38,C0,1,1.0,success,168,168,168,10,10,10,7,7,7,0,0,0,0,0,0,0,0,0,28.5,28.5,28.5
browser-use,GitHub--38,C2,1,1.0,success,267,267,267,12,12,12,9,9,9,0,0,0,0,0,0,0,0,0,16.9,16.9,16.9
browser-use,GitHub--38,C5,1,1.0,success,280,280,280,10,10,10,7,7,7,0,0,0,0,0,0,0,0,0,32.5,32.5,32.5
browser-use,GitHub--38,C7,1,1.0,success,262,262,262,12,12,12,9,9,9,0,0,0,0,0,0,0,0,0,17.4,17.4,17.4
browser-use,GitHub--38,C8,1,1.0,success,265,265,265,12,12,12,9,9,9,0,0,0,0,0,0,0,0,0,23.9,23.9,23.9
browser-use,GitHub--39,C0,1,1.0,success,256,256,256,10,10,10,7,7,7,0,0,0,0,0,0,0,0,0,19.3,19.3,19.3
browser-use,GitHub--39,C2,1,1.0,success,140,140,140,10,10,10,7,7,7,0,0,0,0,0,0,0,0,0,15.5,15.5,15.5
browser-use,GitHub--39,C5,1,1.0,success,326,326,326,10,10,10,7,7,7,0,0,0,0,0,0,0,0,0,40.3,40.3,40.3
browser-use,GitHub--39,C7,1,1.0,success,268,268,268,10,10,10,7,7,7,0,0,0,0,0,0,0,0,0,31.6,31.6,31.6
browser-use,GitHub--39,C8,1,1.0,success,263,263,263,10,10,10,7,7,7,0,0,0,0,0,0,0,0,0,24.9,24.9,24.9
browser-use,GitHub--4,C0,1,1.0,success,412,412,412,12,12,12,9,9,9,0,0,0,0,0,0,0,0,0,52.5,52.5,52.5
browser-use,GitHub--4,C2,1,1.0,success,286,286,286,12,12,12,9,9,9,0,0,0,0,0,0,0,0,0,26.5,26.5,26.5
browser-use,GitHub--4,C5,1,1.0,success,253,253,253,11,11,11,8,8,8,0,0,0,0,0,0,0,0,0,20.6,20.6,20.6
browser-use,GitHub--4,C7,1,1.0,success,289,289,289,12,12,12,9,9,9,0,0,0,0,0,0,0,0,0,20.7,20.7,20.7
browser-use,GitHub--4,C8,1,1.0,success,286,286,286,12,12,12,9,9,9,0,0,0,0,0,0,0,0,0,25.6,25.6,25.6
browser-use,GitHub--40,C0,1,1.0,success,215,215,215,10,10,10,7,7,7,0,0,0,0,0,0,0,0,0,28.4,28.4,28.4
browser-use,GitHub--40,C2,1,1.0,success,205,205,205,10,10,10,7,7,7,0,0,0,0,0,0,0,0,0,21.3,21.3,21.3
browser-use,GitHub--40,C5,1,1.0,success,209,209,209,10,10,10,7,7,7,0,0,0,0,0,0,0,0,0,20.2,20.2,20.2
browser-use,GitHub--40,C7,1,1.0,success,199,199,199,10,10,10,7,7,7,0,0,0,0,0,0,0,0,0,26.1,26.1,26.1
browser-use,GitHub--40,C8,1,1.0,success,208,208,208,10,10,10,7,7,7,0,0,0,0,0,0,0,0,0,30.7,30.7,30.7
browser-use,GitHub--5,C0,1,1.0,success,314,314,314,14,14,14,11,11,11,0,0,0,0,0,0,0,0,0,35.1,35.1,35.1
browser-use,GitHub--5,C2,1,1.0,success,241,241,241,10,10,10,7,7,7,0,0,0,0,0,0,0,0,0,23.6,23.6,23.6
browser-use,GitHub--5,C5,1,1.0,success,335,335,335,12,12,12,9,9,9,0,0,0,0,0,0,0,0,0,28.0,28.0,28.0
browser-use,GitHub--5,C7,1,1.0,success,264,264,264,11,11,11,8,8,8,0,0,0,0,0,0,0,0,0,18.6,18.6,18.6
browser-use,GitHub--5,C8,1,1.0,success,261,261,261,11,11,11,8,8,8,0,0,0,0,0,0,0,0,0,21.8,21.8,21.8
browser-use,GitHub--6,C0,1,1.0,success,456,456,456,12,12,12,9,9,9,0,0,0,0,0,0,0,0,0,48.6,48.6,48.6
browser-use,GitHub--6,C2,1,1.0,success,218,218,218,10,10,10,7,7,7,0,0,0,0,0,0,0,0,0,28.0,28.0,28.0
browser-use,GitHub--6,C5,1,1.0,success,281,281,281,11,11,11,8,8,8,0,0,0,0,0,0,0,0,0,25.5,25.5,25.5
browser-use,GitHub--6,C7,1,1.0,success,40,40,40,10,10,10,9,9,9,0,0,0,6,6,6,0,0,0,29.3,29.3,29.3
browser-use,GitHub--6,C8,1,1.0,success,250,250,250,11,11,11,8,8,8,0,0,0,0,0,0,0,0,0,26.8,26.8,26.8
browser-use,GitHub--7,C0,1,1.0,success,371,371,371,14,14,14,11,11,11,0,0,0,0,0,0,0,0,0,38.1,38.1,38.1
browser-use,GitHub--7,C2,1,1.0,success,95,95,95,11,11,11,10,10,10,0,0,0,5,5,5,0,0,0,29.9,29.9,29.9
browser-use,GitHub--7,C5,1,1.0,success,843,843,843,20,20,20,17,17,17,0,0,0,0,0,0,0,0,0,52.0,52.0,52.0
browser-use,GitHub--7,C7,1,1.0,success,93,93,93,10,10,10,9,9,9,0,0,0,5,5,5,0,0,0,58.9,58.9,58.9
browser-use,GitHub--7,C8,1,1.0,success,397,397,397,10,10,10,7,7,7,0,0,0,0,0,0,0,0,0,37.6,37.6,37.6
browser-use,GitHub--8,C0,1,1.0,success,308,308,308,15,15,15,12,12,12,0,0,0,0,0,0,0,0,0,29.7,29.7,29.7
browser-use,GitHub--8,C2,1,1.0,success,96,96,96,13,13,13,12,12,12,0,0,0,5,5,5,0,0,0,30.1,30.1,30.1
browser-use,GitHub--8,C5,1,1.0,success,730,730,730,20,20,20,17,17,17,0,0,0,0,0,0,0,0,0,61.2,61.2,61.2
browser-use,GitHub--8,C7,1,1.0,success,97,97,97,13,13,13,12,12,12,0,0,0,5,5,5,0,0,0,29.8,29.8,29.8
browser-use,GitHub--8,C8,1,1.0,success,148,148,148,10,10,10,7,7,7,0,0,0,0,0,0,0,0,0,13.2,13.2,13.2
browser-use,GitHub--9,C0,1,1.0,success,228,228,228,10,10,10,7,7,7,0,0,0,0,0,0,0,0,0,27.5,27.5,27.5
browser-use,GitHub--9,C2,1,1.0,success,226,226,226,10,10,10,7,7,7,0,0,0,0,0,0,0,0,0,22.3,22.3,22.3
browser-use,GitHub--9,C5,1,1.0,success,156,156,156,10,10,10,7,7,7,0,0,0,0,0,0,0,0,0,21.0,21.0,21.0
browser-use,GitHub--9,C7,1,1.0,success,227,227,227,10,10,10,7,7,7,0,0,0,0,0,0,0,0,0,22.1,22.1,22.1
browser-use,GitHub--9,C8,1,1.0,success,226,226,226,10,10,10,7,7,7,0,0,0,0,0,0,0,0,0,27.6,27.6,27.6
browser-use,Google_Flights--0,C0,1,1.0,success,937,937,937,179,179,179,174,174,174,0,0,0,0,0,0,0,0,0,41.5,41.5,41.5
browser-use,Google_Flights--0,C2,1,1.0,success,101,101,101,12,12,12,8,8,8,0,0,0,3,3,3,0,0,0,41.1,41.1,41.1
browser-use,Google_Flights--0,C5,1,1.0,success,628,628,628,61,61,61,55,55,55,0,0,0,0,0,0,0,0,0,47.2,47.2,47.2
browser-use,Google_Flights--0,C7,1,1.0,success,357,357,357,41,41,41,37,37,37,0,0,0,5,5,5,1,1,1,60.1,60.1,60.1
browser-use,Google_Flights--0,C8,1,1.0,success,386,386,386,38,38,38,34,34,34,0,0,0,8,8,8,2,2,2,37.0,37.0,37.0
browser-use,Google_Flights--1,C0,1,1.0,success,169,169,169,19,19,19,13,13,13,0,0,0,0,0,0,0,0,0,40.9,40.9,40.9
browser-use,Google_Flights--1,C2,1,1.0,success,150,150,150,20,20,20,14,14,14,0,0,0,1,1,1,0,0,0,42.5,42.5,42.5
browser-use,Google_Flights--1,C5,1,1.0,success,414,414,414,25,25,25,21,21,21,0,0,0,0,0,0,0,0,0,62.0,62.0,62.0
browser-use,Google_Flights--1,C7,1,1.0,success,90,90,90,15,15,15,9,9,9,0,0,0,0,0,0,0,0,0,48.5,48.5,48.5
browser-use,Google_Flights--1,C8,1,1.0,success,73,73,73,15,15,15,9,9,9,0,0,0,0,0,0,0,0,0,32.3,32.3,32.3
browser-use,Google_Flights--10,C0,1,1.0,success,579,579,579,23,23,23,17,17,17,0,0,0,0,0,0,0,0,0,41.4,41.4,41.4
browser-use,Google_Flights--10,C2,1,1.0,success,129,129,129,17,17,17,11,11,11,0,0,0,0,0,0,0,0,0,47.8,47.8,47.8
browser-use,Google_Flights--10,C5,1,1.0,success,225,225,225,22,22,22,16,16,16,0,0,0,0,0,0,0,0,0,60.2,60.2,60.2
browser-use,Google_Flights--10,C7,1,1.0,success,129,129,129,17,17,17,11,11,11,0,0,0,0,0,0,0,0,0,53.9,53.9,53.9
browser-use,Google_Flights--10,C8,1,1.0,success,97,97,97,17,17,17,11,11,11,0,0,0,0,0,0,0,0,0,47.8,47.8,47.8
browser-use,Google_Flights--11,C0,1,1.0,success,195,195,195,29,29,29,23,23,23,0,0,0,0,0,0,0,0,0,40.0,40.0,40.0
browser-use,Google_Flights--11,C2,1,1.0,success,111,111,111,17,17,17,11,11,11,0,0,0,0,0,0,0,0,0,52.4,52.4,52.4
browser-use,Google_Flights--11,C5,1,1.0,success,159,159,159,17,17,17,11,11,11,0,0,0,0,0,0,0,0,0,55.1,55.1,55.1
browser-use,Google_Flights--11,C7,1,1.0,success,122,122,122,17,17,17,11,11,11,0,0,0,0,0,0,0,0,0,48.2,48.2,48.2
browser-use,Google_Flights--11,C8,1,1.0,success,122,122,122,15,15,15,9,9,9,0,0,0,0,0,0,0,0,0,59.7,59.7,59.7
browser-use,Google_Flights--12,C0,1,1.0,success,120,120,120,17,17,17,11,11,11,0,0,0,0,0,0,0,0,0,41.1,41.1,41.1
browser-use,Google_Flights--12,C2,1,1.0,success,98,98,98,17,17,17,11,11,11,0,0,0,0,0,0,0,0,0,45.2,45.2,45.2
browser-use,Google_Flights--12,C5,1,1.0,success,111,111,111,17,17,17,11,11,11,0,0,0,0,0,0,0,0,0,40.3,40.3,40.3
browser-use,Google_Flights--12,C7,1,1.0,success,156,156,156,17,17,17,11,11,11,0,0,0,0,0,0,0,0,0,40.5,40.5,40.5
browser-use,Google_Flights--12,C8,1,1.0,success,95,95,95,17,17,17,11,11,11,0,0,0,0,0,0,0,0,0,52.9,52.9,52.9
browser-use,Google_Flights--13,C0,1,1.0,success,137,137,137,17,17,17,11,11,11,0,0,0,0,0,0,0,0,0,59.9,59.9,59.9
browser-use,Google_Flights--13,C2,1,1.0,success,182,182,182,14,14,14,8,8,8,0,0,0,3,3,3,0,0,0,27.7,27.7,27.7
browser-use,Google_Flights--13,C5,1,1.0,success,173,173,173,19,19,19,13,13,13,0,0,0,0,0,0,0,0,0,57.2,57.2,57.2
browser-use,Google_Flights--13,C7,1,1.0,success,137,137,137,16,16,16,10,10,10,0,0,0,1,1,1,0,0,0,58.4,58.4,58.4
browser-use,Google_Flights--13,C8,1,1.0,success,116,116,116,17,17,17,11,11,11,0,0,0,0,0,0,0,0,0,38.7,38.7,38.7
browser-use,Google_Flights--14,C0,1,1.0,success,174,174,174,19,19,19,13,13,13,0,0,0,0,0,0,0,0,0,58.6,58.6,58.6
browser-use,Google_Flights--14,C2,1,1.0,success,161,161,161,19,19,19,13,13,13,0,0,0,0,0,0,0,0,0,53.3,53.3,53.3
browser-use,Google_Flights--14,C5,1,1.0,success,319,319,319,42,42,42,36,36,36,0,0,0,0,0,0,0,0,0,62.2,62.2,62.2
browser-use,Google_Flights--14,C7,1,1.0,success,109,109,109,17,17,17,11,11,11,0,0,0,0,0,0,0,0,0,40.1,40.1,40.1
browser-use,Google_Flights--14,C8,1,1.0,success,91,91,91,15,15,15,9,9,9,0,0,0,0,0,0,0,0,0,42.1,42.1,42.1
browser-use,Google_Flights--15,C0,1,1.0,success,538,538,538,41,41,41,35,35,35,0,0,0,0,0,0,0,0,0,30.2,30.2,30.2
browser-use,Google_Flights--15,C2,1,1.0,success,66,66,66,10,10,10,6,6,6,0,0,0,7,7,7,0,0,0,69.6,69.6,69.6
browser-use,Google_Flights--15,C5,1,1.0,success,181,181,181,19,19,19,13,13,13,0,0,0,0,0,0,0,0,0,54.2,54.2,54.2
browser-use,Google_Flights--15,C7,1,1.0,success,108,108,108,18,18,18,12,12,12,0,0,0,3,3,3,0,0,0,50.8,50.8,50.8
browser-use,Google_Flights--15,C8,1,1.0,success,115,115,115,17,17,17,11,11,11,0,0,0,0,0,0,0,0,0,49.3,49.3,49.3
browser-use,Google_Flights--16,C0,1,1.0,success,115,115,115,17,17,17,11,11,11,0,0,0,0,0,0,0,0,0,41.4,41.4,41.4
browser-use,Google_Flights--16,C2,1,1.0,success,99,99,99,17,17,17,11,11,11,0,0,0,0,0,0,0,0,0,44.2,44.2,44.2
browser-use,Google_Flights--16,C5,1,1.0,success,104,104,104,17,17,17,11,11,11,0,0,0,0,0,0,0,0,0,38.4,38.4,38.4
browser-use,Google_Flights--16,C7,1,1.0,success,164,164,164,19,19,19,13,13,13,0,0,0,0,0,0,0,0,0,51.5,51.5,51.5
browser-use,Google_Flights--16,C8,1,1.0,success,104,104,104,17,17,17,11,11,11,0,0,0,0,0,0,0,0,0,39.5,39.5,39.5
browser-use,Google_Flights--17,C0,1,1.0,success,121,121,121,17,17,17,11,11,11,0,0,0,0,0,0,0,0,0,40.3,40.3,40.3
browser-use,Google_Flights--17,C2,1,1.0,success,104,104,104,18,18,18,12,12,12,0,0,0,1,1,1,0,0,0,56.1,56.1,56.1
browser-use,Google_Flights--17,C5,1,1.0,success,651,651,651,20,20,20,16,16,16,0,0,0,0,0,0,0,0,0,57.2,57.2,57.2
browser-use,Google_Flights--17,C7,1,1.0,success,111,111,111,17,17,17,11,11,11,0,0,0,0,0,0,0,0,0,40.2,40.2,40.2
browser-use,Google_Flights--17,C8,1,1.0,success,119,119,119,17,17,17,11,11,11,0,0,0,0,0,0,0,0,0,43.7,43.7,43.7
browser-use,Google_Flights--18,C0,1,1.0,success,906,906,906,24,24,24,20,20,20,0,0,0,0,0,0,0,0,0,53.7,53.7,53.7
browser-use,Google_Flights--18,C2,1,1.0,success,145,145,145,18,18,18,12,12,12,0,0,0,1,1,1,0,0,0,48.1,48.1,48.1
browser-use,Google_Flights--18,C5,1,1.0,success,647,647,647,27,27,27,21,21,21,0,0,0,0,0,0,0,0,0,44.8,44.8,44.8
browser-use,Google_Flights--18,C7,1,1.0,success,120,120,120,17,17,17,11,11,11,0,0,0,0,0,0,0,0,0,41.9,41.9,41.9
browser-use,Google_Flights--18,C8,1,1.0,success,119,119,119,17,17,17,11,11,11,0,0,0,0,0,0,0,0,0,44.6,44.6,44.6
browser-use,Google_Flights--19,C0,1,1.0,success,1129,1129,1129,60,60,60,53,53,53,0,0,0,0,0,0,0,0,0,45.7,45.7,45.7
browser-use,Google_Flights--19,C2,1,1.0,success,101,101,101,19,19,19,13,13,13,0,0,0,2,2,2,0,0,0,65.3,65.3,65.3
browser-use,Google_Flights--19,C5,1,1.0,success,87,87,87,15,15,15,9,9,9,0,0,0,0,0,0,0,0,0,33.5,33.5,33.5
browser-use,Google_Flights--19,C7,1,1.0,success,162,162,162,19,19,19,13,13,13,0,0,0,0,0,0,0,0,0,42.7,42.7,42.7
browser-use,Google_Flights--19,C8,1,1.0,success,100,100,100,17,17,17,11,11,11,0,0,0,0,0,0,0,0,0,37.6,37.6,37.6
browser-use,Google_Flights--2,C0,1,1.0,success,96,96,96,15,15,15,9,9,9,0,0,0,0,0,0,0,0,0,39.4,39.4,39.4
browser-use,Google_Flights--2,C2,1,1.0,success,145,145,145,15,15,15,9,9,9,0,0,0,0,0,0,0,0,0,55.2,55.2,55.2
browser-use,Google_Flights--2,C5,1,1.0,success,280,280,280,19,19,19,13,13,13,0,0,0,0,0,0,0,0,0,64.6,64.6,64.6
browser-use,Google_Flights--2,C7,1,1.0,success,183,183,183,15,15,15,9,9,9,0,0,0,3,3,3,0,0,0,27.1,27.1,27.1
browser-use,Google_Flights--2,C8,1,1.0,success,88,88,88,15,15,15,9,9,9,0,0,0,0,0,0,0,0,0,41.6,41.6,41.6
browser-use,Google_Flights--20,C0,1,1.0,success,131,131,131,17,17,17,11,11,11,0,0,0,0,0,0,0,0,0,50.2,50.2,50.2
browser-use,Google_Flights--20,C2,1,1.0,success,192,192,192,14,14,14,8,8,8,0,0,0,2,2,2,0,0,0,58.8,58.8,58.8
browser-use,Google_Flights--20,C5,1,1.0,success,744,744,744,37,37,37,31,31,31,0,0,0,0,0,0,0,0,0,78.0,78.0,78.0
browser-use,Google_Flights--20,C7,1,1.0,success,103,103,103,18,18,18,12,12,12,0,0,0,4,4,4,0,0,0,52.6,52.6,52.6
browser-use,Google_Flights--20,C8,1,1.0,success,87,87,87,17,17,17,11,11,11,0,0,0,0,0,0,0,0,0,42.1,42.1,42.1
browser-use,Google_Flights--21,C0,1,1.0,success,121,121,121,15,15,15,9,9,9,0,0,0,0,0,0,0,0,0,45.8,45.8,45.8
browser-use,Google_Flights--21,C2,1,1.0,success,86,86,86,15,15,15,9,9,9,0,0,0,0,0,0,0,0,0,35.5,35.5,35.5
browser-use,Google_Flights--21,C5,1,1.0,success,680,680,680,27,27,27,23,23,23,0,0,0,0,0,0,0,0,0,40.6,40.6,40.6
browser-use,Google_Flights--21,C7,1,1.0,success,113,113,113,17,17,17,13,13,13,0,0,0,7,7,7,0,0,0,25.7,25.7,25.7
browser-use,Google_Flights--21,C8,1,1.0,success,42,42,42,8,8,8,4,4,4,0,0,0,2,2,2,0,0,0,36.6,36.6,36.6
browser-use,Google_Flights--22,C0,1,1.0,success,142,142,142,19,19,19,13,13,13,0,0,0,0,0,0,0,0,0,56.6,56.6,56.6
browser-use,Google_Flights--22,C2,1,1.0,success,42,42,42,12,12,12,8,8,8,0,0,0,6,6,6,0,0,0,34.0,34.0,34.0
browser-use,Google_Flights--22,C5,1,1.0,success,687,687,687,17,17,17,13,13,13,0,0,0,0,0,0,0,0,0,88.0,88.0,88.0
browser-use,Google_Flights--22,C7,1,1.0,success,93,93,93,17,17,17,11,11,11,0,0,0,0,0,0,0,0,0,42.8,42.8,42.8
browser-use,Google_Flights--22,C8,1,1.0,success,52,52,52,14,14,14,10,10,10,2,2,2,3,3,3,0,0,0,46.9,46.9,46.9
browser-use,Google_Flights--23,C0,1,1.0,success,137,137,137,17,17,17,11,11,11,0,0,0,0,0,0,0,0,0,45.0,45.0,45.0
browser-use,Google_Flights--23,C2,1,1.0,success,89,89,89,15,15,15,9,9,9,0,0,0,0,0,0,0,0,0,37.7,37.7,37.7
browser-use,Google_Flights--23,C5,1,1.0,success,90,90,90,15,15,15,9,9,9,0,0,0,0,0,0,0,0,0,42.4,42.4,42.4
browser-use,Google_Flights--23,C7,1,1.0,success,168,168,168,19,19,19,13,13,13,0,0,0,0,0,0,0,0,0,49.7,49.7,49.7
browser-use,Google_Flights--23,C8,1,1.0,success,89,89,89,15,15,15,9,9,9,0,0,0,0,0,0,0,0,0,37.0,37.0,37.0
browser-use,Google_Flights--24,C0,1,1.0,success,112,112,112,17,17,17,11,11,11,0,0,0,0,0,0,0,0,0,47.1,47.1,47.1
browser-use,Google_Flights--24,C2,1,1.0,success,130,130,130,17,17,17,11,11,11,0,0,0,0,0,0,0,0,0,47.9,47.9,47.9
browser-use,Google_Flights--24,C5,1,1.0,success,189,189,189,19,19,19,13,13,13,0,0,0,0,0,0,0,0,0,59.9,59.9,59.9
browser-use,Google_Flights--24,C7,1,1.0,success,128,128,128,17,17,17,11,11,11,0,0,0,0,0,0,0,0,0,50.6,50.6,50.6
browser-use,Google_Flights--24,C8,1,1.0,success,108,108,108,15,15,15,9,9,9,0,0,0,0,0,0,0,0,0,49.5,49.5,49.5
browser-use,Google_Flights--25,C0,1,1.0,success,333,333,333,23,23,23,19,19,19,0,0,0,0,0,0,0,0,0,46.2,46.2,46.2
browser-use,Google_Flights--25,C2,1,1.0,success,156,156,156,19,19,19,13,13,13,0,0,0,0,0,0,0,0,0,46.5,46.5,46.5
browser-use,Google_Flights--25,C5,1,1.0,success,159,159,159,19,19,19,13,13,13,0,0,0,0,0,0,0,0,0,53.5,53.5,53.5
browser-use,Google_Flights--25,C7,1,1.0,success,105,105,105,19,19,19,13,13,13,0,0,0,2,2,2,0,0,0,44.6,44.6,44.6
browser-use,Google_Flights--25,C8,1,1.0,success,80,80,80,15,15,15,9,9,9,0,0,0,0,0,0,0,0,0,40.8,40.8,40.8
browser-use,Google_Flights--26,C0,1,1.0,success,104,104,104,17,17,17,11,11,11,0,0,0,0,0,0,0,0,0,46.0,46.0,46.0
browser-use,Google_Flights--26,C2,1,1.0,success,160,160,160,19,19,19,13,13,13,0,0,0,2,2,2,0,0,0,44.7,44.7,44.7
browser-use,Google_Flights--26,C5,1,1.0,success,169,169,169,19,19,19,13,13,13,0,0,0,0,0,0,0,0,0,44.5,44.5,44.5
browser-use,Google_Flights--26,C7,1,1.0,success,154,154,154,19,19,19,13,13,13,0,0,0,0,0,0,0,0,0,50.3,50.3,50.3
browser-use,Google_Flights--26,C8,1,1.0,success,109,109,109,15,15,15,9,9,9,0,0,0,0,0,0,0,0,0,41.5,41.5,41.5
browser-use,Google_Flights--27,C0,1,1.0,success,113,113,113,15,15,15,9,9,9,0,0,0,0,0,0,0,0,0,49.7,49.7,49.7
browser-use,Google_Flights--27,C2,1,1.0,success,110,110,110,18,18,18,12,12,12,0,0,0,3,3,3,0,0,0,73.8,73.8,73.8
browser-use,Google_Flights--27,C5,1,1.0,success,96,96,96,15,15,15,9,9,9,0,0,0,0,0,0,0,0,0,39.0,39.0,39.0
browser-use,Google_Flights--27,C7,1,1.0,success,127,127,127,15,15,15,9,9,9,0,0,0,0,0,0,0,0,0,55.5,55.5,55.5
browser-use,Google_Flights--27,C8,1,1.0,success,103,103,103,17,17,17,11,11,11,0,0,0,0,0,0,0,0,0,41.7,41.7,41.7
browser-use,Google_Flights--28,C0,1,1.0,success,495,495,495,23,23,23,17,17,17,0,0,0,0,0,0,0,0,0,43.1,43.1,43.1
browser-use,Google_Flights--28,C2,1,1.0,success,166,166,166,19,19,19,13,13,13,0,0,0,0,0,0,0,0,0,52.0,52.0,52.0
browser-use,Google_Flights--28,C5,1,1.0,success,87,87,87,15,15,15,9,9,9,0,0,0,0,0,0,0,0,0,39.6,39.6,39.6
browser-use,Google_Flights--28,C7,1,1.0,success,95,95,95,15,15,15,9,9,9,0,0,0,0,0,0,0,0,0,47.4,47.4,47.4
browser-use,Google_Flights--28,C8,1,1.0,success,109,109,109,17,17,17,11,11,11,0,0,0,0,0,0,0,0,0,42.5,42.5,42.5
browser-use,Google_Flights--29,C0,1,1.0,success,188,188,188,24,24,24,18,18,18,0,0,0,0,0,0,0,0,0,42.9,42.9,42.9
browser-use,Google_Flights--29,C2,1,1.0,success,96,96,96,13,13,13,9,9,9,0,0,0,4,4,4,0,0,0,71.8,71.8,71.8
browser-use,Google_Flights--29,C5,1,1.0,success,109,109,109,17,17,17,11,11,11,0,0,0,0,0,0,0,0,0,39.7,39.7,39.7
browser-use,Google_Flights--29,C7,1,1.0,success,169,169,169,21,21,21,15,15,15,0,0,0,2,2,2,0,0,0,43.1,43.1,43.1
browser-use,Google_Flights--29,C8,1,1.0,success,97,97,97,15,15,15,9,9,9,0,0,0,0,0,0,0,0,0,33.7,33.7,33.7
browser-use,Google_Flights--3,C0,1,1.0,success,795,795,795,70,70,70,64,64,64,0,0,0,0,0,0,0,0,0,52.2,52.2,52.2
browser-use,Google_Flights--3,C2,1,1.0,success,151,151,151,20,20,20,14,14,14,0,0,0,4,4,4,0,0,0,82.7,82.7,82.7
browser-use,Google_Flights--3,C5,1,1.0,success,115,115,115,16,16,16,10,10,10,0,0,0,0,0,0,0,0,0,50.1,50.1,50.1
browser-use,Google_Flights--3,C7,1,1.0,success,50,50,50,12,12,12,8,8,8,0,0,0,5,5,5,0,0,0,39.7,39.7,39.7
browser-use,Google_Flights--3,C8,1,1.0,success,199,199,199,20,20,20,15,15,15,0,0,0,0,0,0,0,0,0,29.7,29.7,29.7
browser-use,Google_Flights--30,C0,1,1.0,success,806,806,806,79,79,79,70,70,70,0,0,0,0,0,0,0,0,0,70.2,70.2,70.2
browser-use,Google_Flights--30,C2,1,1.0,success,113,113,113,17,17,17,11,11,11,0,0,0,0,0,0,0,0,0,47.2,47.2,47.2
browser-use,Google_Flights--30,C5,1,1.0,success,135,135,135,19,19,19,13,13,13,0,0,0,0,0,0,0,0,0,52.5,52.5,52.5
browser-use,Google_Flights--30,C7,1,1.0,success,122,122,122,17,17,17,11,11,11,0,0,0,0,0,0,0,0,0,48.9,48.9,48.9
browser-use,Google_Flights--30,C8,1,1.0,success,102,102,102,17,17,17,11,11,11,0,0,0,0,0,0,0,0,0,43.2,43.2,43.2
browser-use,Google_Flights--31,C0,1,1.0,success,99,99,99,17,17,17,11,11,11,0,0,0,0,0,0,0,0,0,53.6,53.6,53.6
browser-use,Google_Flights--31,C2,1,1.0,success,246,246,246,20,20,20,16,16,16,0,0,0,0,0,0,0,0,0,43.4,43.4,43.4
browser-use,Google_Flights--31,C5,1,1.0,success,1136,1136,1136,53,53,53,46,46,46,0,0,0,0,0,0,0,0,0,44.8,44.8,44.8
browser-use,Google_Flights--31,C7,1,1.0,success,118,118,118,17,17,17,11,11,11,0,0,0,0,0,0,0,0,0,40.8,40.8,40.8
browser-use,Google_Flights--31,C8,1,1.0,success,47,47,47,10,10,10,6,6,6,0,0,0,4,4,4,0,0,0,23.4,23.4,23.4
browser-use,Google_Flights--32,C0,1,1.0,success,175,175,175,19,19,19,13,13,13,0,0,0,0,0,0,0,0,0,42.2,42.2,42.2
browser-use,Google_Flights--32,C2,1,1.0,success,217,217,217,18,18,18,12,12,12,0,0,0,0,0,0,0,0,0,54.4,54.4,54.4
browser-use,Google_Flights--32,C5,1,1.0,success,171,171,171,26,26,26,20,20,20,0,0,0,0,0,0,0,0,0,56.6,56.6,56.6
browser-use,Google_Flights--32,C7,1,1.0,success,102,102,102,16,16,16,10,10,10,0,0,0,1,1,1,0,0,0,54.8,54.8,54.8
browser-use,Google_Flights--32,C8,1,1.0,success,89,89,89,15,15,15,9,9,9,0,0,0,0,0,0,0,0,0,36.5,36.5,36.5
browser-use,Google_Flights--33,C0,1,1.0,success,121,121,121,19,19,19,13,13,13,0,0,0,0,0,0,0,0,0,39.6,39.6,39.6
browser-use,Google_Flights--33,C2,1,1.0,success,99,99,99,17,17,17,11,11,11,0,0,0,0,0,0,0,0,0,46.0,46.0,46.0
browser-use,Google_Flights--33,C5,1,1.0,success,115,115,115,17,17,17,11,11,11,0,0,0,0,0,0,0,0,0,48.0,48.0,48.0
browser-use,Google_Flights--33,C7,1,1.0,success,109,109,109,17,17,17,11,11,11,0,0,0,0,0,0,0,0,0,47.1,47.1,47.1
browser-use,Google_Flights--33,C8,1,1.0,success,596,596,596,41,41,41,35,35,35,0,0,0,5,5,5,0,0,0,37.0,37.0,37.0
browser-use,Google_Flights--34,C0,1,1.0,success,699,699,699,52,52,52,45,45,45,0,0,0,0,0,0,0,0,0,53.8,53.8,53.8
browser-use,Google_Flights--34,C2,1,1.0,success,121,121,121,17,17,17,11,11,11,0,0,0,0,0,0,0,0,0,46.6,46.6,46.6
browser-use,Google_Flights--34,C5,1,1.0,success,526,526,526,60,60,60,56,56,56,0,0,0,0,0,0,0,0,0,48.7,48.7,48.7
browser-use,Google_Flights--34,C7,1,1.0,success,96,96,96,15,15,15,9,9,9,0,0,0,0,0,0,0,0,0,50.1,50.1,50.1
browser-use,Google_Flights--34,C8,1,1.0,success,98,98,98,15,15,15,9,9,9,0,0,0,0,0,0,0,0,0,50.7,50.7,50.7
browser-use,Google_Flights--35,C0,1,1.0,success,111,111,111,17,17,17,11,11,11,0,0,0,0,0,0,0,0,0,42.6,42.6,42.6
browser-use,Google_Flights--35,C2,1,1.0,success,157,157,157,15,15,15,9,9,9,0,0,0,3,3,3,0,0,0,39.0,39.0,39.0
browser-use,Google_Flights--35,C5,1,1.0,success,114,114,114,17,17,17,11,11,11,0,0,0,0,0,0,0,0,0,50.7,50.7,50.7
browser-use,Google_Flights--35,C7,1,1.0,success,92,92,92,15,15,15,9,9,9,0,0,0,0,0,0,0,0,0,42.7,42.7,42.7
browser-use,Google_Flights--35,C8,1,1.0,success,90,90,90,15,15,15,9,9,9,0,0,0,0,0,0,0,0,0,41.8,41.8,41.8
browser-use,Google_Flights--36,C0,1,1.0,success,753,753,753,58,58,58,49,49,49,0,0,0,0,0,0,0,0,0,39.7,39.7,39.7
browser-use,Google_Flights--36,C2,1,1.0,success,117,117,117,17,17,17,11,11,11,0,0,0,0,0,0,0,0,0,37.4,37.4,37.4
browser-use,Google_Flights--36,C5,1,1.0,success,99,99,99,17,17,17,11,11,11,0,0,0,0,0,0,0,0,0,46.4,46.4,46.4
browser-use,Google_Flights--36,C7,1,1.0,success,108,108,108,17,17,17,11,11,11,0,0,0,0,0,0,0,0,0,36.7,36.7,36.7
browser-use,Google_Flights--36,C8,1,1.0,success,106,106,106,15,15,15,9,9,9,0,0,0,0,0,0,0,0,0,42.6,42.6,42.6
browser-use,Google_Flights--37,C0,1,1.0,success,126,126,126,26,26,26,20,20,20,0,0,0,0,0,0,0,0,0,60.8,60.8,60.8
browser-use,Google_Flights--37,C2,1,1.0,success,54,54,54,12,12,12,8,8,8,0,0,0,6,6,6,0,0,0,24.5,24.5,24.5
browser-use,Google_Flights--37,C5,1,1.0,success,101,101,101,17,17,17,11,11,11,0,0,0,0,0,0,0,0,0,41.6,41.6,41.6
browser-use,Google_Flights--37,C7,1,1.0,success,57,57,57,16,16,16,12,12,12,0,0,0,8,8,8,0,0,0,23.9,23.9,23.9
browser-use,Google_Flights--37,C8,1,1.0,success,128,128,128,17,17,17,11,11,11,0,0,0,0,0,0,0,0,0,46.4,46.4,46.4
browser-use,Google_Flights--38,C0,1,1.0,success,171,171,171,17,17,17,11,11,11,0,0,0,0,0,0,0,0,0,52.7,52.7,52.7
browser-use,Google_Flights--38,C2,1,1.0,success,99,99,99,15,15,15,9,9,9,0,0,0,0,0,0,0,0,0,48.0,48.0,48.0
browser-use,Google_Flights--38,C5,1,1.0,success,109,109,109,15,15,15,9,9,9,0,0,0,0,0,0,0,0,0,47.0,47.0,47.0
browser-use,Google_Flights--38,C7,1,1.0,success,165,165,165,19,19,19,13,13,13,0,0,0,0,0,0,0,0,0,41.0,41.0,41.0
browser-use,Google_Flights--38,C8,1,1.0,success,107,107,107,17,17,17,11,11,11,0,0,0,0,0,0,0,0,0,45.1,45.1,45.1
browser-use,Google_Flights--39,C0,1,1.0,success,395,395,395,33,33,33,29,29,29,0,0,0,0,0,0,0,0,0,68.8,68.8,68.8
browser-use,Google_Flights--39,C2,1,1.0,success,111,111,111,11,11,11,5,5,5,0,0,0,1,1,1,0,0,0,73.7,73.7,73.7
browser-use,Google_Flights--39,C5,1,1.0,success,115,115,115,17,17,17,11,11,11,0,0,0,0,0,0,0,0,0,44.6,44.6,44.6
browser-use,Google_Flights--39,C7,1,1.0,success,115,115,115,17,17,17,11,11,11,0,0,0,0,0,0,0,0,0,37.7,37.7,37.7
browser-use,Google_Flights--39,C8,1,1.0,success,107,107,107,15,15,15,9,9,9,0,0,0,0,0,0,0,0,0,46.8,46.8,46.8
browser-use,Google_Flights--4,C0,1,1.0,success,658,658,658,53,53,53,49,49,49,0,0,0,0,0,0,0,0,0,48.6,48.6,48.6
browser-use,Google_Flights--4,C2,1,1.0,success,140,140,140,19,19,19,13,13,13,0,0,0,0,0,0,0,0,0,46.9,46.9,46.9
browser-use,Google_Flights--4,C5,1,1.0,success,191,191,191,23,23,23,17,17,17,0,0,0,0,0,0,0,0,0,41.2,41.2,41.2
browser-use,Google_Flights--4,C7,1,1.0,success,106,106,106,17,17,17,11,11,11,0,0,0,0,0,0,0,0,0,45.9,45.9,45.9
browser-use,Google_Flights--4,C8,1,1.0,success,85,85,85,17,17,17,11,11,11,0,0,0,0,0,0,0,0,0,42.3,42.3,42.3
browser-use,Google_Flights--40,C0,1,1.0,success,216,216,216,16,16,16,10,10,10,0,0,0,0,0,0,0,0,0,51.4,51.4,51.4
browser-use,Google_Flights--40,C2,1,1.0,success,238,238,238,18,18,18,12,12,12,0,0,0,0,0,0,0,0,0,46.5,46.5,46.5
browser-use,Google_Flights--40,C5,1,1.0,success,303,303,303,16,16,16,10,10,10,0,0,0,0,0,0,0,0,0,52.2,52.2,52.2
browser-use,Google_Flights--40,C7,1,1.0,success,234,234,234,18,18,18,12,12,12,0,0,0,0,0,0,0,0,0,48.2,48.2,48.2
browser-use,Google_Flights--40,C8,1,1.0,success,295,295,295,18,18,18,12,12,12,0,0,0,0,0,0,0,0,0,56.8,56.8,56.8
browser-use,Google_Flights--41,C0,1,1.0,success,584,584,584,37,37,37,33,33,33,0,0,0,0,0,0,0,0,0,49.0,49.0,49.0
browser-use,Google_Flights--41,C2,1,1.0,success,159,159,159,17,17,17,11,11,11,0,0,0,0,0,0,0,0,0,45.1,45.1,45.1
browser-use,Google_Flights--41,C5,1,1.0,success,98,98,98,17,17,17,11,11,11,0,0,0,0,0,0,0,0,0,44.7,44.7,44.7
browser-use,Google_Flights--41,C7,1,1.0,success,147,147,147,19,19,19,13,13,13,0,0,0,0,0,0,0,0,0,39.5,39.5,39.5
browser-use,Google_Flights--41,C8,1,1.0,success,93,93,93,17,17,17,11,11,11,0,0,0,0,0,0,0,0,0,48.7,48.7,48.7
browser-use,Google_Flights--5,C0,1,1.0,success,866,866,866,46,46,46,40,40,40,0,0,0,0,0,0,0,0,0,72.2,72.2,72.2
browser-use,Google_Flights--5,C2,1,1.0,success,165,165,165,18,18,18,12,12,12,0,0,0,1,1,1,0,0,0,64.3,64.3,64.3
browser-use,Google_Flights--5,C5,1,1.0,success,175,175,175,19,19,19,13,13,13,0,0,0,0,0,0,0,0,0,49.8,49.8,49.8
browser-use,Google_Flights--5,C7,1,1.0,success,167,167,167,17,17,17,11,11,11,0,0,0,0,0,0,0,0,0,54.8,54.8,54.8
browser-use,Google_Flights--5,C8,1,1.0,success,100,100,100,17,17,17,11,11,11,0,0,0,0,0,0,0,0,0,44.9,44.9,44.9
browser-use,Google_Flights--6,C0,1,1.0,success,191,191,191,19,19,19,13,13,13,0,0,0,0,0,0,0,0,0,55.2,55.2,55.2
browser-use,Google_Flights--6,C2,1,1.0,success,165,165,165,21,21,21,15,15,15,0,0,0,2,2,2,0,0,0,70.9,70.9,70.9
browser-use,Google_Flights--6,C5,1,1.0,success,156,156,156,18,18,18,12,12,12,0,0,0,0,0,0,0,0,0,44.9,44.9,44.9
browser-use,Google_Flights--6,C7,1,1.0,success,142,142,142,14,14,14,8,8,8,0,0,0,4,4,4,0,0,0,74.3,74.3,74.3
browser-use,Google_Flights--6,C8,1,1.0,success,104,104,104,17,17,17,11,11,11,0,0,0,0,0,0,0,0,0,44.5,44.5,44.5
browser-use,Google_Flights--7,C0,1,1.0,success,120,120,120,17,17,17,11,11,11,0,0,0,0,0,0,0,0,0,44.9,44.9,44.9
browser-use,Google_Flights--7,C2,1,1.0,success,55,55,55,10,10,10,6,6,6,0,0,0,7,7,7,0,0,0,74.1,74.1,74.1
browser-use,Google_Flights--7,C5,1,1.0,success,638,638,638,23,23,23,17,17,17,0,0,0,0,0,0,0,0,0,65.5,65.5,65.5
browser-use,Google_Flights--7,C7,1,1.0,success,105,105,105,17,17,17,11,11,11,0,0,0,0,0,0,0,0,0,46.4,46.4,46.4
browser-use,Google_Flights--7,C8,1,1.0,success,98,98,98,15,15,15,9,9,9,0,0,0,0,0,0,0,0,0,47.8,47.8,47.8
browser-use,Google_Flights--8,C0,1,1.0,success,90,90,90,15,15,15,9,9,9,0,0,0,0,0,0,0,0,0,43.7,43.7,43.7
browser-use,Google_Flights--8,C2,1,1.0,success,139,139,139,15,15,15,9,9,9,0,0,0,0,0,0,0,0,0,40.5,40.5,40.5
browser-use,Google_Flights--8,C5,1,1.0,success,109,109,109,15,15,15,9,9,9,0,0,0,0,0,0,0,0,0,55.2,55.2,55.2
browser-use,Google_Flights--8,C7,1,1.0,success,119,119,119,15,15,15,9,9,9,0,0,0,0,0,0,0,0,0,53.2,53.2,53.2
browser-use,Google_Flights--8,C8,1,1.0,success,84,84,84,15,15,15,9,9,9,0,0,0,0,0,0,0,0,0,53.1,53.1,53.1
browser-use,Google_Flights--9,C0,1,1.0,success,97,97,97,15,15,15,9,9,9,0,0,0,0,0,0,0,0,0,43.0,43.0,43.0
browser-use,Google_Flights--9,C2,1,1.0,success,159,159,159,17,17,17,11,11,11,0,0,0,0,0,0,0,0,0,48.7,48.7,48.7
browser-use,Google_Flights--9,C5,1,1.0,success,623,623,623,25,25,25,19,19,19,0,0,0,0,0,0,0,0,0,48.8,48.8,48.8
browser-use,Google_Flights--9,C7,1,1.0,success,54,54,54,16,16,16,12,12,12,0,0,0,7,7,7,0,0,0,41.9,41.9,41.9
browser-use,Google_Flights--9,C8,1,1.0,success,97,97,97,17,17,17,11,11,11,0,0,0,0,0,0,0,0,0,48.3,48.3,48.3
browser-use,Google_Map--0,C0,1,1.0,success,1153,1153,1153,21,21,21,14,14,14,0,0,0,0,0,0,0,0,0,66.0,66.0,66.0
browser-use,Google_Map--0,C2,1,1.0,success,410,410,410,17,17,17,10,10,10,0,0,0,0,0,0,0,0,0,25.7,25.7,25.7
browser-use,Google_Map--0,C5,1,1.0,success,555,555,555,18,18,18,14,14,14,0,0,0,0,0,0,0,0,0,39.3,39.3,39.3
browser-use,Google_Map--0,C7,1,1.0,success,414,414,414,17,17,17,10,10,10,0,0,0,0,0,0,0,0,0,27.7,27.7,27.7
browser-use,Google_Map--0,C8,1,1.0,success,18,18,18,8,8,8,4,4,4,0,0,0,2,2,2,0,0,0,37.7,37.7,37.7
browser-use,Google_Map--1,C0,1,1.0,success,1519,1519,1519,23,23,23,16,16,16,0,0,0,0,0,0,0,0,0,62.6,62.6,62.6
browser-use,Google_Map--1,C2,1,1.0,success,928,928,928,17,17,17,10,10,10,0,0,0,0,0,0,0,0,0,28.2,28.2,28.2
browser-use,Google_Map--1,C5,1,1.0,success,1298,1298,1298,23,23,23,16,16,16,0,0,0,0,0,0,0,0,0,62.0,62.0,62.0
browser-use,Google_Map--1,C7,1,1.0,success,480,480,480,17,17,17,10,10,10,0,0,0,0,0,0,0,0,0,31.1,31.1,31.1
browser-use,Google_Map--1,C8,1,1.0,success,521,521,521,14,14,14,7,7,7,4,4,4,0,0,0,0,0,0,25.6,25.6,25.6
browser-use,Google_Map--10,C0,1,1.0,success,619,619,619,22,22,22,18,18,18,0,0,0,0,0,0,0,0,0,50.6,50.6,50.6
browser-use,Google_Map--10,C2,1,1.0,success,95,95,95,11,11,11,7,7,7,0,0,0,5,5,5,0,0,0,72.8,72.8,72.8
browser-use,Google_Map--10,C5,1,0.0,,0,0,0,0,0,0,0,0,0,0,0,0,0,0,0,0,0,0,,,
browser-use,Google_Map--10,C7,1,1.0,success,94,94,94,12,12,12,8,8,8,0,0,0,4,4,4,0,0,0,67.7,67.7,67.7
browser-use,Google_Map--10,C8,1,1.0,success,206,206,206,14,14,14,10,10,10,0,0,0,0,0,0,0,0,0,29.5,29.5,29.5
browser-use,Google_Map--11,C0,1,1.0,success,903,903,903,35,35,35,31,31,31,0,0,0,0,0,0,0,0,0,37.0,37.0,37.0
browser-use,Google_Map--11,C2,1,1.0,success,98,98,98,14,14,14,10,10,10,0,0,0,5,5,5,0,0,0,33.9,33.9,33.9
browser-use,Google_Map--11,C5,1,1.0,success,598,598,598,30,30,30,26,26,26,0,0,0,0,0,0,0,0,0,35.8,35.8,35.8
browser-use,Google_Map--11,C7,1,1.0,success,43,43,43,13,13,13,9,9,9,0,0,0,6,6,6,0,0,0,31.2,31.2,31.2
browser-use,Google_Map--11,C8,1,1.0,success,87,87,87,8,8,8,4,4,4,0,0,0,0,0,0,0,0,0,55.1,55.1,55.1
browser-use,Google_Map--12,C0,1,1.0,success,432,432,432,17,17,17,10,10,10,0,0,0,0,0,0,0,0,0,29.4,29.4,29.4
browser-use,Google_Map--12,C2,1,1.0,success,666,666,666,16,16,16,9,9,9,0,0,0,1,1,1,0,0,0,41.4,41.4,41.4
browser-use,Google_Map--12,C5,1,1.0,success,1252,1252,1252,139,139,139,134,134,134,0,0,0,0,0,0,0,0,0,73.8,73.8,73.8
browser-use,Google_Map--12,C7,1,1.0,success,647,647,647,19,19,19,10,10,10,0,0,0,2,2,2,0,0,0,64.0,64.0,64.0
browser-use,Google_Map--12,C8,1,1.0,success,382,382,382,16,16,16,9,9,9,11,11,11,2,2,2,0,0,0,52.4,52.4,52.4
browser-use,Google_Map--13,C0,1,1.0,success,682,682,682,18,18,18,14,14,14,0,0,0,0,0,0,0,0,0,66.4,66.4,66.4
browser-use,Google_Map--13,C2,1,1.0,success,731,731,731,16,16,16,9,9,9,0,0,0,2,2,2,0,0,0,37.0,37.0,37.0
browser-use,Google_Map--13,C5,1,1.0,success,718,718,718,44,44,44,39,39,39,0,0,0,0,0,0,0,0,0,60.1,60.1,60.1
browser-use,Google_Map--13,C7,1,1.0,success,51,51,51,11,11,11,7,7,7,0,0,0,5,5,5,0,0,0,71.9,71.9,71.9
browser-use,Google_Map--13,C8,1,1.0,success,507,507,507,14,14,14,7,7,7,25,25,25,0,0,0,0,0,0,36.7,36.7,36.7
browser-use,Google_Map--14,C0,1,1.0,success,1019,1019,1019,27,27,27,20,20,20,0,0,0,0,0,0,0,0,0,73.9,73.9,73.9
browser-use,Google_Map--14,C2,1,1.0,success,509,509,509,17,17,17,10,10,10,0,0,0,1,1,1,0,0,0,72.0,72.0,72.0
browser-use,Google_Map--14,C5,1,1.0,success,918,918,918,17,17,17,13,13,13,0,0,0,0,0,0,0,0,0,46.3,46.3,46.3
browser-use,Google_Map--14,C7,1,1.0,success,826,826,826,19,19,19,12,12,12,0,0,0,0,0,0,0,0,0,46.6,46.6,46.6
browser-use,Google_Map--14,C8,1,1.0,success,77,77,77,12,12,12,6,6,6,1,1,1,2,2,2,0,0,0,22.5,22.5,22.5
browser-use,Google_Map--15,C0,1,1.0,success,547,547,547,36,36,36,32,32,32,0,0,0,0,0,0,0,0,0,42.4,42.4,42.4
browser-use,Google_Map--15,C2,1,1.0,success,676,676,676,19,19,19,12,12,12,0,0,0,2,2,2,0,0,0,63.5,63.5,63.5
browser-use,Google_Map--15,C5,1,1.0,success,613,613,613,19,19,19,15,15,15,0,0,0,0,0,0,0,0,0,69.0,69.0,69.0
browser-use,Google_Map--15,C7,1,1.0,success,579,579,579,20,20,20,13,13,13,0,0,0,4,4,4,0,0,0,36.7,36.7,36.7
browser-use,Google_Map--15,C8,1,1.0,success,82,82,82,13,13,13,7,7,7,4,4,4,2,2,2,0,0,0,62.3,62.3,62.3
browser-use,Google_Map--16,C0,1,1.0,success,1092,1092,1092,16,16,16,12,12,12,0,0,0,0,0,0,0,0,0,56.8,56.8,56.8
browser-use,Google_Map--16,C2,1,1.0,success,35,35,35,10,10,10,6,6,6,0,0,0,4,4,4,0,0,0,59.9,59.9,59.9
browser-use,Google_Map--16,C5,1,1.0,success,1066,1066,1066,146,146,146,141,141,141,0,0,0,0,0,0,0,0,0,58.9,58.9,58.9
browser-use,Google_Map--16,C7,1,1.0,success,40,40,40,11,11,11,7,7,7,0,0,0,6,6,6,0,0,0,55.0,55.0,55.0
browser-use,Google_Map--16,C8,1,1.0,success,21,21,21,9,9,9,5,5,5,1,1,1,2,2,2,0,0,0,21.9,21.9,21.9
browser-use,Google_Map--17,C0,1,1.0,success,919,919,919,18,18,18,11,11,11,0,0,0,0,0,0,0,0,0,67.8,67.8,67.8
browser-use,Google_Map--17,C2,1,1.0,success,792,792,792,17,17,17,10,10,10,0,0,0,3,3,3,0,0,0,51.1,51.1,51.1
browser-use,Google_Map--17,C5,1,1.0,success,977,977,977,126,126,126,121,121,121,0,0,0,0,0,0,0,0,0,72.0,72.0,72.0
browser-use,Google_Map--17,C7,1,1.0,success,43,43,43,12,12,12,8,8,8,0,0,0,6,6,6,0,0,0,55.7,55.7,55.7
browser-use,Google_Map--17,C8,1,1.0,success,427,427,427,15,15,15,8,8,8,5,5,5,1,1,1,0,0,0,45.9,45.9,45.9
browser-use,Google_Map--18,C0,1,1.0,success,1158,1158,1158,20,20,20,11,11,11,0,0,0,0,0,0,0,0,0,45.5,45.5,45.5
browser-use,Google_Map--18,C2,1,1.0,success,375,375,375,16,16,16,10,10,10,0,0,0,0,0,0,0,0,0,30.2,30.2,30.2
browser-use,Google_Map--18,C5,1,1.0,success,363,363,363,16,16,16,10,10,10,0,0,0,0,0,0,0,0,0,20.9,20.9,20.9
browser-use,Google_Map--18,C7,1,1.0,success,711,711,711,16,16,16,9,9,9,0,0,0,0,0,0,0,0,0,43.4,43.4,43.4
browser-use,Google_Map--18,C8,1,1.0,success,415,415,415,16,16,16,7,7,7,3,3,3,0,0,0,0,0,0,36.4,36.4,36.4
browser-use,Google_Map--19,C0,1,1.0,success,852,852,852,59,59,59,55,55,55,0,0,0,0,0,0,0,0,0,195.4,195.4,195.4
browser-use,Google_Map--19,C2,1,1.0,success,614,614,614,18,18,18,11,11,11,0,0,0,4,4,4,0,0,0,71.5,71.5,71.5
browser-use,Google_Map--19,C5,1,1.0,success,1225,1225,1225,56,56,56,52,52,52,0,0,0,0,0,0,0,0,0,66.1,66.1,66.1
browser-use,Google_Map--19,C7,1,1.0,success,46,46,46,11,11,11,7,7,7,0,0,0,4,4,4,0,0,0,70.3,70.3,70.3
browser-use,Google_Map--19,C8,1,1.0,success,73,73,73,11,11,11,5,5,5,3,3,3,1,1,1,0,0,0,19.8,19.8,19.8
browser-use,Google_Map--2,C0,1,1.0,success,166,166,166,17,17,17,13,13,13,0,0,0,0,0,0,0,0,0,40.9,40.9,40.9
browser-use,Google_Map--2,C2,1,1.0,success,95,95,95,12,12,12,8,8,8,0,0,0,5,5,5,0,0,0,28.9,28.9,28.9
browser-use,Google_Map--2,C5,1,1.0,success,796,796,796,16,16,16,9,9,9,0,0,0,0,0,0,0,0,0,40.6,40.6,40.6
browser-use,Google_Map--2,C7,1,1.0,success,429,429,429,16,16,16,9,9,9,0,0,0,0,0,0,0,0,0,27.6,27.6,27.6
browser-use,Google_Map--2,C8,1,1.0,success,107,107,107,13,13,13,9,9,9,0,0,0,0,0,0,0,0,0,35.0,35.0,35.0
browser-use,Google_Map--20,C0,1,1.0,success,826,826,826,73,73,73,68,68,68,0,0,0,0,0,0,0,0,0,65.1,65.1,65.1
browser-use,Google_Map--20,C2,1,1.0,success,384,384,384,17,17,17,10,10,10,0,0,0,3,3,3,0,0,0,39.7,39.7,39.7
browser-use,Google_Map--20,C5,1,1.0,success,976,976,976,24,24,24,15,15,15,0,0,0,0,0,0,0,0,0,39.5,39.5,39.5
browser-use,Google_Map--20,C7,1,1.0,success,92,92,92,11,11,11,7,7,7,0,0,0,3,3,3,0,0,0,36.2,36.2,36.2
browser-use,Google_Map--20,C8,1,1.0,success,15,15,15,7,7,7,3,3,3,2,2,2,0,0,0,0,0,0,19.0,19.0,19.0
browser-use,Google_Map--21,C0,1,1.0,success,898,898,898,16,16,16,12,12,12,0,0,0,0,0,0,0,0,0,42.6,42.6,42.6
browser-use,Google_Map--21,C2,1,1.0,success,344,344,344,17,17,17,10,10,10,0,0,0,2,2,2,0,0,0,28.0,28.0,28.0
browser-use,Google_Map--21,C5,1,1.0,success,649,649,649,17,17,17,10,10,10,0,0,0,0,0,0,0,0,0,50.9,50.9,50.9
browser-use,Google_Map--21,C7,1,1.0,success,601,601,601,17,17,17,10,10,10,0,0,0,0,0,0,0,0,0,17.7,17.7,17.7
browser-use,Google_Map--21,C8,1,1.0,success,140,140,140,25,25,25,19,19,19,4,4,4,0,0,0,0,0,0,28.4,28.4,28.4
browser-use,Google_Map--22,C0,1,1.0,success,216,216,216,13,13,13,9,9,9,0,0,0,0,0,0,0,0,0,56.6,56.6,56.6
browser-use,Google_Map--22,C2,1,1.0,success,101,101,101,11,11,11,7,7,7,0,0,0,5,5,5,0,0,0,28.4,28.4,28.4
browser-use,Google_Map--22,C5,1,1.0,success,998,998,998,30,30,30,26,26,26,0,0,0,0,0,0,0,0,0,62.1,62.1,62.1
browser-use,Google_Map--22,C7,1,1.0,success,142,142,142,14,14,14,8,8,8,0,0,0,4,4,4,0,0,0,49.2,49.2,49.2
browser-use,Google_Map--22,C8,1,1.0,success,327,327,327,23,23,23,19,19,19,0,0,0,1,1,1,0,0,0,62.9,62.9,62.9
browser-use,Google_Map--23,C0,1,1.0,success,519,519,519,18,18,18,11,11,11,0,0,0,0,0,0,0,0,0,21.9,21.9,21.9
browser-use,Google_Map--23,C2,1,1.0,success,521,521,521,17,17,17,10,10,10,0,0,0,1,1,1,0,0,0,46.2,46.2,46.2
browser-use,Google_Map--23,C5,1,1.0,success,802,802,802,21,21,21,14,14,14,0,0,0,0,0,0,0,0,0,28.8,28.8,28.8
browser-use,Google_Map--23,C7,1,1.0,success,546,546,546,18,18,18,9,9,9,0,0,0,0,0,0,0,0,0,32.1,32.1,32.1
browser-use,Google_Map--23,C8,1,1.0,success,1103,1103,1103,16,16,16,9,9,9,11,11,11,0,0,0,0,0,0,40.2,40.2,40.2
browser-use,Google_Map--24,C0,1,1.0,success,1485,1485,1485,145,145,145,140,140,140,0,0,0,0,0,0,0,0,0,67.9,67.9,67.9
browser-use,Google_Map--24,C2,1,1.0,success,397,397,397,19,19,19,12,12,12,0,0,0,4,4,4,0,0,0,74.2,74.2,74.2
browser-use,Google_Map--24,C5,1,1.0,success,492,492,492,17,17,17,10,10,10,0,0,0,0,0,0,0,0,0,33.6,33.6,33.6
browser-use,Google_Map--24,C7,1,1.0,success,459,459,459,17,17,17,10,10,10,0,0,0,0,0,0,0,0,0,44.1,44.1,44.1
browser-use,Google_Map--24,C8,1,1.0,success,419,419,419,15,15,15,8,8,8,10,10,10,0,0,0,0,0,0,27.2,27.2,27.2
browser-use,Google_Map--25,C0,1,1.0,success,469,469,469,25,25,25,21,21,21,0,0,0,0,0,0,0,0,0,43.1,43.1,43.1
browser-use,Google_Map--25,C2,1,1.0,success,92,92,92,11,11,11,7,7,7,0,0,0,4,4,4,0,0,0,29.8,29.8,29.8
browser-use,Google_Map--25,C5,1,1.0,success,793,793,793,36,36,36,32,32,32,0,0,0,0,0,0,0,0,0,62.4,62.4,62.4
browser-use,Google_Map--25,C7,1,1.0,success,185,185,185,15,15,15,9,9,9,0,0,0,3,3,3,0,0,0,26.8,26.8,26.8
browser-use,Google_Map--25,C8,1,1.0,success,129,129,129,23,23,23,19,19,19,1,1,1,2,2,2,0,0,0,39.0,39.0,39.0
browser-use,Google_Map--26,C0,1,1.0,success,509,509,509,16,16,16,9,9,9,0,0,0,0,0,0,0,0,0,37.8,37.8,37.8
browser-use,Google_Map--26,C2,1,1.0,success,682,682,682,16,16,16,9,9,9,0,0,0,0,0,0,0,0,0,41.8,41.8,41.8
browser-use,Google_Map--26,C5,1,1.0,success,997,997,997,16,16,16,9,9,9,0,0,0,0,0,0,0,0,0,41.8,41.8,41.8
browser-use,Google_Map--26,C7,1,1.0,success,638,638,638,16,16,16,9,9,9,0,0,0,0,0,0,0,0,0,35.0,35.0,35.0
browser-use,Google_Map--26,C8,1,1.0,success,713,713,713,14,14,14,7,7,7,12,12,12,0,0,0,0,0,0,43.3,43.3,43.3
browser-use,Google_Map--27,C0,1,1.0,success,1180,1180,1180,18,18,18,9,9,9,0,0,0,0,0,0,0,0,0,40.0,40.0,40.0
browser-use,Google_Map--27,C2,1,1.0,success,456,456,456,16,16,16,9,9,9,0,0,0,0,0,0,0,0,0,13.8,13.8,13.8
browser-use,Google_Map--27,C5,1,1.0,success,917,917,917,21,21,21,14,14,14,0,0,0,0,0,0,0,0,0,31.4,31.4,31.4
browser-use,Google_Map--27,C7,1,1.0,success,39,39,39,10,10,10,6,6,6,0,0,0,6,6,6,0,0,0,45.5,45.5,45.5
browser-use,Google_Map--27,C8,1,1.0,success,284,284,284,37,37,37,33,33,33,0,0,0,8,8,8,0,0,0,36.0,36.0,36.0
browser-use,Google_Map--28,C0,1,1.0,success,345,345,345,15,15,15,7,7,7,0,0,0,0,0,0,0,0,0,29.7,29.7,29.7
browser-use,Google_Map--28,C2,1,1.0,success,359,359,359,15,15,15,7,7,7,0,0,0,0,0,0,0,0,0,24.4,24.4,24.4
browser-use,Google_Map--28,C5,1,1.0,success,422,422,422,17,17,17,9,9,9,0,0,0,0,0,0,0,0,0,53.7,53.7,53.7
browser-use,Google_Map--28,C7,1,1.0,success,642,642,642,14,14,14,7,7,7,0,0,0,0,0,0,0,0,0,48.5,48.5,48.5
browser-use,Google_Map--28,C8,1,1.0,success,354,354,354,15,15,15,7,7,7,0,0,0,0,0,0,0,0,0,33.8,33.8,33.8
browser-use,Google_Map--29,C0,1,1.0,success,717,717,717,17,17,17,13,13,13,0,0,0,0,0,0,0,0,0,68.9,68.9,68.9
browser-use,Google_Map--29,C2,1,1.0,success,93,93,93,12,12,12,8,8,8,0,0,0,4,4,4,0,0,0,69.9,69.9,69.9
browser-use,Google_Map--29,C5,1,1.0,success,1064,1064,1064,22,22,22,15,15,15,0,0,0,0,0,0,0,0,0,39.6,39.6,39.6
browser-use,Google_Map--29,C7,1,1.0,success,98,98,98,13,13,13,9,9,9,0,0,0,5,5,5,0,0,0,45.5,45.5,45.5
browser-use,Google_Map--29,C8,1,1.0,success,79,79,79,8,8,8,4,4,4,0,0,0,0,0,0,0,0,0,24.6,24.6,24.6
browser-use,Google_Map--3,C0,1,1.0,success,592,592,592,18,18,18,11,11,11,0,0,0,0,0,0,0,0,0,33.1,33.1,33.1
browser-use,Google_Map--3,C2,1,1.0,success,386,386,386,16,16,16,8,8,8,0,0,0,1,1,1,0,0,0,54.3,54.3,54.3
browser-use,Google_Map--3,C5,1,1.0,success,652,652,652,20,20,20,11,11,11,0,0,0,0,0,0,0,0,0,40.9,40.9,40.9
browser-use,Google_Map--3,C7,1,1.0,success,743,743,743,18,18,18,11,11,11,0,0,0,3,3,3,0,0,0,34.1,34.1,34.1
browser-use,Google_Map--3,C8,1,1.0,success,757,757,757,14,14,14,7,7,7,42,42,42,0,0,0,0,0,0,35.7,35.7,35.7
browser-use,Google_Map--30,C0,1,1.0,success,656,656,656,35,35,35,31,31,31,0,0,0,0,0,0,0,0,0,64.2,64.2,64.2
browser-use,Google_Map--30,C2,1,1.0,success,358,358,358,17,17,17,10,10,10,0,0,0,4,4,4,0,0,0,32.6,32.6,32.6
browser-use,Google_Map--30,C5,1,1.0,success,1296,1296,1296,148,148,148,138,138,138,0,0,0,0,0,0,0,0,0,76.8,76.8,76.8
browser-use,Google_Map--30,C7,1,1.0,success,906,906,906,20,20,20,11,11,11,0,0,0,2,2,2,0,0,0,68.5,68.5,68.5
browser-use,Google_Map--30,C8,1,1.0,success,113,113,113,10,10,10,4,4,4,3,3,3,0,0,0,0,0,0,22.1,22.1,22.1
browser-use,Google_Map--31,C0,1,1.0,success,446,446,446,15,15,15,8,8,8,0,0,0,0,0,0,0,0,0,21.4,21.4,21.4
browser-use,Google_Map--31,C2,1,1.0,success,615,615,615,18,18,18,11,11,11,0,0,0,0,0,0,0,0,0,24.9,24.9,24.9
browser-use,Google_Map--31,C5,1,1.0,success,642,642,642,15,15,15,8,8,8,0,0,0,0,0,0,0,0,0,32.8,32.8,32.8
browser-use,Google_Map--31,C7,1,1.0,success,642,642,642,19,19,19,10,10,10,0,0,0,0,0,0,0,0,0,23.7,23.7,23.7
browser-use,Google_Map--31,C8,1,1.0,success,1332,1332,1332,19,19,19,9,9,9,18,18,18,0,0,0,0,0,0,48.7,48.7,48.7
browser-use,Google_Map--32,C0,1,1.0,success,913,913,913,16,16,16,9,9,9,0,0,0,0,0,0,0,0,0,48.4,48.4,48.4
browser-use,Google_Map--32,C2,1,1.0,success,1048,1048,1048,19,19,19,12,12,12,0,0,0,0,0,0,0,0,0,43.3,43.3,43.3
browser-use,Google_Map--32,C5,1,1.0,success,814,814,814,16,16,16,9,9,9,0,0,0,0,0,0,0,0,0,57.2,57.2,57.2
browser-use,Google_Map--32,C7,1,1.0,success,349,349,349,17,17,17,10,10,10,0,0,0,3,3,3,0,0,0,38.2,38.2,38.2
browser-use,Google_Map--32,C8,1,1.0,success,376,376,376,16,16,16,9,9,9,6,6,6,1,1,1,0,0,0,28.9,28.9,28.9
browser-use,Google_Map--33,C0,1,1.0,success,388,388,388,20,20,20,16,16,16,0,0,0,0,0,0,0,0,0,71.5,71.5,71.5
browser-use,Google_Map--33,C2,1,1.0,success,97,97,97,13,13,13,9,9,9,0,0,0,5,5,5,0,0,0,66.6,66.6,66.6
browser-use,Google_Map--33,C5,1,1.0,success,173,173,173,26,26,26,22,22,22,0,0,0,0,0,0,0,0,0,82.4,82.4,82.4
browser-use,Google_Map--33,C7,1,1.0,success,45,45,45,11,11,11,7,7,7,0,0,0,4,4,4,0,0,0,70.0,70.0,70.0
browser-use,Google_Map--33,C8,1,1.0,success,72,72,72,10,10,10,4,4,4,1,1,1,1,1,1,0,0,0,23.9,23.9,23.9
browser-use,Google_Map--34,C0,1,1.0,success,849,849,849,17,17,17,13,13,13,0,0,0,0,0,0,0,0,0,44.4,44.4,44.4
browser-use,Google_Map--34,C2,1,1.0,success,457,457,457,18,18,18,11,11,11,0,0,0,4,4,4,0,0,0,41.6,41.6,41.6
browser-use,Google_Map--34,C5,1,1.0,success,930,930,930,70,70,70,66,66,66,0,0,0,0,0,0,0,0,0,72.7,72.7,72.7
browser-use,Google_Map--34,C7,1,1.0,success,37,37,37,10,10,10,6,6,6,0,0,0,5,5,5,0,0,0,28.0,28.0,28.0
browser-use,Google_Map--34,C8,1,1.0,success,136,136,136,43,43,43,39,39,39,2,2,2,3,3,3,0,0,0,25.0,25.0,25.0
browser-use,Google_Map--35,C0,1,1.0,success,1098,1098,1098,30,30,30,24,24,24,0,0,0,0,0,0,0,0,0,35.8,35.8,35.8
browser-use,Google_Map--35,C2,1,1.0,success,103,103,103,12,12,12,8,8,8,0,0,0,4,4,4,0,0,0,38.6,38.6,38.6
browser-use,Google_Map--35,C5,1,1.0,success,690,690,690,24,24,24,20,20,20,0,0,0,0,0,0,0,0,0,76.9,76.9,76.9
browser-use,Google_Map--35,C7,1,1.0,success,97,97,97,13,13,13,9,9,9,0,0,0,5,5,5,0,0,0,79.2,79.2,79.2
browser-use,Google_Map--35,C8,1,1.0,success,160,160,160,15,15,15,11,11,11,0,0,0,0,0,0,0,0,0,32.7,32.7,32.7
browser-use,Google_Map--36,C0,1,1.0,success,307,307,307,21,21,21,17,17,17,0,0,0,0,0,0,0,0,0,52.0,52.0,52.0
browser-use,Google_Map--36,C2,1,1.0,success,381,381,381,16,16,16,9,9,9,0,0,0,1,1,1,0,0,0,43.1,43.1,43.1
browser-use,Google_Map--36,C5,1,1.0,success,645,645,645,16,16,16,12,12,12,0,0,0,0,0,0,0,0,0,52.1,52.1,52.1
browser-use,Google_Map--36,C7,1,1.0,success,696,696,696,16,16,16,9,9,9,0,0,0,1,1,1,0,0,0,52.9,52.9,52.9
browser-use,Google_Map--36,C8,1,1.0,success,728,728,728,14,14,14,7,7,7,4,4,4,0,0,0,0,0,0,46.5,46.5,46.5
browser-use,Google_Map--37,C0,1,1.0,success,1194,1194,1194,22,22,22,15,15,15,0,0,0,0,0,0,0,0,0,59.3,59.3,59.3
browser-use,Google_Map--37,C2,1,1.0,success,688,688,688,18,18,18,11,11,11,0,0,0,2,2,2,0,0,0,59.1,59.1,59.1
browser-use,Google_Map--37,C5,1,1.0,success,1017,1017,1017,16,16,16,12,12,12,0,0,0,0,0,0,0,0,0,38.7,38.7,38.7
browser-use,Google_Map--37,C7,1,1.0,success,50,50,50,12,12,12,8,8,8,0,0,0,5,5,5,0,0,0,78.7,78.7,78.7
browser-use,Google_Map--37,C8,1,1.0,success,374,374,374,15,15,15,8,8,8,20,20,20,1,1,1,0,0,0,42.0,42.0,42.0
browser-use,Google_Map--38,C0,1,1.0,success,1028,1028,1028,35,35,35,28,28,28,0,0,0,0,0,0,0,0,0,65.4,65.4,65.4
browser-use,Google_Map--38,C2,1,1.0,success,1043,1043,1043,19,19,19,10,10,10,0,0,0,2,2,2,0,0,0,64.6,64.6,64.6
browser-use,Google_Map--38,C5,1,1.0,success,851,851,851,16,16,16,9,9,9,0,0,0,0,0,0,0,0,0,33.7,33.7,33.7
browser-use,Google_Map--38,C7,1,1.0,success,418,418,418,16,16,16,9,9,9,0,0,0,0,0,0,0,0,0,14.0,14.0,14.0
browser-use,Google_Map--38,C8,1,1.0,success,22,22,22,9,9,9,5,5,5,3,3,3,1,1,1,0,0,0,42.1,42.1,42.1
browser-use,Google_Map--39,C0,1,0.0,agent_error,720,720,720,17,17,17,10,10,10,0,0,0,0,0,0,0,0,0,137.6,137.6,137.6
browser-use,Google_Map--39,C2,1,1.0,success,975,975,975,16,16,16,9,9,9,0,0,0,1,1,1,0,0,0,53.3,53.3,53.3
browser-use,Google_Map--39,C5,1,1.0,success,571,571,571,17,17,17,10,10,10,0,0,0,0,0,0,0,0,0,36.0,36.0,36.0
browser-use,Google_Map--39,C7,1,1.0,success,458,458,458,16,16,16,10,10,10,0,0,0,0,0,0,0,0,0,39.2,39.2,39.2
browser-use,Google_Map--39,C8,1,1.0,success,674,674,674,14,14,14,7,7,7,3,3,3,0,0,0,0,0,0,33.7,33.7,33.7
browser-use,Google_Map--4,C0,1,1.0,success,256,256,256,23,23,23,17,17,17,0,0,0,0,0,0,0,0,0,45.8,45.8,45.8
browser-use,Google_Map--4,C2,1,1.0,success,43,43,43,11,11,11,7,7,7,0,0,0,6,6,6,0,0,0,29.9,29.9,29.9
browser-use,Google_Map--4,C5,1,1.0,success,434,434,434,26,26,26,20,20,20,0,0,0,0,0,0,0,0,0,43.7,43.7,43.7
browser-use,Google_Map--4,C7,1,1.0,success,31,31,31,9,9,9,5,5,5,0,0,0,2,2,2,0,0,0,34.7,34.7,34.7
browser-use,Google_Map--4,C8,1,1.0,success,128,128,128,21,21,21,15,15,15,0,0,0,0,0,0,0,0,0,34.1,34.1,34.1
browser-use,Google_Map--40,C0,1,1.0,success,543,543,543,41,41,41,36,36,36,0,0,0,0,0,0,0,0,0,54.4,54.4,54.4
browser-use,Google_Map--40,C2,1,1.0,success,644,644,644,21,21,21,14,14,14,0,0,0,4,4,4,0,0,0,72.8,72.8,72.8
browser-use,Google_Map--40,C5,1,1.0,success,750,750,750,43,43,43,39,39,39,0,0,0,0,0,0,0,0,0,79.0,79.0,79.0
browser-use,Google_Map--40,C7,1,1.0,success,49,49,49,11,11,11,7,7,7,0,0,0,5,5,5,0,0,0,62.8,62.8,62.8
browser-use,Google_Map--40,C8,1,1.0,success,17,17,17,9,9,9,5,5,5,0,0,0,2,2,2,0,0,0,21.3,21.3,21.3
browser-use,Google_Map--5,C0,1,1.0,success,1332,1332,1332,24,24,24,15,15,15,0,0,0,0,0,0,0,0,0,66.2,66.2,66.2
browser-use,Google_Map--5,C2,1,1.0,success,147,147,147,14,14,14,8,8,8,0,0,0,3,3,3,0,0,0,36.6,36.6,36.6
browser-use,Google_Map--5,C5,1,1.0,success,1002,1002,1002,25,25,25,18,18,18,0,0,0,0,0,0,0,0,0,44.3,44.3,44.3
browser-use,Google_Map--5,C7,1,1.0,success,42,42,42,11,11,11,7,7,7,0,0,0,6,6,6,0,0,0,73.7,73.7,73.7
browser-use,Google_Map--5,C8,1,1.0,success,79,79,79,11,11,11,5,5,5,1,1,1,2,2,2,0,0,0,46.4,46.4,46.4
browser-use,Google_Map--6,C0,1,1.0,success,239,239,239,31,31,31,27,27,27,0,0,0,0,0,0,0,0,0,51.6,51.6,51.6
browser-use,Google_Map--6,C2,1,1.0,success,104,104,104,13,13,13,9,9,9,0,0,0,5,5,5,0,0,0,75.6,75.6,75.6
browser-use,Google_Map--6,C5,1,1.0,success,1070,1070,1070,101,101,101,97,97,97,0,0,0,0,0,0,0,0,0,63.8,63.8,63.8
browser-use,Google_Map--6,C7,1,1.0,success,96,96,96,12,12,12,8,8,8,0,0,0,5,5,5,0,0,0,72.7,72.7,72.7
browser-use,Google_Map--6,C8,1,1.0,success,412,412,412,75,75,75,71,71,71,0,0,0,4,4,4,3,3,3,38.9,38.9,38.9
browser-use,Google_Map--7,C0,1,1.0,success,1099,1099,1099,22,22,22,13,13,13,0,0,0,0,0,0,0,0,0,35.9,35.9,35.9
browser-use,Google_Map--7,C2,1,1.0,success,102,102,102,12,12,12,8,8,8,0,0,0,3,3,3,0,0,0,39.5,39.5,39.5
browser-use,Google_Map--7,C5,1,1.0,success,638,638,638,16,16,16,12,12,12,0,0,0,0,0,0,0,0,0,64.3,64.3,64.3
browser-use,Google_Map--7,C7,1,1.0,success,87,87,87,10,10,10,6,6,6,0,0,0,2,2,2,0,0,0,57.4,57.4,57.4
browser-use,Google_Map--7,C8,1,1.0,success,53,53,53,8,8,8,4,4,4,0,0,0,0,0,0,0,0,0,25.2,25.2,25.2
browser-use,Google_Map--8,C0,1,1.0,success,1260,1260,1260,20,20,20,13,13,13,0,0,0,0,0,0,0,0,0,66.5,66.5,66.5
browser-use,Google_Map--8,C2,1,1.0,success,425,425,425,18,18,18,11,11,11,0,0,0,3,3,3,0,0,0,68.9,68.9,68.9
browser-use,Google_Map--8,C5,1,1.0,success,470,470,470,16,16,16,9,9,9,0,0,0,0,0,0,0,0,0,46.2,46.2,46.2
browser-use,Google_Map--8,C7,1,1.0,success,559,559,559,17,17,17,10,10,10,0,0,0,3,3,3,0,0,0,39.4,39.4,39.4
browser-use,Google_Map--8,C8,1,1.0,success,438,438,438,14,14,14,8,8,8,5,5,5,1,1,1,0,0,0,27.2,27.2,27.2
browser-use,Google_Map--9,C0,1,1.0,success,637,637,637,19,19,19,15,15,15,0,0,0,0,0,0,0,0,0,59.3,59.3,59.3
browser-use,Google_Map--9,C2,1,1.0,success,36,36,36,11,11,11,7,7,7,0,0,0,4,4,4,0,0,0,25.4,25.4,25.4
browser-use,Google_Map--9,C5,1,1.0,success,1067,1067,1067,39,39,39,32,32,32,0,0,0,0,0,0,0,0,0,47.2,47.2,47.2
browser-use,Google_Map--9,C7,1,1.0,success,47,47,47,11,11,11,7,7,7,0,0,0,4,4,4,0,0,0,37.1,37.1,37.1
browser-use,Google_Map--9,C8,1,1.0,success,358,358,358,18,18,18,9,9,9,6,6,6,1,1,1,0,0,0,27.1,27.1,27.1
browser-use,Google_Search--0,C0,1,1.0,success,143,143,143,12,12,12,8,8,8,0,0,0,0,0,0,0,0,0,51.3,51.3,51.3
browser-use,Google_Search--0,C2,1,1.0,success,104,104,104,12,12,12,8,8,8,0,0,0,4,4,4,0,0,0,78.9,78.9,78.9
browser-use,Google_Search--0,C5,1,1.0,success,625,625,625,21,21,21,17,17,17,0,0,0,0,0,0,0,0,0,43.7,43.7,43.7
browser-use,Google_Search--0,C7,1,1.0,success,89,89,89,11,11,11,7,7,7,0,0,0,2,2,2,0,0,0,27.0,27.0,27.0
browser-use,Google_Search--0,C8,1,1.0,success,99,99,99,11,11,11,7,7,7,0,0,0,0,0,0,0,0,0,24.8,24.8,24.8
browser-use,Google_Search--1,C0,1,1.0,success,600,600,600,15,15,15,11,11,11,0,0,0,0,0,0,0,0,0,83.8,83.8,83.8
browser-use,Google_Search--1,C2,1,1.0,success,91,91,91,11,11,11,7,7,7,0,0,0,3,3,3,0,0,0,27.5,27.5,27.5
browser-use,Google_Search--1,C5,1,1.0,success,476,476,476,16,16,16,12,12,12,0,0,0,0,0,0,0,0,0,64.2,64.2,64.2
browser-use,Google_Search--1,C7,1,1.0,success,144,144,144,16,16,16,10,10,10,0,0,0,4,4,4,0,0,0,69.5,69.5,69.5
browser-use,Google_Search--1,C8,1,1.0,success,70,70,70,8,8,8,4,4,4,0,0,0,0,0,0,0,0,0,35.0,35.0,35.0
browser-use,Google_Search--10,C0,1,1.0,success,1860,1860,1860,270,270,270,264,264,264,0,0,0,0,0,0,0,0,0,47.6,47.6,47.6
browser-use,Google_Search--10,C2,1,1.0,success,41,41,41,11,11,11,7,7,7,0,0,0,6,6,6,0,0,0,68.9,68.9,68.9
browser-use,Google_Search--10,C5,1,1.0,success,2888,2888,2888,300,300,300,294,294,294,0,0,0,0,0,0,0,0,0,68.9,68.9,68.9
browser-use,Google_Search--10,C7,1,1.0,success,1360,1360,1360,140,140,140,136,136,136,0,0,0,112,112,112,8,8,8,54.5,54.5,54.5
browser-use,Google_Search--10,C8,1,1.0,success,1319,1319,1319,153,153,153,149,149,149,0,0,0,121,121,121,8,8,8,59.8,59.8,59.8
browser-use,Google_Search--11,C0,1,1.0,success,623,623,623,25,25,25,20,20,20,0,0,0,0,0,0,0,0,0,67.1,67.1,67.1
browser-use,Google_Search--11,C2,1,1.0,success,37,37,37,11,11,11,7,7,7,0,0,0,4,4,4,0,0,0,29.9,29.9,29.9
browser-use,Google_Search--11,C5,1,1.0,success,601,601,601,25,25,25,20,20,20,0,0,0,0,0,0,0,0,0,70.5,70.5,70.5
browser-use,Google_Search--11,C7,1,1.0,success,40,40,40,12,12,12,8,8,8,0,0,0,6,6,6,0,0,0,30.1,30.1,30.1
browser-use,Google_Search--11,C8,1,1.0,success,499,499,499,46,46,46,40,40,40,0,0,0,0,0,0,8,8,8,40.6,40.6,40.6
browser-use,Google_Search--12,C0,1,1.0,success,159,159,159,12,12,12,8,8,8,0,0,0,0,0,0,0,0,0,71.7,71.7,71.7
browser-use,Google_Search--12,C2,1,1.0,success,104,104,104,12,12,12,8,8,8,0,0,0,4,4,4,0,0,0,38.3,38.3,38.3
browser-use,Google_Search--12,C5,1,1.0,success,1128,1128,1128,126,126,126,121,121,121,0,0,0,0,0,0,0,0,0,68.5,68.5,68.5
browser-use,Google_Search--12,C7,1,1.0,success,95,95,95,12,12,12,8,8,8,0,0,0,4,4,4,0,0,0,63.5,63.5,63.5
browser-use,Google_Search--12,C8,1,1.0,success,91,91,91,9,9,9,5,5,5,2,2,2,0,0,0,0,0,0,53.7,53.7,53.7
browser-use,Google_Search--13,C0,1,1.0,success,596,596,596,18,18,18,14,14,14,0,0,0,0,0,0,0,0,0,40.9,40.9,40.9
browser-use,Google_Search--13,C2,1,1.0,success,97,97,97,13,13,13,9,9,9,0,0,0,5,5,5,0,0,0,28.8,28.8,28.8
browser-use,Google_Search--13,C5,1,1.0,success,658,658,658,18,18,18,14,14,14,0,0,0,0,0,0,0,0,0,74.8,74.8,74.8
browser-use,Google_Search--13,C7,1,1.0,success,50,50,50,12,12,12,8,8,8,0,0,0,5,5,5,0,0,0,38.2,38.2,38.2
browser-use,Google_Search--13,C8,1,1.0,success,26,26,26,11,11,11,7,7,7,1,1,1,2,2,2,0,0,0,25.0,25.0,25.0
browser-use,Google_Search--14,C0,1,1.0,success,627,627,627,19,19,19,15,15,15,0,0,0,0,0,0,0,0,0,66.1,66.1,66.1
browser-use,Google_Search--14,C2,1,1.0,success,93,93,93,11,11,11,7,7,7,0,0,0,4,4,4,0,0,0,62.9,62.9,62.9
browser-use,Google_Search--14,C5,1,1.0,success,1060,1060,1060,114,114,114,109,109,109,0,0,0,0,0,0,0,0,0,78.8,78.8,78.8
browser-use,Google_Search--14,C7,1,1.0,success,101,101,101,12,12,12,8,8,8,0,0,0,3,3,3,0,0,0,73.1,73.1,73.1
browser-use,Google_Search--14,C8,1,1.0,success,72,72,72,10,10,10,4,4,4,3,3,3,0,0,0,0,0,0,26.1,26.1,26.1
browser-use,Google_Search--15,C0,1,1.0,success,279,279,279,12,12,12,7,7,7,0,0,0,0,0,0,0,0,0,36.1,36.1,36.1
browser-use,Google_Search--15,C2,1,1.0,success,26,26,26,10,10,10,6,6,6,0,0,0,5,5,5,0,0,0,52.0,52.0,52.0
browser-use,Google_Search--15,C5,1,1.0,success,196,196,196,14,14,14,9,9,9,0,0,0,0,0,0,0,0,0,21.4,21.4,21.4
browser-use,Google_Search--15,C7,1,1.0,success,18,18,18,8,8,8,4,4,4,0,0,0,3,3,3,0,0,0,10.6,10.6,10.6
browser-use,Google_Search--15,C8,1,1.0,success,24,24,24,7,7,7,3,3,3,0,0,0,5,5,5,0,0,0,55.0,55.0,55.0
browser-use,Google_Search--16,C0,1,1.0,success,525,525,525,21,21,21,17,17,17,0,0,0,0,0,0,0,0,0,92.4,92.4,92.4
browser-use,Google_Search--16,C2,1,1.0,success,29,29,29,9,9,9,5,5,5,0,0,0,4,4,4,0,0,0,28.9,28.9,28.9
browser-use,Google_Search--16,C5,1,1.0,success,1235,1235,1235,17,17,17,13,13,13,0,0,0,0,0,0,0,0,0,66.0,66.0,66.0
browser-use,Google_Search--16,C7,1,1.0,success,50,50,50,12,12,12,8,8,8,0,0,0,5,5,5,0,0,0,37.6,37.6,37.6
browser-use,Google_Search--16,C8,1,1.0,success,12,12,12,6,6,6,2,2,2,0,0,0,0,0,0,0,0,0,38.4,38.4,38.4
browser-use,Google_Search--17,C0,1,1.0,success,1000,1000,1000,32,32,32,26,26,26,0,0,0,0,0,0,0,0,0,52.3,52.3,52.3
browser-use,Google_Search--17,C2,1,1.0,success,93,93,93,12,12,12,8,8,8,0,0,0,4,4,4,0,0,0,69.2,69.2,69.2
browser-use,Google_Search--17,C5,1,1.0,success,990,990,990,34,34,34,28,28,28,0,0,0,0,0,0,0,0,0,40.7,40.7,40.7
browser-use,Google_Search--17,C7,1,1.0,success,86,86,86,10,10,10,6,6,6,0,0,0,1,1,1,0,0,0,34.1,34.1,34.1
browser-use,Google_Search--17,C8,1,1.0,success,108,108,108,8,8,8,4,4,4,0,0,0,0,0,0,0,0,0,20.6,20.6,20.6
browser-use,Google_Search--18,C0,1,1.0,success,925,925,925,19,19,19,15,15,15,0,0,0,0,0,0,0,0,0,59.3,59.3,59.3
browser-use,Google_Search--18,C2,1,1.0,success,103,103,103,11,11,11,7,7,7,0,0,0,4,4,4,0,0,0,38.0,38.0,38.0
browser-use,Google_Search--18,C5,1,1.0,success,732,732,732,19,19,19,15,15,15,0,0,0,0,0,0,0,0,0,48.3,48.3,48.3
browser-use,Google_Search--18,C7,1,1.0,success,90,90,90,11,11,11,7,7,7,0,0,0,3,3,3,0,0,0,29.5,29.5,29.5
browser-use,Google_Search--18,C8,1,1.0,success,221,221,221,9,9,9,5,5,5,0,0,0,0,0,0,0,0,0,44.3,44.3,44.3
browser-use,Google_Search--19,C0,1,1.0,success,386,386,386,14,14,14,10,10,10,0,0,0,0,0,0,0,0,0,48.4,48.4,48.4
browser-use,Google_Search--19,C2,1,1.0,success,104,104,104,11,11,11,7,7,7,0,0,0,4,4,4,0,0,0,72.6,72.6,72.6
browser-use,Google_Search--19,C5,1,1.0,success,447,447,447,14,14,14,10,10,10,0,0,0,0,0,0,0,0,0,43.6,43.6,43.6
browser-use,Google_Search--19,C7,1,1.0,success,103,103,103,11,11,11,7,7,7,0,0,0,4,4,4,0,0,0,39.3,39.3,39.3
browser-use,Google_Search--19,C8,1,1.0,success,323,323,323,10,10,10,6,6,6,0,0,0,0,0,0,0,0,0,26.8,26.8,26.8
browser-use,Google_Search--2,C0,1,1.0,success,702,702,702,20,20,20,16,16,16,0,0,0,0,0,0,0,0,0,30.4,30.4,30.4
browser-use,Google_Search--2,C2,1,0.0,,0,0,0,0,0,0,0,0,0,0,0,0,0,0,0,0,0,0,,,
browser-use,Google_Search--2,C5,1,1.0,success,993,993,993,63,63,63,58,58,58,0,0,0,0,0,0,0,0,0,73.9,73.9,73.9
browser-use,Google_Search--2,C7,1,1.0,success,292,292,292,24,24,24,20,20,20,0,0,0,6,6,6,0,0,0,21.2,21.2,21.2
browser-use,Google_Search--2,C8,1,1.0,success,160,160,160,31,31,31,27,27,27,0,0,0,7,7,7,0,0,0,29.0,29.0,29.0
browser-use,Google_Search--20,C0,1,1.0,success,655,655,655,19,19,19,15,15,15,0,0,0,0,0,0,0,0,0,55.4,55.4,55.4
browser-use,Google_Search--20,C2,1,1.0,success,95,95,95,11,11,11,7,7,7,0,0,0,5,5,5,0,0,0,30.3,30.3,30.3
browser-use,Google_Search--20,C5,1,1.0,success,148,148,148,12,12,12,8,8,8,0,0,0,0,0,0,0,0,0,49.7,49.7,49.7
browser-use,Google_Search--20,C7,1,1.0,success,106,106,106,12,12,12,8,8,8,0,0,0,4,4,4,0,0,0,77.7,77.7,77.7
browser-use,Google_Search--20,C8,1,1.0,success,48,48,48,9,9,9,5,5,5,2,2,2,0,0,0,0,0,0,25.8,25.8,25.8
browser-use,Google_Search--21,C0,1,1.0,success,167,167,167,14,14,14,8,8,8,0,0,0,0,0,0,0,0,0,55.2,55.2,55.2
browser-use,Google_Search--21,C2,1,1.0,success,96,96,96,13,13,13,9,9,9,0,0,0,5,5,5,0,0,0,30.6,30.6,30.6
browser-use,Google_Search--21,C5,1,1.0,success,599,599,599,17,17,17,13,13,13,0,0,0,0,0,0,0,0,0,33.2,33.2,33.2
browser-use,Google_Search--21,C7,1,1.0,success,97,97,97,13,13,13,9,9,9,0,0,0,5,5,5,0,0,0,31.9,31.9,31.9
browser-use,Google_Search--21,C8,1,1.0,success,67,67,67,11,11,11,5,5,5,3,3,3,1,1,1,0,0,0,24.1,24.1,24.1
browser-use,Google_Search--22,C0,1,1.0,success,263,263,263,23,23,23,13,13,13,0,0,0,0,0,0,0,0,0,39.8,39.8,39.8
browser-use,Google_Search--22,C2,1,1.0,success,248,248,248,23,23,23,13,13,13,0,0,0,1,1,1,0,0,0,45.7,45.7,45.7
browser-use,Google_Search--22,C5,1,1.0,success,883,883,883,18,18,18,14,14,14,0,0,0,0,0,0,0,0,0,35.2,35.2,35.2
browser-use,Google_Search--22,C7,1,1.0,success,186,186,186,26,26,26,16,16,16,0,0,0,1,1,1,0,0,0,59.3,59.3,59.3
browser-use,Google_Search--22,C8,1,1.0,success,17,17,17,7,7,7,2,2,2,0,0,0,1,1,1,0,0,0,21.7,21.7,21.7
browser-use,Google_Search--23,C0,1,1.0,success,185,185,185,13,13,13,9,9,9,0,0,0,0,0,0,0,0,0,70.0,70.0,70.0
browser-use,Google_Search--23,C2,1,1.0,success,90,90,90,12,12,12,8,8,8,0,0,0,3,3,3,0,0,0,25.5,25.5,25.5
browser-use,Google_Search--23,C5,1,1.0,success,150,150,150,12,12,12,8,8,8,0,0,0,0,0,0,0,0,0,61.6,61.6,61.6
browser-use,Google_Search--23,C7,1,1.0,success,145,145,145,15,15,15,9,9,9,0,0,0,4,4,4,0,0,0,69.7,69.7,69.7
browser-use,Google_Search--23,C8,1,1.0,success,81,81,81,9,9,9,5,5,5,3,3,3,0,0,0,0,0,0,24.0,24.0,24.0
browser-use,Google_Search--24,C0,1,1.0,success,523,523,523,17,17,17,13,13,13,0,0,0,0,0,0,0,0,0,47.0,47.0,47.0
browser-use,Google_Search--24,C2,1,1.0,success,95,95,95,12,12,12,8,8,8,0,0,0,5,5,5,0,0,0,30.8,30.8,30.8
browser-use,Google_Search--24,C5,1,1.0,success,222,222,222,16,16,16,10,10,10,0,0,0,0,0,0,0,0,0,27.9,27.9,27.9
browser-use,Google_Search--24,C7,1,1.0,success,89,89,89,11,11,11,7,7,7,0,0,0,2,2,2,0,0,0,25.2,25.2,25.2
browser-use,Google_Search--24,C8,1,1.0,success,99,99,99,10,10,10,6,6,6,2,2,2,0,0,0,0,0,0,51.3,51.3,51.3
browser-use,Google_Search--25,C0,1,1.0,success,153,153,153,23,23,23,19,19,19,0,0,0,0,0,0,0,0,0,40.4,40.4,40.4
browser-use,Google_Search--25,C2,1,1.0,success,100,100,100,15,15,15,11,11,11,0,0,0,5,5,5,0,0,0,77.2,77.2,77.2
browser-use,Google_Search--25,C5,1,1.0,success,320,320,320,73,73,73,66,66,66,0,0,0,0,0,0,0,0,0,28.9,28.9,28.9
browser-use,Google_Search--25,C7,1,1.0,success,97,97,97,15,15,15,11,11,11,0,0,0,5,5,5,0,0,0,30.8,30.8,30.8
browser-use,Google_Search--25,C8,1,1.0,success,340,340,340,52,52,52,47,47,47,0,0,0,15,15,15,0,0,0,42.6,42.6,42.6
browser-use,Google_Search--26,C0,1,1.0,success,621,621,621,16,16,16,12,12,12,0,0,0,0,0,0,0,0,0,70.4,70.4,70.4
browser-use,Google_Search--26,C2,1,1.0,success,95,95,95,13,13,13,9,9,9,0,0,0,5,5,5,0,0,0,30.3,30.3,30.3
browser-use,Google_Search--26,C5,1,1.0,success,448,448,448,15,15,15,11,11,11,0,0,0,0,0,0,0,0,0,35.3,35.3,35.3
browser-use,Google_Search--26,C7,1,1.0,success,48,48,48,12,12,12,8,8,8,0,0,0,5,5,5,0,0,0,36.4,36.4,36.4
browser-use,Google_Search--26,C8,1,1.0,success,14,14,14,6,6,6,2,2,2,2,2,2,0,0,0,0,0,0,34.0,34.0,34.0
browser-use,Google_Search--27,C0,1,1.0,success,382,382,382,39,39,39,32,32,32,0,0,0,0,0,0,0,0,0,50.3,50.3,50.3
browser-use,Google_Search--27,C2,1,1.0,success,156,156,156,14,14,14,8,8,8,0,0,0,2,2,2,0,0,0,32.3,32.3,32.3
browser-use,Google_Search--27,C5,1,1.0,success,352,352,352,25,25,25,19,19,19,0,0,0,0,0,0,0,0,0,28.2,28.2,28.2
browser-use,Google_Search--27,C7,1,1.0,success,91,91,91,12,12,12,8,8,8,0,0,0,3,3,3,0,0,0,34.9,34.9,34.9
browser-use,Google_Search--27,C8,1,1.0,success,72,72,72,11,11,11,5,5,5,1,1,1,1,1,1,0,0,0,35.7,35.7,35.7
browser-use,Google_Search--28,C0,1,1.0,success,1475,1475,1475,239,239,239,234,234,234,0,0,0,0,0,0,0,0,0,47.3,47.3,47.3
browser-use,Google_Search--28,C2,1,1.0,success,105,105,105,12,12,12,8,8,8,0,0,0,4,4,4,0,0,0,40.6,40.6,40.6
browser-use,Google_Search--28,C5,1,1.0,success,1186,1186,1186,182,182,182,177,177,177,0,0,0,0,0,0,0,0,0,50.8,50.8,50.8
browser-use,Google_Search--28,C7,1,1.0,success,95,95,95,13,13,13,9,9,9,0,0,0,4,4,4,0,0,0,33.0,33.0,33.0
browser-use,Google_Search--28,C8,1,1.0,success,21,21,21,9,9,9,5,5,5,0,0,0,1,1,1,0,0,0,24.9,24.9,24.9
browser-use,Google_Search--29,C0,1,1.0,success,712,712,712,29,29,29,23,23,23,0,0,0,0,0,0,0,0,0,67.9,67.9,67.9
browser-use,Google_Search--29,C2,1,1.0,success,98,98,98,14,14,14,10,10,10,0,0,0,5,5,5,0,0,0,77.1,77.1,77.1
browser-use,Google_Search--29,C5,1,1.0,success,210,210,210,15,15,15,11,11,11,0,0,0,0,0,0,0,0,0,58.8,58.8,58.8
browser-use,Google_Search--29,C7,1,1.0,success,103,103,103,13,13,13,9,9,9,0,0,0,3,3,3,0,0,0,70.4,70.4,70.4
browser-use,Google_Search--29,C8,1,1.0,success,143,143,143,9,9,9,5,5,5,0,0,0,0,0,0,0,0,0,29.8,29.8,29.8
browser-use,Google_Search--3,C0,1,1.0,success,518,518,518,64,64,64,60,60,60,0,0,0,0,0,0,0,0,0,69.6,69.6,69.6
browser-use,Google_Search--3,C2,1,1.0,success,154,154,154,15,15,15,9,9,9,0,0,0,3,3,3,0,0,0,74.8,74.8,74.8
browser-use,Google_Search--3,C5,1,1.0,success,187,187,187,15,15,15,11,11,11,0,0,0,0,0,0,0,0,0,80.0,80.0,80.0
browser-use,Google_Search--3,C7,1,1.0,success,102,102,102,11,11,11,7,7,7,0,0,0,3,3,3,0,0,0,70.2,70.2,70.2
browser-use,Google_Search--3,C8,1,1.0,success,26,26,26,10,10,10,6,6,6,2,2,2,1,1,1,0,0,0,45.3,45.3,45.3
browser-use,Google_Search--30,C0,1,1.0,success,211,211,211,33,33,33,29,29,29,0,0,0,0,0,0,0,0,0,69.2,69.2,69.2
browser-use,Google_Search--30,C2,1,1.0,success,40,40,40,9,9,9,5,5,5,0,0,0,5,5,5,0,0,0,67.5,67.5,67.5
browser-use,Google_Search--30,C5,1,1.0,success,773,773,773,36,36,36,31,31,31,0,0,0,0,0,0,0,0,0,40.1,40.1,40.1
browser-use,Google_Search--30,C7,1,1.0,success,39,39,39,11,11,11,7,7,7,0,0,0,5,5,5,0,0,0,27.9,27.9,27.9
browser-use,Google_Search--30,C8,1,1.0,success,30,30,30,8,8,8,4,4,4,0,0,0,0,0,0,0,0,0,36.2,36.2,36.2
browser-use,Google_Search--31,C0,1,1.0,success,565,565,565,16,16,16,12,12,12,0,0,0,0,0,0,0,0,0,86.5,86.5,86.5
browser-use,Google_Search--31,C2,1,1.0,success,97,97,97,12,12,12,8,8,8,0,0,0,5,5,5,0,0,0,30.5,30.5,30.5
browser-use,Google_Search--31,C5,1,1.0,success,726,726,726,19,19,19,15,15,15,0,0,0,0,0,0,0,0,0,66.2,66.2,66.2
browser-use,Google_Search--31,C7,1,1.0,success,94,94,94,13,13,13,9,9,9,0,0,0,4,4,4,0,0,0,58.4,58.4,58.4
browser-use,Google_Search--31,C8,1,1.0,success,156,156,156,8,8,8,4,4,4,0,0,0,0,0,0,0,0,0,39.3,39.3,39.3
browser-use,Google_Search--32,C0,1,1.0,success,713,713,713,18,18,18,14,14,14,0,0,0,0,0,0,0,0,0,59.7,59.7,59.7
browser-use,Google_Search--32,C2,1,1.0,success,42,42,42,13,13,13,9,9,9,0,0,0,5,5,5,0,0,0,36.1,36.1,36.1
browser-use,Google_Search--32,C5,1,1.0,success,525,525,525,17,17,17,13,13,13,0,0,0,0,0,0,0,0,0,57.0,57.0,57.0
browser-use,Google_Search--32,C7,1,1.0,success,37,37,37,10,10,10,6,6,6,0,0,0,5,5,5,0,0,0,63.1,63.1,63.1
browser-use,Google_Search--32,C8,1,1.0,success,145,145,145,8,8,8,4,4,4,0,0,0,0,0,0,0,0,0,29.1,29.1,29.1
browser-use,Google_Search--33,C0,1,1.0,success,544,544,544,11,11,11,7,7,7,0,0,0,0,0,0,0,0,0,30.1,30.1,30.1
browser-use,Google_Search--33,C2,1,1.0,success,293,293,293,12,12,12,8,8,8,0,0,0,2,2,2,0,0,0,58.2,58.2,58.2
browser-use,Google_Search--33,C5,1,1.0,success,381,381,381,15,15,15,11,11,11,0,0,0,0,0,0,0,0,0,53.2,53.2,53.2
browser-use,Google_Search--33,C7,1,1.0,success,226,226,226,14,14,14,9,9,9,0,0,0,3,3,3,0,0,0,51.6,51.6,51.6
browser-use,Google_Search--33,C8,1,1.0,success,394,394,394,14,14,14,10,10,10,2,2,2,2,2,2,0,0,0,34.0,34.0,34.0
browser-use,Google_Search--34,C0,1,1.0,success,467,467,467,14,14,14,10,10,10,0,0,0,0,0,0,0,0,0,35.4,35.4,35.4
browser-use,Google_Search--34,C2,1,1.0,success,57,57,57,11,11,11,7,7,7,0,0,0,4,4,4,0,0,0,79.5,79.5,79.5
browser-use,Google_Search--34,C5,1,1.0,success,261,261,261,49,49,49,45,45,45,0,0,0,0,0,0,0,0,0,98.8,98.8,98.8
browser-use,Google_Search--34,C7,1,1.0,success,147,147,147,16,16,16,10,10,10,0,0,0,4,4,4,0,0,0,73.1,73.1,73.1
browser-use,Google_Search--34,C8,1,1.0,success,67,67,67,9,9,9,5,5,5,0,0,0,0,0,0,0,0,0,27.6,27.6,27.6
browser-use,Google_Search--35,C0,1,1.0,success,692,692,692,138,138,138,133,133,133,0,0,0,0,0,0,0,0,0,40.6,40.6,40.6
browser-use,Google_Search--35,C2,1,1.0,success,483,483,483,55,55,55,50,50,50,0,0,0,12,12,12,0,0,0,47.5,47.5,47.5
browser-use,Google_Search--35,C5,1,1.0,success,430,430,430,57,57,57,52,52,52,0,0,0,0,0,0,0,0,0,46.3,46.3,46.3
browser-use,Google_Search--35,C7,1,1.0,success,100,100,100,13,13,13,8,8,8,0,0,0,3,3,3,0,0,0,70.9,70.9,70.9
browser-use,Google_Search--35,C8,1,1.0,success,500,500,500,77,77,77,72,72,72,0,0,0,22,22,22,0,0,0,44.9,44.9,44.9
browser-use,Google_Search--36,C0,1,1.0,success,406,406,406,25,25,25,20,20,20,0,0,0,0,0,0,0,0,0,36.0,36.0,36.0
browser-use,Google_Search--36,C2,1,1.0,success,93,93,93,12,12,12,8,8,8,0,0,0,4,4,4,0,0,0,31.8,31.8,31.8
browser-use,Google_Search--36,C5,1,1.0,success,238,238,238,30,30,30,25,25,25,0,0,0,0,0,0,0,0,0,51.2,51.2,51.2
browser-use,Google_Search--36,C7,1,1.0,success,101,101,101,11,11,11,7,7,7,0,0,0,3,3,3,0,0,0,39.1,39.1,39.1
browser-use,Google_Search--36,C8,1,1.0,success,325,325,325,8,8,8,4,4,4,0,0,0,0,0,0,0,0,0,41.4,41.4,41.4
browser-use,Google_Search--37,C0,1,1.0,success,789,789,789,31,31,31,27,27,27,0,0,0,0,0,0,0,0,0,69.4,69.4,69.4
browser-use,Google_Search--37,C2,1,1.0,success,51,51,51,12,12,12,8,8,8,0,0,0,5,5,5,0,0,0,78.7,78.7,78.7
browser-use,Google_Search--37,C5,1,1.0,success,613,613,613,20,20,20,16,16,16,0,0,0,0,0,0,0,0,0,41.0,41.0,41.0
browser-use,Google_Search--37,C7,1,1.0,success,94,94,94,12,12,12,8,8,8,0,0,0,4,4,4,0,0,0,70.6,70.6,70.6
browser-use,Google_Search--37,C8,1,1.0,success,120,120,120,11,11,11,5,5,5,3,3,3,1,1,1,0,0,0,45.6,45.6,45.6
browser-use,Google_Search--38,C0,1,1.0,success,530,530,530,17,17,17,13,13,13,0,0,0,0,0,0,0,0,0,41.2,41.2,41.2
browser-use,Google_Search--38,C2,1,1.0,success,93,93,93,11,11,11,7,7,7,0,0,0,4,4,4,0,0,0,63.5,63.5,63.5
browser-use,Google_Search--38,C5,1,1.0,success,596,596,596,16,16,16,12,12,12,0,0,0,0,0,0,0,0,0,43.7,43.7,43.7
browser-use,Google_Search--38,C7,1,1.0,success,93,93,93,12,12,12,8,8,8,0,0,0,4,4,4,0,0,0,31.3,31.3,31.3
browser-use,Google_Search--38,C8,1,1.0,success,74,74,74,11,11,11,5,5,5,3,3,3,1,1,1,0,0,0,25.5,25.5,25.5
browser-use,Google_Search--39,C0,1,1.0,success,791,791,791,30,30,30,25,25,25,0,0,0,0,0,0,0,0,0,65.1,65.1,65.1
browser-use,Google_Search--39,C2,1,1.0,success,83,83,83,12,12,12,8,8,8,0,0,0,3,3,3,0,0,0,64.3,64.3,64.3
browser-use,Google_Search--39,C5,1,1.0,success,1193,1193,1193,170,170,170,165,165,165,0,0,0,0,0,0,0,0,0,44.9,44.9,44.9
browser-use,Google_Search--39,C7,1,1.0,success,91,91,91,11,11,11,7,7,7,0,0,0,3,3,3,0,0,0,31.0,31.0,31.0
browser-use,Google_Search--39,C8,1,1.0,success,72,72,72,10,10,10,4,4,4,3,3,3,0,0,0,0,0,0,23.2,23.2,23.2
browser-use,Google_Search--4,C0,1,1.0,success,573,573,573,16,16,16,12,12,12,0,0,0,0,0,0,0,0,0,66.7,66.7,66.7
browser-use,Google_Search--4,C2,1,1.0,success,24,24,24,8,8,8,4,4,4,0,0,0,4,4,4,0,0,0,55.4,55.4,55.4
browser-use,Google_Search--4,C5,1,1.0,success,338,338,338,116,116,116,111,111,111,0,0,0,0,0,0,0,0,0,44.5,44.5,44.5
browser-use,Google_Search--4,C7,1,1.0,success,29,29,29,9,9,9,5,5,5,0,0,0,6,6,6,0,0,0,77.8,77.8,77.8
browser-use,Google_Search--4,C8,1,1.0,success,12,12,12,6,6,6,2,2,2,0,0,0,1,1,1,0,0,0,20.4,20.4,20.4
browser-use,Google_Search--40,C0,1,1.0,success,625,625,625,19,19,19,13,13,13,0,0,0,0,0,0,0,0,0,41.2,41.2,41.2
browser-use,Google_Search--40,C2,1,1.0,success,66,66,66,10,10,10,6,6,6,0,0,0,3,3,3,0,0,0,73.8,73.8,73.8
browser-use,Google_Search--40,C5,1,1.0,success,996,996,996,33,33,33,27,27,27,0,0,0,0,0,0,0,0,0,40.0,40.0,40.0
browser-use,Google_Search--40,C7,1,1.0,success,46,46,46,10,10,10,6,6,6,0,0,0,4,4,4,0,0,0,36.7,36.7,36.7
browser-use,Google_Search--40,C8,1,1.0,success,76,76,76,8,8,8,4,4,4,1,1,1,0,0,0,0,0,0,26.5,26.5,26.5
browser-use,Google_Search--41,C0,1,1.0,success,285,285,285,29,29,29,23,23,23,0,0,0,0,0,0,0,0,0,37.1,37.1,37.1
browser-use,Google_Search--41,C2,1,1.0,success,53,53,53,10,10,10,6,6,6,0,0,0,3,3,3,0,0,0,68.8,68.8,68.8
browser-use,Google_Search--41,C5,1,1.0,success,1055,1055,1055,44,44,44,40,40,40,0,0,0,0,0,0,0,0,0,45.2,45.2,45.2
browser-use,Google_Search--41,C7,1,1.0,success,50,50,50,11,11,11,7,7,7,0,0,0,5,5,5,0,0,0,42.6,42.6,42.6
browser-use,Google_Search--41,C8,1,1.0,success,72,72,72,10,10,10,4,4,4,1,1,1,1,1,1,0,0,0,25.7,25.7,25.7
browser-use,Google_Search--42,C0,1,1.0,success,977,977,977,31,31,31,25,25,25,0,0,0,0,0,0,0,0,0,55.8,55.8,55.8
browser-use,Google_Search--42,C2,1,1.0,success,101,101,101,14,14,14,8,8,8,0,0,0,4,4,4,0,0,0,65.2,65.2,65.2
browser-use,Google_Search--42,C5,1,1.0,success,1703,1703,1703,248,248,248,243,243,243,0,0,0,0,0,0,0,0,0,70.9,70.9,70.9
browser-use,Google_Search--42,C7,1,1.0,success,104,104,104,13,13,13,7,7,7,0,0,0,3,3,3,0,0,0,32.8,32.8,32.8
browser-use,Google_Search--42,C8,1,1.0,success,69,69,69,8,8,8,4,4,4,1,1,1,0,0,0,0,0,0,69.5,69.5,69.5
browser-use,Google_Search--5,C0,1,1.0,success,497,497,497,60,60,60,55,55,55,0,0,0,0,0,0,0,0,0,56.4,56.4,56.4
browser-use,Google_Search--5,C2,1,1.0,success,151,151,151,15,15,15,9,9,9,0,0,0,3,3,3,0,0,0,31.5,31.5,31.5
browser-use,Google_Search--5,C5,1,1.0,success,309,309,309,44,44,44,40,40,40,0,0,0,0,0,0,0,0,0,62.7,62.7,62.7
browser-use,Google_Search--5,C7,1,1.0,success,152,152,152,15,15,15,9,9,9,0,0,0,3,3,3,0,0,0,63.8,63.8,63.8
browser-use,Google_Search--5,C8,1,1.0,success,19,19,19,8,8,8,4,4,4,0,0,0,3,3,3,0,0,0,54.2,54.2,54.2
browser-use,Google_Search--6,C0,1,1.0,success,749,749,749,32,32,32,22,22,22,0,0,0,0,0,0,0,0,0,62.8,62.8,62.8
browser-use,Google_Search--6,C2,1,1.0,success,251,251,251,28,28,28,17,17,17,0,0,0,2,2,2,0,0,0,61.6,61.6,61.6
browser-use,Google_Search--6,C5,1,1.0,success,1201,1201,1201,24,24,24,19,19,19,0,0,0,0,0,0,0,0,0,27.4,27.4,27.4
browser-use,Google_Search--6,C7,1,1.0,success,83,83,83,10,10,10,5,5,5,0,0,0,3,3,3,0,0,0,32.3,32.3,32.3
browser-use,Google_Search--6,C8,1,1.0,success,128,128,128,17,17,17,10,10,10,1,1,1,0,0,0,0,0,0,31.7,31.7,31.7
browser-use,Google_Search--7,C0,1,1.0,success,729,729,729,18,18,18,14,14,14,0,0,0,0,0,0,0,0,0,40.3,40.3,40.3
browser-use,Google_Search--7,C2,1,1.0,success,42,42,42,11,11,11,7,7,7,0,0,0,5,5,5,0,0,0,50.3,50.3,50.3
browser-use,Google_Search--7,C5,1,1.0,success,838,838,838,25,25,25,21,21,21,0,0,0,0,0,0,0,0,0,59.5,59.5,59.5
browser-use,Google_Search--7,C7,1,1.0,success,94,94,94,11,11,11,7,7,7,0,0,0,4,4,4,0,0,0,63.4,63.4,63.4
browser-use,Google_Search--7,C8,1,1.0,success,255,255,255,10,10,10,6,6,6,0,0,0,0,0,0,0,0,0,36.2,36.2,36.2
browser-use,Google_Search--8,C0,1,1.0,success,327,327,327,24,24,24,20,20,20,0,0,0,0,0,0,0,0,0,51.1,51.1,51.1
browser-use,Google_Search--8,C2,1,1.0,success,85,85,85,11,11,11,7,7,7,0,0,0,5,5,5,0,0,0,29.7,29.7,29.7
browser-use,Google_Search--8,C5,1,1.0,success,375,375,375,23,23,23,19,19,19,0,0,0,0,0,0,0,0,0,51.5,51.5,51.5
browser-use,Google_Search--8,C7,1,1.0,success,371,371,371,21,21,21,17,17,17,0,0,0,2,2,2,0,0,0,48.7,48.7,48.7
browser-use,Google_Search--8,C8,1,1.0,success,330,330,330,22,22,22,18,18,18,0,0,0,2,2,2,0,0,0,39.7,39.7,39.7
browser-use,Google_Search--9,C0,1,1.0,success,635,635,635,21,21,21,17,17,17,0,0,0,0,0,0,0,0,0,72.2,72.2,72.2
browser-use,Google_Search--9,C2,1,1.0,success,157,157,157,15,15,15,9,9,9,0,0,0,3,3,3,0,0,0,33.7,33.7,33.7
browser-use,Google_Search--9,C5,1,1.0,success,959,959,959,76,76,76,72,72,72,0,0,0,0,0,0,0,0,0,60.3,60.3,60.3
browser-use,Google_Search--9,C7,1,1.0,success,43,43,43,12,12,12,8,8,8,0,0,0,6,6,6,0,0,0,77.3,77.3,77.3
browser-use,Google_Search--9,C8,1,1.0,success,25,25,25,10,10,10,6,6,6,2,2,2,1,1,1,0,0,0,44.1,44.1,44.1
browser-use,Huggingface--0,C0,1,1.0,success,455,455,455,20,20,20,18,18,18,0,0,0,0,0,0,0,0,0,33.3,33.3,33.3
browser-use,Huggingface--0,C2,1,1.0,success,418,418,418,17,17,17,15,15,15,0,0,0,4,4,4,0,0,0,41.2,41.2,41.2
browser-use,Huggingface--0,C5,1,1.0,success,399,399,399,16,16,16,14,14,14,0,0,0,0,0,0,0,0,0,32.1,32.1,32.1
browser-use,Huggingface--0,C7,1,1.0,success,240,240,240,13,13,13,11,11,11,0,0,0,4,4,4,0,0,0,33.3,33.3,33.3
browser-use,Huggingface--0,C8,1,1.0,success,170,170,170,12,12,12,10,10,10,0,0,0,2,2,2,0,0,0,49.6,49.6,49.6
browser-use,Huggingface--1,C0,1,1.0,success,717,717,717,26,26,26,24,24,24,0,0,0,0,0,0,0,0,0,60.0,60.0,60.0
browser-use,Huggingface--1,C2,1,1.0,success,93,93,93,12,12,12,10,10,10,0,0,0,4,4,4,0,0,0,32.1,32.1,32.1
browser-use,Huggingface--1,C5,1,1.0,success,268,268,268,18,18,18,16,16,16,0,0,0,0,0,0,0,0,0,37.6,37.6,37.6
browser-use,Huggingface--1,C7,1,1.0,success,47,47,47,9,9,9,8,8,8,0,0,0,5,5,5,0,0,0,43.8,43.8,43.8
browser-use,Huggingface--1,C8,1,1.0,success,516,516,516,17,17,17,14,14,14,0,0,0,6,6,6,0,0,0,34.4,34.4,34.4
browser-use,Huggingface--10,C0,1,1.0,success,394,394,394,14,14,14,14,14,14,0,0,0,0,0,0,0,0,0,73.1,73.1,73.1
browser-use,Huggingface--10,C2,1,1.0,success,422,422,422,19,19,19,17,17,17,0,0,0,5,5,5,0,0,0,32.6,32.6,32.6
browser-use,Huggingface--10,C5,1,1.0,success,281,281,281,13,13,13,13,13,13,0,0,0,0,0,0,0,0,0,31.6,31.6,31.6
browser-use,Huggingface--10,C7,1,1.0,success,488,488,488,18,18,18,16,16,16,0,0,0,6,6,6,0,0,0,43.3,43.3,43.3
browser-use,Huggingface--10,C8,1,1.0,success,354,354,354,16,16,16,14,14,14,0,0,0,3,3,3,0,0,0,26.1,26.1,26.1
browser-use,Huggingface--11,C0,1,1.0,success,423,423,423,18,18,18,16,16,16,0,0,0,0,0,0,0,0,0,35.4,35.4,35.4
browser-use,Huggingface--11,C2,1,1.0,success,295,295,295,14,14,14,12,12,12,0,0,0,2,2,2,0,0,0,31.1,31.1,31.1
browser-use,Huggingface--11,C5,1,1.0,success,443,443,443,18,18,18,16,16,16,0,0,0,0,0,0,0,0,0,49.7,49.7,49.7
browser-use,Huggingface--11,C7,1,1.0,success,395,395,395,13,13,13,11,11,11,0,0,0,2,2,2,0,0,0,26.0,26.0,26.0
browser-use,Huggingface--11,C8,1,1.0,success,338,338,338,13,13,13,11,11,11,0,0,0,2,2,2,0,0,0,19.4,19.4,19.4
browser-use,Huggingface--12,C0,1,1.0,success,509,509,509,20,20,20,18,18,18,0,0,0,0,0,0,0,0,0,51.0,51.0,51.0
browser-use,Huggingface--12,C2,1,1.0,success,395,395,395,13,13,13,11,11,11,0,0,0,5,5,5,0,0,0,48.8,48.8,48.8
browser-use,Huggingface--12,C5,1,1.0,success,459,459,459,15,15,15,13,13,13,0,0,0,0,0,0,0,0,0,42.8,42.8,42.8
browser-use,Huggingface--12,C7,1,1.0,success,223,223,223,15,15,15,13,13,13,0,0,0,2,2,2,0,0,0,41.8,41.8,41.8
browser-use,Huggingface--12,C8,1,1.0,success,214,214,214,15,15,15,13,13,13,0,0,0,2,2,2,0,0,0,42.7,42.7,42.7
browser-use,Huggingface--13,C0,1,1.0,success,456,456,456,22,22,22,21,21,21,0,0,0,0,0,0,0,0,0,61.4,61.4,61.4
browser-use,Huggingface--13,C2,1,1.0,success,217,217,217,18,18,18,17,17,17,0,0,0,5,5,5,0,0,0,30.4,30.4,30.4
browser-use,Huggingface--13,C5,1,1.0,success,811,811,811,20,20,20,20,20,20,0,0,0,0,0,0,0,0,0,71.9,71.9,71.9
browser-use,Huggingface--13,C7,1,1.0,success,49,49,49,11,11,11,10,10,10,0,0,0,5,5,5,0,0,0,77.3,77.3,77.3
browser-use,Huggingface--13,C8,1,1.0,success,134,134,134,12,12,12,11,11,11,0,0,0,1,1,1,0,0,0,43.2,43.2,43.2
browser-use,Huggingface--14,C0,1,1.0,success,217,217,217,20,20,20,19,19,19,0,0,0,0,0,0,0,0,0,20.5,20.5,20.5
browser-use,Huggingface--14,C2,1,1.0,success,47,47,47,10,10,10,9,9,9,0,0,0,4,4,4,0,0,0,35.9,35.9,35.9
browser-use,Huggingface--14,C5,1,1.0,success,212,212,212,18,18,18,16,16,16,0,0,0,0,0,0,0,0,0,38.8,38.8,38.8
browser-use,Huggingface--14,C7,1,1.0,success,39,39,39,11,11,11,9,9,9,0,0,0,5,5,5,0,0,0,62.4,62.4,62.4
browser-use,Huggingface--14,C8,1,1.0,success,132,132,132,12,12,12,10,10,10,0,0,0,2,2,2,0,0,0,19.5,19.5,19.5
browser-use,Huggingface--15,C0,1,1.0,success,210,210,210,16,16,16,14,14,14,0,0,0,0,0,0,0,0,0,39.0,39.0,39.0
browser-use,Huggingface--15,C2,1,1.0,success,204,204,204,13,13,13,11,11,11,0,0,0,1,1,1,0,0,0,34.4,34.4,34.4
browser-use,Huggingface--15,C5,1,1.0,success,236,236,236,16,16,16,14,14,14,0,0,0,0,0,0,0,0,0,37.7,37.7,37.7
browser-use,Huggingface--15,C7,1,1.0,success,160,160,160,13,13,13,11,11,11,0,0,0,1,1,1,0,0,0,32.1,32.1,32.1
browser-use,Huggingface--15,C8,1,1.0,success,177,177,177,13,13,13,11,11,11,0,0,0,3,3,3,0,0,0,31.6,31.6,31.6
browser-use,Huggingface--16,C0,1,1.0,success,411,411,411,16,16,16,14,14,14,0,0,0,0,0,0,0,0,0,25.9,25.9,25.9
browser-use,Huggingface--16,C2,1,1.0,success,398,398,398,12,12,12,10,10,10,0,0,0,4,4,4,0,0,0,32.4,32.4,32.4
browser-use,Huggingface--16,C5,1,1.0,success,354,354,354,16,16,16,14,14,14,0,0,0,0,0,0,0,0,0,18.5,18.5,18.5
browser-use,Huggingface--16,C7,1,1.0,success,392,392,392,13,13,13,11,11,11,0,0,0,2,2,2,0,0,0,42.5,42.5,42.5
browser-use,Huggingface--16,C8,1,1.0,success,337,337,337,13,13,13,11,11,11,0,0,0,2,2,2,0,0,0,16.9,16.9,16.9
browser-use,Huggingface--17,C0,1,1.0,success,455,455,455,17,17,17,15,15,15,0,0,0,0,0,0,0,0,0,42.9,42.9,42.9
browser-use,Huggingface--17,C2,1,1.0,success,242,242,242,13,13,13,11,11,11,0,0,0,2,2,2,0,0,0,32.9,32.9,32.9
browser-use,Huggingface--17,C5,1,1.0,success,277,277,277,16,16,16,14,14,14,0,0,0,0,0,0,0,0,0,43.5,43.5,43.5
browser-use,Huggingface--17,C7,1,1.0,success,429,429,429,14,14,14,11,11,11,0,0,0,3,3,3,0,0,0,27.0,27.0,27.0
browser-use,Huggingface--17,C8,1,1.0,success,431,431,431,13,13,13,11,11,11,0,0,0,5,5,5,0,0,0,41.3,41.3,41.3
browser-use,Huggingface--18,C0,1,1.0,success,498,498,498,28,28,28,27,27,27,0,0,0,0,0,0,0,0,0,50.9,50.9,50.9
browser-use,Huggingface--18,C2,1,1.0,success,39,39,39,10,10,10,9,9,9,0,0,0,6,6,6,0,0,0,29.6,29.6,29.6
browser-use,Huggingface--18,C5,1,1.0,success,542,542,542,27,27,27,26,26,26,0,0,0,0,0,0,0,0,0,69.7,69.7,69.7
browser-use,Huggingface--18,C7,1,1.0,success,56,56,56,11,11,11,10,10,10,0,0,0,4,4,4,0,0,0,46.2,46.2,46.2
browser-use,Huggingface--18,C8,1,1.0,success,192,192,192,15,15,15,14,14,14,0,0,0,2,2,2,0,0,0,44.1,44.1,44.1
browser-use,Huggingface--19,C0,1,1.0,success,737,737,737,21,21,21,19,19,19,0,0,0,0,0,0,0,0,0,47.3,47.3,47.3
browser-use,Huggingface--19,C2,1,1.0,success,39,39,39,9,9,9,8,8,8,0,0,0,6,6,6,0,0,0,67.3,67.3,67.3
browser-use,Huggingface--19,C5,1,1.0,success,350,350,350,15,15,15,13,13,13,0,0,0,0,0,0,0,0,0,32.9,32.9,32.9
browser-use,Huggingface--19,C7,1,1.0,success,96,96,96,12,12,12,11,11,11,0,0,0,5,5,5,0,0,0,32.4,32.4,32.4
browser-use,Huggingface--19,C8,1,1.0,success,223,223,223,13,13,13,11,11,11,0,0,0,2,2,2,0,0,0,44.0,44.0,44.0
browser-use,Huggingface--2,C0,1,1.0,success,1011,1011,1011,17,17,17,15,15,15,0,0,0,0,0,0,0,0,0,41.9,41.9,41.9
browser-use,Huggingface--2,C2,1,1.0,success,482,482,482,12,12,12,10,10,10,0,0,0,4,4,4,0,0,0,45.1,45.1,45.1
browser-use,Huggingface--2,C5,1,1.0,success,204,204,204,15,15,15,13,13,13,0,0,0,0,0,0,0,0,0,46.1,46.1,46.1
browser-use,Huggingface--2,C7,1,1.0,success,921,921,921,14,14,14,12,12,12,0,0,0,5,5,5,0,0,0,53.0,53.0,53.0
browser-use,Huggingface--2,C8,1,1.0,success,679,679,679,12,12,12,10,10,10,0,0,0,3,3,3,0,0,0,46.9,46.9,46.9
browser-use,Huggingface--20,C0,1,1.0,success,242,242,242,16,16,16,14,14,14,0,0,0,0,0,0,0,0,0,50.8,50.8,50.8
browser-use,Huggingface--20,C2,1,1.0,success,207,207,207,13,13,13,11,11,11,0,0,0,2,2,2,0,0,0,42.1,42.1,42.1
browser-use,Huggingface--20,C5,1,1.0,success,387,387,387,16,16,16,14,14,14,0,0,0,0,0,0,0,0,0,34.8,34.8,34.8
browser-use,Huggingface--20,C7,1,1.0,success,232,232,232,13,13,13,11,11,11,0,0,0,4,4,4,0,0,0,51.6,51.6,51.6
browser-use,Huggingface--20,C8,1,1.0,success,231,231,231,13,13,13,11,11,11,0,0,0,1,1,1,0,0,0,42.0,42.0,42.0
browser-use,Huggingface--21,C0,1,1.0,success,714,714,714,22,22,22,21,21,21,0,0,0,0,0,0,0,0,0,43.0,43.0,43.0
browser-use,Huggingface--21,C2,1,1.0,success,88,88,88,11,11,11,10,10,10,0,0,0,2,2,2,0,0,0,38.1,38.1,38.1
browser-use,Huggingface--21,C5,1,1.0,success,328,328,328,20,20,20,19,19,19,0,0,0,0,0,0,0,0,0,50.1,50.1,50.1
browser-use,Huggingface--21,C7,1,1.0,success,46,46,46,9,9,9,8,8,8,0,0,0,3,3,3,0,0,0,47.8,47.8,47.8
browser-use,Huggingface--21,C8,1,1.0,success,143,143,143,15,15,15,14,14,14,0,0,0,2,2,2,0,0,0,28.3,28.3,28.3
browser-use,Huggingface--22,C0,1,1.0,success,339,339,339,23,23,23,22,22,22,0,0,0,0,0,0,0,0,0,57.4,57.4,57.4
browser-use,Huggingface--22,C2,1,1.0,success,40,40,40,10,10,10,9,9,9,0,0,0,6,6,6,0,0,0,72.1,72.1,72.1
browser-use,Huggingface--22,C5,1,1.0,success,382,382,382,24,24,24,23,23,23,0,0,0,0,0,0,0,0,0,42.7,42.7,42.7
browser-use,Huggingface--22,C7,1,1.0,success,40,40,40,11,11,11,10,10,10,0,0,0,6,6,6,0,0,0,27.4,27.4,27.4
browser-use,Huggingface--22,C8,1,1.0,success,146,146,146,15,15,15,14,14,14,2,2,2,2,2,2,0,0,0,21.6,21.6,21.6
browser-use,Huggingface--23,C0,1,1.0,success,887,887,887,23,23,23,21,21,21,0,0,0,0,0,0,0,0,0,82.5,82.5,82.5
browser-use,Huggingface--23,C2,1,1.0,success,468,468,468,13,13,13,11,11,11,0,0,0,2,2,2,0,0,0,40.0,40.0,40.0
browser-use,Huggingface--23,C5,1,1.0,success,1025,1025,1025,16,16,16,14,14,14,0,0,0,0,0,0,0,0,0,51.8,51.8,51.8
browser-use,Huggingface--23,C7,1,1.0,success,700,700,700,12,12,12,10,10,10,0,0,0,3,3,3,0,0,0,48.8,48.8,48.8
browser-use,Huggingface--23,C8,1,1.0,success,706,706,706,12,12,12,10,10,10,0,0,0,5,5,5,0,0,0,42.1,42.1,42.1
browser-use,Huggingface--24,C0,1,1.0,success,213,213,213,16,16,16,14,14,14,0,0,0,0,0,0,0,0,0,36.4,36.4,36.4
browser-use,Huggingface--24,C2,1,1.0,success,199,199,199,13,13,13,11,11,11,0,0,0,1,1,1,0,0,0,36.6,36.6,36.6
browser-use,Huggingface--24,C5,1,1.0,success,210,210,210,16,16,16,14,14,14,0,0,0,0,0,0,0,0,0,33.6,33.6,33.6
browser-use,Huggingface--24,C7,1,1.0,success,242,242,242,13,13,13,11,11,11,0,0,0,2,2,2,0,0,0,25.1,25.1,25.1
browser-use,Huggingface--24,C8,1,1.0,success,200,200,200,13,13,13,11,11,11,0,0,0,1,1,1,0,0,0,27.2,27.2,27.2
browser-use,Huggingface--25,C0,1,1.0,success,436,436,436,19,19,19,18,18,18,0,0,0,0,0,0,0,0,0,31.6,31.6,31.6
browser-use,Huggingface--25,C2,1,1.0,success,39,39,39,11,11,11,10,10,10,0,0,0,5,5,5,0,0,0,67.9,67.9,67.9
browser-use,Huggingface--25,C5,1,1.0,success,321,321,321,19,19,19,18,18,18,0,0,0,0,0,0,0,0,0,40.7,40.7,40.7
browser-use,Huggingface--25,C7,1,1.0,success,41,41,41,11,11,11,10,10,10,0,0,0,6,6,6,0,0,0,27.6,27.6,27.6
browser-use,Huggingface--25,C8,1,1.0,success,192,192,192,14,14,14,12,12,12,0,0,0,4,4,4,0,0,0,25.9,25.9,25.9
browser-use,Huggingface--26,C0,1,1.0,success,407,407,407,21,21,21,19,19,19,0,0,0,0,0,0,0,0,0,59.7,59.7,59.7
browser-use,Huggingface--26,C2,1,1.0,success,93,93,93,11,11,11,10,10,10,0,0,0,4,4,4,0,0,0,34.4,34.4,34.4
browser-use,Huggingface--26,C5,1,1.0,success,481,481,481,15,15,15,13,13,13,0,0,0,0,0,0,0,0,0,39.1,39.1,39.1
browser-use,Huggingface--26,C7,1,1.0,success,470,470,470,17,17,17,15,15,15,0,0,0,7,7,7,0,0,0,30.1,30.1,30.1
browser-use,Huggingface--26,C8,1,1.0,success,408,408,408,16,16,16,14,14,14,0,0,0,4,4,4,0,0,0,33.5,33.5,33.5
browser-use,Huggingface--27,C0,1,1.0,success,222,222,222,17,17,17,15,15,15,0,0,0,0,0,0,0,0,0,47.1,47.1,47.1
browser-use,Huggingface--27,C2,1,1.0,success,153,153,153,13,13,13,12,12,12,0,0,0,1,1,1,0,0,0,25.4,25.4,25.4
browser-use,Huggingface--27,C5,1,1.0,success,475,475,475,18,18,18,15,15,15,0,0,0,0,0,0,0,0,0,37.1,37.1,37.1
browser-use,Huggingface--27,C7,1,1.0,success,367,367,367,18,18,18,16,16,16,0,0,0,5,5,5,0,0,0,33.5,33.5,33.5
browser-use,Huggingface--27,C8,1,1.0,success,173,173,173,13,13,13,12,12,12,0,0,0,2,2,2,0,0,0,43.2,43.2,43.2
browser-use,Huggingface--28,C0,1,1.0,success,422,422,422,18,18,18,16,16,16,0,0,0,0,0,0,0,0,0,32.0,32.0,32.0
browser-use,Huggingface--28,C2,1,1.0,success,97,97,97,11,11,11,10,10,10,0,0,0,5,5,5,0,0,0,76.9,76.9,76.9
browser-use,Huggingface--28,C5,1,1.0,success,381,381,381,16,16,16,14,14,14,0,0,0,0,0,0,0,0,0,24.2,24.2,24.2
browser-use,Huggingface--28,C7,1,1.0,success,448,448,448,16,16,16,14,14,14,0,0,0,5,5,5,0,0,0,38.5,38.5,38.5
browser-use,Huggingface--28,C8,1,1.0,success,377,377,377,12,12,12,10,10,10,0,0,0,3,3,3,0,0,0,25.7,25.7,25.7
browser-use,Huggingface--29,C0,1,1.0,success,773,773,773,23,23,23,22,22,22,0,0,0,0,0,0,0,0,0,59.7,59.7,59.7
browser-use,Huggingface--29,C2,1,1.0,success,47,47,47,10,10,10,9,9,9,0,0,0,5,5,5,0,0,0,78.6,78.6,78.6
browser-use,Huggingface--29,C5,1,1.0,success,470,470,470,19,19,19,17,17,17,0,0,0,0,0,0,0,0,0,57.1,57.1,57.1
browser-use,Huggingface--29,C7,1,1.0,success,92,92,92,10,10,10,9,9,9,0,0,0,4,4,4,0,0,0,33.2,33.2,33.2
browser-use,Huggingface--29,C8,1,1.0,success,374,374,374,17,17,17,15,15,15,0,0,0,3,3,3,0,0,0,44.1,44.1,44.1
browser-use,Huggingface--3,C0,1,1.0,success,225,225,225,16,16,16,14,14,14,0,0,0,0,0,0,0,0,0,27.9,27.9,27.9
browser-use,Huggingface--3,C2,1,1.0,success,212,212,212,13,13,13,11,11,11,0,0,0,1,1,1,0,0,0,35.9,35.9,35.9
browser-use,Huggingface--3,C5,1,1.0,success,268,268,268,16,16,16,14,14,14,0,0,0,0,0,0,0,0,0,29.7,29.7,29.7
browser-use,Huggingface--3,C7,1,1.0,success,211,211,211,13,13,13,11,11,11,0,0,0,1,1,1,0,0,0,27.7,27.7,27.7
browser-use,Huggingface--3,C8,1,1.0,success,211,211,211,13,13,13,11,11,11,0,0,0,1,1,1,0,0,0,27.3,27.3,27.3
browser-use,Huggingface--30,C0,1,1.0,success,299,299,299,16,16,16,14,14,14,0,0,0,0,0,0,0,0,0,51.9,51.9,51.9
browser-use,Huggingface--30,C2,1,1.0,success,205,205,205,13,13,13,11,11,11,0,0,0,2,2,2,0,0,0,33.4,33.4,33.4
browser-use,Huggingface--30,C5,1,1.0,success,232,232,232,16,16,16,14,14,14,0,0,0,0,0,0,0,0,0,43.9,43.9,43.9
browser-use,Huggingface--30,C7,1,1.0,success,364,364,364,13,13,13,11,11,11,0,0,0,2,2,2,0,0,0,45.3,45.3,45.3
browser-use,Huggingface--30,C8,1,1.0,success,250,250,250,13,13,13,11,11,11,0,0,0,4,4,4,0,0,0,31.5,31.5,31.5
browser-use,Huggingface--31,C0,1,1.0,success,286,286,286,18,18,18,16,16,16,0,0,0,0,0,0,0,0,0,37.3,37.3,37.3
browser-use,Huggingface--31,C2,1,1.0,success,226,226,226,13,13,13,11,11,11,0,0,0,3,3,3,0,0,0,44.2,44.2,44.2
browser-use,Huggingface--31,C5,1,1.0,success,431,431,431,16,16,16,14,14,14,0,0,0,0,0,0,0,0,0,48.0,48.0,48.0
browser-use,Huggingface--31,C7,1,1.0,success,488,488,488,16,16,16,14,14,14,0,0,0,5,5,5,0,0,0,33.5,33.5,33.5
browser-use,Huggingface--31,C8,1,1.0,success,267,267,267,13,13,13,11,11,11,0,0,0,3,3,3,0,0,0,47.1,47.1,47.1
browser-use,Huggingface--32,C0,1,1.0,success,709,709,709,22,22,22,20,20,20,0,0,0,0,0,0,0,0,0,34.7,34.7,34.7
browser-use,Huggingface--32,C2,1,1.0,success,444,444,444,20,20,20,18,18,18,0,0,0,5,5,5,0,0,0,31.6,31.6,31.6
browser-use,Huggingface--32,C5,1,1.0,success,623,623,623,18,18,18,16,16,16,0,0,0,0,0,0,0,0,0,53.8,53.8,53.8
browser-use,Huggingface--32,C7,1,1.0,success,503,503,503,16,16,16,14,14,14,0,0,0,7,7,7,0,0,0,44.4,44.4,44.4
browser-use,Huggingface--32,C8,1,1.0,success,451,451,451,16,16,16,14,14,14,0,0,0,5,5,5,0,0,0,34.0,34.0,34.0
browser-use,Huggingface--33,C0,1,1.0,success,542,542,542,17,17,17,17,17,17,0,0,0,0,0,0,0,0,0,37.7,37.7,37.7
browser-use,Huggingface--33,C2,1,1.0,success,93,93,93,12,12,12,11,11,11,0,0,0,4,4,4,0,0,0,30.7,30.7,30.7
browser-use,Huggingface--33,C5,1,1.0,success,569,569,569,25,25,25,24,24,24,0,0,0,0,0,0,0,0,0,63.6,63.6,63.6
browser-use,Huggingface--33,C7,1,1.0,success,332,332,332,15,15,15,14,14,14,0,0,0,5,5,5,0,0,0,41.9,41.9,41.9
browser-use,Huggingface--33,C8,1,1.0,success,132,132,132,13,13,13,11,11,11,0,0,0,3,3,3,0,0,0,24.8,24.8,24.8
browser-use,Huggingface--34,C0,1,1.0,success,848,848,848,23,23,23,22,22,22,0,0,0,0,0,0,0,0,0,37.4,37.4,37.4
browser-use,Huggingface--34,C2,1,1.0,success,96,96,96,11,11,11,10,10,10,0,0,0,5,5,5,0,0,0,65.9,65.9,65.9
browser-use,Huggingface--34,C5,1,1.0,success,893,893,893,23,23,23,21,21,21,0,0,0,0,0,0,0,0,0,34.5,34.5,34.5
browser-use,Huggingface--34,C7,1,1.0,success,95,95,95,11,11,11,10,10,10,0,0,0,5,5,5,0,0,0,75.9,75.9,75.9
browser-use,Huggingface--34,C8,1,1.0,success,446,446,446,17,17,17,15,15,15,0,0,0,3,3,3,0,0,0,24.3,24.3,24.3
browser-use,Huggingface--35,C0,1,1.0,success,272,272,272,17,17,17,14,14,14,0,0,0,0,0,0,0,0,0,31.1,31.1,31.1
browser-use,Huggingface--35,C2,1,1.0,success,250,250,250,14,14,14,11,11,11,0,0,0,2,2,2,0,0,0,21.1,21.1,21.1
browser-use,Huggingface--35,C5,1,1.0,success,265,265,265,17,17,17,14,14,14,0,0,0,0,0,0,0,0,0,22.1,22.1,22.1
browser-use,Huggingface--35,C7,1,1.0,success,260,260,260,14,14,14,11,11,11,0,0,0,2,2,2,0,0,0,28.9,28.9,28.9
browser-use,Huggingface--35,C8,1,1.0,success,257,257,257,14,14,14,11,11,11,0,0,0,2,2,2,0,0,0,24.2,24.2,24.2
browser-use,Huggingface--36,C0,1,1.0,success,171,171,171,17,17,17,16,16,16,0,0,0,0,0,0,0,0,0,33.4,33.4,33.4
browser-use,Huggingface--36,C2,1,1.0,success,37,37,37,10,10,10,9,9,9,0,0,0,5,5,5,0,0,0,27.4,27.4,27.4
browser-use,Huggingface--36,C5,1,1.0,success,173,173,173,17,17,17,16,16,16,0,0,0,0,0,0,0,0,0,38.6,38.6,38.6
browser-use,Huggingface--36,C7,1,1.0,success,96,96,96,12,12,12,11,11,11,0,0,0,5,5,5,0,0,0,72.2,72.2,72.2
browser-use,Huggingface--36,C8,1,1.0,success,100,100,100,12,12,12,11,11,11,3,3,3,1,1,1,0,0,0,41.3,41.3,41.3
browser-use,Huggingface--37,C0,1,1.0,success,519,519,519,22,22,22,20,20,20,0,0,0,0,0,0,0,0,0,39.8,39.8,39.8
browser-use,Huggingface--37,C2,1,1.0,success,104,104,104,13,13,13,12,12,12,0,0,0,4,4,4,0,0,0,66.0,66.0,66.0
browser-use,Huggingface--37,C5,1,1.0,success,467,467,467,20,20,20,16,16,16,0,0,0,0,0,0,0,0,0,45.0,45.0,45.0
browser-use,Huggingface--37,C7,1,1.0,success,93,93,93,11,11,11,10,10,10,0,0,0,4,4,4,0,0,0,29.6,29.6,29.6
browser-use,Huggingface--37,C8,1,1.0,success,285,285,285,15,15,15,11,11,11,0,0,0,3,3,3,0,0,0,25.7,25.7,25.7
browser-use,Huggingface--38,C0,1,1.0,success,717,717,717,26,26,26,25,25,25,0,0,0,0,0,0,0,0,0,44.3,44.3,44.3
browser-use,Huggingface--38,C2,1,1.0,success,50,50,50,11,11,11,10,10,10,0,0,0,5,5,5,0,0,0,38.9,38.9,38.9
browser-use,Huggingface--38,C5,1,1.0,success,375,375,375,23,23,23,22,22,22,0,0,0,0,0,0,0,0,0,45.1,45.1,45.1
browser-use,Huggingface--38,C7,1,1.0,success,40,40,40,10,10,10,9,9,9,0,0,0,6,6,6,0,0,0,54.4,54.4,54.4
browser-use,Huggingface--38,C8,1,1.0,success,225,225,225,17,17,17,16,16,16,0,0,0,2,2,2,0,0,0,61.0,61.0,61.0
browser-use,Huggingface--39,C0,1,1.0,success,262,262,262,23,23,23,22,22,22,0,0,0,0,0,0,0,0,0,64.9,64.9,64.9
browser-use,Huggingface--39,C2,1,1.0,success,270,270,270,14,14,14,13,13,13,0,0,0,3,3,3,0,0,0,55.6,55.6,55.6
browser-use,Huggingface--39,C5,1,1.0,success,361,361,361,20,20,20,19,19,19,0,0,0,0,0,0,0,0,0,50.3,50.3,50.3
browser-use,Huggingface--39,C7,1,1.0,success,48,48,48,10,10,10,9,9,9,0,0,0,5,5,5,0,0,0,37.1,37.1,37.1
browser-use,Huggingface--39,C8,1,1.0,success,158,158,158,15,15,15,14,14,14,0,0,0,3,3,3,0,0,0,33.3,33.3,33.3
browser-use,Huggingface--4,C0,1,1.0,success,440,440,440,17,17,17,15,15,15,0,0,0,0,0,0,0,0,0,49.0,49.0,49.0
browser-use,Huggingface--4,C2,1,1.0,success,483,483,483,17,17,17,15,15,15,0,0,0,6,6,6,0,0,0,37.1,37.1,37.1
browser-use,Huggingface--4,C5,1,1.0,success,467,467,467,18,18,18,16,16,16,0,0,0,0,0,0,0,0,0,56.7,56.7,56.7
browser-use,Huggingface--4,C7,1,1.0,success,349,349,349,16,16,16,14,14,14,0,0,0,2,2,2,0,0,0,36.3,36.3,36.3
browser-use,Huggingface--4,C8,1,1.0,success,411,411,411,13,13,13,11,11,11,0,0,0,3,3,3,0,0,0,57.3,57.3,57.3
browser-use,Huggingface--40,C0,1,1.0,success,168,168,168,17,17,17,16,16,16,0,0,0,0,0,0,0,0,0,30.7,30.7,30.7
browser-use,Huggingface--40,C2,1,1.0,success,97,97,97,12,12,12,11,11,11,0,0,0,5,5,5,0,0,0,73.3,73.3,73.3
browser-use,Huggingface--40,C5,1,1.0,success,210,210,210,19,19,19,18,18,18,0,0,0,0,0,0,0,0,0,36.9,36.9,36.9
browser-use,Huggingface--40,C7,1,1.0,success,49,49,49,10,10,10,9,9,9,0,0,0,5,5,5,0,0,0,35.8,35.8,35.8
browser-use,Huggingface--40,C8,1,1.0,success,141,141,141,13,13,13,12,12,12,0,0,0,2,2,2,0,0,0,14.9,14.9,14.9
browser-use,Huggingface--41,C0,1,1.0,success,475,475,475,20,20,20,18,18,18,0,0,0,0,0,0,0,0,0,45.8,45.8,45.8
browser-use,Huggingface--41,C2,1,1.0,success,412,412,412,17,17,17,15,15,15,0,0,0,4,4,4,0,0,0,27.5,27.5,27.5
browser-use,Huggingface--41,C5,1,1.0,success,741,741,741,21,21,21,20,20,20,0,0,0,0,0,0,0,0,0,37.6,37.6,37.6
browser-use,Huggingface--41,C7,1,1.0,success,51,51,51,12,12,12,11,11,11,0,0,0,4,4,4,0,0,0,61.3,61.3,61.3
browser-use,Huggingface--41,C8,1,1.0,success,329,329,329,13,13,13,11,11,11,0,0,0,2,2,2,0,0,0,25.5,25.5,25.5
browser-use,Huggingface--42,C0,1,1.0,success,764,764,764,23,23,23,22,22,22,0,0,0,0,0,0,0,0,0,78.0,78.0,78.0
browser-use,Huggingface--42,C2,1,1.0,success,48,48,48,9,9,9,8,8,8,0,0,0,5,5,5,0,0,0,66.5,66.5,66.5
browser-use,Huggingface--42,C5,1,1.0,success,976,976,976,24,24,24,22,22,22,0,0,0,0,0,0,0,0,0,72.8,72.8,72.8
browser-use,Huggingface--42,C7,1,1.0,success,305,305,305,14,14,14,12,12,12,0,0,0,2,2,2,0,0,0,24.4,24.4,24.4
browser-use,Huggingface--42,C8,1,1.0,success,412,412,412,18,18,18,16,16,16,0,0,0,4,4,4,0,0,0,32.0,32.0,32.0
browser-use,Huggingface--5,C0,1,1.0,success,528,528,528,23,23,23,21,21,21,0,0,0,0,0,0,0,0,0,39.7,39.7,39.7
browser-use,Huggingface--5,C2,1,1.0,success,421,421,421,17,17,17,15,15,15,0,0,0,2,2,2,0,0,0,21.2,21.2,21.2
browser-use,Huggingface--5,C5,1,1.0,success,452,452,452,18,18,18,16,16,16,0,0,0,0,0,0,0,0,0,41.6,41.6,41.6
browser-use,Huggingface--5,C7,1,1.0,success,433,433,433,16,16,16,14,14,14,0,0,0,5,5,5,0,0,0,36.8,36.8,36.8
browser-use,Huggingface--5,C8,1,1.0,success,415,415,415,19,19,19,17,17,17,0,0,0,4,4,4,0,0,0,39.6,39.6,39.6
browser-use,Huggingface--6,C0,1,1.0,success,452,452,452,20,20,20,18,18,18,0,0,0,0,0,0,0,0,0,37.5,37.5,37.5
browser-use,Huggingface--6,C2,1,1.0,success,49,49,49,10,10,10,9,9,9,0,0,0,5,5,5,0,0,0,38.5,38.5,38.5
browser-use,Huggingface--6,C5,1,1.0,success,482,482,482,20,20,20,18,18,18,0,0,0,0,0,0,0,0,0,58.0,58.0,58.0
browser-use,Huggingface--6,C7,1,1.0,success,48,48,48,10,10,10,9,9,9,0,0,0,5,5,5,0,0,0,37.8,37.8,37.8
browser-use,Huggingface--6,C8,1,1.0,success,379,379,379,15,15,15,13,13,13,0,0,0,2,2,2,0,0,0,32.8,32.8,32.8
browser-use,Huggingface--7,C0,1,1.0,success,164,164,164,14,14,14,13,13,13,0,0,0,0,0,0,0,0,0,29.9,29.9,29.9
browser-use,Huggingface--7,C2,1,1.0,success,340,340,340,13,13,13,10,10,10,0,0,0,2,2,2,0,0,0,25.8,25.8,25.8
browser-use,Huggingface--7,C5,1,1.0,success,161,161,161,13,13,13,12,12,12,0,0,0,0,0,0,0,0,0,34.3,34.3,34.3
browser-use,Huggingface--7,C7,1,1.0,success,343,343,343,13,13,13,10,10,10,0,0,0,2,2,2,0,0,0,34.4,34.4,34.4
browser-use,Huggingface--7,C8,1,1.0,success,151,151,151,11,11,11,10,10,10,0,0,0,1,1,1,0,0,0,23.4,23.4,23.4
browser-use,Huggingface--8,C0,1,1.0,success,908,908,908,32,32,32,32,32,32,0,0,0,0,0,0,0,0,0,38.2,38.2,38.2
browser-use,Huggingface--8,C2,1,1.0,success,94,94,94,13,13,13,12,12,12,0,0,0,4,4,4,0,0,0,69.5,69.5,69.5
browser-use,Huggingface--8,C5,1,1.0,success,949,949,949,31,31,31,31,31,31,0,0,0,0,0,0,0,0,0,51.4,51.4,51.4
browser-use,Huggingface--8,C7,1,1.0,success,91,91,91,11,11,11,11,11,11,0,0,0,3,3,3,0,0,0,59.8,59.8,59.8
browser-use,Huggingface--8,C8,1,1.0,success,82,82,82,11,11,11,11,11,11,3,3,3,1,1,1,0,0,0,46.1,46.1,46.1
browser-use,Huggingface--9,C0,1,1.0,success,232,232,232,16,16,16,14,14,14,0,0,0,0,0,0,0,0,0,32.7,32.7,32.7
browser-use,Huggingface--9,C2,1,1.0,success,210,210,210,13,13,13,11,11,11,0,0,0,1,1,1,0,0,0,31.8,31.8,31.8
browser-use,Huggingface--9,C5,1,1.0,success,216,216,216,16,16,16,14,14,14,0,0,0,0,0,0,0,0,0,34.9,34.9,34.9
browser-use,Huggingface--9,C7,1,1.0,success,210,210,210,13,13,13,11,11,11,0,0,0,2,2,2,0,0,0,42.2,42.2,42.2
browser-use,Huggingface--9,C8,1,1.0,success,223,223,223,15,15,15,13,13,13,0,0,0,2,2,2,0,0,0,31.9,31.9,31.9
browser-use,Wolfram_Alpha--0,C0,1,1.0,success,375,375,375,12,12,12,12,12,12,0,0,0,0,0,0,0,0,0,41.5,41.5,41.5
browser-use,Wolfram_Alpha--0,C2,1,1.0,success,134,134,134,12,12,12,11,11,11,0,0,0,1,1,1,0,0,0,19.2,19.2,19.2
browser-use,Wolfram_Alpha--0,C5,1,1.0,success,8,8,8,5,5,5,5,5,5,0,0,0,0,0,0,0,0,0,3.3,3.3,3.3
browser-use,Wolfram_Alpha--0,C7,1,1.0,success,7,7,7,5,5,5,5,5,5,0,0,0,0,0,0,0,0,0,3.5,3.5,3.5
browser-use,Wolfram_Alpha--0,C8,1,1.0,success,69,69,69,10,10,10,10,10,10,3,3,3,0,0,0,0,0,0,20.5,20.5,20.5
browser-use,Wolfram_Alpha--1,C0,1,1.0,success,1124,1124,1124,173,173,173,173,173,173,0,0,0,0,0,0,0,0,0,44.0,44.0,44.0
browser-use,Wolfram_Alpha--1,C2,1,1.0,success,99,99,99,12,12,12,12,12,12,0,0,0,4,4,4,0,0,0,71.7,71.7,71.7
browser-use,Wolfram_Alpha--1,C5,1,1.0,success,745,745,745,23,23,23,23,23,23,0,0,0,0,0,0,0,0,0,61.8,61.8,61.8
browser-use,Wolfram_Alpha--1,C7,1,1.0,success,86,86,86,12,12,12,12,12,12,0,0,0,5,5,5,0,0,0,77.3,77.3,77.3
browser-use,Wolfram_Alpha--1,C8,1,1.0,success,82,82,82,11,11,11,11,11,11,3,3,3,2,2,2,0,0,0,46.5,46.5,46.5
browser-use,Wolfram_Alpha--10,C0,1,1.0,success,588,588,588,15,15,15,15,15,15,0,0,0,0,0,0,0,0,0,64.2,64.2,64.2
browser-use,Wolfram_Alpha--10,C2,1,1.0,success,112,112,112,11,11,11,11,11,11,0,0,0,3,3,3,0,0,0,82.7,82.7,82.7
browser-use,Wolfram_Alpha--10,C5,1,1.0,success,664,664,664,19,19,19,19,19,19,0,0,0,0,0,0,0,0,0,50.9,50.9,50.9
browser-use,Wolfram_Alpha--10,C7,1,1.0,success,94,94,94,12,12,12,12,12,12,0,0,0,4,4,4,0,0,0,73.8,73.8,73.8
browser-use,Wolfram_Alpha--10,C8,1,1.0,success,56,56,56,8,8,8,8,8,8,0,0,0,1,1,1,0,0,0,34.2,34.2,34.2
browser-use,Wolfram_Alpha--11,C0,1,1.0,success,513,513,513,14,14,14,14,14,14,0,0,0,0,0,0,0,0,0,77.1,77.1,77.1
browser-use,Wolfram_Alpha--11,C2,1,1.0,success,61,61,61,10,10,10,10,10,10,0,0,0,4,4,4,0,0,0,48.5,48.5,48.5
browser-use,Wolfram_Alpha--11,C5,1,1.0,success,825,825,825,31,31,31,31,31,31,0,0,0,0,0,0,0,0,0,84.0,84.0,84.0
browser-use,Wolfram_Alpha--11,C7,1,1.0,success,56,56,56,11,11,11,11,11,11,0,0,0,5,5,5,0,0,0,39.9,39.9,39.9
browser-use,Wolfram_Alpha--11,C8,1,1.0,success,21,21,21,8,8,8,8,8,8,2,2,2,1,1,1,0,0,0,21.6,21.6,21.6
browser-use,Wolfram_Alpha--12,C0,1,1.0,success,347,347,347,14,14,14,14,14,14,0,0,0,0,0,0,0,0,0,47.3,47.3,47.3
browser-use,Wolfram_Alpha--12,C2,1,1.0,success,94,94,94,12,12,12,12,12,12,0,0,0,4,4,4,0,0,0,34.1,34.1,34.1
browser-use,Wolfram_Alpha--12,C5,1,1.0,success,698,698,698,23,23,23,23,23,23,0,0,0,0,0,0,0,0,0,68.9,68.9,68.9
browser-use,Wolfram_Alpha--12,C7,1,1.0,success,45,45,45,12,12,12,12,12,12,0,0,0,6,6,6,0,0,0,41.9,41.9,41.9
browser-use,Wolfram_Alpha--12,C8,1,1.0,success,13,13,13,7,7,7,7,7,7,0,0,0,1,1,1,0,0,0,29.3,29.3,29.3
browser-use,Wolfram_Alpha--13,C0,1,1.0,success,589,589,589,69,69,69,69,69,69,0,0,0,0,0,0,0,0,0,66.5,66.5,66.5
browser-use,Wolfram_Alpha--13,C2,1,1.0,success,91,91,91,11,11,11,11,11,11,0,0,0,3,3,3,0,0,0,34.1,34.1,34.1
browser-use,Wolfram_Alpha--13,C5,1,1.0,success,519,519,519,33,33,33,33,33,33,0,0,0,0,0,0,0,0,0,33.3,33.3,33.3
browser-use,Wolfram_Alpha--13,C7,1,1.0,success,104,104,104,11,11,11,11,11,11,0,0,0,4,4,4,0,0,0,41.6,41.6,41.6
browser-use,Wolfram_Alpha--13,C8,1,1.0,success,16,16,16,7,7,7,7,7,7,0,0,0,1,1,1,0,0,0,38.1,38.1,38.1
browser-use,Wolfram_Alpha--14,C0,1,1.0,success,540,540,540,16,16,16,16,16,16,0,0,0,0,0,0,0,0,0,48.3,48.3,48.3
browser-use,Wolfram_Alpha--14,C2,1,1.0,success,155,155,155,15,15,15,15,15,15,0,0,0,3,3,3,0,0,0,78.5,78.5,78.5
browser-use,Wolfram_Alpha--14,C5,1,1.0,success,634,634,634,22,22,22,22,22,22,0,0,0,0,0,0,0,0,0,72.4,72.4,72.4
browser-use,Wolfram_Alpha--14,C7,1,1.0,success,55,55,55,11,11,11,11,11,11,0,0,0,5,5,5,0,0,0,57.9,57.9,57.9
browser-use,Wolfram_Alpha--14,C8,1,1.0,success,22,22,22,8,8,8,8,8,8,3,3,3,1,1,1,0,0,0,36.7,36.7,36.7
browser-use,Wolfram_Alpha--15,C0,1,1.0,success,655,655,655,19,19,19,19,19,19,0,0,0,0,0,0,0,0,0,49.2,49.2,49.2
browser-use,Wolfram_Alpha--15,C2,1,1.0,success,82,82,82,9,9,9,9,9,9,0,0,0,0,0,0,0,0,0,23.3,23.3,23.3
browser-use,Wolfram_Alpha--15,C5,1,1.0,success,569,569,569,16,16,16,16,16,16,0,0,0,0,0,0,0,0,0,30.1,30.1,30.1
browser-use,Wolfram_Alpha--15,C7,1,1.0,success,96,96,96,12,12,12,11,11,11,0,0,0,5,5,5,0,0,0,31.2,31.2,31.2
browser-use,Wolfram_Alpha--15,C8,1,1.0,success,74,74,74,10,10,10,10,10,10,3,3,3,0,0,0,0,0,0,42.3,42.3,42.3
browser-use,Wolfram_Alpha--16,C0,1,1.0,success,584,584,584,22,22,22,22,22,22,0,0,0,0,0,0,0,0,0,44.7,44.7,44.7
browser-use,Wolfram_Alpha--16,C2,1,1.0,success,98,98,98,12,12,12,12,12,12,0,0,0,3,3,3,0,0,0,42.0,42.0,42.0
browser-use,Wolfram_Alpha--16,C5,1,1.0,success,568,568,568,15,15,15,15,15,15,0,0,0,0,0,0,0,0,0,43.3,43.3,43.3
browser-use,Wolfram_Alpha--16,C7,1,1.0,success,109,109,109,10,10,10,10,10,10,0,0,0,2,2,2,0,0,0,73.2,73.2,73.2
browser-use,Wolfram_Alpha--16,C8,1,1.0,success,9,9,9,5,5,5,5,5,5,0,0,0,0,0,0,0,0,0,8.6,8.6,8.6
browser-use,Wolfram_Alpha--17,C0,1,1.0,success,665,665,665,18,18,18,18,18,18,0,0,0,0,0,0,0,0,0,44.3,44.3,44.3
browser-use,Wolfram_Alpha--17,C2,1,1.0,success,46,46,46,10,10,10,10,10,10,0,0,0,4,4,4,0,0,0,38.1,38.1,38.1
browser-use,Wolfram_Alpha--17,C5,1,1.0,success,588,588,588,18,18,18,18,18,18,0,0,0,0,0,0,0,0,0,36.3,36.3,36.3
browser-use,Wolfram_Alpha--17,C7,1,1.0,success,103,103,103,12,12,12,12,12,12,0,0,0,4,4,4,0,0,0,74.0,74.0,74.0
browser-use,Wolfram_Alpha--17,C8,1,1.0,success,65,65,65,18,18,18,18,18,18,3,3,3,5,5,5,0,0,0,47.4,47.4,47.4
browser-use,Wolfram_Alpha--18,C0,1,1.0,success,557,557,557,22,22,22,22,22,22,0,0,0,0,0,0,0,0,0,75.8,75.8,75.8
browser-use,Wolfram_Alpha--18,C2,1,1.0,success,97,97,97,13,13,13,12,12,12,0,0,0,5,5,5,0,0,0,34.4,34.4,34.4
browser-use,Wolfram_Alpha--18,C5,1,1.0,success,700,700,700,22,22,22,22,22,22,0,0,0,0,0,0,0,0,0,71.4,71.4,71.4
browser-use,Wolfram_Alpha--18,C7,1,1.0,success,100,100,100,11,11,11,11,11,11,0,0,0,3,3,3,0,0,0,69.9,69.9,69.9
browser-use,Wolfram_Alpha--18,C8,1,1.0,success,58,58,58,13,13,13,13,13,13,0,0,0,0,0,0,0,0,0,29.8,29.8,29.8
browser-use,Wolfram_Alpha--19,C0,1,1.0,success,408,408,408,13,13,13,13,13,13,0,0,0,0,0,0,0,0,0,48.8,48.8,48.8
browser-use,Wolfram_Alpha--19,C2,1,1.0,success,53,53,53,10,10,10,10,10,10,0,0,0,5,5,5,0,0,0,67.8,67.8,67.8
browser-use,Wolfram_Alpha--19,C5,1,1.0,success,741,741,741,40,40,40,40,40,40,0,0,0,0,0,0,0,0,0,65.5,65.5,65.5
browser-use,Wolfram_Alpha--19,C7,1,1.0,success,49,49,49,11,11,11,11,11,11,0,0,0,5,5,5,0,0,0,84.6,84.6,84.6
browser-use,Wolfram_Alpha--19,C8,1,1.0,success,18,18,18,7,7,7,7,7,7,3,3,3,0,0,0,0,0,0,23.0,23.0,23.0
browser-use,Wolfram_Alpha--2,C0,1,1.0,success,8,8,8,5,5,5,5,5,5,0,0,0,0,0,0,0,0,0,5.9,5.9,5.9
browser-use,Wolfram_Alpha--2,C2,1,1.0,success,70,70,70,7,7,7,7,7,7,0,0,0,0,0,0,0,0,0,14.7,14.7,14.7
browser-use,Wolfram_Alpha--2,C5,1,1.0,success,971,971,971,38,38,38,36,36,36,0,0,0,0,0,0,0,0,0,70.5,70.5,70.5
browser-use,Wolfram_Alpha--2,C7,1,1.0,success,9,9,9,5,5,5,5,5,5,0,0,0,0,0,0,0,0,0,10.3,10.3,10.3
browser-use,Wolfram_Alpha--2,C8,1,1.0,success,76,76,76,8,8,8,6,6,6,1,1,1,0,0,0,0,0,0,40.8,40.8,40.8
browser-use,Wolfram_Alpha--20,C0,1,1.0,success,60,60,60,8,8,8,6,6,6,0,0,0,0,0,0,0,0,0,30.3,30.3,30.3
browser-use,Wolfram_Alpha--20,C2,1,1.0,success,9,9,9,5,5,5,5,5,5,0,0,0,0,0,0,0,0,0,5.5,5.5,5.5
browser-use,Wolfram_Alpha--20,C5,1,1.0,success,9,9,9,5,5,5,5,5,5,0,0,0,0,0,0,0,0,0,8.1,8.1,8.1
browser-use,Wolfram_Alpha--20,C7,1,1.0,success,9,9,9,5,5,5,5,5,5,0,0,0,0,0,0,0,0,0,5.1,5.1,5.1
browser-use,Wolfram_Alpha--20,C8,1,1.0,success,9,9,9,5,5,5,5,5,5,0,0,0,0,0,0,0,0,0,5.4,5.4,5.4
browser-use,Wolfram_Alpha--21,C0,1,1.0,success,414,414,414,17,17,17,15,15,15,0,0,0,0,0,0,0,0,0,37.8,37.8,37.8
browser-use,Wolfram_Alpha--21,C2,1,1.0,success,92,92,92,10,10,10,8,8,8,0,0,0,0,0,0,0,0,0,36.2,36.2,36.2
browser-use,Wolfram_Alpha--21,C5,1,1.0,success,700,700,700,28,28,28,28,28,28,0,0,0,0,0,0,0,0,0,67.8,67.8,67.8
browser-use,Wolfram_Alpha--21,C7,1,1.0,success,9,9,9,5,5,5,5,5,5,0,0,0,0,0,0,0,0,0,5.9,5.9,5.9
browser-use,Wolfram_Alpha--21,C8,1,1.0,success,51,51,51,8,8,8,6,6,6,0,0,0,0,0,0,0,0,0,30.9,30.9,30.9
browser-use,Wolfram_Alpha--22,C0,1,1.0,success,275,275,275,13,13,13,13,13,13,0,0,0,0,0,0,0,0,0,30.8,30.8,30.8
browser-use,Wolfram_Alpha--22,C2,1,1.0,success,85,85,85,10,10,10,10,10,10,0,0,0,1,1,1,0,0,0,27.0,27.0,27.0
browser-use,Wolfram_Alpha--22,C5,1,1.0,success,681,681,681,18,18,18,18,18,18,0,0,0,0,0,0,0,0,0,57.2,57.2,57.2
browser-use,Wolfram_Alpha--22,C7,1,1.0,success,9,9,9,5,5,5,5,5,5,0,0,0,0,0,0,0,0,0,4.9,4.9,4.9
browser-use,Wolfram_Alpha--22,C8,1,1.0,success,186,186,186,10,10,10,10,10,10,2,2,2,0,0,0,0,0,0,28.3,28.3,28.3
browser-use,Wolfram_Alpha--23,C0,1,1.0,success,140,140,140,11,11,11,9,9,9,0,0,0,0,0,0,0,0,0,31.7,31.7,31.7
browser-use,Wolfram_Alpha--23,C2,1,1.0,success,195,195,195,11,11,11,9,9,9,0,0,0,0,0,0,0,0,0,33.6,33.6,33.6
browser-use,Wolfram_Alpha--23,C5,1,1.0,success,168,168,168,10,10,10,8,8,8,0,0,0,0,0,0,0,0,0,38.2,38.2,38.2
browser-use,Wolfram_Alpha--23,C7,1,1.0,success,223,223,223,12,12,12,10,10,10,0,0,0,1,1,1,0,0,0,41.7,41.7,41.7
browser-use,Wolfram_Alpha--23,C8,1,1.0,success,130,130,130,11,11,11,9,9,9,0,0,0,0,0,0,0,0,0,44.6,44.6,44.6
browser-use,Wolfram_Alpha--24,C0,1,1.0,success,88,88,88,10,10,10,8,8,8,0,0,0,0,0,0,0,0,0,22.3,22.3,22.3
browser-use,Wolfram_Alpha--24,C2,1,1.0,success,154,154,154,12,12,12,10,10,10,0,0,0,0,0,0,0,0,0,43.7,43.7,43.7
browser-use,Wolfram_Alpha--24,C5,1,1.0,success,9,9,9,5,5,5,5,5,5,0,0,0,0,0,0,0,0,0,10.0,10.0,10.0
browser-use,Wolfram_Alpha--24,C7,1,1.0,success,9,9,9,5,5,5,5,5,5,0,0,0,0,0,0,0,0,0,7.8,7.8,7.8
browser-use,Wolfram_Alpha--24,C8,1,1.0,success,8,8,8,5,5,5,5,5,5,0,0,0,0,0,0,0,0,0,5.9,5.9,5.9
browser-use,Wolfram_Alpha--25,C0,1,1.0,success,77,77,77,9,9,9,9,9,9,0,0,0,0,0,0,0,0,0,23.6,23.6,23.6
browser-use,Wolfram_Alpha--25,C2,1,1.0,success,85,85,85,10,10,10,10,10,10,0,0,0,1,1,1,0,0,0,25.9,25.9,25.9
browser-use,Wolfram_Alpha--25,C5,1,1.0,success,9,9,9,5,5,5,5,5,5,0,0,0,0,0,0,0,0,0,6.6,6.6,6.6
browser-use,Wolfram_Alpha--25,C7,1,1.0,success,225,225,225,12,12,12,10,10,10,0,0,0,1,1,1,0,0,0,45.2,45.2,45.2
browser-use,Wolfram_Alpha--25,C8,1,1.0,success,9,9,9,5,5,5,5,5,5,0,0,0,0,0,0,0,0,0,14.4,14.4,14.4
browser-use,Wolfram_Alpha--26,C0,1,1.0,success,9,9,9,5,5,5,5,5,5,0,0,0,0,0,0,0,0,0,17.7,17.7,17.7
browser-use,Wolfram_Alpha--26,C2,1,1.0,success,85,85,85,10,10,10,10,10,10,0,0,0,1,1,1,0,0,0,23.2,23.2,23.2
browser-use,Wolfram_Alpha--26,C5,1,1.0,success,174,174,174,17,17,17,17,17,17,0,0,0,0,0,0,0,0,0,47.8,47.8,47.8
browser-use,Wolfram_Alpha--26,C7,1,1.0,success,90,90,90,10,10,10,10,10,10,0,0,0,3,3,3,0,0,0,30.2,30.2,30.2
browser-use,Wolfram_Alpha--26,C8,1,1.0,success,70,70,70,9,9,9,9,9,9,0,0,0,0,0,0,0,0,0,30.1,30.1,30.1
browser-use,Wolfram_Alpha--27,C0,1,1.0,success,908,908,908,140,140,140,140,140,140,0,0,0,0,0,0,0,0,0,58.6,58.6,58.6
browser-use,Wolfram_Alpha--27,C2,1,1.0,success,146,146,146,15,15,15,15,15,15,0,0,0,4,4,4,0,0,0,27.0,27.0,27.0
browser-use,Wolfram_Alpha--27,C5,1,1.0,success,1316,1316,1316,214,214,214,214,214,214,0,0,0,0,0,0,0,0,0,58.4,58.4,58.4
browser-use,Wolfram_Alpha--27,C7,1,1.0,success,93,93,93,11,11,11,11,11,11,0,0,0,4,4,4,0,0,0,33.1,33.1,33.1
browser-use,Wolfram_Alpha--27,C8,1,1.0,success,139,139,139,9,9,9,9,9,9,0,0,0,0,0,0,0,0,0,30.7,30.7,30.7
browser-use,Wolfram_Alpha--28,C0,1,1.0,success,160,160,160,10,10,10,10,10,10,0,0,0,0,0,0,0,0,0,56.9,56.9,56.9
browser-use,Wolfram_Alpha--28,C2,1,1.0,success,96,96,96,13,13,13,13,13,13,0,0,0,4,4,4,0,0,0,36.0,36.0,36.0
browser-use,Wolfram_Alpha--28,C5,1,1.0,success,699,699,699,28,28,28,28,28,28,0,0,0,0,0,0,0,0,0,65.1,65.1,65.1
browser-use,Wolfram_Alpha--28,C7,1,1.0,success,97,97,97,12,12,12,12,12,12,0,0,0,4,4,4,0,0,0,39.6,39.6,39.6
browser-use,Wolfram_Alpha--28,C8,1,1.0,success,36,36,36,8,8,8,8,8,8,0,0,0,0,0,0,0,0,0,27.0,27.0,27.0
browser-use,Wolfram_Alpha--29,C0,1,1.0,success,142,142,142,13,13,13,11,11,11,0,0,0,0,0,0,0,0,0,36.9,36.9,36.9
browser-use,Wolfram_Alpha--29,C2,1,1.0,success,37,37,37,11,11,11,9,9,9,0,0,0,4,4,4,0,0,0,66.4,66.4,66.4
browser-use,Wolfram_Alpha--29,C5,1,1.0,success,124,124,124,10,10,10,8,8,8,0,0,0,0,0,0,0,0,0,22.4,22.4,22.4
browser-use,Wolfram_Alpha--29,C7,1,1.0,success,73,73,73,10,10,10,8,8,8,0,0,0,0,0,0,0,0,0,23.4,23.4,23.4
browser-use,Wolfram_Alpha--29,C8,1,1.0,success,72,72,72,10,10,10,8,8,8,0,0,0,0,0,0,0,0,0,23.4,23.4,23.4
browser-use,Wolfram_Alpha--3,C0,1,1.0,success,67,67,67,10,10,10,8,8,8,0,0,0,0,0,0,0,0,0,25.9,25.9,25.9
browser-use,Wolfram_Alpha--3,C2,1,1.0,success,88,88,88,11,11,11,10,10,10,0,0,0,2,2,2,0,0,0,34.2,34.2,34.2
browser-use,Wolfram_Alpha--3,C5,1,1.0,success,84,84,84,10,10,10,8,8,8,0,0,0,0,0,0,0,0,0,39.9,39.9,39.9
browser-use,Wolfram_Alpha--3,C7,1,1.0,success,128,128,128,12,12,12,10,10,10,0,0,0,0,0,0,0,0,0,29.4,29.4,29.4
browser-use,Wolfram_Alpha--3,C8,1,1.0,success,74,74,74,10,10,10,10,10,10,3,3,3,0,0,0,0,0,0,29.6,29.6,29.6
browser-use,Wolfram_Alpha--30,C0,1,1.0,success,585,585,585,13,13,13,13,13,13,0,0,0,0,0,0,0,0,0,74.0,74.0,74.0
browser-use,Wolfram_Alpha--30,C2,1,1.0,success,96,96,96,12,12,12,12,12,12,0,0,0,5,5,5,0,0,0,75.0,75.0,75.0
browser-use,Wolfram_Alpha--30,C5,1,1.0,success,702,702,702,36,36,36,36,36,36,0,0,0,0,0,0,0,0,0,42.2,42.2,42.2
browser-use,Wolfram_Alpha--30,C7,1,1.0,success,56,56,56,11,11,11,11,11,11,0,0,0,4,4,4,0,0,0,52.7,52.7,52.7
browser-use,Wolfram_Alpha--30,C8,1,1.0,success,17,17,17,6,6,6,6,6,6,0,0,0,0,0,0,0,0,0,37.5,37.5,37.5
browser-use,Wolfram_Alpha--31,C0,1,1.0,success,97,97,97,11,11,11,9,9,9,0,0,0,0,0,0,0,0,0,13.3,13.3,13.3
browser-use,Wolfram_Alpha--31,C2,1,1.0,success,93,93,93,9,9,9,7,7,7,0,0,0,0,0,0,0,0,0,16.8,16.8,16.8
browser-use,Wolfram_Alpha--31,C5,1,1.0,success,116,116,116,11,11,11,9,9,9,0,0,0,0,0,0,0,0,0,23.1,23.1,23.1
browser-use,Wolfram_Alpha--31,C7,1,1.0,success,95,95,95,11,11,11,9,9,9,0,0,0,0,0,0,0,0,0,24.0,24.0,24.0
browser-use,Wolfram_Alpha--31,C8,1,1.0,success,95,95,95,11,11,11,9,9,9,0,0,0,0,0,0,0,0,0,24.8,24.8,24.8
browser-use,Wolfram_Alpha--32,C0,1,1.0,success,117,117,117,13,13,13,11,11,11,0,0,0,0,0,0,0,0,0,40.1,40.1,40.1
browser-use,Wolfram_Alpha--32,C2,1,1.0,success,109,109,109,12,12,12,10,10,10,0,0,0,1,1,1,0,0,0,31.7,31.7,31.7
browser-use,Wolfram_Alpha--32,C5,1,1.0,success,113,113,113,11,11,11,9,9,9,0,0,0,0,0,0,0,0,0,50.8,50.8,50.8
browser-use,Wolfram_Alpha--32,C7,1,1.0,success,43,43,43,11,11,11,10,10,10,0,0,0,6,6,6,0,0,0,80.3,80.3,80.3
browser-use,Wolfram_Alpha--32,C8,1,1.0,success,242,242,242,31,31,31,29,29,29,0,0,0,0,0,0,0,0,0,32.6,32.6,32.6
browser-use,Wolfram_Alpha--33,C0,1,1.0,success,106,106,106,11,11,11,9,9,9,0,0,0,0,0,0,0,0,0,31.6,31.6,31.6
browser-use,Wolfram_Alpha--33,C2,1,1.0,success,119,119,119,11,11,11,9,9,9,0,0,0,0,0,0,0,0,0,30.6,30.6,30.6
browser-use,Wolfram_Alpha--33,C5,1,1.0,success,215,215,215,12,12,12,10,10,10,0,0,0,0,0,0,0,0,0,54.7,54.7,54.7
browser-use,Wolfram_Alpha--33,C7,1,1.0,success,138,138,138,12,12,12,10,10,10,0,0,0,1,1,1,0,0,0,56.5,56.5,56.5
browser-use,Wolfram_Alpha--33,C8,1,1.0,success,107,107,107,11,11,11,9,9,9,0,0,0,0,0,0,0,0,0,34.0,34.0,34.0
browser-use,Wolfram_Alpha--34,C0,1,1.0,success,167,167,167,11,11,11,9,9,9,0,0,0,0,0,0,0,0,0,40.3,40.3,40.3
browser-use,Wolfram_Alpha--34,C2,1,1.0,success,168,168,168,11,11,11,9,9,9,0,0,0,0,0,0,0,0,0,36.0,36.0,36.0
browser-use,Wolfram_Alpha--34,C5,1,1.0,success,155,155,155,11,11,11,9,9,9,0,0,0,0,0,0,0,0,0,30.0,30.0,30.0
browser-use,Wolfram_Alpha--34,C7,1,1.0,success,219,219,219,13,13,13,11,11,11,0,0,0,0,0,0,0,0,0,51.6,51.6,51.6
browser-use,Wolfram_Alpha--34,C8,1,1.0,success,161,161,161,11,11,11,9,9,9,0,0,0,0,0,0,0,0,0,30.2,30.2,30.2
browser-use,Wolfram_Alpha--35,C0,1,1.0,success,123,123,123,12,12,12,10,10,10,0,0,0,0,0,0,0,0,0,40.4,40.4,40.4
browser-use,Wolfram_Alpha--35,C2,1,1.0,success,83,83,83,9,9,9,9,9,9,0,0,0,0,0,0,0,0,0,34.5,34.5,34.5
browser-use,Wolfram_Alpha--35,C5,1,1.0,success,940,940,940,19,19,19,19,19,19,0,0,0,0,0,0,0,0,0,68.9,68.9,68.9
browser-use,Wolfram_Alpha--35,C7,1,1.0,success,50,50,50,8,8,8,6,6,6,0,0,0,0,0,0,0,0,0,22.7,22.7,22.7
browser-use,Wolfram_Alpha--35,C8,1,1.0,success,37,37,37,10,10,10,10,10,10,2,2,2,0,0,0,0,0,0,42.7,42.7,42.7
browser-use,Wolfram_Alpha--36,C0,1,1.0,success,98,98,98,9,9,9,9,9,9,0,0,0,0,0,0,0,0,0,60.3,60.3,60.3
browser-use,Wolfram_Alpha--36,C2,1,1.0,success,90,90,90,11,11,11,10,10,10,0,0,0,2,2,2,0,0,0,35.8,35.8,35.8
browser-use,Wolfram_Alpha--36,C5,1,1.0,success,637,637,637,18,18,18,16,16,16,0,0,0,0,0,0,0,0,0,47.3,47.3,47.3
browser-use,Wolfram_Alpha--36,C7,1,1.0,success,93,93,93,9,9,9,9,9,9,0,0,0,0,0,0,0,0,0,55.1,55.1,55.1
browser-use,Wolfram_Alpha--36,C8,1,1.0,success,97,97,97,10,10,10,10,10,10,3,3,3,0,0,0,0,0,0,31.9,31.9,31.9
browser-use,Wolfram_Alpha--37,C0,1,1.0,success,121,121,121,18,18,18,18,18,18,0,0,0,0,0,0,0,0,0,54.5,54.5,54.5
browser-use,Wolfram_Alpha--37,C2,1,1.0,success,138,138,138,13,13,13,13,13,13,0,0,0,3,3,3,0,0,0,30.7,30.7,30.7
browser-use,Wolfram_Alpha--37,C5,1,1.0,success,9,9,9,5,5,5,5,5,5,0,0,0,0,0,0,0,0,0,3.4,3.4,3.4
browser-use,Wolfram_Alpha--37,C7,1,1.0,success,107,107,107,13,13,13,13,13,13,0,0,0,4,4,4,0,0,0,44.9,44.9,44.9
browser-use,Wolfram_Alpha--37,C8,1,1.0,success,84,84,84,10,10,10,10,10,10,3,3,3,0,0,0,0,0,0,32.9,32.9,32.9
browser-use,Wolfram_Alpha--38,C0,1,1.0,success,187,187,187,14,14,14,12,12,12,0,0,0,0,0,0,0,0,0,59.0,59.0,59.0
browser-use,Wolfram_Alpha--38,C2,1,1.0,success,36,36,36,11,11,11,10,10,10,0,0,0,4,4,4,0,0,0,71.2,71.2,71.2
browser-use,Wolfram_Alpha--38,C5,1,1.0,success,685,685,685,19,19,19,17,17,17,0,0,0,0,0,0,0,0,0,64.1,64.1,64.1
browser-use,Wolfram_Alpha--38,C7,1,1.0,success,133,133,133,12,12,12,10,10,10,0,0,0,2,2,2,0,0,0,68.2,68.2,68.2
browser-use,Wolfram_Alpha--38,C8,1,1.0,success,113,113,113,10,10,10,8,8,8,0,0,0,0,0,0,0,0,0,44.3,44.3,44.3
browser-use,Wolfram_Alpha--39,C0,1,1.0,success,281,281,281,11,11,11,9,9,9,0,0,0,0,0,0,0,0,0,48.4,48.4,48.4
browser-use,Wolfram_Alpha--39,C2,1,1.0,success,189,189,189,11,11,11,9,9,9,0,0,0,0,0,0,0,0,0,65.5,65.5,65.5
browser-use,Wolfram_Alpha--39,C5,1,1.0,success,286,286,286,11,11,11,9,9,9,0,0,0,0,0,0,0,0,0,30.4,30.4,30.4
browser-use,Wolfram_Alpha--39,C7,1,1.0,success,128,128,128,11,11,11,9,9,9,0,0,0,0,0,0,0,0,0,39.5,39.5,39.5
browser-use,Wolfram_Alpha--39,C8,1,1.0,success,241,241,241,11,11,11,9,9,9,0,0,0,0,0,0,0,0,0,56.1,56.1,56.1
browser-use,Wolfram_Alpha--4,C0,1,1.0,success,522,522,522,14,14,14,14,14,14,0,0,0,0,0,0,0,0,0,68.8,68.8,68.8
browser-use,Wolfram_Alpha--4,C2,1,1.0,success,90,90,90,13,13,13,13,13,13,0,0,0,4,4,4,0,0,0,41.0,41.0,41.0
browser-use,Wolfram_Alpha--4,C5,1,1.0,success,554,554,554,18,18,18,18,18,18,0,0,0,0,0,0,0,0,0,48.3,48.3,48.3
browser-use,Wolfram_Alpha--4,C7,1,1.0,success,40,40,40,10,10,10,10,10,10,0,0,0,5,5,5,0,0,0,33.5,33.5,33.5
browser-use,Wolfram_Alpha--4,C8,1,1.0,success,118,118,118,10,10,10,10,10,10,3,3,3,0,0,0,0,0,0,40.0,40.0,40.0
browser-use,Wolfram_Alpha--40,C0,1,1.0,success,656,656,656,14,14,14,14,14,14,0,0,0,0,0,0,0,0,0,36.9,36.9,36.9
browser-use,Wolfram_Alpha--40,C2,1,1.0,success,97,97,97,13,13,13,13,13,13,0,0,0,5,5,5,0,0,0,37.3,37.3,37.3
browser-use,Wolfram_Alpha--40,C5,1,1.0,success,637,637,637,23,23,23,23,23,23,0,0,0,0,0,0,0,0,0,67.3,67.3,67.3
browser-use,Wolfram_Alpha--40,C7,1,1.0,success,104,104,104,12,12,12,12,12,12,0,0,0,4,4,4,0,0,0,44.0,44.0,44.0
browser-use,Wolfram_Alpha--40,C8,1,1.0,success,28,28,28,10,10,10,10,10,10,0,0,0,2,2,2,0,0,0,26.3,26.3,26.3
browser-use,Wolfram_Alpha--41,C0,1,1.0,success,512,512,512,36,36,36,36,36,36,0,0,0,0,0,0,0,0,0,54.1,54.1,54.1
browser-use,Wolfram_Alpha--41,C2,1,1.0,success,34,34,34,10,10,10,10,10,10,0,0,0,3,3,3,0,0,0,47.1,47.1,47.1
browser-use,Wolfram_Alpha--41,C5,1,1.0,success,138,138,138,13,13,13,13,13,13,0,0,0,0,0,0,0,0,0,39.9,39.9,39.9
browser-use,Wolfram_Alpha--41,C7,1,1.0,success,85,85,85,10,10,10,10,10,10,0,0,0,1,1,1,0,0,0,21.3,21.3,21.3
browser-use,Wolfram_Alpha--41,C8,1,1.0,success,76,76,76,11,11,11,11,11,11,3,3,3,1,1,1,0,0,0,50.7,50.7,50.7
browser-use,Wolfram_Alpha--42,C0,1,1.0,success,9,9,9,5,5,5,5,5,5,0,0,0,0,0,0,0,0,0,6.3,6.3,6.3
browser-use,Wolfram_Alpha--42,C2,1,1.0,success,9,9,9,5,5,5,5,5,5,0,0,0,0,0,0,0,0,0,7.0,7.0,7.0
browser-use,Wolfram_Alpha--42,C5,1,1.0,success,8,8,8,5,5,5,5,5,5,0,0,0,0,0,0,0,0,0,11.5,11.5,11.5
browser-use,Wolfram_Alpha--42,C7,1,1.0,success,9,9,9,5,5,5,5,5,5,0,0,0,0,0,0,0,0,0,10.9,10.9,10.9
browser-use,Wolfram_Alpha--42,C8,1,1.0,success,10,10,10,5,5,5,5,5,5,0,0,0,0,0,0,0,0,0,35.3,35.3,35.3
browser-use,Wolfram_Alpha--43,C0,1,1.0,success,215,215,215,17,17,17,17,17,17,0,0,0,0,0,0,0,0,0,53.3,53.3,53.3
browser-use,Wolfram_Alpha--43,C2,1,1.0,success,56,56,56,12,12,12,12,12,12,0,0,0,5,5,5,0,0,0,49.4,49.4,49.4
browser-use,Wolfram_Alpha--43,C5,1,1.0,success,517,517,517,34,34,34,34,34,34,0,0,0,0,0,0,0,0,0,37.3,37.3,37.3
browser-use,Wolfram_Alpha--43,C7,1,1.0,success,142,142,142,13,13,13,13,13,13,0,0,0,3,3,3,0,0,0,65.6,65.6,65.6
browser-use,Wolfram_Alpha--43,C8,1,1.0,success,63,63,63,9,9,9,9,9,9,0,0,0,0,0,0,0,0,0,27.4,27.4,27.4
browser-use,Wolfram_Alpha--44,C0,1,1.0,success,533,533,533,12,12,12,12,12,12,0,0,0,0,0,0,0,0,0,40.9,40.9,40.9
browser-use,Wolfram_Alpha--44,C2,1,1.0,success,91,91,91,10,10,10,10,10,10,0,0,0,2,2,2,0,0,0,41.5,41.5,41.5
browser-use,Wolfram_Alpha--44,C5,1,1.0,success,580,580,580,15,15,15,15,15,15,0,0,0,0,0,0,0,0,0,39.9,39.9,39.9
browser-use,Wolfram_Alpha--44,C7,1,1.0,success,8,8,8,5,5,5,5,5,5,0,0,0,0,0,0,0,0,0,15.1,15.1,15.1
browser-use,Wolfram_Alpha--44,C8,1,1.0,success,8,8,8,5,5,5,5,5,5,0,0,0,0,0,0,0,0,0,21.8,21.8,21.8
browser-use,Wolfram_Alpha--45,C0,1,1.0,success,257,257,257,21,21,21,21,21,21,0,0,0,0,0,0,0,0,0,62.8,62.8,62.8
browser-use,Wolfram_Alpha--45,C2,1,1.0,success,91,91,91,11,11,11,11,11,11,0,0,0,3,3,3,0,0,0,72.1,72.1,72.1
browser-use,Wolfram_Alpha--45,C5,1,1.0,success,1281,1281,1281,146,146,146,146,146,146,0,0,0,0,0,0,0,0,0,66.0,66.0,66.0
browser-use,Wolfram_Alpha--45,C7,1,1.0,success,102,102,102,11,11,11,11,11,11,0,0,0,3,3,3,0,0,0,51.6,51.6,51.6
browser-use,Wolfram_Alpha--45,C8,1,1.0,success,77,77,77,9,9,9,9,9,9,1,1,1,0,0,0,0,0,0,34.0,34.0,34.0
browser-use,Wolfram_Alpha--5,C0,1,1.0,success,137,137,137,12,12,12,10,10,10,0,0,0,0,0,0,0,0,0,23.9,23.9,23.9
browser-use,Wolfram_Alpha--5,C2,1,1.0,success,81,81,81,10,10,10,8,8,8,0,0,0,0,0,0,0,0,0,25.9,25.9,25.9
browser-use,Wolfram_Alpha--5,C5,1,1.0,success,74,74,74,9,9,9,7,7,7,0,0,0,0,0,0,0,0,0,38.5,38.5,38.5
browser-use,Wolfram_Alpha--5,C7,1,1.0,success,77,77,77,10,10,10,8,8,8,0,0,0,0,0,0,0,0,0,17.9,17.9,17.9
browser-use,Wolfram_Alpha--5,C8,1,1.0,success,88,88,88,10,10,10,8,8,8,0,0,0,0,0,0,0,0,0,27.8,27.8,27.8
browser-use,Wolfram_Alpha--6,C0,1,1.0,success,107,107,107,10,10,10,8,8,8,0,0,0,0,0,0,0,0,0,44.3,44.3,44.3
browser-use,Wolfram_Alpha--6,C2,1,1.0,success,25,25,25,7,7,7,7,7,7,0,0,0,0,0,0,0,0,0,55.6,55.6,55.6
browser-use,Wolfram_Alpha--6,C5,1,1.0,success,106,106,106,10,10,10,8,8,8,0,0,0,0,0,0,0,0,0,42.7,42.7,42.7
browser-use,Wolfram_Alpha--6,C7,1,1.0,success,89,89,89,11,11,11,10,10,10,0,0,0,2,2,2,0,0,0,34.7,34.7,34.7
browser-use,Wolfram_Alpha--6,C8,1,1.0,success,124,124,124,10,10,10,8,8,8,0,0,0,0,0,0,0,0,0,54.3,54.3,54.3
browser-use,Wolfram_Alpha--7,C0,1,1.0,success,664,664,664,20,20,20,20,20,20,0,0,0,0,0,0,0,0,0,71.5,71.5,71.5
browser-use,Wolfram_Alpha--7,C2,1,1.0,success,38,38,38,10,10,10,10,10,10,0,0,0,5,5,5,0,0,0,35.1,35.1,35.1
browser-use,Wolfram_Alpha--7,C5,1,1.0,success,13,13,13,5,5,5,5,5,5,0,0,0,0,0,0,0,0,0,57.2,57.2,57.2
browser-use,Wolfram_Alpha--7,C7,1,1.0,success,45,45,45,10,10,10,10,10,10,0,0,0,3,3,3,0,0,0,62.8,62.8,62.8
browser-use,Wolfram_Alpha--7,C8,1,1.0,success,98,98,98,14,14,14,14,14,14,2,2,2,0,0,0,0,0,0,37.0,37.0,37.0
browser-use,Wolfram_Alpha--8,C0,1,1.0,success,8,8,8,5,5,5,5,5,5,0,0,0,0,0,0,0,0,0,8.5,8.5,8.5
browser-use,Wolfram_Alpha--8,C2,1,1.0,success,94,94,94,12,12,12,12,12,12,0,0,0,4,4,4,0,0,0,43.6,43.6,43.6
browser-use,Wolfram_Alpha--8,C5,1,1.0,success,465,465,465,22,22,22,22,22,22,0,0,0,0,0,0,0,0,0,47.1,47.1,47.1
browser-use,Wolfram_Alpha--8,C7,1,1.0,success,105,105,105,12,12,12,12,12,12,0,0,0,4,4,4,0,0,0,81.3,81.3,81.3
browser-use,Wolfram_Alpha--8,C8,1,1.0,success,75,75,75,13,13,13,13,13,13,1,1,1,0,0,0,0,0,0,37.3,37.3,37.3
browser-use,Wolfram_Alpha--9,C0,1,1.0,success,424,424,424,17,17,17,17,17,17,0,0,0,0,0,0,0,0,0,40.8,40.8,40.8
browser-use,Wolfram_Alpha--9,C2,1,1.0,success,94,94,94,13,13,13,13,13,13,0,0,0,4,4,4,0,0,0,33.0,33.0,33.0
browser-use,Wolfram_Alpha--9,C5,1,1.0,success,902,902,902,38,38,38,38,38,38,0,0,0,0,0,0,0,0,0,40.5,40.5,40.5
browser-use,Wolfram_Alpha--9,C7,1,1.0,success,94,94,94,12,12,12,12,12,12,0,0,0,4,4,4,0,0,0,29.9,29.9,29.9
browser-use,Wolfram_Alpha--9,C8,1,1.0,success,320,320,320,24,24,24,24,24,24,4,4,4,2,2,2,0,0,0,19.8,19.8,19.8
fara-7b,Allrecipes--0,C0,1,1.0,success,636,636,636,125,125,125,122,122,122,0,0,0,0,0,0,0,0,0,25.3,25.3,25.3
fara-7b,Allrecipes--0,C2,1,0.0,hit_max_rounds,1164,1164,1164,152,152,152,149,149,149,0,0,0,48,48,48,0,0,0,70.2,70.2,70.2
fara-7b,Allrecipes--0,C5,1,1.0,success,1188,1188,1188,222,222,222,219,219,219,0,0,0,0,0,0,0,0,0,54.1,54.1,54.1
fara-7b,Allrecipes--0,C7,1,0.0,hit_max_rounds,869,869,869,143,143,143,140,140,140,0,0,0,29,29,29,0,0,0,57.1,57.1,57.1
fara-7b,Allrecipes--0,C8,1,1.0,success,776,776,776,143,143,143,140,140,140,0,0,0,28,28,28,1,1,1,42.7,42.7,42.7
fara-7b,Allrecipes--1,C0,1,1.0,success,1171,1171,1171,211,211,211,208,208,208,0,0,0,0,0,0,0,0,0,53.3,53.3,53.3
fara-7b,Allrecipes--1,C2,1,1.0,success,589,589,589,108,108,108,105,105,105,0,0,0,20,20,20,0,0,0,31.4,31.4,31.4
fara-7b,Allrecipes--1,C5,1,1.0,success,1185,1185,1185,224,224,224,221,221,221,0,0,0,0,0,0,0,0,0,31.8,31.8,31.8
fara-7b,Allrecipes--1,C7,1,1.0,success,615,615,615,114,114,114,111,111,111,0,0,0,21,21,21,0,0,0,30.4,30.4,30.4
fara-7b,Allrecipes--1,C8,1,1.0,success,635,635,635,119,119,119,116,116,116,0,0,0,25,25,25,0,0,0,30.1,30.1,30.1
fara-7b,Allrecipes--10,C0,1,0.0,hit_max_rounds,660,660,660,79,79,79,76,76,76,0,0,0,0,0,0,0,0,0,64.8,64.8,64.8
fara-7b,Allrecipes--10,C2,1,0.0,hit_max_rounds,120,120,120,41,41,41,39,39,39,0,0,0,10,10,10,0,0,0,49.3,49.3,49.3
fara-7b,Allrecipes--10,C5,1,0.0,hit_max_rounds,593,593,593,62,62,62,59,59,59,0,0,0,0,0,0,0,0,0,63.1,63.1,63.1
fara-7b,Allrecipes--10,C7,1,0.0,hit_max_rounds,134,134,134,48,48,48,46,46,46,0,0,0,11,11,11,0,0,0,49.8,49.8,49.8
fara-7b,Allrecipes--10,C8,1,1.0,success,1064,1064,1064,268,268,268,264,264,264,0,0,0,28,28,28,0,0,0,55.2,55.2,55.2
fara-7b,Allrecipes--11,C0,1,0.0,hit_max_rounds,1388,1388,1388,240,240,240,237,237,237,0,0,0,0,0,0,0,0,0,62.3,62.3,62.3
fara-7b,Allrecipes--11,C2,1,1.0,success,1079,1079,1079,145,145,145,141,141,141,0,0,0,42,42,42,0,0,0,61.0,61.0,61.0
fara-7b,Allrecipes--11,C5,1,1.0,success,1129,1129,1129,224,224,224,221,221,221,0,0,0,0,0,0,0,0,0,31.8,31.8,31.8
fara-7b,Allrecipes--11,C7,1,1.0,success,746,746,746,124,124,124,121,121,121,0,0,0,25,25,25,0,0,0,36.5,36.5,36.5
fara-7b,Allrecipes--11,C8,1,1.0,success,724,724,724,125,125,125,122,122,122,0,0,0,26,26,26,0,0,0,36.2,36.2,36.2
fara-7b,Allrecipes--12,C0,1,0.0,agent_error,1149,1149,1149,208,208,208,205,205,205,0,0,0,0,0,0,0,0,0,34.1,34.1,34.1
fara-7b,Allrecipes--12,C2,1,0.0,hit_max_rounds,1350,1350,1350,157,157,157,154,154,154,0,0,0,57,57,57,0,0,0,58.5,58.5,58.5
fara-7b,Allrecipes--12,C5,1,1.0,success,1409,1409,1409,245,245,245,242,242,242,0,0,0,0,0,0,0,0,0,50.9,50.9,50.9
fara-7b,Allrecipes--12,C7,1,1.0,success,746,746,746,127,127,127,124,124,124,0,0,0,24,24,24,0,0,0,42.9,42.9,42.9
fara-7b,Allrecipes--12,C8,1,1.0,success,726,726,726,125,125,125,122,122,122,0,0,0,26,26,26,0,0,0,46.1,46.1,46.1
fara-7b,Allrecipes--13,C0,1,0.0,hit_max_rounds,1411,1411,1411,234,234,234,231,231,231,0,0,0,0,0,0,0,0,0,59.8,59.8,59.8
fara-7b,Allrecipes--13,C2,1,1.0,success,757,757,757,122,122,122,119,119,119,0,0,0,20,20,20,0,0,0,54.4,54.4,54.4
fara-7b,Allrecipes--13,C5,1,1.0,success,1442,1442,1442,253,253,253,250,250,250,0,0,0,0,0,0,0,0,0,58.4,58.4,58.4
fara-7b,Allrecipes--13,C7,1,1.0,success,1038,1038,1038,149,149,149,146,146,146,0,0,0,37,37,37,0,0,0,58.5,58.5,58.5
fara-7b,Allrecipes--13,C8,1,1.0,success,797,797,797,128,128,128,125,125,125,0,0,0,25,25,25,0,0,0,50.8,50.8,50.8
fara-7b,Allrecipes--14,C0,1,1.0,success,1117,1117,1117,235,235,235,232,232,232,0,0,0,0,0,0,0,0,0,31.9,31.9,31.9
fara-7b,Allrecipes--14,C2,1,1.0,success,779,779,779,127,127,127,124,124,124,0,0,0,27,27,27,0,0,0,36.2,36.2,36.2
fara-7b,Allrecipes--14,C5,1,1.0,success,1172,1172,1172,245,245,245,242,242,242,0,0,0,0,0,0,0,0,0,31.0,31.0,31.0
fara-7b,Allrecipes--14,C7,1,0.0,hit_max_rounds,988,988,988,137,137,137,134,134,134,0,0,0,40,40,40,0,0,0,56.9,56.9,56.9
fara-7b,Allrecipes--14,C8,1,1.0,success,775,775,775,132,132,132,129,129,129,0,0,0,28,28,28,0,0,0,37.6,37.6,37.6
fara-7b,Allrecipes--15,C0,1,0.0,hit_max_rounds,1309,1309,1309,227,227,227,224,224,224,0,0,0,0,0,0,0,0,0,57.4,57.4,57.4
fara-7b,Allrecipes--15,C2,1,1.0,success,806,806,806,125,125,125,122,122,122,0,0,0,22,22,22,0,0,0,64.5,64.5,64.5
fara-7b,Allrecipes--15,C5,1,1.0,success,1070,1070,1070,207,207,207,204,204,204,0,0,0,0,0,0,0,0,0,44.3,44.3,44.3
fara-7b,Allrecipes--15,C7,1,1.0,success,776,776,776,127,127,127,124,124,124,0,0,0,26,26,26,0,0,0,50.8,50.8,50.8
fara-7b,Allrecipes--15,C8,1,1.0,success,826,826,826,132,132,132,129,129,129,0,0,0,27,27,27,0,0,0,57.7,57.7,57.7
fara-7b,Allrecipes--16,C0,1,0.0,hit_max_rounds,1071,1071,1071,149,149,149,146,146,146,0,0,0,0,0,0,0,0,0,57.7,57.7,57.7
fara-7b,Allrecipes--16,C2,1,1.0,success,848,848,848,141,141,141,138,138,138,0,0,0,36,36,36,0,0,0,54.3,54.3,54.3
fara-7b,Allrecipes--16,C5,1,1.0,success,1152,1152,1152,218,218,218,215,215,215,0,0,0,0,0,0,0,0,0,43.9,43.9,43.9
fara-7b,Allrecipes--16,C7,1,1.0,success,899,899,899,134,134,134,131,131,131,0,0,0,27,27,27,0,0,0,57.0,57.0,57.0
fara-7b,Allrecipes--16,C8,1,1.0,success,765,765,765,132,132,132,129,129,129,0,0,0,28,28,28,0,0,0,36.9,36.9,36.9
fara-7b,Allrecipes--17,C0,1,1.0,success,914,914,914,165,165,165,162,162,162,0,0,0,0,0,0,0,0,0,50.4,50.4,50.4
fara-7b,Allrecipes--17,C2,1,1.0,success,762,762,762,122,122,122,119,119,119,0,0,0,21,21,21,0,0,0,54.2,54.2,54.2
fara-7b,Allrecipes--17,C5,1,1.0,success,1215,1215,1215,229,229,229,226,226,226,0,0,0,0,0,0,0,0,0,49.1,49.1,49.1
fara-7b,Allrecipes--17,C7,1,1.0,success,771,771,771,131,131,131,128,128,128,0,0,0,24,24,24,0,0,0,49.1,49.1,49.1
fara-7b,Allrecipes--17,C8,1,1.0,success,909,909,909,135,135,135,132,132,132,0,0,0,34,34,34,0,0,0,50.0,50.0,50.0
fara-7b,Allrecipes--18,C0,1,0.0,hit_max_rounds,800,800,800,199,199,199,196,196,196,0,0,0,0,0,0,0,0,0,55.9,55.9,55.9
fara-7b,Allrecipes--18,C2,1,1.0,success,757,757,757,127,127,127,124,124,124,0,0,0,26,26,26,0,0,0,58.1,58.1,58.1
fara-7b,Allrecipes--18,C5,1,1.0,success,1342,1342,1342,235,235,235,232,232,232,0,0,0,0,0,0,0,0,0,51.0,51.0,51.0
fara-7b,Allrecipes--18,C7,1,1.0,success,882,882,882,126,126,126,123,123,123,0,0,0,34,34,34,0,0,0,57.4,57.4,57.4
fara-7b,Allrecipes--18,C8,1,1.0,success,790,790,790,131,131,131,128,128,128,0,0,0,39,39,39,0,0,0,57.3,57.3,57.3
fara-7b,Allrecipes--19,C0,1,0.0,hit_max_rounds,1226,1226,1226,231,231,231,228,228,228,0,0,0,0,0,0,0,0,0,55.4,55.4,55.4
fara-7b,Allrecipes--19,C2,1,1.0,success,776,776,776,128,128,128,125,125,125,0,0,0,23,23,23,0,0,0,62.0,62.0,62.0
fara-7b,Allrecipes--19,C5,1,1.0,success,1161,1161,1161,236,236,236,233,233,233,0,0,0,0,0,0,0,0,0,49.8,49.8,49.8
fara-7b,Allrecipes--19,C7,1,0.0,hit_max_rounds,1312,1312,1312,140,140,140,137,137,137,0,0,0,59,59,59,0,0,0,61.5,61.5,61.5
fara-7b,Allrecipes--19,C8,1,1.0,success,762,762,762,126,126,126,123,123,123,0,0,0,25,25,25,0,0,0,42.9,42.9,42.9
fara-7b,Allrecipes--2,C0,1,0.0,hit_max_rounds,870,870,870,152,152,152,149,149,149,0,0,0,0,0,0,0,0,0,55.6,55.6,55.6
fara-7b,Allrecipes--2,C2,1,0.0,hit_max_rounds,826,826,826,135,135,135,132,132,132,0,0,0,28,28,28,0,0,0,56.6,56.6,56.6
fara-7b,Allrecipes--2,C5,1,0.0,hit_max_rounds,1364,1364,1364,227,227,227,224,224,224,0,0,0,0,0,0,0,0,0,57.8,57.8,57.8
fara-7b,Allrecipes--2,C7,1,0.0,hit_max_rounds,924,924,924,128,128,128,125,125,125,0,0,0,40,40,40,0,0,0,55.9,55.9,55.9
fara-7b,Allrecipes--2,C8,1,0.0,hit_max_rounds,1133,1133,1133,127,127,127,124,124,124,0,0,0,52,52,52,0,0,0,58.2,58.2,58.2
fara-7b,Allrecipes--20,C0,1,0.0,hit_max_rounds,1024,1024,1024,172,172,172,169,169,169,0,0,0,0,0,0,0,0,0,59.0,59.0,59.0
fara-7b,Allrecipes--20,C2,1,0.0,hit_max_rounds,758,758,758,122,122,122,119,119,119,0,0,0,20,20,20,0,0,0,56.1,56.1,56.1
fara-7b,Allrecipes--20,C5,1,1.0,success,1215,1215,1215,217,217,217,214,214,214,0,0,0,0,0,0,0,0,0,49.1,49.1,49.1
fara-7b,Allrecipes--20,C7,1,0.0,hit_max_rounds,816,816,816,127,127,127,124,124,124,0,0,0,22,22,22,0,0,0,55.8,55.8,55.8
fara-7b,Allrecipes--20,C8,1,0.0,hit_max_rounds,898,898,898,145,145,145,142,142,142,0,0,0,29,29,29,1,1,1,54.6,54.6,54.6
fara-7b,Allrecipes--21,C0,1,1.0,success,1158,1158,1158,212,212,212,209,209,209,0,0,0,0,0,0,0,0,0,50.3,50.3,50.3
fara-7b,Allrecipes--21,C2,1,1.0,success,744,744,744,127,127,127,124,124,124,0,0,0,25,25,25,0,0,0,51.9,51.9,51.9
fara-7b,Allrecipes--21,C5,1,1.0,success,1190,1190,1190,231,231,231,228,228,228,0,0,0,0,0,0,0,0,0,37.8,37.8,37.8
fara-7b,Allrecipes--21,C7,1,1.0,success,702,702,702,126,126,126,123,123,123,0,0,0,22,22,22,0,0,0,43.9,43.9,43.9
fara-7b,Allrecipes--21,C8,1,1.0,success,775,775,775,135,135,135,132,132,132,0,0,0,28,28,28,0,0,0,37.8,37.8,37.8
fara-7b,Allrecipes--22,C0,1,1.0,success,1091,1091,1091,190,190,190,187,187,187,0,0,0,0,0,0,0,0,0,50.4,50.4,50.4
fara-7b,Allrecipes--22,C2,1,1.0,success,728,728,728,121,121,121,118,118,118,0,0,0,19,19,19,0,0,0,55.2,55.2,55.2
fara-7b,Allrecipes--22,C5,1,0.0,hit_max_rounds,1329,1329,1329,246,246,246,243,243,243,0,0,0,0,0,0,0,0,0,60.3,60.3,60.3
fara-7b,Allrecipes--22,C7,1,0.0,hit_max_rounds,836,836,836,131,131,131,128,128,128,0,0,0,25,25,25,0,0,0,57.3,57.3,57.3
fara-7b,Allrecipes--22,C8,1,0.0,hit_max_rounds,805,805,805,122,122,122,119,119,119,0,0,0,26,26,26,0,0,0,54.7,54.7,54.7
fara-7b,Allrecipes--23,C0,1,0.0,hit_max_rounds,888,888,888,167,167,167,164,164,164,0,0,0,0,0,0,0,0,0,54.5,54.5,54.5
fara-7b,Allrecipes--23,C2,1,1.0,success,734,734,734,120,120,120,117,117,117,0,0,0,20,20,20,0,0,0,43.6,43.6,43.6
fara-7b,Allrecipes--23,C5,1,1.0,success,1261,1261,1261,236,236,236,233,233,233,0,0,0,0,0,0,0,0,0,50.7,50.7,50.7
fara-7b,Allrecipes--23,C7,1,1.0,success,757,757,757,125,125,125,122,122,122,0,0,0,25,25,25,0,0,0,49.1,49.1,49.1
fara-7b,Allrecipes--23,C8,1,1.0,success,808,808,808,133,133,133,130,130,130,0,0,0,22,22,22,0,0,0,54.9,54.9,54.9
fara-7b,Allrecipes--24,C0,1,1.0,success,782,782,782,149,149,149,146,146,146,0,0,0,0,0,0,0,0,0,36.5,36.5,36.5
fara-7b,Allrecipes--24,C2,1,1.0,success,702,702,702,117,117,117,114,114,114,0,0,0,20,20,20,0,0,0,35.6,35.6,35.6
fara-7b,Allrecipes--24,C5,1,1.0,success,999,999,999,204,204,204,201,201,201,0,0,0,0,0,0,0,0,0,36.1,36.1,36.1
fara-7b,Allrecipes--24,C7,1,1.0,success,703,703,703,122,122,122,119,119,119,0,0,0,23,23,23,0,0,0,30.8,30.8,30.8
fara-7b,Allrecipes--24,C8,1,1.0,success,718,718,718,120,120,120,117,117,117,0,0,0,25,25,25,0,0,0,37.4,37.4,37.4
fara-7b,Allrecipes--25,C0,1,1.0,success,1206,1206,1206,206,206,206,203,203,203,0,0,0,0,0,0,0,0,0,65.1,65.1,65.1
fara-7b,Allrecipes--25,C2,1,1.0,success,825,825,825,131,131,131,128,128,128,0,0,0,24,24,24,0,0,0,59.0,59.0,59.0
fara-7b,Allrecipes--25,C5,1,1.0,success,1527,1527,1527,265,265,265,262,262,262,0,0,0,0,0,0,0,0,0,57.6,57.6,57.6
fara-7b,Allrecipes--25,C7,1,0.0,hit_max_rounds,797,797,797,122,122,122,119,119,119,0,0,0,24,24,24,0,0,0,53.3,53.3,53.3
fara-7b,Allrecipes--25,C8,1,1.0,success,774,774,774,127,127,127,124,124,124,0,0,0,27,27,27,0,0,0,48.2,48.2,48.2
fara-7b,Allrecipes--26,C0,1,1.0,success,946,946,946,178,178,178,175,175,175,0,0,0,0,0,0,0,0,0,56.2,56.2,56.2
fara-7b,Allrecipes--26,C2,1,0.0,hit_max_rounds,785,785,785,121,121,121,118,118,118,0,0,0,23,23,23,0,0,0,58.6,58.6,58.6
fara-7b,Allrecipes--26,C5,1,1.0,success,1240,1240,1240,231,231,231,228,228,228,0,0,0,0,0,0,0,0,0,50.4,50.4,50.4
fara-7b,Allrecipes--26,C7,1,1.0,success,839,839,839,128,128,128,125,125,125,0,0,0,25,25,25,0,0,0,57.6,57.6,57.6
fara-7b,Allrecipes--26,C8,1,1.0,success,830,830,830,133,133,133,130,130,130,0,0,0,25,25,25,0,0,0,56.8,56.8,56.8
fara-7b,Allrecipes--27,C0,1,1.0,success,946,946,946,197,197,197,194,194,194,0,0,0,0,0,0,0,0,0,26.7,26.7,26.7
fara-7b,Allrecipes--27,C2,1,1.0,success,780,780,780,130,130,130,127,127,127,0,0,0,24,24,24,0,0,0,49.6,49.6,49.6
fara-7b,Allrecipes--27,C5,1,1.0,success,1096,1096,1096,219,219,219,216,216,216,0,0,0,0,0,0,0,0,0,51.1,51.1,51.1
fara-7b,Allrecipes--27,C7,1,1.0,success,660,660,660,124,124,124,121,121,121,0,0,0,21,21,21,0,0,0,25.1,25.1,25.1
fara-7b,Allrecipes--27,C8,1,1.0,success,710,710,710,114,114,114,111,111,111,0,0,0,28,28,28,0,0,0,34.8,34.8,34.8
fara-7b,Allrecipes--28,C0,1,1.0,success,1087,1087,1087,212,212,212,209,209,209,0,0,0,0,0,0,0,0,0,32.8,32.8,32.8
fara-7b,Allrecipes--28,C2,1,0.0,agent_error,786,786,786,124,124,124,121,121,121,0,0,0,30,30,30,0,0,0,34.0,34.0,34.0
fara-7b,Allrecipes--28,C5,1,1.0,success,1270,1270,1270,236,236,236,233,233,233,0,0,0,0,0,0,0,0,0,33.2,33.2,33.2
fara-7b,Allrecipes--28,C7,1,0.0,hit_max_rounds,991,991,991,135,135,135,132,132,132,0,0,0,34,34,34,0,0,0,55.8,55.8,55.8
fara-7b,Allrecipes--28,C8,1,1.0,success,913,913,913,135,135,135,132,132,132,0,0,0,33,33,33,0,0,0,56.3,56.3,56.3
fara-7b,Allrecipes--29,C0,1,1.0,success,857,857,857,167,167,167,164,164,164,0,0,0,0,0,0,0,0,0,50.3,50.3,50.3
fara-7b,Allrecipes--29,C2,1,0.0,hit_max_rounds,640,640,640,113,113,113,110,110,110,0,0,0,24,24,24,0,0,0,58.5,58.5,58.5
fara-7b,Allrecipes--29,C5,1,1.0,success,1098,1098,1098,204,204,204,201,201,201,0,0,0,0,0,0,0,0,0,49.3,49.3,49.3
fara-7b,Allrecipes--29,C7,1,0.0,hit_max_rounds,658,658,658,115,115,115,112,112,112,0,0,0,23,23,23,0,0,0,56.8,56.8,56.8
fara-7b,Allrecipes--29,C8,1,0.0,hit_max_rounds,975,975,975,135,135,135,131,131,131,0,0,0,41,41,41,0,0,0,59.7,59.7,59.7
fara-7b,Allrecipes--3,C0,1,1.0,success,897,897,897,172,172,172,169,169,169,0,0,0,0,0,0,0,0,0,38.1,38.1,38.1
fara-7b,Allrecipes--3,C2,1,1.0,success,775,775,775,129,129,129,126,126,126,0,0,0,28,28,28,0,0,0,45.0,45.0,45.0
fara-7b,Allrecipes--3,C5,1,1.0,success,1201,1201,1201,237,237,237,234,234,234,0,0,0,0,0,0,0,0,0,38.9,38.9,38.9
fara-7b,Allrecipes--3,C7,1,1.0,success,850,850,850,144,144,144,141,141,141,0,0,0,30,30,30,1,1,1,38.4,38.4,38.4
fara-7b,Allrecipes--3,C8,1,1.0,success,686,686,686,128,128,128,125,125,125,0,0,0,25,25,25,0,0,0,31.0,31.0,31.0
fara-7b,Allrecipes--30,C0,1,0.0,hit_max_rounds,1286,1286,1286,216,216,216,213,213,213,0,0,0,0,0,0,0,0,0,59.6,59.6,59.6
fara-7b,Allrecipes--30,C2,1,0.0,hit_max_rounds,1555,1555,1555,147,147,147,144,144,144,0,0,0,72,72,72,0,0,0,59.4,59.4,59.4
fara-7b,Allrecipes--30,C5,1,0.0,hit_max_rounds,1692,1692,1692,286,286,286,282,282,282,0,0,0,0,0,0,0,0,0,59.3,59.3,59.3
fara-7b,Allrecipes--30,C7,1,0.0,hit_max_rounds,1199,1199,1199,140,140,140,136,136,136,0,0,0,54,54,54,0,0,0,58.7,58.7,58.7
fara-7b,Allrecipes--30,C8,1,0.0,hit_max_rounds,1045,1045,1045,147,147,147,143,143,143,0,0,0,46,46,46,0,0,0,56.2,56.2,56.2
fara-7b,Allrecipes--31,C0,1,0.0,hit_max_rounds,1183,1183,1183,225,225,225,222,222,222,0,0,0,0,0,0,0,0,0,55.9,55.9,55.9
fara-7b,Allrecipes--31,C2,1,0.0,unknown,1522,1522,1522,143,143,143,140,140,140,0,0,0,45,45,45,0,0,0,,,
fara-7b,Allrecipes--31,C5,1,0.0,hit_max_rounds,1309,1309,1309,248,248,248,245,245,245,0,0,0,0,0,0,0,0,0,64.6,64.6,64.6
fara-7b,Allrecipes--31,C7,1,1.0,success,1361,1361,1361,146,146,146,143,143,143,0,0,0,57,57,57,0,0,0,52.4,52.4,52.4
fara-7b,Allrecipes--31,C8,1,1.0,success,743,743,743,135,135,135,132,132,132,0,0,0,22,22,22,1,1,1,49.1,49.1,49.1
fara-7b,Allrecipes--32,C0,1,1.0,success,1092,1092,1092,203,203,203,200,200,200,0,0,0,0,0,0,0,0,0,43.7,43.7,43.7
fara-7b,Allrecipes--32,C2,1,1.0,success,694,694,694,122,122,122,119,119,119,0,0,0,22,22,22,0,0,0,46.4,46.4,46.4
fara-7b,Allrecipes--32,C5,1,1.0,success,1184,1184,1184,241,241,241,238,238,238,0,0,0,0,0,0,0,0,0,38.5,38.5,38.5
fara-7b,Allrecipes--32,C7,1,1.0,success,738,738,738,128,128,128,125,125,125,0,0,0,22,22,22,0,0,0,56.5,56.5,56.5
fara-7b,Allrecipes--32,C8,1,0.0,hit_max_rounds,1146,1146,1146,142,142,142,138,138,138,0,0,0,46,46,46,0,0,0,56.9,56.9,56.9
fara-7b,Allrecipes--33,C0,1,1.0,success,867,867,867,153,153,153,150,150,150,0,0,0,0,0,0,0,0,0,56.5,56.5,56.5
fara-7b,Allrecipes--33,C2,1,1.0,success,822,822,822,134,134,134,131,131,131,0,0,0,22,22,22,0,0,0,58.6,58.6,58.6
fara-7b,Allrecipes--33,C5,1,1.0,success,1678,1678,1678,278,278,278,275,275,275,0,0,0,0,0,0,0,0,0,52.1,52.1,52.1
fara-7b,Allrecipes--33,C7,1,1.0,success,1024,1024,1024,141,141,141,138,138,138,0,0,0,35,35,35,0,0,0,56.8,56.8,56.8
fara-7b,Allrecipes--33,C8,1,1.0,success,789,789,789,133,133,133,130,130,130,0,0,0,22,22,22,0,0,0,51.0,51.0,51.0
fara-7b,Allrecipes--34,C0,1,1.0,success,1104,1104,1104,216,216,216,213,213,213,0,0,0,0,0,0,0,0,0,30.2,30.2,30.2
fara-7b,Allrecipes--34,C2,1,1.0,success,629,629,629,116,116,116,113,113,113,0,0,0,21,21,21,0,0,0,24.5,24.5,24.5
fara-7b,Allrecipes--34,C5,1,1.0,success,1066,1066,1066,216,216,216,213,213,213,0,0,0,0,0,0,0,0,0,25.0,25.0,25.0
fara-7b,Allrecipes--34,C7,1,1.0,success,673,673,673,128,128,128,125,125,125,0,0,0,22,22,22,0,0,0,29.2,29.2,29.2
fara-7b,Allrecipes--34,C8,1,1.0,success,640,640,640,122,122,122,119,119,119,0,0,0,24,24,24,0,0,0,23.9,23.9,23.9
fara-7b,Allrecipes--35,C0,1,1.0,success,1115,1115,1115,200,200,200,197,197,197,0,0,0,0,0,0,0,0,0,43.9,43.9,43.9
fara-7b,Allrecipes--35,C2,1,1.0,success,789,789,789,139,139,139,136,136,136,0,0,0,28,28,28,0,0,0,44.2,44.2,44.2
fara-7b,Allrecipes--35,C5,1,1.0,success,879,879,879,185,185,185,182,182,182,0,0,0,0,0,0,0,0,0,24.3,24.3,24.3
fara-7b,Allrecipes--35,C7,1,1.0,success,646,646,646,117,117,117,114,114,114,0,0,0,26,26,26,0,0,0,24.2,24.2,24.2
fara-7b,Allrecipes--35,C8,1,1.0,success,662,662,662,122,122,122,119,119,119,0,0,0,22,22,22,0,0,0,24.6,24.6,24.6
fara-7b,Allrecipes--36,C0,1,1.0,success,1239,1239,1239,232,232,232,229,229,229,0,0,0,0,0,0,0,0,0,55.6,55.6,55.6
fara-7b,Allrecipes--36,C2,1,1.0,success,957,957,957,132,132,132,129,129,129,0,0,0,33,33,33,0,0,0,58.6,58.6,58.6
fara-7b,Allrecipes--36,C5,1,1.0,success,1160,1160,1160,222,222,222,219,219,219,0,0,0,0,0,0,0,0,0,53.6,53.6,53.6
fara-7b,Allrecipes--36,C7,1,1.0,success,804,804,804,129,129,129,126,126,126,0,0,0,21,21,21,0,0,0,53.9,53.9,53.9
fara-7b,Allrecipes--36,C8,1,1.0,success,790,790,790,126,126,126,123,123,123,0,0,0,25,25,25,0,0,0,53.1,53.1,53.1
fara-7b,Allrecipes--37,C0,1,1.0,success,893,893,893,171,171,171,168,168,168,0,0,0,0,0,0,0,0,0,36.7,36.7,36.7
fara-7b,Allrecipes--37,C2,1,1.0,success,860,860,860,142,142,142,139,139,139,0,0,0,30,30,30,0,0,0,47.9,47.9,47.9
fara-7b,Allrecipes--37,C5,1,1.0,success,1115,1115,1115,237,237,237,234,234,234,0,0,0,0,0,0,0,0,0,44.7,44.7,44.7
fara-7b,Allrecipes--37,C7,1,1.0,success,782,782,782,144,144,144,141,141,141,0,0,0,27,27,27,0,0,0,41.8,41.8,41.8
fara-7b,Allrecipes--37,C8,1,1.0,success,730,730,730,134,134,134,131,131,131,0,0,0,28,28,28,0,0,0,37.9,37.9,37.9
fara-7b,Allrecipes--38,C0,1,1.0,success,1257,1257,1257,202,202,202,199,199,199,0,0,0,0,0,0,0,0,0,33.3,33.3,33.3
fara-7b,Allrecipes--38,C2,1,1.0,success,593,593,593,112,112,112,109,109,109,0,0,0,18,18,18,0,0,0,31.2,31.2,31.2
fara-7b,Allrecipes--38,C5,1,1.0,success,1063,1063,1063,228,228,228,225,225,225,0,0,0,0,0,0,0,0,0,25.1,25.1,25.1
fara-7b,Allrecipes--38,C7,1,1.0,success,667,667,667,124,124,124,121,121,121,0,0,0,23,23,23,0,0,0,25.9,25.9,25.9
fara-7b,Allrecipes--38,C8,1,1.0,success,661,661,661,117,117,117,114,114,114,0,0,0,24,24,24,0,0,0,24.7,24.7,24.7
fara-7b,Allrecipes--39,C0,1,0.0,hit_max_rounds,551,551,551,53,53,53,51,51,51,0,0,0,0,0,0,0,0,0,57.0,57.0,57.0
fara-7b,Allrecipes--39,C2,1,0.0,hit_max_rounds,887,887,887,137,137,137,134,134,134,0,0,0,30,30,30,0,0,0,55.0,55.0,55.0
fara-7b,Allrecipes--39,C5,1,0.0,hit_max_rounds,1209,1209,1209,232,232,232,229,229,229,0,0,0,0,0,0,0,0,0,64.0,64.0,64.0
fara-7b,Allrecipes--39,C7,1,0.0,hit_max_rounds,828,828,828,133,133,133,130,130,130,0,0,0,32,32,32,0,0,0,53.7,53.7,53.7
fara-7b,Allrecipes--39,C8,1,0.0,hit_max_rounds,826,826,826,136,136,136,133,133,133,0,0,0,26,26,26,0,0,0,61.8,61.8,61.8
fara-7b,Allrecipes--4,C0,1,1.0,success,1256,1256,1256,228,228,228,225,225,225,0,0,0,0,0,0,0,0,0,38.9,38.9,38.9
fara-7b,Allrecipes--4,C2,1,0.0,hit_max_rounds,873,873,873,139,139,139,136,136,136,0,0,0,29,29,29,0,0,0,56.5,56.5,56.5
fara-7b,Allrecipes--4,C5,1,0.0,hit_max_rounds,1275,1275,1275,228,228,228,225,225,225,0,0,0,0,0,0,0,0,0,54.9,54.9,54.9
fara-7b,Allrecipes--4,C7,1,1.0,success,747,747,747,137,137,137,134,134,134,0,0,0,26,26,26,0,0,0,43.6,43.6,43.6
fara-7b,Allrecipes--4,C8,1,1.0,success,725,725,725,135,135,135,132,132,132,0,0,0,29,29,29,0,0,0,30.9,30.9,30.9
fara-7b,Allrecipes--40,C0,1,0.0,hit_max_rounds,257,257,257,84,84,84,81,81,81,0,0,0,0,0,0,0,0,0,52.3,52.3,52.3
fara-7b,Allrecipes--40,C2,1,0.0,hit_max_rounds,211,211,211,66,66,66,63,63,63,0,0,0,7,7,7,0,0,0,52.2,52.2,52.2
fara-7b,Allrecipes--40,C5,1,1.0,success,235,235,235,80,80,80,77,77,77,0,0,0,0,0,0,0,0,0,51.7,51.7,51.7
fara-7b,Allrecipes--40,C7,1,0.0,hit_max_rounds,244,244,244,79,79,79,76,76,76,0,0,0,6,6,6,0,0,0,57.9,57.9,57.9
fara-7b,Allrecipes--40,C8,1,1.0,success,230,230,230,76,76,76,73,73,73,0,0,0,5,5,5,0,0,0,27.4,27.4,27.4
fara-7b,Allrecipes--41,C0,1,1.0,success,912,912,912,219,219,219,216,216,216,0,0,0,0,0,0,0,0,0,38.1,38.1,38.1
fara-7b,Allrecipes--41,C2,1,1.0,success,394,394,394,99,99,99,96,96,96,0,0,0,13,13,13,0,0,0,37.1,37.1,37.1
fara-7b,Allrecipes--41,C5,1,1.0,success,785,785,785,204,204,204,201,201,201,0,0,0,0,0,0,0,0,0,39.9,39.9,39.9
fara-7b,Allrecipes--41,C7,1,1.0,success,402,402,402,105,105,105,102,102,102,0,0,0,14,14,14,0,0,0,28.6,28.6,28.6
fara-7b,Allrecipes--41,C8,1,0.0,hit_max_rounds,666,666,666,120,120,120,116,116,116,0,0,0,32,32,32,0,0,0,53.7,53.7,53.7
fara-7b,Allrecipes--42,C0,1,1.0,success,693,693,693,146,146,146,143,143,143,0,0,0,0,0,0,0,0,0,25.1,25.1,25.1
fara-7b,Allrecipes--42,C2,1,1.0,success,659,659,659,119,119,119,116,116,116,0,0,0,22,22,22,0,0,0,28.6,28.6,28.6
fara-7b,Allrecipes--42,C5,1,1.0,success,1126,1126,1126,223,223,223,220,220,220,0,0,0,0,0,0,0,0,0,25.2,25.2,25.2
fara-7b,Allrecipes--42,C7,1,1.0,success,678,678,678,122,122,122,119,119,119,0,0,0,23,23,23,0,0,0,24.4,24.4,24.4
fara-7b,Allrecipes--42,C8,1,1.0,success,687,687,687,127,127,127,124,124,124,0,0,0,29,29,29,0,0,0,24.2,24.2,24.2
fara-7b,Allrecipes--43,C0,1,0.0,hit_max_rounds,887,887,887,155,155,155,152,152,152,0,0,0,0,0,0,0,0,0,55.1,55.1,55.1
fara-7b,Allrecipes--43,C2,1,0.0,hit_max_rounds,1012,1012,1012,129,129,129,126,126,126,0,0,0,38,38,38,0,0,0,56.7,56.7,56.7
fara-7b,Allrecipes--43,C5,1,0.0,hit_max_rounds,1076,1076,1076,207,207,207,204,204,204,0,0,0,0,0,0,0,0,0,55.4,55.4,55.4
fara-7b,Allrecipes--43,C7,1,0.0,hit_max_rounds,894,894,894,134,134,134,131,131,131,0,0,0,31,31,31,0,0,0,56.3,56.3,56.3
fara-7b,Allrecipes--43,C8,1,0.0,hit_max_rounds,1029,1029,1029,138,138,138,135,135,135,0,0,0,39,39,39,0,0,0,71.9,71.9,71.9
fara-7b,Allrecipes--44,C0,1,1.0,success,736,736,736,172,172,172,169,169,169,0,0,0,0,0,0,0,0,0,31.1,31.1,31.1
fara-7b,Allrecipes--44,C2,1,1.0,success,371,371,371,105,105,105,102,102,102,0,0,0,14,14,14,0,0,0,23.6,23.6,23.6
fara-7b,Allrecipes--44,C5,1,1.0,success,749,749,749,210,210,210,207,207,207,0,0,0,0,0,0,0,0,0,26.6,26.6,26.6
fara-7b,Allrecipes--44,C7,1,1.0,success,386,386,386,102,102,102,99,99,99,0,0,0,14,14,14,0,0,0,27.1,27.1,27.1
fara-7b,Allrecipes--44,C8,1,1.0,success,366,366,366,99,99,99,96,96,96,0,0,0,12,12,12,0,0,0,26.5,26.5,26.5
fara-7b,Allrecipes--5,C0,1,1.0,success,1103,1103,1103,214,214,214,211,211,211,0,0,0,0,0,0,0,0,0,58.4,58.4,58.4
fara-7b,Allrecipes--5,C2,1,1.0,success,1073,1073,1073,137,137,137,134,134,134,0,0,0,43,43,43,0,0,0,54.8,54.8,54.8
fara-7b,Allrecipes--5,C5,1,1.0,success,1390,1390,1390,236,236,236,233,233,233,0,0,0,0,0,0,0,0,0,56.0,56.0,56.0
fara-7b,Allrecipes--5,C7,1,1.0,success,768,768,768,130,130,130,127,127,127,0,0,0,24,24,24,0,0,0,49.9,49.9,49.9
fara-7b,Allrecipes--5,C8,1,1.0,success,775,775,775,132,132,132,129,129,129,0,0,0,23,23,23,1,1,1,52.0,52.0,52.0
fara-7b,Allrecipes--6,C0,1,1.0,success,760,760,760,140,140,140,137,137,137,0,0,0,0,0,0,0,0,0,40.5,40.5,40.5
fara-7b,Allrecipes--6,C2,1,1.0,success,664,664,664,127,127,127,124,124,124,0,0,0,22,22,22,0,0,0,51.6,51.6,51.6
fara-7b,Allrecipes--6,C5,1,1.0,success,1203,1203,1203,220,220,220,217,217,217,0,0,0,0,0,0,0,0,0,58.2,58.2,58.2
fara-7b,Allrecipes--6,C7,1,1.0,success,651,651,651,116,116,116,113,113,113,0,0,0,22,22,22,0,0,0,49.9,49.9,49.9
fara-7b,Allrecipes--6,C8,1,1.0,success,680,680,680,118,118,118,115,115,115,0,0,0,29,29,29,0,0,0,49.2,49.2,49.2
fara-7b,Allrecipes--7,C0,1,0.0,hit_max_rounds,1303,1303,1303,240,240,240,237,237,237,0,0,0,0,0,0,0,0,0,64.5,64.5,64.5
fara-7b,Allrecipes--7,C2,1,0.0,hit_max_rounds,853,853,853,129,129,129,126,126,126,0,0,0,22,22,22,0,0,0,58.7,58.7,58.7
fara-7b,Allrecipes--7,C5,1,0.0,hit_max_rounds,1392,1392,1392,246,246,246,243,243,243,0,0,0,0,0,0,0,0,0,56.7,56.7,56.7
fara-7b,Allrecipes--7,C7,1,0.0,hit_max_rounds,827,827,827,129,129,129,126,126,126,0,0,0,30,30,30,0,0,0,64.9,64.9,64.9
fara-7b,Allrecipes--7,C8,1,1.0,success,1013,1013,1013,149,149,149,146,146,146,0,0,0,35,35,35,0,0,0,57.9,57.9,57.9
fara-7b,Allrecipes--8,C0,1,1.0,success,720,720,720,151,151,151,148,148,148,0,0,0,0,0,0,0,0,0,23.9,23.9,23.9
fara-7b,Allrecipes--8,C2,1,1.0,success,634,634,634,122,122,122,119,119,119,0,0,0,18,18,18,0,0,0,25.3,25.3,25.3
fara-7b,Allrecipes--8,C5,1,1.0,success,1068,1068,1068,230,230,230,227,227,227,0,0,0,0,0,0,0,0,0,25.4,25.4,25.4
fara-7b,Allrecipes--8,C7,1,1.0,success,652,652,652,120,120,120,117,117,117,0,0,0,23,23,23,0,0,0,24.4,24.4,24.4
fara-7b,Allrecipes--8,C8,1,1.0,success,652,652,652,122,122,122,119,119,119,0,0,0,24,24,24,0,0,0,24.4,24.4,24.4
fara-7b,Allrecipes--9,C0,1,1.0,success,1121,1121,1121,240,240,240,237,237,237,0,0,0,0,0,0,0,0,0,46.3,46.3,46.3
fara-7b,Allrecipes--9,C2,1,0.0,agent_error,149,149,149,57,57,57,55,55,55,0,0,0,3,3,3,0,0,0,38.4,38.4,38.4
fara-7b,Allrecipes--9,C5,1,0.0,hit_max_rounds,1249,1249,1249,233,233,233,230,230,230,0,0,0,0,0,0,0,0,0,56.0,56.0,56.0
fara-7b,Allrecipes--9,C7,1,1.0,success,740,740,740,128,128,128,125,125,125,0,0,0,22,22,22,0,0,0,48.1,48.1,48.1
fara-7b,Allrecipes--9,C8,1,1.0,success,784,784,784,141,141,141,138,138,138,0,0,0,29,29,29,0,0,0,44.5,44.5,44.5
fara-7b,Amazon--0,C0,1,0.0,hit_max_rounds,1294,1294,1294,51,51,51,46,46,46,0,0,0,0,0,0,0,0,0,63.5,63.5,63.5
fara-7b,Amazon--0,C2,1,0.0,hit_max_rounds,347,347,347,7,7,7,4,4,4,0,0,0,2,2,2,0,0,0,49.0,49.0,49.0
fara-7b,Amazon--0,C5,1,1.0,success,901,901,901,38,38,38,33,33,33,0,0,0,0,0,0,0,0,0,32.7,32.7,32.7
fara-7b,Amazon--0,C7,1,1.0,success,842,842,842,9,9,9,4,4,4,0,0,0,5,5,5,0,0,0,43.8,43.8,43.8
fara-7b,Amazon--0,C8,1,0.0,hit_max_rounds,1110,1110,1110,14,14,14,9,9,9,0,0,0,5,5,5,0,0,0,71.6,71.6,71.6
fara-7b,Amazon--1,C0,1,0.0,hit_max_rounds,787,787,787,53,53,53,48,48,48,0,0,0,0,0,0,0,0,0,56.5,56.5,56.5
fara-7b,Amazon--1,C2,1,0.0,hit_max_rounds,642,642,642,10,10,10,5,5,5,0,0,0,2,2,2,0,0,0,57.3,57.3,57.3
fara-7b,Amazon--1,C5,1,0.0,hit_max_rounds,805,805,805,54,54,54,49,49,49,0,0,0,0,0,0,0,0,0,55.2,55.2,55.2
fara-7b,Amazon--1,C7,1,0.0,hit_max_rounds,650,650,650,10,10,10,5,5,5,0,0,0,2,2,2,0,0,0,57.0,57.0,57.0
fara-7b,Amazon--1,C8,1,0.0,agent_error,405,405,405,9,9,9,5,5,5,0,0,0,0,0,0,0,0,0,26.4,26.4,26.4
fara-7b,Amazon--10,C0,1,0.0,hit_max_rounds,571,571,571,47,47,47,43,43,43,0,0,0,0,0,0,0,0,0,60.2,60.2,60.2
fara-7b,Amazon--10,C2,1,0.0,hit_max_rounds,722,722,722,9,9,9,4,4,4,0,0,0,5,5,5,0,0,0,63.5,63.5,63.5
fara-7b,Amazon--10,C5,1,0.0,hit_max_rounds,849,849,849,30,30,30,26,26,26,0,0,0,0,0,0,0,0,0,58.4,58.4,58.4
fara-7b,Amazon--10,C7,1,0.0,hit_max_rounds,688,688,688,10,10,10,5,5,5,0,0,0,5,5,5,0,0,0,63.8,63.8,63.8
fara-7b,Amazon--10,C8,1,1.0,success,625,625,625,7,7,7,3,3,3,0,0,0,3,3,3,0,0,0,33.7,33.7,33.7
fara-7b,Amazon--11,C0,1,0.0,hit_max_rounds,927,927,927,52,52,52,47,47,47,0,0,0,0,0,0,0,0,0,66.6,66.6,66.6
fara-7b,Amazon--11,C2,1,0.0,hit_max_rounds,746,746,746,13,13,13,8,8,8,0,0,0,4,4,4,0,0,0,63.7,63.7,63.7
fara-7b,Amazon--11,C5,1,0.0,hit_max_rounds,976,976,976,31,31,31,26,26,26,0,0,0,0,0,0,0,0,0,63.3,63.3,63.3
fara-7b,Amazon--11,C7,1,0.0,hit_max_rounds,875,875,875,12,12,12,7,7,7,0,0,0,4,4,4,0,0,0,62.9,62.9,62.9
fara-7b,Amazon--11,C8,1,0.0,hit_max_rounds,853,853,853,9,9,9,4,4,4,0,0,0,4,4,4,0,0,0,62.7,62.7,62.7
fara-7b,Amazon--12,C0,1,0.0,hit_max_rounds,1146,1146,1146,37,37,37,31,31,31,0,0,0,0,0,0,0,0,0,62.5,62.5,62.5
fara-7b,Amazon--12,C2,1,0.0,hit_max_rounds,807,807,807,12,12,12,7,7,7,0,0,0,4,4,4,0,0,0,57.7,57.7,57.7
fara-7b,Amazon--12,C5,1,0.0,hit_max_rounds,1240,1240,1240,63,63,63,57,57,57,0,0,0,0,0,0,0,0,0,59.3,59.3,59.3
fara-7b,Amazon--12,C7,1,0.0,hit_max_rounds,819,819,819,12,12,12,7,7,7,0,0,0,4,4,4,0,0,0,59.1,59.1,59.1
fara-7b,Amazon--12,C8,1,0.0,hit_max_rounds,798,798,798,10,10,10,5,5,5,0,0,0,3,3,3,0,0,0,60.0,60.0,60.0
fara-7b,Amazon--13,C0,1,0.0,hit_max_rounds,815,815,815,31,31,31,26,26,26,0,0,0,0,0,0,0,0,0,67.7,67.7,67.7
fara-7b,Amazon--13,C2,1,0.0,hit_max_rounds,885,885,885,11,11,11,6,6,6,0,0,0,2,2,2,0,0,0,62.8,62.8,62.8
fara-7b,Amazon--13,C5,1,0.0,hit_max_rounds,1140,1140,1140,33,33,33,28,28,28,0,0,0,0,0,0,0,0,0,59.6,59.6,59.6
fara-7b,Amazon--13,C7,1,0.0,hit_max_rounds,975,975,975,10,10,10,5,5,5,0,0,0,3,3,3,0,0,0,60.8,60.8,60.8
fara-7b,Amazon--13,C8,1,0.0,hit_max_rounds,703,703,703,10,10,10,5,5,5,0,0,0,2,2,2,0,0,0,60.0,60.0,60.0
fara-7b,Amazon--14,C0,1,1.0,success,841,841,841,49,49,49,44,44,44,0,0,0,0,0,0,0,0,0,30.0,30.0,30.0
fara-7b,Amazon--14,C2,1,0.0,hit_max_rounds,925,925,925,12,12,12,6,6,6,0,0,0,4,4,4,0,0,0,62.7,62.7,62.7
fara-7b,Amazon--14,C5,1,0.0,hit_max_rounds,752,752,752,34,34,34,29,29,29,0,0,0,0,0,0,0,0,0,57.9,57.9,57.9
fara-7b,Amazon--14,C7,1,1.0,success,712,712,712,9,9,9,4,4,4,0,0,0,3,3,3,0,0,0,29.6,29.6,29.6
fara-7b,Amazon--14,C8,1,1.0,success,809,809,809,15,15,15,9,9,9,0,0,0,3,3,3,0,0,0,46.2,46.2,46.2
fara-7b,Amazon--15,C0,1,0.0,hit_max_rounds,710,710,710,51,51,51,46,46,46,0,0,0,0,0,0,0,0,0,57.3,57.3,57.3
fara-7b,Amazon--15,C2,1,1.0,success,1019,1019,1019,9,9,9,4,4,4,0,0,0,4,4,4,0,0,0,57.0,57.0,57.0
fara-7b,Amazon--15,C5,1,1.0,success,1142,1142,1142,31,31,31,26,26,26,0,0,0,0,0,0,0,0,0,61.5,61.5,61.5
fara-7b,Amazon--15,C7,1,0.0,hit_max_rounds,1028,1028,1028,10,10,10,5,5,5,0,0,0,4,4,4,0,0,0,60.7,60.7,60.7
fara-7b,Amazon--15,C8,1,0.0,hit_max_rounds,628,628,628,10,10,10,5,5,5,0,0,0,2,2,2,0,0,0,55.7,55.7,55.7
fara-7b,Amazon--16,C0,1,0.0,hit_max_rounds,888,888,888,38,38,38,32,32,32,0,0,0,0,0,0,0,0,0,60.5,60.5,60.5
fara-7b,Amazon--16,C2,1,0.0,hit_max_rounds,842,842,842,10,10,10,5,5,5,0,0,0,4,4,4,0,0,0,58.8,58.8,58.8
fara-7b,Amazon--16,C5,1,0.0,hit_max_rounds,1309,1309,1309,57,57,57,52,52,52,0,0,0,0,0,0,0,0,0,60.5,60.5,60.5
fara-7b,Amazon--16,C7,1,0.0,hit_max_rounds,842,842,842,10,10,10,5,5,5,0,0,0,3,3,3,0,0,0,57.3,57.3,57.3
fara-7b,Amazon--16,C8,1,0.0,hit_max_rounds,933,933,933,10,10,10,5,5,5,0,0,0,3,3,3,0,0,0,57.9,57.9,57.9
fara-7b,Amazon--17,C0,1,0.0,hit_max_rounds,1017,1017,1017,52,52,52,48,48,48,0,0,0,0,0,0,0,0,0,62.4,62.4,62.4
fara-7b,Amazon--17,C2,1,0.0,hit_max_rounds,342,342,342,7,7,7,4,4,4,0,0,0,2,2,2,0,0,0,49.2,49.2,49.2
fara-7b,Amazon--17,C5,1,0.0,hit_max_rounds,1081,1081,1081,38,38,38,33,33,33,0,0,0,0,0,0,0,0,0,61.1,61.1,61.1
fara-7b,Amazon--17,C7,1,0.0,hit_max_rounds,342,342,342,7,7,7,4,4,4,0,0,0,2,2,2,0,0,0,48.9,48.9,48.9
fara-7b,Amazon--17,C8,1,0.0,hit_max_rounds,871,871,871,13,13,13,8,8,8,0,0,0,3,3,3,0,0,0,59.5,59.5,59.5
fara-7b,Amazon--18,C0,1,1.0,success,768,768,768,27,27,27,23,23,23,0,0,0,0,0,0,0,0,0,45.5,45.5,45.5
fara-7b,Amazon--18,C2,1,1.0,success,598,598,598,8,8,8,4,4,4,0,0,0,2,2,2,0,0,0,37.2,37.2,37.2
fara-7b,Amazon--18,C5,1,1.0,success,589,589,589,30,30,30,26,26,26,0,0,0,0,0,0,0,0,0,30.0,30.0,30.0
fara-7b,Amazon--18,C7,1,1.0,success,569,569,569,8,8,8,4,4,4,0,0,0,2,2,2,0,0,0,36.2,36.2,36.2
fara-7b,Amazon--18,C8,1,1.0,success,585,585,585,8,8,8,4,4,4,0,0,0,2,2,2,0,0,0,36.9,36.9,36.9
fara-7b,Amazon--19,C0,1,0.0,hit_max_rounds,1049,1049,1049,47,47,47,43,43,43,0,0,0,0,0,0,0,0,0,66.1,66.1,66.1
fara-7b,Amazon--19,C2,1,0.0,hit_max_rounds,806,806,806,8,8,8,4,4,4,0,0,0,3,3,3,0,0,0,60.7,60.7,60.7
fara-7b,Amazon--19,C5,1,0.0,hit_max_rounds,604,604,604,30,30,30,25,25,25,0,0,0,0,0,0,0,0,0,56.8,56.8,56.8
fara-7b,Amazon--19,C7,1,0.0,hit_max_rounds,922,922,922,7,7,7,3,3,3,0,0,0,6,6,6,0,0,0,65.1,65.1,65.1
fara-7b,Amazon--19,C8,1,0.0,hit_max_rounds,531,531,531,8,8,8,4,4,4,0,0,0,2,2,2,0,0,0,57.3,57.3,57.3
fara-7b,Amazon--2,C0,1,0.0,hit_max_rounds,1386,1386,1386,41,41,41,36,36,36,0,0,0,0,0,0,0,0,0,64.0,64.0,64.0
fara-7b,Amazon--2,C2,1,0.0,hit_max_rounds,341,341,341,7,7,7,4,4,4,0,0,0,3,3,3,0,0,0,48.6,48.6,48.6
fara-7b,Amazon--2,C5,1,0.0,hit_max_rounds,1061,1061,1061,40,40,40,34,34,34,0,0,0,0,0,0,0,0,0,53.0,53.0,53.0
fara-7b,Amazon--2,C7,1,1.0,success,973,973,973,11,11,11,6,6,6,0,0,0,5,5,5,0,0,0,60.0,60.0,60.0
fara-7b,Amazon--2,C8,1,0.0,hit_max_rounds,1066,1066,1066,10,10,10,5,5,5,0,0,0,5,5,5,0,0,0,60.2,60.2,60.2
fara-7b,Amazon--20,C0,1,0.0,hit_max_rounds,512,512,512,57,57,57,52,52,52,0,0,0,0,0,0,0,0,0,61.7,61.7,61.7
fara-7b,Amazon--20,C2,1,0.0,hit_max_rounds,339,339,339,7,7,7,4,4,4,0,0,0,3,3,3,0,0,0,49.6,49.6,49.6
fara-7b,Amazon--20,C5,1,0.0,hit_max_rounds,1065,1065,1065,39,39,39,33,33,33,0,0,0,0,0,0,0,0,0,58.1,58.1,58.1
fara-7b,Amazon--20,C7,1,0.0,hit_max_rounds,336,336,336,7,7,7,4,4,4,0,0,0,3,3,3,0,0,0,49.7,49.7,49.7
fara-7b,Amazon--20,C8,1,0.0,hit_max_rounds,647,647,647,11,11,11,6,6,6,0,0,0,2,2,2,0,0,0,56.2,56.2,56.2
fara-7b,Amazon--21,C0,1,1.0,success,740,740,740,48,48,48,43,43,43,0,0,0,0,0,0,0,0,0,38.0,38.0,38.0
fara-7b,Amazon--21,C2,1,0.0,hit_max_rounds,715,715,715,11,11,11,6,6,6,0,0,0,2,2,2,0,0,0,60.0,60.0,60.0
fara-7b,Amazon--21,C5,1,0.0,hit_max_rounds,1313,1313,1313,32,32,32,26,26,26,0,0,0,0,0,0,0,0,0,55.8,55.8,55.8
fara-7b,Amazon--21,C7,1,0.0,hit_max_rounds,961,961,961,14,14,14,8,8,8,0,0,0,3,3,3,0,0,0,60.5,60.5,60.5
fara-7b,Amazon--21,C8,1,0.0,hit_max_rounds,947,947,947,12,12,12,5,5,5,0,0,0,3,3,3,0,0,0,73.5,73.5,73.5
fara-7b,Amazon--22,C0,1,1.0,success,938,938,938,30,30,30,24,24,24,0,0,0,0,0,0,0,0,0,64.5,64.5,64.5
fara-7b,Amazon--22,C2,1,0.0,hit_max_rounds,751,751,751,11,11,11,6,6,6,0,0,0,2,2,2,0,0,0,60.9,60.9,60.9
fara-7b,Amazon--22,C5,1,0.0,hit_max_rounds,727,727,727,33,33,33,28,28,28,0,0,0,0,0,0,0,0,0,58.2,58.2,58.2
fara-7b,Amazon--22,C7,1,0.0,hit_max_rounds,948,948,948,14,14,14,9,9,9,0,0,0,2,2,2,0,0,0,59.0,59.0,59.0
fara-7b,Amazon--22,C8,1,0.0,hit_max_rounds,1018,1018,1018,11,11,11,5,5,5,0,0,0,4,4,4,0,0,0,59.1,59.1,59.1
fara-7b,Amazon--23,C0,1,1.0,success,1199,1199,1199,30,30,30,25,25,25,0,0,0,0,0,0,0,0,0,62.4,62.4,62.4
fara-7b,Amazon--23,C2,1,0.0,agent_error,277,277,277,5,5,5,3,3,3,0,0,0,0,0,0,0,0,0,6.1,6.1,6.1
fara-7b,Amazon--23,C5,1,0.0,hit_max_rounds,836,836,836,32,32,32,27,27,27,0,0,0,0,0,0,0,0,0,56.4,56.4,56.4
fara-7b,Amazon--23,C7,1,0.0,agent_error,281,281,281,5,5,5,3,3,3,0,0,0,0,0,0,0,0,0,5.8,5.8,5.8
fara-7b,Amazon--23,C8,1,0.0,hit_max_rounds,812,812,812,12,12,12,6,6,6,0,0,0,4,4,4,0,0,0,57.9,57.9,57.9
fara-7b,Amazon--24,C0,1,0.0,hit_max_rounds,1117,1117,1117,51,51,51,46,46,46,0,0,0,0,0,0,0,0,0,65.0,65.0,65.0
fara-7b,Amazon--24,C2,1,1.0,success,856,856,856,12,12,12,7,7,7,0,0,0,3,3,3,0,0,0,37.9,37.9,37.9
fara-7b,Amazon--24,C5,1,0.0,hit_max_rounds,839,839,839,32,32,32,27,27,27,0,0,0,0,0,0,0,0,0,58.9,58.9,58.9
fara-7b,Amazon--24,C7,1,1.0,success,1087,1087,1087,12,12,12,7,7,7,0,0,0,4,4,4,0,0,0,57.2,57.2,57.2
fara-7b,Amazon--24,C8,1,0.0,hit_max_rounds,663,663,663,11,11,11,6,6,6,0,0,0,2,2,2,0,0,0,56.3,56.3,56.3
fara-7b,Amazon--25,C0,1,1.0,success,1124,1124,1124,48,48,48,43,43,43,0,0,0,0,0,0,0,0,0,62.0,62.0,62.0
fara-7b,Amazon--25,C2,1,0.0,hit_max_rounds,675,675,675,12,12,12,6,6,6,0,0,0,2,2,2,0,0,0,56.9,56.9,56.9
fara-7b,Amazon--25,C5,1,0.0,hit_max_rounds,733,733,733,29,29,29,24,24,24,0,0,0,0,0,0,0,0,0,60.1,60.1,60.1
fara-7b,Amazon--25,C7,1,0.0,hit_max_rounds,715,715,715,11,11,11,6,6,6,0,0,0,2,2,2,0,0,0,60.6,60.6,60.6
fara-7b,Amazon--25,C8,1,0.0,hit_max_rounds,704,704,704,10,10,10,5,5,5,0,0,0,2,2,2,0,0,0,57.5,57.5,57.5
fara-7b,Amazon--26,C0,1,0.0,hit_max_rounds,827,827,827,34,34,34,28,28,28,0,0,0,0,0,0,0,0,0,62.7,62.7,62.7
fara-7b,Amazon--26,C2,1,1.0,success,861,861,861,10,10,10,4,4,4,0,0,0,4,4,4,0,0,0,35.8,35.8,35.8
fara-7b,Amazon--26,C5,1,1.0,success,1026,1026,1026,55,55,55,50,50,50,0,0,0,0,0,0,0,0,0,35.6,35.6,35.6
fara-7b,Amazon--26,C7,1,0.0,hit_max_rounds,1198,1198,1198,12,12,12,6,6,6,0,0,0,4,4,4,0,0,0,64.3,64.3,64.3
fara-7b,Amazon--26,C8,1,0.0,hit_max_rounds,899,899,899,12,12,12,7,7,7,0,0,0,2,2,2,0,0,0,75.8,75.8,75.8
fara-7b,Amazon--27,C0,1,0.0,hit_max_rounds,970,970,970,51,51,51,45,45,45,0,0,0,0,0,0,0,0,0,72.9,72.9,72.9
fara-7b,Amazon--27,C2,1,1.0,success,843,843,843,10,10,10,5,5,5,0,0,0,3,3,3,0,0,0,45.1,45.1,45.1
fara-7b,Amazon--27,C5,1,0.0,unknown,692,692,692,30,30,30,25,25,25,0,0,0,0,0,0,0,0,0,,,
fara-7b,Amazon--27,C7,1,0.0,hit_max_rounds,1017,1017,1017,10,10,10,5,5,5,0,0,0,4,4,4,0,0,0,61.2,61.2,61.2
fara-7b,Amazon--27,C8,1,1.0,success,802,802,802,11,11,11,6,6,6,0,0,0,3,3,3,0,0,0,42.7,42.7,42.7
fara-7b,Amazon--28,C0,1,0.0,hit_max_rounds,1353,1353,1353,31,31,31,25,25,25,0,0,0,0,0,0,0,0,0,69.9,69.9,69.9
fara-7b,Amazon--28,C2,1,0.0,agent_error,285,285,285,5,5,5,3,3,3,0,0,0,0,0,0,0,0,0,5.9,5.9,5.9
fara-7b,Amazon--28,C5,1,0.0,hit_max_rounds,1160,1160,1160,30,30,30,25,25,25,0,0,0,0,0,0,0,0,0,57.7,57.7,57.7
fara-7b,Amazon--28,C7,1,0.0,agent_error,284,284,284,5,5,5,3,3,3,0,0,0,0,0,0,0,0,0,5.8,5.8,5.8
fara-7b,Amazon--28,C8,1,1.0,success,799,799,799,10,10,10,5,5,5,0,0,0,3,3,3,0,0,0,31.0,31.0,31.0
fara-7b,Amazon--29,C0,1,0.0,hit_max_rounds,745,745,745,51,51,51,46,46,46,0,0,0,0,0,0,0,0,0,61.0,61.0,61.0
fara-7b,Amazon--29,C2,1,1.0,success,816,816,816,11,11,11,5,5,5,0,0,0,4,4,4,0,0,0,31.1,31.1,31.1
fara-7b,Amazon--29,C5,1,0.0,hit_max_rounds,1206,1206,1206,31,31,31,25,25,25,0,0,0,0,0,0,0,0,0,65.8,65.8,65.8
fara-7b,Amazon--29,C7,1,0.0,hit_max_rounds,613,613,613,11,11,11,5,5,5,0,0,0,2,2,2,0,0,0,59.1,59.1,59.1
fara-7b,Amazon--29,C8,1,0.0,hit_max_rounds,616,616,616,12,12,12,7,7,7,0,0,0,2,2,2,0,0,0,58.7,58.7,58.7
fara-7b,Amazon--3,C0,1,1.0,success,1112,1112,1112,79,79,79,73,73,73,0,0,0,0,0,0,0,0,0,64.3,64.3,64.3
fara-7b,Amazon--3,C2,1,1.0,success,616,616,616,11,11,11,6,6,6,0,0,0,2,2,2,0,0,0,55.5,55.5,55.5
fara-7b,Amazon--3,C5,1,0.0,hit_max_rounds,1491,1491,1491,75,75,75,70,70,70,0,0,0,0,0,0,0,0,0,62.8,62.8,62.8
fara-7b,Amazon--3,C7,1,1.0,success,611,611,611,11,11,11,6,6,6,0,0,0,2,2,2,0,0,0,53.8,53.8,53.8
fara-7b,Amazon--3,C8,1,0.0,hit_max_rounds,874,874,874,11,11,11,6,6,6,0,0,0,3,3,3,0,0,0,61.4,61.4,61.4
fara-7b,Amazon--30,C0,1,0.0,hit_max_rounds,659,659,659,50,50,50,45,45,45,0,0,0,0,0,0,0,0,0,62.0,62.0,62.0
fara-7b,Amazon--30,C2,1,0.0,hit_max_rounds,533,533,533,10,10,10,5,5,5,0,0,0,3,3,3,0,0,0,57.7,57.7,57.7
fara-7b,Amazon--30,C5,1,0.0,hit_max_rounds,1003,1003,1003,40,40,40,35,35,35,0,0,0,0,0,0,0,0,0,53.7,53.7,53.7
fara-7b,Amazon--30,C7,1,0.0,hit_max_rounds,524,524,524,10,10,10,5,5,5,0,0,0,3,3,3,0,0,0,58.2,58.2,58.2
fara-7b,Amazon--30,C8,1,0.0,hit_max_rounds,842,842,842,15,15,15,10,10,10,0,0,0,2,2,2,0,0,0,60.8,60.8,60.8
fara-7b,Amazon--31,C0,1,0.0,hit_max_rounds,707,707,707,49,49,49,44,44,44,0,0,0,0,0,0,0,0,0,58.6,58.6,58.6
fara-7b,Amazon--31,C2,1,0.0,hit_max_rounds,572,572,572,13,13,13,8,8,8,0,0,0,3,3,3,0,0,0,57.7,57.7,57.7
fara-7b,Amazon--31,C5,1,0.0,hit_max_rounds,916,916,916,31,31,31,26,26,26,0,0,0,0,0,0,0,0,0,58.1,58.1,58.1
fara-7b,Amazon--31,C7,1,0.0,hit_max_rounds,577,577,577,10,10,10,5,5,5,0,0,0,2,2,2,0,0,0,56.2,56.2,56.2
fara-7b,Amazon--31,C8,1,0.0,hit_max_rounds,654,654,654,11,11,11,6,6,6,0,0,0,3,3,3,0,0,0,66.6,66.6,66.6
fara-7b,Amazon--32,C0,1,1.0,success,1057,1057,1057,31,31,31,26,26,26,0,0,0,0,0,0,0,0,0,61.2,61.2,61.2
fara-7b,Amazon--32,C2,1,0.0,agent_error,277,277,277,5,5,5,3,3,3,0,0,0,0,0,0,0,0,0,6.1,6.1,6.1
fara-7b,Amazon--32,C5,1,0.0,hit_max_rounds,1069,1069,1069,33,33,33,28,28,28,0,0,0,0,0,0,0,0,0,56.6,56.6,56.6
fara-7b,Amazon--32,C7,1,0.0,agent_error,273,273,273,5,5,5,3,3,3,0,0,0,0,0,0,0,0,0,6.2,6.2,6.2
fara-7b,Amazon--32,C8,1,1.0,success,887,887,887,10,10,10,5,5,5,0,0,0,3,3,3,0,0,0,51.1,51.1,51.1
fara-7b,Amazon--33,C0,1,1.0,success,820,820,820,48,48,48,43,43,43,0,0,0,0,0,0,0,0,0,63.2,63.2,63.2
fara-7b,Amazon--33,C2,1,1.0,success,733,733,733,11,11,11,6,6,6,0,0,0,5,5,5,0,0,0,49.7,49.7,49.7
fara-7b,Amazon--33,C5,1,0.0,hit_max_rounds,937,937,937,31,31,31,26,26,26,0,0,0,0,0,0,0,0,0,56.7,56.7,56.7
fara-7b,Amazon--33,C7,1,1.0,success,667,667,667,9,9,9,4,4,4,0,0,0,3,3,3,0,0,0,48.4,48.4,48.4
fara-7b,Amazon--33,C8,1,1.0,success,637,637,637,9,9,9,4,4,4,0,0,0,3,3,3,0,0,0,45.9,45.9,45.9
fara-7b,Amazon--34,C0,1,0.0,hit_max_rounds,1145,1145,1145,32,32,32,27,27,27,0,0,0,0,0,0,0,0,0,64.8,64.8,64.8
fara-7b,Amazon--34,C2,1,0.0,hit_max_rounds,834,834,834,10,10,10,5,5,5,0,0,0,3,3,3,0,0,0,66.8,66.8,66.8
fara-7b,Amazon--34,C5,1,0.0,hit_max_rounds,1020,1020,1020,30,30,30,25,25,25,0,0,0,0,0,0,0,0,0,59.2,59.2,59.2
fara-7b,Amazon--34,C7,1,1.0,success,886,886,886,13,13,13,8,8,8,0,0,0,3,3,3,0,0,0,47.9,47.9,47.9
fara-7b,Amazon--34,C8,1,0.0,hit_max_rounds,1130,1130,1130,11,11,11,5,5,5,0,0,0,6,6,6,0,0,0,64.6,64.6,64.6
fara-7b,Amazon--35,C0,1,0.0,hit_max_rounds,1049,1049,1049,30,30,30,24,24,24,0,0,0,0,0,0,0,0,0,62.5,62.5,62.5
fara-7b,Amazon--35,C2,1,0.0,hit_max_rounds,810,810,810,10,10,10,5,5,5,0,0,0,3,3,3,0,0,0,57.9,57.9,57.9
fara-7b,Amazon--35,C5,1,1.0,success,972,972,972,30,30,30,24,24,24,0,0,0,0,0,0,0,0,0,41.2,41.2,41.2
fara-7b,Amazon--35,C7,1,0.0,hit_max_rounds,907,907,907,12,12,12,6,6,6,0,0,0,3,3,3,0,0,0,61.3,61.3,61.3
fara-7b,Amazon--35,C8,1,0.0,hit_max_rounds,938,938,938,11,11,11,6,6,6,0,0,0,3,3,3,0,0,0,54.5,54.5,54.5
fara-7b,Amazon--36,C0,1,0.0,hit_max_rounds,724,724,724,32,32,32,27,27,27,0,0,0,0,0,0,0,0,0,57.9,57.9,57.9
fara-7b,Amazon--36,C2,1,0.0,hit_max_rounds,578,578,578,13,13,13,8,8,8,0,0,0,2,2,2,0,0,0,56.9,56.9,56.9
fara-7b,Amazon--36,C5,1,0.0,hit_max_rounds,1132,1132,1132,29,29,29,24,24,24,0,0,0,0,0,0,0,0,0,63.2,63.2,63.2
fara-7b,Amazon--36,C7,1,0.0,hit_max_rounds,783,783,783,11,11,11,6,6,6,0,0,0,3,3,3,0,0,0,60.0,60.0,60.0
fara-7b,Amazon--36,C8,1,0.0,hit_max_rounds,677,677,677,12,12,12,7,7,7,0,0,0,2,2,2,0,0,0,61.0,61.0,61.0
fara-7b,Amazon--37,C0,1,1.0,success,970,970,970,34,34,34,28,28,28,0,0,0,0,0,0,0,0,0,49.1,49.1,49.1
fara-7b,Amazon--37,C2,1,1.0,success,876,876,876,17,17,17,10,10,10,0,0,0,3,3,3,0,0,0,39.6,39.6,39.6
fara-7b,Amazon--37,C5,1,1.0,success,910,910,910,29,29,29,24,24,24,0,0,0,0,0,0,0,0,0,40.4,40.4,40.4
fara-7b,Amazon--37,C7,1,1.0,success,802,802,802,11,11,11,5,5,5,0,0,0,3,3,3,0,0,0,33.2,33.2,33.2
fara-7b,Amazon--37,C8,1,1.0,success,837,837,837,13,13,13,8,8,8,0,0,0,3,3,3,0,0,0,48.5,48.5,48.5
fara-7b,Amazon--38,C0,1,1.0,success,1156,1156,1156,58,58,58,53,53,53,0,0,0,0,0,0,0,0,0,60.1,60.1,60.1
fara-7b,Amazon--38,C2,1,1.0,success,773,773,773,10,10,10,5,5,5,0,0,0,3,3,3,0,0,0,31.7,31.7,31.7
fara-7b,Amazon--38,C5,1,1.0,success,946,946,946,30,30,30,25,25,25,0,0,0,0,0,0,0,0,0,60.1,60.1,60.1
fara-7b,Amazon--38,C7,1,1.0,success,643,643,643,11,11,11,6,6,6,0,0,0,1,1,1,0,0,0,38.6,38.6,38.6
fara-7b,Amazon--38,C8,1,0.0,hit_max_rounds,943,943,943,11,11,11,5,5,5,0,0,0,4,4,4,0,0,0,64.1,64.1,64.1
fara-7b,Amazon--39,C0,1,0.0,hit_max_rounds,746,746,746,29,29,29,24,24,24,0,0,0,0,0,0,0,0,0,61.6,61.6,61.6
fara-7b,Amazon--39,C2,1,0.0,hit_max_rounds,1003,1003,1003,12,12,12,7,7,7,0,0,0,2,2,2,0,0,0,60.5,60.5,60.5
fara-7b,Amazon--39,C5,1,1.0,success,1165,1165,1165,31,31,31,25,25,25,0,0,0,0,0,0,0,0,0,54.5,54.5,54.5
fara-7b,Amazon--39,C7,1,1.0,success,760,760,760,10,10,10,5,5,5,0,0,0,3,3,3,0,0,0,31.3,31.3,31.3
fara-7b,Amazon--39,C8,1,1.0,success,866,866,866,14,14,14,8,8,8,0,0,0,3,3,3,0,0,0,25.2,25.2,25.2
fara-7b,Amazon--4,C0,1,0.0,hit_max_rounds,654,654,654,30,30,30,25,25,25,0,0,0,0,0,0,0,0,0,60.3,60.3,60.3
fara-7b,Amazon--4,C2,1,0.0,hit_max_rounds,520,520,520,9,9,9,4,4,4,0,0,0,2,2,2,0,0,0,57.9,57.9,57.9
fara-7b,Amazon--4,C5,1,0.0,hit_max_rounds,614,614,614,52,52,52,47,47,47,0,0,0,0,0,0,0,0,0,59.3,59.3,59.3
fara-7b,Amazon--4,C7,1,0.0,hit_max_rounds,532,532,532,11,11,11,6,6,6,0,0,0,2,2,2,0,0,0,54.7,54.7,54.7
fara-7b,Amazon--4,C8,1,0.0,hit_max_rounds,813,813,813,11,11,11,6,6,6,0,0,0,3,3,3,0,0,0,60.0,60.0,60.0
fara-7b,Amazon--40,C0,1,1.0,success,899,899,899,51,51,51,46,46,46,0,0,0,0,0,0,0,0,0,37.9,37.9,37.9
fara-7b,Amazon--40,C2,1,0.0,hit_max_rounds,329,329,329,7,7,7,4,4,4,0,0,0,3,3,3,0,0,0,49.1,49.1,49.1
fara-7b,Amazon--40,C5,1,0.0,hit_max_rounds,903,903,903,35,35,35,29,29,29,0,0,0,0,0,0,0,0,0,58.0,58.0,58.0
fara-7b,Amazon--40,C7,1,0.0,hit_max_rounds,343,343,343,7,7,7,4,4,4,0,0,0,3,3,3,0,0,0,48.6,48.6,48.6
fara-7b,Amazon--40,C8,1,0.0,hit_max_rounds,1024,1024,1024,11,11,11,5,5,5,0,0,0,14,14,14,0,0,0,59.1,59.1,59.1
fara-7b,Amazon--5,C0,1,0.0,hit_max_rounds,575,575,575,11,11,11,8,8,8,0,0,0,0,0,0,0,0,0,59.0,59.0,59.0
fara-7b,Amazon--5,C2,1,0.0,hit_max_rounds,375,375,375,9,9,9,5,5,5,0,0,0,2,2,2,0,0,0,52.6,52.6,52.6
fara-7b,Amazon--5,C5,1,0.0,hit_max_rounds,680,680,680,11,11,11,8,8,8,0,0,0,0,0,0,0,0,0,62.8,62.8,62.8
fara-7b,Amazon--5,C7,1,0.0,hit_max_rounds,386,386,386,9,9,9,5,5,5,0,0,0,3,3,3,0,0,0,51.7,51.7,51.7
fara-7b,Amazon--5,C8,1,0.0,hit_max_rounds,373,373,373,8,8,8,4,4,4,0,0,0,1,1,1,0,0,0,49.1,49.1,49.1
fara-7b,Amazon--6,C0,1,0.0,hit_max_rounds,653,653,653,54,54,54,49,49,49,0,0,0,0,0,0,0,0,0,61.2,61.2,61.2
fara-7b,Amazon--6,C2,1,0.0,hit_max_rounds,514,514,514,9,9,9,4,4,4,0,0,0,2,2,2,0,0,0,57.0,57.0,57.0
fara-7b,Amazon--6,C5,1,0.0,hit_max_rounds,1013,1013,1013,33,33,33,28,28,28,0,0,0,0,0,0,0,0,0,53.9,53.9,53.9
fara-7b,Amazon--6,C7,1,0.0,hit_max_rounds,843,843,843,11,11,11,6,6,6,0,0,0,4,4,4,0,0,0,62.9,62.9,62.9
fara-7b,Amazon--6,C8,1,0.0,hit_max_rounds,492,492,492,9,9,9,4,4,4,0,0,0,2,2,2,0,0,0,54.0,54.0,54.0
fara-7b,Amazon--7,C0,1,0.0,hit_max_rounds,1061,1061,1061,31,31,31,26,26,26,0,0,0,0,0,0,0,0,0,62.9,62.9,62.9
fara-7b,Amazon--7,C2,1,0.0,hit_max_rounds,867,867,867,10,10,10,5,5,5,0,0,0,3,3,3,0,0,0,60.2,60.2,60.2
fara-7b,Amazon--7,C5,1,0.0,hit_max_rounds,744,744,744,29,29,29,24,24,24,0,0,0,0,0,0,0,0,0,60.3,60.3,60.3
fara-7b,Amazon--7,C7,1,0.0,hit_max_rounds,863,863,863,10,10,10,5,5,5,0,0,0,3,3,3,0,0,0,60.3,60.3,60.3
fara-7b,Amazon--7,C8,1,0.0,hit_max_rounds,913,913,913,10,10,10,5,5,5,0,0,0,3,3,3,0,0,0,60.7,60.7,60.7
fara-7b,Amazon--8,C0,1,0.0,hit_max_rounds,1094,1094,1094,55,55,55,50,50,50,0,0,0,0,0,0,0,0,0,64.5,64.5,64.5
fara-7b,Amazon--8,C2,1,1.0,success,825,825,825,12,12,12,7,7,7,0,0,0,3,3,3,0,0,0,58.8,58.8,58.8
fara-7b,Amazon--8,C5,1,0.0,hit_max_rounds,1048,1048,1048,52,52,52,47,47,47,0,0,0,0,0,0,0,0,0,64.6,64.6,64.6
fara-7b,Amazon--8,C7,1,0.0,hit_max_rounds,807,807,807,13,13,13,8,8,8,0,0,0,3,3,3,0,0,0,60.1,60.1,60.1
fara-7b,Amazon--8,C8,1,0.0,hit_max_rounds,852,852,852,11,11,11,6,6,6,0,0,0,3,3,3,0,0,0,58.9,58.9,58.9
fara-7b,Amazon--9,C0,1,0.0,hit_max_rounds,1401,1401,1401,35,35,35,28,28,28,0,0,0,0,0,0,0,0,0,89.0,89.0,89.0
fara-7b,Amazon--9,C2,1,1.0,success,808,808,808,14,14,14,8,8,8,0,0,0,3,3,3,0,0,0,41.2,41.2,41.2
fara-7b,Amazon--9,C5,1,0.0,hit_max_rounds,1237,1237,1237,37,37,37,32,32,32,0,0,0,0,0,0,0,0,0,61.5,61.5,61.5
fara-7b,Amazon--9,C7,1,1.0,success,794,794,794,12,12,12,6,6,6,0,0,0,3,3,3,0,0,0,39.8,39.8,39.8
fara-7b,Amazon--9,C8,1,1.0,success,769,769,769,11,11,11,5,5,5,0,0,0,3,3,3,0,0,0,39.4,39.4,39.4
fara-7b,Apple--0,C0,1,1.0,success,262,262,262,3,3,3,0,0,0,0,0,0,0,0,0,0,0,0,54.5,54.5,54.5
fara-7b,Apple--0,C2,1,0.0,agent_error,52,52,52,4,4,4,1,1,1,0,0,0,1,1,1,0,0,0,10.9,10.9,10.9
fara-7b,Apple--0,C5,1,1.0,success,246,246,246,3,3,3,0,0,0,0,0,0,0,0,0,0,0,0,47.9,47.9,47.9
fara-7b,Apple--0,C7,1,1.0,success,247,247,247,3,3,3,0,0,0,0,0,0,0,0,0,0,0,0,49.2,49.2,49.2
fara-7b,Apple--0,C8,1,0.0,hit_max_rounds,257,257,257,3,3,3,0,0,0,0,0,0,0,0,0,0,0,0,55.5,55.5,55.5
fara-7b,Apple--1,C0,1,0.0,hit_max_rounds,481,481,481,11,11,11,6,6,6,0,0,0,0,0,0,0,0,0,56.0,56.0,56.0
fara-7b,Apple--1,C2,1,0.0,hit_max_rounds,66,66,66,4,4,4,1,1,1,0,0,0,4,4,4,0,0,0,51.5,51.5,51.5
fara-7b,Apple--1,C5,1,0.0,hit_max_rounds,515,515,515,14,14,14,7,7,7,0,0,0,0,0,0,0,0,0,53.0,53.0,53.0
fara-7b,Apple--1,C7,1,0.0,hit_max_rounds,67,67,67,4,4,4,1,1,1,0,0,0,4,4,4,0,0,0,50.7,50.7,50.7
fara-7b,Apple--1,C8,1,0.0,hit_max_rounds,220,220,220,6,6,6,0,0,0,0,0,0,0,0,0,0,0,0,55.8,55.8,55.8
fara-7b,Apple--10,C0,1,1.0,success,328,328,328,13,13,13,7,7,7,0,0,0,0,0,0,0,0,0,30.9,30.9,30.9
fara-7b,Apple--10,C2,1,0.0,hit_max_rounds,64,64,64,4,4,4,1,1,1,0,0,0,7,7,7,0,0,0,47.4,47.4,47.4
fara-7b,Apple--10,C5,1,1.0,success,265,265,265,10,10,10,7,7,7,0,0,0,0,0,0,0,0,0,22.4,22.4,22.4
fara-7b,Apple--10,C7,1,1.0,success,285,285,285,3,3,3,0,0,0,0,0,0,0,0,0,0,0,0,54.4,54.4,54.4
fara-7b,Apple--10,C8,1,0.0,hit_max_rounds,273,273,273,3,3,3,0,0,0,0,0,0,0,0,0,0,0,0,53.2,53.2,53.2
fara-7b,Apple--11,C0,1,0.0,hit_max_rounds,229,229,229,3,3,3,0,0,0,0,0,0,0,0,0,0,0,0,56.1,56.1,56.1
fara-7b,Apple--11,C2,1,0.0,hit_max_rounds,327,327,327,5,5,5,1,1,1,0,0,0,0,0,0,0,0,0,64.8,64.8,64.8
fara-7b,Apple--11,C5,1,0.0,hit_max_rounds,352,352,352,5,5,5,1,1,1,0,0,0,0,0,0,0,0,0,55.3,55.3,55.3
fara-7b,Apple--11,C7,1,0.0,hit_max_rounds,264,264,264,3,3,3,0,0,0,0,0,0,0,0,0,0,0,0,54.8,54.8,54.8
fara-7b,Apple--11,C8,1,0.0,hit_max_rounds,215,215,215,3,3,3,0,0,0,0,0,0,0,0,0,0,0,0,52.8,52.8,52.8
fara-7b,Apple--12,C0,1,1.0,success,375,375,375,11,11,11,8,8,8,0,0,0,0,0,0,0,0,0,56.9,56.9,56.9
fara-7b,Apple--12,C2,1,0.0,hit_max_rounds,163,163,163,7,7,7,1,1,1,0,0,0,1,1,1,0,0,0,53.0,53.0,53.0
fara-7b,Apple--12,C5,1,1.0,success,306,306,306,14,14,14,8,8,8,0,0,0,0,0,0,0,0,0,50.9,50.9,50.9
fara-7b,Apple--12,C7,1,0.0,hit_max_rounds,164,164,164,7,7,7,1,1,1,0,0,0,1,1,1,0,0,0,53.4,53.4,53.4
fara-7b,Apple--12,C8,1,0.0,hit_max_rounds,275,275,275,12,12,12,4,4,4,0,0,0,0,0,0,0,0,0,53.5,53.5,53.5
fara-7b,Apple--13,C0,1,0.0,hit_max_rounds,366,366,366,9,9,9,6,6,6,0,0,0,0,0,0,0,0,0,53.9,53.9,53.9
fara-7b,Apple--13,C2,1,1.0,success,291,291,291,3,3,3,0,0,0,0,0,0,0,0,0,0,0,0,50.2,50.2,50.2
fara-7b,Apple--13,C5,1,1.0,success,359,359,359,10,10,10,7,7,7,0,0,0,0,0,0,0,0,0,29.0,29.0,29.0
fara-7b,Apple--13,C7,1,0.0,hit_max_rounds,54,54,54,4,4,4,1,1,1,0,0,0,2,2,2,0,0,0,47.0,47.0,47.0
fara-7b,Apple--13,C8,1,0.0,hit_max_rounds,210,210,210,3,3,3,0,0,0,0,0,0,0,0,0,0,0,0,48.0,48.0,48.0
fara-7b,Apple--14,C0,1,0.0,hit_max_rounds,404,404,404,10,10,10,6,6,6,0,0,0,0,0,0,0,0,0,56.5,56.5,56.5
fara-7b,Apple--14,C2,1,0.0,hit_max_rounds,306,306,306,5,5,5,1,1,1,0,0,0,0,0,0,0,0,0,55.8,55.8,55.8
fara-7b,Apple--14,C5,1,0.0,hit_max_rounds,320,320,320,5,5,5,1,1,1,0,0,0,0,0,0,0,0,0,55.6,55.6,55.6
fara-7b,Apple--14,C7,1,0.0,hit_max_rounds,300,300,300,5,5,5,1,1,1,0,0,0,0,0,0,0,0,0,57.3,57.3,57.3
fara-7b,Apple--14,C8,1,0.0,hit_max_rounds,303,303,303,5,5,5,1,1,1,0,0,0,0,0,0,0,0,0,56.9,56.9,56.9
fara-7b,Apple--15,C0,1,0.0,hit_max_rounds,305,305,305,5,5,5,1,1,1,0,0,0,0,0,0,0,0,0,56.2,56.2,56.2
fara-7b,Apple--15,C2,1,0.0,hit_max_rounds,306,306,306,5,5,5,1,1,1,0,0,0,0,0,0,0,0,0,56.7,56.7,56.7
fara-7b,Apple--15,C5,1,0.0,hit_max_rounds,330,330,330,6,6,6,2,2,2,0,0,0,0,0,0,0,0,0,57.9,57.9,57.9
fara-7b,Apple--15,C7,1,0.0,hit_max_rounds,58,58,58,4,4,4,1,1,1,0,0,0,4,4,4,0,0,0,47.2,47.2,47.2
fara-7b,Apple--15,C8,1,0.0,hit_max_rounds,296,296,296,5,5,5,1,1,1,0,0,0,0,0,0,0,0,0,56.7,56.7,56.7
fara-7b,Apple--16,C0,1,1.0,success,140,140,140,3,3,3,0,0,0,0,0,0,0,0,0,0,0,0,34.4,34.4,34.4
fara-7b,Apple--16,C2,1,1.0,success,150,150,150,3,3,3,0,0,0,0,0,0,0,0,0,0,0,0,34.8,34.8,34.8
fara-7b,Apple--16,C5,1,1.0,success,150,150,150,3,3,3,0,0,0,0,0,0,0,0,0,0,0,0,34.4,34.4,34.4
fara-7b,Apple--16,C7,1,0.0,agent_error,54,54,54,4,4,4,1,1,1,0,0,0,2,2,2,0,0,0,17.4,17.4,17.4
fara-7b,Apple--16,C8,1,1.0,success,147,147,147,3,3,3,0,0,0,0,0,0,0,0,0,0,0,0,34.2,34.2,34.2
fara-7b,Apple--17,C0,1,0.0,hit_max_rounds,251,251,251,6,6,6,2,2,2,0,0,0,0,0,0,0,0,0,54.5,54.5,54.5
fara-7b,Apple--17,C2,1,0.0,hit_max_rounds,274,274,274,6,6,6,2,2,2,0,0,0,0,0,0,0,0,0,53.6,53.6,53.6
fara-7b,Apple--17,C5,1,0.0,hit_max_rounds,243,243,243,6,6,6,2,2,2,0,0,0,0,0,0,0,0,0,54.3,54.3,54.3
fara-7b,Apple--17,C7,1,0.0,hit_max_rounds,270,270,270,6,6,6,2,2,2,0,0,0,0,0,0,0,0,0,53.5,53.5,53.5
fara-7b,Apple--17,C8,1,0.0,hit_max_rounds,136,136,136,3,3,3,0,0,0,0,0,0,0,0,0,0,0,0,56.6,56.6,56.6
fara-7b,Apple--18,C0,1,1.0,success,103,103,103,4,4,4,1,1,1,0,0,0,0,0,0,0,0,0,34.6,34.6,34.6
fara-7b,Apple--18,C2,1,1.0,success,171,171,171,5,5,5,1,1,1,0,0,0,0,0,0,0,0,0,36.2,36.2,36.2
fara-7b,Apple--18,C5,1,1.0,success,277,277,277,5,5,5,1,1,1,0,0,0,0,0,0,0,0,0,58.9,58.9,58.9
fara-7b,Apple--18,C7,1,1.0,success,171,171,171,5,5,5,1,1,1,0,0,0,0,0,0,0,0,0,36.4,36.4,36.4
fara-7b,Apple--18,C8,1,0.0,hit_max_rounds,221,221,221,5,5,5,1,1,1,0,0,0,0,0,0,0,0,0,54.6,54.6,54.6
fara-7b,Apple--19,C0,1,0.0,hit_max_rounds,520,520,520,58,58,58,55,55,55,0,0,0,0,0,0,0,0,0,57.8,57.8,57.8
fara-7b,Apple--19,C2,1,0.0,hit_max_rounds,58,58,58,4,4,4,1,1,1,0,0,0,4,4,4,0,0,0,46.0,46.0,46.0
fara-7b,Apple--19,C5,1,0.0,hit_max_rounds,396,396,396,11,11,11,8,8,8,0,0,0,0,0,0,0,0,0,55.3,55.3,55.3
fara-7b,Apple--19,C7,1,0.0,hit_max_rounds,58,58,58,4,4,4,1,1,1,0,0,0,4,4,4,0,0,0,45.5,45.5,45.5
fara-7b,Apple--19,C8,1,0.0,hit_max_rounds,198,198,198,4,4,4,1,1,1,0,0,0,0,0,0,0,0,0,51.3,51.3,51.3
fara-7b,Apple--2,C0,1,0.0,hit_max_rounds,567,567,567,12,12,12,8,8,8,0,0,0,0,0,0,0,0,0,59.2,59.2,59.2
fara-7b,Apple--2,C2,1,0.0,hit_max_rounds,207,207,207,3,3,3,0,0,0,0,0,0,0,0,0,0,0,0,55.9,55.9,55.9
fara-7b,Apple--2,C5,1,1.0,success,190,190,190,3,3,3,0,0,0,0,0,0,0,0,0,0,0,0,48.7,48.7,48.7
fara-7b,Apple--2,C7,1,0.0,hit_max_rounds,60,60,60,4,4,4,1,1,1,0,0,0,5,5,5,0,0,0,48.1,48.1,48.1
fara-7b,Apple--2,C8,1,0.0,hit_max_rounds,147,147,147,3,3,3,0,0,0,0,0,0,0,0,0,0,0,0,50.4,50.4,50.4
fara-7b,Apple--20,C0,1,0.0,hit_max_rounds,162,162,162,5,5,5,2,2,2,0,0,0,0,0,0,0,0,0,56.0,56.0,56.0
fara-7b,Apple--20,C2,1,0.0,hit_max_rounds,231,231,231,7,7,7,2,2,2,0,0,0,1,1,1,0,0,0,58.5,58.5,58.5
fara-7b,Apple--20,C5,1,1.0,success,641,641,641,58,58,58,55,55,55,0,0,0,0,0,0,0,0,0,26.0,26.0,26.0
fara-7b,Apple--20,C7,1,0.0,hit_max_rounds,215,215,215,6,6,6,2,2,2,0,0,0,1,1,1,0,0,0,55.8,55.8,55.8
fara-7b,Apple--20,C8,1,0.0,hit_max_rounds,102,102,102,3,3,3,0,0,0,0,0,0,0,0,0,0,0,0,54.0,54.0,54.0
fara-7b,Apple--21,C0,1,1.0,success,311,311,311,5,5,5,1,1,1,0,0,0,0,0,0,0,0,0,41.8,41.8,41.8
fara-7b,Apple--21,C2,1,1.0,success,311,311,311,5,5,5,1,1,1,0,0,0,0,0,0,0,0,0,47.0,47.0,47.0
fara-7b,Apple--21,C5,1,0.0,hit_max_rounds,536,536,536,10,10,10,6,6,6,0,0,0,0,0,0,0,0,0,58.0,58.0,58.0
fara-7b,Apple--21,C7,1,1.0,success,309,309,309,5,5,5,1,1,1,0,0,0,0,0,0,0,0,0,42.2,42.2,42.2
fara-7b,Apple--21,C8,1,1.0,success,320,320,320,5,5,5,1,1,1,0,0,0,0,0,0,0,0,0,48.0,48.0,48.0
fara-7b,Apple--22,C0,1,1.0,success,108,108,108,4,4,4,1,1,1,0,0,0,0,0,0,0,0,0,46.6,46.6,46.6
fara-7b,Apple--22,C2,1,1.0,success,312,312,312,8,8,8,1,1,1,0,0,0,0,0,0,0,0,0,57.2,57.2,57.2
fara-7b,Apple--22,C5,1,0.0,hit_max_rounds,121,121,121,4,4,4,1,1,1,0,0,0,0,0,0,0,0,0,53.2,53.2,53.2
fara-7b,Apple--22,C7,1,0.0,hit_max_rounds,142,142,142,5,5,5,2,2,2,0,0,0,0,0,0,0,0,0,53.8,53.8,53.8
fara-7b,Apple--22,C8,1,0.0,hit_max_rounds,185,185,185,4,4,4,1,1,1,0,0,0,0,0,0,0,0,0,50.4,50.4,50.4
fara-7b,Apple--23,C0,1,0.0,hit_max_rounds,491,491,491,8,8,8,5,5,5,0,0,0,0,0,0,0,0,0,55.7,55.7,55.7
fara-7b,Apple--23,C2,1,0.0,hit_max_rounds,56,56,56,4,4,4,1,1,1,0,0,0,3,3,3,0,0,0,47.0,47.0,47.0
fara-7b,Apple--23,C5,1,1.0,success,195,195,195,3,3,3,0,0,0,0,0,0,0,0,0,0,0,0,50.6,50.6,50.6
fara-7b,Apple--23,C7,1,0.0,hit_max_rounds,56,56,56,4,4,4,1,1,1,0,0,0,3,3,3,0,0,0,46.7,46.7,46.7
fara-7b,Apple--23,C8,1,1.0,success,211,211,211,3,3,3,0,0,0,0,0,0,0,0,0,0,0,0,55.5,55.5,55.5
fara-7b,Apple--24,C0,1,1.0,success,196,196,196,3,3,3,0,0,0,0,0,0,0,0,0,0,0,0,28.6,28.6,28.6
fara-7b,Apple--24,C2,1,1.0,success,180,180,180,3,3,3,0,0,0,0,0,0,0,0,0,0,0,0,27.8,27.8,27.8
fara-7b,Apple--24,C5,1,1.0,success,194,194,194,3,3,3,0,0,0,0,0,0,0,0,0,0,0,0,29.3,29.3,29.3
fara-7b,Apple--24,C7,1,1.0,success,180,180,180,3,3,3,0,0,0,0,0,0,0,0,0,0,0,0,27.9,27.9,27.9
fara-7b,Apple--24,C8,1,1.0,success,179,179,179,3,3,3,0,0,0,0,0,0,0,0,0,0,0,0,23.6,23.6,23.6
fara-7b,Apple--25,C0,1,0.0,hit_max_rounds,162,162,162,5,5,5,1,1,1,0,0,0,0,0,0,0,0,0,56.1,56.1,56.1
fara-7b,Apple--25,C2,1,0.0,hit_max_rounds,58,58,58,4,4,4,1,1,1,0,0,0,4,4,4,0,0,0,47.1,47.1,47.1
fara-7b,Apple--25,C5,1,0.0,hit_max_rounds,384,384,384,10,10,10,6,6,6,0,0,0,0,0,0,0,0,0,57.5,57.5,57.5
fara-7b,Apple--25,C7,1,0.0,hit_max_rounds,162,162,162,5,5,5,1,1,1,0,0,0,0,0,0,0,0,0,57.6,57.6,57.6
fara-7b,Apple--25,C8,1,0.0,hit_max_rounds,214,214,214,8,8,8,1,1,1,0,0,0,0,0,0,0,0,0,54.4,54.4,54.4
fara-7b,Apple--26,C0,1,0.0,hit_max_rounds,421,421,421,8,8,8,5,5,5,0,0,0,0,0,0,0,0,0,56.2,56.2,56.2
fara-7b,Apple--26,C2,1,0.0,hit_max_rounds,62,62,62,4,4,4,1,1,1,0,0,0,6,6,6,0,0,0,47.5,47.5,47.5
fara-7b,Apple--26,C5,1,0.0,hit_max_rounds,414,414,414,8,8,8,5,5,5,0,0,0,0,0,0,0,0,0,55.9,55.9,55.9
fara-7b,Apple--26,C7,1,0.0,hit_max_rounds,62,62,62,4,4,4,1,1,1,0,0,0,6,6,6,0,0,0,47.6,47.6,47.6
fara-7b,Apple--26,C8,1,0.0,hit_max_rounds,183,183,183,3,3,3,0,0,0,0,0,0,0,0,0,0,0,0,49.0,49.0,49.0
fara-7b,Apple--27,C0,1,1.0,success,250,250,250,5,5,5,1,1,1,0,0,0,0,0,0,0,0,0,49.4,49.4,49.4
fara-7b,Apple--27,C2,1,1.0,success,226,226,226,4,4,4,1,1,1,0,0,0,0,0,0,0,0,0,42.8,42.8,42.8
fara-7b,Apple--27,C5,1,1.0,success,196,196,196,4,4,4,1,1,1,0,0,0,0,0,0,0,0,0,47.8,47.8,47.8
fara-7b,Apple--27,C7,1,0.0,hit_max_rounds,345,345,345,5,5,5,1,1,1,0,0,0,0,0,0,0,0,0,58.5,58.5,58.5
fara-7b,Apple--27,C8,1,1.0,success,203,203,203,4,4,4,1,1,1,0,0,0,0,0,0,0,0,0,47.9,47.9,47.9
fara-7b,Apple--28,C0,1,0.0,hit_max_rounds,253,253,253,4,4,4,1,1,1,0,0,0,0,0,0,0,0,0,54.6,54.6,54.6
fara-7b,Apple--28,C2,1,0.0,hit_max_rounds,204,204,204,4,4,4,1,1,1,0,0,0,1,1,1,0,0,0,50.9,50.9,50.9
fara-7b,Apple--28,C5,1,0.0,hit_max_rounds,258,258,258,4,4,4,1,1,1,0,0,0,0,0,0,0,0,0,54.1,54.1,54.1
fara-7b,Apple--28,C7,1,0.0,hit_max_rounds,222,222,222,4,4,4,1,1,1,0,0,0,1,1,1,0,0,0,51.0,51.0,51.0
fara-7b,Apple--28,C8,1,0.0,hit_max_rounds,49,49,49,3,3,3,0,0,0,0,0,0,0,0,0,0,0,0,53.0,53.0,53.0
fara-7b,Apple--29,C0,1,0.0,hit_max_rounds,287,287,287,3,3,3,0,0,0,0,0,0,0,0,0,0,0,0,54.5,54.5,54.5
fara-7b,Apple--29,C2,1,0.0,hit_max_rounds,280,280,280,3,3,3,0,0,0,0,0,0,0,0,0,0,0,0,54.2,54.2,54.2
fara-7b,Apple--29,C5,1,0.0,hit_max_rounds,276,276,276,3,3,3,0,0,0,0,0,0,0,0,0,0,0,0,53.3,53.3,53.3
fara-7b,Apple--29,C7,1,0.0,hit_max_rounds,289,289,289,3,3,3,0,0,0,0,0,0,0,0,0,0,0,0,53.6,53.6,53.6
fara-7b,Apple--29,C8,1,0.0,hit_max_rounds,272,272,272,3,3,3,0,0,0,0,0,0,0,0,0,0,0,0,53.7,53.7,53.7
fara-7b,Apple--3,C0,1,0.0,hit_max_rounds,287,287,287,10,10,10,7,7,7,0,0,0,0,0,0,0,0,0,55.0,55.0,55.0
fara-7b,Apple--3,C2,1,1.0,success,137,137,137,3,3,3,0,0,0,0,0,0,0,0,0,0,0,0,35.3,35.3,35.3
fara-7b,Apple--3,C5,1,0.0,hit_max_rounds,308,308,308,11,11,11,8,8,8,0,0,0,0,0,0,0,0,0,54.9,54.9,54.9
fara-7b,Apple--3,C7,1,1.0,success,154,154,154,4,4,4,1,1,1,0,0,0,1,1,1,0,0,0,46.0,46.0,46.0
fara-7b,Apple--3,C8,1,1.0,success,152,152,152,3,3,3,0,0,0,0,0,0,0,0,0,0,0,0,35.1,35.1,35.1
fara-7b,Apple--30,C0,1,1.0,success,318,318,318,5,5,5,1,1,1,0,0,0,0,0,0,0,0,0,48.8,48.8,48.8
fara-7b,Apple--30,C2,1,1.0,success,309,309,309,5,5,5,1,1,1,0,0,0,0,0,0,0,0,0,49.3,49.3,49.3
fara-7b,Apple--30,C5,1,1.0,success,317,317,317,5,5,5,1,1,1,0,0,0,0,0,0,0,0,0,47.4,47.4,47.4
fara-7b,Apple--30,C7,1,1.0,success,317,317,317,5,5,5,1,1,1,0,0,0,0,0,0,0,0,0,44.7,44.7,44.7
fara-7b,Apple--30,C8,1,0.0,hit_max_rounds,316,316,316,5,5,5,1,1,1,0,0,0,0,0,0,0,0,0,54.4,54.4,54.4
fara-7b,Apple--31,C0,1,1.0,success,336,336,336,8,8,8,5,5,5,0,0,0,0,0,0,0,0,0,33.5,33.5,33.5
fara-7b,Apple--31,C2,1,0.0,hit_max_rounds,56,56,56,4,4,4,1,1,1,0,0,0,3,3,3,0,0,0,46.8,46.8,46.8
fara-7b,Apple--31,C5,1,1.0,success,387,387,387,8,8,8,5,5,5,0,0,0,0,0,0,0,0,0,40.3,40.3,40.3
fara-7b,Apple--31,C7,1,0.0,hit_max_rounds,56,56,56,4,4,4,1,1,1,0,0,0,3,3,3,0,0,0,47.0,47.0,47.0
fara-7b,Apple--31,C8,1,1.0,success,129,129,129,3,3,3,0,0,0,0,0,0,0,0,0,0,0,0,31.4,31.4,31.4
fara-7b,Apple--32,C0,1,0.0,hit_max_rounds,122,122,122,4,4,4,1,1,1,0,0,0,0,0,0,0,0,0,55.6,55.6,55.6
fara-7b,Apple--32,C2,1,0.0,hit_max_rounds,54,54,54,4,4,4,1,1,1,0,0,0,2,2,2,0,0,0,55.9,55.9,55.9
fara-7b,Apple--32,C5,1,0.0,hit_max_rounds,136,136,136,4,4,4,1,1,1,0,0,0,0,0,0,0,0,0,57.1,57.1,57.1
fara-7b,Apple--32,C7,1,0.0,hit_max_rounds,54,54,54,4,4,4,1,1,1,0,0,0,2,2,2,0,0,0,50.7,50.7,50.7
fara-7b,Apple--32,C8,1,0.0,hit_max_rounds,195,195,195,4,4,4,1,1,1,0,0,0,0,0,0,0,0,0,53.4,53.4,53.4
fara-7b,Apple--33,C0,1,0.0,hit_max_rounds,289,289,289,3,3,3,0,0,0,0,0,0,0,0,0,0,0,0,53.3,53.3,53.3
fara-7b,Apple--33,C2,1,1.0,success,335,335,335,5,5,5,1,1,1,0,0,0,0,0,0,0,0,0,49.1,49.1,49.1
fara-7b,Apple--33,C5,1,0.0,hit_max_rounds,298,298,298,3,3,3,0,0,0,0,0,0,0,0,0,0,0,0,52.9,52.9,52.9
fara-7b,Apple--33,C7,1,0.0,hit_max_rounds,284,284,284,3,3,3,0,0,0,0,0,0,0,0,0,0,0,0,54.4,54.4,54.4
fara-7b,Apple--33,C8,1,0.0,hit_max_rounds,274,274,274,3,3,3,0,0,0,0,0,0,0,0,0,0,0,0,52.2,52.2,52.2
fara-7b,Apple--34,C0,1,0.0,hit_max_rounds,782,782,782,81,81,81,78,78,78,0,0,0,0,0,0,0,0,0,60.7,60.7,60.7
fara-7b,Apple--34,C2,1,1.0,success,157,157,157,3,3,3,0,0,0,0,0,0,0,0,0,0,0,0,56.5,56.5,56.5
fara-7b,Apple--34,C5,1,1.0,success,151,151,151,3,3,3,0,0,0,0,0,0,0,0,0,0,0,0,38.0,38.0,38.0
fara-7b,Apple--34,C7,1,1.0,success,160,160,160,4,4,4,1,1,1,0,0,0,1,1,1,0,0,0,48.8,48.8,48.8
fara-7b,Apple--34,C8,1,0.0,hit_max_rounds,135,135,135,5,5,5,2,2,2,0,0,0,0,0,0,0,0,0,61.0,61.0,61.0
fara-7b,Apple--35,C0,1,1.0,success,285,285,285,5,5,5,1,1,1,0,0,0,0,0,0,0,0,0,34.9,34.9,34.9
fara-7b,Apple--35,C2,1,1.0,success,233,233,233,4,4,4,1,1,1,0,0,0,0,0,0,0,0,0,47.7,47.7,47.7
fara-7b,Apple--35,C5,1,0.0,hit_max_rounds,406,406,406,6,6,6,2,2,2,0,0,0,0,0,0,0,0,0,59.4,59.4,59.4
fara-7b,Apple--35,C7,1,1.0,success,176,176,176,5,5,5,1,1,1,0,0,0,0,0,0,0,0,0,27.9,27.9,27.9
fara-7b,Apple--35,C8,1,1.0,success,184,184,184,5,5,5,1,1,1,0,0,0,0,0,0,0,0,0,42.1,42.1,42.1
fara-7b,Apple--36,C0,1,0.0,hit_max_rounds,227,227,227,11,11,11,1,1,1,0,0,0,0,0,0,0,0,0,54.3,54.3,54.3
fara-7b,Apple--36,C2,1,0.0,hit_max_rounds,58,58,58,4,4,4,1,1,1,0,0,0,4,4,4,0,0,0,52.0,52.0,52.0
fara-7b,Apple--36,C5,1,0.0,hit_max_rounds,234,234,234,12,12,12,1,1,1,0,0,0,0,0,0,0,0,0,52.9,52.9,52.9
fara-7b,Apple--36,C7,1,0.0,hit_max_rounds,58,58,58,4,4,4,1,1,1,0,0,0,4,4,4,0,0,0,58.4,58.4,58.4
fara-7b,Apple--36,C8,1,0.0,hit_max_rounds,237,237,237,11,11,11,1,1,1,0,0,0,0,0,0,0,0,0,54.4,54.4,54.4
fara-7b,Apple--37,C0,1,1.0,success,160,160,160,3,3,3,0,0,0,0,0,0,0,0,0,0,0,0,47.0,47.0,47.0
fara-7b,Apple--37,C2,1,1.0,success,150,150,150,3,3,3,0,0,0,0,0,0,0,0,0,0,0,0,46.1,46.1,46.1
fara-7b,Apple--37,C5,1,0.0,hit_max_rounds,174,174,174,3,3,3,0,0,0,0,0,0,0,0,0,0,0,0,56.0,56.0,56.0
fara-7b,Apple--37,C7,1,1.0,success,136,136,136,3,3,3,0,0,0,0,0,0,0,0,0,0,0,0,34.8,34.8,34.8
fara-7b,Apple--37,C8,1,0.0,hit_max_rounds,172,172,172,4,4,4,1,1,1,0,0,0,0,0,0,0,0,0,53.0,53.0,53.0
fara-7b,Apple--38,C0,1,1.0,success,304,304,304,11,11,11,8,8,8,0,0,0,0,0,0,0,0,0,24.5,24.5,24.5
fara-7b,Apple--38,C2,1,0.0,hit_max_rounds,163,163,163,6,6,6,2,2,2,0,0,0,2,2,2,0,0,0,54.1,54.1,54.1
fara-7b,Apple--38,C5,1,1.0,success,371,371,371,11,11,11,8,8,8,0,0,0,0,0,0,0,0,0,25.7,25.7,25.7
fara-7b,Apple--38,C7,1,0.0,hit_max_rounds,158,158,158,6,6,6,2,2,2,0,0,0,2,2,2,0,0,0,52.5,52.5,52.5
fara-7b,Apple--38,C8,1,0.0,hit_max_rounds,204,204,204,6,6,6,2,2,2,0,0,0,0,0,0,0,0,0,52.0,52.0,52.0
fara-7b,Apple--39,C0,1,1.0,success,401,401,401,13,13,13,6,6,6,0,0,0,0,0,0,0,0,0,54.2,54.2,54.2
fara-7b,Apple--39,C2,1,1.0,success,128,128,128,9,9,9,2,2,2,0,0,0,1,1,1,0,0,0,34.2,34.2,34.2
fara-7b,Apple--39,C5,1,0.0,hit_max_rounds,131,131,131,8,8,8,1,1,1,0,0,0,0,0,0,0,0,0,59.4,59.4,59.4
fara-7b,Apple--39,C7,1,1.0,success,125,125,125,9,9,9,2,2,2,0,0,0,1,1,1,0,0,0,34.0,34.0,34.0
fara-7b,Apple--39,C8,1,0.0,hit_max_rounds,90,90,90,4,4,4,1,1,1,0,0,0,0,0,0,0,0,0,54.7,54.7,54.7
fara-7b,Apple--4,C0,1,0.0,hit_max_rounds,313,313,313,5,5,5,1,1,1,0,0,0,0,0,0,0,0,0,53.6,53.6,53.6
fara-7b,Apple--4,C2,1,0.0,hit_max_rounds,56,56,56,4,4,4,1,1,1,0,0,0,3,3,3,0,0,0,48.8,48.8,48.8
fara-7b,Apple--4,C5,1,0.0,hit_max_rounds,316,316,316,5,5,5,1,1,1,0,0,0,0,0,0,0,0,0,56.1,56.1,56.1
fara-7b,Apple--4,C7,1,0.0,hit_max_rounds,56,56,56,4,4,4,1,1,1,0,0,0,3,3,3,0,0,0,49.0,49.0,49.0
fara-7b,Apple--4,C8,1,0.0,hit_max_rounds,297,297,297,5,5,5,1,1,1,0,0,0,0,0,0,0,0,0,55.5,55.5,55.5
fara-7b,Apple--40,C0,1,0.0,hit_max_rounds,120,120,120,3,3,3,0,0,0,0,0,0,0,0,0,0,0,0,51.5,51.5,51.5
fara-7b,Apple--40,C2,1,0.0,hit_max_rounds,86,86,86,4,4,4,1,1,1,0,0,0,1,1,1,0,0,0,49.5,49.5,49.5
fara-7b,Apple--40,C5,1,0.0,hit_max_rounds,114,114,114,3,3,3,0,0,0,0,0,0,0,0,0,0,0,0,49.8,49.8,49.8
fara-7b,Apple--40,C7,1,0.0,hit_max_rounds,77,77,77,4,4,4,1,1,1,0,0,0,1,1,1,0,0,0,50.0,50.0,50.0
fara-7b,Apple--40,C8,1,0.0,hit_max_rounds,49,49,49,3,3,3,0,0,0,0,0,0,0,0,0,0,0,0,52.2,52.2,52.2
fara-7b,Apple--41,C0,1,0.0,hit_max_rounds,334,334,334,5,5,5,1,1,1,0,0,0,0,0,0,0,0,0,55.2,55.2,55.2
fara-7b,Apple--41,C2,1,0.0,hit_max_rounds,60,60,60,4,4,4,1,1,1,0,0,0,5,5,5,0,0,0,48.3,48.3,48.3
fara-7b,Apple--41,C5,1,0.0,hit_max_rounds,329,329,329,5,5,5,1,1,1,0,0,0,0,0,0,0,0,0,58.0,58.0,58.0
fara-7b,Apple--41,C7,1,0.0,hit_max_rounds,60,60,60,4,4,4,1,1,1,0,0,0,5,5,5,0,0,0,47.0,47.0,47.0
fara-7b,Apple--41,C8,1,0.0,hit_max_rounds,49,49,49,3,3,3,0,0,0,0,0,0,0,0,0,0,0,0,52.7,52.7,52.7
fara-7b,Apple--42,C0,1,0.0,hit_max_rounds,376,376,376,11,11,11,8,8,8,0,0,0,0,0,0,0,0,0,55.9,55.9,55.9
fara-7b,Apple--42,C2,1,0.0,hit_max_rounds,290,290,290,8,8,8,1,1,1,0,0,0,1,1,1,0,0,0,57.9,57.9,57.9
fara-7b,Apple--42,C5,1,0.0,hit_max_rounds,154,154,154,7,7,7,0,0,0,0,0,0,0,0,0,0,0,0,52.9,52.9,52.9
fara-7b,Apple--42,C7,1,0.0,hit_max_rounds,250,250,250,7,7,7,1,1,1,0,0,0,1,1,1,0,0,0,58.4,58.4,58.4
fara-7b,Apple--42,C8,1,0.0,hit_max_rounds,153,153,153,3,3,3,0,0,0,0,0,0,0,0,0,0,0,0,54.3,54.3,54.3
fara-7b,Apple--5,C0,1,1.0,success,269,269,269,10,10,10,7,7,7,0,0,0,0,0,0,0,0,0,21.4,21.4,21.4
fara-7b,Apple--5,C2,1,0.0,hit_max_rounds,243,243,243,6,6,6,2,2,2,0,0,0,1,1,1,0,0,0,53.8,53.8,53.8
fara-7b,Apple--5,C5,1,1.0,success,394,394,394,11,11,11,8,8,8,0,0,0,0,0,0,0,0,0,55.7,55.7,55.7
fara-7b,Apple--5,C7,1,1.0,success,255,255,255,6,6,6,2,2,2,0,0,0,2,2,2,0,0,0,52.9,52.9,52.9
fara-7b,Apple--5,C8,1,0.0,hit_max_rounds,272,272,272,5,5,5,1,1,1,0,0,0,0,0,0,0,0,0,55.0,55.0,55.0
fara-7b,Apple--6,C0,1,1.0,success,145,145,145,3,3,3,0,0,0,0,0,0,0,0,0,0,0,0,28.1,28.1,28.1
fara-7b,Apple--6,C2,1,1.0,success,132,132,132,3,3,3,0,0,0,0,0,0,0,0,0,0,0,0,23.1,23.1,23.1
fara-7b,Apple--6,C5,1,0.0,hit_max_rounds,115,115,115,3,3,3,0,0,0,0,0,0,0,0,0,0,0,0,52.0,52.0,52.0
fara-7b,Apple--6,C7,1,1.0,success,147,147,147,3,3,3,0,0,0,0,0,0,0,0,0,0,0,0,23.1,23.1,23.1
fara-7b,Apple--6,C8,1,1.0,success,133,133,133,3,3,3,0,0,0,0,0,0,0,0,0,0,0,0,28.3,28.3,28.3
fara-7b,Apple--7,C0,1,1.0,success,268,268,268,10,10,10,7,7,7,0,0,0,0,0,0,0,0,0,55.4,55.4,55.4
fara-7b,Apple--7,C2,1,0.0,hit_max_rounds,149,149,149,6,6,6,2,2,2,0,0,0,0,0,0,0,0,0,64.2,64.2,64.2
fara-7b,Apple--7,C5,1,0.0,hit_max_rounds,157,157,157,6,6,6,2,2,2,0,0,0,0,0,0,0,0,0,52.2,52.2,52.2
fara-7b,Apple--7,C7,1,0.0,hit_max_rounds,150,150,150,6,6,6,2,2,2,0,0,0,0,0,0,0,0,0,53.7,53.7,53.7
fara-7b,Apple--7,C8,1,0.0,hit_max_rounds,116,116,116,4,4,4,1,1,1,0,0,0,0,0,0,0,0,0,51.8,51.8,51.8
fara-7b,Apple--8,C0,1,0.0,hit_max_rounds,210,210,210,3,3,3,0,0,0,0,0,0,0,0,0,0,0,0,53.5,53.5,53.5
fara-7b,Apple--8,C2,1,0.0,hit_max_rounds,60,60,60,4,4,4,1,1,1,0,0,0,5,5,5,0,0,0,46.7,46.7,46.7
fara-7b,Apple--8,C5,1,0.0,hit_max_rounds,345,345,345,10,10,10,7,7,7,0,0,0,0,0,0,0,0,0,58.5,58.5,58.5
fara-7b,Apple--8,C7,1,0.0,hit_max_rounds,60,60,60,4,4,4,1,1,1,0,0,0,5,5,5,0,0,0,47.8,47.8,47.8
fara-7b,Apple--8,C8,1,1.0,success,183,183,183,3,3,3,0,0,0,0,0,0,0,0,0,0,0,0,50.9,50.9,50.9
fara-7b,Apple--9,C0,1,0.0,hit_max_rounds,302,302,302,10,10,10,7,7,7,0,0,0,0,0,0,0,0,0,56.8,56.8,56.8
fara-7b,Apple--9,C2,1,0.0,hit_max_rounds,271,271,271,5,5,5,1,1,1,0,0,0,0,0,0,0,0,0,58.0,58.0,58.0
fara-7b,Apple--9,C5,1,0.0,hit_max_rounds,289,289,289,6,6,6,2,2,2,0,0,0,0,0,0,0,0,0,57.6,57.6,57.6
fara-7b,Apple--9,C7,1,0.0,hit_max_rounds,349,349,349,10,10,10,5,5,5,0,0,0,0,0,0,0,0,0,57.9,57.9,57.9
fara-7b,Apple--9,C8,1,0.0,hit_max_rounds,265,265,265,5,5,5,1,1,1,0,0,0,0,0,0,0,0,0,55.7,55.7,55.7
fara-7b,ArXiv--0,C0,1,1.0,success,55,55,55,5,5,5,3,3,3,0,0,0,0,0,0,0,0,0,22.5,22.5,22.5
fara-7b,ArXiv--0,C2,1,1.0,success,221,221,221,5,5,5,3,3,3,0,0,0,0,0,0,0,0,0,35.3,35.3,35.3
fara-7b,ArXiv--0,C5,1,1.0,success,33,33,33,2,2,2,0,0,0,0,0,0,0,0,0,0,0,0,30.2,30.2,30.2
fara-7b,ArXiv--0,C7,1,1.0,success,219,219,219,5,5,5,3,3,3,0,0,0,0,0,0,0,0,0,34.8,34.8,34.8
fara-7b,ArXiv--0,C8,1,1.0,success,221,221,221,5,5,5,3,3,3,0,0,0,0,0,0,0,0,0,35.5,35.5,35.5
fara-7b,ArXiv--1,C0,1,0.0,hit_max_rounds,246,246,246,13,13,13,11,11,11,0,0,0,0,0,0,0,0,0,60.2,60.2,60.2
fara-7b,ArXiv--1,C2,1,0.0,hit_max_rounds,66,66,66,5,5,5,3,3,3,0,0,0,0,0,0,0,0,0,58.9,58.9,58.9
fara-7b,ArXiv--1,C5,1,0.0,hit_max_rounds,31,31,31,2,2,2,0,0,0,0,0,0,0,0,0,0,0,0,57.1,57.1,57.1
fara-7b,ArXiv--1,C7,1,0.0,hit_max_rounds,66,66,66,5,5,5,3,3,3,0,0,0,0,0,0,0,0,0,58.9,58.9,58.9
fara-7b,ArXiv--1,C8,1,1.0,success,179,179,179,5,5,5,3,3,3,0,0,0,0,0,0,0,0,0,59.7,59.7,59.7
fara-7b,ArXiv--10,C0,1,1.0,success,60,60,60,9,9,9,6,6,6,0,0,0,0,0,0,0,0,0,28.8,28.8,28.8
fara-7b,ArXiv--10,C2,1,1.0,success,56,56,56,9,9,9,6,6,6,0,0,0,0,0,0,0,0,0,29.9,29.9,29.9
fara-7b,ArXiv--10,C5,1,1.0,success,58,58,58,9,9,9,6,6,6,0,0,0,0,0,0,0,0,0,29.4,29.4,29.4
fara-7b,ArXiv--10,C7,1,1.0,success,53,53,53,9,9,9,6,6,6,0,0,0,0,0,0,0,0,0,29.4,29.4,29.4
fara-7b,ArXiv--10,C8,1,1.0,success,58,58,58,9,9,9,6,6,6,0,0,0,0,0,0,0,0,0,29.3,29.3,29.3
fara-7b,ArXiv--11,C0,1,1.0,success,211,211,211,16,16,16,13,13,13,0,0,0,0,0,0,0,0,0,24.8,24.8,24.8
fara-7b,ArXiv--11,C2,1,0.0,hit_max_rounds,24,24,24,2,2,2,1,1,1,0,0,0,5,5,5,0,0,0,47.7,47.7,47.7
fara-7b,ArXiv--11,C5,1,1.0,success,68,68,68,9,9,9,6,6,6,0,0,0,0,0,0,0,0,0,35.5,35.5,35.5
fara-7b,ArXiv--11,C7,1,0.0,hit_max_rounds,24,24,24,2,2,2,1,1,1,0,0,0,5,5,5,0,0,0,46.9,46.9,46.9
fara-7b,ArXiv--11,C8,1,1.0,success,61,61,61,9,9,9,6,6,6,0,0,0,0,0,0,0,0,0,35.5,35.5,35.5
fara-7b,ArXiv--12,C0,1,1.0,success,86,86,86,9,9,9,6,6,6,0,0,0,0,0,0,0,0,0,52.9,52.9,52.9
fara-7b,ArXiv--12,C2,1,1.0,success,80,80,80,9,9,9,6,6,6,0,0,0,0,0,0,0,0,0,36.6,36.6,36.6
fara-7b,ArXiv--12,C5,1,1.0,success,77,77,77,9,9,9,6,6,6,0,0,0,0,0,0,0,0,0,35.8,35.8,35.8
fara-7b,ArXiv--12,C7,1,1.0,success,74,74,74,9,9,9,6,6,6,0,0,0,0,0,0,0,0,0,36.5,36.5,36.5
fara-7b,ArXiv--12,C8,1,1.0,success,84,84,84,9,9,9,6,6,6,0,0,0,0,0,0,0,0,0,49.9,49.9,49.9
fara-7b,ArXiv--13,C0,1,1.0,success,15,15,15,1,1,1,0,0,0,0,0,0,0,0,0,0,0,0,26.3,26.3,26.3
fara-7b,ArXiv--13,C2,1,1.0,success,55,55,55,5,5,5,3,3,3,0,0,0,0,0,0,0,0,0,21.5,21.5,21.5
fara-7b,ArXiv--13,C5,1,1.0,success,77,77,77,5,5,5,3,3,3,0,0,0,0,0,0,0,0,0,28.5,28.5,28.5
fara-7b,ArXiv--13,C7,1,1.0,success,55,55,55,5,5,5,3,3,3,0,0,0,0,0,0,0,0,0,21.7,21.7,21.7
fara-7b,ArXiv--13,C8,1,1.0,success,57,57,57,5,5,5,3,3,3,0,0,0,0,0,0,0,0,0,21.9,21.9,21.9
fara-7b,ArXiv--14,C0,1,1.0,success,15,15,15,1,1,1,0,0,0,0,0,0,0,0,0,0,0,0,21.2,21.2,21.2
fara-7b,ArXiv--14,C2,1,1.0,success,95,95,95,5,5,5,3,3,3,0,0,0,0,0,0,0,0,0,35.5,35.5,35.5
fara-7b,ArXiv--14,C5,1,1.0,success,37,37,37,5,5,5,3,3,3,0,0,0,0,0,0,0,0,0,50.1,50.1,50.1
fara-7b,ArXiv--14,C7,1,1.0,success,63,63,63,5,5,5,3,3,3,0,0,0,0,0,0,0,0,0,42.9,42.9,42.9
fara-7b,ArXiv--14,C8,1,1.0,success,72,72,72,5,5,5,3,3,3,0,0,0,0,0,0,0,0,0,61.7,61.7,61.7
fara-7b,ArXiv--15,C0,1,1.0,success,14,14,14,1,1,1,0,0,0,0,0,0,0,0,0,0,0,0,28.2,28.2,28.2
fara-7b,ArXiv--15,C2,1,1.0,success,39,39,39,5,5,5,3,3,3,0,0,0,0,0,0,0,0,0,29.9,29.9,29.9
fara-7b,ArXiv--15,C5,1,0.0,hit_max_rounds,36,36,36,5,5,5,3,3,3,0,0,0,0,0,0,0,0,0,58.7,58.7,58.7
fara-7b,ArXiv--15,C7,1,0.0,hit_max_rounds,175,175,175,5,5,5,3,3,3,0,0,0,0,0,0,0,0,0,57.5,57.5,57.5
fara-7b,ArXiv--15,C8,1,1.0,success,46,46,46,5,5,5,3,3,3,0,0,0,0,0,0,0,0,0,43.0,43.0,43.0
fara-7b,ArXiv--16,C0,1,1.0,success,42,42,42,4,4,4,2,2,2,0,0,0,0,0,0,0,0,0,28.9,28.9,28.9
fara-7b,ArXiv--16,C2,1,1.0,success,41,41,41,4,4,4,2,2,2,0,0,0,0,0,0,0,0,0,29.1,29.1,29.1
fara-7b,ArXiv--16,C5,1,1.0,success,41,41,41,4,4,4,2,2,2,0,0,0,0,0,0,0,0,0,28.7,28.7,28.7
fara-7b,ArXiv--16,C7,1,1.0,success,41,41,41,4,4,4,2,2,2,0,0,0,0,0,0,0,0,0,28.9,28.9,28.9
fara-7b,ArXiv--16,C8,1,1.0,success,41,41,41,4,4,4,2,2,2,0,0,0,0,0,0,0,0,0,34.7,34.7,34.7
fara-7b,ArXiv--17,C0,1,1.0,success,181,181,181,8,8,8,7,7,7,0,0,0,0,0,0,0,0,0,45.3,45.3,45.3
fara-7b,ArXiv--17,C2,1,0.0,hit_max_rounds,95,95,95,7,7,7,5,5,5,0,0,0,1,1,1,0,0,0,58.0,58.0,58.0
fara-7b,ArXiv--17,C5,1,1.0,success,249,249,249,13,13,13,11,11,11,0,0,0,0,0,0,0,0,0,53.9,53.9,53.9
fara-7b,ArXiv--17,C7,1,0.0,hit_max_rounds,79,79,79,7,7,7,5,5,5,0,0,0,1,1,1,0,0,0,55.4,55.4,55.4
fara-7b,ArXiv--17,C8,1,0.0,hit_max_rounds,79,79,79,6,6,6,4,4,4,0,0,0,0,0,0,0,0,0,57.7,57.7,57.7
fara-7b,ArXiv--18,C0,1,0.0,agent_error,17,17,17,1,1,1,0,0,0,0,0,0,0,0,0,0,0,0,25.5,25.5,25.5
fara-7b,ArXiv--18,C2,1,0.0,hit_max_rounds,72,72,72,6,6,6,4,4,4,0,0,0,0,0,0,0,0,0,55.9,55.9,55.9
fara-7b,ArXiv--18,C5,1,0.0,hit_max_rounds,42,42,42,4,4,4,2,2,2,0,0,0,0,0,0,0,0,0,54.3,54.3,54.3
fara-7b,ArXiv--18,C7,1,0.0,hit_max_rounds,73,73,73,6,6,6,4,4,4,0,0,0,0,0,0,0,0,0,52.6,52.6,52.6
fara-7b,ArXiv--18,C8,1,0.0,hit_max_rounds,71,71,71,6,6,6,4,4,4,0,0,0,0,0,0,0,0,0,58.2,58.2,58.2
fara-7b,ArXiv--19,C0,1,0.0,hit_max_rounds,318,318,318,26,26,26,24,24,24,0,0,0,0,0,0,0,0,0,59.6,59.6,59.6
fara-7b,ArXiv--19,C2,1,0.0,hit_max_rounds,21,21,21,3,3,3,2,2,2,0,0,0,3,3,3,0,0,0,47.5,47.5,47.5
fara-7b,ArXiv--19,C5,1,1.0,success,129,129,129,15,15,15,14,14,14,0,0,0,0,0,0,0,0,0,56.3,56.3,56.3
fara-7b,ArXiv--19,C7,1,0.0,hit_max_rounds,21,21,21,3,3,3,2,2,2,0,0,0,3,3,3,0,0,0,47.7,47.7,47.7
fara-7b,ArXiv--19,C8,1,0.0,hit_max_rounds,16,16,16,2,2,2,1,1,1,0,0,0,1,1,1,0,0,0,34.9,34.9,34.9
fara-7b,ArXiv--2,C0,1,1.0,success,90,90,90,5,5,5,3,3,3,0,0,0,0,0,0,0,0,0,30.7,30.7,30.7
fara-7b,ArXiv--2,C2,1,1.0,success,109,109,109,5,5,5,3,3,3,0,0,0,0,0,0,0,0,0,30.2,30.2,30.2
fara-7b,ArXiv--2,C5,1,1.0,success,104,104,104,5,5,5,3,3,3,0,0,0,0,0,0,0,0,0,30.4,30.4,30.4
fara-7b,ArXiv--2,C7,1,1.0,success,109,109,109,5,5,5,3,3,3,0,0,0,0,0,0,0,0,0,27.9,27.9,27.9
fara-7b,ArXiv--2,C8,1,1.0,success,107,107,107,5,5,5,3,3,3,0,0,0,0,0,0,0,0,0,30.1,30.1,30.1
fara-7b,ArXiv--20,C0,1,1.0,success,15,15,15,1,1,1,0,0,0,0,0,0,0,0,0,0,0,0,22.4,22.4,22.4
fara-7b,ArXiv--20,C2,1,0.0,hit_max_rounds,26,26,26,3,3,3,1,1,1,0,0,0,1,1,1,0,0,0,60.0,60.0,60.0
fara-7b,ArXiv--20,C5,1,1.0,success,40,40,40,4,4,4,2,2,2,0,0,0,0,0,0,0,0,0,37.4,37.4,37.4
fara-7b,ArXiv--20,C7,1,0.0,hit_max_rounds,172,172,172,6,6,6,4,4,4,0,0,0,0,0,0,0,0,0,57.9,57.9,57.9
fara-7b,ArXiv--20,C8,1,1.0,success,159,159,159,5,5,5,3,3,3,0,0,0,0,0,0,0,0,0,48.2,48.2,48.2
fara-7b,ArXiv--21,C0,1,0.0,hit_max_rounds,329,329,329,6,6,6,5,5,5,0,0,0,0,0,0,0,0,0,52.0,52.0,52.0
fara-7b,ArXiv--21,C2,1,0.0,hit_max_rounds,75,75,75,6,6,6,4,4,4,0,0,0,1,1,1,0,0,0,55.9,55.9,55.9
fara-7b,ArXiv--21,C5,1,0.0,hit_max_rounds,243,243,243,10,10,10,8,8,8,0,0,0,0,0,0,0,0,0,48.8,48.8,48.8
fara-7b,ArXiv--21,C7,1,0.0,hit_max_rounds,74,74,74,6,6,6,4,4,4,0,0,0,1,1,1,0,0,0,55.0,55.0,55.0
fara-7b,ArXiv--21,C8,1,0.0,hit_max_rounds,75,75,75,5,5,5,3,3,3,0,0,0,0,0,0,0,0,0,56.0,56.0,56.0
fara-7b,ArXiv--22,C0,1,1.0,success,69,69,69,9,9,9,6,6,6,0,0,0,0,0,0,0,0,0,49.1,49.1,49.1
fara-7b,ArXiv--22,C2,1,1.0,success,52,52,52,9,9,9,6,6,6,0,0,0,0,0,0,0,0,0,44.3,44.3,44.3
fara-7b,ArXiv--22,C5,1,1.0,success,48,48,48,9,9,9,6,6,6,0,0,0,0,0,0,0,0,0,30.5,30.5,30.5
fara-7b,ArXiv--22,C7,1,1.0,success,50,50,50,9,9,9,6,6,6,0,0,0,0,0,0,0,0,0,42.4,42.4,42.4
fara-7b,ArXiv--22,C8,1,1.0,success,51,51,51,9,9,9,6,6,6,0,0,0,0,0,0,0,0,0,44.8,44.8,44.8
fara-7b,ArXiv--23,C0,1,0.0,hit_max_rounds,310,310,310,12,12,12,10,10,10,0,0,0,0,0,0,0,0,0,57.7,57.7,57.7
fara-7b,ArXiv--23,C2,1,1.0,success,34,34,34,3,3,3,1,1,1,0,0,0,1,1,1,0,0,0,20.2,20.2,20.2
fara-7b,ArXiv--23,C5,1,0.0,hit_max_rounds,96,96,96,5,5,5,3,3,3,0,0,0,0,0,0,0,0,0,60.4,60.4,60.4
fara-7b,ArXiv--23,C7,1,1.0,success,34,34,34,3,3,3,1,1,1,0,0,0,1,1,1,0,0,0,20.4,20.4,20.4
fara-7b,ArXiv--23,C8,1,0.0,hit_max_rounds,87,87,87,5,5,5,3,3,3,0,0,0,0,0,0,0,0,0,56.7,56.7,56.7
fara-7b,ArXiv--24,C0,1,1.0,success,99,99,99,5,5,5,3,3,3,0,0,0,0,0,0,0,0,0,46.8,46.8,46.8
fara-7b,ArXiv--24,C2,1,1.0,success,125,125,125,5,5,5,3,3,3,0,0,0,0,0,0,0,0,0,50.2,50.2,50.2
fara-7b,ArXiv--24,C5,1,1.0,success,98,98,98,5,5,5,3,3,3,0,0,0,0,0,0,0,0,0,48.2,48.2,48.2
fara-7b,ArXiv--24,C7,1,0.0,hit_max_rounds,128,128,128,5,5,5,3,3,3,0,0,0,0,0,0,0,0,0,55.4,55.4,55.4
fara-7b,ArXiv--24,C8,1,1.0,success,127,127,127,5,5,5,3,3,3,0,0,0,0,0,0,0,0,0,51.1,51.1,51.1
fara-7b,ArXiv--25,C0,1,0.0,hit_max_rounds,233,233,233,16,16,16,13,13,13,0,0,0,0,0,0,0,0,0,55.6,55.6,55.6
fara-7b,ArXiv--25,C2,1,0.0,hit_max_rounds,65,65,65,11,11,11,8,8,8,0,0,0,2,2,2,0,0,0,51.1,51.1,51.1
fara-7b,ArXiv--25,C5,1,0.0,hit_max_rounds,225,225,225,16,16,16,13,13,13,0,0,0,0,0,0,0,0,0,58.3,58.3,58.3
fara-7b,ArXiv--25,C7,1,0.0,hit_max_rounds,65,65,65,11,11,11,8,8,8,0,0,0,2,2,2,0,0,0,52.1,52.1,52.1
fara-7b,ArXiv--25,C8,1,0.0,hit_max_rounds,75,75,75,10,10,10,7,7,7,0,0,0,1,1,1,0,0,0,54.4,54.4,54.4
fara-7b,ArXiv--26,C0,1,1.0,success,35,35,35,2,2,2,0,0,0,0,0,0,0,0,0,0,0,0,34.9,34.9,34.9
fara-7b,ArXiv--26,C2,1,0.0,hit_max_rounds,75,75,75,5,5,5,3,3,3,0,0,0,0,0,0,0,0,0,54.6,54.6,54.6
fara-7b,ArXiv--26,C5,1,0.0,hit_max_rounds,58,58,58,5,5,5,3,3,3,0,0,0,0,0,0,0,0,0,56.9,56.9,56.9
fara-7b,ArXiv--26,C7,1,0.0,hit_max_rounds,79,79,79,5,5,5,3,3,3,0,0,0,0,0,0,0,0,0,53.9,53.9,53.9
fara-7b,ArXiv--26,C8,1,0.0,hit_max_rounds,85,85,85,6,6,6,4,4,4,0,0,0,0,0,0,0,0,0,66.6,66.6,66.6
fara-7b,ArXiv--27,C0,1,1.0,success,221,221,221,6,6,6,5,5,5,0,0,0,0,0,0,0,0,0,37.6,37.6,37.6
fara-7b,ArXiv--27,C2,1,0.0,hit_max_rounds,22,22,22,2,2,2,1,1,1,0,0,0,4,4,4,0,0,0,47.1,47.1,47.1
fara-7b,ArXiv--27,C5,1,1.0,success,172,172,172,8,8,8,7,7,7,0,0,0,0,0,0,0,0,0,20.6,20.6,20.6
fara-7b,ArXiv--27,C7,1,0.0,hit_max_rounds,22,22,22,2,2,2,1,1,1,0,0,0,4,4,4,0,0,0,47.3,47.3,47.3
fara-7b,ArXiv--27,C8,1,0.0,hit_max_rounds,61,61,61,5,5,5,3,3,3,0,0,0,0,0,0,0,0,0,42.2,42.2,42.2
fara-7b,ArXiv--28,C0,1,1.0,success,15,15,15,1,1,1,0,0,0,0,0,0,0,0,0,0,0,0,42.2,42.2,42.2
fara-7b,ArXiv--28,C2,1,1.0,success,59,59,59,5,5,5,3,3,3,0,0,0,0,0,0,0,0,0,52.5,52.5,52.5
fara-7b,ArXiv--28,C5,1,1.0,success,282,282,282,5,5,5,3,3,3,0,0,0,0,0,0,0,0,0,46.4,46.4,46.4
fara-7b,ArXiv--28,C7,1,1.0,success,282,282,282,5,5,5,3,3,3,0,0,0,0,0,0,0,0,0,41.2,41.2,41.2
fara-7b,ArXiv--28,C8,1,0.0,agent_error,91,91,91,8,8,8,6,6,6,0,0,0,0,0,0,0,0,0,218.5,218.5,218.5
fara-7b,ArXiv--29,C0,1,0.0,hit_max_rounds,233,233,233,6,6,6,5,5,5,0,0,0,0,0,0,0,0,0,57.1,57.1,57.1
fara-7b,ArXiv--29,C2,1,1.0,success,110,110,110,5,5,5,3,3,3,0,0,0,0,0,0,0,0,0,37.0,37.0,37.0
fara-7b,ArXiv--29,C5,1,1.0,success,38,38,38,5,5,5,3,3,3,0,0,0,0,0,0,0,0,0,28.8,28.8,28.8
fara-7b,ArXiv--29,C7,1,1.0,success,62,62,62,5,5,5,3,3,3,0,0,0,0,0,0,0,0,0,37.1,37.1,37.1
fara-7b,ArXiv--29,C8,1,1.0,success,101,101,101,5,5,5,3,3,3,0,0,0,0,0,0,0,0,0,37.4,37.4,37.4
fara-7b,ArXiv--3,C0,1,1.0,success,257,257,257,5,5,5,3,3,3,0,0,0,0,0,0,0,0,0,51.3,51.3,51.3
fara-7b,ArXiv--3,C2,1,1.0,success,246,246,246,5,5,5,3,3,3,0,0,0,0,0,0,0,0,0,25.6,25.6,25.6
fara-7b,ArXiv--3,C5,1,0.0,hit_max_rounds,250,250,250,9,9,9,8,8,8,0,0,0,0,0,0,0,0,0,54.7,54.7,54.7
fara-7b,ArXiv--3,C7,1,1.0,success,248,248,248,5,5,5,3,3,3,0,0,0,0,0,0,0,0,0,26.9,26.9,26.9
fara-7b,ArXiv--3,C8,1,1.0,success,394,394,394,5,5,5,3,3,3,0,0,0,0,0,0,0,0,0,56.6,56.6,56.6
fara-7b,ArXiv--30,C0,1,1.0,success,54,54,54,9,9,9,6,6,6,0,0,0,0,0,0,0,0,0,35.7,35.7,35.7
fara-7b,ArXiv--30,C2,1,0.0,hit_max_rounds,52,52,52,9,9,9,6,6,6,0,0,0,0,0,0,0,0,0,51.7,51.7,51.7
fara-7b,ArXiv--30,C5,1,1.0,success,48,48,48,9,9,9,6,6,6,0,0,0,0,0,0,0,0,0,34.4,34.4,34.4
fara-7b,ArXiv--30,C7,1,0.0,hit_max_rounds,49,49,49,9,9,9,6,6,6,0,0,0,0,0,0,0,0,0,51.9,51.9,51.9
fara-7b,ArXiv--30,C8,1,1.0,success,50,50,50,9,9,9,6,6,6,0,0,0,0,0,0,0,0,0,51.4,51.4,51.4
fara-7b,ArXiv--31,C0,1,0.0,hit_max_rounds,15,15,15,1,1,1,0,0,0,0,0,0,0,0,0,0,0,0,52.2,52.2,52.2
fara-7b,ArXiv--31,C2,1,0.0,hit_max_rounds,63,63,63,5,5,5,3,3,3,0,0,0,0,0,0,0,0,0,57.0,57.0,57.0
fara-7b,ArXiv--31,C5,1,0.0,hit_max_rounds,65,65,65,5,5,5,3,3,3,0,0,0,0,0,0,0,0,0,56.0,56.0,56.0
fara-7b,ArXiv--31,C7,1,0.0,hit_max_rounds,69,69,69,5,5,5,3,3,3,0,0,0,0,0,0,0,0,0,57.3,57.3,57.3
fara-7b,ArXiv--31,C8,1,0.0,hit_max_rounds,66,66,66,5,5,5,3,3,3,0,0,0,0,0,0,0,0,0,61.2,61.2,61.2
fara-7b,ArXiv--32,C0,1,1.0,success,33,33,33,4,4,4,2,2,2,0,0,0,0,0,0,0,0,0,22.7,22.7,22.7
fara-7b,ArXiv--32,C2,1,1.0,success,32,32,32,4,4,4,2,2,2,0,0,0,0,0,0,0,0,0,22.7,22.7,22.7
fara-7b,ArXiv--32,C5,1,1.0,success,42,42,42,4,4,4,2,2,2,0,0,0,0,0,0,0,0,0,22.6,22.6,22.6
fara-7b,ArXiv--32,C7,1,1.0,success,32,32,32,4,4,4,2,2,2,0,0,0,0,0,0,0,0,0,22.8,22.8,22.8
fara-7b,ArXiv--32,C8,1,1.0,success,32,32,32,4,4,4,2,2,2,0,0,0,0,0,0,0,0,0,28.8,28.8,28.8
fara-7b,ArXiv--33,C0,1,1.0,success,187,187,187,8,8,8,6,6,6,0,0,0,0,0,0,0,0,0,24.4,24.4,24.4
fara-7b,ArXiv--33,C2,1,0.0,hit_max_rounds,47,47,47,6,6,6,4,4,4,0,0,0,1,1,1,0,0,0,56.6,56.6,56.6
fara-7b,ArXiv--33,C5,1,1.0,success,214,214,214,11,11,11,9,9,9,0,0,0,0,0,0,0,0,0,30.8,30.8,30.8
fara-7b,ArXiv--33,C7,1,0.0,hit_max_rounds,48,48,48,6,6,6,4,4,4,0,0,0,1,1,1,0,0,0,56.7,56.7,56.7
fara-7b,ArXiv--33,C8,1,0.0,hit_max_rounds,35,35,35,2,2,2,0,0,0,0,0,0,0,0,0,0,0,0,44.3,44.3,44.3
fara-7b,ArXiv--34,C0,1,1.0,success,15,15,15,1,1,1,0,0,0,0,0,0,0,0,0,0,0,0,43.7,43.7,43.7
fara-7b,ArXiv--34,C2,1,0.0,hit_max_rounds,59,59,59,5,5,5,3,3,3,0,0,0,0,0,0,0,0,0,56.4,56.4,56.4
fara-7b,ArXiv--34,C5,1,1.0,success,281,281,281,5,5,5,3,3,3,0,0,0,0,0,0,0,0,0,52.7,52.7,52.7
fara-7b,ArXiv--34,C7,1,0.0,hit_max_rounds,18,18,18,2,2,2,1,1,1,0,0,0,2,2,2,0,0,0,54.0,54.0,54.0
fara-7b,ArXiv--34,C8,1,0.0,hit_max_rounds,29,29,29,4,4,4,2,2,2,0,0,0,0,0,0,0,0,0,61.8,61.8,61.8
fara-7b,ArXiv--35,C0,1,1.0,success,22,22,22,2,2,2,0,0,0,0,0,0,0,0,0,0,0,0,21.8,21.8,21.8
fara-7b,ArXiv--35,C2,1,1.0,success,30,30,30,2,2,2,0,0,0,0,0,0,0,0,0,0,0,0,21.9,21.9,21.9
fara-7b,ArXiv--35,C5,1,1.0,success,32,32,32,2,2,2,0,0,0,0,0,0,0,0,0,0,0,0,21.3,21.3,21.3
fara-7b,ArXiv--35,C7,1,1.0,success,30,30,30,2,2,2,0,0,0,0,0,0,0,0,0,0,0,0,21.9,21.9,21.9
fara-7b,ArXiv--35,C8,1,1.0,success,30,30,30,2,2,2,0,0,0,0,0,0,0,0,0,0,0,0,21.9,21.9,21.9
fara-7b,ArXiv--36,C0,1,0.0,hit_max_rounds,16,16,16,1,1,1,0,0,0,0,0,0,0,0,0,0,0,0,55.9,55.9,55.9
fara-7b,ArXiv--36,C2,1,1.0,success,71,71,71,5,5,5,3,3,3,0,0,0,0,0,0,0,0,0,22.6,22.6,22.6
fara-7b,ArXiv--36,C5,1,0.0,hit_max_rounds,33,33,33,2,2,2,0,0,0,0,0,0,0,0,0,0,0,0,56.0,56.0,56.0
fara-7b,ArXiv--36,C7,1,0.0,agent_error,22,22,22,2,2,2,1,1,1,0,0,0,3,3,3,0,0,0,48.6,48.6,48.6
fara-7b,ArXiv--36,C8,1,1.0,success,15,15,15,1,1,1,0,0,0,0,0,0,0,0,0,0,0,0,21.6,21.6,21.6
fara-7b,ArXiv--37,C0,1,1.0,success,270,270,270,17,17,17,14,14,14,0,0,0,0,0,0,0,0,0,25.3,25.3,25.3
fara-7b,ArXiv--37,C2,1,0.0,hit_max_rounds,20,20,20,2,2,2,1,1,1,0,0,0,3,3,3,0,0,0,47.3,47.3,47.3
fara-7b,ArXiv--37,C5,1,1.0,success,238,238,238,17,17,17,14,14,14,0,0,0,0,0,0,0,0,0,25.2,25.2,25.2
fara-7b,ArXiv--37,C7,1,0.0,hit_max_rounds,20,20,20,2,2,2,1,1,1,0,0,0,3,3,3,0,0,0,47.3,47.3,47.3
fara-7b,ArXiv--37,C8,1,1.0,success,83,83,83,10,10,10,7,7,7,0,0,0,0,0,0,0,0,0,52.6,52.6,52.6
fara-7b,ArXiv--38,C0,1,1.0,success,263,263,263,17,17,17,15,15,15,0,0,0,0,0,0,0,0,0,29.6,29.6,29.6
fara-7b,ArXiv--38,C2,1,0.0,hit_max_rounds,20,20,20,2,2,2,1,1,1,0,0,0,3,3,3,0,0,0,47.7,47.7,47.7
fara-7b,ArXiv--38,C5,1,1.0,success,239,239,239,16,16,16,14,14,14,0,0,0,0,0,0,0,0,0,28.9,28.9,28.9
fara-7b,ArXiv--38,C7,1,0.0,hit_max_rounds,20,20,20,2,2,2,1,1,1,0,0,0,3,3,3,0,0,0,47.4,47.4,47.4
fara-7b,ArXiv--38,C8,1,0.0,hit_max_rounds,16,16,16,2,2,2,1,1,1,0,0,0,1,1,1,0,0,0,40.9,40.9,40.9
fara-7b,ArXiv--39,C0,1,0.0,hit_max_rounds,374,374,374,6,6,6,5,5,5,0,0,0,0,0,0,0,0,0,54.9,54.9,54.9
fara-7b,ArXiv--39,C2,1,0.0,hit_max_rounds,22,22,22,2,2,2,1,1,1,0,0,0,4,4,4,0,0,0,51.1,51.1,51.1
fara-7b,ArXiv--39,C5,1,0.0,hit_max_rounds,298,298,298,6,6,6,5,5,5,0,0,0,0,0,0,0,0,0,53.0,53.0,53.0
fara-7b,ArXiv--39,C7,1,0.0,hit_max_rounds,22,22,22,2,2,2,1,1,1,0,0,0,4,4,4,0,0,0,51.4,51.4,51.4
fara-7b,ArXiv--39,C8,1,1.0,success,89,89,89,8,8,8,6,6,6,0,0,0,0,0,0,0,0,0,41.9,41.9,41.9
fara-7b,ArXiv--4,C0,1,1.0,success,32,32,32,2,2,2,0,0,0,0,0,0,0,0,0,0,0,0,21.5,21.5,21.5
fara-7b,ArXiv--4,C2,1,1.0,success,33,33,33,2,2,2,0,0,0,0,0,0,0,0,0,0,0,0,21.6,21.6,21.6
fara-7b,ArXiv--4,C5,1,1.0,success,31,31,31,2,2,2,0,0,0,0,0,0,0,0,0,0,0,0,21.3,21.3,21.3
fara-7b,ArXiv--4,C7,1,1.0,success,33,33,33,2,2,2,0,0,0,0,0,0,0,0,0,0,0,0,21.1,21.1,21.1
fara-7b,ArXiv--4,C8,1,1.0,success,33,33,33,2,2,2,0,0,0,0,0,0,0,0,0,0,0,0,21.1,21.1,21.1
fara-7b,ArXiv--40,C0,1,1.0,success,34,34,34,2,2,2,0,0,0,0,0,0,0,0,0,0,0,0,48.4,48.4,48.4
fara-7b,ArXiv--40,C2,1,0.0,agent_error,31,31,31,2,2,2,0,0,0,0,0,0,0,0,0,0,0,0,17.0,17.0,17.0
fara-7b,ArXiv--40,C5,1,1.0,success,44,44,44,4,4,4,2,2,2,0,0,0,0,0,0,0,0,0,39.9,39.9,39.9
fara-7b,ArXiv--40,C7,1,0.0,agent_error,31,31,31,2,2,2,0,0,0,0,0,0,0,0,0,0,0,0,16.9,16.9,16.9
fara-7b,ArXiv--40,C8,1,0.0,agent_error,31,31,31,2,2,2,0,0,0,0,0,0,0,0,0,0,0,0,17.9,17.9,17.9
fara-7b,ArXiv--41,C0,1,0.0,hit_max_rounds,421,421,421,54,54,54,51,51,51,0,0,0,0,0,0,0,0,0,57.7,57.7,57.7
fara-7b,ArXiv--41,C2,1,0.0,hit_max_rounds,45,45,45,10,10,10,7,7,7,0,0,0,1,1,1,0,0,0,49.4,49.4,49.4
fara-7b,ArXiv--41,C5,1,0.0,hit_max_rounds,428,428,428,58,58,58,55,55,55,0,0,0,0,0,0,0,0,0,58.9,58.9,58.9
fara-7b,ArXiv--41,C7,1,0.0,hit_max_rounds,45,45,45,10,10,10,7,7,7,0,0,0,1,1,1,0,0,0,49.1,49.1,49.1
fara-7b,ArXiv--41,C8,1,0.0,hit_max_rounds,48,48,48,10,10,10,7,7,7,0,0,0,1,1,1,0,0,0,40.6,40.6,40.6
fara-7b,ArXiv--42,C0,1,0.0,hit_max_rounds,15,15,15,1,1,1,0,0,0,0,0,0,0,0,0,0,0,0,58.2,58.2,58.2
fara-7b,ArXiv--42,C2,1,1.0,success,40,40,40,5,5,5,3,3,3,0,0,0,0,0,0,0,0,0,40.0,40.0,40.0
fara-7b,ArXiv--42,C5,1,1.0,success,74,74,74,6,6,6,4,4,4,0,0,0,0,0,0,0,0,0,51.4,51.4,51.4
fara-7b,ArXiv--42,C7,1,1.0,success,56,56,56,6,6,6,4,4,4,0,0,0,0,0,0,0,0,0,37.1,37.1,37.1
fara-7b,ArXiv--42,C8,1,1.0,success,42,42,42,5,5,5,3,3,3,0,0,0,0,0,0,0,0,0,52.6,52.6,52.6
fara-7b,ArXiv--5,C0,1,1.0,success,355,355,355,5,5,5,3,3,3,0,0,0,0,0,0,0,0,0,48.4,48.4,48.4
fara-7b,ArXiv--5,C2,1,1.0,success,220,220,220,5,5,5,3,3,3,0,0,0,0,0,0,0,0,0,46.9,46.9,46.9
fara-7b,ArXiv--5,C5,1,0.0,hit_max_rounds,40,40,40,5,5,5,3,3,3,0,0,0,0,0,0,0,0,0,64.9,64.9,64.9
fara-7b,ArXiv--5,C7,1,1.0,success,222,222,222,5,5,5,3,3,3,0,0,0,0,0,0,0,0,0,46.7,46.7,46.7
fara-7b,ArXiv--5,C8,1,0.0,hit_max_rounds,243,243,243,5,5,5,3,3,3,0,0,0,0,0,0,0,0,0,57.5,57.5,57.5
fara-7b,ArXiv--6,C0,1,0.0,hit_max_rounds,14,14,14,1,1,1,0,0,0,0,0,0,0,0,0,0,0,0,53.0,53.0,53.0
fara-7b,ArXiv--6,C2,1,0.0,hit_max_rounds,77,77,77,6,6,6,4,4,4,0,0,0,0,0,0,0,0,0,54.8,54.8,54.8
fara-7b,ArXiv--6,C5,1,0.0,hit_max_rounds,245,245,245,12,12,12,10,10,10,0,0,0,0,0,0,0,0,0,57.1,57.1,57.1
fara-7b,ArXiv--6,C7,1,0.0,hit_max_rounds,77,77,77,6,6,6,4,4,4,0,0,0,0,0,0,0,0,0,54.7,54.7,54.7
fara-7b,ArXiv--6,C8,1,0.0,hit_max_rounds,95,95,95,6,6,6,4,4,4,0,0,0,0,0,0,0,0,0,57.4,57.4,57.4
fara-7b,ArXiv--7,C0,1,0.0,hit_max_rounds,229,229,229,6,6,6,5,5,5,0,0,0,0,0,0,0,0,0,56.3,56.3,56.3
fara-7b,ArXiv--7,C2,1,0.0,hit_max_rounds,24,24,24,2,2,2,1,1,1,0,0,0,5,5,5,0,0,0,46.7,46.7,46.7
fara-7b,ArXiv--7,C5,1,0.0,hit_max_rounds,255,255,255,10,10,10,8,8,8,0,0,0,0,0,0,0,0,0,56.9,56.9,56.9
fara-7b,ArXiv--7,C7,1,0.0,hit_max_rounds,24,24,24,2,2,2,1,1,1,0,0,0,5,5,5,0,0,0,46.9,46.9,46.9
fara-7b,ArXiv--7,C8,1,1.0,success,149,149,149,5,5,5,3,3,3,0,0,0,0,0,0,0,0,0,34.6,34.6,34.6
fara-7b,ArXiv--8,C0,1,1.0,success,34,34,34,2,2,2,0,0,0,0,0,0,0,0,0,0,0,0,26.7,26.7,26.7
fara-7b,ArXiv--8,C2,1,1.0,success,31,31,31,2,2,2,0,0,0,0,0,0,0,0,0,0,0,0,21.5,21.5,21.5
fara-7b,ArXiv--8,C5,1,1.0,success,36,36,36,2,2,2,0,0,0,0,0,0,0,0,0,0,0,0,21.2,21.2,21.2
fara-7b,ArXiv--8,C7,1,1.0,success,31,31,31,2,2,2,0,0,0,0,0,0,0,0,0,0,0,0,21.2,21.2,21.2
fara-7b,ArXiv--8,C8,1,1.0,success,31,31,31,2,2,2,0,0,0,0,0,0,0,0,0,0,0,0,21.0,21.0,21.0
fara-7b,ArXiv--9,C0,1,1.0,success,22,22,22,2,2,2,0,0,0,0,0,0,0,0,0,0,0,0,22.0,22.0,22.0
fara-7b,ArXiv--9,C2,1,1.0,success,22,22,22,2,2,2,0,0,0,0,0,0,0,0,0,0,0,0,22.4,22.4,22.4
fara-7b,ArXiv--9,C5,1,1.0,success,30,30,30,2,2,2,0,0,0,0,0,0,0,0,0,0,0,0,21.6,21.6,21.6
fara-7b,ArXiv--9,C7,1,1.0,success,22,22,22,2,2,2,0,0,0,0,0,0,0,0,0,0,0,0,22.1,22.1,22.1
fara-7b,ArXiv--9,C8,1,1.0,success,22,22,22,2,2,2,0,0,0,0,0,0,0,0,0,0,0,0,22.1,22.1,22.1
fara-7b,BBC_News--0,C0,1,1.0,success,614,614,614,116,116,116,113,113,113,0,0,0,0,0,0,0,0,0,35.3,35.3,35.3
fara-7b,BBC_News--0,C2,1,0.0,unknown,155,155,155,43,43,43,40,40,40,0,0,0,5,5,5,0,0,0,62.7,62.7,62.7
fara-7b,BBC_News--0,C5,1,1.0,success,780,780,780,112,112,112,109,109,109,0,0,0,0,0,0,0,0,0,38.5,38.5,38.5
fara-7b,BBC_News--0,C7,1,0.0,hit_max_rounds,505,505,505,61,61,61,58,58,58,0,0,0,26,26,26,0,0,0,60.3,60.3,60.3
fara-7b,BBC_News--0,C8,1,0.0,hit_max_rounds,715,715,715,61,61,61,58,58,58,0,0,0,37,37,37,0,0,0,66.7,66.7,66.7
fara-7b,BBC_News--1,C0,1,1.0,success,633,633,633,124,124,124,121,121,121,0,0,0,0,0,0,0,0,0,49.7,49.7,49.7
fara-7b,BBC_News--1,C2,1,1.0,success,340,340,340,54,54,54,51,51,51,0,0,0,18,18,18,0,0,0,26.1,26.1,26.1
fara-7b,BBC_News--1,C5,1,1.0,success,658,658,658,128,128,128,125,125,125,0,0,0,0,0,0,0,0,0,53.0,53.0,53.0
fara-7b,BBC_News--1,C7,1,1.0,success,344,344,344,55,55,55,52,52,52,0,0,0,20,20,20,0,0,0,27.0,27.0,27.0
fara-7b,BBC_News--1,C8,1,1.0,success,373,373,373,54,54,54,51,51,51,0,0,0,18,18,18,0,0,0,35.6,35.6,35.6
fara-7b,BBC_News--10,C0,1,0.0,hit_max_rounds,648,648,648,101,101,101,98,98,98,0,0,0,0,0,0,0,0,0,60.1,60.1,60.1
fara-7b,BBC_News--10,C2,1,0.0,agent_error,251,251,251,52,52,52,49,49,49,0,0,0,5,5,5,0,0,0,62.3,62.3,62.3
fara-7b,BBC_News--10,C5,1,0.0,hit_max_rounds,635,635,635,105,105,105,102,102,102,0,0,0,0,0,0,0,0,0,58.8,58.8,58.8
fara-7b,BBC_News--10,C7,1,0.0,hit_max_rounds,502,502,502,58,58,58,55,55,55,0,0,0,27,27,27,0,0,0,59.3,59.3,59.3
fara-7b,BBC_News--10,C8,1,0.0,hit_max_rounds,373,373,373,53,53,53,50,50,50,0,0,0,9,9,9,0,0,0,72.1,72.1,72.1
fara-7b,BBC_News--11,C0,1,0.0,hit_max_rounds,1112,1112,1112,110,110,110,106,106,106,0,0,0,0,0,0,0,0,0,75.8,75.8,75.8
fara-7b,BBC_News--11,C2,1,0.0,hit_max_rounds,620,620,620,58,58,58,54,54,54,0,0,0,29,29,29,0,0,0,56.9,56.9,56.9
fara-7b,BBC_News--11,C5,1,1.0,success,818,818,818,81,81,81,77,77,77,0,0,0,0,0,0,0,0,0,48.3,48.3,48.3
fara-7b,BBC_News--11,C7,1,0.0,hit_max_rounds,651,651,651,57,57,57,53,53,53,0,0,0,24,24,24,0,0,0,57.5,57.5,57.5
fara-7b,BBC_News--11,C8,1,0.0,hit_max_rounds,593,593,593,55,55,55,51,51,51,0,0,0,20,20,20,0,0,0,56.8,56.8,56.8
fara-7b,BBC_News--12,C0,1,1.0,success,582,582,582,91,91,91,88,88,88,0,0,0,0,0,0,0,0,0,53.5,53.5,53.5
fara-7b,BBC_News--12,C2,1,1.0,success,408,408,408,56,56,56,53,53,53,0,0,0,18,18,18,0,0,0,47.9,47.9,47.9
fara-7b,BBC_News--12,C5,1,1.0,success,822,822,822,157,157,157,154,154,154,0,0,0,0,0,0,0,0,0,56.0,56.0,56.0
fara-7b,BBC_News--12,C7,1,0.0,hit_max_rounds,497,497,497,60,60,60,57,57,57,0,0,0,29,29,29,0,0,0,60.9,60.9,60.9
fara-7b,BBC_News--12,C8,1,0.0,hit_max_rounds,466,466,466,58,58,58,55,55,55,0,0,0,18,18,18,0,0,0,78.3,78.3,78.3
fara-7b,BBC_News--13,C0,1,1.0,success,435,435,435,102,102,102,99,99,99,0,0,0,0,0,0,0,0,0,38.2,38.2,38.2
fara-7b,BBC_News--13,C2,1,1.0,success,310,310,310,54,54,54,51,51,51,0,0,0,9,9,9,0,0,0,39.0,39.0,39.0
fara-7b,BBC_News--13,C5,1,1.0,success,210,210,210,44,44,44,41,41,41,0,0,0,0,0,0,0,0,0,25.3,25.3,25.3
fara-7b,BBC_News--13,C7,1,1.0,success,227,227,227,44,44,44,41,41,41,0,0,0,8,8,8,0,0,0,27.1,27.1,27.1
fara-7b,BBC_News--13,C8,1,1.0,success,435,435,435,66,66,66,61,61,61,0,0,0,18,18,18,0,0,0,47.4,47.4,47.4
fara-7b,BBC_News--14,C0,1,1.0,success,619,619,619,109,109,109,106,106,106,0,0,0,0,0,0,0,0,0,29.5,29.5,29.5
fara-7b,BBC_News--14,C2,1,0.0,hit_max_rounds,154,154,154,39,39,39,36,36,36,0,0,0,6,6,6,0,0,0,51.3,51.3,51.3
fara-7b,BBC_News--14,C5,1,1.0,success,567,567,567,85,85,85,82,82,82,0,0,0,0,0,0,0,0,0,28.0,28.0,28.0
fara-7b,BBC_News--14,C7,1,0.0,hit_max_rounds,529,529,529,59,59,59,56,56,56,0,0,0,26,26,26,0,0,0,58.4,58.4,58.4
fara-7b,BBC_News--14,C8,1,0.0,hit_max_rounds,570,570,570,60,60,60,57,57,57,0,0,0,29,29,29,0,0,0,73.7,73.7,73.7
fara-7b,BBC_News--15,C0,1,1.0,success,133,133,133,37,37,37,34,34,34,0,0,0,0,0,0,0,0,0,11.1,11.1,11.1
fara-7b,BBC_News--15,C2,1,1.0,success,43,43,43,13,13,13,11,11,11,0,0,0,1,1,1,0,0,0,13.4,13.4,13.4
fara-7b,BBC_News--15,C5,1,1.0,success,599,599,599,111,111,111,108,108,108,0,0,0,0,0,0,0,0,0,27.6,27.6,27.6
fara-7b,BBC_News--15,C7,1,1.0,success,134,134,134,37,37,37,34,34,34,0,0,0,2,2,2,0,0,0,11.6,11.6,11.6
fara-7b,BBC_News--15,C8,1,1.0,success,134,134,134,37,37,37,34,34,34,0,0,0,2,2,2,0,0,0,11.7,11.7,11.7
fara-7b,BBC_News--16,C0,1,0.0,hit_max_rounds,979,979,979,98,98,98,95,95,95,0,0,0,0,0,0,0,0,0,61.3,61.3,61.3
fara-7b,BBC_News--16,C2,1,0.0,hit_max_rounds,657,657,657,66,66,66,63,63,63,0,0,0,34,34,34,0,0,0,62.9,62.9,62.9
fara-7b,BBC_News--16,C5,1,0.0,hit_max_rounds,1323,1323,1323,176,176,176,173,173,173,0,0,0,0,0,0,0,0,0,68.0,68.0,68.0
fara-7b,BBC_News--16,C7,1,0.0,hit_max_rounds,406,406,406,59,59,59,56,56,56,0,0,0,25,25,25,0,0,0,55.1,55.1,55.1
fara-7b,BBC_News--16,C8,1,0.0,hit_max_rounds,57,57,57,18,18,18,16,16,16,0,0,0,2,2,2,0,0,0,43.9,43.9,43.9
fara-7b,BBC_News--17,C0,1,1.0,success,131,131,131,37,37,37,34,34,34,0,0,0,0,0,0,0,0,0,10.8,10.8,10.8
fara-7b,BBC_News--17,C2,1,1.0,success,133,133,133,37,37,37,34,34,34,0,0,0,2,2,2,0,0,0,11.3,11.3,11.3
fara-7b,BBC_News--17,C5,1,1.0,success,438,438,438,64,64,64,61,61,61,0,0,0,0,0,0,0,0,0,27.4,27.4,27.4
fara-7b,BBC_News--17,C7,1,1.0,success,134,134,134,37,37,37,34,34,34,0,0,0,2,2,2,0,0,0,10.5,10.5,10.5
fara-7b,BBC_News--17,C8,1,1.0,success,138,138,138,37,37,37,34,34,34,0,0,0,2,2,2,0,0,0,10.8,10.8,10.8
fara-7b,BBC_News--18,C0,1,1.0,success,599,599,599,92,92,92,89,89,89,0,0,0,0,0,0,0,0,0,45.8,45.8,45.8
fara-7b,BBC_News--18,C2,1,0.0,hit_max_rounds,392,392,392,55,55,55,52,52,52,0,0,0,20,20,20,0,0,0,57.0,57.0,57.0
fara-7b,BBC_News--18,C5,1,1.0,success,516,516,516,75,75,75,72,72,72,0,0,0,0,0,0,0,0,0,51.6,51.6,51.6
fara-7b,BBC_News--18,C7,1,0.0,hit_max_rounds,313,313,313,53,53,53,50,50,50,0,0,0,14,14,14,0,0,0,56.0,56.0,56.0
fara-7b,BBC_News--18,C8,1,0.0,hit_max_rounds,388,388,388,50,50,50,47,47,47,0,0,0,16,16,16,0,0,0,67.1,67.1,67.1
fara-7b,BBC_News--19,C0,1,0.0,hit_max_rounds,360,360,360,54,54,54,51,51,51,0,0,0,0,0,0,0,0,0,63.5,63.5,63.5
fara-7b,BBC_News--19,C2,1,1.0,success,557,557,557,59,59,59,55,55,55,0,0,0,20,20,20,0,0,0,46.6,46.6,46.6
fara-7b,BBC_News--19,C5,1,1.0,success,418,418,418,62,62,62,59,59,59,0,0,0,0,0,0,0,0,0,45.3,45.3,45.3
fara-7b,BBC_News--19,C7,1,0.0,agent_error,155,155,155,39,39,39,36,36,36,0,0,0,6,6,6,0,0,0,36.0,36.0,36.0
fara-7b,BBC_News--19,C8,1,1.0,success,136,136,136,37,37,37,34,34,34,0,0,0,2,2,2,0,0,0,11.3,11.3,11.3
fara-7b,BBC_News--2,C0,1,0.0,hit_max_rounds,700,700,700,119,119,119,116,116,116,0,0,0,0,0,0,0,0,0,61.9,61.9,61.9
fara-7b,BBC_News--2,C2,1,0.0,hit_max_rounds,299,299,299,54,54,54,51,51,51,0,0,0,11,11,11,0,0,0,67.2,67.2,67.2
fara-7b,BBC_News--2,C5,1,0.0,hit_max_rounds,1088,1088,1088,170,170,170,167,167,167,0,0,0,0,0,0,0,0,0,66.2,66.2,66.2
fara-7b,BBC_News--2,C7,1,0.0,hit_max_rounds,386,386,386,55,55,55,52,52,52,0,0,0,22,22,22,0,0,0,57.4,57.4,57.4
fara-7b,BBC_News--2,C8,1,0.0,hit_max_rounds,315,315,315,55,55,55,52,52,52,0,0,0,11,11,11,0,0,0,58.6,58.6,58.6
fara-7b,BBC_News--20,C0,1,1.0,success,578,578,578,88,88,88,85,85,85,0,0,0,0,0,0,0,0,0,48.0,48.0,48.0
fara-7b,BBC_News--20,C2,1,1.0,success,321,321,321,52,52,52,49,49,49,0,0,0,19,19,19,0,0,0,26.6,26.6,26.6
fara-7b,BBC_News--20,C5,1,1.0,success,634,634,634,114,114,114,111,111,111,0,0,0,0,0,0,0,0,0,59.8,59.8,59.8
fara-7b,BBC_News--20,C7,1,1.0,success,426,426,426,61,61,61,58,58,58,0,0,0,22,22,22,0,0,0,49.9,49.9,49.9
fara-7b,BBC_News--20,C8,1,1.0,success,357,357,357,52,52,52,49,49,49,0,0,0,15,15,15,0,0,0,55.3,55.3,55.3
fara-7b,BBC_News--21,C0,1,1.0,success,257,257,257,58,58,58,55,55,55,0,0,0,0,0,0,0,0,0,27.6,27.6,27.6
fara-7b,BBC_News--21,C2,1,1.0,success,133,133,133,37,37,37,34,34,34,0,0,0,2,2,2,0,0,0,11.1,11.1,11.1
fara-7b,BBC_News--21,C5,1,1.0,success,293,293,293,94,94,94,91,91,91,0,0,0,0,0,0,0,0,0,19.8,19.8,19.8
fara-7b,BBC_News--21,C7,1,1.0,success,158,158,158,37,37,37,34,34,34,0,0,0,2,2,2,0,0,0,23.5,23.5,23.5
fara-7b,BBC_News--21,C8,1,1.0,success,134,134,134,37,37,37,34,34,34,0,0,0,2,2,2,0,0,0,11.2,11.2,11.2
fara-7b,BBC_News--22,C0,1,1.0,success,410,410,410,97,97,97,94,94,94,0,0,0,0,0,0,0,0,0,32.5,32.5,32.5
fara-7b,BBC_News--22,C2,1,1.0,success,368,368,368,58,58,58,55,55,55,0,0,0,11,11,11,0,0,0,33.5,33.5,33.5
fara-7b,BBC_News--22,C5,1,1.0,success,149,149,149,37,37,37,34,34,34,0,0,0,0,0,0,0,0,0,24.4,24.4,24.4
fara-7b,BBC_News--22,C7,1,1.0,success,298,298,298,55,55,55,52,52,52,0,0,0,12,12,12,0,0,0,26.1,26.1,26.1
fara-7b,BBC_News--22,C8,1,1.0,success,314,314,314,58,58,58,55,55,55,0,0,0,9,9,9,0,0,0,43.3,43.3,43.3
fara-7b,BBC_News--23,C0,1,1.0,success,889,889,889,105,105,105,102,102,102,0,0,0,0,0,0,0,0,0,61.2,61.2,61.2
fara-7b,BBC_News--23,C2,1,1.0,success,348,348,348,53,53,53,50,50,50,0,0,0,19,19,19,0,0,0,48.9,48.9,48.9
fara-7b,BBC_News--23,C5,1,1.0,success,888,888,888,114,114,114,111,111,111,0,0,0,0,0,0,0,0,0,66.8,66.8,66.8
fara-7b,BBC_News--23,C7,1,1.0,success,239,239,239,52,52,52,49,49,49,0,0,0,10,10,10,0,0,0,32.5,32.5,32.5
fara-7b,BBC_News--23,C8,1,1.0,success,137,137,137,37,37,37,34,34,34,0,0,0,2,2,2,0,0,0,20.6,20.6,20.6
fara-7b,BBC_News--24,C0,1,0.0,hit_max_rounds,1172,1172,1172,124,124,124,121,121,121,0,0,0,0,0,0,0,0,0,76.0,76.0,76.0
fara-7b,BBC_News--24,C2,1,1.0,success,320,320,320,56,56,56,53,53,53,0,0,0,18,18,18,0,0,0,35.4,35.4,35.4
fara-7b,BBC_News--24,C5,1,0.0,hit_max_rounds,1066,1066,1066,136,136,136,133,133,133,0,0,0,0,0,0,0,0,0,63.8,63.8,63.8
fara-7b,BBC_News--24,C7,1,1.0,success,590,590,590,62,62,62,58,58,58,0,0,0,32,32,32,0,0,0,40.5,40.5,40.5
fara-7b,BBC_News--24,C8,1,1.0,success,586,586,586,61,61,61,57,57,57,0,0,0,23,23,23,0,0,0,68.8,68.8,68.8
fara-7b,BBC_News--25,C0,1,1.0,success,1063,1063,1063,141,141,141,137,137,137,0,0,0,0,0,0,0,0,0,51.4,51.4,51.4
fara-7b,BBC_News--25,C2,1,0.0,hit_max_rounds,158,158,158,39,39,39,36,36,36,0,0,0,8,8,8,0,0,0,52.3,52.3,52.3
fara-7b,BBC_News--25,C5,1,1.0,success,880,880,880,126,126,126,122,122,122,0,0,0,0,0,0,0,0,0,61.5,61.5,61.5
fara-7b,BBC_News--25,C7,1,1.0,success,616,616,616,63,63,63,59,59,59,0,0,0,27,27,27,0,0,0,45.8,45.8,45.8
fara-7b,BBC_News--25,C8,1,1.0,success,756,756,756,67,67,67,63,63,63,0,0,0,32,32,32,0,0,0,55.6,55.6,55.6
fara-7b,BBC_News--26,C0,1,1.0,success,940,940,940,132,132,132,128,128,128,0,0,0,0,0,0,0,0,0,49.8,49.8,49.8
fara-7b,BBC_News--26,C2,1,0.0,hit_max_rounds,321,321,321,52,52,52,49,49,49,0,0,0,19,19,19,0,0,0,58.0,58.0,58.0
fara-7b,BBC_News--26,C5,1,1.0,success,598,598,598,122,122,122,119,119,119,0,0,0,0,0,0,0,0,0,33.1,33.1,33.1
fara-7b,BBC_News--26,C7,1,0.0,hit_max_rounds,317,317,317,52,52,52,49,49,49,0,0,0,14,14,14,0,0,0,56.7,56.7,56.7
fara-7b,BBC_News--26,C8,1,0.0,hit_max_rounds,467,467,467,52,52,52,49,49,49,0,0,0,16,16,16,0,0,0,74.3,74.3,74.3
fara-7b,BBC_News--27,C0,1,1.0,success,651,651,651,117,117,117,114,114,114,0,0,0,0,0,0,0,0,0,50.1,50.1,50.1
fara-7b,BBC_News--27,C2,1,0.0,hit_max_rounds,444,444,444,58,58,58,55,55,55,0,0,0,22,22,22,0,0,0,55.7,55.7,55.7
fara-7b,BBC_News--27,C5,1,0.0,hit_max_rounds,891,891,891,115,115,115,112,112,112,0,0,0,0,0,0,0,0,0,66.1,66.1,66.1
fara-7b,BBC_News--27,C7,1,0.0,hit_max_rounds,295,295,295,55,55,55,52,52,52,0,0,0,14,14,14,0,0,0,51.7,51.7,51.7
fara-7b,BBC_News--27,C8,1,0.0,hit_max_rounds,169,169,169,37,37,37,34,34,34,0,0,0,2,2,2,0,0,0,59.1,59.1,59.1
fara-7b,BBC_News--28,C0,1,1.0,success,620,620,620,102,102,102,99,99,99,0,0,0,0,0,0,0,0,0,37.8,37.8,37.8
fara-7b,BBC_News--28,C2,1,0.0,hit_max_rounds,158,158,158,39,39,39,36,36,36,0,0,0,7,7,7,0,0,0,50.8,50.8,50.8
fara-7b,BBC_News--28,C5,1,1.0,success,386,386,386,49,49,49,46,46,46,0,0,0,0,0,0,0,0,0,30.8,30.8,30.8
fara-7b,BBC_News--28,C7,1,0.0,hit_max_rounds,487,487,487,65,65,65,62,62,62,0,0,0,21,21,21,0,0,0,57.4,57.4,57.4
fara-7b,BBC_News--28,C8,1,0.0,hit_max_rounds,625,625,625,60,60,60,57,57,57,0,0,0,34,34,34,0,0,0,64.8,64.8,64.8
fara-7b,BBC_News--29,C0,1,1.0,success,450,450,450,98,98,98,95,95,95,0,0,0,0,0,0,0,0,0,31.6,31.6,31.6
fara-7b,BBC_News--29,C2,1,1.0,success,274,274,274,50,50,50,47,47,47,0,0,0,10,10,10,0,0,0,39.1,39.1,39.1
fara-7b,BBC_News--29,C5,1,1.0,success,451,451,451,109,109,109,106,106,106,0,0,0,0,0,0,0,0,0,31.6,31.6,31.6
fara-7b,BBC_News--29,C7,1,0.0,hit_max_rounds,440,440,440,52,52,52,49,49,49,0,0,0,23,23,23,0,0,0,60.0,60.0,60.0
fara-7b,BBC_News--29,C8,1,0.0,hit_max_rounds,334,334,334,51,51,51,48,48,48,0,0,0,10,10,10,0,0,0,58.9,58.9,58.9
fara-7b,BBC_News--3,C0,1,1.0,success,626,626,626,65,65,65,61,61,61,0,0,0,0,0,0,0,0,0,41.9,41.9,41.9
fara-7b,BBC_News--3,C2,1,1.0,success,537,537,537,56,56,56,52,52,52,0,0,0,19,19,19,0,0,0,39.1,39.1,39.1
fara-7b,BBC_News--3,C5,1,1.0,success,671,671,671,71,71,71,67,67,67,0,0,0,0,0,0,0,0,0,48.9,48.9,48.9
fara-7b,BBC_News--3,C7,1,1.0,success,611,611,611,58,58,58,54,54,54,0,0,0,16,16,16,0,0,0,56.9,56.9,56.9
fara-7b,BBC_News--3,C8,1,1.0,success,558,558,558,57,57,57,53,53,53,0,0,0,20,20,20,0,0,0,39.7,39.7,39.7
fara-7b,BBC_News--30,C0,1,1.0,success,607,607,607,117,117,117,114,114,114,0,0,0,0,0,0,0,0,0,27.1,27.1,27.1
fara-7b,BBC_News--30,C2,1,1.0,success,450,450,450,58,58,58,55,55,55,0,0,0,26,26,26,0,0,0,41.3,41.3,41.3
fara-7b,BBC_News--30,C5,1,0.0,hit_max_rounds,769,769,769,132,132,132,129,129,129,0,0,0,0,0,0,0,0,0,57.6,57.6,57.6
fara-7b,BBC_News--30,C7,1,1.0,success,513,513,513,59,59,59,56,56,56,0,0,0,28,28,28,0,0,0,62.4,62.4,62.4
fara-7b,BBC_News--30,C8,1,1.0,success,296,296,296,55,55,55,52,52,52,0,0,0,14,14,14,0,0,0,46.3,46.3,46.3
fara-7b,BBC_News--31,C0,1,0.0,hit_max_rounds,1071,1071,1071,153,153,153,149,149,149,0,0,0,0,0,0,0,0,0,62.8,62.8,62.8
fara-7b,BBC_News--31,C2,1,1.0,success,587,587,587,58,58,58,54,54,54,0,0,0,28,28,28,0,0,0,44.4,44.4,44.4
fara-7b,BBC_News--31,C5,1,1.0,success,676,676,676,76,76,76,72,72,72,0,0,0,0,0,0,0,0,0,47.8,47.8,47.8
fara-7b,BBC_News--31,C7,1,0.0,hit_max_rounds,640,640,640,58,58,58,54,54,54,0,0,0,27,27,27,0,0,0,60.3,60.3,60.3
fara-7b,BBC_News--31,C8,1,0.0,hit_max_rounds,519,519,519,56,56,56,52,52,52,0,0,0,16,16,16,0,0,0,57.6,57.6,57.6
fara-7b,BBC_News--32,C0,1,1.0,success,684,684,684,107,107,107,104,104,104,0,0,0,0,0,0,0,0,0,35.9,35.9,35.9
fara-7b,BBC_News--32,C2,1,0.0,hit_max_rounds,156,156,156,39,39,39,36,36,36,0,0,0,7,7,7,0,0,0,50.6,50.6,50.6
fara-7b,BBC_News--32,C5,1,1.0,success,603,603,603,67,67,67,64,64,64,0,0,0,0,0,0,0,0,0,42.3,42.3,42.3
fara-7b,BBC_News--32,C7,1,1.0,success,163,163,163,37,37,37,34,34,34,0,0,0,2,2,2,0,0,0,32.9,32.9,32.9
fara-7b,BBC_News--32,C8,1,1.0,success,416,416,416,56,56,56,53,53,53,0,0,0,20,20,20,0,0,0,45.6,45.6,45.6
fara-7b,BBC_News--33,C0,1,1.0,success,324,324,324,77,77,77,74,74,74,0,0,0,0,0,0,0,0,0,25.2,25.2,25.2
fara-7b,BBC_News--33,C2,1,1.0,success,269,269,269,51,51,51,48,48,48,0,0,0,11,11,11,0,0,0,32.1,32.1,32.1
fara-7b,BBC_News--33,C5,1,1.0,success,423,423,423,97,97,97,94,94,94,0,0,0,0,0,0,0,0,0,44.0,44.0,44.0
fara-7b,BBC_News--33,C7,1,1.0,success,312,312,312,51,51,51,48,48,48,0,0,0,9,9,9,0,0,0,38.2,38.2,38.2
fara-7b,BBC_News--33,C8,1,1.0,success,267,267,267,51,51,51,48,48,48,0,0,0,9,9,9,0,0,0,27.6,27.6,27.6
fara-7b,BBC_News--34,C0,1,1.0,success,790,790,790,112,112,112,109,109,109,0,0,0,0,0,0,0,0,0,56.3,56.3,56.3
fara-7b,BBC_News--34,C2,1,1.0,success,396,396,396,51,51,51,48,48,48,0,0,0,20,20,20,0,0,0,43.5,43.5,43.5
fara-7b,BBC_News--34,C5,1,1.0,success,957,957,957,138,138,138,135,135,135,0,0,0,0,0,0,0,0,0,53.9,53.9,53.9
fara-7b,BBC_News--34,C7,1,1.0,success,397,397,397,52,52,52,49,49,49,0,0,0,19,19,19,0,0,0,52.6,52.6,52.6
fara-7b,BBC_News--34,C8,1,1.0,success,388,388,388,54,54,54,51,51,51,0,0,0,17,17,17,0,0,0,41.9,41.9,41.9
fara-7b,BBC_News--35,C0,1,0.0,hit_max_rounds,918,918,918,135,135,135,132,132,132,0,0,0,0,0,0,0,0,0,62.5,62.5,62.5
fara-7b,BBC_News--35,C2,1,1.0,success,323,323,323,53,53,53,50,50,50,0,0,0,13,13,13,0,0,0,38.9,38.9,38.9
fara-7b,BBC_News--35,C5,1,1.0,success,530,530,530,94,94,94,91,91,91,0,0,0,0,0,0,0,0,0,50.3,50.3,50.3
fara-7b,BBC_News--35,C7,1,1.0,success,325,325,325,52,52,52,49,49,49,0,0,0,11,11,11,0,0,0,49.8,49.8,49.8
fara-7b,BBC_News--35,C8,1,0.0,hit_max_rounds,514,514,514,54,54,54,51,51,51,0,0,0,26,26,26,0,0,0,58.7,58.7,58.7
fara-7b,BBC_News--36,C0,1,1.0,success,386,386,386,100,100,100,97,97,97,0,0,0,0,0,0,0,0,0,25.0,25.0,25.0
fara-7b,BBC_News--36,C2,1,1.0,success,318,318,318,51,51,51,48,48,48,0,0,0,9,9,9,0,0,0,60.5,60.5,60.5
fara-7b,BBC_News--36,C5,1,1.0,success,411,411,411,101,101,101,98,98,98,0,0,0,0,0,0,0,0,0,25.7,25.7,25.7
fara-7b,BBC_News--36,C7,1,1.0,success,272,272,272,51,51,51,48,48,48,0,0,0,9,9,9,0,0,0,25.6,25.6,25.6
fara-7b,BBC_News--36,C8,1,1.0,success,280,280,280,52,52,52,49,49,49,0,0,0,11,11,11,0,0,0,32.8,32.8,32.8
fara-7b,BBC_News--37,C0,1,1.0,success,819,819,819,121,121,121,118,118,118,0,0,0,0,0,0,0,0,0,54.9,54.9,54.9
fara-7b,BBC_News--37,C2,1,1.0,success,385,385,385,53,53,53,50,50,50,0,0,0,20,20,20,0,0,0,46.0,46.0,46.0
fara-7b,BBC_News--37,C5,1,1.0,success,696,696,696,131,131,131,128,128,128,0,0,0,0,0,0,0,0,0,43.3,43.3,43.3
fara-7b,BBC_News--37,C7,1,0.0,hit_max_rounds,324,324,324,53,53,53,50,50,50,0,0,0,14,14,14,0,0,0,56.1,56.1,56.1
fara-7b,BBC_News--37,C8,1,0.0,hit_max_rounds,462,462,462,56,56,56,53,53,53,0,0,0,18,18,18,0,0,0,59.1,59.1,59.1
fara-7b,BBC_News--38,C0,1,0.0,hit_max_rounds,655,655,655,106,106,106,103,103,103,0,0,0,0,0,0,0,0,0,60.4,60.4,60.4
fara-7b,BBC_News--38,C2,1,0.0,hit_max_rounds,617,617,617,57,57,57,54,54,54,0,0,0,33,33,33,0,0,0,62.8,62.8,62.8
fara-7b,BBC_News--38,C5,1,0.0,hit_max_rounds,925,925,925,140,140,140,135,135,135,0,0,0,0,0,0,0,0,0,65.8,65.8,65.8
fara-7b,BBC_News--38,C7,1,0.0,hit_max_rounds,514,514,514,58,58,58,55,55,55,0,0,0,18,18,18,0,0,0,61.0,61.0,61.0
fara-7b,BBC_News--38,C8,1,1.0,success,377,377,377,56,56,56,53,53,53,0,0,0,14,14,14,0,0,0,48.5,48.5,48.5
fara-7b,BBC_News--39,C0,1,0.0,hit_max_rounds,679,679,679,90,90,90,86,86,86,0,0,0,0,0,0,0,0,0,59.9,59.9,59.9
fara-7b,BBC_News--39,C2,1,0.0,hit_max_rounds,303,303,303,42,42,42,38,38,38,0,0,0,5,5,5,0,0,0,237.5,237.5,237.5
fara-7b,BBC_News--39,C5,1,0.0,hit_max_rounds,666,666,666,112,112,112,108,108,108,0,0,0,0,0,0,0,0,0,57.5,57.5,57.5
fara-7b,BBC_News--39,C7,1,0.0,hit_max_rounds,345,345,345,53,53,53,49,49,49,0,0,0,12,12,12,0,0,0,57.0,57.0,57.0
fara-7b,BBC_News--39,C8,1,0.0,hit_max_rounds,488,488,488,57,57,57,53,53,53,0,0,0,13,13,13,0,0,0,56.3,56.3,56.3
fara-7b,BBC_News--4,C0,1,0.0,hit_max_rounds,955,955,955,121,121,121,118,118,118,0,0,0,0,0,0,0,0,0,65.4,65.4,65.4
fara-7b,BBC_News--4,C2,1,0.0,hit_max_rounds,263,263,263,40,40,40,37,37,37,0,0,0,3,3,3,0,0,0,62.4,62.4,62.4
fara-7b,BBC_News--4,C5,1,0.0,hit_max_rounds,672,672,672,106,106,106,103,103,103,0,0,0,0,0,0,0,0,0,60.5,60.5,60.5
fara-7b,BBC_News--4,C7,1,0.0,hit_max_rounds,164,164,164,41,41,41,38,38,38,0,0,0,8,8,8,0,0,0,51.2,51.2,51.2
fara-7b,BBC_News--4,C8,1,0.0,hit_max_rounds,497,497,497,59,59,59,56,56,56,0,0,0,25,25,25,0,0,0,65.2,65.2,65.2
fara-7b,BBC_News--40,C0,1,1.0,success,304,304,304,95,95,95,92,92,92,0,0,0,0,0,0,0,0,0,27.4,27.4,27.4
fara-7b,BBC_News--40,C2,1,0.0,hit_max_rounds,157,157,157,40,40,40,37,37,37,0,0,0,6,6,6,0,0,0,55.9,55.9,55.9
fara-7b,BBC_News--40,C5,1,0.0,hit_max_rounds,571,571,571,114,114,114,111,111,111,0,0,0,0,0,0,0,0,0,63.4,63.4,63.4
fara-7b,BBC_News--40,C7,1,1.0,success,275,275,275,56,56,56,53,53,53,0,0,0,10,10,10,0,0,0,52.4,52.4,52.4
fara-7b,BBC_News--40,C8,1,1.0,success,137,137,137,37,37,37,34,34,34,0,0,0,2,2,2,0,0,0,58.5,58.5,58.5
fara-7b,BBC_News--41,C0,1,0.0,hit_max_rounds,386,386,386,49,49,49,45,45,45,0,0,0,0,0,0,0,0,0,61.7,61.7,61.7
fara-7b,BBC_News--41,C2,1,0.0,hit_max_rounds,644,644,644,60,60,60,56,56,56,0,0,0,26,26,26,0,0,0,56.6,56.6,56.6
fara-7b,BBC_News--41,C5,1,1.0,success,400,400,400,48,48,48,44,44,44,0,0,0,0,0,0,0,0,0,56.7,56.7,56.7
fara-7b,BBC_News--41,C7,1,0.0,hit_max_rounds,605,605,605,59,59,59,55,55,55,0,0,0,25,25,25,0,0,0,58.8,58.8,58.8
fara-7b,BBC_News--41,C8,1,1.0,success,134,134,134,37,37,37,34,34,34,0,0,0,2,2,2,0,0,0,11.6,11.6,11.6
fara-7b,BBC_News--5,C0,1,0.0,hit_max_rounds,590,590,590,53,53,53,50,50,50,0,0,0,0,0,0,0,0,0,58.8,58.8,58.8
fara-7b,BBC_News--5,C2,1,0.0,hit_max_rounds,252,252,252,52,52,52,49,49,49,0,0,0,14,14,14,0,0,0,54.2,54.2,54.2
fara-7b,BBC_News--5,C5,1,0.0,hit_max_rounds,539,539,539,51,51,51,48,48,48,0,0,0,0,0,0,0,0,0,61.7,61.7,61.7
fara-7b,BBC_News--5,C7,1,0.0,hit_max_rounds,320,320,320,46,46,46,43,43,43,0,0,0,16,16,16,0,0,0,56.9,56.9,56.9
fara-7b,BBC_News--5,C8,1,0.0,hit_max_rounds,352,352,352,50,50,50,47,47,47,0,0,0,10,10,10,0,0,0,56.9,56.9,56.9
fara-7b,BBC_News--6,C0,1,1.0,success,468,468,468,85,85,85,82,82,82,0,0,0,0,0,0,0,0,0,32.4,32.4,32.4
fara-7b,BBC_News--6,C2,1,1.0,success,341,341,341,55,55,55,52,52,52,0,0,0,11,11,11,0,0,0,82.4,82.4,82.4
fara-7b,BBC_News--6,C5,1,1.0,success,596,596,596,125,125,125,122,122,122,0,0,0,0,0,0,0,0,0,32.3,32.3,32.3
fara-7b,BBC_News--6,C7,1,1.0,success,326,326,326,55,55,55,52,52,52,0,0,0,11,11,11,0,0,0,23.2,23.2,23.2
fara-7b,BBC_News--6,C8,1,1.0,success,327,327,327,55,55,55,52,52,52,0,0,0,11,11,11,0,0,0,27.1,27.1,27.1
fara-7b,BBC_News--7,C0,1,1.0,success,637,637,637,93,93,93,90,90,90,0,0,0,0,0,0,0,0,0,26.3,26.3,26.3
fara-7b,BBC_News--7,C2,1,1.0,success,486,486,486,60,60,60,57,57,57,0,0,0,20,20,20,0,0,0,38.9,38.9,38.9
fara-7b,BBC_News--7,C5,1,1.0,success,719,719,719,122,122,122,119,119,119,0,0,0,0,0,0,0,0,0,52.4,52.4,52.4
fara-7b,BBC_News--7,C7,1,1.0,success,385,385,385,57,57,57,54,54,54,0,0,0,20,20,20,0,0,0,25.3,25.3,25.3
fara-7b,BBC_News--7,C8,1,1.0,success,473,473,473,58,58,58,55,55,55,0,0,0,19,19,19,0,0,0,40.5,40.5,40.5
fara-7b,BBC_News--8,C0,1,0.0,hit_max_rounds,828,828,828,131,131,131,128,128,128,0,0,0,0,0,0,0,0,0,61.5,61.5,61.5
fara-7b,BBC_News--8,C2,1,0.0,hit_max_rounds,375,375,375,59,59,59,56,56,56,0,0,0,15,15,15,0,0,0,55.1,55.1,55.1
fara-7b,BBC_News--8,C5,1,0.0,hit_max_rounds,553,553,553,114,114,114,111,111,111,0,0,0,0,0,0,0,0,0,64.1,64.1,64.1
fara-7b,BBC_News--8,C7,1,0.0,hit_max_rounds,416,416,416,59,59,59,56,56,56,0,0,0,20,20,20,0,0,0,61.2,61.2,61.2
fara-7b,BBC_News--8,C8,1,0.0,hit_max_rounds,654,654,654,64,64,64,61,61,61,0,0,0,28,28,28,0,0,0,69.9,69.9,69.9
fara-7b,BBC_News--9,C0,1,1.0,success,712,712,712,95,95,95,92,92,92,0,0,0,0,0,0,0,0,0,28.5,28.5,28.5
fara-7b,BBC_News--9,C2,1,1.0,success,341,341,341,53,53,53,50,50,50,0,0,0,19,19,19,0,0,0,26.3,26.3,26.3
fara-7b,BBC_News--9,C5,1,1.0,success,664,664,664,97,97,97,94,94,94,0,0,0,0,0,0,0,0,0,29.8,29.8,29.8
fara-7b,BBC_News--9,C7,1,0.0,agent_error,155,155,155,39,39,39,36,36,36,0,0,0,6,6,6,0,0,0,29.8,29.8,29.8
fara-7b,BBC_News--9,C8,1,1.0,success,400,400,400,59,59,59,56,56,56,0,0,0,18,18,18,0,0,0,26.9,26.9,26.9
fara-7b,Booking--0,C0,1,0.0,hit_max_rounds,453,453,453,51,51,51,45,45,45,0,0,0,0,0,0,0,0,0,60.6,60.6,60.6
fara-7b,Booking--0,C2,1,0.0,hit_max_rounds,340,340,340,38,38,38,33,33,33,0,0,0,7,7,7,0,0,0,55.6,55.6,55.6
fara-7b,Booking--0,C5,1,0.0,hit_max_rounds,396,396,396,46,46,46,40,40,40,0,0,0,0,0,0,0,0,0,59.2,59.2,59.2
fara-7b,Booking--0,C7,1,0.0,agent_error,256,256,256,27,27,27,23,23,23,0,0,0,6,6,6,2,2,2,15.7,15.7,15.7
fara-7b,Booking--0,C8,1,0.0,hit_max_rounds,308,308,308,31,31,31,27,27,27,0,0,0,8,8,8,2,2,2,59.2,59.2,59.2
fara-7b,Booking--1,C0,1,0.0,hit_max_rounds,360,360,360,45,45,45,40,40,40,0,0,0,0,0,0,0,0,0,59.4,59.4,59.4
fara-7b,Booking--1,C2,1,0.0,hit_max_rounds,323,323,323,35,35,35,30,30,30,0,0,0,7,7,7,0,0,0,55.9,55.9,55.9
fara-7b,Booking--1,C5,1,0.0,hit_max_rounds,370,370,370,49,49,49,44,44,44,0,0,0,0,0,0,0,0,0,59.9,59.9,59.9
fara-7b,Booking--1,C7,1,0.0,hit_max_rounds,304,304,304,33,33,33,29,29,29,0,0,0,7,7,7,2,2,2,58.6,58.6,58.6
fara-7b,Booking--1,C8,1,0.0,agent_error,7,7,7,1,1,1,0,0,0,0,0,0,0,0,0,0,0,0,5.2,5.2,5.2
fara-7b,Booking--10,C0,1,0.0,hit_max_rounds,461,461,461,51,51,51,45,45,45,0,0,0,0,0,0,0,0,0,59.2,59.2,59.2
fara-7b,Booking--10,C2,1,0.0,hit_max_rounds,18,18,18,2,2,2,1,1,1,0,0,0,4,4,4,0,0,0,47.6,47.6,47.6
fara-7b,Booking--10,C5,1,0.0,hit_max_rounds,376,376,376,48,48,48,43,43,43,0,0,0,0,0,0,0,0,0,57.8,57.8,57.8
fara-7b,Booking--10,C7,1,0.0,hit_max_rounds,201,201,201,14,14,14,10,10,10,0,0,0,6,6,6,2,2,2,50.0,50.0,50.0
fara-7b,Booking--10,C8,1,0.0,hit_max_rounds,307,307,307,30,30,30,26,26,26,0,0,0,7,7,7,2,2,2,57.5,57.5,57.5
fara-7b,Booking--11,C0,1,0.0,hit_max_rounds,376,376,376,47,47,47,42,42,42,0,0,0,0,0,0,0,0,0,58.7,58.7,58.7
fara-7b,Booking--11,C2,1,0.0,hit_max_rounds,334,334,334,36,36,36,31,31,31,0,0,0,7,7,7,0,0,0,56.1,56.1,56.1
fara-7b,Booking--11,C5,1,0.0,hit_max_rounds,363,363,363,45,45,45,40,40,40,0,0,0,0,0,0,0,0,0,58.8,58.8,58.8
fara-7b,Booking--11,C7,1,1.0,success,304,304,304,33,33,33,29,29,29,0,0,0,8,8,8,2,2,2,43.7,43.7,43.7
fara-7b,Booking--11,C8,1,0.0,hit_max_rounds,298,298,298,32,32,32,28,28,28,0,0,0,7,7,7,2,2,2,58.7,58.7,58.7
fara-7b,Booking--12,C0,1,0.0,hit_max_rounds,382,382,382,43,43,43,37,37,37,0,0,0,0,0,0,0,0,0,59.6,59.6,59.6
fara-7b,Booking--12,C2,1,0.0,hit_max_rounds,313,313,313,36,36,36,31,31,31,0,0,0,7,7,7,0,0,0,56.9,56.9,56.9
fara-7b,Booking--12,C5,1,0.0,hit_max_rounds,348,348,348,44,44,44,39,39,39,0,0,0,0,0,0,0,0,0,56.6,56.6,56.6
fara-7b,Booking--12,C7,1,0.0,hit_max_rounds,285,285,285,32,32,32,28,28,28,0,0,0,7,7,7,2,2,2,57.8,57.8,57.8
fara-7b,Booking--12,C8,1,1.0,success,294,294,294,32,32,32,28,28,28,0,0,0,8,8,8,2,2,2,43.5,43.5,43.5
fara-7b,Booking--13,C0,1,0.0,hit_max_rounds,417,417,417,46,46,46,40,40,40,0,0,0,0,0,0,0,0,0,58.8,58.8,58.8
fara-7b,Booking--13,C2,1,0.0,hit_max_rounds,353,353,353,37,37,37,32,32,32,0,0,0,8,8,8,0,0,0,57.0,57.0,57.0
fara-7b,Booking--13,C5,1,0.0,hit_max_rounds,435,435,435,48,48,48,42,42,42,0,0,0,0,0,0,0,0,0,59.9,59.9,59.9
fara-7b,Booking--13,C7,1,0.0,hit_max_rounds,311,311,311,32,32,32,28,28,28,0,0,0,8,8,8,2,2,2,58.1,58.1,58.1
fara-7b,Booking--13,C8,1,0.0,hit_max_rounds,298,298,298,31,31,31,27,27,27,0,0,0,7,7,7,2,2,2,58.3,58.3,58.3
fara-7b,Booking--14,C0,1,0.0,hit_max_rounds,455,455,455,50,50,50,44,44,44,0,0,0,0,0,0,0,0,0,59.3,59.3,59.3
fara-7b,Booking--14,C2,1,0.0,hit_max_rounds,333,333,333,33,33,33,28,28,28,0,0,0,7,7,7,0,0,0,63.5,63.5,63.5
fara-7b,Booking--14,C5,1,0.0,hit_max_rounds,459,459,459,52,52,52,46,46,46,0,0,0,0,0,0,0,0,0,58.9,58.9,58.9
fara-7b,Booking--14,C7,1,0.0,hit_max_rounds,309,309,309,32,32,32,28,28,28,0,0,0,8,8,8,2,2,2,54.6,54.6,54.6
fara-7b,Booking--14,C8,1,0.0,hit_max_rounds,297,297,297,32,32,32,28,28,28,0,0,0,7,7,7,2,2,2,57.2,57.2,57.2
fara-7b,Booking--15,C0,1,0.0,hit_max_rounds,435,435,435,51,51,51,45,45,45,0,0,0,0,0,0,0,0,0,59.6,59.6,59.6
fara-7b,Booking--15,C2,1,0.0,hit_max_rounds,321,321,321,36,36,36,31,31,31,0,0,0,7,7,7,0,0,0,56.1,56.1,56.1
fara-7b,Booking--15,C5,1,0.0,hit_max_rounds,367,367,367,46,46,46,41,41,41,0,0,0,0,0,0,0,0,0,57.0,57.0,57.0
fara-7b,Booking--15,C7,1,0.0,hit_max_rounds,293,293,293,33,33,33,29,29,29,0,0,0,7,7,7,2,2,2,57.5,57.5,57.5
fara-7b,Booking--15,C8,1,0.0,hit_max_rounds,315,315,315,32,32,32,28,28,28,0,0,0,7,7,7,2,2,2,58.3,58.3,58.3
fara-7b,Booking--16,C0,1,0.0,hit_max_rounds,395,395,395,44,44,44,38,38,38,0,0,0,0,0,0,0,0,0,60.5,60.5,60.5
fara-7b,Booking--16,C2,1,0.0,hit_max_rounds,350,350,350,38,38,38,33,33,33,0,0,0,8,8,8,0,0,0,56.1,56.1,56.1
fara-7b,Booking--16,C5,1,0.0,hit_max_rounds,403,403,403,46,46,46,40,40,40,0,0,0,0,0,0,0,0,0,59.0,59.0,59.0
fara-7b,Booking--16,C7,1,0.0,hit_max_rounds,314,314,314,31,31,31,27,27,27,0,0,0,8,8,8,2,2,2,57.2,57.2,57.2
fara-7b,Booking--16,C8,1,0.0,hit_max_rounds,297,297,297,34,34,34,30,30,30,0,0,0,8,8,8,2,2,2,56.2,56.2,56.2
fara-7b,Booking--17,C0,1,0.0,hit_max_rounds,409,409,409,46,46,46,40,40,40,0,0,0,0,0,0,0,0,0,61.3,61.3,61.3
fara-7b,Booking--17,C2,1,0.0,hit_max_rounds,331,331,331,36,36,36,31,31,31,0,0,0,8,8,8,0,0,0,57.0,57.0,57.0
fara-7b,Booking--17,C5,1,0.0,hit_max_rounds,431,431,431,48,48,48,42,42,42,0,0,0,0,0,0,0,0,0,57.8,57.8,57.8
fara-7b,Booking--17,C7,1,0.0,hit_max_rounds,293,293,293,32,32,32,28,28,28,0,0,0,7,7,7,2,2,2,57.2,57.2,57.2
fara-7b,Booking--17,C8,1,0.0,hit_max_rounds,313,313,313,32,32,32,28,28,28,0,0,0,8,8,8,2,2,2,56.6,56.6,56.6
fara-7b,Booking--18,C0,1,0.0,hit_max_rounds,1599,1599,1599,290,290,290,286,286,286,0,0,0,0,0,0,0,0,0,88.8,88.8,88.8
fara-7b,Booking--18,C2,1,0.0,hit_max_rounds,18,18,18,2,2,2,1,1,1,0,0,0,4,4,4,0,0,0,47.9,47.9,47.9
fara-7b,Booking--18,C5,1,0.0,hit_max_rounds,370,370,370,48,48,48,43,43,43,0,0,0,0,0,0,0,0,0,59.0,59.0,59.0
fara-7b,Booking--18,C7,1,0.0,hit_max_rounds,217,217,217,14,14,14,10,10,10,0,0,0,6,6,6,2,2,2,49.8,49.8,49.8
fara-7b,Booking--18,C8,1,0.0,hit_max_rounds,537,537,537,42,42,42,36,36,36,0,0,0,11,11,11,4,4,4,61.5,61.5,61.5
fara-7b,Booking--19,C0,1,0.0,hit_max_rounds,374,374,374,42,42,42,36,36,36,0,0,0,0,0,0,0,0,0,58.2,58.2,58.2
fara-7b,Booking--19,C2,1,0.0,hit_max_rounds,164,164,164,10,10,10,6,6,6,0,0,0,4,4,4,0,0,0,49.9,49.9,49.9
fara-7b,Booking--19,C5,1,0.0,agent_error,7,7,7,1,1,1,0,0,0,0,0,0,0,0,0,0,0,0,6.0,6.0,6.0
fara-7b,Booking--19,C7,1,0.0,hit_max_rounds,261,261,261,29,29,29,25,25,25,0,0,0,9,9,9,2,2,2,52.4,52.4,52.4
fara-7b,Booking--19,C8,1,0.0,hit_max_rounds,295,295,295,32,32,32,28,28,28,0,0,0,8,8,8,2,2,2,55.1,55.1,55.1
fara-7b,Booking--2,C0,1,0.0,hit_max_rounds,417,417,417,47,47,47,42,42,42,0,0,0,0,0,0,0,0,0,56.0,56.0,56.0
fara-7b,Booking--2,C2,1,0.0,hit_max_rounds,380,380,380,36,36,36,31,31,31,0,0,0,8,8,8,0,0,0,54.6,54.6,54.6
fara-7b,Booking--2,C5,1,0.0,hit_max_rounds,351,351,351,43,43,43,38,38,38,0,0,0,0,0,0,0,0,0,57.0,57.0,57.0
fara-7b,Booking--2,C7,1,0.0,hit_max_rounds,348,348,348,34,34,34,30,30,30,0,0,0,8,8,8,2,2,2,55.1,55.1,55.1
fara-7b,Booking--2,C8,1,0.0,hit_max_rounds,357,357,357,33,33,33,29,29,29,0,0,0,7,7,7,2,2,2,56.2,56.2,56.2
fara-7b,Booking--20,C0,1,0.0,hit_max_rounds,334,334,334,39,39,39,34,34,34,0,0,0,0,0,0,0,0,0,57.4,57.4,57.4
fara-7b,Booking--20,C2,1,0.0,hit_max_rounds,476,476,476,42,42,42,36,36,36,0,0,0,15,15,15,0,0,0,55.9,55.9,55.9
fara-7b,Booking--20,C5,1,0.0,hit_max_rounds,381,381,381,48,48,48,43,43,43,0,0,0,0,0,0,0,0,0,57.8,57.8,57.8
fara-7b,Booking--20,C7,1,1.0,success,299,299,299,32,32,32,28,28,28,0,0,0,8,8,8,2,2,2,50.5,50.5,50.5
fara-7b,Booking--20,C8,1,0.0,hit_max_rounds,278,278,278,33,33,33,29,29,29,0,0,0,7,7,7,2,2,2,55.1,55.1,55.1
fara-7b,Booking--21,C0,1,0.0,hit_max_rounds,402,402,402,46,46,46,40,40,40,0,0,0,0,0,0,0,0,0,59.6,59.6,59.6
fara-7b,Booking--21,C2,1,0.0,agent_error,154,154,154,10,10,10,7,7,7,0,0,0,1,1,1,0,0,0,12.8,12.8,12.8
fara-7b,Booking--21,C5,1,0.0,hit_max_rounds,349,349,349,27,27,27,26,26,26,0,0,0,0,0,0,0,0,0,64.5,64.5,64.5
fara-7b,Booking--21,C7,1,0.0,agent_error,10,10,10,2,2,2,1,1,1,0,0,0,1,1,1,0,0,0,11.6,11.6,11.6
fara-7b,Booking--21,C8,1,0.0,hit_max_rounds,452,452,452,35,35,35,30,30,30,0,0,0,14,14,14,4,4,4,61.7,61.7,61.7
fara-7b,Booking--22,C0,1,1.0,success,382,382,382,47,47,47,41,41,41,0,0,0,0,0,0,0,0,0,38.7,38.7,38.7
fara-7b,Booking--22,C2,1,1.0,success,330,330,330,36,36,36,31,31,31,0,0,0,8,8,8,0,0,0,42.4,42.4,42.4
fara-7b,Booking--22,C5,1,1.0,success,384,384,384,44,44,44,38,38,38,0,0,0,0,0,0,0,0,0,40.3,40.3,40.3
fara-7b,Booking--22,C7,1,1.0,success,284,284,284,33,33,33,29,29,29,0,0,0,7,7,7,2,2,2,44.2,44.2,44.2
fara-7b,Booking--22,C8,1,1.0,success,287,287,287,33,33,33,29,29,29,0,0,0,7,7,7,2,2,2,38.1,38.1,38.1
fara-7b,Booking--23,C0,1,0.0,hit_max_rounds,552,552,552,27,27,27,21,21,21,0,0,0,0,0,0,0,0,0,62.9,62.9,62.9
fara-7b,Booking--23,C2,1,0.0,hit_max_rounds,25,25,25,2,2,2,1,1,1,0,0,0,8,8,8,0,0,0,49.1,49.1,49.1
fara-7b,Booking--23,C5,1,0.0,hit_max_rounds,483,483,483,25,25,25,19,19,19,0,0,0,0,0,0,0,0,0,64.9,64.9,64.9
fara-7b,Booking--23,C7,1,0.0,hit_max_rounds,25,25,25,2,2,2,1,1,1,0,0,0,8,8,8,0,0,0,49.5,49.5,49.5
fara-7b,Booking--23,C8,1,0.0,hit_max_rounds,278,278,278,33,33,33,29,29,29,0,0,0,7,7,7,2,2,2,54.8,54.8,54.8
fara-7b,Booking--24,C0,1,0.0,hit_max_rounds,315,315,315,37,37,37,32,32,32,0,0,0,0,0,0,0,0,0,57.1,57.1,57.1
fara-7b,Booking--24,C2,1,0.0,hit_max_rounds,306,306,306,36,36,36,31,31,31,0,0,0,7,7,7,0,0,0,58.0,58.0,58.0
fara-7b,Booking--24,C5,1,0.0,hit_max_rounds,648,648,648,55,55,55,48,48,48,0,0,0,0,0,0,0,0,0,64.0,64.0,64.0
fara-7b,Booking--24,C7,1,0.0,hit_max_rounds,284,284,284,27,27,27,23,23,23,0,0,0,3,3,3,2,2,2,59.5,59.5,59.5
fara-7b,Booking--24,C8,1,0.0,hit_max_rounds,312,312,312,33,33,33,29,29,29,0,0,0,8,8,8,2,2,2,58.6,58.6,58.6
fara-7b,Booking--25,C0,1,1.0,success,396,396,396,46,46,46,40,40,40,0,0,0,0,0,0,0,0,0,39.0,39.0,39.0
fara-7b,Booking--25,C2,1,0.0,hit_max_rounds,335,335,335,36,36,36,31,31,31,0,0,0,8,8,8,0,0,0,55.9,55.9,55.9
fara-7b,Booking--25,C5,1,0.0,hit_max_rounds,355,355,355,44,44,44,39,39,39,0,0,0,0,0,0,0,0,0,65.7,65.7,65.7
fara-7b,Booking--25,C7,1,0.0,hit_max_rounds,310,310,310,33,33,33,29,29,29,0,0,0,8,8,8,2,2,2,55.0,55.0,55.0
fara-7b,Booking--25,C8,1,0.0,hit_max_rounds,303,303,303,32,32,32,28,28,28,0,0,0,7,7,7,2,2,2,54.5,54.5,54.5
fara-7b,Booking--26,C0,1,0.0,hit_max_rounds,414,414,414,47,47,47,41,41,41,0,0,0,0,0,0,0,0,0,60.0,60.0,60.0
fara-7b,Booking--26,C2,1,0.0,hit_max_rounds,328,328,328,36,36,36,31,31,31,0,0,0,8,8,8,0,0,0,56.0,56.0,56.0
fara-7b,Booking--26,C5,1,0.0,hit_max_rounds,347,347,347,43,43,43,38,38,38,0,0,0,0,0,0,0,0,0,58.7,58.7,58.7
fara-7b,Booking--26,C7,1,0.0,hit_max_rounds,294,294,294,32,32,32,28,28,28,0,0,0,8,8,8,2,2,2,56.3,56.3,56.3
fara-7b,Booking--26,C8,1,0.0,hit_max_rounds,314,314,314,32,32,32,28,28,28,0,0,0,8,8,8,2,2,2,57.7,57.7,57.7
fara-7b,Booking--27,C0,1,0.0,hit_max_rounds,805,805,805,32,32,32,28,28,28,0,0,0,0,0,0,0,0,0,71.2,71.2,71.2
fara-7b,Booking--27,C2,1,1.0,success,316,316,316,36,36,36,31,31,31,0,0,0,7,7,7,0,0,0,48.6,48.6,48.6
fara-7b,Booking--27,C5,1,0.0,hit_max_rounds,1671,1671,1671,73,73,73,65,65,65,0,0,0,0,0,0,0,0,0,79.8,79.8,79.8
fara-7b,Booking--27,C7,1,0.0,hit_max_rounds,296,296,296,33,33,33,29,29,29,0,0,0,7,7,7,2,2,2,57.9,57.9,57.9
fara-7b,Booking--27,C8,1,0.0,hit_max_rounds,309,309,309,34,34,34,30,30,30,0,0,0,8,8,8,2,2,2,59.5,59.5,59.5
fara-7b,Booking--28,C0,1,1.0,success,346,346,346,46,46,46,41,41,41,0,0,0,0,0,0,0,0,0,57.3,57.3,57.3
fara-7b,Booking--28,C2,1,1.0,success,327,327,327,36,36,36,31,31,31,0,0,0,8,8,8,0,0,0,48.7,48.7,48.7
fara-7b,Booking--28,C5,1,1.0,success,409,409,409,47,47,47,41,41,41,0,0,0,0,0,0,0,0,0,40.4,40.4,40.4
fara-7b,Booking--28,C7,1,0.0,hit_max_rounds,420,420,420,36,36,36,31,31,31,0,0,0,15,15,15,4,4,4,54.7,54.7,54.7
fara-7b,Booking--28,C8,1,1.0,success,289,289,289,33,33,33,29,29,29,0,0,0,8,8,8,2,2,2,43.7,43.7,43.7
fara-7b,Booking--29,C0,1,0.0,hit_max_rounds,414,414,414,47,47,47,41,41,41,0,0,0,0,0,0,0,0,0,59.1,59.1,59.1
fara-7b,Booking--29,C2,1,0.0,hit_max_rounds,345,345,345,36,36,36,31,31,31,0,0,0,8,8,8,0,0,0,54.4,54.4,54.4
fara-7b,Booking--29,C5,1,0.0,hit_max_rounds,374,374,374,49,49,49,44,44,44,0,0,0,0,0,0,0,0,0,59.4,59.4,59.4
fara-7b,Booking--29,C7,1,0.0,hit_max_rounds,289,289,289,33,33,33,29,29,29,0,0,0,8,8,8,2,2,2,54.1,54.1,54.1
fara-7b,Booking--29,C8,1,0.0,hit_max_rounds,294,294,294,33,33,33,29,29,29,0,0,0,8,8,8,2,2,2,57.6,57.6,57.6
fara-7b,Booking--3,C0,1,0.0,hit_max_rounds,333,333,333,44,44,44,39,39,39,0,0,0,0,0,0,0,0,0,59.1,59.1,59.1
fara-7b,Booking--3,C2,1,0.0,hit_max_rounds,323,323,323,36,36,36,31,31,31,0,0,0,7,7,7,0,0,0,58.1,58.1,58.1
fara-7b,Booking--3,C5,1,0.0,hit_max_rounds,396,396,396,43,43,43,37,37,37,0,0,0,0,0,0,0,0,0,58.5,58.5,58.5
fara-7b,Booking--3,C7,1,0.0,hit_max_rounds,310,310,310,32,32,32,28,28,28,0,0,0,8,8,8,2,2,2,59.3,59.3,59.3
fara-7b,Booking--3,C8,1,0.0,hit_max_rounds,305,305,305,31,31,31,27,27,27,0,0,0,7,7,7,2,2,2,58.8,58.8,58.8
fara-7b,Booking--30,C0,1,1.0,success,410,410,410,50,50,50,44,44,44,0,0,0,0,0,0,0,0,0,37.7,37.7,37.7
fara-7b,Booking--30,C2,1,0.0,hit_max_rounds,342,342,342,36,36,36,31,31,31,0,0,0,8,8,8,0,0,0,55.1,55.1,55.1
fara-7b,Booking--30,C5,1,0.0,hit_max_rounds,595,595,595,53,53,53,47,47,47,0,0,0,0,0,0,0,0,0,64.2,64.2,64.2
fara-7b,Booking--30,C7,1,1.0,success,291,291,291,33,33,33,29,29,29,0,0,0,8,8,8,2,2,2,37.9,37.9,37.9
fara-7b,Booking--30,C8,1,0.0,hit_max_rounds,290,290,290,33,33,33,29,29,29,0,0,0,7,7,7,2,2,2,54.4,54.4,54.4
fara-7b,Booking--31,C0,1,0.0,hit_max_rounds,468,468,468,51,51,51,45,45,45,0,0,0,0,0,0,0,0,0,62.3,62.3,62.3
fara-7b,Booking--31,C2,1,0.0,hit_max_rounds,288,288,288,30,30,30,25,25,25,0,0,0,3,3,3,0,0,0,56.3,56.3,56.3
fara-7b,Booking--31,C5,1,1.0,success,350,350,350,44,44,44,39,39,39,0,0,0,0,0,0,0,0,0,44.5,44.5,44.5
fara-7b,Booking--31,C7,1,0.0,hit_max_rounds,263,263,263,27,27,27,23,23,23,0,0,0,3,3,3,2,2,2,53.6,53.6,53.6
fara-7b,Booking--31,C8,1,0.0,hit_max_rounds,300,300,300,32,32,32,28,28,28,0,0,0,7,7,7,2,2,2,57.3,57.3,57.3
fara-7b,Booking--32,C0,1,0.0,hit_max_rounds,332,332,332,42,42,42,37,37,37,0,0,0,0,0,0,0,0,0,59.3,59.3,59.3
fara-7b,Booking--32,C2,1,0.0,hit_max_rounds,18,18,18,2,2,2,1,1,1,0,0,0,5,5,5,0,0,0,47.3,47.3,47.3
fara-7b,Booking--32,C5,1,0.0,hit_max_rounds,351,351,351,43,43,43,38,38,38,0,0,0,0,0,0,0,0,0,57.3,57.3,57.3
fara-7b,Booking--32,C7,1,0.0,hit_max_rounds,20,20,20,2,2,2,1,1,1,0,0,0,5,5,5,0,0,0,46.7,46.7,46.7
fara-7b,Booking--32,C8,1,0.0,hit_max_rounds,290,290,290,32,32,32,28,28,28,0,0,0,7,7,7,2,2,2,54.4,54.4,54.4
fara-7b,Booking--33,C0,1,1.0,success,516,516,516,52,52,52,45,45,45,0,0,0,0,0,0,0,0,0,37.1,37.1,37.1
fara-7b,Booking--33,C2,1,0.0,hit_max_rounds,186,186,186,14,14,14,10,10,10,0,0,0,5,5,5,0,0,0,49.0,49.0,49.0
fara-7b,Booking--33,C5,1,1.0,success,531,531,531,25,25,25,17,17,17,0,0,0,0,0,0,0,0,0,46.6,46.6,46.6
fara-7b,Booking--33,C7,1,0.0,hit_max_rounds,250,250,250,24,24,24,20,20,20,0,0,0,9,9,9,2,2,2,50.6,50.6,50.6
fara-7b,Booking--33,C8,1,1.0,success,462,462,462,37,37,37,30,30,30,0,0,0,8,8,8,3,3,3,45.7,45.7,45.7
fara-7b,Booking--34,C0,1,1.0,success,419,419,419,49,49,49,43,43,43,0,0,0,0,0,0,0,0,0,51.4,51.4,51.4
fara-7b,Booking--34,C2,1,0.0,hit_max_rounds,174,174,174,13,13,13,9,9,9,0,0,0,4,4,4,0,0,0,49.0,49.0,49.0
fara-7b,Booking--34,C5,1,0.0,hit_max_rounds,364,364,364,42,42,42,37,37,37,0,0,0,0,0,0,0,0,0,59.1,59.1,59.1
fara-7b,Booking--34,C7,1,0.0,hit_max_rounds,257,257,257,29,29,29,25,25,25,0,0,0,10,10,10,2,2,2,50.8,50.8,50.8
fara-7b,Booking--34,C8,1,0.0,hit_max_rounds,303,303,303,33,33,33,29,29,29,0,0,0,8,8,8,2,2,2,56.9,56.9,56.9
fara-7b,Booking--35,C0,1,1.0,success,518,518,518,33,33,33,27,27,27,0,0,0,0,0,0,0,0,0,52.5,52.5,52.5
fara-7b,Booking--35,C2,1,0.0,hit_max_rounds,586,586,586,39,39,39,32,32,32,0,0,0,7,7,7,0,0,0,56.6,56.6,56.6
fara-7b,Booking--35,C5,1,1.0,success,350,350,350,18,18,18,14,14,14,0,0,0,0,0,0,0,0,0,31.4,31.4,31.4
fara-7b,Booking--35,C7,1,0.0,unknown,309,309,309,30,30,30,25,25,25,0,0,0,4,4,4,2,2,2,,,
fara-7b,Booking--35,C8,1,0.0,hit_max_rounds,528,528,528,37,37,37,30,30,30,0,0,0,8,8,8,3,3,3,58.8,58.8,58.8
fara-7b,Booking--36,C0,1,1.0,success,330,330,330,41,41,41,36,36,36,0,0,0,0,0,0,0,0,0,44.8,44.8,44.8
fara-7b,Booking--36,C2,1,0.0,hit_max_rounds,330,330,330,36,36,36,31,31,31,0,0,0,7,7,7,0,0,0,56.6,56.6,56.6
fara-7b,Booking--36,C5,1,0.0,agent_error,7,7,7,1,1,1,0,0,0,0,0,0,0,0,0,0,0,0,6.3,6.3,6.3
fara-7b,Booking--36,C7,1,1.0,success,299,299,299,32,32,32,28,28,28,0,0,0,8,8,8,2,2,2,49.3,49.3,49.3
fara-7b,Booking--36,C8,1,0.0,hit_max_rounds,298,298,298,32,32,32,28,28,28,0,0,0,7,7,7,2,2,2,55.6,55.6,55.6
fara-7b,Booking--37,C0,1,0.0,hit_max_rounds,412,412,412,46,46,46,40,40,40,0,0,0,0,0,0,0,0,0,59.4,59.4,59.4
fara-7b,Booking--37,C2,1,0.0,hit_max_rounds,323,323,323,36,36,36,31,31,31,0,0,0,7,7,7,0,0,0,56.2,56.2,56.2
fara-7b,Booking--37,C5,1,0.0,hit_max_rounds,385,385,385,48,48,48,43,43,43,0,0,0,0,0,0,0,0,0,61.2,61.2,61.2
fara-7b,Booking--37,C7,1,0.0,hit_max_rounds,277,277,277,29,29,29,25,25,25,0,0,0,3,3,3,2,2,2,56.7,56.7,56.7
fara-7b,Booking--37,C8,1,0.0,agent_error,162,162,162,12,12,12,9,9,9,0,0,0,2,2,2,2,2,2,8.1,8.1,8.1
fara-7b,Booking--38,C0,1,0.0,hit_max_rounds,451,451,451,48,48,48,42,42,42,0,0,0,0,0,0,0,0,0,59.4,59.4,59.4
fara-7b,Booking--38,C2,1,0.0,hit_max_rounds,16,16,16,2,2,2,1,1,1,0,0,0,3,3,3,0,0,0,48.6,48.6,48.6
fara-7b,Booking--38,C5,1,0.0,hit_max_rounds,348,348,348,43,43,43,38,38,38,0,0,0,0,0,0,0,0,0,59.5,59.5,59.5
fara-7b,Booking--38,C7,1,0.0,hit_max_rounds,15,15,15,2,2,2,1,1,1,0,0,0,3,3,3,0,0,0,48.7,48.7,48.7
fara-7b,Booking--38,C8,1,0.0,hit_max_rounds,301,301,301,32,32,32,28,28,28,0,0,0,7,7,7,2,2,2,54.8,54.8,54.8
fara-7b,Booking--39,C0,1,1.0,success,388,388,388,46,46,46,40,40,40,0,0,0,0,0,0,0,0,0,38.6,38.6,38.6
fara-7b,Booking--39,C2,1,0.0,hit_max_rounds,347,347,347,36,36,36,31,31,31,0,0,0,8,8,8,0,0,0,56.3,56.3,56.3
fara-7b,Booking--39,C5,1,0.0,hit_max_rounds,376,376,376,48,48,48,43,43,43,0,0,0,0,0,0,0,0,0,63.7,63.7,63.7
fara-7b,Booking--39,C7,1,1.0,success,286,286,286,32,32,32,28,28,28,0,0,0,7,7,7,2,2,2,40.2,40.2,40.2
fara-7b,Booking--39,C8,1,0.0,hit_max_rounds,324,324,324,33,33,33,28,28,28,0,0,0,8,8,8,2,2,2,57.4,57.4,57.4
fara-7b,Booking--4,C0,1,0.0,hit_max_rounds,497,497,497,25,25,25,20,20,20,0,0,0,0,0,0,0,0,0,59.6,59.6,59.6
fara-7b,Booking--4,C2,1,0.0,hit_max_rounds,333,333,333,33,33,33,28,28,28,0,0,0,8,8,8,0,0,0,70.6,70.6,70.6
fara-7b,Booking--4,C5,1,0.0,hit_max_rounds,356,356,356,44,44,44,39,39,39,0,0,0,0,0,0,0,0,0,54.7,54.7,54.7
fara-7b,Booking--4,C7,1,0.0,hit_max_rounds,310,310,310,31,31,31,27,27,27,0,0,0,8,8,8,2,2,2,61.7,61.7,61.7
fara-7b,Booking--4,C8,1,0.0,hit_max_rounds,298,298,298,32,32,32,28,28,28,0,0,0,7,7,7,2,2,2,61.1,61.1,61.1
fara-7b,Booking--40,C0,1,0.0,hit_max_rounds,413,413,413,69,69,69,68,68,68,0,0,0,0,0,0,0,0,0,64.6,64.6,64.6
fara-7b,Booking--40,C2,1,1.0,success,319,319,319,37,37,37,32,32,32,0,0,0,7,7,7,0,0,0,42.4,42.4,42.4
fara-7b,Booking--40,C5,1,0.0,hit_max_rounds,1112,1112,1112,110,110,110,104,104,104,0,0,0,0,0,0,0,0,0,86.2,86.2,86.2
fara-7b,Booking--40,C7,1,1.0,success,283,283,283,32,32,32,28,28,28,0,0,0,7,7,7,2,2,2,42.8,42.8,42.8
fara-7b,Booking--40,C8,1,0.0,hit_max_rounds,299,299,299,32,32,32,28,28,28,0,0,0,7,7,7,2,2,2,55.1,55.1,55.1
fara-7b,Booking--41,C0,1,0.0,hit_max_rounds,594,594,594,55,55,55,49,49,49,0,0,0,0,0,0,0,0,0,59.2,59.2,59.2
fara-7b,Booking--41,C2,1,1.0,success,177,177,177,14,14,14,10,10,10,0,0,0,4,4,4,0,0,0,43.1,43.1,43.1
fara-7b,Booking--41,C5,1,0.0,agent_error,7,7,7,1,1,1,0,0,0,0,0,0,0,0,0,0,0,0,5.6,5.6,5.6
fara-7b,Booking--41,C7,1,1.0,success,231,231,231,21,21,21,17,17,17,0,0,0,8,8,8,2,2,2,43.5,43.5,43.5
fara-7b,Booking--41,C8,1,0.0,hit_max_rounds,306,306,306,34,34,34,30,30,30,0,0,0,7,7,7,2,2,2,52.4,52.4,52.4
fara-7b,Booking--42,C0,1,0.0,hit_max_rounds,409,409,409,25,25,25,20,20,20,0,0,0,0,0,0,0,0,0,62.4,62.4,62.4
fara-7b,Booking--42,C2,1,0.0,hit_max_rounds,166,166,166,10,10,10,7,7,7,0,0,0,8,8,8,0,0,0,50.1,50.1,50.1
fara-7b,Booking--42,C5,1,0.0,hit_max_rounds,581,581,581,29,29,29,23,23,23,0,0,0,0,0,0,0,0,0,65.3,65.3,65.3
fara-7b,Booking--42,C7,1,0.0,hit_max_rounds,245,245,245,23,23,23,19,19,19,0,0,0,11,11,11,2,2,2,52.2,52.2,52.2
fara-7b,Booking--42,C8,1,0.0,hit_max_rounds,295,295,295,33,33,33,29,29,29,0,0,0,7,7,7,2,2,2,55.1,55.1,55.1
fara-7b,Booking--43,C0,1,0.0,hit_max_rounds,1328,1328,1328,115,115,115,109,109,109,0,0,0,0,0,0,0,0,0,66.5,66.5,66.5
fara-7b,Booking--43,C2,1,0.0,hit_max_rounds,167,167,167,12,12,12,8,8,8,0,0,0,4,4,4,0,0,0,47.8,47.8,47.8
fara-7b,Booking--43,C5,1,0.0,hit_max_rounds,846,846,846,95,95,95,91,91,91,0,0,0,0,0,0,0,0,0,81.9,81.9,81.9
fara-7b,Booking--43,C7,1,0.0,hit_max_rounds,201,201,201,15,15,15,11,11,11,0,0,0,6,6,6,2,2,2,49.3,49.3,49.3
fara-7b,Booking--43,C8,1,0.0,hit_max_rounds,239,239,239,27,27,27,23,23,23,0,0,0,3,3,3,2,2,2,43.9,43.9,43.9
fara-7b,Booking--5,C0,1,0.0,hit_max_rounds,329,329,329,44,44,44,39,39,39,0,0,0,0,0,0,0,0,0,59.4,59.4,59.4
fara-7b,Booking--5,C2,1,0.0,agent_error,345,345,345,36,36,36,31,31,31,0,0,0,8,8,8,0,0,0,52.9,52.9,52.9
fara-7b,Booking--5,C5,1,0.0,hit_max_rounds,336,336,336,41,41,41,36,36,36,0,0,0,0,0,0,0,0,0,57.4,57.4,57.4
fara-7b,Booking--5,C7,1,0.0,hit_max_rounds,311,311,311,32,32,32,28,28,28,0,0,0,8,8,8,2,2,2,57.9,57.9,57.9
fara-7b,Booking--5,C8,1,0.0,hit_max_rounds,294,294,294,32,32,32,28,28,28,0,0,0,8,8,8,2,2,2,55.3,55.3,55.3
fara-7b,Booking--6,C0,1,0.0,hit_max_rounds,681,681,681,41,41,41,37,37,37,0,0,0,0,0,0,0,0,0,62.5,62.5,62.5
fara-7b,Booking--6,C2,1,0.0,hit_max_rounds,15,15,15,2,2,2,1,1,1,0,0,0,3,3,3,0,0,0,46.9,46.9,46.9
fara-7b,Booking--6,C5,1,0.0,hit_max_rounds,707,707,707,61,61,61,55,55,55,0,0,0,0,0,0,0,0,0,50.8,50.8,50.8
fara-7b,Booking--6,C7,1,0.0,hit_max_rounds,197,197,197,12,12,12,8,8,8,0,0,0,3,3,3,2,2,2,49.1,49.1,49.1
fara-7b,Booking--6,C8,1,0.0,hit_max_rounds,300,300,300,33,33,33,29,29,29,0,0,0,7,7,7,2,2,2,56.8,56.8,56.8
fara-7b,Booking--7,C0,1,0.0,hit_max_rounds,360,360,360,45,45,45,40,40,40,0,0,0,0,0,0,0,0,0,58.5,58.5,58.5
fara-7b,Booking--7,C2,1,0.0,hit_max_rounds,371,371,371,37,37,37,32,32,32,0,0,0,9,9,9,0,0,0,52.8,52.8,52.8
fara-7b,Booking--7,C5,1,0.0,hit_max_rounds,580,580,580,52,52,52,46,46,46,0,0,0,0,0,0,0,0,0,62.0,62.0,62.0
fara-7b,Booking--7,C7,1,0.0,hit_max_rounds,334,334,334,34,34,34,29,29,29,0,0,0,9,9,9,2,2,2,53.3,53.3,53.3
fara-7b,Booking--7,C8,1,0.0,hit_max_rounds,315,315,315,33,33,33,29,29,29,0,0,0,7,7,7,2,2,2,59.9,59.9,59.9
fara-7b,Booking--8,C0,1,0.0,hit_max_rounds,380,380,380,41,41,41,35,35,35,0,0,0,0,0,0,0,0,0,61.3,61.3,61.3
fara-7b,Booking--8,C2,1,0.0,hit_max_rounds,332,332,332,36,36,36,31,31,31,0,0,0,7,7,7,0,0,0,54.5,54.5,54.5
fara-7b,Booking--8,C5,1,0.0,hit_max_rounds,451,451,451,51,51,51,45,45,45,0,0,0,0,0,0,0,0,0,58.7,58.7,58.7
fara-7b,Booking--8,C7,1,0.0,hit_max_rounds,303,303,303,33,33,33,29,29,29,0,0,0,8,8,8,2,2,2,56.9,56.9,56.9
fara-7b,Booking--8,C8,1,0.0,hit_max_rounds,294,294,294,31,31,31,27,27,27,0,0,0,7,7,7,2,2,2,57.3,57.3,57.3
fara-7b,Booking--9,C0,1,0.0,hit_max_rounds,492,492,492,52,52,52,46,46,46,0,0,0,0,0,0,0,0,0,60.1,60.1,60.1
fara-7b,Booking--9,C2,1,0.0,hit_max_rounds,162,162,162,10,10,10,6,6,6,0,0,0,3,3,3,0,0,0,47.6,47.6,47.6
fara-7b,Booking--9,C5,1,0.0,hit_max_rounds,447,447,447,51,51,51,45,45,45,0,0,0,0,0,0,0,0,0,59.6,59.6,59.6
fara-7b,Booking--9,C7,1,0.0,hit_max_rounds,15,15,15,2,2,2,1,1,1,0,0,0,3,3,3,0,0,0,46.2,46.2,46.2
fara-7b,Booking--9,C8,1,0.0,hit_max_rounds,329,329,329,32,32,32,28,28,28,0,0,0,8,8,8,2,2,2,57.8,57.8,57.8
fara-7b,Cambridge_Dictionary--0,C0,1,1.0,success,1134,1134,1134,203,203,203,202,202,202,0,0,0,0,0,0,0,0,0,55.6,55.6,55.6
fara-7b,Cambridge_Dictionary--0,C2,1,0.0,hit_max_rounds,86,86,86,18,18,18,17,17,17,0,0,0,4,4,4,0,0,0,54.9,54.9,54.9
fara-7b,Cambridge_Dictionary--0,C5,1,0.0,hit_max_rounds,1346,1346,1346,261,261,261,260,260,260,0,0,0,0,0,0,0,0,0,74.5,74.5,74.5
fara-7b,Cambridge_Dictionary--0,C7,1,1.0,success,170,170,170,20,20,20,19,19,19,0,0,0,0,0,0,6,6,6,26.3,26.3,26.3
fara-7b,Cambridge_Dictionary--0,C8,1,1.0,success,98,98,98,17,17,17,16,16,16,0,0,0,0,0,0,6,6,6,25.6,25.6,25.6
fara-7b,Cambridge_Dictionary--1,C0,1,1.0,success,287,287,287,24,24,24,23,23,23,0,0,0,0,0,0,0,0,0,38.2,38.2,38.2
fara-7b,Cambridge_Dictionary--1,C2,1,1.0,success,80,80,80,18,18,18,17,17,17,0,0,0,1,1,1,0,0,0,49.2,49.2,49.2
fara-7b,Cambridge_Dictionary--1,C5,1,1.0,success,999,999,999,198,198,198,197,197,197,0,0,0,0,0,0,0,0,0,60.8,60.8,60.8
fara-7b,Cambridge_Dictionary--1,C7,1,1.0,success,156,156,156,20,20,20,19,19,19,0,0,0,0,0,0,6,6,6,24.5,24.5,24.5
fara-7b,Cambridge_Dictionary--1,C8,1,1.0,success,106,106,106,19,19,19,18,18,18,0,0,0,0,0,0,4,4,4,24.7,24.7,24.7
fara-7b,Cambridge_Dictionary--10,C0,1,0.0,hit_max_rounds,926,926,926,177,177,177,176,176,176,0,0,0,0,0,0,0,0,0,62.5,62.5,62.5
fara-7b,Cambridge_Dictionary--10,C2,1,1.0,success,225,225,225,81,81,81,80,80,80,0,0,0,19,19,19,0,0,0,31.3,31.3,31.3
fara-7b,Cambridge_Dictionary--10,C5,1,1.0,success,953,953,953,178,178,178,177,177,177,0,0,0,0,0,0,0,0,0,53.5,53.5,53.5
fara-7b,Cambridge_Dictionary--10,C7,1,1.0,success,103,103,103,19,19,19,18,18,18,0,0,0,0,0,0,5,5,5,23.7,23.7,23.7
fara-7b,Cambridge_Dictionary--10,C8,1,1.0,success,100,100,100,18,18,18,17,17,17,0,0,0,0,0,0,4,4,4,23.7,23.7,23.7
fara-7b,Cambridge_Dictionary--11,C0,1,1.0,success,759,759,759,179,179,179,178,178,178,0,0,0,0,0,0,0,0,0,52.3,52.3,52.3
fara-7b,Cambridge_Dictionary--11,C2,1,1.0,success,244,244,244,87,87,87,86,86,86,0,0,0,20,20,20,0,0,0,37.2,37.2,37.2
fara-7b,Cambridge_Dictionary--11,C5,1,1.0,success,925,925,925,194,194,194,193,193,193,0,0,0,0,0,0,0,0,0,53.6,53.6,53.6
fara-7b,Cambridge_Dictionary--11,C7,1,1.0,success,107,107,107,19,19,19,18,18,18,0,0,0,0,0,0,5,5,5,24.5,24.5,24.5
fara-7b,Cambridge_Dictionary--11,C8,1,1.0,success,106,106,106,19,19,19,18,18,18,0,0,0,0,0,0,4,4,4,23.9,23.9,23.9
fara-7b,Cambridge_Dictionary--12,C0,1,0.0,hit_max_rounds,970,970,970,193,193,193,192,192,192,0,0,0,0,0,0,0,0,0,65.5,65.5,65.5
fara-7b,Cambridge_Dictionary--12,C2,1,0.0,hit_max_rounds,229,229,229,83,83,83,82,82,82,0,0,0,24,24,24,0,0,0,52.9,52.9,52.9
fara-7b,Cambridge_Dictionary--12,C5,1,0.0,hit_max_rounds,1013,1013,1013,200,200,200,199,199,199,0,0,0,0,0,0,0,0,0,60.7,60.7,60.7
fara-7b,Cambridge_Dictionary--12,C7,1,1.0,success,87,87,87,17,17,17,16,16,16,0,0,0,0,0,0,4,4,4,24.3,24.3,24.3
fara-7b,Cambridge_Dictionary--12,C8,1,1.0,success,111,111,111,20,20,20,19,19,19,0,0,0,0,0,0,5,5,5,24.4,24.4,24.4
fara-7b,Cambridge_Dictionary--13,C0,1,0.0,agent_error,602,602,602,176,176,176,175,175,175,0,0,0,0,0,0,0,0,0,81.0,81.0,81.0
fara-7b,Cambridge_Dictionary--13,C2,1,0.0,hit_max_rounds,248,248,248,87,87,87,86,86,86,0,0,0,22,22,22,0,0,0,58.5,58.5,58.5
fara-7b,Cambridge_Dictionary--13,C5,1,0.0,hit_max_rounds,849,849,849,186,186,186,185,185,185,0,0,0,0,0,0,0,0,0,70.0,70.0,70.0
fara-7b,Cambridge_Dictionary--13,C7,1,1.0,success,126,126,126,19,19,19,18,18,18,0,0,0,0,0,0,6,6,6,42.4,42.4,42.4
fara-7b,Cambridge_Dictionary--13,C8,1,1.0,success,106,106,106,19,19,19,18,18,18,0,0,0,0,0,0,4,4,4,34.7,34.7,34.7
fara-7b,Cambridge_Dictionary--14,C0,1,0.0,hit_max_rounds,1022,1022,1022,184,184,184,183,183,183,0,0,0,0,0,0,0,0,0,61.0,61.0,61.0
fara-7b,Cambridge_Dictionary--14,C2,1,0.0,agent_error,204,204,204,78,78,78,77,77,77,0,0,0,17,17,17,0,0,0,33.0,33.0,33.0
fara-7b,Cambridge_Dictionary--14,C5,1,0.0,hit_max_rounds,1008,1008,1008,196,196,196,195,195,195,0,0,0,0,0,0,0,0,0,62.2,62.2,62.2
fara-7b,Cambridge_Dictionary--14,C7,1,1.0,success,93,93,93,17,17,17,16,16,16,0,0,0,0,0,0,5,5,5,23.9,23.9,23.9
fara-7b,Cambridge_Dictionary--14,C8,1,1.0,success,122,122,122,19,19,19,18,18,18,0,0,0,0,0,0,4,4,4,24.2,24.2,24.2
fara-7b,Cambridge_Dictionary--15,C0,1,0.0,hit_max_rounds,941,941,941,180,180,180,179,179,179,0,0,0,0,0,0,0,0,0,59.5,59.5,59.5
fara-7b,Cambridge_Dictionary--15,C2,1,1.0,success,237,237,237,86,86,86,85,85,85,0,0,0,19,19,19,0,0,0,30.2,30.2,30.2
fara-7b,Cambridge_Dictionary--15,C5,1,1.0,success,940,940,940,180,180,180,179,179,179,0,0,0,0,0,0,0,0,0,49.2,49.2,49.2
fara-7b,Cambridge_Dictionary--15,C7,1,1.0,success,103,103,103,18,18,18,17,17,17,0,0,0,0,0,0,5,5,5,23.6,23.6,23.6
fara-7b,Cambridge_Dictionary--15,C8,1,1.0,success,103,103,103,19,19,19,18,18,18,0,0,0,0,0,0,4,4,4,25.5,25.5,25.5
fara-7b,Cambridge_Dictionary--16,C0,1,1.0,success,925,925,925,183,183,183,182,182,182,0,0,0,0,0,0,0,0,0,54.4,54.4,54.4
fara-7b,Cambridge_Dictionary--16,C2,1,0.0,hit_max_rounds,236,236,236,80,80,80,79,79,79,0,0,0,25,25,25,0,0,0,55.6,55.6,55.6
fara-7b,Cambridge_Dictionary--16,C5,1,1.0,success,542,542,542,171,171,171,170,170,170,0,0,0,0,0,0,0,0,0,26.1,26.1,26.1
fara-7b,Cambridge_Dictionary--16,C7,1,1.0,success,95,95,95,18,18,18,17,17,17,0,0,0,0,0,0,5,5,5,25.4,25.4,25.4
fara-7b,Cambridge_Dictionary--16,C8,1,1.0,success,104,104,104,18,18,18,17,17,17,0,0,0,0,0,0,4,4,4,29.4,29.4,29.4
fara-7b,Cambridge_Dictionary--17,C0,1,1.0,success,976,976,976,208,208,208,207,207,207,0,0,0,0,0,0,0,0,0,50.3,50.3,50.3
fara-7b,Cambridge_Dictionary--17,C2,1,0.0,hit_max_rounds,223,223,223,81,81,81,80,80,80,0,0,0,21,21,21,0,0,0,51.8,51.8,51.8
fara-7b,Cambridge_Dictionary--17,C5,1,0.0,hit_max_rounds,920,920,920,185,185,185,184,184,184,0,0,0,0,0,0,0,0,0,62.6,62.6,62.6
fara-7b,Cambridge_Dictionary--17,C7,1,1.0,success,96,96,96,18,18,18,17,17,17,0,0,0,0,0,0,5,5,5,23.6,23.6,23.6
fara-7b,Cambridge_Dictionary--17,C8,1,1.0,success,114,114,114,19,19,19,18,18,18,0,0,0,0,0,0,4,4,4,23.4,23.4,23.4
fara-7b,Cambridge_Dictionary--18,C0,1,0.0,hit_max_rounds,924,924,924,178,178,178,177,177,177,0,0,0,0,0,0,0,0,0,61.7,61.7,61.7
fara-7b,Cambridge_Dictionary--18,C2,1,0.0,hit_max_rounds,236,236,236,83,83,83,82,82,82,0,0,0,26,26,26,0,0,0,52.5,52.5,52.5
fara-7b,Cambridge_Dictionary--18,C5,1,0.0,hit_max_rounds,1187,1187,1187,209,209,209,208,208,208,0,0,0,0,0,0,0,0,0,60.9,60.9,60.9
fara-7b,Cambridge_Dictionary--18,C7,1,1.0,success,158,158,158,20,20,20,19,19,19,0,0,0,0,0,0,8,8,8,25.0,25.0,25.0
fara-7b,Cambridge_Dictionary--18,C8,1,1.0,success,125,125,125,18,18,18,17,17,17,0,0,0,0,0,0,7,7,7,23.9,23.9,23.9
fara-7b,Cambridge_Dictionary--19,C0,1,1.0,success,857,857,857,174,174,174,173,173,173,0,0,0,0,0,0,0,0,0,48.0,48.0,48.0
fara-7b,Cambridge_Dictionary--19,C2,1,1.0,success,353,353,353,85,85,85,84,84,84,0,0,0,34,34,34,0,0,0,38.2,38.2,38.2
fara-7b,Cambridge_Dictionary--19,C5,1,1.0,success,715,715,715,184,184,184,183,183,183,0,0,0,0,0,0,0,0,0,32.2,32.2,32.2
fara-7b,Cambridge_Dictionary--19,C7,1,1.0,success,152,152,152,22,22,22,21,21,21,0,0,0,1,1,1,6,6,6,25.4,25.4,25.4
fara-7b,Cambridge_Dictionary--19,C8,1,1.0,success,116,116,116,21,21,21,20,20,20,0,0,0,1,1,1,4,4,4,25.7,25.7,25.7
fara-7b,Cambridge_Dictionary--2,C0,1,1.0,success,1054,1054,1054,199,199,199,198,198,198,0,0,0,0,0,0,0,0,0,57.7,57.7,57.7
fara-7b,Cambridge_Dictionary--2,C2,1,0.0,hit_max_rounds,229,229,229,81,81,81,80,80,80,0,0,0,22,22,22,0,0,0,56.2,56.2,56.2
fara-7b,Cambridge_Dictionary--2,C5,1,0.0,agent_error,1006,1006,1006,201,201,201,200,200,200,0,0,0,0,0,0,0,0,0,119.7,119.7,119.7
fara-7b,Cambridge_Dictionary--2,C7,1,1.0,success,96,96,96,17,17,17,16,16,16,0,0,0,0,0,0,4,4,4,31.6,31.6,31.6
fara-7b,Cambridge_Dictionary--2,C8,1,1.0,success,112,112,112,19,19,19,18,18,18,0,0,0,0,0,0,4,4,4,32.6,32.6,32.6
fara-7b,Cambridge_Dictionary--20,C0,1,1.0,success,1132,1132,1132,199,199,199,198,198,198,0,0,0,0,0,0,0,0,0,55.9,55.9,55.9
fara-7b,Cambridge_Dictionary--20,C2,1,0.0,hit_max_rounds,360,360,360,90,90,90,89,89,89,0,0,0,37,37,37,0,0,0,56.5,56.5,56.5
fara-7b,Cambridge_Dictionary--20,C5,1,1.0,success,774,774,774,180,180,180,179,179,179,0,0,0,0,0,0,0,0,0,41.8,41.8,41.8
fara-7b,Cambridge_Dictionary--20,C7,1,1.0,success,114,114,114,19,19,19,18,18,18,0,0,0,0,0,0,4,4,4,42.7,42.7,42.7
fara-7b,Cambridge_Dictionary--20,C8,1,1.0,success,89,89,89,17,17,17,16,16,16,0,0,0,0,0,0,4,4,4,24.2,24.2,24.2
fara-7b,Cambridge_Dictionary--21,C0,1,1.0,success,823,823,823,174,174,174,173,173,173,0,0,0,0,0,0,0,0,0,41.0,41.0,41.0
fara-7b,Cambridge_Dictionary--21,C2,1,1.0,success,221,221,221,83,83,83,82,82,82,0,0,0,20,20,20,0,0,0,29.5,29.5,29.5
fara-7b,Cambridge_Dictionary--21,C5,1,1.0,success,639,639,639,162,162,162,161,161,161,0,0,0,0,0,0,0,0,0,45.4,45.4,45.4
fara-7b,Cambridge_Dictionary--21,C7,1,0.0,hit_max_rounds,175,175,175,20,20,20,19,19,19,0,0,0,1,1,1,11,11,11,58.4,58.4,58.4
fara-7b,Cambridge_Dictionary--21,C8,1,1.0,success,149,149,149,17,17,17,16,16,16,0,0,0,0,0,0,6,6,6,55.7,55.7,55.7
fara-7b,Cambridge_Dictionary--22,C0,1,0.0,hit_max_rounds,1172,1172,1172,222,222,222,221,221,221,0,0,0,0,0,0,0,0,0,66.5,66.5,66.5
fara-7b,Cambridge_Dictionary--22,C2,1,0.0,hit_max_rounds,227,227,227,83,83,83,82,82,82,0,0,0,23,23,23,0,0,0,53.5,53.5,53.5
fara-7b,Cambridge_Dictionary--22,C5,1,0.0,agent_error,634,634,634,179,179,179,178,178,178,0,0,0,0,0,0,0,0,0,88.2,88.2,88.2
fara-7b,Cambridge_Dictionary--22,C7,1,1.0,success,105,105,105,18,18,18,17,17,17,0,0,0,0,0,0,5,5,5,23.8,23.8,23.8
fara-7b,Cambridge_Dictionary--22,C8,1,1.0,success,103,103,103,19,19,19,18,18,18,0,0,0,0,0,0,4,4,4,24.7,24.7,24.7
fara-7b,Cambridge_Dictionary--23,C0,1,1.0,success,277,277,277,59,59,59,58,58,58,0,0,0,0,0,0,0,0,0,52.6,52.6,52.6
fara-7b,Cambridge_Dictionary--23,C2,1,0.0,hit_max_rounds,243,243,243,86,86,86,85,85,85,0,0,0,22,22,22,0,0,0,56.3,56.3,56.3
fara-7b,Cambridge_Dictionary--23,C5,1,0.0,hit_max_rounds,771,771,771,169,169,169,168,168,168,0,0,0,0,0,0,0,0,0,58.6,58.6,58.6
fara-7b,Cambridge_Dictionary--23,C7,1,1.0,success,108,108,108,19,19,19,18,18,18,0,0,0,0,0,0,4,4,4,24.4,24.4,24.4
fara-7b,Cambridge_Dictionary--23,C8,1,1.0,success,92,92,92,17,17,17,16,16,16,0,0,0,0,0,0,5,5,5,24.4,24.4,24.4
fara-7b,Cambridge_Dictionary--24,C0,1,0.0,hit_max_rounds,806,806,806,185,185,185,184,184,184,0,0,0,0,0,0,0,0,0,58.1,58.1,58.1
fara-7b,Cambridge_Dictionary--24,C2,1,1.0,success,219,219,219,83,83,83,82,82,82,0,0,0,20,20,20,0,0,0,30.3,30.3,30.3
fara-7b,Cambridge_Dictionary--24,C5,1,0.0,hit_max_rounds,764,764,764,173,173,173,172,172,172,0,0,0,0,0,0,0,0,0,56.2,56.2,56.2
fara-7b,Cambridge_Dictionary--24,C7,1,1.0,success,105,105,105,19,19,19,18,18,18,0,0,0,0,0,0,5,5,5,24.3,24.3,24.3
fara-7b,Cambridge_Dictionary--24,C8,1,1.0,success,103,103,103,19,19,19,18,18,18,0,0,0,0,0,0,4,4,4,24.9,24.9,24.9
fara-7b,Cambridge_Dictionary--25,C0,1,0.0,hit_max_rounds,996,996,996,193,193,193,192,192,192,0,0,0,0,0,0,0,0,0,59.3,59.3,59.3
fara-7b,Cambridge_Dictionary--25,C2,1,0.0,hit_max_rounds,363,363,363,87,87,87,86,86,86,0,0,0,33,33,33,0,0,0,57.9,57.9,57.9
fara-7b,Cambridge_Dictionary--25,C5,1,0.0,agent_error,972,972,972,195,195,195,194,194,194,0,0,0,0,0,0,0,0,0,43.6,43.6,43.6
fara-7b,Cambridge_Dictionary--25,C7,1,1.0,success,108,108,108,19,19,19,18,18,18,0,0,0,0,0,0,5,5,5,25.6,25.6,25.6
fara-7b,Cambridge_Dictionary--25,C8,1,1.0,success,107,107,107,19,19,19,18,18,18,0,0,0,0,0,0,4,4,4,25.5,25.5,25.5
fara-7b,Cambridge_Dictionary--26,C0,1,0.0,agent_error,758,758,758,189,189,189,188,188,188,0,0,0,0,0,0,0,0,0,96.4,96.4,96.4
fara-7b,Cambridge_Dictionary--26,C2,1,1.0,success,347,347,347,89,89,89,88,88,88,0,0,0,33,33,33,0,0,0,38.4,38.4,38.4
fara-7b,Cambridge_Dictionary--26,C5,1,1.0,success,798,798,798,165,165,165,164,164,164,0,0,0,0,0,0,0,0,0,40.1,40.1,40.1
fara-7b,Cambridge_Dictionary--26,C7,1,1.0,success,109,109,109,19,19,19,18,18,18,0,0,0,0,0,0,5,5,5,23.5,23.5,23.5
fara-7b,Cambridge_Dictionary--26,C8,1,1.0,success,106,106,106,19,19,19,18,18,18,0,0,0,0,0,0,5,5,5,23.3,23.3,23.3
fara-7b,Cambridge_Dictionary--27,C0,1,0.0,hit_max_rounds,872,872,872,167,167,167,166,166,166,0,0,0,0,0,0,0,0,0,61.7,61.7,61.7
fara-7b,Cambridge_Dictionary--27,C2,1,0.0,hit_max_rounds,254,254,254,87,87,87,86,86,86,0,0,0,23,23,23,0,0,0,54.7,54.7,54.7
fara-7b,Cambridge_Dictionary--27,C5,1,1.0,success,969,969,969,199,199,199,198,198,198,0,0,0,0,0,0,0,0,0,54.5,54.5,54.5
fara-7b,Cambridge_Dictionary--27,C7,1,1.0,success,108,108,108,17,17,17,16,16,16,0,0,0,0,0,0,4,4,4,25.0,25.0,25.0
fara-7b,Cambridge_Dictionary--27,C8,1,1.0,success,93,93,93,17,17,17,16,16,16,0,0,0,0,0,0,4,4,4,24.2,24.2,24.2
fara-7b,Cambridge_Dictionary--28,C0,1,0.0,hit_max_rounds,973,973,973,182,182,182,181,181,181,0,0,0,0,0,0,0,0,0,57.9,57.9,57.9
fara-7b,Cambridge_Dictionary--28,C2,1,0.0,hit_max_rounds,219,219,219,81,81,81,80,80,80,0,0,0,22,22,22,0,0,0,56.1,56.1,56.1
fara-7b,Cambridge_Dictionary--28,C5,1,0.0,hit_max_rounds,1058,1058,1058,188,188,188,187,187,187,0,0,0,0,0,0,0,0,0,60.8,60.8,60.8
fara-7b,Cambridge_Dictionary--28,C7,1,1.0,success,121,121,121,18,18,18,17,17,17,0,0,0,0,0,0,7,7,7,24.3,24.3,24.3
fara-7b,Cambridge_Dictionary--28,C8,1,1.0,success,114,114,114,17,17,17,16,16,16,0,0,0,0,0,0,7,7,7,24.2,24.2,24.2
fara-7b,Cambridge_Dictionary--29,C0,1,0.0,hit_max_rounds,1030,1030,1030,188,188,188,187,187,187,0,0,0,0,0,0,0,0,0,62.8,62.8,62.8
fara-7b,Cambridge_Dictionary--29,C2,1,0.0,hit_max_rounds,327,327,327,89,89,89,88,88,88,0,0,0,33,33,33,0,0,0,55.4,55.4,55.4
fara-7b,Cambridge_Dictionary--29,C5,1,0.0,hit_max_rounds,759,759,759,169,169,169,168,168,168,0,0,0,0,0,0,0,0,0,50.8,50.8,50.8
fara-7b,Cambridge_Dictionary--29,C7,1,0.0,hit_max_rounds,220,220,220,19,19,19,18,18,18,0,0,0,0,0,0,9,9,9,58.8,58.8,58.8
fara-7b,Cambridge_Dictionary--29,C8,1,0.0,hit_max_rounds,277,277,277,20,20,20,19,19,19,0,0,0,0,0,0,9,9,9,57.6,57.6,57.6
fara-7b,Cambridge_Dictionary--3,C0,1,1.0,success,791,791,791,177,177,177,176,176,176,0,0,0,0,0,0,0,0,0,43.2,43.2,43.2
fara-7b,Cambridge_Dictionary--3,C2,1,0.0,hit_max_rounds,239,239,239,82,82,82,81,81,81,0,0,0,28,28,28,0,0,0,55.5,55.5,55.5
fara-7b,Cambridge_Dictionary--3,C5,1,1.0,success,769,769,769,187,187,187,186,186,186,0,0,0,0,0,0,0,0,0,53.4,53.4,53.4
fara-7b,Cambridge_Dictionary--3,C7,1,1.0,success,111,111,111,18,18,18,17,17,17,0,0,0,0,0,0,5,5,5,43.3,43.3,43.3
fara-7b,Cambridge_Dictionary--3,C8,1,0.0,hit_max_rounds,136,136,136,19,19,19,18,18,18,0,0,0,0,0,0,7,7,7,58.0,58.0,58.0
fara-7b,Cambridge_Dictionary--30,C0,1,0.0,hit_max_rounds,901,901,901,177,177,177,176,176,176,0,0,0,0,0,0,0,0,0,57.4,57.4,57.4
fara-7b,Cambridge_Dictionary--30,C2,1,0.0,hit_max_rounds,231,231,231,83,83,83,82,82,82,0,0,0,23,23,23,0,0,0,53.2,53.2,53.2
fara-7b,Cambridge_Dictionary--30,C5,1,0.0,hit_max_rounds,791,791,791,169,169,169,168,168,168,0,0,0,0,0,0,0,0,0,59.5,59.5,59.5
fara-7b,Cambridge_Dictionary--30,C7,1,1.0,success,121,121,121,18,18,18,17,17,17,0,0,0,0,0,0,6,6,6,48.9,48.9,48.9
fara-7b,Cambridge_Dictionary--30,C8,1,1.0,success,161,161,161,19,19,19,18,18,18,0,0,0,0,0,0,11,11,11,56.4,56.4,56.4
fara-7b,Cambridge_Dictionary--31,C0,1,0.0,hit_max_rounds,1100,1100,1100,205,205,205,204,204,204,0,0,0,0,0,0,0,0,0,63.2,63.2,63.2
fara-7b,Cambridge_Dictionary--31,C2,1,0.0,hit_max_rounds,240,240,240,83,83,83,82,82,82,0,0,0,27,27,27,0,0,0,51.5,51.5,51.5
fara-7b,Cambridge_Dictionary--31,C5,1,1.0,success,1014,1014,1014,199,199,199,198,198,198,0,0,0,0,0,0,0,0,0,53.8,53.8,53.8
fara-7b,Cambridge_Dictionary--31,C7,1,0.0,hit_max_rounds,184,184,184,19,19,19,18,18,18,0,0,0,0,0,0,12,12,12,57.2,57.2,57.2
fara-7b,Cambridge_Dictionary--31,C8,1,1.0,success,196,196,196,20,20,20,19,19,19,0,0,0,0,0,0,11,11,11,44.9,44.9,44.9
fara-7b,Cambridge_Dictionary--32,C0,1,1.0,success,793,793,793,182,182,182,181,181,181,0,0,0,0,0,0,0,0,0,41.7,41.7,41.7
fara-7b,Cambridge_Dictionary--32,C2,1,0.0,hit_max_rounds,238,238,238,85,85,85,84,84,84,0,0,0,23,23,23,0,0,0,54.4,54.4,54.4
fara-7b,Cambridge_Dictionary--32,C5,1,1.0,success,860,860,860,180,180,180,179,179,179,0,0,0,0,0,0,0,0,0,48.6,48.6,48.6
fara-7b,Cambridge_Dictionary--32,C7,1,0.0,hit_max_rounds,132,132,132,20,20,20,19,19,19,0,0,0,2,2,2,7,7,7,54.5,54.5,54.5
fara-7b,Cambridge_Dictionary--32,C8,1,0.0,hit_max_rounds,113,113,113,18,18,18,17,17,17,0,0,0,0,0,0,7,7,7,58.5,58.5,58.5
fara-7b,Cambridge_Dictionary--33,C0,1,0.0,hit_max_rounds,940,940,940,201,201,201,200,200,200,0,0,0,0,0,0,0,0,0,60.1,60.1,60.1
fara-7b,Cambridge_Dictionary--33,C2,1,1.0,success,263,263,263,51,51,51,50,50,50,0,0,0,1,1,1,0,0,0,33.0,33.0,33.0
fara-7b,Cambridge_Dictionary--33,C5,1,0.0,hit_max_rounds,840,840,840,175,175,175,174,174,174,0,0,0,0,0,0,0,0,0,57.4,57.4,57.4
fara-7b,Cambridge_Dictionary--33,C7,1,0.0,hit_max_rounds,174,174,174,19,19,19,18,18,18,0,0,0,0,0,0,13,13,13,55.5,55.5,55.5
fara-7b,Cambridge_Dictionary--33,C8,1,1.0,success,186,186,186,19,19,19,18,18,18,0,0,0,0,0,0,12,12,12,55.4,55.4,55.4
fara-7b,Cambridge_Dictionary--34,C0,1,0.0,hit_max_rounds,841,841,841,176,176,176,175,175,175,0,0,0,0,0,0,0,0,0,59.1,59.1,59.1
fara-7b,Cambridge_Dictionary--34,C2,1,0.0,hit_max_rounds,225,225,225,83,83,83,82,82,82,0,0,0,22,22,22,0,0,0,54.7,54.7,54.7
fara-7b,Cambridge_Dictionary--34,C5,1,0.0,hit_max_rounds,1025,1025,1025,185,185,185,184,184,184,0,0,0,0,0,0,0,0,0,59.5,59.5,59.5
fara-7b,Cambridge_Dictionary--34,C7,1,0.0,hit_max_rounds,168,168,168,19,19,19,18,18,18,0,0,0,0,0,0,12,12,12,54.8,54.8,54.8
fara-7b,Cambridge_Dictionary--34,C8,1,0.0,hit_max_rounds,144,144,144,18,18,18,17,17,17,0,0,0,0,0,0,11,11,11,54.0,54.0,54.0
fara-7b,Cambridge_Dictionary--35,C0,1,0.0,hit_max_rounds,1033,1033,1033,183,183,183,182,182,182,0,0,0,0,0,0,0,0,0,69.1,69.1,69.1
fara-7b,Cambridge_Dictionary--35,C2,1,0.0,hit_max_rounds,344,344,344,90,90,90,89,89,89,0,0,0,36,36,36,0,0,0,53.9,53.9,53.9
fara-7b,Cambridge_Dictionary--35,C5,1,0.0,unknown,933,933,933,165,165,165,164,164,164,0,0,0,0,0,0,0,0,0,,,
fara-7b,Cambridge_Dictionary--35,C7,1,0.0,agent_error,79,79,79,19,19,19,18,18,18,0,0,0,0,0,0,2,2,2,7.8,7.8,7.8
fara-7b,Cambridge_Dictionary--35,C8,1,1.0,success,144,144,144,18,18,18,17,17,17,0,0,0,0,0,0,8,8,8,48.8,48.8,48.8
fara-7b,Cambridge_Dictionary--36,C0,1,0.0,hit_max_rounds,1131,1131,1131,204,204,204,203,203,203,0,0,0,0,0,0,0,0,0,65.2,65.2,65.2
fara-7b,Cambridge_Dictionary--36,C2,1,0.0,hit_max_rounds,260,260,260,85,85,85,84,84,84,0,0,0,25,25,25,0,0,0,54.5,54.5,54.5
fara-7b,Cambridge_Dictionary--36,C5,1,0.0,hit_max_rounds,1108,1108,1108,179,179,179,178,178,178,0,0,0,0,0,0,0,0,0,61.1,61.1,61.1
fara-7b,Cambridge_Dictionary--36,C7,1,1.0,success,135,135,135,19,19,19,18,18,18,0,0,0,1,1,1,9,9,9,32.6,32.6,32.6
fara-7b,Cambridge_Dictionary--36,C8,1,0.0,unknown,0,0,0,0,0,0,0,0,0,0,0,0,0,0,0,0,0,0,,,
fara-7b,Cambridge_Dictionary--37,C0,1,1.0,success,401,401,401,60,60,60,59,59,59,0,0,0,0,0,0,0,0,0,51.7,51.7,51.7
fara-7b,Cambridge_Dictionary--37,C2,1,1.0,success,398,398,398,57,57,57,56,56,56,0,0,0,2,2,2,0,0,0,51.8,51.8,51.8
fara-7b,Cambridge_Dictionary--37,C5,1,0.0,hit_max_rounds,1026,1026,1026,191,191,191,190,190,190,0,0,0,0,0,0,0,0,0,62.2,62.2,62.2
fara-7b,Cambridge_Dictionary--37,C7,1,1.0,success,164,164,164,19,19,19,18,18,18,0,0,0,0,0,0,10,10,10,45.4,45.4,45.4
fara-7b,Cambridge_Dictionary--37,C8,1,0.0,hit_max_rounds,179,179,179,20,20,20,19,19,19,0,0,0,0,0,0,10,10,10,54.1,54.1,54.1
fara-7b,Cambridge_Dictionary--38,C0,1,1.0,success,410,410,410,139,139,139,138,138,138,0,0,0,0,0,0,0,0,0,23.3,23.3,23.3
fara-7b,Cambridge_Dictionary--38,C2,1,0.0,hit_max_rounds,244,244,244,81,81,81,80,80,80,0,0,0,25,25,25,0,0,0,52.6,52.6,52.6
fara-7b,Cambridge_Dictionary--38,C5,1,0.0,hit_max_rounds,912,912,912,186,186,186,185,185,185,0,0,0,0,0,0,0,0,0,62.6,62.6,62.6
fara-7b,Cambridge_Dictionary--38,C7,1,0.0,hit_max_rounds,172,172,172,19,19,19,18,18,18,0,0,0,0,0,0,9,9,9,58.8,58.8,58.8
fara-7b,Cambridge_Dictionary--38,C8,1,0.0,hit_max_rounds,183,183,183,21,21,21,20,20,20,0,0,0,1,1,1,8,8,8,59.8,59.8,59.8
fara-7b,Cambridge_Dictionary--39,C0,1,0.0,hit_max_rounds,1119,1119,1119,214,214,214,213,213,213,0,0,0,0,0,0,0,0,0,65.2,65.2,65.2
fara-7b,Cambridge_Dictionary--39,C2,1,0.0,hit_max_rounds,350,350,350,89,89,89,88,88,88,0,0,0,42,42,42,0,0,0,54.4,54.4,54.4
fara-7b,Cambridge_Dictionary--39,C5,1,0.0,hit_max_rounds,1101,1101,1101,197,197,197,196,196,196,0,0,0,0,0,0,0,0,0,61.9,61.9,61.9
fara-7b,Cambridge_Dictionary--39,C7,1,0.0,hit_max_rounds,163,163,163,18,18,18,17,17,17,0,0,0,0,0,0,7,7,7,57.5,57.5,57.5
fara-7b,Cambridge_Dictionary--39,C8,1,0.0,hit_max_rounds,181,181,181,19,19,19,18,18,18,0,0,0,0,0,0,7,7,7,58.0,58.0,58.0
fara-7b,Cambridge_Dictionary--4,C0,1,1.0,success,949,949,949,193,193,193,192,192,192,0,0,0,0,0,0,0,0,0,47.1,47.1,47.1
fara-7b,Cambridge_Dictionary--4,C2,1,0.0,hit_max_rounds,325,325,325,86,86,86,85,85,85,0,0,0,36,36,36,0,0,0,56.1,56.1,56.1
fara-7b,Cambridge_Dictionary--4,C5,1,1.0,success,803,803,803,167,167,167,166,166,166,0,0,0,0,0,0,0,0,0,51.7,51.7,51.7
fara-7b,Cambridge_Dictionary--4,C7,1,1.0,success,103,103,103,18,18,18,17,17,17,0,0,0,0,0,0,5,5,5,29.1,29.1,29.1
fara-7b,Cambridge_Dictionary--4,C8,1,1.0,success,91,91,91,17,17,17,16,16,16,0,0,0,0,0,0,5,5,5,23.1,23.1,23.1
fara-7b,Cambridge_Dictionary--40,C0,1,1.0,success,690,690,690,170,170,170,169,169,169,0,0,0,0,0,0,0,0,0,38.9,38.9,38.9
fara-7b,Cambridge_Dictionary--40,C2,1,1.0,success,353,353,353,89,89,89,88,88,88,0,0,0,34,34,34,0,0,0,53.3,53.3,53.3
fara-7b,Cambridge_Dictionary--40,C5,1,1.0,success,927,927,927,200,200,200,199,199,199,0,0,0,0,0,0,0,0,0,47.3,47.3,47.3
fara-7b,Cambridge_Dictionary--40,C7,1,1.0,success,123,123,123,19,19,19,18,18,18,0,0,0,0,0,0,5,5,5,38.6,38.6,38.6
fara-7b,Cambridge_Dictionary--40,C8,1,1.0,success,134,134,134,20,20,20,19,19,19,0,0,0,0,0,0,5,5,5,24.2,24.2,24.2
fara-7b,Cambridge_Dictionary--41,C0,1,0.0,hit_max_rounds,902,902,902,196,196,196,195,195,195,0,0,0,0,0,0,0,0,0,62.5,62.5,62.5
fara-7b,Cambridge_Dictionary--41,C2,1,0.0,hit_max_rounds,342,342,342,86,86,86,85,85,85,0,0,0,33,33,33,0,0,0,56.6,56.6,56.6
fara-7b,Cambridge_Dictionary--41,C5,1,0.0,hit_max_rounds,853,853,853,190,190,190,189,189,189,0,0,0,0,0,0,0,0,0,58.3,58.3,58.3
fara-7b,Cambridge_Dictionary--41,C7,1,0.0,hit_max_rounds,71,71,71,18,18,18,17,17,17,0,0,0,3,3,3,2,2,2,49.8,49.8,49.8
fara-7b,Cambridge_Dictionary--41,C8,1,0.0,hit_max_rounds,151,151,151,20,20,20,19,19,19,0,0,0,0,0,0,6,6,6,55.7,55.7,55.7
fara-7b,Cambridge_Dictionary--42,C0,1,1.0,success,516,516,516,168,168,168,167,167,167,0,0,0,0,0,0,0,0,0,38.5,38.5,38.5
fara-7b,Cambridge_Dictionary--42,C2,1,1.0,success,227,227,227,83,83,83,82,82,82,0,0,0,19,19,19,0,0,0,37.3,37.3,37.3
fara-7b,Cambridge_Dictionary--42,C5,1,1.0,success,531,531,531,174,174,174,173,173,173,0,0,0,0,0,0,0,0,0,37.4,37.4,37.4
fara-7b,Cambridge_Dictionary--42,C7,1,1.0,success,191,191,191,18,18,18,17,17,17,0,0,0,0,0,0,5,5,5,24.3,24.3,24.3
fara-7b,Cambridge_Dictionary--42,C8,1,1.0,success,149,149,149,19,19,19,18,18,18,0,0,0,0,0,0,6,6,6,23.9,23.9,23.9
fara-7b,Cambridge_Dictionary--5,C0,1,0.0,hit_max_rounds,998,998,998,205,205,205,204,204,204,0,0,0,0,0,0,0,0,0,64.4,64.4,64.4
fara-7b,Cambridge_Dictionary--5,C2,1,0.0,hit_max_rounds,245,245,245,84,84,84,83,83,83,0,0,0,23,23,23,0,0,0,53.9,53.9,53.9
fara-7b,Cambridge_Dictionary--5,C5,1,0.0,unknown,766,766,766,156,156,156,155,155,155,0,0,0,0,0,0,0,0,0,,,
fara-7b,Cambridge_Dictionary--5,C7,1,1.0,success,102,102,102,18,18,18,17,17,17,0,0,0,0,0,0,5,5,5,31.9,31.9,31.9
fara-7b,Cambridge_Dictionary--5,C8,1,1.0,success,96,96,96,17,17,17,16,16,16,0,0,0,0,0,0,4,4,4,31.3,31.3,31.3
fara-7b,Cambridge_Dictionary--6,C0,1,1.0,success,1004,1004,1004,202,202,202,201,201,201,0,0,0,0,0,0,0,0,0,40.1,40.1,40.1
fara-7b,Cambridge_Dictionary--6,C2,1,0.0,hit_max_rounds,221,221,221,81,81,81,80,80,80,0,0,0,21,21,21,0,0,0,51.7,51.7,51.7
fara-7b,Cambridge_Dictionary--6,C5,1,1.0,success,860,860,860,180,180,180,179,179,179,0,0,0,0,0,0,0,0,0,40.4,40.4,40.4
fara-7b,Cambridge_Dictionary--6,C7,1,0.0,hit_max_rounds,120,120,120,19,19,19,18,18,18,0,0,0,0,0,0,4,4,4,56.0,56.0,56.0
fara-7b,Cambridge_Dictionary--6,C8,1,0.0,hit_max_rounds,132,132,132,19,19,19,18,18,18,0,0,0,2,2,2,6,6,6,60.7,60.7,60.7
fara-7b,Cambridge_Dictionary--7,C0,1,0.0,hit_max_rounds,960,960,960,193,193,193,192,192,192,0,0,0,0,0,0,0,0,0,65.4,65.4,65.4
fara-7b,Cambridge_Dictionary--7,C2,1,0.0,hit_max_rounds,227,227,227,82,82,82,81,81,81,0,0,0,25,25,25,0,0,0,54.9,54.9,54.9
fara-7b,Cambridge_Dictionary--7,C5,1,0.0,hit_max_rounds,911,911,911,181,181,181,180,180,180,0,0,0,0,0,0,0,0,0,63.0,63.0,63.0
fara-7b,Cambridge_Dictionary--7,C7,1,1.0,success,104,104,104,19,19,19,18,18,18,0,0,0,0,0,0,5,5,5,24.3,24.3,24.3
fara-7b,Cambridge_Dictionary--7,C8,1,1.0,success,131,131,131,18,18,18,17,17,17,0,0,0,0,0,0,5,5,5,24.8,24.8,24.8
fara-7b,Cambridge_Dictionary--8,C0,1,1.0,success,834,834,834,178,178,178,177,177,177,0,0,0,0,0,0,0,0,0,48.2,48.2,48.2
fara-7b,Cambridge_Dictionary--8,C2,1,0.0,hit_max_rounds,715,715,715,94,94,94,93,93,93,0,0,0,57,57,57,0,0,0,56.0,56.0,56.0
fara-7b,Cambridge_Dictionary--8,C5,1,1.0,success,866,866,866,185,185,185,184,184,184,0,0,0,0,0,0,0,0,0,40.4,40.4,40.4
fara-7b,Cambridge_Dictionary--8,C7,1,1.0,success,92,92,92,17,17,17,16,16,16,0,0,0,0,0,0,4,4,4,31.1,31.1,31.1
fara-7b,Cambridge_Dictionary--8,C8,1,1.0,success,140,140,140,20,20,20,19,19,19,0,0,0,0,0,0,6,6,6,31.0,31.0,31.0
fara-7b,Cambridge_Dictionary--9,C0,1,0.0,hit_max_rounds,912,912,912,181,181,181,180,180,180,0,0,0,0,0,0,0,0,0,64.6,64.6,64.6
fara-7b,Cambridge_Dictionary--9,C2,1,0.0,hit_max_rounds,246,246,246,87,87,87,86,86,86,0,0,0,22,22,22,0,0,0,59.3,59.3,59.3
fara-7b,Cambridge_Dictionary--9,C5,1,1.0,success,1192,1192,1192,198,198,198,197,197,197,0,0,0,0,0,0,0,0,0,65.3,65.3,65.3
fara-7b,Cambridge_Dictionary--9,C7,1,1.0,success,113,113,113,19,19,19,18,18,18,0,0,0,0,0,0,5,5,5,24.7,24.7,24.7
fara-7b,Cambridge_Dictionary--9,C8,1,1.0,success,95,95,95,17,17,17,16,16,16,0,0,0,0,0,0,4,4,4,24.8,24.8,24.8
fara-7b,Coursera--0,C0,1,1.0,success,611,611,611,39,39,39,37,37,37,0,0,0,0,0,0,0,0,0,41.9,41.9,41.9
fara-7b,Coursera--0,C2,1,1.0,success,669,669,669,38,38,38,36,36,36,0,0,0,1,1,1,0,0,0,50.2,50.2,50.2
fara-7b,Coursera--0,C5,1,1.0,success,622,622,622,40,40,40,38,38,38,0,0,0,0,0,0,0,0,0,42.6,42.6,42.6
fara-7b,Coursera--0,C7,1,1.0,success,471,471,471,10,10,10,9,9,9,0,0,0,0,0,0,3,3,3,36.6,36.6,36.6
fara-7b,Coursera--0,C8,1,1.0,success,435,435,435,10,10,10,9,9,9,0,0,0,0,0,0,3,3,3,28.9,28.9,28.9
fara-7b,Coursera--1,C0,1,1.0,success,562,562,562,39,39,39,37,37,37,0,0,0,0,0,0,0,0,0,28.5,28.5,28.5
fara-7b,Coursera--1,C2,1,1.0,success,841,841,841,38,38,38,36,36,36,0,0,0,2,2,2,0,0,0,34.5,34.5,34.5
fara-7b,Coursera--1,C5,1,1.0,success,829,829,829,39,39,39,37,37,37,0,0,0,0,0,0,0,0,0,38.2,38.2,38.2
fara-7b,Coursera--1,C7,1,1.0,success,429,429,429,9,9,9,8,8,8,0,0,0,0,0,0,3,3,3,27.7,27.7,27.7
fara-7b,Coursera--1,C8,1,1.0,success,300,300,300,9,9,9,8,8,8,0,0,0,0,0,0,2,2,2,27.4,27.4,27.4
fara-7b,Coursera--10,C0,1,1.0,success,715,715,715,39,39,39,37,37,37,0,0,0,0,0,0,0,0,0,44.4,44.4,44.4
fara-7b,Coursera--10,C2,1,1.0,success,568,568,568,38,38,38,36,36,36,0,0,0,1,1,1,0,0,0,30.4,30.4,30.4
fara-7b,Coursera--10,C5,1,1.0,success,609,609,609,39,39,39,37,37,37,0,0,0,0,0,0,0,0,0,27.7,27.7,27.7
fara-7b,Coursera--10,C7,1,1.0,success,446,446,446,10,10,10,9,9,9,0,0,0,0,0,0,3,3,3,46.1,46.1,46.1
fara-7b,Coursera--10,C8,1,1.0,success,394,394,394,10,10,10,9,9,9,0,0,0,0,0,0,2,2,2,44.4,44.4,44.4
fara-7b,Coursera--11,C0,1,0.0,hit_max_rounds,844,844,844,40,40,40,38,38,38,0,0,0,0,0,0,0,0,0,63.1,63.1,63.1
fara-7b,Coursera--11,C2,1,1.0,success,575,575,575,38,38,38,36,36,36,0,0,0,1,1,1,0,0,0,28.7,28.7,28.7
fara-7b,Coursera--11,C5,1,0.0,hit_max_rounds,627,627,627,39,39,39,37,37,37,0,0,0,0,0,0,0,0,0,58.6,58.6,58.6
fara-7b,Coursera--11,C7,1,1.0,success,320,320,320,9,9,9,8,8,8,0,0,0,0,0,0,2,2,2,32.4,32.4,32.4
fara-7b,Coursera--11,C8,1,1.0,success,319,319,319,9,9,9,8,8,8,0,0,0,0,0,0,2,2,2,27.0,27.0,27.0
fara-7b,Coursera--12,C0,1,1.0,success,563,563,563,39,39,39,37,37,37,0,0,0,0,0,0,0,0,0,47.8,47.8,47.8
fara-7b,Coursera--12,C2,1,1.0,success,813,813,813,38,38,38,36,36,36,0,0,0,2,2,2,0,0,0,32.7,32.7,32.7
fara-7b,Coursera--12,C5,1,0.0,hit_max_rounds,1188,1188,1188,39,39,39,37,37,37,0,0,0,0,0,0,0,0,0,61.9,61.9,61.9
fara-7b,Coursera--12,C7,1,1.0,success,437,437,437,9,9,9,8,8,8,0,0,0,0,0,0,3,3,3,28.3,28.3,28.3
fara-7b,Coursera--12,C8,1,1.0,success,448,448,448,9,9,9,8,8,8,0,0,0,0,0,0,3,3,3,38.8,38.8,38.8
fara-7b,Coursera--13,C0,1,1.0,success,293,293,293,29,29,29,27,27,27,0,0,0,0,0,0,0,0,0,31.4,31.4,31.4
fara-7b,Coursera--13,C2,1,1.0,success,839,839,839,39,39,39,37,37,37,0,0,0,2,2,2,0,0,0,46.5,46.5,46.5
fara-7b,Coursera--13,C5,1,0.0,hit_max_rounds,960,960,960,40,40,40,38,38,38,0,0,0,0,0,0,0,0,0,67.9,67.9,67.9
fara-7b,Coursera--13,C7,1,1.0,success,446,446,446,10,10,10,9,9,9,0,0,0,0,0,0,3,3,3,40.3,40.3,40.3
fara-7b,Coursera--13,C8,1,1.0,success,449,449,449,10,10,10,9,9,9,0,0,0,0,0,0,3,3,3,47.8,47.8,47.8
fara-7b,Coursera--14,C0,1,1.0,success,805,805,805,40,40,40,38,38,38,0,0,0,0,0,0,0,0,0,31.3,31.3,31.3
fara-7b,Coursera--14,C2,1,1.0,success,822,822,822,39,39,39,37,37,37,0,0,0,2,2,2,0,0,0,30.5,30.5,30.5
fara-7b,Coursera--14,C5,1,1.0,success,620,620,620,40,40,40,38,38,38,0,0,0,0,0,0,0,0,0,27.5,27.5,27.5
fara-7b,Coursera--14,C7,1,1.0,success,433,433,433,10,10,10,9,9,9,0,0,0,0,0,0,3,3,3,25.9,25.9,25.9
fara-7b,Coursera--14,C8,1,1.0,success,343,343,343,10,10,10,9,9,9,0,0,0,0,0,0,2,2,2,34.6,34.6,34.6
fara-7b,Coursera--15,C0,1,0.0,hit_max_rounds,955,955,955,40,40,40,38,38,38,0,0,0,0,0,0,0,0,0,62.3,62.3,62.3
fara-7b,Coursera--15,C2,1,1.0,success,807,807,807,38,38,38,36,36,36,0,0,0,2,2,2,0,0,0,37.0,37.0,37.0
fara-7b,Coursera--15,C5,1,0.0,hit_max_rounds,871,871,871,40,40,40,38,38,38,0,0,0,0,0,0,0,0,0,63.4,63.4,63.4
fara-7b,Coursera--15,C7,1,0.0,hit_max_rounds,443,443,443,10,10,10,9,9,9,0,0,0,0,0,0,3,3,3,56.8,56.8,56.8
fara-7b,Coursera--15,C8,1,0.0,hit_max_rounds,459,459,459,10,10,10,9,9,9,0,0,0,0,0,0,3,3,3,57.9,57.9,57.9
fara-7b,Coursera--16,C0,1,1.0,success,1051,1051,1051,40,40,40,38,38,38,0,0,0,0,0,0,0,0,0,45.1,45.1,45.1
fara-7b,Coursera--16,C2,1,1.0,success,1023,1023,1023,39,39,39,37,37,37,0,0,0,3,3,3,0,0,0,39.6,39.6,39.6
fara-7b,Coursera--16,C5,1,1.0,success,1059,1059,1059,40,40,40,38,38,38,0,0,0,0,0,0,0,0,0,44.5,44.5,44.5
fara-7b,Coursera--16,C7,1,1.0,success,505,505,505,10,10,10,9,9,9,0,0,0,0,0,0,4,4,4,35.1,35.1,35.1
fara-7b,Coursera--16,C8,1,1.0,success,439,439,439,10,10,10,9,9,9,0,0,0,0,0,0,3,3,3,44.0,44.0,44.0
fara-7b,Coursera--17,C0,1,0.0,hit_max_rounds,567,567,567,39,39,39,37,37,37,0,0,0,0,0,0,0,0,0,59.3,59.3,59.3
fara-7b,Coursera--17,C2,1,0.0,hit_max_rounds,587,587,587,38,38,38,36,36,36,0,0,0,1,1,1,0,0,0,59.5,59.5,59.5
fara-7b,Coursera--17,C5,1,0.0,hit_max_rounds,465,465,465,37,37,37,35,35,35,0,0,0,0,0,0,0,0,0,56.6,56.6,56.6
fara-7b,Coursera--17,C7,1,0.0,hit_max_rounds,374,374,374,10,10,10,9,9,9,0,0,0,0,0,0,2,2,2,59.2,59.2,59.2
fara-7b,Coursera--17,C8,1,0.0,hit_max_rounds,304,304,304,9,9,9,8,8,8,0,0,0,0,0,0,2,2,2,55.9,55.9,55.9
fara-7b,Coursera--18,C0,1,1.0,success,625,625,625,39,39,39,37,37,37,0,0,0,0,0,0,0,0,0,48.6,48.6,48.6
fara-7b,Coursera--18,C2,1,1.0,success,579,579,579,38,38,38,36,36,36,0,0,0,1,1,1,0,0,0,36.2,36.2,36.2
fara-7b,Coursera--18,C5,1,1.0,success,821,821,821,40,40,40,38,38,38,0,0,0,0,0,0,0,0,0,35.7,35.7,35.7
fara-7b,Coursera--18,C7,1,1.0,success,443,443,443,10,10,10,9,9,9,0,0,0,0,0,0,3,3,3,46.0,46.0,46.0
fara-7b,Coursera--18,C8,1,1.0,success,432,432,432,10,10,10,9,9,9,0,0,0,0,0,0,3,3,3,37.1,37.1,37.1
fara-7b,Coursera--19,C0,1,1.0,success,807,807,807,39,39,39,37,37,37,0,0,0,0,0,0,0,0,0,30.3,30.3,30.3
fara-7b,Coursera--19,C2,1,1.0,success,860,860,860,38,38,38,36,36,36,0,0,0,2,2,2,0,0,0,54.6,54.6,54.6
fara-7b,Coursera--19,C5,1,1.0,success,823,823,823,39,39,39,37,37,37,0,0,0,0,0,0,0,0,0,30.9,30.9,30.9
fara-7b,Coursera--19,C7,1,1.0,success,423,423,423,9,9,9,8,8,8,0,0,0,0,0,0,3,3,3,26.2,26.2,26.2
fara-7b,Coursera--19,C8,1,1.0,success,434,434,434,9,9,9,8,8,8,0,0,0,0,0,0,3,3,3,27.5,27.5,27.5
fara-7b,Coursera--2,C0,1,1.0,success,857,857,857,39,39,39,37,37,37,0,0,0,0,0,0,0,0,0,46.2,46.2,46.2
fara-7b,Coursera--2,C2,1,1.0,success,838,838,838,38,38,38,36,36,36,0,0,0,2,2,2,0,0,0,37.4,37.4,37.4
fara-7b,Coursera--2,C5,1,1.0,success,832,832,832,39,39,39,37,37,37,0,0,0,0,0,0,0,0,0,41.2,41.2,41.2
fara-7b,Coursera--2,C7,1,1.0,success,539,539,539,10,10,10,9,9,9,0,0,0,0,0,0,3,3,3,48.6,48.6,48.6
fara-7b,Coursera--2,C8,1,1.0,success,444,444,444,9,9,9,8,8,8,0,0,0,0,0,0,3,3,3,34.6,34.6,34.6
fara-7b,Coursera--20,C0,1,0.0,hit_max_rounds,728,728,728,39,39,39,37,37,37,0,0,0,0,0,0,0,0,0,65.1,65.1,65.1
fara-7b,Coursera--20,C2,1,1.0,success,593,593,593,38,38,38,36,36,36,0,0,0,1,1,1,0,0,0,54.9,54.9,54.9
fara-7b,Coursera--20,C5,1,1.0,success,646,646,646,39,39,39,37,37,37,0,0,0,0,0,0,0,0,0,58.7,58.7,58.7
fara-7b,Coursera--20,C7,1,0.0,hit_max_rounds,408,408,408,9,9,9,8,8,8,0,0,0,0,0,0,2,2,2,62.9,62.9,62.9
fara-7b,Coursera--20,C8,1,1.0,success,441,441,441,9,9,9,8,8,8,0,0,0,0,0,0,3,3,3,40.7,40.7,40.7
fara-7b,Coursera--21,C0,1,1.0,success,824,824,824,40,40,40,38,38,38,0,0,0,0,0,0,0,0,0,32.3,32.3,32.3
fara-7b,Coursera--21,C2,1,1.0,success,823,823,823,39,39,39,37,37,37,0,0,0,2,2,2,0,0,0,31.1,31.1,31.1
fara-7b,Coursera--21,C5,1,1.0,success,874,874,874,39,39,39,37,37,37,0,0,0,0,0,0,0,0,0,56.5,56.5,56.5
fara-7b,Coursera--21,C7,1,1.0,success,294,294,294,9,9,9,8,8,8,0,0,0,0,0,0,2,2,2,25.0,25.0,25.0
fara-7b,Coursera--21,C8,1,1.0,success,432,432,432,9,9,9,8,8,8,0,0,0,0,0,0,3,3,3,28.0,28.0,28.0
fara-7b,Coursera--22,C0,1,1.0,success,634,634,634,39,39,39,37,37,37,0,0,0,0,0,0,0,0,0,29.2,29.2,29.2
fara-7b,Coursera--22,C2,1,0.0,hit_max_rounds,926,926,926,38,38,38,36,36,36,0,0,0,2,2,2,0,0,0,65.5,65.5,65.5
fara-7b,Coursera--22,C5,1,1.0,success,876,876,876,39,39,39,37,37,37,0,0,0,0,0,0,0,0,0,39.4,39.4,39.4
fara-7b,Coursera--22,C7,1,1.0,success,300,300,300,10,10,10,9,9,9,0,0,0,0,0,0,2,2,2,27.1,27.1,27.1
fara-7b,Coursera--22,C8,1,0.0,hit_max_rounds,445,445,445,9,9,9,8,8,8,0,0,0,0,0,0,3,3,3,61.0,61.0,61.0
fara-7b,Coursera--23,C0,1,1.0,success,833,833,833,39,39,39,37,37,37,0,0,0,0,0,0,0,0,0,31.8,31.8,31.8
fara-7b,Coursera--23,C2,1,1.0,success,827,827,827,38,38,38,36,36,36,0,0,0,2,2,2,0,0,0,50.1,50.1,50.1
fara-7b,Coursera--23,C5,1,1.0,success,812,812,812,39,39,39,37,37,37,0,0,0,0,0,0,0,0,0,38.7,38.7,38.7
fara-7b,Coursera--23,C7,1,1.0,success,430,430,430,9,9,9,8,8,8,0,0,0,0,0,0,3,3,3,26.5,26.5,26.5
fara-7b,Coursera--23,C8,1,1.0,success,429,429,429,9,9,9,8,8,8,0,0,0,0,0,0,3,3,3,27.2,27.2,27.2
fara-7b,Coursera--24,C0,1,1.0,success,571,571,571,40,40,40,38,38,38,0,0,0,0,0,0,0,0,0,28.6,28.6,28.6
fara-7b,Coursera--24,C2,1,0.0,hit_max_rounds,912,912,912,39,39,39,37,37,37,0,0,0,2,2,2,0,0,0,64.9,64.9,64.9
fara-7b,Coursera--24,C5,1,1.0,success,872,872,872,40,40,40,38,38,38,0,0,0,0,0,0,0,0,0,56.8,56.8,56.8
fara-7b,Coursera--24,C7,1,0.0,hit_max_rounds,459,459,459,10,10,10,9,9,9,0,0,0,0,0,0,3,3,3,58.7,58.7,58.7
fara-7b,Coursera--24,C8,1,1.0,success,356,356,356,9,9,9,8,8,8,0,0,0,0,0,0,2,2,2,33.3,33.3,33.3
fara-7b,Coursera--25,C0,1,1.0,success,798,798,798,39,39,39,37,37,37,0,0,0,0,0,0,0,0,0,31.4,31.4,31.4
fara-7b,Coursera--25,C2,1,1.0,success,812,812,812,38,38,38,36,36,36,0,0,0,2,2,2,0,0,0,37.3,37.3,37.3
fara-7b,Coursera--25,C5,1,1.0,success,818,818,818,39,39,39,37,37,37,0,0,0,0,0,0,0,0,0,35.6,35.6,35.6
fara-7b,Coursera--25,C7,1,1.0,success,451,451,451,10,10,10,9,9,9,0,0,0,0,0,0,3,3,3,35.7,35.7,35.7
fara-7b,Coursera--25,C8,1,1.0,success,424,424,424,9,9,9,8,8,8,0,0,0,0,0,0,3,3,3,27.9,27.9,27.9
fara-7b,Coursera--26,C0,1,1.0,success,762,762,762,47,47,47,45,45,45,0,0,0,0,0,0,0,0,0,31.6,31.6,31.6
fara-7b,Coursera--26,C2,1,1.0,success,826,826,826,38,38,38,36,36,36,0,0,0,2,2,2,0,0,0,30.3,30.3,30.3
fara-7b,Coursera--26,C5,1,1.0,success,704,704,704,47,47,47,45,45,45,0,0,0,0,0,0,0,0,0,33.0,33.0,33.0
fara-7b,Coursera--26,C7,1,0.0,hit_max_rounds,179,179,179,9,9,9,8,8,8,0,0,0,5,5,5,1,1,1,54.7,54.7,54.7
fara-7b,Coursera--26,C8,1,1.0,success,432,432,432,9,9,9,8,8,8,0,0,0,0,0,0,3,3,3,28.6,28.6,28.6
fara-7b,Coursera--27,C0,1,1.0,success,555,555,555,39,39,39,37,37,37,0,0,0,0,0,0,0,0,0,29.6,29.6,29.6
fara-7b,Coursera--27,C2,1,1.0,success,836,836,836,38,38,38,36,36,36,0,0,0,2,2,2,0,0,0,38.6,38.6,38.6
fara-7b,Coursera--27,C5,1,1.0,success,563,563,563,40,40,40,38,38,38,0,0,0,0,0,0,0,0,0,30.4,30.4,30.4
fara-7b,Coursera--27,C7,1,1.0,success,353,353,353,10,10,10,9,9,9,0,0,0,0,0,0,2,2,2,26.8,26.8,26.8
fara-7b,Coursera--27,C8,1,1.0,success,446,446,446,10,10,10,9,9,9,0,0,0,0,0,0,3,3,3,39.7,39.7,39.7
fara-7b,Coursera--28,C0,1,1.0,success,562,562,562,39,39,39,37,37,37,0,0,0,0,0,0,0,0,0,27.8,27.8,27.8
fara-7b,Coursera--28,C2,1,0.0,hit_max_rounds,287,287,287,29,29,29,28,28,28,0,0,0,5,5,5,0,0,0,51.4,51.4,51.4
fara-7b,Coursera--28,C5,1,1.0,success,622,622,622,39,39,39,37,37,37,0,0,0,0,0,0,0,0,0,53.9,53.9,53.9
fara-7b,Coursera--28,C7,1,0.0,hit_max_rounds,240,240,240,10,10,10,9,9,9,0,0,0,7,7,7,2,2,2,52.7,52.7,52.7
fara-7b,Coursera--28,C8,1,1.0,success,434,434,434,9,9,9,8,8,8,0,0,0,0,0,0,3,3,3,57.9,57.9,57.9
fara-7b,Coursera--29,C0,1,1.0,success,610,610,610,44,44,44,42,42,42,0,0,0,0,0,0,0,0,0,45.9,45.9,45.9
fara-7b,Coursera--29,C2,1,1.0,success,543,543,543,42,42,42,40,40,40,0,0,0,1,1,1,0,0,0,34.0,34.0,34.0
fara-7b,Coursera--29,C5,1,1.0,success,570,570,570,39,39,39,37,37,37,0,0,0,0,0,0,0,0,0,56.4,56.4,56.4
fara-7b,Coursera--29,C7,1,1.0,success,306,306,306,11,11,11,10,10,10,0,0,0,0,0,0,2,2,2,46.3,46.3,46.3
fara-7b,Coursera--29,C8,1,0.0,hit_max_rounds,241,241,241,10,10,10,9,9,9,0,0,0,0,0,0,1,1,1,52.1,52.1,52.1
fara-7b,Coursera--3,C0,1,1.0,success,604,604,604,39,39,39,37,37,37,0,0,0,0,0,0,0,0,0,43.2,43.2,43.2
fara-7b,Coursera--3,C2,1,1.0,success,663,663,663,38,38,38,36,36,36,0,0,0,1,1,1,0,0,0,55.1,55.1,55.1
fara-7b,Coursera--3,C5,1,1.0,success,670,670,670,39,39,39,37,37,37,0,0,0,0,0,0,0,0,0,62.2,62.2,62.2
fara-7b,Coursera--3,C7,1,1.0,success,307,307,307,9,9,9,8,8,8,0,0,0,0,0,0,2,2,2,46.3,46.3,46.3
fara-7b,Coursera--3,C8,1,0.0,hit_max_rounds,314,314,314,9,9,9,8,8,8,0,0,0,0,0,0,2,2,2,62.4,62.4,62.4
fara-7b,Coursera--30,C0,1,1.0,success,869,869,869,39,39,39,37,37,37,0,0,0,0,0,0,0,0,0,42.0,42.0,42.0
fara-7b,Coursera--30,C2,1,1.0,success,832,832,832,38,38,38,36,36,36,0,0,0,2,2,2,0,0,0,38.6,38.6,38.6
fara-7b,Coursera--30,C5,1,1.0,success,829,829,829,39,39,39,37,37,37,0,0,0,0,0,0,0,0,0,48.2,48.2,48.2
fara-7b,Coursera--30,C7,1,1.0,success,448,448,448,9,9,9,8,8,8,0,0,0,0,0,0,3,3,3,40.3,40.3,40.3
fara-7b,Coursera--30,C8,1,1.0,success,438,438,438,9,9,9,8,8,8,0,0,0,0,0,0,3,3,3,34.5,34.5,34.5
fara-7b,Coursera--31,C0,1,1.0,success,846,846,846,39,39,39,37,37,37,0,0,0,0,0,0,0,0,0,37.0,37.0,37.0
fara-7b,Coursera--31,C2,1,1.0,success,837,837,837,38,38,38,36,36,36,0,0,0,2,2,2,0,0,0,39.8,39.8,39.8
fara-7b,Coursera--31,C5,1,1.0,success,831,831,831,39,39,39,37,37,37,0,0,0,0,0,0,0,0,0,55.4,55.4,55.4
fara-7b,Coursera--31,C7,1,1.0,success,437,437,437,9,9,9,8,8,8,0,0,0,0,0,0,3,3,3,32.9,32.9,32.9
fara-7b,Coursera--31,C8,1,1.0,success,431,431,431,9,9,9,8,8,8,0,0,0,0,0,0,3,3,3,33.4,33.4,33.4
fara-7b,Coursera--32,C0,1,1.0,success,700,700,700,39,39,39,37,37,37,0,0,0,0,0,0,0,0,0,62.4,62.4,62.4
fara-7b,Coursera--32,C2,1,1.0,success,634,634,634,38,38,38,36,36,36,0,0,0,1,1,1,0,0,0,49.5,49.5,49.5
fara-7b,Coursera--32,C5,1,1.0,success,605,605,605,39,39,39,37,37,37,0,0,0,0,0,0,0,0,0,51.6,51.6,51.6
fara-7b,Coursera--32,C7,1,1.0,success,382,382,382,9,9,9,8,8,8,0,0,0,0,0,0,2,2,2,55.5,55.5,55.5
fara-7b,Coursera--32,C8,1,1.0,success,376,376,376,9,9,9,8,8,8,0,0,0,0,0,0,2,2,2,60.6,60.6,60.6
fara-7b,Coursera--33,C0,1,1.0,success,821,821,821,40,40,40,38,38,38,0,0,0,0,0,0,0,0,0,58.5,58.5,58.5
fara-7b,Coursera--33,C2,1,1.0,success,832,832,832,38,38,38,36,36,36,0,0,0,2,2,2,0,0,0,38.2,38.2,38.2
fara-7b,Coursera--33,C5,1,0.0,hit_max_rounds,948,948,948,40,40,40,38,38,38,0,0,0,0,0,0,0,0,0,72.8,72.8,72.8
fara-7b,Coursera--33,C7,1,1.0,success,437,437,437,9,9,9,8,8,8,0,0,0,0,0,0,3,3,3,38.9,38.9,38.9
fara-7b,Coursera--33,C8,1,1.0,success,349,349,349,9,9,9,8,8,8,0,0,0,0,0,0,2,2,2,52.7,52.7,52.7
fara-7b,Coursera--34,C0,1,1.0,success,1006,1006,1006,39,39,39,37,37,37,0,0,0,0,0,0,0,0,0,40.0,40.0,40.0
fara-7b,Coursera--34,C2,1,1.0,success,999,999,999,38,38,38,36,36,36,0,0,0,3,3,3,0,0,0,40.6,40.6,40.6
fara-7b,Coursera--34,C5,1,1.0,success,1023,1023,1023,39,39,39,37,37,37,0,0,0,0,0,0,0,0,0,60.8,60.8,60.8
fara-7b,Coursera--34,C7,1,1.0,success,491,491,491,9,9,9,8,8,8,0,0,0,0,0,0,4,4,4,38.2,38.2,38.2
fara-7b,Coursera--34,C8,1,1.0,success,492,492,492,9,9,9,8,8,8,0,0,0,0,0,0,4,4,4,34.0,34.0,34.0
fara-7b,Coursera--35,C0,1,1.0,success,830,830,830,39,39,39,37,37,37,0,0,0,0,0,0,0,0,0,43.2,43.2,43.2
fara-7b,Coursera--35,C2,1,1.0,success,848,848,848,38,38,38,36,36,36,0,0,0,2,2,2,0,0,0,59.3,59.3,59.3
fara-7b,Coursera--35,C5,1,1.0,success,843,843,843,39,39,39,37,37,37,0,0,0,0,0,0,0,0,0,44.1,44.1,44.1
fara-7b,Coursera--35,C7,1,0.0,hit_max_rounds,441,441,441,9,9,9,8,8,8,0,0,0,0,0,0,3,3,3,57.8,57.8,57.8
fara-7b,Coursera--35,C8,1,0.0,hit_max_rounds,450,450,450,9,9,9,8,8,8,0,0,0,0,0,0,3,3,3,56.9,56.9,56.9
fara-7b,Coursera--36,C0,1,1.0,success,892,892,892,51,51,51,49,49,49,0,0,0,0,0,0,0,0,0,48.2,48.2,48.2
fara-7b,Coursera--36,C2,1,1.0,success,786,786,786,44,44,44,42,42,42,0,0,0,4,4,4,0,0,0,35.5,35.5,35.5
fara-7b,Coursera--36,C5,1,0.0,hit_max_rounds,906,906,906,41,41,41,39,39,39,0,0,0,0,0,0,0,0,0,63.9,63.9,63.9
fara-7b,Coursera--36,C7,1,0.0,hit_max_rounds,526,526,526,13,13,13,12,12,12,0,0,0,3,3,3,5,5,5,67.5,67.5,67.5
fara-7b,Coursera--36,C8,1,0.0,hit_max_rounds,485,485,485,12,12,12,11,11,11,0,0,0,0,0,0,3,3,3,57.1,57.1,57.1
fara-7b,Coursera--37,C0,1,1.0,success,527,527,527,39,39,39,37,37,37,0,0,0,0,0,0,0,0,0,34.8,34.8,34.8
fara-7b,Coursera--37,C2,1,1.0,success,558,558,558,38,38,38,36,36,36,0,0,0,1,1,1,0,0,0,30.9,30.9,30.9
fara-7b,Coursera--37,C5,1,1.0,success,518,518,518,39,39,39,37,37,37,0,0,0,0,0,0,0,0,0,35.8,35.8,35.8
fara-7b,Coursera--37,C7,1,1.0,success,280,280,280,9,9,9,8,8,8,0,0,0,0,0,0,2,2,2,32.3,32.3,32.3
fara-7b,Coursera--37,C8,1,1.0,success,266,266,266,9,9,9,8,8,8,0,0,0,0,0,0,2,2,2,33.1,33.1,33.1
fara-7b,Coursera--38,C0,1,0.0,hit_max_rounds,1021,1021,1021,74,74,74,72,72,72,0,0,0,0,0,0,0,0,0,68.6,68.6,68.6
fara-7b,Coursera--38,C2,1,0.0,hit_max_rounds,650,650,650,60,60,60,58,58,58,0,0,0,7,7,7,0,0,0,59.0,59.0,59.0
fara-7b,Coursera--38,C5,1,0.0,hit_max_rounds,1252,1252,1252,74,74,74,72,72,72,0,0,0,0,0,0,0,0,0,74.4,74.4,74.4
fara-7b,Coursera--38,C7,1,0.0,hit_max_rounds,537,537,537,21,21,21,20,20,20,0,0,0,8,8,8,5,5,5,62.0,62.0,62.0
fara-7b,Coursera--38,C8,1,0.0,hit_max_rounds,311,311,311,19,19,19,18,18,18,0,0,0,1,1,1,2,2,2,45.5,45.5,45.5
fara-7b,Coursera--39,C0,1,0.0,hit_max_rounds,643,643,643,39,39,39,37,37,37,0,0,0,0,0,0,0,0,0,63.0,63.0,63.0
fara-7b,Coursera--39,C2,1,0.0,hit_max_rounds,674,674,674,38,38,38,36,36,36,0,0,0,1,1,1,0,0,0,62.6,62.6,62.6
fara-7b,Coursera--39,C5,1,0.0,hit_max_rounds,1244,1244,1244,48,48,48,46,46,46,0,0,0,0,0,0,0,0,0,72.6,72.6,72.6
fara-7b,Coursera--39,C7,1,0.0,hit_max_rounds,453,453,453,9,9,9,8,8,8,0,0,0,0,0,0,3,3,3,61.3,61.3,61.3
fara-7b,Coursera--39,C8,1,0.0,hit_max_rounds,468,468,468,9,9,9,8,8,8,0,0,0,0,0,0,3,3,3,63.0,63.0,63.0
fara-7b,Coursera--4,C0,1,1.0,success,830,830,830,39,39,39,37,37,37,0,0,0,0,0,0,0,0,0,30.5,30.5,30.5
fara-7b,Coursera--4,C2,1,1.0,success,829,829,829,38,38,38,36,36,36,0,0,0,2,2,2,0,0,0,40.3,40.3,40.3
fara-7b,Coursera--4,C5,1,0.0,hit_max_rounds,625,625,625,39,39,39,37,37,37,0,0,0,0,0,0,0,0,0,62.3,62.3,62.3
fara-7b,Coursera--4,C7,1,1.0,success,513,513,513,9,9,9,8,8,8,0,0,0,0,0,0,4,4,4,42.6,42.6,42.6
fara-7b,Coursera--4,C8,1,0.0,hit_max_rounds,554,554,554,10,10,10,9,9,9,0,0,0,0,0,0,4,4,4,58.2,58.2,58.2
fara-7b,Coursera--40,C0,1,0.0,hit_max_rounds,1141,1141,1141,68,68,68,66,66,66,0,0,0,0,0,0,0,0,0,73.6,73.6,73.6
fara-7b,Coursera--40,C2,1,1.0,success,889,889,889,61,61,61,59,59,59,0,0,0,9,9,9,0,0,0,63.7,63.7,63.7
fara-7b,Coursera--40,C5,1,1.0,success,1094,1094,1094,66,66,66,64,64,64,0,0,0,0,0,0,0,0,0,71.7,71.7,71.7
fara-7b,Coursera--40,C7,1,1.0,success,397,397,397,19,19,19,18,18,18,0,0,0,1,1,1,3,3,3,58.9,58.9,58.9
fara-7b,Coursera--40,C8,1,0.0,hit_max_rounds,528,528,528,19,19,19,18,18,18,0,0,0,2,2,2,5,5,5,61.2,61.2,61.2
fara-7b,Coursera--41,C0,1,1.0,success,584,584,584,42,42,42,40,40,40,0,0,0,0,0,0,0,0,0,46.6,46.6,46.6
fara-7b,Coursera--41,C2,1,1.0,success,514,514,514,40,40,40,38,38,38,0,0,0,3,3,3,0,0,0,38.4,38.4,38.4
fara-7b,Coursera--41,C5,1,1.0,success,616,616,616,50,50,50,48,48,48,0,0,0,0,0,0,0,0,0,50.5,50.5,50.5
fara-7b,Coursera--41,C7,1,0.0,hit_max_rounds,283,283,283,11,11,11,10,10,10,0,0,0,2,2,2,2,2,2,52.7,52.7,52.7
fara-7b,Coursera--41,C8,1,1.0,success,252,252,252,11,11,11,10,10,10,0,0,0,2,2,2,2,2,2,49.2,49.2,49.2
fara-7b,Coursera--5,C0,1,0.0,hit_max_rounds,716,716,716,43,43,43,41,41,41,0,0,0,0,0,0,0,0,0,60.9,60.9,60.9
fara-7b,Coursera--5,C2,1,1.0,success,637,637,637,38,38,38,36,36,36,0,0,0,1,1,1,0,0,0,36.7,36.7,36.7
fara-7b,Coursera--5,C5,1,1.0,success,1039,1039,1039,45,45,45,43,43,43,0,0,0,0,0,0,0,0,0,61.9,61.9,61.9
fara-7b,Coursera--5,C7,1,1.0,success,354,354,354,9,9,9,8,8,8,0,0,0,0,0,0,2,2,2,46.5,46.5,46.5
fara-7b,Coursera--5,C8,1,1.0,success,524,524,524,9,9,9,8,8,8,0,0,0,0,0,0,3,3,3,50.2,50.2,50.2
fara-7b,Coursera--6,C0,1,0.0,hit_max_rounds,974,974,974,40,40,40,38,38,38,0,0,0,0,0,0,0,0,0,62.1,62.1,62.1
fara-7b,Coursera--6,C2,1,0.0,hit_max_rounds,962,962,962,38,38,38,36,36,36,0,0,0,2,2,2,0,0,0,62.2,62.2,62.2
fara-7b,Coursera--6,C5,1,0.0,hit_max_rounds,928,928,928,39,39,39,37,37,37,0,0,0,0,0,0,0,0,0,61.3,61.3,61.3
fara-7b,Coursera--6,C7,1,1.0,success,428,428,428,9,9,9,8,8,8,0,0,0,0,0,0,3,3,3,26.0,26.0,26.0
fara-7b,Coursera--6,C8,1,1.0,success,507,507,507,10,10,10,9,9,9,0,0,0,0,0,0,3,3,3,57.7,57.7,57.7
fara-7b,Coursera--7,C0,1,1.0,success,849,849,849,39,39,39,37,37,37,0,0,0,0,0,0,0,0,0,50.2,50.2,50.2
fara-7b,Coursera--7,C2,1,1.0,success,872,872,872,39,39,39,37,37,37,0,0,0,2,2,2,0,0,0,38.4,38.4,38.4
fara-7b,Coursera--7,C5,1,1.0,success,799,799,799,39,39,39,37,37,37,0,0,0,0,0,0,0,0,0,40.5,40.5,40.5
fara-7b,Coursera--7,C7,1,1.0,success,304,304,304,10,10,10,9,9,9,0,0,0,0,0,0,2,2,2,26.2,26.2,26.2
fara-7b,Coursera--7,C8,1,1.0,success,299,299,299,10,10,10,9,9,9,0,0,0,0,0,0,2,2,2,26.2,26.2,26.2
fara-7b,Coursera--8,C0,1,1.0,success,904,904,904,40,40,40,38,38,38,0,0,0,0,0,0,0,0,0,52.2,52.2,52.2
fara-7b,Coursera--8,C2,1,1.0,success,846,846,846,38,38,38,36,36,36,0,0,0,2,2,2,0,0,0,58.3,58.3,58.3
fara-7b,Coursera--8,C5,1,0.0,hit_max_rounds,614,614,614,39,39,39,37,37,37,0,0,0,0,0,0,0,0,0,62.4,62.4,62.4
fara-7b,Coursera--8,C7,1,1.0,success,521,521,521,10,10,10,9,9,9,0,0,0,0,0,0,3,3,3,56.7,56.7,56.7
fara-7b,Coursera--8,C8,1,1.0,success,305,305,305,9,9,9,8,8,8,0,0,0,0,0,0,2,2,2,31.3,31.3,31.3
fara-7b,Coursera--9,C0,1,1.0,success,828,828,828,39,39,39,37,37,37,0,0,0,0,0,0,0,0,0,31.7,31.7,31.7
fara-7b,Coursera--9,C2,1,1.0,success,825,825,825,38,38,38,36,36,36,0,0,0,2,2,2,0,0,0,35.0,35.0,35.0
fara-7b,Coursera--9,C5,1,1.0,success,788,788,788,39,39,39,37,37,37,0,0,0,0,0,0,0,0,0,31.4,31.4,31.4
fara-7b,Coursera--9,C7,1,1.0,success,432,432,432,9,9,9,8,8,8,0,0,0,0,0,0,3,3,3,28.1,28.1,28.1
fara-7b,Coursera--9,C8,1,1.0,success,434,434,434,9,9,9,8,8,8,0,0,0,0,0,0,3,3,3,28.5,28.5,28.5
fara-7b,ESPN--0,C0,1,1.0,success,645,645,645,87,87,87,76,76,76,0,0,0,0,0,0,0,0,0,51.9,51.9,51.9
fara-7b,ESPN--0,C2,1,0.0,hit_max_rounds,137,137,137,24,24,24,16,16,16,0,0,0,6,6,6,0,0,0,49.4,49.4,49.4
fara-7b,ESPN--0,C5,1,1.0,success,770,770,770,108,108,108,97,97,97,0,0,0,0,0,0,0,0,0,43.7,43.7,43.7
fara-7b,ESPN--0,C7,1,0.0,hit_max_rounds,135,135,135,23,23,23,15,15,15,0,0,0,6,6,6,0,0,0,49.4,49.4,49.4
fara-7b,ESPN--0,C8,1,0.0,hit_max_rounds,221,221,221,45,45,45,37,37,37,0,0,0,17,17,17,0,0,0,58.6,58.6,58.6
fara-7b,ESPN--1,C0,1,0.0,agent_error,541,541,541,67,67,67,56,56,56,0,0,0,0,0,0,0,0,0,78.8,78.8,78.8
fara-7b,ESPN--1,C2,1,0.0,hit_max_rounds,261,261,261,45,45,45,36,36,36,0,0,0,17,17,17,0,0,0,60.2,60.2,60.2
fara-7b,ESPN--1,C5,1,0.0,hit_max_rounds,982,982,982,143,143,143,132,132,132,0,0,0,0,0,0,0,0,0,68.7,68.7,68.7
fara-7b,ESPN--1,C7,1,0.0,hit_max_rounds,277,277,277,44,44,44,35,35,35,0,0,0,17,17,17,0,0,0,58.8,58.8,58.8
fara-7b,ESPN--1,C8,1,0.0,hit_max_rounds,316,316,316,63,63,63,54,54,54,0,0,0,15,15,15,0,0,0,63.1,63.1,63.1
fara-7b,ESPN--10,C0,1,0.0,agent_error,836,836,836,157,157,157,146,146,146,0,0,0,0,0,0,0,0,0,61.3,61.3,61.3
fara-7b,ESPN--10,C2,1,0.0,hit_max_rounds,135,135,135,24,24,24,16,16,16,0,0,0,5,5,5,0,0,0,50.9,50.9,50.9
fara-7b,ESPN--10,C5,1,1.0,success,1679,1679,1679,199,199,199,186,186,186,0,0,0,0,0,0,0,0,0,51.4,51.4,51.4
fara-7b,ESPN--10,C7,1,0.0,hit_max_rounds,139,139,139,24,24,24,16,16,16,0,0,0,5,5,5,0,0,0,50.7,50.7,50.7
fara-7b,ESPN--10,C8,1,0.0,hit_max_rounds,268,268,268,46,46,46,37,37,37,0,0,0,15,15,15,0,0,0,55.3,55.3,55.3
fara-7b,ESPN--11,C0,1,1.0,success,488,488,488,37,37,37,29,29,29,0,0,0,0,0,0,0,0,0,60.2,60.2,60.2
fara-7b,ESPN--11,C2,1,0.0,hit_max_rounds,130,130,130,23,23,23,15,15,15,0,0,0,3,3,3,0,0,0,51.7,51.7,51.7
fara-7b,ESPN--11,C5,1,1.0,success,477,477,477,42,42,42,34,34,34,0,0,0,0,0,0,0,0,0,38.4,38.4,38.4
fara-7b,ESPN--11,C7,1,0.0,hit_max_rounds,135,135,135,24,24,24,16,16,16,0,0,0,3,3,3,0,0,0,52.0,52.0,52.0
fara-7b,ESPN--11,C8,1,0.0,hit_max_rounds,266,266,266,46,46,46,37,37,37,0,0,0,15,15,15,0,0,0,60.3,60.3,60.3
fara-7b,ESPN--12,C0,1,1.0,success,829,829,829,154,154,154,144,144,144,0,0,0,0,0,0,0,0,0,60.7,60.7,60.7
fara-7b,ESPN--12,C2,1,0.0,hit_max_rounds,263,263,263,44,44,44,35,35,35,0,0,0,19,19,19,0,0,0,52.2,52.2,52.2
fara-7b,ESPN--12,C5,1,1.0,success,485,485,485,117,117,117,107,107,107,0,0,0,0,0,0,0,0,0,36.0,36.0,36.0
fara-7b,ESPN--12,C7,1,1.0,success,231,231,231,40,40,40,31,31,31,0,0,0,14,14,14,0,0,0,22.6,22.6,22.6
fara-7b,ESPN--12,C8,1,1.0,success,82,82,82,14,14,14,10,10,10,0,0,0,1,1,1,0,0,0,23.4,23.4,23.4
fara-7b,ESPN--13,C0,1,1.0,success,945,945,945,180,180,180,171,171,171,0,0,0,0,0,0,0,0,0,66.0,66.0,66.0
fara-7b,ESPN--13,C2,1,0.0,hit_max_rounds,224,224,224,40,40,40,32,32,32,0,0,0,22,22,22,0,0,0,56.7,56.7,56.7
fara-7b,ESPN--13,C5,1,1.0,success,867,867,867,163,163,163,154,154,154,0,0,0,0,0,0,0,0,0,50.1,50.1,50.1
fara-7b,ESPN--13,C7,1,0.0,hit_max_rounds,236,236,236,43,43,43,35,35,35,0,0,0,21,21,21,0,0,0,59.2,59.2,59.2
fara-7b,ESPN--13,C8,1,1.0,success,223,223,223,45,45,45,37,37,37,0,0,0,18,18,18,0,0,0,46.2,46.2,46.2
fara-7b,ESPN--14,C0,1,0.0,hit_max_rounds,515,515,515,29,29,29,21,21,21,0,0,0,0,0,0,0,0,0,59.4,59.4,59.4
fara-7b,ESPN--14,C2,1,0.0,hit_max_rounds,282,282,282,44,44,44,35,35,35,0,0,0,21,21,21,0,0,0,59.6,59.6,59.6
fara-7b,ESPN--14,C5,1,0.0,hit_max_rounds,871,871,871,155,155,155,145,145,145,0,0,0,0,0,0,0,0,0,61.3,61.3,61.3
fara-7b,ESPN--14,C7,1,0.0,hit_max_rounds,322,322,322,48,48,48,39,39,39,0,0,0,28,28,28,0,0,0,71.5,71.5,71.5
fara-7b,ESPN--14,C8,1,0.0,hit_max_rounds,203,203,203,45,45,45,37,37,37,0,0,0,14,14,14,0,0,0,60.3,60.3,60.3
fara-7b,ESPN--15,C0,1,0.0,agent_error,572,572,572,70,70,70,59,59,59,0,0,0,0,0,0,0,0,0,78.3,78.3,78.3
fara-7b,ESPN--15,C2,1,0.0,hit_max_rounds,136,136,136,23,23,23,15,15,15,0,0,0,6,6,6,0,0,0,50.7,50.7,50.7
fara-7b,ESPN--15,C5,1,1.0,success,342,342,342,30,30,30,22,22,22,0,0,0,0,0,0,0,0,0,24.8,24.8,24.8
fara-7b,ESPN--15,C7,1,0.0,hit_max_rounds,140,140,140,23,23,23,15,15,15,0,0,0,6,6,6,0,0,0,51.3,51.3,51.3
fara-7b,ESPN--15,C8,1,0.0,hit_max_rounds,600,600,600,70,70,70,57,57,57,0,0,0,28,28,28,0,0,0,63.6,63.6,63.6
fara-7b,ESPN--16,C0,1,0.0,hit_max_rounds,741,741,741,60,60,60,52,52,52,0,0,0,0,0,0,0,0,0,64.0,64.0,64.0
fara-7b,ESPN--16,C2,1,0.0,hit_max_rounds,141,141,141,24,24,24,16,16,16,0,0,0,8,8,8,0,0,0,50.5,50.5,50.5
fara-7b,ESPN--16,C5,1,0.0,hit_max_rounds,667,667,667,49,49,49,41,41,41,0,0,0,0,0,0,0,0,0,60.5,60.5,60.5
fara-7b,ESPN--16,C7,1,0.0,hit_max_rounds,140,140,140,23,23,23,15,15,15,0,0,0,8,8,8,0,0,0,50.9,50.9,50.9
fara-7b,ESPN--16,C8,1,0.0,hit_max_rounds,299,299,299,46,46,46,37,37,37,0,0,0,18,18,18,0,0,0,59.2,59.2,59.2
fara-7b,ESPN--17,C0,1,0.0,agent_error,416,416,416,41,41,41,32,32,32,0,0,0,0,0,0,0,0,0,47.8,47.8,47.8
fara-7b,ESPN--17,C2,1,0.0,hit_max_rounds,225,225,225,40,40,40,32,32,32,0,0,0,23,23,23,0,0,0,51.8,51.8,51.8
fara-7b,ESPN--17,C5,1,1.0,success,661,661,661,90,90,90,79,79,79,0,0,0,0,0,0,0,0,0,173.1,173.1,173.1
fara-7b,ESPN--17,C7,1,0.0,hit_max_rounds,220,220,220,40,40,40,32,32,32,0,0,0,21,21,21,0,0,0,53.8,53.8,53.8
fara-7b,ESPN--17,C8,1,0.0,hit_max_rounds,281,281,281,46,46,46,37,37,37,0,0,0,18,18,18,0,0,0,42.2,42.2,42.2
fara-7b,ESPN--18,C0,1,0.0,hit_max_rounds,732,732,732,141,141,141,131,131,131,0,0,0,0,0,0,0,0,0,61.0,61.0,61.0
fara-7b,ESPN--18,C2,1,0.0,hit_max_rounds,133,133,133,24,24,24,16,16,16,0,0,0,4,4,4,0,0,0,49.6,49.6,49.6
fara-7b,ESPN--18,C5,1,0.0,hit_max_rounds,1230,1230,1230,217,217,217,202,202,202,0,0,0,0,0,0,0,0,0,74.3,74.3,74.3
fara-7b,ESPN--18,C7,1,0.0,hit_max_rounds,150,150,150,28,28,28,20,20,20,0,0,0,7,7,7,0,0,0,51.6,51.6,51.6
fara-7b,ESPN--18,C8,1,1.0,success,194,194,194,39,39,39,31,31,31,0,0,0,14,14,14,0,0,0,18.5,18.5,18.5
fara-7b,ESPN--19,C0,1,1.0,success,348,348,348,43,43,43,35,35,35,0,0,0,0,0,0,0,0,0,30.3,30.3,30.3
fara-7b,ESPN--19,C2,1,0.0,hit_max_rounds,283,283,283,41,41,41,33,33,33,0,0,0,36,36,36,0,0,0,53.7,53.7,53.7
fara-7b,ESPN--19,C5,1,1.0,success,368,368,368,41,41,41,33,33,33,0,0,0,0,0,0,0,0,0,28.4,28.4,28.4
fara-7b,ESPN--19,C7,1,0.0,hit_max_rounds,565,565,565,69,69,69,57,57,57,0,0,0,34,34,34,0,0,0,58.3,58.3,58.3
fara-7b,ESPN--19,C8,1,0.0,hit_max_rounds,547,547,547,66,66,66,54,54,54,0,0,0,23,23,23,0,0,0,213.6,213.6,213.6
fara-7b,ESPN--2,C0,1,1.0,success,806,806,806,111,111,111,100,100,100,0,0,0,0,0,0,0,0,0,46.9,46.9,46.9
fara-7b,ESPN--2,C2,1,0.0,hit_max_rounds,136,136,136,23,23,23,15,15,15,0,0,0,6,6,6,0,0,0,52.8,52.8,52.8
fara-7b,ESPN--2,C5,1,0.0,hit_max_rounds,1987,1987,1987,256,256,256,242,242,242,0,0,0,0,0,0,0,0,0,119.6,119.6,119.6
fara-7b,ESPN--2,C7,1,0.0,hit_max_rounds,141,141,141,23,23,23,15,15,15,0,0,0,6,6,6,0,0,0,53.7,53.7,53.7
fara-7b,ESPN--2,C8,1,0.0,hit_max_rounds,531,531,531,74,74,74,60,60,60,0,0,0,28,28,28,0,0,0,60.4,60.4,60.4
fara-7b,ESPN--20,C0,1,0.0,hit_max_rounds,775,775,775,93,93,93,82,82,82,0,0,0,0,0,0,0,0,0,65.4,65.4,65.4
fara-7b,ESPN--20,C2,1,0.0,hit_max_rounds,270,270,270,43,43,43,34,34,34,0,0,0,19,19,19,0,0,0,58.7,58.7,58.7
fara-7b,ESPN--20,C5,1,0.0,hit_max_rounds,369,369,369,27,27,27,19,19,19,0,0,0,0,0,0,0,0,0,55.2,55.2,55.2
fara-7b,ESPN--20,C7,1,0.0,hit_max_rounds,298,298,298,44,44,44,35,35,35,0,0,0,19,19,19,0,0,0,57.3,57.3,57.3
fara-7b,ESPN--20,C8,1,0.0,hit_max_rounds,291,291,291,46,46,46,37,37,37,0,0,0,17,17,17,0,0,0,60.7,60.7,60.7
fara-7b,ESPN--21,C0,1,1.0,success,747,747,747,101,101,101,90,90,90,0,0,0,0,0,0,0,0,0,40.2,40.2,40.2
fara-7b,ESPN--21,C2,1,0.0,hit_max_rounds,138,138,138,23,23,23,15,15,15,0,0,0,7,7,7,0,0,0,50.4,50.4,50.4
fara-7b,ESPN--21,C5,1,0.0,agent_error,672,672,672,98,98,98,86,86,86,0,0,0,0,0,0,0,0,0,77.4,77.4,77.4
fara-7b,ESPN--21,C7,1,0.0,hit_max_rounds,142,142,142,23,23,23,15,15,15,0,0,0,7,7,7,0,0,0,50.4,50.4,50.4
fara-7b,ESPN--21,C8,1,0.0,hit_max_rounds,305,305,305,51,51,51,42,42,42,0,0,0,17,17,17,0,0,0,61.7,61.7,61.7
fara-7b,ESPN--22,C0,1,1.0,success,802,802,802,98,98,98,90,90,90,0,0,0,0,0,0,0,0,0,56.0,56.0,56.0
fara-7b,ESPN--22,C2,1,0.0,hit_max_rounds,138,138,138,25,25,25,17,17,17,0,0,0,5,5,5,0,0,0,54.4,54.4,54.4
fara-7b,ESPN--22,C5,1,1.0,success,491,491,491,43,43,43,35,35,35,0,0,0,0,0,0,0,0,0,33.0,33.0,33.0
fara-7b,ESPN--22,C7,1,0.0,hit_max_rounds,132,132,132,23,23,23,15,15,15,0,0,0,4,4,4,0,0,0,54.2,54.2,54.2
fara-7b,ESPN--22,C8,1,1.0,success,594,594,594,65,65,65,53,53,53,0,0,0,28,28,28,0,0,0,43.9,43.9,43.9
fara-7b,ESPN--23,C0,1,1.0,success,332,332,332,32,32,32,24,24,24,0,0,0,0,0,0,0,0,0,23.9,23.9,23.9
fara-7b,ESPN--23,C2,1,0.0,hit_max_rounds,266,266,266,44,44,44,35,35,35,0,0,0,19,19,19,0,0,0,56.0,56.0,56.0
fara-7b,ESPN--23,C5,1,1.0,success,735,735,735,139,139,139,129,129,129,0,0,0,0,0,0,0,0,0,34.5,34.5,34.5
fara-7b,ESPN--23,C7,1,0.0,hit_max_rounds,218,218,218,40,40,40,32,32,32,0,0,0,21,21,21,0,0,0,51.1,51.1,51.1
fara-7b,ESPN--23,C8,1,0.0,hit_max_rounds,171,171,171,37,37,37,28,28,28,0,0,0,6,6,6,0,0,0,39.9,39.9,39.9
fara-7b,ESPN--24,C0,1,0.0,hit_max_rounds,1196,1196,1196,133,133,133,120,120,120,0,0,0,0,0,0,0,0,0,92.4,92.4,92.4
fara-7b,ESPN--24,C2,1,0.0,hit_max_rounds,139,139,139,24,24,24,16,16,16,0,0,0,7,7,7,0,0,0,50.3,50.3,50.3
fara-7b,ESPN--24,C5,1,1.0,success,1180,1180,1180,150,150,150,137,137,137,0,0,0,0,0,0,0,0,0,70.7,70.7,70.7
fara-7b,ESPN--24,C7,1,0.0,hit_max_rounds,139,139,139,24,24,24,16,16,16,0,0,0,7,7,7,0,0,0,50.8,50.8,50.8
fara-7b,ESPN--24,C8,1,0.0,hit_max_rounds,279,279,279,46,46,46,37,37,37,0,0,0,17,17,17,0,0,0,59.6,59.6,59.6
fara-7b,ESPN--25,C0,1,1.0,success,493,493,493,46,46,46,38,38,38,0,0,0,0,0,0,0,0,0,29.0,29.0,29.0
fara-7b,ESPN--25,C2,1,0.0,hit_max_rounds,139,139,139,24,24,24,16,16,16,0,0,0,7,7,7,0,0,0,50.6,50.6,50.6
fara-7b,ESPN--25,C5,1,1.0,success,519,519,519,85,85,85,77,77,77,0,0,0,0,0,0,0,0,0,30.5,30.5,30.5
fara-7b,ESPN--25,C7,1,0.0,hit_max_rounds,141,141,141,23,23,23,15,15,15,0,0,0,6,6,6,0,0,0,50.7,50.7,50.7
fara-7b,ESPN--25,C8,1,0.0,hit_max_rounds,335,335,335,62,62,62,47,47,47,0,0,0,18,18,18,0,0,0,58.1,58.1,58.1
fara-7b,ESPN--26,C0,1,1.0,success,410,410,410,78,78,78,67,67,67,0,0,0,0,0,0,0,0,0,62.4,62.4,62.4
fara-7b,ESPN--26,C2,1,0.0,hit_max_rounds,131,131,131,24,24,24,16,16,16,0,0,0,3,3,3,0,0,0,51.1,51.1,51.1
fara-7b,ESPN--26,C5,1,0.0,agent_error,1530,1530,1530,275,275,275,262,262,262,0,0,0,0,0,0,0,0,0,85.2,85.2,85.2
fara-7b,ESPN--26,C7,1,0.0,hit_max_rounds,148,148,148,28,28,28,20,20,20,0,0,0,6,6,6,0,0,0,58.0,58.0,58.0
fara-7b,ESPN--26,C8,1,0.0,hit_max_rounds,251,251,251,48,48,48,40,40,40,0,0,0,18,18,18,0,0,0,59.3,59.3,59.3
fara-7b,ESPN--27,C0,1,0.0,hit_max_rounds,645,645,645,123,123,123,114,114,114,0,0,0,0,0,0,0,0,0,59.6,59.6,59.6
fara-7b,ESPN--27,C2,1,0.0,hit_max_rounds,290,290,290,42,42,42,33,33,33,0,0,0,30,30,30,0,0,0,55.1,55.1,55.1
fara-7b,ESPN--27,C5,1,0.0,hit_max_rounds,644,644,644,156,156,156,147,147,147,0,0,0,0,0,0,0,0,0,69.5,69.5,69.5
fara-7b,ESPN--27,C7,1,0.0,hit_max_rounds,282,282,282,47,47,47,39,39,39,0,0,0,29,29,29,0,0,0,56.7,56.7,56.7
fara-7b,ESPN--27,C8,1,0.0,hit_max_rounds,245,245,245,46,46,46,37,37,37,0,0,0,14,14,14,0,0,0,56.4,56.4,56.4
fara-7b,ESPN--28,C0,1,1.0,success,308,308,308,30,30,30,22,22,22,0,0,0,0,0,0,0,0,0,19.3,19.3,19.3
fara-7b,ESPN--28,C2,1,0.0,hit_max_rounds,207,207,207,40,40,40,32,32,32,0,0,0,18,18,18,0,0,0,51.9,51.9,51.9
fara-7b,ESPN--28,C5,1,0.0,hit_max_rounds,1939,1939,1939,245,245,245,234,234,234,0,0,0,0,0,0,0,0,0,80.7,80.7,80.7
fara-7b,ESPN--28,C7,1,0.0,hit_max_rounds,209,209,209,40,40,40,32,32,32,0,0,0,18,18,18,0,0,0,50.6,50.6,50.6
fara-7b,ESPN--28,C8,1,0.0,hit_max_rounds,703,703,703,66,66,66,54,54,54,0,0,0,32,32,32,0,0,0,58.5,58.5,58.5
fara-7b,ESPN--29,C0,1,1.0,success,633,633,633,120,120,120,111,111,111,0,0,0,0,0,0,0,0,0,28.6,28.6,28.6
fara-7b,ESPN--29,C2,1,0.0,hit_max_rounds,139,139,139,24,24,24,16,16,16,0,0,0,7,7,7,0,0,0,51.2,51.2,51.2
fara-7b,ESPN--29,C5,1,1.0,success,1048,1048,1048,178,178,178,164,164,164,0,0,0,0,0,0,0,0,0,43.6,43.6,43.6
fara-7b,ESPN--29,C7,1,0.0,hit_max_rounds,142,142,142,23,23,23,15,15,15,0,0,0,7,7,7,0,0,0,52.1,52.1,52.1
fara-7b,ESPN--29,C8,1,0.0,hit_max_rounds,219,219,219,45,45,45,37,37,37,0,0,0,16,16,16,0,0,0,52.3,52.3,52.3
fara-7b,ESPN--3,C0,1,1.0,success,640,640,640,89,89,89,78,78,78,0,0,0,0,0,0,0,0,0,33.2,33.2,33.2
fara-7b,ESPN--3,C2,1,0.0,hit_max_rounds,134,134,134,23,23,23,15,15,15,0,0,0,5,5,5,0,0,0,50.7,50.7,50.7
fara-7b,ESPN--3,C5,1,1.0,success,732,732,732,109,109,109,96,96,96,0,0,0,0,0,0,0,0,0,31.9,31.9,31.9
fara-7b,ESPN--3,C7,1,0.0,hit_max_rounds,142,142,142,23,23,23,15,15,15,0,0,0,5,5,5,0,0,0,50.2,50.2,50.2
fara-7b,ESPN--3,C8,1,1.0,success,429,429,429,84,84,84,71,71,71,0,0,0,13,13,13,0,0,0,51.3,51.3,51.3
fara-7b,ESPN--30,C0,1,0.0,hit_max_rounds,550,550,550,95,95,95,84,84,84,0,0,0,0,0,0,0,0,0,106.5,106.5,106.5
fara-7b,ESPN--30,C2,1,0.0,agent_error,290,290,290,40,40,40,30,30,30,0,0,0,4,4,4,0,0,0,39.4,39.4,39.4
fara-7b,ESPN--30,C5,1,0.0,hit_max_rounds,930,930,930,180,180,180,169,169,169,0,0,0,0,0,0,0,0,0,93.7,93.7,93.7
fara-7b,ESPN--30,C7,1,0.0,hit_max_rounds,518,518,518,56,56,56,45,45,45,0,0,0,18,18,18,0,0,0,64.0,64.0,64.0
fara-7b,ESPN--30,C8,1,0.0,hit_max_rounds,679,679,679,83,83,83,71,71,71,0,0,0,38,38,38,0,0,0,66.1,66.1,66.1
fara-7b,ESPN--31,C0,1,0.0,hit_max_rounds,2277,2277,2277,333,333,333,325,325,325,0,0,0,0,0,0,0,0,0,90.7,90.7,90.7
fara-7b,ESPN--31,C2,1,0.0,hit_max_rounds,134,134,134,24,24,24,16,16,16,0,0,0,4,4,4,0,0,0,50.1,50.1,50.1
fara-7b,ESPN--31,C5,1,0.0,hit_max_rounds,3183,3183,3183,391,391,391,383,383,383,0,0,0,0,0,0,0,0,0,96.4,96.4,96.4
fara-7b,ESPN--31,C7,1,0.0,hit_max_rounds,136,136,136,23,23,23,15,15,15,0,0,0,4,4,4,0,0,0,50.1,50.1,50.1
fara-7b,ESPN--31,C8,1,0.0,hit_max_rounds,217,217,217,45,45,45,37,37,37,0,0,0,17,17,17,0,0,0,45.2,45.2,45.2
fara-7b,ESPN--32,C0,1,1.0,success,677,677,677,92,92,92,79,79,79,0,0,0,0,0,0,0,0,0,45.0,45.0,45.0
fara-7b,ESPN--32,C2,1,0.0,hit_max_rounds,132,132,132,23,23,23,15,15,15,0,0,0,4,4,4,0,0,0,48.7,48.7,48.7
fara-7b,ESPN--32,C5,1,1.0,success,1012,1012,1012,175,175,175,162,162,162,0,0,0,0,0,0,0,0,0,43.4,43.4,43.4
fara-7b,ESPN--32,C7,1,0.0,hit_max_rounds,128,128,128,23,23,23,15,15,15,0,0,0,4,4,4,0,0,0,48.9,48.9,48.9
fara-7b,ESPN--32,C8,1,0.0,hit_max_rounds,936,936,936,90,90,90,74,74,74,0,0,0,53,53,53,0,0,0,67.3,67.3,67.3
fara-7b,ESPN--33,C0,1,1.0,success,387,387,387,41,41,41,33,33,33,0,0,0,0,0,0,0,0,0,27.6,27.6,27.6
fara-7b,ESPN--33,C2,1,0.0,hit_max_rounds,264,264,264,41,41,41,33,33,33,0,0,0,32,32,32,0,0,0,53.6,53.6,53.6
fara-7b,ESPN--33,C5,1,1.0,success,716,716,716,112,112,112,104,104,104,0,0,0,0,0,0,0,0,0,27.5,27.5,27.5
fara-7b,ESPN--33,C7,1,0.0,hit_max_rounds,292,292,292,41,41,41,33,33,33,0,0,0,37,37,37,0,0,0,53.5,53.5,53.5
fara-7b,ESPN--33,C8,1,0.0,hit_max_rounds,263,263,263,46,46,46,37,37,37,0,0,0,14,14,14,0,0,0,52.1,52.1,52.1
fara-7b,ESPN--34,C0,1,0.0,hit_max_rounds,701,701,701,120,120,120,110,110,110,0,0,0,0,0,0,0,0,0,63.4,63.4,63.4
fara-7b,ESPN--34,C2,1,0.0,hit_max_rounds,190,190,190,40,40,40,32,32,32,0,0,0,15,15,15,0,0,0,56.1,56.1,56.1
fara-7b,ESPN--34,C5,1,1.0,success,775,775,775,123,123,123,112,112,112,0,0,0,0,0,0,0,0,0,58.7,58.7,58.7
fara-7b,ESPN--34,C7,1,0.0,hit_max_rounds,213,213,213,43,43,43,35,35,35,0,0,0,18,18,18,0,0,0,62.5,62.5,62.5
fara-7b,ESPN--34,C8,1,0.0,hit_max_rounds,221,221,221,48,48,48,40,40,40,0,0,0,14,14,14,0,0,0,60.1,60.1,60.1
fara-7b,ESPN--35,C0,1,0.0,hit_max_rounds,806,806,806,122,122,122,111,111,111,0,0,0,0,0,0,0,0,0,78.9,78.9,78.9
fara-7b,ESPN--35,C2,1,0.0,hit_max_rounds,321,321,321,42,42,42,32,32,32,0,0,0,31,31,31,0,0,0,61.7,61.7,61.7
fara-7b,ESPN--35,C5,1,0.0,agent_error,767,767,767,139,139,139,128,128,128,0,0,0,0,0,0,0,0,0,54.7,54.7,54.7
fara-7b,ESPN--35,C7,1,0.0,hit_max_rounds,279,279,279,46,46,46,37,37,37,0,0,0,18,18,18,0,0,0,79.9,79.9,79.9
fara-7b,ESPN--35,C8,1,0.0,hit_max_rounds,680,680,680,48,48,48,37,37,37,0,0,0,20,20,20,0,0,0,64.5,64.5,64.5
fara-7b,ESPN--36,C0,1,1.0,success,482,482,482,47,47,47,39,39,39,0,0,0,0,0,0,0,0,0,41.4,41.4,41.4
fara-7b,ESPN--36,C2,1,0.0,hit_max_rounds,140,140,140,23,23,23,15,15,15,0,0,0,8,8,8,0,0,0,50.0,50.0,50.0
fara-7b,ESPN--36,C5,1,1.0,success,212,212,212,40,40,40,32,32,32,0,0,0,0,0,0,0,0,0,12.0,12.0,12.0
fara-7b,ESPN--36,C7,1,0.0,hit_max_rounds,140,140,140,24,24,24,16,16,16,0,0,0,8,8,8,0,0,0,50.8,50.8,50.8
fara-7b,ESPN--36,C8,1,0.0,agent_error,223,223,223,40,40,40,31,31,31,0,0,0,10,10,10,0,0,0,29.4,29.4,29.4
fara-7b,ESPN--37,C0,1,1.0,success,341,341,341,30,30,30,22,22,22,0,0,0,0,0,0,0,0,0,23.1,23.1,23.1
fara-7b,ESPN--37,C2,1,0.0,hit_max_rounds,191,191,191,38,38,38,30,30,30,0,0,0,14,14,14,0,0,0,55.7,55.7,55.7
fara-7b,ESPN--37,C5,1,1.0,success,349,349,349,31,31,31,23,23,23,0,0,0,0,0,0,0,0,0,23.7,23.7,23.7
fara-7b,ESPN--37,C7,1,0.0,hit_max_rounds,130,130,130,24,24,24,16,16,16,0,0,0,4,4,4,0,0,0,49.8,49.8,49.8
fara-7b,ESPN--37,C8,1,0.0,hit_max_rounds,202,202,202,45,45,45,37,37,37,0,0,0,14,14,14,0,0,0,43.2,43.2,43.2
fara-7b,ESPN--38,C0,1,0.0,hit_max_rounds,629,629,629,101,101,101,90,90,90,0,0,0,0,0,0,0,0,0,67.7,67.7,67.7
fara-7b,ESPN--38,C2,1,0.0,hit_max_rounds,216,216,216,40,40,40,32,32,32,0,0,0,22,22,22,0,0,0,51.5,51.5,51.5
fara-7b,ESPN--38,C5,1,0.0,hit_max_rounds,615,615,615,112,112,112,104,104,104,0,0,0,0,0,0,0,0,0,68.6,68.6,68.6
fara-7b,ESPN--38,C7,1,0.0,hit_max_rounds,202,202,202,40,40,40,32,32,32,0,0,0,18,18,18,0,0,0,53.3,53.3,53.3
fara-7b,ESPN--38,C8,1,0.0,hit_max_rounds,271,271,271,46,46,46,37,37,37,0,0,0,14,14,14,0,0,0,59.8,59.8,59.8
fara-7b,ESPN--39,C0,1,1.0,success,920,920,920,110,110,110,99,99,99,0,0,0,0,0,0,0,0,0,64.9,64.9,64.9
fara-7b,ESPN--39,C2,1,0.0,hit_max_rounds,135,135,135,23,23,23,15,15,15,0,0,0,5,5,5,0,0,0,51.1,51.1,51.1
fara-7b,ESPN--39,C5,1,1.0,success,1362,1362,1362,211,211,211,200,200,200,0,0,0,0,0,0,0,0,0,61.6,61.6,61.6
fara-7b,ESPN--39,C7,1,0.0,hit_max_rounds,135,135,135,24,24,24,16,16,16,0,0,0,5,5,5,0,0,0,50.3,50.3,50.3
fara-7b,ESPN--39,C8,1,0.0,hit_max_rounds,224,224,224,45,45,45,37,37,37,0,0,0,18,18,18,0,0,0,46.2,46.2,46.2
fara-7b,ESPN--4,C0,1,0.0,agent_error,631,631,631,146,146,146,136,136,136,0,0,0,0,0,0,0,0,0,75.5,75.5,75.5
fara-7b,ESPN--4,C2,1,0.0,hit_max_rounds,309,309,309,45,45,45,36,36,36,0,0,0,25,25,25,0,0,0,61.7,61.7,61.7
fara-7b,ESPN--4,C5,1,0.0,hit_max_rounds,1203,1203,1203,194,194,194,181,181,181,0,0,0,0,0,0,0,0,0,66.3,66.3,66.3
fara-7b,ESPN--4,C7,1,1.0,success,662,662,662,75,75,75,62,62,62,0,0,0,29,29,29,0,0,0,51.0,51.0,51.0
fara-7b,ESPN--4,C8,1,0.0,agent_error,120,120,120,22,22,22,14,14,14,0,0,0,1,1,1,0,0,0,8.2,8.2,8.2
fara-7b,ESPN--40,C0,1,1.0,success,644,644,644,127,127,127,117,117,117,0,0,0,0,0,0,0,0,0,51.1,51.1,51.1
fara-7b,ESPN--40,C2,1,0.0,hit_max_rounds,227,227,227,40,40,40,32,32,32,0,0,0,24,24,24,0,0,0,51.1,51.1,51.1
fara-7b,ESPN--40,C5,1,0.0,hit_max_rounds,768,768,768,124,124,124,114,114,114,0,0,0,0,0,0,0,0,0,67.7,67.7,67.7
fara-7b,ESPN--40,C7,1,0.0,hit_max_rounds,215,215,215,40,40,40,32,32,32,0,0,0,21,21,21,0,0,0,52.3,52.3,52.3
fara-7b,ESPN--40,C8,1,0.0,hit_max_rounds,381,381,381,58,58,58,47,47,47,0,0,0,18,18,18,0,0,0,58.5,58.5,58.5
fara-7b,ESPN--41,C0,1,1.0,success,611,611,611,106,106,106,95,95,95,0,0,0,0,0,0,0,0,0,28.2,28.2,28.2
fara-7b,ESPN--41,C2,1,0.0,hit_max_rounds,128,128,128,24,24,24,16,16,16,0,0,0,2,2,2,0,0,0,51.9,51.9,51.9
fara-7b,ESPN--41,C5,1,1.0,success,770,770,770,130,130,130,119,119,119,0,0,0,0,0,0,0,0,0,28.6,28.6,28.6
fara-7b,ESPN--41,C7,1,0.0,hit_max_rounds,130,130,130,24,24,24,16,16,16,0,0,0,2,2,2,0,0,0,50.6,50.6,50.6
fara-7b,ESPN--41,C8,1,0.0,hit_max_rounds,378,378,378,48,48,48,39,39,39,0,0,0,27,27,27,0,0,0,58.9,58.9,58.9
fara-7b,ESPN--42,C0,1,1.0,success,747,747,747,78,78,78,67,67,67,0,0,0,0,0,0,0,0,0,30.7,30.7,30.7
fara-7b,ESPN--42,C2,1,0.0,hit_max_rounds,135,135,135,24,24,24,16,16,16,0,0,0,5,5,5,0,0,0,48.8,48.8,48.8
fara-7b,ESPN--42,C5,1,1.0,success,818,818,818,88,88,88,77,77,77,0,0,0,0,0,0,0,0,0,31.7,31.7,31.7
fara-7b,ESPN--42,C7,1,0.0,hit_max_rounds,131,131,131,23,23,23,15,15,15,0,0,0,5,5,5,0,0,0,49.8,49.8,49.8
fara-7b,ESPN--42,C8,1,0.0,hit_max_rounds,201,201,201,45,45,45,37,37,37,0,0,0,14,14,14,0,0,0,61.1,61.1,61.1
fara-7b,ESPN--43,C0,1,0.0,hit_max_rounds,762,762,762,167,167,167,157,157,157,0,0,0,0,0,0,0,0,0,68.8,68.8,68.8
fara-7b,ESPN--43,C2,1,0.0,hit_max_rounds,131,131,131,24,24,24,16,16,16,0,0,0,3,3,3,0,0,0,50.8,50.8,50.8
fara-7b,ESPN--43,C5,1,1.0,success,631,631,631,58,58,58,48,48,48,0,0,0,0,0,0,0,0,0,34.9,34.9,34.9
fara-7b,ESPN--43,C7,1,0.0,hit_max_rounds,145,145,145,28,28,28,20,20,20,0,0,0,5,5,5,0,0,0,52.8,52.8,52.8
fara-7b,ESPN--43,C8,1,0.0,hit_max_rounds,225,225,225,45,45,45,37,37,37,0,0,0,18,18,18,0,0,0,50.2,50.2,50.2
fara-7b,ESPN--5,C0,1,1.0,success,1232,1232,1232,208,208,208,200,200,200,0,0,0,0,0,0,0,0,0,38.2,38.2,38.2
fara-7b,ESPN--5,C2,1,0.0,hit_max_rounds,136,136,136,23,23,23,15,15,15,0,0,0,6,6,6,0,0,0,51.7,51.7,51.7
fara-7b,ESPN--5,C5,1,1.0,success,916,916,916,153,153,153,140,140,140,0,0,0,0,0,0,0,0,0,34.5,34.5,34.5
fara-7b,ESPN--5,C7,1,0.0,hit_max_rounds,145,145,145,23,23,23,15,15,15,0,0,0,6,6,6,0,0,0,51.2,51.2,51.2
fara-7b,ESPN--5,C8,1,0.0,hit_max_rounds,384,384,384,62,62,62,47,47,47,0,0,0,31,31,31,0,0,0,49.9,49.9,49.9
fara-7b,ESPN--6,C0,1,1.0,success,333,333,333,32,32,32,24,24,24,0,0,0,0,0,0,0,0,0,24.4,24.4,24.4
fara-7b,ESPN--6,C2,1,0.0,hit_max_rounds,143,143,143,24,24,24,16,16,16,0,0,0,9,9,9,0,0,0,51.4,51.4,51.4
fara-7b,ESPN--6,C5,1,1.0,success,330,330,330,31,31,31,23,23,23,0,0,0,0,0,0,0,0,0,24.5,24.5,24.5
fara-7b,ESPN--6,C7,1,0.0,hit_max_rounds,146,146,146,23,23,23,15,15,15,0,0,0,9,9,9,0,0,0,51.0,51.0,51.0
fara-7b,ESPN--6,C8,1,0.0,hit_max_rounds,437,437,437,66,66,66,53,53,53,0,0,0,21,21,21,0,0,0,50.8,50.8,50.8
fara-7b,ESPN--7,C0,1,1.0,success,612,612,612,84,84,84,73,73,73,0,0,0,0,0,0,0,0,0,40.4,40.4,40.4
fara-7b,ESPN--7,C2,1,0.0,hit_max_rounds,136,136,136,23,23,23,15,15,15,0,0,0,6,6,6,0,0,0,50.9,50.9,50.9
fara-7b,ESPN--7,C5,1,1.0,success,359,359,359,31,31,31,23,23,23,0,0,0,0,0,0,0,0,0,23.8,23.8,23.8
fara-7b,ESPN--7,C7,1,0.0,hit_max_rounds,144,144,144,23,23,23,15,15,15,0,0,0,6,6,6,0,0,0,50.5,50.5,50.5
fara-7b,ESPN--7,C8,1,0.0,agent_error,340,340,340,57,57,57,46,46,46,0,0,0,20,20,20,0,0,0,57.6,57.6,57.6
fara-7b,ESPN--8,C0,1,0.0,hit_max_rounds,1049,1049,1049,84,84,84,72,72,72,0,0,0,0,0,0,0,0,0,72.3,72.3,72.3
fara-7b,ESPN--8,C2,1,0.0,hit_max_rounds,139,139,139,24,24,24,16,16,16,0,0,0,7,7,7,0,0,0,49.8,49.8,49.8
fara-7b,ESPN--8,C5,1,1.0,success,788,788,788,109,109,109,98,98,98,0,0,0,0,0,0,0,0,0,37.5,37.5,37.5
fara-7b,ESPN--8,C7,1,0.0,hit_max_rounds,193,193,193,37,37,37,29,29,29,0,0,0,17,17,17,0,0,0,58.9,58.9,58.9
fara-7b,ESPN--8,C8,1,0.0,hit_max_rounds,332,332,332,51,51,51,42,42,42,0,0,0,21,21,21,0,0,0,59.7,59.7,59.7
fara-7b,ESPN--9,C0,1,0.0,hit_max_rounds,634,634,634,142,142,142,130,130,130,0,0,0,0,0,0,0,0,0,60.3,60.3,60.3
fara-7b,ESPN--9,C2,1,0.0,hit_max_rounds,216,216,216,42,42,42,34,34,34,0,0,0,18,18,18,0,0,0,56.8,56.8,56.8
fara-7b,ESPN--9,C5,1,0.0,hit_max_rounds,661,661,661,126,126,126,114,114,114,0,0,0,0,0,0,0,0,0,93.8,93.8,93.8
fara-7b,ESPN--9,C7,1,0.0,hit_max_rounds,255,255,255,44,44,44,35,35,35,0,0,0,16,16,16,0,0,0,53.6,53.6,53.6
fara-7b,ESPN--9,C8,1,0.0,hit_max_rounds,262,262,262,46,46,46,37,37,37,0,0,0,18,18,18,0,0,0,55.4,55.4,55.4
fara-7b,GitHub--0,C0,1,1.0,success,207,207,207,5,5,5,2,2,2,0,0,0,0,0,0,0,0,0,23.6,23.6,23.6
fara-7b,GitHub--0,C2,1,1.0,success,208,208,208,5,5,5,2,2,2,0,0,0,0,0,0,0,0,0,29.4,29.4,29.4
fara-7b,GitHub--0,C5,1,1.0,success,221,221,221,5,5,5,2,2,2,0,0,0,0,0,0,0,0,0,36.9,36.9,36.9
fara-7b,GitHub--0,C7,1,1.0,success,263,263,263,5,5,5,2,2,2,0,0,0,0,0,0,0,0,0,36.9,36.9,36.9
fara-7b,GitHub--0,C8,1,1.0,success,212,212,212,5,5,5,2,2,2,0,0,0,0,0,0,0,0,0,28.7,28.7,28.7
fara-7b,GitHub--1,C0,1,1.0,success,305,305,305,6,6,6,3,3,3,0,0,0,0,0,0,0,0,0,50.1,50.1,50.1
fara-7b,GitHub--1,C2,1,1.0,success,294,294,294,5,5,5,2,2,2,0,0,0,0,0,0,0,0,0,46.3,46.3,46.3
fara-7b,GitHub--1,C5,1,1.0,success,221,221,221,4,4,4,1,1,1,0,0,0,0,0,0,0,0,0,50.9,50.9,50.9
fara-7b,GitHub--1,C7,1,1.0,success,283,283,283,5,5,5,2,2,2,0,0,0,0,0,0,0,0,0,45.0,45.0,45.0
fara-7b,GitHub--1,C8,1,0.0,hit_max_rounds,245,245,245,6,6,6,3,3,3,0,0,0,0,0,0,0,0,0,57.5,57.5,57.5
fara-7b,GitHub--10,C0,1,0.0,hit_max_rounds,262,262,262,9,9,9,6,6,6,0,0,0,0,0,0,0,0,0,53.1,53.1,53.1
fara-7b,GitHub--10,C2,1,0.0,hit_max_rounds,243,243,243,7,7,7,4,4,4,0,0,0,0,0,0,0,0,0,54.1,54.1,54.1
fara-7b,GitHub--10,C5,1,0.0,hit_max_rounds,376,376,376,9,9,9,6,6,6,0,0,0,0,0,0,0,0,0,54.3,54.3,54.3
fara-7b,GitHub--10,C7,1,0.0,hit_max_rounds,244,244,244,7,7,7,4,4,4,0,0,0,0,0,0,0,0,0,53.5,53.5,53.5
fara-7b,GitHub--10,C8,1,1.0,success,245,245,245,7,7,7,4,4,4,0,0,0,0,0,0,0,0,0,46.0,46.0,46.0
fara-7b,GitHub--11,C0,1,0.0,hit_max_rounds,272,272,272,4,4,4,1,1,1,0,0,0,0,0,0,0,0,0,58.7,58.7,58.7
fara-7b,GitHub--11,C2,1,0.0,hit_max_rounds,260,260,260,4,4,4,1,1,1,0,0,0,0,0,0,0,0,0,59.7,59.7,59.7
fara-7b,GitHub--11,C5,1,0.0,hit_max_rounds,273,273,273,4,4,4,1,1,1,0,0,0,0,0,0,0,0,0,60.8,60.8,60.8
fara-7b,GitHub--11,C7,1,0.0,hit_max_rounds,258,258,258,4,4,4,1,1,1,0,0,0,0,0,0,0,0,0,59.8,59.8,59.8
fara-7b,GitHub--11,C8,1,0.0,hit_max_rounds,300,300,300,5,5,5,2,2,2,0,0,0,0,0,0,0,0,0,62.9,62.9,62.9
fara-7b,GitHub--12,C0,1,1.0,success,326,326,326,6,6,6,3,3,3,0,0,0,0,0,0,0,0,0,36.6,36.6,36.6
fara-7b,GitHub--12,C2,1,1.0,success,328,328,328,6,6,6,3,3,3,0,0,0,0,0,0,0,0,0,45.0,45.0,45.0
fara-7b,GitHub--12,C5,1,1.0,success,325,325,325,6,6,6,3,3,3,0,0,0,0,0,0,0,0,0,35.9,35.9,35.9
fara-7b,GitHub--12,C7,1,1.0,success,326,326,326,6,6,6,3,3,3,0,0,0,0,0,0,0,0,0,36.1,36.1,36.1
fara-7b,GitHub--12,C8,1,1.0,success,322,322,322,6,6,6,3,3,3,0,0,0,0,0,0,0,0,0,37.0,37.0,37.0
fara-7b,GitHub--13,C0,1,1.0,success,324,324,324,7,7,7,4,4,4,0,0,0,0,0,0,0,0,0,43.0,43.0,43.0
fara-7b,GitHub--13,C2,1,1.0,success,373,373,373,7,7,7,4,4,4,0,0,0,0,0,0,0,0,0,41.9,41.9,41.9
fara-7b,GitHub--13,C5,1,0.0,hit_max_rounds,450,450,450,11,11,11,8,8,8,0,0,0,0,0,0,0,0,0,54.4,54.4,54.4
fara-7b,GitHub--13,C7,1,1.0,success,304,304,304,5,5,5,2,2,2,0,0,0,0,0,0,0,0,0,40.4,40.4,40.4
fara-7b,GitHub--13,C8,1,1.0,success,305,305,305,7,7,7,4,4,4,0,0,0,0,0,0,0,0,0,49.7,49.7,49.7
fara-7b,GitHub--14,C0,1,0.0,hit_max_rounds,580,580,580,12,12,12,9,9,9,0,0,0,0,0,0,0,0,0,62.0,62.0,62.0
fara-7b,GitHub--14,C2,1,1.0,success,336,336,336,7,7,7,4,4,4,0,0,0,0,0,0,0,0,0,54.0,54.0,54.0
fara-7b,GitHub--14,C5,1,1.0,success,361,361,361,7,7,7,4,4,4,0,0,0,0,0,0,0,0,0,57.9,57.9,57.9
fara-7b,GitHub--14,C7,1,0.0,hit_max_rounds,296,296,296,7,7,7,4,4,4,0,0,0,0,0,0,0,0,0,54.1,54.1,54.1
fara-7b,GitHub--14,C8,1,0.0,hit_max_rounds,296,296,296,8,8,8,5,5,5,0,0,0,1,1,1,0,0,0,55.6,55.6,55.6
fara-7b,GitHub--15,C0,1,1.0,success,234,234,234,5,5,5,2,2,2,0,0,0,0,0,0,0,0,0,30.1,30.1,30.1
fara-7b,GitHub--15,C2,1,1.0,success,409,409,409,7,7,7,4,4,4,0,0,0,0,0,0,0,0,0,31.5,31.5,31.5
fara-7b,GitHub--15,C5,1,0.0,hit_max_rounds,216,216,216,5,5,5,2,2,2,0,0,0,0,0,0,0,0,0,54.1,54.1,54.1
fara-7b,GitHub--15,C7,1,1.0,success,305,305,305,7,7,7,4,4,4,0,0,0,0,0,0,0,0,0,37.0,37.0,37.0
fara-7b,GitHub--15,C8,1,1.0,success,366,366,366,7,7,7,4,4,4,0,0,0,0,0,0,0,0,0,37.4,37.4,37.4
fara-7b,GitHub--16,C0,1,0.0,hit_max_rounds,393,393,393,12,12,12,9,9,9,0,0,0,0,0,0,0,0,0,55.1,55.1,55.1
fara-7b,GitHub--16,C2,1,0.0,hit_max_rounds,159,159,159,5,5,5,2,2,2,0,0,0,4,4,4,0,0,0,48.4,48.4,48.4
fara-7b,GitHub--16,C5,1,0.0,hit_max_rounds,422,422,422,13,13,13,10,10,10,0,0,0,0,0,0,0,0,0,55.6,55.6,55.6
fara-7b,GitHub--16,C7,1,0.0,hit_max_rounds,159,159,159,5,5,5,2,2,2,0,0,0,4,4,4,0,0,0,47.9,47.9,47.9
fara-7b,GitHub--16,C8,1,0.0,hit_max_rounds,285,285,285,8,8,8,3,3,3,0,0,0,0,0,0,0,0,0,56.1,56.1,56.1
fara-7b,GitHub--17,C0,1,0.0,hit_max_rounds,232,232,232,4,4,4,1,1,1,0,0,0,0,0,0,0,0,0,60.9,60.9,60.9
fara-7b,GitHub--17,C2,1,0.0,hit_max_rounds,246,246,246,6,6,6,3,3,3,0,0,0,2,2,2,0,0,0,58.8,58.8,58.8
fara-7b,GitHub--17,C5,1,1.0,success,304,304,304,7,7,7,4,4,4,0,0,0,0,0,0,0,0,0,30.9,30.9,30.9
fara-7b,GitHub--17,C7,1,0.0,hit_max_rounds,262,262,262,6,6,6,3,3,3,0,0,0,1,1,1,0,0,0,58.4,58.4,58.4
fara-7b,GitHub--17,C8,1,0.0,hit_max_rounds,234,234,234,4,4,4,1,1,1,0,0,0,0,0,0,0,0,0,60.0,60.0,60.0
fara-7b,GitHub--18,C0,1,1.0,success,373,373,373,12,12,12,9,9,9,0,0,0,0,0,0,0,0,0,25.4,25.4,25.4
fara-7b,GitHub--18,C2,1,0.0,hit_max_rounds,169,169,169,5,5,5,2,2,2,0,0,0,7,7,7,0,0,0,51.8,51.8,51.8
fara-7b,GitHub--18,C5,1,1.0,success,462,462,462,10,10,10,7,7,7,0,0,0,0,0,0,0,0,0,29.6,29.6,29.6
fara-7b,GitHub--18,C7,1,0.0,hit_max_rounds,170,170,170,5,5,5,2,2,2,0,0,0,7,7,7,0,0,0,51.2,51.2,51.2
fara-7b,GitHub--18,C8,1,1.0,success,221,221,221,5,5,5,2,2,2,0,0,0,0,0,0,0,0,0,29.3,29.3,29.3
fara-7b,GitHub--19,C0,1,1.0,success,212,212,212,5,5,5,2,2,2,0,0,0,0,0,0,0,0,0,23.7,23.7,23.7
fara-7b,GitHub--19,C2,1,1.0,success,239,239,239,5,5,5,2,2,2,0,0,0,0,0,0,0,0,0,23.9,23.9,23.9
fara-7b,GitHub--19,C5,1,1.0,success,246,246,246,5,5,5,2,2,2,0,0,0,0,0,0,0,0,0,23.3,23.3,23.3
fara-7b,GitHub--19,C7,1,1.0,success,257,257,257,5,5,5,2,2,2,0,0,0,0,0,0,0,0,0,24.0,24.0,24.0
fara-7b,GitHub--19,C8,1,1.0,success,237,237,237,5,5,5,2,2,2,0,0,0,0,0,0,0,0,0,23.4,23.4,23.4
fara-7b,GitHub--2,C0,1,1.0,success,320,320,320,5,5,5,2,2,2,0,0,0,0,0,0,0,0,0,57.2,57.2,57.2
fara-7b,GitHub--2,C2,1,0.0,hit_max_rounds,156,156,156,5,5,5,2,2,2,0,0,0,3,3,3,0,0,0,48.5,48.5,48.5
fara-7b,GitHub--2,C5,1,0.0,hit_max_rounds,279,279,279,5,5,5,2,2,2,0,0,0,0,0,0,0,0,0,57.8,57.8,57.8
fara-7b,GitHub--2,C7,1,0.0,hit_max_rounds,157,157,157,5,5,5,2,2,2,0,0,0,3,3,3,0,0,0,49.5,49.5,49.5
fara-7b,GitHub--2,C8,1,0.0,hit_max_rounds,166,166,166,4,4,4,1,1,1,0,0,0,0,0,0,0,0,0,52.5,52.5,52.5
fara-7b,GitHub--20,C0,1,1.0,success,360,360,360,11,11,11,8,8,8,0,0,0,0,0,0,0,0,0,24.0,24.0,24.0
fara-7b,GitHub--20,C2,1,0.0,hit_max_rounds,166,166,166,5,5,5,2,2,2,0,0,0,2,2,2,0,0,0,50.1,50.1,50.1
fara-7b,GitHub--20,C5,1,1.0,success,372,372,372,13,13,13,9,9,9,0,0,0,0,0,0,0,0,0,55.0,55.0,55.0
fara-7b,GitHub--20,C7,1,0.0,hit_max_rounds,167,167,167,5,5,5,2,2,2,0,0,0,2,2,2,0,0,0,49.9,49.9,49.9
fara-7b,GitHub--20,C8,1,0.0,hit_max_rounds,275,275,275,5,5,5,2,2,2,0,0,0,0,0,0,0,0,0,46.4,46.4,46.4
fara-7b,GitHub--21,C0,1,0.0,hit_max_rounds,224,224,224,7,7,7,4,4,4,0,0,0,0,0,0,0,0,0,56.5,56.5,56.5
fara-7b,GitHub--21,C2,1,1.0,success,188,188,188,6,6,6,3,3,3,0,0,0,2,2,2,0,0,0,52.0,52.0,52.0
fara-7b,GitHub--21,C5,1,1.0,success,373,373,373,14,14,14,11,11,11,0,0,0,0,0,0,0,0,0,31.0,31.0,31.0
fara-7b,GitHub--21,C7,1,1.0,success,189,189,189,6,6,6,3,3,3,0,0,0,2,2,2,0,0,0,52.4,52.4,52.4
fara-7b,GitHub--21,C8,1,1.0,success,203,203,203,7,7,7,4,4,4,0,0,0,0,0,0,0,0,0,50.1,50.1,50.1
fara-7b,GitHub--22,C0,1,1.0,success,307,307,307,6,6,6,3,3,3,0,0,0,0,0,0,0,0,0,38.7,38.7,38.7
fara-7b,GitHub--22,C2,1,1.0,success,283,283,283,6,6,6,3,3,3,0,0,0,0,0,0,0,0,0,38.4,38.4,38.4
fara-7b,GitHub--22,C5,1,0.0,hit_max_rounds,287,287,287,6,6,6,3,3,3,0,0,0,0,0,0,0,0,0,52.2,52.2,52.2
fara-7b,GitHub--22,C7,1,1.0,success,306,306,306,6,6,6,3,3,3,0,0,0,0,0,0,0,0,0,39.3,39.3,39.3
fara-7b,GitHub--22,C8,1,1.0,success,283,283,283,6,6,6,3,3,3,0,0,0,0,0,0,0,0,0,37.4,37.4,37.4
fara-7b,GitHub--23,C0,1,0.0,hit_max_rounds,471,471,471,9,9,9,6,6,6,0,0,0,0,0,0,0,0,0,56.7,56.7,56.7
fara-7b,GitHub--23,C2,1,0.0,hit_max_rounds,466,466,466,9,9,9,6,6,6,0,0,0,0,0,0,0,0,0,56.3,56.3,56.3
fara-7b,GitHub--23,C5,1,0.0,hit_max_rounds,475,475,475,9,9,9,6,6,6,0,0,0,0,0,0,0,0,0,55.8,55.8,55.8
fara-7b,GitHub--23,C7,1,0.0,hit_max_rounds,472,472,472,9,9,9,6,6,6,0,0,0,0,0,0,0,0,0,55.9,55.9,55.9
fara-7b,GitHub--23,C8,1,0.0,hit_max_rounds,306,306,306,5,5,5,2,2,2,0,0,0,0,0,0,0,0,0,55.8,55.8,55.8
fara-7b,GitHub--24,C0,1,1.0,success,440,440,440,7,7,7,4,4,4,0,0,0,0,0,0,0,0,0,47.3,47.3,47.3
fara-7b,GitHub--24,C2,1,0.0,hit_max_rounds,411,411,411,6,6,6,3,3,3,0,0,0,0,0,0,0,0,0,53.9,53.9,53.9
fara-7b,GitHub--24,C5,1,1.0,success,449,449,449,7,7,7,4,4,4,0,0,0,0,0,0,0,0,0,46.0,46.0,46.0
fara-7b,GitHub--24,C7,1,0.0,hit_max_rounds,416,416,416,6,6,6,3,3,3,0,0,0,0,0,0,0,0,0,56.7,56.7,56.7
fara-7b,GitHub--24,C8,1,0.0,hit_max_rounds,412,412,412,6,6,6,3,3,3,0,0,0,0,0,0,0,0,0,54.5,54.5,54.5
fara-7b,GitHub--25,C0,1,1.0,success,353,353,353,6,6,6,3,3,3,0,0,0,0,0,0,0,0,0,38.5,38.5,38.5
fara-7b,GitHub--25,C2,1,1.0,success,337,337,337,6,6,6,3,3,3,0,0,0,0,0,0,0,0,0,31.5,31.5,31.5
fara-7b,GitHub--25,C5,1,1.0,success,222,222,222,5,5,5,2,2,2,0,0,0,0,0,0,0,0,0,29.7,29.7,29.7
fara-7b,GitHub--25,C7,1,1.0,success,359,359,359,6,6,6,3,3,3,0,0,0,0,0,0,0,0,0,38.3,38.3,38.3
fara-7b,GitHub--25,C8,1,1.0,success,345,345,345,6,6,6,3,3,3,0,0,0,0,0,0,0,0,0,32.2,32.2,32.2
fara-7b,GitHub--26,C0,1,1.0,success,438,438,438,13,13,13,10,10,10,0,0,0,0,0,0,0,0,0,37.9,37.9,37.9
fara-7b,GitHub--26,C2,1,0.0,hit_max_rounds,158,158,158,5,5,5,2,2,2,0,0,0,4,4,4,0,0,0,47.6,47.6,47.6
fara-7b,GitHub--26,C5,1,1.0,success,418,418,418,13,13,13,10,10,10,0,0,0,0,0,0,0,0,0,26.8,26.8,26.8
fara-7b,GitHub--26,C7,1,0.0,hit_max_rounds,159,159,159,5,5,5,2,2,2,0,0,0,4,4,4,0,0,0,48.0,48.0,48.0
fara-7b,GitHub--26,C8,1,1.0,success,321,321,321,6,6,6,3,3,3,0,0,0,0,0,0,0,0,0,47.4,47.4,47.4
fara-7b,GitHub--27,C0,1,1.0,success,383,383,383,5,5,5,2,2,2,0,0,0,0,0,0,0,0,0,61.7,61.7,61.7
fara-7b,GitHub--27,C2,1,0.0,hit_max_rounds,238,238,238,4,4,4,1,1,1,0,0,0,0,0,0,0,0,0,58.9,58.9,58.9
fara-7b,GitHub--27,C5,1,0.0,hit_max_rounds,227,227,227,4,4,4,1,1,1,0,0,0,0,0,0,0,0,0,56.8,56.8,56.8
fara-7b,GitHub--27,C7,1,1.0,success,270,270,270,5,5,5,2,2,2,0,0,0,0,0,0,0,0,0,38.0,38.0,38.0
fara-7b,GitHub--27,C8,1,0.0,hit_max_rounds,243,243,243,4,4,4,1,1,1,0,0,0,0,0,0,0,0,0,58.7,58.7,58.7
fara-7b,GitHub--28,C0,1,1.0,success,212,212,212,5,5,5,2,2,2,0,0,0,0,0,0,0,0,0,24.8,24.8,24.8
fara-7b,GitHub--28,C2,1,1.0,success,212,212,212,5,5,5,2,2,2,0,0,0,0,0,0,0,0,0,24.8,24.8,24.8
fara-7b,GitHub--28,C5,1,1.0,success,227,227,227,5,5,5,2,2,2,0,0,0,0,0,0,0,0,0,23.7,23.7,23.7
fara-7b,GitHub--28,C7,1,1.0,success,213,213,213,5,5,5,2,2,2,0,0,0,0,0,0,0,0,0,24.5,24.5,24.5
fara-7b,GitHub--28,C8,1,1.0,success,257,257,257,5,5,5,2,2,2,0,0,0,0,0,0,0,0,0,25.2,25.2,25.2
fara-7b,GitHub--29,C0,1,1.0,success,178,178,178,5,5,5,2,2,2,0,0,0,0,0,0,0,0,0,33.3,33.3,33.3
fara-7b,GitHub--29,C2,1,1.0,success,185,185,185,7,7,7,4,4,4,0,0,0,0,0,0,0,0,0,22.4,22.4,22.4
fara-7b,GitHub--29,C5,1,1.0,success,188,188,188,7,7,7,4,4,4,0,0,0,0,0,0,0,0,0,21.9,21.9,21.9
fara-7b,GitHub--29,C7,1,1.0,success,179,179,179,5,5,5,2,2,2,0,0,0,0,0,0,0,0,0,21.7,21.7,21.7
fara-7b,GitHub--29,C8,1,1.0,success,179,179,179,5,5,5,2,2,2,0,0,0,0,0,0,0,0,0,22.3,22.3,22.3
fara-7b,GitHub--3,C0,1,1.0,success,178,178,178,5,5,5,2,2,2,0,0,0,0,0,0,0,0,0,28.2,28.2,28.2
fara-7b,GitHub--3,C2,1,1.0,success,178,178,178,5,5,5,2,2,2,0,0,0,0,0,0,0,0,0,28.2,28.2,28.2
fara-7b,GitHub--3,C5,1,1.0,success,179,179,179,5,5,5,2,2,2,0,0,0,0,0,0,0,0,0,27.6,27.6,27.6
fara-7b,GitHub--3,C7,1,1.0,success,186,186,186,5,5,5,2,2,2,0,0,0,2,2,2,0,0,0,57.3,57.3,57.3
fara-7b,GitHub--3,C8,1,1.0,success,178,178,178,5,5,5,2,2,2,0,0,0,0,0,0,0,0,0,21.9,21.9,21.9
fara-7b,GitHub--30,C0,1,0.0,hit_max_rounds,436,436,436,8,8,8,5,5,5,0,0,0,0,0,0,0,0,0,60.2,60.2,60.2
fara-7b,GitHub--30,C2,1,0.0,hit_max_rounds,362,362,362,8,8,8,5,5,5,0,0,0,1,1,1,0,0,0,58.6,58.6,58.6
fara-7b,GitHub--30,C5,1,0.0,hit_max_rounds,433,433,433,6,6,6,3,3,3,0,0,0,0,0,0,0,0,0,59.0,59.0,59.0
fara-7b,GitHub--30,C7,1,0.0,hit_max_rounds,371,371,371,8,8,8,5,5,5,0,0,0,1,1,1,0,0,0,57.7,57.7,57.7
fara-7b,GitHub--30,C8,1,0.0,hit_max_rounds,406,406,406,8,8,8,5,5,5,0,0,0,1,1,1,0,0,0,60.4,60.4,60.4
fara-7b,GitHub--31,C0,1,1.0,success,450,450,450,13,13,13,10,10,10,0,0,0,0,0,0,0,0,0,38.4,38.4,38.4
fara-7b,GitHub--31,C2,1,0.0,agent_error,156,156,156,5,5,5,2,2,2,0,0,0,3,3,3,0,0,0,22.5,22.5,22.5
fara-7b,GitHub--31,C5,1,0.0,hit_max_rounds,698,698,698,19,19,19,16,16,16,0,0,0,0,0,0,0,0,0,64.6,64.6,64.6
fara-7b,GitHub--31,C7,1,0.0,agent_error,157,157,157,5,5,5,2,2,2,0,0,0,3,3,3,0,0,0,22.6,22.6,22.6
fara-7b,GitHub--31,C8,1,1.0,success,434,434,434,6,6,6,3,3,3,0,0,0,0,0,0,0,0,0,36.9,36.9,36.9
fara-7b,GitHub--32,C0,1,1.0,success,320,320,320,6,6,6,3,3,3,0,0,0,0,0,0,0,0,0,45.9,45.9,45.9
fara-7b,GitHub--32,C2,1,0.0,hit_max_rounds,320,320,320,5,5,5,2,2,2,0,0,0,0,0,0,0,0,0,60.0,60.0,60.0
fara-7b,GitHub--32,C5,1,0.0,hit_max_rounds,369,369,369,5,5,5,2,2,2,0,0,0,0,0,0,0,0,0,62.2,62.2,62.2
fara-7b,GitHub--32,C7,1,1.0,success,285,285,285,5,5,5,2,2,2,0,0,0,0,0,0,0,0,0,32.9,32.9,32.9
fara-7b,GitHub--32,C8,1,0.0,hit_max_rounds,210,210,210,5,5,5,2,2,2,0,0,0,0,0,0,0,0,0,52.6,52.6,52.6
fara-7b,GitHub--33,C0,1,1.0,success,427,427,427,12,12,12,9,9,9,0,0,0,0,0,0,0,0,0,25.8,25.8,25.8
fara-7b,GitHub--33,C2,1,0.0,hit_max_rounds,167,167,167,5,5,5,2,2,2,0,0,0,4,4,4,0,0,0,48.7,48.7,48.7
fara-7b,GitHub--33,C5,1,1.0,success,386,386,386,12,12,12,9,9,9,0,0,0,0,0,0,0,0,0,25.4,25.4,25.4
fara-7b,GitHub--33,C7,1,0.0,hit_max_rounds,167,167,167,5,5,5,2,2,2,0,0,0,4,4,4,0,0,0,49.9,49.9,49.9
fara-7b,GitHub--33,C8,1,1.0,success,181,181,181,5,5,5,2,2,2,0,0,0,0,0,0,0,0,0,22.6,22.6,22.6
fara-7b,GitHub--34,C0,1,1.0,success,239,239,239,5,5,5,2,2,2,0,0,0,0,0,0,0,0,0,38.1,38.1,38.1
fara-7b,GitHub--34,C2,1,1.0,success,210,210,210,5,5,5,2,2,2,0,0,0,0,0,0,0,0,0,30.6,30.6,30.6
fara-7b,GitHub--34,C5,1,1.0,success,212,212,212,5,5,5,2,2,2,0,0,0,0,0,0,0,0,0,43.8,43.8,43.8
fara-7b,GitHub--34,C7,1,1.0,success,215,215,215,5,5,5,2,2,2,0,0,0,0,0,0,0,0,0,29.8,29.8,29.8
fara-7b,GitHub--34,C8,1,1.0,success,210,210,210,5,5,5,2,2,2,0,0,0,0,0,0,0,0,0,45.9,45.9,45.9
fara-7b,GitHub--35,C0,1,1.0,success,442,442,442,10,10,10,7,7,7,0,0,0,0,0,0,0,0,0,43.9,43.9,43.9
fara-7b,GitHub--35,C2,1,0.0,hit_max_rounds,179,179,179,5,5,5,2,2,2,0,0,0,4,4,4,0,0,0,50.4,50.4,50.4
fara-7b,GitHub--35,C5,1,1.0,success,453,453,453,10,10,10,7,7,7,0,0,0,0,0,0,0,0,0,44.0,44.0,44.0
fara-7b,GitHub--35,C7,1,0.0,hit_max_rounds,175,175,175,5,5,5,2,2,2,0,0,0,4,4,4,0,0,0,50.6,50.6,50.6
fara-7b,GitHub--35,C8,1,1.0,success,319,319,319,7,7,7,4,4,4,0,0,0,0,0,0,0,0,0,32.0,32.0,32.0
fara-7b,GitHub--36,C0,1,1.0,success,318,318,318,5,5,5,2,2,2,0,0,0,0,0,0,0,0,0,51.6,51.6,51.6
fara-7b,GitHub--36,C2,1,0.0,hit_max_rounds,213,213,213,6,6,6,3,3,3,0,0,0,2,2,2,0,0,0,57.2,57.2,57.2
fara-7b,GitHub--36,C5,1,0.0,hit_max_rounds,275,275,275,7,7,7,4,4,4,0,0,0,0,0,0,0,0,0,58.6,58.6,58.6
fara-7b,GitHub--36,C7,1,0.0,hit_max_rounds,243,243,243,6,6,6,3,3,3,0,0,0,5,5,5,0,0,0,53.8,53.8,53.8
fara-7b,GitHub--36,C8,1,1.0,success,334,334,334,6,6,6,3,3,3,0,0,0,0,0,0,0,0,0,46.0,46.0,46.0
fara-7b,GitHub--37,C0,1,1.0,success,278,278,278,8,8,8,5,5,5,0,0,0,0,0,0,0,0,0,50.4,50.4,50.4
fara-7b,GitHub--37,C2,1,0.0,hit_max_rounds,295,295,295,6,6,6,3,3,3,0,0,0,1,1,1,0,0,0,52.5,52.5,52.5
fara-7b,GitHub--37,C5,1,1.0,success,417,417,417,13,13,13,9,9,9,0,0,0,0,0,0,0,0,0,25.6,25.6,25.6
fara-7b,GitHub--37,C7,1,0.0,hit_max_rounds,296,296,296,6,6,6,3,3,3,0,0,0,2,2,2,0,0,0,53.3,53.3,53.3
fara-7b,GitHub--37,C8,1,0.0,hit_max_rounds,318,318,318,6,6,6,2,2,2,0,0,0,0,0,0,0,0,0,54.7,54.7,54.7
fara-7b,GitHub--38,C0,1,1.0,success,359,359,359,12,12,12,9,9,9,0,0,0,0,0,0,0,0,0,25.4,25.4,25.4
fara-7b,GitHub--38,C2,1,0.0,hit_max_rounds,162,162,162,5,5,5,2,2,2,0,0,0,5,5,5,0,0,0,47.9,47.9,47.9
fara-7b,GitHub--38,C5,1,1.0,success,354,354,354,12,12,12,9,9,9,0,0,0,0,0,0,0,0,0,24.5,24.5,24.5
fara-7b,GitHub--38,C7,1,0.0,hit_max_rounds,161,161,161,5,5,5,2,2,2,0,0,0,5,5,5,0,0,0,47.7,47.7,47.7
fara-7b,GitHub--38,C8,1,1.0,success,217,217,217,5,5,5,2,2,2,0,0,0,0,0,0,0,0,0,24.3,24.3,24.3
fara-7b,GitHub--39,C0,1,1.0,success,391,391,391,6,6,6,3,3,3,0,0,0,0,0,0,0,0,0,53.7,53.7,53.7
fara-7b,GitHub--39,C2,1,1.0,success,322,322,322,6,6,6,3,3,3,0,0,0,0,0,0,0,0,0,45.8,45.8,45.8
fara-7b,GitHub--39,C5,1,0.0,hit_max_rounds,527,527,527,14,14,14,11,11,11,0,0,0,0,0,0,0,0,0,59.0,59.0,59.0
fara-7b,GitHub--39,C7,1,1.0,success,330,330,330,6,6,6,3,3,3,0,0,0,0,0,0,0,0,0,45.3,45.3,45.3
fara-7b,GitHub--39,C8,1,0.0,hit_max_rounds,254,254,254,5,5,5,2,2,2,0,0,0,0,0,0,0,0,0,55.2,55.2,55.2
fara-7b,GitHub--4,C0,1,1.0,success,347,347,347,6,6,6,3,3,3,0,0,0,0,0,0,0,0,0,41.7,41.7,41.7
fara-7b,GitHub--4,C2,1,1.0,success,316,316,316,5,5,5,2,2,2,0,0,0,0,0,0,0,0,0,49.4,49.4,49.4
fara-7b,GitHub--4,C5,1,1.0,success,366,366,366,6,6,6,3,3,3,0,0,0,0,0,0,0,0,0,35.9,35.9,35.9
fara-7b,GitHub--4,C7,1,1.0,success,317,317,317,5,5,5,2,2,2,0,0,0,0,0,0,0,0,0,49.5,49.5,49.5
fara-7b,GitHub--4,C8,1,1.0,success,357,357,357,6,6,6,3,3,3,0,0,0,0,0,0,0,0,0,48.3,48.3,48.3
fara-7b,GitHub--40,C0,1,1.0,success,190,190,190,5,5,5,2,2,2,0,0,0,0,0,0,0,0,0,30.2,30.2,30.2
fara-7b,GitHub--40,C2,1,1.0,success,189,189,189,5,5,5,2,2,2,0,0,0,0,0,0,0,0,0,30.1,30.1,30.1
fara-7b,GitHub--40,C5,1,1.0,success,185,185,185,5,5,5,2,2,2,0,0,0,0,0,0,0,0,0,29.8,29.8,29.8
fara-7b,GitHub--40,C7,1,1.0,success,192,192,192,5,5,5,2,2,2,0,0,0,0,0,0,0,0,0,30.4,30.4,30.4
fara-7b,GitHub--40,C8,1,1.0,success,190,190,190,5,5,5,2,2,2,0,0,0,0,0,0,0,0,0,30.2,30.2,30.2
fara-7b,GitHub--5,C0,1,1.0,success,349,349,349,7,7,7,4,4,4,0,0,0,0,0,0,0,0,0,53.3,53.3,53.3
fara-7b,GitHub--5,C2,1,1.0,success,246,246,246,6,6,6,3,3,3,0,0,0,0,0,0,0,0,0,50.7,50.7,50.7
fara-7b,GitHub--5,C5,1,1.0,success,222,222,222,4,4,4,1,1,1,0,0,0,0,0,0,0,0,0,54.8,54.8,54.8
fara-7b,GitHub--5,C7,1,0.0,hit_max_rounds,225,225,225,5,5,5,2,2,2,0,0,0,0,0,0,0,0,0,59.2,59.2,59.2
fara-7b,GitHub--5,C8,1,1.0,success,245,245,245,5,5,5,2,2,2,0,0,0,0,0,0,0,0,0,52.1,52.1,52.1
fara-7b,GitHub--6,C0,1,1.0,success,332,332,332,6,6,6,3,3,3,0,0,0,0,0,0,0,0,0,45.9,45.9,45.9
fara-7b,GitHub--6,C2,1,1.0,success,328,328,328,6,6,6,3,3,3,0,0,0,0,0,0,0,0,0,46.7,46.7,46.7
fara-7b,GitHub--6,C5,1,0.0,hit_max_rounds,360,360,360,6,6,6,3,3,3,0,0,0,0,0,0,0,0,0,57.4,57.4,57.4
fara-7b,GitHub--6,C7,1,1.0,success,336,336,336,6,6,6,3,3,3,0,0,0,0,0,0,0,0,0,46.3,46.3,46.3
fara-7b,GitHub--6,C8,1,0.0,hit_max_rounds,362,362,362,7,7,7,4,4,4,0,0,0,0,0,0,0,0,0,58.8,58.8,58.8
fara-7b,GitHub--7,C0,1,1.0,success,383,383,383,5,5,5,2,2,2,0,0,0,0,0,0,0,0,0,44.0,44.0,44.0
fara-7b,GitHub--7,C2,1,1.0,success,380,380,380,5,5,5,2,2,2,0,0,0,0,0,0,0,0,0,44.4,44.4,44.4
fara-7b,GitHub--7,C5,1,1.0,success,381,381,381,5,5,5,2,2,2,0,0,0,0,0,0,0,0,0,43.8,43.8,43.8
fara-7b,GitHub--7,C7,1,1.0,success,355,355,355,5,5,5,2,2,2,0,0,0,0,0,0,0,0,0,37.8,37.8,37.8
fara-7b,GitHub--7,C8,1,1.0,success,382,382,382,5,5,5,2,2,2,0,0,0,0,0,0,0,0,0,52.2,52.2,52.2
fara-7b,GitHub--8,C0,1,1.0,success,328,328,328,11,11,11,8,8,8,0,0,0,0,0,0,0,0,0,21.9,21.9,21.9
fara-7b,GitHub--8,C2,1,0.0,hit_max_rounds,160,160,160,5,5,5,2,2,2,0,0,0,5,5,5,0,0,0,48.9,48.9,48.9
fara-7b,GitHub--8,C5,1,1.0,success,312,312,312,11,11,11,8,8,8,0,0,0,0,0,0,0,0,0,21.6,21.6,21.6
fara-7b,GitHub--8,C7,1,0.0,hit_max_rounds,161,161,161,5,5,5,2,2,2,0,0,0,5,5,5,0,0,0,48.3,48.3,48.3
fara-7b,GitHub--8,C8,1,0.0,hit_max_rounds,228,228,228,5,5,5,2,2,2,0,0,0,0,0,0,0,0,0,52.5,52.5,52.5
fara-7b,GitHub--9,C0,1,1.0,success,223,223,223,5,5,5,2,2,2,0,0,0,0,0,0,0,0,0,23.9,23.9,23.9
fara-7b,GitHub--9,C2,1,0.0,hit_max_rounds,320,320,320,6,6,6,3,3,3,0,0,0,0,0,0,0,0,0,58.5,58.5,58.5
fara-7b,GitHub--9,C5,1,0.0,hit_max_rounds,464,464,464,12,12,12,9,9,9,0,0,0,0,0,0,0,0,0,60.7,60.7,60.7
fara-7b,GitHub--9,C7,1,0.0,hit_max_rounds,369,369,369,6,6,6,3,3,3,0,0,0,0,0,0,0,0,0,59.2,59.2,59.2
fara-7b,GitHub--9,C8,1,1.0,success,224,224,224,5,5,5,2,2,2,0,0,0,0,0,0,0,0,0,24.0,24.0,24.0
fara-7b,Google_Flights--0,C0,1,0.0,hit_max_rounds,122,122,122,11,11,11,8,8,8,0,0,0,0,0,0,0,0,0,61.9,61.9,61.9
fara-7b,Google_Flights--0,C2,1,0.0,hit_max_rounds,125,125,125,11,11,11,8,8,8,0,0,0,0,0,0,0,0,0,61.7,61.7,61.7
fara-7b,Google_Flights--0,C5,1,0.0,hit_max_rounds,123,123,123,11,11,11,8,8,8,0,0,0,0,0,0,0,0,0,60.8,60.8,60.8
fara-7b,Google_Flights--0,C7,1,0.0,hit_max_rounds,122,122,122,11,11,11,8,8,8,0,0,0,0,0,0,0,0,0,61.7,61.7,61.7
fara-7b,Google_Flights--0,C8,1,0.0,hit_max_rounds,122,122,122,11,11,11,8,8,8,0,0,0,0,0,0,0,0,0,61.6,61.6,61.6
fara-7b,Google_Flights--1,C0,1,0.0,hit_max_rounds,105,105,105,11,11,11,8,8,8,0,0,0,0,0,0,0,0,0,61.7,61.7,61.7
fara-7b,Google_Flights--1,C2,1,0.0,hit_max_rounds,106,106,106,11,11,11,8,8,8,0,0,0,0,0,0,0,0,0,61.8,61.8,61.8
fara-7b,Google_Flights--1,C5,1,0.0,hit_max_rounds,104,104,104,11,11,11,8,8,8,0,0,0,0,0,0,0,0,0,60.3,60.3,60.3
fara-7b,Google_Flights--1,C7,1,0.0,hit_max_rounds,106,106,106,11,11,11,8,8,8,0,0,0,0,0,0,0,0,0,61.5,61.5,61.5
fara-7b,Google_Flights--1,C8,1,0.0,hit_max_rounds,105,105,105,11,11,11,8,8,8,0,0,0,0,0,0,0,0,0,61.4,61.4,61.4
fara-7b,Google_Flights--10,C0,1,0.0,hit_max_rounds,100,100,100,11,11,11,8,8,8,0,0,0,0,0,0,0,0,0,62.0,62.0,62.0
fara-7b,Google_Flights--10,C2,1,0.0,hit_max_rounds,115,115,115,11,11,11,8,8,8,0,0,0,0,0,0,0,0,0,62.4,62.4,62.4
fara-7b,Google_Flights--10,C5,1,0.0,hit_max_rounds,114,114,114,11,11,11,8,8,8,0,0,0,0,0,0,0,0,0,61.6,61.6,61.6
fara-7b,Google_Flights--10,C7,1,0.0,hit_max_rounds,101,101,101,11,11,11,8,8,8,0,0,0,0,0,0,0,0,0,61.5,61.5,61.5
fara-7b,Google_Flights--10,C8,1,0.0,hit_max_rounds,101,101,101,11,11,11,8,8,8,0,0,0,0,0,0,0,0,0,61.6,61.6,61.6
fara-7b,Google_Flights--11,C0,1,0.0,hit_max_rounds,103,103,103,11,11,11,8,8,8,0,0,0,0,0,0,0,0,0,68.1,68.1,68.1
fara-7b,Google_Flights--11,C2,1,0.0,hit_max_rounds,101,101,101,11,11,11,8,8,8,0,0,0,0,0,0,0,0,0,62.1,62.1,62.1
fara-7b,Google_Flights--11,C5,1,0.0,hit_max_rounds,102,102,102,11,11,11,8,8,8,0,0,0,0,0,0,0,0,0,60.5,60.5,60.5
fara-7b,Google_Flights--11,C7,1,0.0,hit_max_rounds,99,99,99,11,11,11,8,8,8,0,0,0,0,0,0,0,0,0,62.0,62.0,62.0
fara-7b,Google_Flights--11,C8,1,0.0,hit_max_rounds,103,103,103,11,11,11,8,8,8,0,0,0,0,0,0,0,0,0,61.0,61.0,61.0
fara-7b,Google_Flights--12,C0,1,0.0,hit_max_rounds,102,102,102,11,11,11,8,8,8,0,0,0,0,0,0,0,0,0,62.5,62.5,62.5
fara-7b,Google_Flights--12,C2,1,0.0,hit_max_rounds,103,103,103,11,11,11,8,8,8,0,0,0,0,0,0,0,0,0,60.8,60.8,60.8
fara-7b,Google_Flights--12,C5,1,0.0,hit_max_rounds,95,95,95,11,11,11,8,8,8,0,0,0,0,0,0,0,0,0,60.9,60.9,60.9
fara-7b,Google_Flights--12,C7,1,0.0,hit_max_rounds,103,103,103,11,11,11,8,8,8,0,0,0,0,0,0,0,0,0,60.9,60.9,60.9
fara-7b,Google_Flights--12,C8,1,0.0,hit_max_rounds,94,94,94,11,11,11,8,8,8,0,0,0,0,0,0,0,0,0,61.8,61.8,61.8
fara-7b,Google_Flights--13,C0,1,0.0,hit_max_rounds,100,100,100,11,11,11,8,8,8,0,0,0,0,0,0,0,0,0,61.1,61.1,61.1
fara-7b,Google_Flights--13,C2,1,0.0,hit_max_rounds,101,101,101,11,11,11,8,8,8,0,0,0,0,0,0,0,0,0,61.4,61.4,61.4
fara-7b,Google_Flights--13,C5,1,0.0,hit_max_rounds,100,100,100,11,11,11,8,8,8,0,0,0,0,0,0,0,0,0,60.4,60.4,60.4
fara-7b,Google_Flights--13,C7,1,0.0,hit_max_rounds,102,102,102,11,11,11,8,8,8,0,0,0,0,0,0,0,0,0,61.4,61.4,61.4
fara-7b,Google_Flights--13,C8,1,0.0,hit_max_rounds,100,100,100,11,11,11,8,8,8,0,0,0,0,0,0,0,0,0,60.6,60.6,60.6
fara-7b,Google_Flights--14,C0,1,0.0,hit_max_rounds,94,94,94,11,11,11,8,8,8,0,0,0,0,0,0,0,0,0,62.5,62.5,62.5
fara-7b,Google_Flights--14,C2,1,0.0,hit_max_rounds,94,94,94,11,11,11,8,8,8,0,0,0,0,0,0,0,0,0,61.8,61.8,61.8
fara-7b,Google_Flights--14,C5,1,0.0,hit_max_rounds,96,96,96,11,11,11,8,8,8,0,0,0,0,0,0,0,0,0,61.0,61.0,61.0
fara-7b,Google_Flights--14,C7,1,0.0,hit_max_rounds,94,94,94,11,11,11,8,8,8,0,0,0,0,0,0,0,0,0,61.6,61.6,61.6
fara-7b,Google_Flights--14,C8,1,0.0,hit_max_rounds,97,97,97,11,11,11,8,8,8,0,0,0,0,0,0,0,0,0,61.0,61.0,61.0
fara-7b,Google_Flights--15,C0,1,0.0,hit_max_rounds,100,100,100,11,11,11,8,8,8,0,0,0,0,0,0,0,0,0,62.3,62.3,62.3
fara-7b,Google_Flights--15,C2,1,0.0,hit_max_rounds,121,121,121,11,11,11,8,8,8,0,0,0,0,0,0,0,0,0,62.6,62.6,62.6
fara-7b,Google_Flights--15,C5,1,0.0,hit_max_rounds,118,118,118,11,11,11,8,8,8,0,0,0,0,0,0,0,0,0,61.9,61.9,61.9
fara-7b,Google_Flights--15,C7,1,0.0,hit_max_rounds,118,118,118,11,11,11,8,8,8,0,0,0,0,0,0,0,0,0,61.3,61.3,61.3
fara-7b,Google_Flights--15,C8,1,0.0,hit_max_rounds,118,118,118,11,11,11,8,8,8,0,0,0,0,0,0,0,0,0,61.1,61.1,61.1
fara-7b,Google_Flights--16,C0,1,0.0,hit_max_rounds,117,117,117,11,11,11,8,8,8,0,0,0,0,0,0,0,0,0,62.8,62.8,62.8
fara-7b,Google_Flights--16,C2,1,0.0,hit_max_rounds,117,117,117,11,11,11,8,8,8,0,0,0,0,0,0,0,0,0,61.8,61.8,61.8
fara-7b,Google_Flights--16,C5,1,0.0,hit_max_rounds,112,112,112,11,11,11,8,8,8,0,0,0,0,0,0,0,0,0,60.8,60.8,60.8
fara-7b,Google_Flights--16,C7,1,0.0,hit_max_rounds,116,116,116,11,11,11,8,8,8,0,0,0,0,0,0,0,0,0,62.0,62.0,62.0
fara-7b,Google_Flights--16,C8,1,0.0,hit_max_rounds,110,110,110,11,11,11,8,8,8,0,0,0,0,0,0,0,0,0,61.3,61.3,61.3
fara-7b,Google_Flights--17,C0,1,0.0,hit_max_rounds,100,100,100,11,11,11,8,8,8,0,0,0,0,0,0,0,0,0,61.7,61.7,61.7
fara-7b,Google_Flights--17,C2,1,0.0,hit_max_rounds,101,101,101,11,11,11,8,8,8,0,0,0,0,0,0,0,0,0,60.6,60.6,60.6
fara-7b,Google_Flights--17,C5,1,0.0,hit_max_rounds,101,101,101,11,11,11,8,8,8,0,0,0,0,0,0,0,0,0,60.7,60.7,60.7
fara-7b,Google_Flights--17,C7,1,0.0,hit_max_rounds,100,100,100,11,11,11,8,8,8,0,0,0,0,0,0,0,0,0,61.7,61.7,61.7
fara-7b,Google_Flights--17,C8,1,0.0,hit_max_rounds,101,101,101,11,11,11,8,8,8,0,0,0,0,0,0,0,0,0,60.8,60.8,60.8
fara-7b,Google_Flights--18,C0,1,0.0,hit_max_rounds,101,101,101,11,11,11,8,8,8,0,0,0,0,0,0,0,0,0,63.0,63.0,63.0
fara-7b,Google_Flights--18,C2,1,0.0,hit_max_rounds,100,100,100,11,11,11,8,8,8,0,0,0,0,0,0,0,0,0,60.6,60.6,60.6
fara-7b,Google_Flights--18,C5,1,0.0,hit_max_rounds,191,191,191,12,12,12,9,9,9,0,0,0,0,0,0,0,0,0,65.9,65.9,65.9
fara-7b,Google_Flights--18,C7,1,0.0,hit_max_rounds,101,101,101,11,11,11,8,8,8,0,0,0,0,0,0,0,0,0,61.4,61.4,61.4
fara-7b,Google_Flights--18,C8,1,0.0,hit_max_rounds,100,100,100,11,11,11,8,8,8,0,0,0,0,0,0,0,0,0,61.3,61.3,61.3
fara-7b,Google_Flights--19,C0,1,0.0,hit_max_rounds,105,105,105,11,11,11,8,8,8,0,0,0,0,0,0,0,0,0,62.4,62.4,62.4
fara-7b,Google_Flights--19,C2,1,0.0,hit_max_rounds,106,106,106,11,11,11,8,8,8,0,0,0,0,0,0,0,0,0,61.3,61.3,61.3
fara-7b,Google_Flights--19,C5,1,0.0,hit_max_rounds,106,106,106,11,11,11,8,8,8,0,0,0,0,0,0,0,0,0,61.3,61.3,61.3
fara-7b,Google_Flights--19,C7,1,0.0,hit_max_rounds,105,105,105,11,11,11,8,8,8,0,0,0,0,0,0,0,0,0,61.5,61.5,61.5
fara-7b,Google_Flights--19,C8,1,0.0,hit_max_rounds,107,107,107,11,11,11,8,8,8,0,0,0,0,0,0,0,0,0,60.3,60.3,60.3
fara-7b,Google_Flights--2,C0,1,0.0,hit_max_rounds,91,91,91,11,11,11,8,8,8,0,0,0,0,0,0,0,0,0,62.6,62.6,62.6
fara-7b,Google_Flights--2,C2,1,0.0,hit_max_rounds,91,91,91,11,11,11,8,8,8,0,0,0,0,0,0,0,0,0,62.5,62.5,62.5
fara-7b,Google_Flights--2,C5,1,0.0,hit_max_rounds,91,91,91,11,11,11,8,8,8,0,0,0,0,0,0,0,0,0,61.4,61.4,61.4
fara-7b,Google_Flights--2,C7,1,0.0,hit_max_rounds,85,85,85,11,11,11,8,8,8,0,0,0,0,0,0,0,0,0,61.9,61.9,61.9
fara-7b,Google_Flights--2,C8,1,0.0,hit_max_rounds,88,88,88,11,11,11,8,8,8,0,0,0,0,0,0,0,0,0,61.6,61.6,61.6
fara-7b,Google_Flights--20,C0,1,0.0,hit_max_rounds,106,106,106,11,11,11,8,8,8,0,0,0,0,0,0,0,0,0,62.4,62.4,62.4
fara-7b,Google_Flights--20,C2,1,0.0,hit_max_rounds,107,107,107,11,11,11,8,8,8,0,0,0,0,0,0,0,0,0,62.6,62.6,62.6
fara-7b,Google_Flights--20,C5,1,0.0,hit_max_rounds,107,107,107,11,11,11,8,8,8,0,0,0,0,0,0,0,0,0,62.3,62.3,62.3
fara-7b,Google_Flights--20,C7,1,0.0,hit_max_rounds,104,104,104,11,11,11,8,8,8,0,0,0,0,0,0,0,0,0,61.6,61.6,61.6
fara-7b,Google_Flights--20,C8,1,0.0,hit_max_rounds,103,103,103,11,11,11,8,8,8,0,0,0,0,0,0,0,0,0,61.8,61.8,61.8
fara-7b,Google_Flights--21,C0,1,0.0,hit_max_rounds,108,108,108,11,11,11,8,8,8,0,0,0,0,0,0,0,0,0,61.6,61.6,61.6
fara-7b,Google_Flights--21,C2,1,0.0,hit_max_rounds,107,107,107,11,11,11,8,8,8,0,0,0,0,0,0,0,0,0,61.2,61.2,61.2
fara-7b,Google_Flights--21,C5,1,0.0,hit_max_rounds,107,107,107,11,11,11,8,8,8,0,0,0,0,0,0,0,0,0,61.3,61.3,61.3
fara-7b,Google_Flights--21,C7,1,0.0,hit_max_rounds,108,108,108,11,11,11,8,8,8,0,0,0,0,0,0,0,0,0,60.9,60.9,60.9
fara-7b,Google_Flights--21,C8,1,0.0,hit_max_rounds,107,107,107,11,11,11,8,8,8,0,0,0,0,0,0,0,0,0,61.4,61.4,61.4
fara-7b,Google_Flights--22,C0,1,0.0,hit_max_rounds,134,134,134,11,11,11,8,8,8,0,0,0,0,0,0,0,0,0,63.0,63.0,63.0
fara-7b,Google_Flights--22,C2,1,0.0,hit_max_rounds,117,117,117,11,11,11,8,8,8,0,0,0,0,0,0,0,0,0,62.0,62.0,62.0
fara-7b,Google_Flights--22,C5,1,0.0,hit_max_rounds,112,112,112,11,11,11,8,8,8,0,0,0,0,0,0,0,0,0,61.8,61.8,61.8
fara-7b,Google_Flights--22,C7,1,0.0,hit_max_rounds,116,116,116,11,11,11,8,8,8,0,0,0,0,0,0,0,0,0,61.9,61.9,61.9
fara-7b,Google_Flights--22,C8,1,0.0,hit_max_rounds,166,166,166,11,11,11,8,8,8,0,0,0,0,0,0,0,0,0,63.9,63.9,63.9
fara-7b,Google_Flights--23,C0,1,0.0,hit_max_rounds,366,366,366,18,18,18,15,15,15,0,0,0,0,0,0,0,0,0,66.6,66.6,66.6
fara-7b,Google_Flights--23,C2,1,0.0,hit_max_rounds,256,256,256,12,12,12,9,9,9,0,0,0,0,0,0,0,0,0,66.7,66.7,66.7
fara-7b,Google_Flights--23,C5,1,0.0,hit_max_rounds,106,106,106,11,11,11,8,8,8,0,0,0,0,0,0,0,0,0,61.5,61.5,61.5
fara-7b,Google_Flights--23,C7,1,0.0,hit_max_rounds,108,108,108,11,11,11,8,8,8,0,0,0,0,0,0,0,0,0,63.1,63.1,63.1
fara-7b,Google_Flights--23,C8,1,0.0,hit_max_rounds,202,202,202,12,12,12,9,9,9,0,0,0,0,0,0,0,0,0,62.9,62.9,62.9
fara-7b,Google_Flights--24,C0,1,0.0,hit_max_rounds,188,188,188,12,12,12,9,9,9,0,0,0,0,0,0,0,0,0,67.8,67.8,67.8
fara-7b,Google_Flights--24,C2,1,0.0,hit_max_rounds,194,194,194,12,12,12,9,9,9,0,0,0,0,0,0,0,0,0,65.4,65.4,65.4
fara-7b,Google_Flights--24,C5,1,0.0,hit_max_rounds,222,222,222,12,12,12,9,9,9,0,0,0,0,0,0,0,0,0,63.3,63.3,63.3
fara-7b,Google_Flights--24,C7,1,0.0,hit_max_rounds,264,264,264,17,17,17,12,12,12,0,0,0,0,0,0,0,0,0,65.6,65.6,65.6
fara-7b,Google_Flights--24,C8,1,0.0,hit_max_rounds,100,100,100,11,11,11,8,8,8,0,0,0,0,0,0,0,0,0,61.9,61.9,61.9
fara-7b,Google_Flights--25,C0,1,0.0,hit_max_rounds,127,127,127,11,11,11,8,8,8,0,0,0,0,0,0,0,0,0,61.5,61.5,61.5
fara-7b,Google_Flights--25,C2,1,0.0,hit_max_rounds,128,128,128,11,11,11,8,8,8,0,0,0,0,0,0,0,0,0,61.4,61.4,61.4
fara-7b,Google_Flights--25,C5,1,0.0,hit_max_rounds,127,127,127,11,11,11,8,8,8,0,0,0,0,0,0,0,0,0,60.1,60.1,60.1
fara-7b,Google_Flights--25,C7,1,0.0,hit_max_rounds,126,126,126,11,11,11,8,8,8,0,0,0,0,0,0,0,0,0,61.9,61.9,61.9
fara-7b,Google_Flights--25,C8,1,0.0,hit_max_rounds,128,128,128,11,11,11,8,8,8,0,0,0,0,0,0,0,0,0,61.1,61.1,61.1
fara-7b,Google_Flights--26,C0,1,0.0,hit_max_rounds,102,102,102,11,11,11,8,8,8,0,0,0,0,0,0,0,0,0,62.2,62.2,62.2
fara-7b,Google_Flights--26,C2,1,0.0,hit_max_rounds,102,102,102,11,11,11,8,8,8,0,0,0,0,0,0,0,0,0,62.6,62.6,62.6
fara-7b,Google_Flights--26,C5,1,0.0,hit_max_rounds,103,103,103,11,11,11,8,8,8,0,0,0,0,0,0,0,0,0,60.9,60.9,60.9
fara-7b,Google_Flights--26,C7,1,0.0,hit_max_rounds,102,102,102,11,11,11,8,8,8,0,0,0,0,0,0,0,0,0,61.4,61.4,61.4
fara-7b,Google_Flights--26,C8,1,0.0,hit_max_rounds,102,102,102,11,11,11,8,8,8,0,0,0,0,0,0,0,0,0,61.8,61.8,61.8
fara-7b,Google_Flights--27,C0,1,0.0,hit_max_rounds,122,122,122,11,11,11,8,8,8,0,0,0,0,0,0,0,0,0,61.5,61.5,61.5
fara-7b,Google_Flights--27,C2,1,0.0,hit_max_rounds,122,122,122,11,11,11,8,8,8,0,0,0,0,0,0,0,0,0,61.4,61.4,61.4
fara-7b,Google_Flights--27,C5,1,0.0,hit_max_rounds,124,124,124,11,11,11,8,8,8,0,0,0,0,0,0,0,0,0,61.1,61.1,61.1
fara-7b,Google_Flights--27,C7,1,0.0,hit_max_rounds,104,104,104,11,11,11,8,8,8,0,0,0,0,0,0,0,0,0,61.8,61.8,61.8
fara-7b,Google_Flights--27,C8,1,0.0,hit_max_rounds,126,126,126,11,11,11,8,8,8,0,0,0,0,0,0,0,0,0,61.1,61.1,61.1
fara-7b,Google_Flights--28,C0,1,0.0,hit_max_rounds,97,97,97,11,11,11,8,8,8,0,0,0,0,0,0,0,0,0,61.9,61.9,61.9
fara-7b,Google_Flights--28,C2,1,0.0,hit_max_rounds,103,103,103,11,11,11,8,8,8,0,0,0,0,0,0,0,0,0,61.8,61.8,61.8
fara-7b,Google_Flights--28,C5,1,0.0,hit_max_rounds,104,104,104,11,11,11,8,8,8,0,0,0,0,0,0,0,0,0,62.4,62.4,62.4
fara-7b,Google_Flights--28,C7,1,0.0,hit_max_rounds,91,91,91,11,11,11,8,8,8,0,0,0,0,0,0,0,0,0,60.8,60.8,60.8
fara-7b,Google_Flights--28,C8,1,0.0,hit_max_rounds,92,92,92,11,11,11,8,8,8,0,0,0,0,0,0,0,0,0,61.4,61.4,61.4
fara-7b,Google_Flights--29,C0,1,0.0,hit_max_rounds,111,111,111,11,11,11,8,8,8,0,0,0,0,0,0,0,0,0,62.2,62.2,62.2
fara-7b,Google_Flights--29,C2,1,0.0,hit_max_rounds,110,110,110,11,11,11,8,8,8,0,0,0,0,0,0,0,0,0,62.1,62.1,62.1
fara-7b,Google_Flights--29,C5,1,0.0,hit_max_rounds,124,124,124,11,11,11,8,8,8,0,0,0,0,0,0,0,0,0,62.1,62.1,62.1
fara-7b,Google_Flights--29,C7,1,0.0,hit_max_rounds,124,124,124,11,11,11,8,8,8,0,0,0,0,0,0,0,0,0,61.0,61.0,61.0
fara-7b,Google_Flights--29,C8,1,0.0,hit_max_rounds,112,112,112,11,11,11,8,8,8,0,0,0,0,0,0,0,0,0,61.5,61.5,61.5
fara-7b,Google_Flights--3,C0,1,0.0,hit_max_rounds,115,115,115,11,11,11,8,8,8,0,0,0,0,0,0,0,0,0,61.8,61.8,61.8
fara-7b,Google_Flights--3,C2,1,0.0,hit_max_rounds,121,121,121,11,11,11,8,8,8,0,0,0,0,0,0,0,0,0,62.7,62.7,62.7
fara-7b,Google_Flights--3,C5,1,0.0,hit_max_rounds,117,117,117,11,11,11,8,8,8,0,0,0,0,0,0,0,0,0,60.8,60.8,60.8
fara-7b,Google_Flights--3,C7,1,0.0,hit_max_rounds,274,274,274,12,12,12,9,9,9,0,0,0,0,0,0,0,0,0,66.1,66.1,66.1
fara-7b,Google_Flights--3,C8,1,0.0,hit_max_rounds,249,249,249,13,13,13,10,10,10,0,0,0,0,0,0,0,0,0,65.3,65.3,65.3
fara-7b,Google_Flights--30,C0,1,0.0,hit_max_rounds,106,106,106,11,11,11,8,8,8,0,0,0,0,0,0,0,0,0,61.9,61.9,61.9
fara-7b,Google_Flights--30,C2,1,0.0,hit_max_rounds,107,107,107,11,11,11,8,8,8,0,0,0,0,0,0,0,0,0,61.5,61.5,61.5
fara-7b,Google_Flights--30,C5,1,0.0,hit_max_rounds,120,120,120,11,11,11,8,8,8,0,0,0,0,0,0,0,0,0,60.3,60.3,60.3
fara-7b,Google_Flights--30,C7,1,0.0,hit_max_rounds,310,310,310,12,12,12,9,9,9,0,0,0,0,0,0,0,0,0,64.8,64.8,64.8
fara-7b,Google_Flights--30,C8,1,0.0,hit_max_rounds,106,106,106,11,11,11,8,8,8,0,0,0,0,0,0,0,0,0,61.5,61.5,61.5
fara-7b,Google_Flights--31,C0,1,0.0,hit_max_rounds,118,118,118,11,11,11,8,8,8,0,0,0,0,0,0,0,0,0,61.5,61.5,61.5
fara-7b,Google_Flights--31,C2,1,0.0,hit_max_rounds,116,116,116,11,11,11,8,8,8,0,0,0,0,0,0,0,0,0,61.3,61.3,61.3
fara-7b,Google_Flights--31,C5,1,0.0,hit_max_rounds,116,116,116,11,11,11,8,8,8,0,0,0,0,0,0,0,0,0,61.4,61.4,61.4
fara-7b,Google_Flights--31,C7,1,0.0,hit_max_rounds,116,116,116,11,11,11,8,8,8,0,0,0,0,0,0,0,0,0,60.9,60.9,60.9
fara-7b,Google_Flights--31,C8,1,0.0,hit_max_rounds,117,117,117,11,11,11,8,8,8,0,0,0,0,0,0,0,0,0,61.6,61.6,61.6
fara-7b,Google_Flights--32,C0,1,0.0,hit_max_rounds,124,124,124,11,11,11,8,8,8,0,0,0,0,0,0,0,0,0,61.7,61.7,61.7
fara-7b,Google_Flights--32,C2,1,0.0,hit_max_rounds,120,120,120,11,11,11,8,8,8,0,0,0,0,0,0,0,0,0,61.6,61.6,61.6
fara-7b,Google_Flights--32,C5,1,0.0,hit_max_rounds,124,124,124,11,11,11,8,8,8,0,0,0,0,0,0,0,0,0,61.1,61.1,61.1
fara-7b,Google_Flights--32,C7,1,0.0,hit_max_rounds,122,122,122,11,11,11,8,8,8,0,0,0,0,0,0,0,0,0,61.8,61.8,61.8
fara-7b,Google_Flights--32,C8,1,0.0,hit_max_rounds,120,120,120,11,11,11,8,8,8,0,0,0,0,0,0,0,0,0,61.3,61.3,61.3
fara-7b,Google_Flights--33,C0,1,0.0,hit_max_rounds,121,121,121,11,11,11,8,8,8,0,0,0,0,0,0,0,0,0,61.7,61.7,61.7
fara-7b,Google_Flights--33,C2,1,0.0,hit_max_rounds,118,118,118,11,11,11,8,8,8,0,0,0,0,0,0,0,0,0,61.7,61.7,61.7
fara-7b,Google_Flights--33,C5,1,0.0,hit_max_rounds,119,119,119,11,11,11,8,8,8,0,0,0,0,0,0,0,0,0,61.0,61.0,61.0
fara-7b,Google_Flights--33,C7,1,0.0,hit_max_rounds,118,118,118,11,11,11,8,8,8,0,0,0,0,0,0,0,0,0,61.6,61.6,61.6
fara-7b,Google_Flights--33,C8,1,0.0,hit_max_rounds,120,120,120,11,11,11,8,8,8,0,0,0,0,0,0,0,0,0,61.0,61.0,61.0
fara-7b,Google_Flights--34,C0,1,0.0,hit_max_rounds,94,94,94,11,11,11,8,8,8,0,0,0,0,0,0,0,0,0,62.2,62.2,62.2
fara-7b,Google_Flights--34,C2,1,0.0,hit_max_rounds,100,100,100,11,11,11,8,8,8,0,0,0,0,0,0,0,0,0,62.3,62.3,62.3
fara-7b,Google_Flights--34,C5,1,0.0,hit_max_rounds,95,95,95,11,11,11,8,8,8,0,0,0,0,0,0,0,0,0,61.2,61.2,61.2
fara-7b,Google_Flights--34,C7,1,0.0,hit_max_rounds,95,95,95,11,11,11,8,8,8,0,0,0,0,0,0,0,0,0,61.5,61.5,61.5
fara-7b,Google_Flights--34,C8,1,0.0,hit_max_rounds,96,96,96,11,11,11,8,8,8,0,0,0,0,0,0,0,0,0,61.4,61.4,61.4
fara-7b,Google_Flights--35,C0,1,0.0,hit_max_rounds,103,103,103,11,11,11,8,8,8,0,0,0,0,0,0,0,0,0,62.2,62.2,62.2
fara-7b,Google_Flights--35,C2,1,0.0,hit_max_rounds,109,109,109,11,11,11,8,8,8,0,0,0,0,0,0,0,0,0,61.5,61.5,61.5
fara-7b,Google_Flights--35,C5,1,0.0,hit_max_rounds,109,109,109,11,11,11,8,8,8,0,0,0,0,0,0,0,0,0,60.5,60.5,60.5
fara-7b,Google_Flights--35,C7,1,0.0,hit_max_rounds,109,109,109,11,11,11,8,8,8,0,0,0,0,0,0,0,0,0,61.7,61.7,61.7
fara-7b,Google_Flights--35,C8,1,0.0,hit_max_rounds,110,110,110,11,11,11,8,8,8,0,0,0,0,0,0,0,0,0,61.1,61.1,61.1
fara-7b,Google_Flights--36,C0,1,0.0,hit_max_rounds,102,102,102,11,11,11,8,8,8,0,0,0,0,0,0,0,0,0,61.8,61.8,61.8
fara-7b,Google_Flights--36,C2,1,0.0,hit_max_rounds,112,112,112,11,11,11,8,8,8,0,0,0,0,0,0,0,0,0,62.0,62.0,62.0
fara-7b,Google_Flights--36,C5,1,0.0,hit_max_rounds,113,113,113,11,11,11,8,8,8,0,0,0,0,0,0,0,0,0,61.0,61.0,61.0
fara-7b,Google_Flights--36,C7,1,0.0,hit_max_rounds,113,113,113,11,11,11,8,8,8,0,0,0,0,0,0,0,0,0,60.9,60.9,60.9
fara-7b,Google_Flights--36,C8,1,0.0,hit_max_rounds,108,108,108,11,11,11,8,8,8,0,0,0,0,0,0,0,0,0,61.4,61.4,61.4
fara-7b,Google_Flights--37,C0,1,0.0,hit_max_rounds,105,105,105,11,11,11,8,8,8,0,0,0,0,0,0,0,0,0,63.8,63.8,63.8
fara-7b,Google_Flights--37,C2,1,0.0,hit_max_rounds,108,108,108,11,11,11,8,8,8,0,0,0,0,0,0,0,0,0,61.8,61.8,61.8
fara-7b,Google_Flights--37,C5,1,0.0,hit_max_rounds,103,103,103,11,11,11,8,8,8,0,0,0,0,0,0,0,0,0,61.6,61.6,61.6
fara-7b,Google_Flights--37,C7,1,0.0,hit_max_rounds,108,108,108,11,11,11,8,8,8,0,0,0,0,0,0,0,0,0,61.6,61.6,61.6
fara-7b,Google_Flights--37,C8,1,0.0,hit_max_rounds,109,109,109,11,11,11,8,8,8,0,0,0,0,0,0,0,0,0,62.1,62.1,62.1
fara-7b,Google_Flights--38,C0,1,0.0,agent_error,53,53,53,11,11,11,8,8,8,0,0,0,0,0,0,0,0,0,10.7,10.7,10.7
fara-7b,Google_Flights--38,C2,1,0.0,hit_max_rounds,104,104,104,11,11,11,8,8,8,0,0,0,0,0,0,0,0,0,61.8,61.8,61.8
fara-7b,Google_Flights--38,C5,1,0.0,hit_max_rounds,105,105,105,11,11,11,8,8,8,0,0,0,0,0,0,0,0,0,62.6,62.6,62.6
fara-7b,Google_Flights--38,C7,1,0.0,agent_error,53,53,53,11,11,11,8,8,8,0,0,0,0,0,0,0,0,0,14.2,14.2,14.2
fara-7b,Google_Flights--38,C8,1,0.0,hit_max_rounds,98,98,98,11,11,11,8,8,8,0,0,0,0,0,0,0,0,0,61.3,61.3,61.3
fara-7b,Google_Flights--39,C0,1,0.0,hit_max_rounds,110,110,110,11,11,11,8,8,8,0,0,0,0,0,0,0,0,0,61.1,61.1,61.1
fara-7b,Google_Flights--39,C2,1,0.0,hit_max_rounds,147,147,147,11,11,11,8,8,8,0,0,0,0,0,0,0,0,0,61.5,61.5,61.5
fara-7b,Google_Flights--39,C5,1,0.0,hit_max_rounds,133,133,133,11,11,11,8,8,8,0,0,0,0,0,0,0,0,0,60.6,60.6,60.6
fara-7b,Google_Flights--39,C7,1,0.0,hit_max_rounds,133,133,133,11,11,11,8,8,8,0,0,0,0,0,0,0,0,0,59.7,59.7,59.7
fara-7b,Google_Flights--39,C8,1,0.0,hit_max_rounds,129,129,129,11,11,11,8,8,8,0,0,0,0,0,0,0,0,0,61.5,61.5,61.5
fara-7b,Google_Flights--4,C0,1,0.0,hit_max_rounds,106,106,106,11,11,11,8,8,8,0,0,0,0,0,0,0,0,0,61.3,61.3,61.3
fara-7b,Google_Flights--4,C2,1,0.0,hit_max_rounds,106,106,106,11,11,11,8,8,8,0,0,0,0,0,0,0,0,0,60.5,60.5,60.5
fara-7b,Google_Flights--4,C5,1,0.0,hit_max_rounds,107,107,107,11,11,11,8,8,8,0,0,0,0,0,0,0,0,0,60.4,60.4,60.4
fara-7b,Google_Flights--4,C7,1,0.0,hit_max_rounds,106,106,106,11,11,11,8,8,8,0,0,0,0,0,0,0,0,0,60.8,60.8,60.8
fara-7b,Google_Flights--4,C8,1,0.0,hit_max_rounds,107,107,107,11,11,11,8,8,8,0,0,0,0,0,0,0,0,0,61.5,61.5,61.5
fara-7b,Google_Flights--40,C0,1,0.0,hit_max_rounds,281,281,281,12,12,12,9,9,9,0,0,0,0,0,0,0,0,0,64.2,64.2,64.2
fara-7b,Google_Flights--40,C2,1,0.0,hit_max_rounds,318,318,318,12,12,12,9,9,9,0,0,0,0,0,0,0,0,0,64.2,64.2,64.2
fara-7b,Google_Flights--40,C5,1,1.0,success,282,282,282,12,12,12,9,9,9,0,0,0,0,0,0,0,0,0,49.5,49.5,49.5
fara-7b,Google_Flights--40,C7,1,0.0,hit_max_rounds,213,213,213,12,12,12,9,9,9,0,0,0,0,0,0,0,0,0,65.8,65.8,65.8
fara-7b,Google_Flights--40,C8,1,0.0,hit_max_rounds,327,327,327,12,12,12,9,9,9,0,0,0,0,0,0,0,0,0,62.9,62.9,62.9
fara-7b,Google_Flights--41,C0,1,0.0,hit_max_rounds,145,145,145,11,11,11,8,8,8,0,0,0,0,0,0,0,0,0,63.5,63.5,63.5
fara-7b,Google_Flights--41,C2,1,0.0,hit_max_rounds,144,144,144,11,11,11,8,8,8,0,0,0,0,0,0,0,0,0,61.5,61.5,61.5
fara-7b,Google_Flights--41,C5,1,0.0,hit_max_rounds,127,127,127,11,11,11,8,8,8,0,0,0,0,0,0,0,0,0,60.9,60.9,60.9
fara-7b,Google_Flights--41,C7,1,0.0,hit_max_rounds,128,128,128,11,11,11,8,8,8,0,0,0,0,0,0,0,0,0,62.4,62.4,62.4
fara-7b,Google_Flights--41,C8,1,0.0,hit_max_rounds,126,126,126,11,11,11,8,8,8,0,0,0,0,0,0,0,0,0,60.9,60.9,60.9
fara-7b,Google_Flights--5,C0,1,0.0,hit_max_rounds,95,95,95,11,11,11,8,8,8,0,0,0,0,0,0,0,0,0,61.5,61.5,61.5
fara-7b,Google_Flights--5,C2,1,0.0,hit_max_rounds,94,94,94,11,11,11,8,8,8,0,0,0,0,0,0,0,0,0,61.1,61.1,61.1
fara-7b,Google_Flights--5,C5,1,0.0,hit_max_rounds,94,94,94,11,11,11,8,8,8,0,0,0,0,0,0,0,0,0,61.1,61.1,61.1
fara-7b,Google_Flights--5,C7,1,0.0,hit_max_rounds,95,95,95,11,11,11,8,8,8,0,0,0,0,0,0,0,0,0,60.9,60.9,60.9
fara-7b,Google_Flights--5,C8,1,0.0,hit_max_rounds,96,96,96,11,11,11,8,8,8,0,0,0,0,0,0,0,0,0,60.5,60.5,60.5
fara-7b,Google_Flights--6,C0,1,0.0,hit_max_rounds,103,103,103,11,11,11,8,8,8,0,0,0,0,0,0,0,0,0,61.7,61.7,61.7
fara-7b,Google_Flights--6,C2,1,0.0,hit_max_rounds,118,118,118,11,11,11,8,8,8,0,0,0,0,0,0,0,0,0,62.5,62.5,62.5
fara-7b,Google_Flights--6,C5,1,0.0,hit_max_rounds,104,104,104,11,11,11,8,8,8,0,0,0,0,0,0,0,0,0,60.8,60.8,60.8
fara-7b,Google_Flights--6,C7,1,0.0,hit_max_rounds,118,118,118,11,11,11,8,8,8,0,0,0,0,0,0,0,0,0,61.9,61.9,61.9
fara-7b,Google_Flights--6,C8,1,0.0,hit_max_rounds,102,102,102,11,11,11,8,8,8,0,0,0,0,0,0,0,0,0,61.7,61.7,61.7
fara-7b,Google_Flights--7,C0,1,0.0,hit_max_rounds,101,101,101,11,11,11,8,8,8,0,0,0,0,0,0,0,0,0,61.9,61.9,61.9
fara-7b,Google_Flights--7,C2,1,0.0,hit_max_rounds,102,102,102,11,11,11,8,8,8,0,0,0,0,0,0,0,0,0,61.2,61.2,61.2
fara-7b,Google_Flights--7,C5,1,0.0,hit_max_rounds,101,101,101,11,11,11,8,8,8,0,0,0,0,0,0,0,0,0,61.1,61.1,61.1
fara-7b,Google_Flights--7,C7,1,0.0,hit_max_rounds,104,104,104,11,11,11,8,8,8,0,0,0,0,0,0,0,0,0,61.9,61.9,61.9
fara-7b,Google_Flights--7,C8,1,0.0,hit_max_rounds,101,101,101,11,11,11,8,8,8,0,0,0,0,0,0,0,0,0,61.4,61.4,61.4
fara-7b,Google_Flights--8,C0,1,0.0,hit_max_rounds,100,100,100,11,11,11,8,8,8,0,0,0,0,0,0,0,0,0,61.6,61.6,61.6
fara-7b,Google_Flights--8,C2,1,0.0,hit_max_rounds,99,99,99,11,11,11,8,8,8,0,0,0,0,0,0,0,0,0,61.4,61.4,61.4
fara-7b,Google_Flights--8,C5,1,0.0,hit_max_rounds,116,116,116,11,11,11,8,8,8,0,0,0,0,0,0,0,0,0,61.9,61.9,61.9
fara-7b,Google_Flights--8,C7,1,0.0,hit_max_rounds,100,100,100,11,11,11,8,8,8,0,0,0,0,0,0,0,0,0,61.1,61.1,61.1
fara-7b,Google_Flights--8,C8,1,0.0,hit_max_rounds,119,119,119,11,11,11,8,8,8,0,0,0,0,0,0,0,0,0,61.5,61.5,61.5
fara-7b,Google_Flights--9,C0,1,0.0,hit_max_rounds,108,108,108,11,11,11,8,8,8,0,0,0,0,0,0,0,0,0,62.2,62.2,62.2
fara-7b,Google_Flights--9,C2,1,0.0,hit_max_rounds,108,108,108,11,11,11,8,8,8,0,0,0,0,0,0,0,0,0,61.6,61.6,61.6
fara-7b,Google_Flights--9,C5,1,0.0,hit_max_rounds,95,95,95,11,11,11,8,8,8,0,0,0,0,0,0,0,0,0,61.3,61.3,61.3
fara-7b,Google_Flights--9,C7,1,0.0,hit_max_rounds,94,94,94,11,11,11,8,8,8,0,0,0,0,0,0,0,0,0,60.9,60.9,60.9
fara-7b,Google_Flights--9,C8,1,0.0,hit_max_rounds,95,95,95,11,11,11,8,8,8,0,0,0,0,0,0,0,0,0,60.8,60.8,60.8
fara-7b,Google_Map--0,C0,1,1.0,success,613,613,613,17,17,17,10,10,10,0,0,0,0,0,0,0,0,0,33.7,33.7,33.7
fara-7b,Google_Map--0,C2,1,1.0,success,512,512,512,15,15,15,8,8,8,0,0,0,0,0,0,0,0,0,36.3,36.3,36.3
fara-7b,Google_Map--0,C5,1,1.0,success,623,623,623,14,14,14,9,9,9,0,0,0,0,0,0,0,0,0,42.6,42.6,42.6
fara-7b,Google_Map--0,C7,1,1.0,success,708,708,708,15,15,15,10,10,10,0,0,0,0,0,0,0,0,0,59.3,59.3,59.3
fara-7b,Google_Map--0,C8,1,0.0,hit_max_rounds,768,768,768,12,12,12,7,7,7,24,24,24,0,0,0,0,0,0,64.6,64.6,64.6
fara-7b,Google_Map--1,C0,1,1.0,success,637,637,637,14,14,14,9,9,9,0,0,0,0,0,0,0,0,0,39.1,39.1,39.1
fara-7b,Google_Map--1,C2,1,1.0,success,573,573,573,14,14,14,9,9,9,0,0,0,2,2,2,0,0,0,89.1,89.1,89.1
fara-7b,Google_Map--1,C5,1,1.0,success,777,777,777,131,131,131,125,125,125,0,0,0,0,0,0,0,0,0,30.8,30.8,30.8
fara-7b,Google_Map--1,C7,1,0.0,hit_max_rounds,453,453,453,14,14,14,9,9,9,0,0,0,6,6,6,0,0,0,86.2,86.2,86.2
fara-7b,Google_Map--1,C8,1,1.0,success,360,360,360,13,13,13,8,8,8,31,31,31,0,0,0,0,0,0,29.2,29.2,29.2
fara-7b,Google_Map--10,C0,1,1.0,success,320,320,320,13,13,13,8,8,8,0,0,0,0,0,0,0,0,0,33.2,33.2,33.2
fara-7b,Google_Map--10,C2,1,1.0,success,419,419,419,13,13,13,8,8,8,0,0,0,0,0,0,0,0,0,55.4,55.4,55.4
fara-7b,Google_Map--10,C5,1,1.0,success,412,412,412,13,13,13,8,8,8,0,0,0,0,0,0,0,0,0,25.3,25.3,25.3
fara-7b,Google_Map--10,C7,1,1.0,success,423,423,423,13,13,13,8,8,8,0,0,0,0,0,0,0,0,0,55.0,55.0,55.0
fara-7b,Google_Map--10,C8,1,0.0,hit_max_rounds,311,311,311,12,12,12,7,7,7,17,17,17,0,0,0,0,0,0,46.3,46.3,46.3
fara-7b,Google_Map--11,C0,1,0.0,hit_max_rounds,1565,1565,1565,113,113,113,109,109,109,0,0,0,0,0,0,0,0,0,75.1,75.1,75.1
fara-7b,Google_Map--11,C2,1,1.0,success,509,509,509,17,17,17,10,10,10,0,0,0,2,2,2,0,0,0,44.2,44.2,44.2
fara-7b,Google_Map--11,C5,1,0.0,hit_max_rounds,562,562,562,18,18,18,15,15,15,0,0,0,0,0,0,0,0,0,58.6,58.6,58.6
fara-7b,Google_Map--11,C7,1,1.0,success,895,895,895,15,15,15,10,10,10,0,0,0,2,2,2,0,0,0,51.6,51.6,51.6
fara-7b,Google_Map--11,C8,1,0.0,hit_max_rounds,530,530,530,12,12,12,7,7,7,105,105,105,0,0,0,0,0,0,68.7,68.7,68.7
fara-7b,Google_Map--12,C0,1,1.0,success,385,385,385,13,13,13,8,8,8,0,0,0,0,0,0,0,0,0,28.2,28.2,28.2
fara-7b,Google_Map--12,C2,1,1.0,success,555,555,555,13,13,13,8,8,8,0,0,0,0,0,0,0,0,0,43.2,43.2,43.2
fara-7b,Google_Map--12,C5,1,1.0,success,453,453,453,15,15,15,8,8,8,0,0,0,0,0,0,0,0,0,25.2,25.2,25.2
fara-7b,Google_Map--12,C7,1,1.0,success,483,483,483,13,13,13,8,8,8,0,0,0,0,0,0,0,0,0,29.5,29.5,29.5
fara-7b,Google_Map--12,C8,1,0.0,hit_max_rounds,321,321,321,12,12,12,7,7,7,20,20,20,0,0,0,0,0,0,67.2,67.2,67.2
fara-7b,Google_Map--13,C0,1,0.0,hit_max_rounds,728,728,728,14,14,14,9,9,9,0,0,0,0,0,0,0,0,0,62.1,62.1,62.1
fara-7b,Google_Map--13,C2,1,0.0,hit_max_rounds,955,955,955,15,15,15,10,10,10,0,0,0,1,1,1,0,0,0,66.7,66.7,66.7
fara-7b,Google_Map--13,C5,1,0.0,hit_max_rounds,768,768,768,16,16,16,9,9,9,0,0,0,0,0,0,0,0,0,68.8,68.8,68.8
fara-7b,Google_Map--13,C7,1,0.0,hit_max_rounds,985,985,985,14,14,14,9,9,9,0,0,0,0,0,0,0,0,0,60.6,60.6,60.6
fara-7b,Google_Map--13,C8,1,0.0,hit_max_rounds,467,467,467,12,12,12,7,7,7,89,89,89,0,0,0,0,0,0,63.7,63.7,63.7
fara-7b,Google_Map--14,C0,1,1.0,success,603,603,603,14,14,14,9,9,9,0,0,0,0,0,0,0,0,0,27.3,27.3,27.3
fara-7b,Google_Map--14,C2,1,1.0,success,613,613,613,14,14,14,9,9,9,0,0,0,0,0,0,0,0,0,26.7,26.7,26.7
fara-7b,Google_Map--14,C5,1,1.0,success,532,532,532,14,14,14,9,9,9,0,0,0,0,0,0,0,0,0,26.2,26.2,26.2
fara-7b,Google_Map--14,C7,1,1.0,success,631,631,631,14,14,14,9,9,9,0,0,0,0,0,0,0,0,0,26.6,26.6,26.6
fara-7b,Google_Map--14,C8,1,0.0,hit_max_rounds,325,325,325,12,12,12,7,7,7,23,23,23,0,0,0,0,0,0,59.7,59.7,59.7
fara-7b,Google_Map--15,C0,1,1.0,success,850,850,850,19,19,19,14,14,14,0,0,0,0,0,0,0,0,0,52.5,52.5,52.5
fara-7b,Google_Map--15,C2,1,0.0,hit_max_rounds,967,967,967,19,19,19,14,14,14,0,0,0,0,0,0,0,0,0,63.5,63.5,63.5
fara-7b,Google_Map--15,C5,1,1.0,success,963,963,963,17,17,17,12,12,12,0,0,0,0,0,0,0,0,0,60.2,60.2,60.2
fara-7b,Google_Map--15,C7,1,1.0,success,870,870,870,19,19,19,14,14,14,0,0,0,0,0,0,0,0,0,52.7,52.7,52.7
fara-7b,Google_Map--15,C8,1,0.0,hit_max_rounds,350,350,350,12,12,12,7,7,7,39,39,39,0,0,0,0,0,0,59.2,59.2,59.2
fara-7b,Google_Map--16,C0,1,0.0,hit_max_rounds,958,958,958,16,16,16,11,11,11,0,0,0,0,0,0,0,0,0,63.9,63.9,63.9
fara-7b,Google_Map--16,C2,1,0.0,hit_max_rounds,949,949,949,16,16,16,11,11,11,0,0,0,2,2,2,0,0,0,64.4,64.4,64.4
fara-7b,Google_Map--16,C5,1,0.0,unknown,651,651,651,14,14,14,9,9,9,0,0,0,0,0,0,0,0,0,,,
fara-7b,Google_Map--16,C7,1,0.0,hit_max_rounds,691,691,691,14,14,14,9,9,9,0,0,0,0,0,0,0,0,0,60.4,60.4,60.4
fara-7b,Google_Map--16,C8,1,0.0,agent_error,286,286,286,12,12,12,7,7,7,9,9,9,0,0,0,0,0,0,19.0,19.0,19.0
fara-7b,Google_Map--17,C0,1,0.0,hit_max_rounds,722,722,722,17,17,17,12,12,12,0,0,0,0,0,0,0,0,0,59.4,59.4,59.4
fara-7b,Google_Map--17,C2,1,0.0,hit_max_rounds,647,647,647,14,14,14,9,9,9,0,0,0,0,0,0,0,0,0,60.7,60.7,60.7
fara-7b,Google_Map--17,C5,1,0.0,hit_max_rounds,909,909,909,15,15,15,10,10,10,0,0,0,0,0,0,0,0,0,58.5,58.5,58.5
fara-7b,Google_Map--17,C7,1,0.0,hit_max_rounds,1148,1148,1148,14,14,14,9,9,9,0,0,0,0,0,0,0,0,0,66.8,66.8,66.8
fara-7b,Google_Map--17,C8,1,0.0,hit_max_rounds,452,452,452,12,12,12,7,7,7,84,84,84,0,0,0,0,0,0,60.4,60.4,60.4
fara-7b,Google_Map--18,C0,1,1.0,success,422,422,422,13,13,13,8,8,8,0,0,0,0,0,0,0,0,0,41.2,41.2,41.2
fara-7b,Google_Map--18,C2,1,1.0,success,440,440,440,13,13,13,8,8,8,0,0,0,0,0,0,0,0,0,46.6,46.6,46.6
fara-7b,Google_Map--18,C5,1,1.0,success,423,423,423,13,13,13,8,8,8,0,0,0,0,0,0,0,0,0,40.3,40.3,40.3
fara-7b,Google_Map--18,C7,1,1.0,success,423,423,423,13,13,13,8,8,8,0,0,0,0,0,0,0,0,0,39.9,39.9,39.9
fara-7b,Google_Map--18,C8,1,1.0,success,436,436,436,18,18,18,12,12,12,0,0,0,1,1,1,0,0,0,53.4,53.4,53.4
fara-7b,Google_Map--19,C0,1,0.0,hit_max_rounds,786,786,786,15,15,15,9,9,9,0,0,0,0,0,0,0,0,0,61.0,61.0,61.0
fara-7b,Google_Map--19,C2,1,0.0,hit_max_rounds,752,752,752,14,14,14,9,9,9,0,0,0,0,0,0,0,0,0,65.8,65.8,65.8
fara-7b,Google_Map--19,C5,1,0.0,hit_max_rounds,683,683,683,15,15,15,10,10,10,0,0,0,0,0,0,0,0,0,61.2,61.2,61.2
fara-7b,Google_Map--19,C7,1,0.0,hit_max_rounds,713,713,713,16,16,16,11,11,11,0,0,0,1,1,1,0,0,0,64.2,64.2,64.2
fara-7b,Google_Map--19,C8,1,0.0,hit_max_rounds,380,380,380,14,14,14,7,7,7,46,46,46,0,0,0,0,0,0,62.7,62.7,62.7
fara-7b,Google_Map--2,C0,1,1.0,success,584,584,584,12,12,12,7,7,7,0,0,0,0,0,0,0,0,0,26.2,26.2,26.2
fara-7b,Google_Map--2,C2,1,1.0,success,526,526,526,12,12,12,7,7,7,0,0,0,0,0,0,0,0,0,27.6,27.6,27.6
fara-7b,Google_Map--2,C5,1,1.0,success,556,556,556,12,12,12,7,7,7,0,0,0,0,0,0,0,0,0,28.0,28.0,28.0
fara-7b,Google_Map--2,C7,1,1.0,success,523,523,523,12,12,12,7,7,7,0,0,0,0,0,0,0,0,0,28.0,28.0,28.0
fara-7b,Google_Map--2,C8,1,0.0,hit_max_rounds,335,335,335,12,12,12,7,7,7,29,29,29,0,0,0,0,0,0,59.3,59.3,59.3
fara-7b,Google_Map--20,C0,1,1.0,success,695,695,695,17,17,17,12,12,12,0,0,0,0,0,0,0,0,0,33.6,33.6,33.6
fara-7b,Google_Map--20,C2,1,1.0,success,780,780,780,17,17,17,12,12,12,0,0,0,0,0,0,0,0,0,36.8,36.8,36.8
fara-7b,Google_Map--20,C5,1,1.0,success,609,609,609,17,17,17,12,12,12,0,0,0,0,0,0,0,0,0,35.9,35.9,35.9
fara-7b,Google_Map--20,C7,1,1.0,success,670,670,670,17,17,17,12,12,12,0,0,0,0,0,0,0,0,0,33.2,33.2,33.2
fara-7b,Google_Map--20,C8,1,1.0,success,517,517,517,13,13,13,8,8,8,55,55,55,0,0,0,0,0,0,54.1,54.1,54.1
fara-7b,Google_Map--21,C0,1,1.0,success,549,549,549,16,16,16,9,9,9,0,0,0,0,0,0,0,0,0,25.7,25.7,25.7
fara-7b,Google_Map--21,C2,1,1.0,success,549,549,549,14,14,14,9,9,9,0,0,0,0,0,0,0,0,0,25.6,25.6,25.6
fara-7b,Google_Map--21,C5,1,1.0,success,729,729,729,23,23,23,17,17,17,0,0,0,0,0,0,0,0,0,41.3,41.3,41.3
fara-7b,Google_Map--21,C7,1,1.0,success,387,387,387,15,15,15,9,9,9,0,0,0,0,0,0,0,0,0,31.7,31.7,31.7
fara-7b,Google_Map--21,C8,1,0.0,hit_max_rounds,327,327,327,12,12,12,7,7,7,27,27,27,0,0,0,0,0,0,53.1,53.1,53.1
fara-7b,Google_Map--22,C0,1,1.0,success,414,414,414,16,16,16,9,9,9,0,0,0,0,0,0,0,0,0,26.5,26.5,26.5
fara-7b,Google_Map--22,C2,1,1.0,success,412,412,412,14,14,14,9,9,9,0,0,0,0,0,0,0,0,0,29.6,29.6,29.6
fara-7b,Google_Map--22,C5,1,1.0,success,422,422,422,14,14,14,9,9,9,0,0,0,0,0,0,0,0,0,25.3,25.3,25.3
fara-7b,Google_Map--22,C7,1,1.0,success,444,444,444,16,16,16,9,9,9,0,0,0,0,0,0,0,0,0,25.7,25.7,25.7
fara-7b,Google_Map--22,C8,1,0.0,hit_max_rounds,351,351,351,12,12,12,7,7,7,37,37,37,0,0,0,0,0,0,64.1,64.1,64.1
fara-7b,Google_Map--23,C0,1,0.0,hit_max_rounds,877,877,877,71,71,71,65,65,65,0,0,0,0,0,0,0,0,0,77.8,77.8,77.8
fara-7b,Google_Map--23,C2,1,0.0,hit_max_rounds,275,275,275,13,13,13,8,8,8,0,0,0,6,6,6,0,0,0,52.9,52.9,52.9
fara-7b,Google_Map--23,C5,1,1.0,success,534,534,534,14,14,14,9,9,9,0,0,0,0,0,0,0,0,0,33.3,33.3,33.3
fara-7b,Google_Map--23,C7,1,1.0,success,588,588,588,15,15,15,10,10,10,0,0,0,1,1,1,0,0,0,52.8,52.8,52.8
fara-7b,Google_Map--23,C8,1,0.0,hit_max_rounds,771,771,771,14,14,14,9,9,9,43,43,43,0,0,0,0,0,0,64.5,64.5,64.5
fara-7b,Google_Map--24,C0,1,1.0,success,445,445,445,15,15,15,8,8,8,0,0,0,0,0,0,0,0,0,26.0,26.0,26.0
fara-7b,Google_Map--24,C2,1,1.0,success,475,475,475,13,13,13,8,8,8,0,0,0,0,0,0,0,0,0,51.1,51.1,51.1
fara-7b,Google_Map--24,C5,1,1.0,success,574,574,574,15,15,15,8,8,8,0,0,0,0,0,0,0,0,0,43.4,43.4,43.4
fara-7b,Google_Map--24,C7,1,1.0,success,519,519,519,15,15,15,10,10,10,0,0,0,1,1,1,0,0,0,32.8,32.8,32.8
fara-7b,Google_Map--24,C8,1,0.0,hit_max_rounds,405,405,405,13,13,13,8,8,8,4,4,4,0,0,0,0,0,0,61.3,61.3,61.3
fara-7b,Google_Map--25,C0,1,1.0,success,531,531,531,12,12,12,7,7,7,0,0,0,0,0,0,0,0,0,47.4,47.4,47.4
fara-7b,Google_Map--25,C2,1,1.0,success,544,544,544,14,14,14,9,9,9,0,0,0,0,0,0,0,0,0,25.5,25.5,25.5
fara-7b,Google_Map--25,C5,1,1.0,success,556,556,556,14,14,14,9,9,9,0,0,0,0,0,0,0,0,0,35.6,35.6,35.6
fara-7b,Google_Map--25,C7,1,1.0,success,553,553,553,14,14,14,9,9,9,0,0,0,0,0,0,0,0,0,25.9,25.9,25.9
fara-7b,Google_Map--25,C8,1,0.0,hit_max_rounds,442,442,442,13,13,13,7,7,7,31,31,31,0,0,0,0,0,0,65.5,65.5,65.5
fara-7b,Google_Map--26,C0,1,1.0,success,767,767,767,15,15,15,10,10,10,0,0,0,0,0,0,0,0,0,44.0,44.0,44.0
fara-7b,Google_Map--26,C2,1,1.0,success,607,607,607,19,19,19,14,14,14,0,0,0,0,0,0,0,0,0,44.5,44.5,44.5
fara-7b,Google_Map--26,C5,1,1.0,success,587,587,587,16,16,16,11,11,11,0,0,0,0,0,0,0,0,0,37.1,37.1,37.1
fara-7b,Google_Map--26,C7,1,0.0,agent_error,825,825,825,17,17,17,12,12,12,0,0,0,1,1,1,0,0,0,114.7,114.7,114.7
fara-7b,Google_Map--26,C8,1,0.0,hit_max_rounds,495,495,495,20,20,20,14,14,14,7,7,7,1,1,1,0,0,0,66.4,66.4,66.4
fara-7b,Google_Map--27,C0,1,1.0,success,264,264,264,12,12,12,7,7,7,0,0,0,0,0,0,0,0,0,23.6,23.6,23.6
fara-7b,Google_Map--27,C2,1,1.0,success,755,755,755,13,13,13,8,8,8,0,0,0,0,0,0,0,0,0,39.5,39.5,39.5
fara-7b,Google_Map--27,C5,1,1.0,success,584,584,584,14,14,14,7,7,7,0,0,0,0,0,0,0,0,0,25.1,25.1,25.1
fara-7b,Google_Map--27,C7,1,1.0,success,1061,1061,1061,19,19,19,13,13,13,0,0,0,1,1,1,0,0,0,56.3,56.3,56.3
fara-7b,Google_Map--27,C8,1,0.0,hit_max_rounds,411,411,411,13,13,13,7,7,7,12,12,12,0,0,0,0,0,0,52.8,52.8,52.8
fara-7b,Google_Map--28,C0,1,1.0,success,543,543,543,20,20,20,14,14,14,0,0,0,0,0,0,0,0,0,98.4,98.4,98.4
fara-7b,Google_Map--28,C2,1,0.0,hit_max_rounds,337,337,337,13,13,13,8,8,8,0,0,0,2,2,2,0,0,0,56.5,56.5,56.5
fara-7b,Google_Map--28,C5,1,1.0,success,518,518,518,20,20,20,14,14,14,0,0,0,0,0,0,0,0,0,80.8,80.8,80.8
fara-7b,Google_Map--28,C7,1,0.0,hit_max_rounds,415,415,415,14,14,14,9,9,9,0,0,0,3,3,3,0,0,0,58.2,58.2,58.2
fara-7b,Google_Map--28,C8,1,0.0,hit_max_rounds,342,342,342,12,12,12,7,7,7,25,25,25,0,0,0,0,0,0,52.5,52.5,52.5
fara-7b,Google_Map--29,C0,1,1.0,success,424,424,424,12,12,12,7,7,7,0,0,0,0,0,0,0,0,0,28.0,28.0,28.0
fara-7b,Google_Map--29,C2,1,0.0,hit_max_rounds,179,179,179,10,10,10,7,7,7,0,0,0,8,8,8,0,0,0,50.5,50.5,50.5
fara-7b,Google_Map--29,C5,1,1.0,success,456,456,456,12,12,12,7,7,7,0,0,0,0,0,0,0,0,0,29.9,29.9,29.9
fara-7b,Google_Map--29,C7,1,0.0,hit_max_rounds,174,174,174,10,10,10,7,7,7,0,0,0,8,8,8,0,0,0,50.9,50.9,50.9
fara-7b,Google_Map--29,C8,1,0.0,hit_max_rounds,321,321,321,12,12,12,7,7,7,26,26,26,0,0,0,0,0,0,39.6,39.6,39.6
fara-7b,Google_Map--3,C0,1,0.0,hit_max_rounds,919,919,919,15,15,15,9,9,9,0,0,0,0,0,0,0,0,0,61.5,61.5,61.5
fara-7b,Google_Map--3,C2,1,0.0,hit_max_rounds,1002,1002,1002,18,18,18,13,13,13,0,0,0,0,0,0,0,0,0,68.4,68.4,68.4
fara-7b,Google_Map--3,C5,1,0.0,hit_max_rounds,948,948,948,17,17,17,12,12,12,0,0,0,0,0,0,0,0,0,65.9,65.9,65.9
fara-7b,Google_Map--3,C7,1,1.0,success,447,447,447,14,14,14,9,9,9,0,0,0,0,0,0,0,0,0,29.4,29.4,29.4
fara-7b,Google_Map--3,C8,1,0.0,agent_error,471,471,471,25,25,25,17,17,17,6,6,6,2,2,2,0,0,0,58.8,58.8,58.8
fara-7b,Google_Map--30,C0,1,1.0,success,552,552,552,13,13,13,8,8,8,0,0,0,0,0,0,0,0,0,36.7,36.7,36.7
fara-7b,Google_Map--30,C2,1,1.0,success,660,660,660,14,14,14,9,9,9,0,0,0,0,0,0,0,0,0,33.3,33.3,33.3
fara-7b,Google_Map--30,C5,1,1.0,success,559,559,559,13,13,13,8,8,8,0,0,0,0,0,0,0,0,0,33.1,33.1,33.1
fara-7b,Google_Map--30,C7,1,1.0,success,521,521,521,13,13,13,8,8,8,0,0,0,0,0,0,0,0,0,38.9,38.9,38.9
fara-7b,Google_Map--30,C8,1,0.0,hit_max_rounds,415,415,415,12,12,12,7,7,7,60,60,60,0,0,0,0,0,0,59.3,59.3,59.3
fara-7b,Google_Map--31,C0,1,1.0,success,568,568,568,17,17,17,12,12,12,0,0,0,0,0,0,0,0,0,39.7,39.7,39.7
fara-7b,Google_Map--31,C2,1,1.0,success,522,522,522,17,17,17,12,12,12,0,0,0,0,0,0,0,0,0,38.6,38.6,38.6
fara-7b,Google_Map--31,C5,1,1.0,success,495,495,495,17,17,17,12,12,12,0,0,0,0,0,0,0,0,0,39.6,39.6,39.6
fara-7b,Google_Map--31,C7,1,1.0,success,495,495,495,17,17,17,12,12,12,0,0,0,0,0,0,0,0,0,32.5,32.5,32.5
fara-7b,Google_Map--31,C8,1,1.0,success,319,319,319,13,13,13,7,7,7,7,7,7,0,0,0,0,0,0,51.7,51.7,51.7
fara-7b,Google_Map--32,C0,1,1.0,success,606,606,606,12,12,12,7,7,7,0,0,0,0,0,0,0,0,0,33.7,33.7,33.7
fara-7b,Google_Map--32,C2,1,0.0,hit_max_rounds,932,932,932,15,15,15,10,10,10,0,0,0,0,0,0,0,0,0,66.1,66.1,66.1
fara-7b,Google_Map--32,C5,1,0.0,hit_max_rounds,888,888,888,18,18,18,12,12,12,0,0,0,0,0,0,0,0,0,57.7,57.7,57.7
fara-7b,Google_Map--32,C7,1,1.0,success,570,570,570,12,12,12,7,7,7,0,0,0,0,0,0,0,0,0,29.2,29.2,29.2
fara-7b,Google_Map--32,C8,1,0.0,hit_max_rounds,505,505,505,18,18,18,12,12,12,21,21,21,1,1,1,0,0,0,64.9,64.9,64.9
fara-7b,Google_Map--33,C0,1,0.0,hit_max_rounds,500,500,500,15,15,15,10,10,10,0,0,0,0,0,0,0,0,0,55.5,55.5,55.5
fara-7b,Google_Map--33,C2,1,0.0,hit_max_rounds,483,483,483,15,15,15,10,10,10,0,0,0,0,0,0,0,0,0,58.5,58.5,58.5
fara-7b,Google_Map--33,C5,1,1.0,success,478,478,478,15,15,15,10,10,10,0,0,0,0,0,0,0,0,0,59.9,59.9,59.9
fara-7b,Google_Map--33,C7,1,0.0,hit_max_rounds,267,267,267,13,13,13,8,8,8,0,0,0,2,2,2,0,0,0,54.3,54.3,54.3
fara-7b,Google_Map--33,C8,1,0.0,hit_max_rounds,311,311,311,12,12,12,7,7,7,12,12,12,0,0,0,0,0,0,57.1,57.1,57.1
fara-7b,Google_Map--34,C0,1,1.0,success,608,608,608,15,15,15,8,8,8,0,0,0,0,0,0,0,0,0,26.9,26.9,26.9
fara-7b,Google_Map--34,C2,1,1.0,success,679,679,679,15,15,15,8,8,8,0,0,0,0,0,0,0,0,0,37.2,37.2,37.2
fara-7b,Google_Map--34,C5,1,1.0,success,539,539,539,13,13,13,8,8,8,0,0,0,0,0,0,0,0,0,26.0,26.0,26.0
fara-7b,Google_Map--34,C7,1,1.0,success,589,589,589,13,13,13,8,8,8,0,0,0,0,0,0,0,0,0,36.5,36.5,36.5
fara-7b,Google_Map--34,C8,1,0.0,agent_error,331,331,331,14,14,14,7,7,7,8,8,8,0,0,0,0,0,0,33.7,33.7,33.7
fara-7b,Google_Map--35,C0,1,1.0,success,715,715,715,24,24,24,19,19,19,0,0,0,0,0,0,0,0,0,55.8,55.8,55.8
fara-7b,Google_Map--35,C2,1,1.0,success,386,386,386,13,13,13,8,8,8,0,0,0,0,0,0,0,0,0,36.9,36.9,36.9
fara-7b,Google_Map--35,C5,1,1.0,success,519,519,519,14,14,14,9,9,9,0,0,0,0,0,0,0,0,0,28.3,28.3,28.3
fara-7b,Google_Map--35,C7,1,1.0,success,495,495,495,14,14,14,9,9,9,0,0,0,0,0,0,0,0,0,28.8,28.8,28.8
fara-7b,Google_Map--35,C8,1,0.0,hit_max_rounds,343,343,343,14,14,14,7,7,7,29,29,29,0,0,0,0,0,0,46.8,46.8,46.8
fara-7b,Google_Map--36,C0,1,1.0,success,464,464,464,13,13,13,8,8,8,0,0,0,0,0,0,0,0,0,30.3,30.3,30.3
fara-7b,Google_Map--36,C2,1,1.0,success,464,464,464,13,13,13,8,8,8,0,0,0,0,0,0,0,0,0,35.7,35.7,35.7
fara-7b,Google_Map--36,C5,1,1.0,success,455,455,455,13,13,13,8,8,8,0,0,0,0,0,0,0,0,0,26.3,26.3,26.3
fara-7b,Google_Map--36,C7,1,1.0,success,487,487,487,13,13,13,8,8,8,0,0,0,0,0,0,0,0,0,29.5,29.5,29.5
fara-7b,Google_Map--36,C8,1,0.0,hit_max_rounds,359,359,359,12,12,12,7,7,7,22,22,22,0,0,0,0,0,0,62.3,62.3,62.3
fara-7b,Google_Map--37,C0,1,0.0,hit_max_rounds,693,693,693,13,13,13,8,8,8,0,0,0,0,0,0,0,0,0,62.8,62.8,62.8
fara-7b,Google_Map--37,C2,1,1.0,success,760,760,760,14,14,14,9,9,9,0,0,0,0,0,0,0,0,0,54.4,54.4,54.4
fara-7b,Google_Map--37,C5,1,0.0,hit_max_rounds,924,924,924,20,20,20,15,15,15,0,0,0,0,0,0,0,0,0,64.0,64.0,64.0
fara-7b,Google_Map--37,C7,1,0.0,hit_max_rounds,608,608,608,17,17,17,12,12,12,0,0,0,1,1,1,0,0,0,64.9,64.9,64.9
fara-7b,Google_Map--37,C8,1,0.0,hit_max_rounds,473,473,473,13,13,13,8,8,8,43,43,43,0,0,0,0,0,0,63.2,63.2,63.2
fara-7b,Google_Map--38,C0,1,1.0,success,484,484,484,12,12,12,7,7,7,0,0,0,0,0,0,0,0,0,22.9,22.9,22.9
fara-7b,Google_Map--38,C2,1,1.0,success,453,453,453,12,12,12,7,7,7,0,0,0,0,0,0,0,0,0,29.0,29.0,29.0
fara-7b,Google_Map--38,C5,1,1.0,success,491,491,491,12,12,12,7,7,7,0,0,0,0,0,0,0,0,0,21.6,21.6,21.6
fara-7b,Google_Map--38,C7,1,1.0,success,532,532,532,14,14,14,7,7,7,0,0,0,0,0,0,0,0,0,40.6,40.6,40.6
fara-7b,Google_Map--38,C8,1,0.0,hit_max_rounds,349,349,349,12,12,12,7,7,7,22,22,22,0,0,0,0,0,0,59.7,59.7,59.7
fara-7b,Google_Map--39,C0,1,1.0,success,496,496,496,13,13,13,8,8,8,0,0,0,0,0,0,0,0,0,48.0,48.0,48.0
fara-7b,Google_Map--39,C2,1,1.0,success,454,454,454,13,13,13,8,8,8,0,0,0,0,0,0,0,0,0,41.2,41.2,41.2
fara-7b,Google_Map--39,C5,1,1.0,success,395,395,395,13,13,13,8,8,8,0,0,0,0,0,0,0,0,0,26.8,26.8,26.8
fara-7b,Google_Map--39,C7,1,1.0,success,453,453,453,13,13,13,8,8,8,0,0,0,0,0,0,0,0,0,44.6,44.6,44.6
fara-7b,Google_Map--39,C8,1,1.0,success,451,451,451,13,13,13,8,8,8,3,3,3,0,0,0,0,0,0,47.2,47.2,47.2
fara-7b,Google_Map--4,C0,1,1.0,success,335,335,335,24,24,24,21,21,21,0,0,0,0,0,0,0,0,0,32.6,32.6,32.6
fara-7b,Google_Map--4,C2,1,0.0,hit_max_rounds,564,564,564,14,14,14,9,9,9,0,0,0,0,0,0,0,0,0,64.4,64.4,64.4
fara-7b,Google_Map--4,C5,1,1.0,success,798,798,798,22,22,22,16,16,16,0,0,0,0,0,0,0,0,0,61.5,61.5,61.5
fara-7b,Google_Map--4,C7,1,0.0,hit_max_rounds,277,277,277,13,13,13,8,8,8,0,0,0,7,7,7,0,0,0,54.6,54.6,54.6
fara-7b,Google_Map--4,C8,1,0.0,hit_max_rounds,627,627,627,14,14,14,9,9,9,39,39,39,0,0,0,0,0,0,61.9,61.9,61.9
fara-7b,Google_Map--40,C0,1,0.0,hit_max_rounds,645,645,645,20,20,20,15,15,15,0,0,0,0,0,0,0,0,0,68.3,68.3,68.3
fara-7b,Google_Map--40,C2,1,0.0,hit_max_rounds,324,324,324,13,13,13,8,8,8,0,0,0,7,7,7,0,0,0,54.8,54.8,54.8
fara-7b,Google_Map--40,C5,1,0.0,hit_max_rounds,483,483,483,19,19,19,15,15,15,0,0,0,0,0,0,0,0,0,59.5,59.5,59.5
fara-7b,Google_Map--40,C7,1,0.0,hit_max_rounds,280,280,280,13,13,13,8,8,8,0,0,0,8,8,8,0,0,0,55.0,55.0,55.0
fara-7b,Google_Map--40,C8,1,0.0,hit_max_rounds,363,363,363,12,12,12,7,7,7,43,43,43,0,0,0,0,0,0,53.6,53.6,53.6
fara-7b,Google_Map--5,C0,1,1.0,success,619,619,619,27,27,27,22,22,22,0,0,0,0,0,0,0,0,0,39.6,39.6,39.6
fara-7b,Google_Map--5,C2,1,0.0,hit_max_rounds,1049,1049,1049,15,15,15,10,10,10,0,0,0,0,0,0,0,0,0,64.7,64.7,64.7
fara-7b,Google_Map--5,C5,1,0.0,hit_max_rounds,719,719,719,17,17,17,12,12,12,0,0,0,0,0,0,0,0,0,62.1,62.1,62.1
fara-7b,Google_Map--5,C7,1,0.0,hit_max_rounds,447,447,447,15,15,15,10,10,10,0,0,0,6,6,6,0,0,0,55.0,55.0,55.0
fara-7b,Google_Map--5,C8,1,0.0,hit_max_rounds,305,305,305,14,14,14,7,7,7,9,9,9,0,0,0,0,0,0,46.4,46.4,46.4
fara-7b,Google_Map--6,C0,1,1.0,success,449,449,449,12,12,12,7,7,7,0,0,0,0,0,0,0,0,0,29.0,29.0,29.0
fara-7b,Google_Map--6,C2,1,1.0,success,442,442,442,12,12,12,7,7,7,0,0,0,0,0,0,0,0,0,36.2,36.2,36.2
fara-7b,Google_Map--6,C5,1,1.0,success,362,362,362,12,12,12,7,7,7,0,0,0,0,0,0,0,0,0,24.2,24.2,24.2
fara-7b,Google_Map--6,C7,1,1.0,success,430,430,430,14,14,14,7,7,7,0,0,0,0,0,0,0,0,0,25.7,25.7,25.7
fara-7b,Google_Map--6,C8,1,0.0,hit_max_rounds,590,590,590,14,14,14,9,9,9,44,44,44,0,0,0,0,0,0,53.7,53.7,53.7
fara-7b,Google_Map--7,C0,1,0.0,hit_max_rounds,649,649,649,15,15,15,10,10,10,0,0,0,0,0,0,0,0,0,57.7,57.7,57.7
fara-7b,Google_Map--7,C2,1,1.0,success,590,590,590,15,15,15,10,10,10,0,0,0,0,0,0,0,0,0,29.1,29.1,29.1
fara-7b,Google_Map--7,C5,1,1.0,success,574,574,574,15,15,15,10,10,10,0,0,0,0,0,0,0,0,0,46.0,46.0,46.0
fara-7b,Google_Map--7,C7,1,0.0,hit_max_rounds,582,582,582,15,15,15,10,10,10,0,0,0,1,1,1,0,0,0,90.1,90.1,90.1
fara-7b,Google_Map--7,C8,1,0.0,hit_max_rounds,516,516,516,18,18,18,12,12,12,24,24,24,1,1,1,0,0,0,69.0,69.0,69.0
fara-7b,Google_Map--8,C0,1,1.0,success,495,495,495,12,12,12,7,7,7,0,0,0,0,0,0,0,0,0,30.4,30.4,30.4
fara-7b,Google_Map--8,C2,1,1.0,success,426,426,426,13,13,13,8,8,8,0,0,0,0,0,0,0,0,0,25.7,25.7,25.7
fara-7b,Google_Map--8,C5,1,1.0,success,528,528,528,13,13,13,8,8,8,0,0,0,0,0,0,0,0,0,31.1,31.1,31.1
fara-7b,Google_Map--8,C7,1,1.0,success,869,869,869,15,15,15,9,9,9,0,0,0,0,0,0,0,0,0,58.5,58.5,58.5
fara-7b,Google_Map--8,C8,1,1.0,success,359,359,359,12,12,12,7,7,7,19,19,19,0,0,0,0,0,0,57.3,57.3,57.3
fara-7b,Google_Map--9,C0,1,0.0,hit_max_rounds,1116,1116,1116,16,16,16,10,10,10,0,0,0,0,0,0,0,0,0,65.1,65.1,65.1
fara-7b,Google_Map--9,C2,1,1.0,success,700,700,700,15,15,15,8,8,8,0,0,0,0,0,0,0,0,0,32.6,32.6,32.6
fara-7b,Google_Map--9,C5,1,1.0,success,578,578,578,13,13,13,8,8,8,0,0,0,0,0,0,0,0,0,25.7,25.7,25.7
fara-7b,Google_Map--9,C7,1,0.0,hit_max_rounds,1087,1087,1087,15,15,15,10,10,10,0,0,0,1,1,1,0,0,0,60.8,60.8,60.8
fara-7b,Google_Map--9,C8,1,0.0,hit_max_rounds,394,394,394,12,12,12,7,7,7,57,57,57,0,0,0,0,0,0,51.6,51.6,51.6
fara-7b,Google_Search--0,C0,1,1.0,success,250,250,250,12,12,12,9,9,9,0,0,0,0,0,0,0,0,0,22.6,22.6,22.6
fara-7b,Google_Search--0,C2,1,0.0,hit_max_rounds,123,123,123,7,7,7,4,4,4,0,0,0,4,4,4,0,0,0,54.5,54.5,54.5
fara-7b,Google_Search--0,C5,1,1.0,success,214,214,214,12,12,12,9,9,9,0,0,0,0,0,0,0,0,0,22.1,22.1,22.1
fara-7b,Google_Search--0,C7,1,0.0,hit_max_rounds,97,97,97,7,7,7,4,4,4,0,0,0,4,4,4,0,0,0,54.9,54.9,54.9
fara-7b,Google_Search--0,C8,1,0.0,hit_max_rounds,76,76,76,5,5,5,2,2,2,1,1,1,0,0,0,0,0,0,32.7,32.7,32.7
fara-7b,Google_Search--1,C0,1,0.0,hit_max_rounds,344,344,344,16,16,16,13,13,13,0,0,0,0,0,0,0,0,0,60.9,60.9,60.9
fara-7b,Google_Search--1,C2,1,0.0,hit_max_rounds,91,91,91,7,7,7,4,4,4,0,0,0,2,2,2,0,0,0,51.4,51.4,51.4
fara-7b,Google_Search--1,C5,1,0.0,hit_max_rounds,341,341,341,16,16,16,13,13,13,0,0,0,0,0,0,0,0,0,60.7,60.7,60.7
fara-7b,Google_Search--1,C7,1,0.0,hit_max_rounds,88,88,88,7,7,7,4,4,4,0,0,0,2,2,2,0,0,0,51.6,51.6,51.6
fara-7b,Google_Search--1,C8,1,0.0,hit_max_rounds,75,75,75,5,5,5,2,2,2,1,1,1,0,0,0,0,0,0,48.0,48.0,48.0
fara-7b,Google_Search--10,C0,1,0.0,hit_max_rounds,3010,3010,3010,384,384,384,379,379,379,0,0,0,0,0,0,0,0,0,75.1,75.1,75.1
fara-7b,Google_Search--10,C2,1,0.0,hit_max_rounds,65,65,65,6,6,6,3,3,3,0,0,0,3,3,3,0,0,0,51.4,51.4,51.4
fara-7b,Google_Search--10,C5,1,0.0,hit_max_rounds,2055,2055,2055,324,324,324,319,319,319,0,0,0,0,0,0,0,0,0,70.9,70.9,70.9
fara-7b,Google_Search--10,C7,1,0.0,hit_max_rounds,96,96,96,6,6,6,3,3,3,0,0,0,3,3,3,0,0,0,48.9,48.9,48.9
fara-7b,Google_Search--10,C8,1,0.0,hit_max_rounds,75,75,75,5,5,5,2,2,2,1,1,1,0,0,0,0,0,0,46.2,46.2,46.2
fara-7b,Google_Search--11,C0,1,0.0,hit_max_rounds,589,589,589,26,26,26,22,22,22,0,0,0,0,0,0,0,0,0,62.7,62.7,62.7
fara-7b,Google_Search--11,C2,1,0.0,hit_max_rounds,94,94,94,6,6,6,3,3,3,0,0,0,3,3,3,0,0,0,51.4,51.4,51.4
fara-7b,Google_Search--11,C5,1,0.0,hit_max_rounds,525,525,525,13,13,13,10,10,10,0,0,0,0,0,0,0,0,0,59.5,59.5,59.5
fara-7b,Google_Search--11,C7,1,0.0,hit_max_rounds,68,68,68,6,6,6,3,3,3,0,0,0,5,5,5,0,0,0,48.3,48.3,48.3
fara-7b,Google_Search--11,C8,1,0.0,hit_max_rounds,57,57,57,5,5,5,2,2,2,0,0,0,0,0,0,0,0,0,30.1,30.1,30.1
fara-7b,Google_Search--12,C0,1,1.0,success,937,937,937,217,217,217,213,213,213,0,0,0,0,0,0,0,0,0,26.1,26.1,26.1
fara-7b,Google_Search--12,C2,1,0.0,hit_max_rounds,65,65,65,6,6,6,3,3,3,0,0,0,4,4,4,0,0,0,48.8,48.8,48.8
fara-7b,Google_Search--12,C5,1,1.0,success,1217,1217,1217,252,252,252,248,248,248,0,0,0,0,0,0,0,0,0,25.9,25.9,25.9
fara-7b,Google_Search--12,C7,1,0.0,hit_max_rounds,76,76,76,6,6,6,3,3,3,0,0,0,8,8,8,0,0,0,47.8,47.8,47.8
fara-7b,Google_Search--12,C8,1,0.0,hit_max_rounds,76,76,76,5,5,5,2,2,2,1,1,1,0,0,0,0,0,0,49.5,49.5,49.5
fara-7b,Google_Search--13,C0,1,1.0,success,260,260,260,12,12,12,9,9,9,0,0,0,0,0,0,0,0,0,22.5,22.5,22.5
fara-7b,Google_Search--13,C2,1,0.0,hit_max_rounds,73,73,73,6,6,6,3,3,3,0,0,0,8,8,8,0,0,0,48.9,48.9,48.9
fara-7b,Google_Search--13,C5,1,1.0,success,269,269,269,12,12,12,9,9,9,0,0,0,0,0,0,0,0,0,22.3,22.3,22.3
fara-7b,Google_Search--13,C7,1,0.0,hit_max_rounds,73,73,73,6,6,6,3,3,3,0,0,0,8,8,8,0,0,0,48.7,48.7,48.7
fara-7b,Google_Search--13,C8,1,0.0,hit_max_rounds,56,56,56,5,5,5,2,2,2,0,0,0,0,0,0,0,0,0,36.0,36.0,36.0
fara-7b,Google_Search--14,C0,1,1.0,success,252,252,252,13,13,13,10,10,10,0,0,0,0,0,0,0,0,0,27.6,27.6,27.6
fara-7b,Google_Search--14,C2,1,0.0,hit_max_rounds,154,154,154,7,7,7,4,4,4,0,0,0,5,5,5,0,0,0,55.0,55.0,55.0
fara-7b,Google_Search--14,C5,1,0.0,hit_max_rounds,287,287,287,16,16,16,13,13,13,0,0,0,0,0,0,0,0,0,59.3,59.3,59.3
fara-7b,Google_Search--14,C7,1,0.0,hit_max_rounds,147,147,147,7,7,7,4,4,4,0,0,0,4,4,4,0,0,0,58.5,58.5,58.5
fara-7b,Google_Search--14,C8,1,0.0,hit_max_rounds,75,75,75,5,5,5,2,2,2,1,1,1,0,0,0,0,0,0,49.8,49.8,49.8
fara-7b,Google_Search--15,C0,1,0.0,hit_max_rounds,434,434,434,18,18,18,14,14,14,0,0,0,0,0,0,0,0,0,59.4,59.4,59.4
fara-7b,Google_Search--15,C2,1,0.0,hit_max_rounds,59,59,59,6,6,6,3,3,3,0,0,0,1,1,1,0,0,0,48.4,48.4,48.4
fara-7b,Google_Search--15,C5,1,0.0,hit_max_rounds,300,300,300,21,21,21,16,16,16,0,0,0,0,0,0,0,0,0,60.1,60.1,60.1
fara-7b,Google_Search--15,C7,1,0.0,hit_max_rounds,88,88,88,6,6,6,3,3,3,0,0,0,1,1,1,0,0,0,48.4,48.4,48.4
fara-7b,Google_Search--15,C8,1,0.0,hit_max_rounds,93,93,93,7,7,7,3,3,3,0,0,0,0,0,0,0,0,0,49.5,49.5,49.5
fara-7b,Google_Search--16,C0,1,1.0,success,358,358,358,36,36,36,32,32,32,0,0,0,0,0,0,0,0,0,43.0,43.0,43.0
fara-7b,Google_Search--16,C2,1,0.0,hit_max_rounds,73,73,73,6,6,6,3,3,3,0,0,0,8,8,8,0,0,0,49.0,49.0,49.0
fara-7b,Google_Search--16,C5,1,1.0,success,308,308,308,26,26,26,22,22,22,0,0,0,0,0,0,0,0,0,28.5,28.5,28.5
fara-7b,Google_Search--16,C7,1,0.0,agent_error,69,69,69,6,6,6,3,3,3,0,0,0,5,5,5,0,0,0,33.5,33.5,33.5
fara-7b,Google_Search--16,C8,1,0.0,hit_max_rounds,75,75,75,5,5,5,2,2,2,1,1,1,0,0,0,0,0,0,41.6,41.6,41.6
fara-7b,Google_Search--17,C0,1,0.0,hit_max_rounds,356,356,356,19,19,19,16,16,16,0,0,0,0,0,0,0,0,0,56.4,56.4,56.4
fara-7b,Google_Search--17,C2,1,0.0,hit_max_rounds,60,60,60,6,6,6,3,3,3,0,0,0,1,1,1,0,0,0,47.2,47.2,47.2
fara-7b,Google_Search--17,C5,1,1.0,success,228,228,228,12,12,12,9,9,9,0,0,0,0,0,0,0,0,0,16.4,16.4,16.4
fara-7b,Google_Search--17,C7,1,0.0,hit_max_rounds,61,61,61,6,6,6,3,3,3,0,0,0,1,1,1,0,0,0,48.1,48.1,48.1
fara-7b,Google_Search--17,C8,1,0.0,hit_max_rounds,75,75,75,5,5,5,2,2,2,1,1,1,0,0,0,0,0,0,48.0,48.0,48.0
fara-7b,Google_Search--18,C0,1,1.0,success,251,251,251,13,13,13,10,10,10,0,0,0,0,0,0,0,0,0,26.7,26.7,26.7
fara-7b,Google_Search--18,C2,1,1.0,success,88,88,88,7,7,7,4,4,4,0,0,0,1,1,1,0,0,0,25.3,25.3,25.3
fara-7b,Google_Search--18,C5,1,1.0,success,318,318,318,13,13,13,10,10,10,0,0,0,0,0,0,0,0,0,26.6,26.6,26.6
fara-7b,Google_Search--18,C7,1,1.0,success,91,91,91,7,7,7,4,4,4,0,0,0,1,1,1,0,0,0,24.4,24.4,24.4
fara-7b,Google_Search--18,C8,1,0.0,hit_max_rounds,132,132,132,5,5,5,2,2,2,2,2,2,0,0,0,0,0,0,36.5,36.5,36.5
fara-7b,Google_Search--19,C0,1,0.0,hit_max_rounds,437,437,437,17,17,17,14,14,14,0,0,0,0,0,0,0,0,0,59.3,59.3,59.3
fara-7b,Google_Search--19,C2,1,0.0,hit_max_rounds,65,65,65,6,6,6,3,3,3,0,0,0,4,4,4,0,0,0,50.1,50.1,50.1
fara-7b,Google_Search--19,C5,1,0.0,hit_max_rounds,349,349,349,11,11,11,8,8,8,0,0,0,0,0,0,0,0,0,75.1,75.1,75.1
fara-7b,Google_Search--19,C7,1,0.0,hit_max_rounds,62,62,62,6,6,6,3,3,3,0,0,0,2,2,2,0,0,0,47.6,47.6,47.6
fara-7b,Google_Search--19,C8,1,0.0,hit_max_rounds,76,76,76,5,5,5,2,2,2,1,1,1,0,0,0,0,0,0,48.9,48.9,48.9
fara-7b,Google_Search--2,C0,1,1.0,success,333,333,333,12,12,12,9,9,9,0,0,0,0,0,0,0,0,0,23.9,23.9,23.9
fara-7b,Google_Search--2,C2,1,0.0,hit_max_rounds,90,90,90,7,7,7,4,4,4,0,0,0,7,7,7,0,0,0,52.4,52.4,52.4
fara-7b,Google_Search--2,C5,1,1.0,success,344,344,344,13,13,13,10,10,10,0,0,0,0,0,0,0,0,0,26.0,26.0,26.0
fara-7b,Google_Search--2,C7,1,0.0,hit_max_rounds,75,75,75,6,6,6,3,3,3,0,0,0,8,8,8,0,0,0,48.8,48.8,48.8
fara-7b,Google_Search--2,C8,1,0.0,hit_max_rounds,77,77,77,5,5,5,2,2,2,1,1,1,0,0,0,0,0,0,51.4,51.4,51.4
fara-7b,Google_Search--20,C0,1,1.0,success,288,288,288,13,13,13,10,10,10,0,0,0,0,0,0,0,0,0,27.0,27.0,27.0
fara-7b,Google_Search--20,C2,1,1.0,success,88,88,88,7,7,7,4,4,4,0,0,0,1,1,1,0,0,0,24.6,24.6,24.6
fara-7b,Google_Search--20,C5,1,1.0,success,281,281,281,14,14,14,11,11,11,0,0,0,0,0,0,0,0,0,25.0,25.0,25.0
fara-7b,Google_Search--20,C7,1,1.0,success,65,65,65,6,6,6,3,3,3,0,0,0,3,3,3,0,0,0,26.0,26.0,26.0
fara-7b,Google_Search--20,C8,1,0.0,hit_max_rounds,107,107,107,5,5,5,2,2,2,1,1,1,0,0,0,0,0,0,41.5,41.5,41.5
fara-7b,Google_Search--21,C0,1,1.0,success,242,242,242,12,12,12,9,9,9,0,0,0,0,0,0,0,0,0,23.9,23.9,23.9
fara-7b,Google_Search--21,C2,1,0.0,hit_max_rounds,95,95,95,7,7,7,4,4,4,0,0,0,5,5,5,0,0,0,52.7,52.7,52.7
fara-7b,Google_Search--21,C5,1,1.0,success,268,268,268,13,13,13,10,10,10,0,0,0,0,0,0,0,0,0,29.4,29.4,29.4
fara-7b,Google_Search--21,C7,1,0.0,hit_max_rounds,127,127,127,6,6,6,3,3,3,0,0,0,5,5,5,0,0,0,50.5,50.5,50.5
fara-7b,Google_Search--21,C8,1,0.0,hit_max_rounds,128,128,128,6,6,6,2,2,2,2,2,2,0,0,0,0,0,0,44.1,44.1,44.1
fara-7b,Google_Search--22,C0,1,1.0,success,410,410,410,22,22,22,18,18,18,0,0,0,0,0,0,0,0,0,42.7,42.7,42.7
fara-7b,Google_Search--22,C2,1,0.0,hit_max_rounds,100,100,100,6,6,6,3,3,3,0,0,0,6,6,6,0,0,0,49.6,49.6,49.6
fara-7b,Google_Search--22,C5,1,1.0,success,433,433,433,22,22,22,18,18,18,0,0,0,0,0,0,0,0,0,53.3,53.3,53.3
fara-7b,Google_Search--22,C7,1,0.0,hit_max_rounds,76,76,76,6,6,6,3,3,3,0,0,0,8,8,8,0,0,0,49.7,49.7,49.7
fara-7b,Google_Search--22,C8,1,0.0,hit_max_rounds,57,57,57,5,5,5,2,2,2,0,0,0,0,0,0,0,0,0,24.4,24.4,24.4
fara-7b,Google_Search--23,C0,1,1.0,success,353,353,353,14,14,14,11,11,11,0,0,0,0,0,0,0,0,0,32.9,32.9,32.9
fara-7b,Google_Search--23,C2,1,1.0,success,91,91,91,8,8,8,5,5,5,0,0,0,1,1,1,0,0,0,31.3,31.3,31.3
fara-7b,Google_Search--23,C5,1,1.0,success,318,318,318,14,14,14,11,11,11,0,0,0,0,0,0,0,0,0,33.2,33.2,33.2
fara-7b,Google_Search--23,C7,1,1.0,success,87,87,87,7,7,7,4,4,4,0,0,0,2,2,2,0,0,0,30.1,30.1,30.1
fara-7b,Google_Search--23,C8,1,0.0,hit_max_rounds,130,130,130,6,6,6,3,3,3,2,2,2,0,0,0,0,0,0,52.6,52.6,52.6
fara-7b,Google_Search--24,C0,1,1.0,success,279,279,279,12,12,12,9,9,9,0,0,0,0,0,0,0,0,0,23.2,23.2,23.2
fara-7b,Google_Search--24,C2,1,1.0,success,61,61,61,6,6,6,3,3,3,0,0,0,2,2,2,0,0,0,21.0,21.0,21.0
fara-7b,Google_Search--24,C5,1,1.0,success,278,278,278,12,12,12,9,9,9,0,0,0,0,0,0,0,0,0,22.1,22.1,22.1
fara-7b,Google_Search--24,C7,1,1.0,success,89,89,89,7,7,7,4,4,4,0,0,0,1,1,1,0,0,0,24.4,24.4,24.4
fara-7b,Google_Search--24,C8,1,1.0,success,56,56,56,5,5,5,2,2,2,0,0,0,0,0,0,0,0,0,14.5,14.5,14.5
fara-7b,Google_Search--25,C0,1,1.0,success,295,295,295,17,17,17,14,14,14,0,0,0,0,0,0,0,0,0,37.2,37.2,37.2
fara-7b,Google_Search--25,C2,1,0.0,hit_max_rounds,69,69,69,6,6,6,3,3,3,0,0,0,6,6,6,0,0,0,48.3,48.3,48.3
fara-7b,Google_Search--25,C5,1,1.0,success,1279,1279,1279,240,240,240,237,237,237,0,0,0,0,0,0,0,0,0,29.8,29.8,29.8
fara-7b,Google_Search--25,C7,1,0.0,hit_max_rounds,121,121,121,6,6,6,3,3,3,0,0,0,2,2,2,0,0,0,49.6,49.6,49.6
fara-7b,Google_Search--25,C8,1,0.0,hit_max_rounds,56,56,56,5,5,5,2,2,2,0,0,0,0,0,0,0,0,0,24.1,24.1,24.1
fara-7b,Google_Search--26,C0,1,0.0,hit_max_rounds,430,430,430,10,10,10,7,7,7,0,0,0,0,0,0,0,0,0,57.8,57.8,57.8
fara-7b,Google_Search--26,C2,1,0.0,hit_max_rounds,96,96,96,6,6,6,3,3,3,0,0,0,4,4,4,0,0,0,49.3,49.3,49.3
fara-7b,Google_Search--26,C5,1,0.0,agent_error,357,357,357,10,10,10,7,7,7,0,0,0,0,0,0,0,0,0,51.8,51.8,51.8
fara-7b,Google_Search--26,C7,1,0.0,hit_max_rounds,105,105,105,6,6,6,3,3,3,0,0,0,5,5,5,0,0,0,49.6,49.6,49.6
fara-7b,Google_Search--26,C8,1,0.0,agent_error,60,60,60,5,5,5,2,2,2,0,0,0,0,0,0,0,0,0,15.5,15.5,15.5
fara-7b,Google_Search--27,C0,1,1.0,success,343,343,343,21,21,21,17,17,17,0,0,0,0,0,0,0,0,0,25.7,25.7,25.7
fara-7b,Google_Search--27,C2,1,0.0,hit_max_rounds,73,73,73,6,6,6,3,3,3,0,0,0,8,8,8,0,0,0,49.6,49.6,49.6
fara-7b,Google_Search--27,C5,1,1.0,success,474,474,474,21,21,21,17,17,17,0,0,0,0,0,0,0,0,0,25.6,25.6,25.6
fara-7b,Google_Search--27,C7,1,0.0,hit_max_rounds,74,74,74,6,6,6,3,3,3,0,0,0,8,8,8,0,0,0,49.6,49.6,49.6
fara-7b,Google_Search--27,C8,1,0.0,hit_max_rounds,77,77,77,5,5,5,2,2,2,1,1,1,0,0,0,0,0,0,44.1,44.1,44.1
fara-7b,Google_Search--28,C0,1,1.0,success,468,468,468,27,27,27,24,24,24,0,0,0,0,0,0,0,0,0,40.3,40.3,40.3
fara-7b,Google_Search--28,C2,1,0.0,agent_error,97,97,97,7,7,7,4,4,4,0,0,0,6,6,6,0,0,0,48.0,48.0,48.0
fara-7b,Google_Search--28,C5,1,1.0,success,1310,1310,1310,244,244,244,240,240,240,0,0,0,0,0,0,0,0,0,48.9,48.9,48.9
fara-7b,Google_Search--28,C7,1,1.0,success,98,98,98,7,7,7,4,4,4,0,0,0,5,5,5,0,0,0,51.9,51.9,51.9
fara-7b,Google_Search--28,C8,1,0.0,hit_max_rounds,175,175,175,5,5,5,2,2,2,3,3,3,0,0,0,0,0,0,53.4,53.4,53.4
fara-7b,Google_Search--29,C0,1,1.0,success,239,239,239,12,12,12,9,9,9,0,0,0,0,0,0,0,0,0,22.7,22.7,22.7
fara-7b,Google_Search--29,C2,1,0.0,hit_max_rounds,75,75,75,6,6,6,3,3,3,0,0,0,8,8,8,0,0,0,49.7,49.7,49.7
fara-7b,Google_Search--29,C5,1,0.0,hit_max_rounds,334,334,334,15,15,15,12,12,12,0,0,0,0,0,0,0,0,0,56.1,56.1,56.1
fara-7b,Google_Search--29,C7,1,1.0,success,66,66,66,6,6,6,3,3,3,0,0,0,3,3,3,0,0,0,26.4,26.4,26.4
fara-7b,Google_Search--29,C8,1,1.0,success,58,58,58,5,5,5,2,2,2,0,0,0,0,0,0,0,0,0,17.1,17.1,17.1
fara-7b,Google_Search--3,C0,1,1.0,success,439,439,439,28,28,28,25,25,25,0,0,0,0,0,0,0,0,0,40.9,40.9,40.9
fara-7b,Google_Search--3,C2,1,0.0,hit_max_rounds,95,95,95,7,7,7,4,4,4,0,0,0,5,5,5,0,0,0,52.0,52.0,52.0
fara-7b,Google_Search--3,C5,1,0.0,hit_max_rounds,445,445,445,25,25,25,22,22,22,0,0,0,0,0,0,0,0,0,65.1,65.1,65.1
fara-7b,Google_Search--3,C7,1,0.0,hit_max_rounds,96,96,96,6,6,6,3,3,3,0,0,0,3,3,3,0,0,0,54.5,54.5,54.5
fara-7b,Google_Search--3,C8,1,0.0,hit_max_rounds,128,128,128,5,5,5,2,2,2,2,2,2,0,0,0,0,0,0,51.6,51.6,51.6
fara-7b,Google_Search--30,C0,1,1.0,success,221,221,221,12,12,12,9,9,9,0,0,0,0,0,0,0,0,0,24.6,24.6,24.6
fara-7b,Google_Search--30,C2,1,0.0,hit_max_rounds,71,71,71,6,6,6,3,3,3,0,0,0,7,7,7,0,0,0,49.6,49.6,49.6
fara-7b,Google_Search--30,C5,1,1.0,success,222,222,222,12,12,12,9,9,9,0,0,0,0,0,0,0,0,0,24.5,24.5,24.5
fara-7b,Google_Search--30,C7,1,0.0,hit_max_rounds,75,75,75,6,6,6,3,3,3,0,0,0,8,8,8,0,0,0,50.6,50.6,50.6
fara-7b,Google_Search--30,C8,1,0.0,hit_max_rounds,59,59,59,5,5,5,2,2,2,0,0,0,0,0,0,0,0,0,30.7,30.7,30.7
fara-7b,Google_Search--31,C0,1,1.0,success,258,258,258,12,12,12,9,9,9,0,0,0,0,0,0,0,0,0,22.5,22.5,22.5
fara-7b,Google_Search--31,C2,1,0.0,hit_max_rounds,76,76,76,6,6,6,3,3,3,0,0,0,8,8,8,0,0,0,49.4,49.4,49.4
fara-7b,Google_Search--31,C5,1,1.0,success,266,266,266,12,12,12,9,9,9,0,0,0,0,0,0,0,0,0,22.2,22.2,22.2
fara-7b,Google_Search--31,C7,1,1.0,success,68,68,68,6,6,6,3,3,3,0,0,0,4,4,4,0,0,0,32.1,32.1,32.1
fara-7b,Google_Search--31,C8,1,0.0,hit_max_rounds,56,56,56,5,5,5,2,2,2,0,0,0,0,0,0,0,0,0,26.9,26.9,26.9
fara-7b,Google_Search--32,C0,1,1.0,success,252,252,252,13,13,13,10,10,10,0,0,0,0,0,0,0,0,0,26.1,26.1,26.1
fara-7b,Google_Search--32,C2,1,1.0,success,87,87,87,7,7,7,4,4,4,0,0,0,1,1,1,0,0,0,24.4,24.4,24.4
fara-7b,Google_Search--32,C5,1,1.0,success,253,253,253,13,13,13,10,10,10,0,0,0,0,0,0,0,0,0,26.1,26.1,26.1
fara-7b,Google_Search--32,C7,1,1.0,success,92,92,92,7,7,7,4,4,4,0,0,0,1,1,1,0,0,0,25.2,25.2,25.2
fara-7b,Google_Search--32,C8,1,0.0,hit_max_rounds,176,176,176,5,5,5,2,2,2,3,3,3,0,0,0,0,0,0,53.5,53.5,53.5
fara-7b,Google_Search--33,C0,1,0.0,hit_max_rounds,698,698,698,32,32,32,27,27,27,0,0,0,0,0,0,0,0,0,62.8,62.8,62.8
fara-7b,Google_Search--33,C2,1,0.0,hit_max_rounds,88,88,88,7,7,7,4,4,4,0,0,0,1,1,1,0,0,0,51.6,51.6,51.6
fara-7b,Google_Search--33,C5,1,0.0,agent_error,537,537,537,18,18,18,15,15,15,0,0,0,0,0,0,0,0,0,62.3,62.3,62.3
fara-7b,Google_Search--33,C7,1,0.0,hit_max_rounds,64,64,64,6,6,6,3,3,3,0,0,0,2,2,2,0,0,0,47.9,47.9,47.9
fara-7b,Google_Search--33,C8,1,0.0,hit_max_rounds,56,56,56,5,5,5,2,2,2,0,0,0,0,0,0,0,0,0,47.7,47.7,47.7
fara-7b,Google_Search--34,C0,1,0.0,unknown,0,0,0,0,0,0,0,0,0,0,0,0,0,0,0,0,0,0,,,
fara-7b,Google_Search--34,C2,1,0.0,hit_max_rounds,73,73,73,6,6,6,3,3,3,0,0,0,8,8,8,0,0,0,48.4,48.4,48.4
fara-7b,Google_Search--34,C5,1,1.0,success,243,243,243,12,12,12,9,9,9,0,0,0,0,0,0,0,0,0,21.5,21.5,21.5
fara-7b,Google_Search--34,C7,1,0.0,hit_max_rounds,73,73,73,6,6,6,3,3,3,0,0,0,7,7,7,0,0,0,48.5,48.5,48.5
fara-7b,Google_Search--34,C8,1,0.0,hit_max_rounds,162,162,162,6,6,6,2,2,2,3,3,3,0,0,0,0,0,0,53.0,53.0,53.0
fara-7b,Google_Search--35,C0,1,0.0,hit_max_rounds,426,426,426,20,20,20,17,17,17,0,0,0,0,0,0,0,0,0,58.4,58.4,58.4
fara-7b,Google_Search--35,C2,1,0.0,agent_error,79,79,79,6,6,6,3,3,3,0,0,0,1,1,1,0,0,0,71.9,71.9,71.9
fara-7b,Google_Search--35,C5,1,0.0,hit_max_rounds,283,283,283,10,10,10,7,7,7,0,0,0,0,0,0,0,0,0,57.2,57.2,57.2
fara-7b,Google_Search--35,C7,1,0.0,hit_max_rounds,76,76,76,6,6,6,3,3,3,0,0,0,8,8,8,0,0,0,49.8,49.8,49.8
fara-7b,Google_Search--35,C8,1,0.0,hit_max_rounds,58,58,58,5,5,5,2,2,2,0,0,0,0,0,0,0,0,0,34.5,34.5,34.5
fara-7b,Google_Search--36,C0,1,1.0,success,362,362,362,25,25,25,21,21,21,0,0,0,0,0,0,0,0,0,33.2,33.2,33.2
fara-7b,Google_Search--36,C2,1,0.0,hit_max_rounds,67,67,67,6,6,6,3,3,3,0,0,0,5,5,5,0,0,0,48.1,48.1,48.1
fara-7b,Google_Search--36,C5,1,1.0,success,325,325,325,25,25,25,21,21,21,0,0,0,0,0,0,0,0,0,32.4,32.4,32.4
fara-7b,Google_Search--36,C7,1,0.0,hit_max_rounds,69,69,69,6,6,6,3,3,3,0,0,0,5,5,5,0,0,0,48.0,48.0,48.0
fara-7b,Google_Search--36,C8,1,0.0,hit_max_rounds,56,56,56,5,5,5,2,2,2,0,0,0,0,0,0,0,0,0,24.4,24.4,24.4
fara-7b,Google_Search--37,C0,1,1.0,success,258,258,258,12,12,12,9,9,9,0,0,0,0,0,0,0,0,0,32.9,32.9,32.9
fara-7b,Google_Search--37,C2,1,0.0,hit_max_rounds,126,126,126,6,6,6,3,3,3,0,0,0,4,4,4,0,0,0,50.0,50.0,50.0
fara-7b,Google_Search--37,C5,1,0.0,hit_max_rounds,338,338,338,14,14,14,11,11,11,0,0,0,0,0,0,0,0,0,61.1,61.1,61.1
fara-7b,Google_Search--37,C7,1,0.0,hit_max_rounds,72,72,72,6,6,6,3,3,3,0,0,0,6,6,6,0,0,0,49.3,49.3,49.3
fara-7b,Google_Search--37,C8,1,0.0,hit_max_rounds,125,125,125,5,5,5,2,2,2,2,2,2,0,0,0,0,0,0,51.3,51.3,51.3
fara-7b,Google_Search--38,C0,1,1.0,success,372,372,372,13,13,13,10,10,10,0,0,0,0,0,0,0,0,0,42.8,42.8,42.8
fara-7b,Google_Search--38,C2,1,0.0,hit_max_rounds,92,92,92,6,6,6,3,3,3,0,0,0,3,3,3,0,0,0,48.4,48.4,48.4
fara-7b,Google_Search--38,C5,1,0.0,hit_max_rounds,337,337,337,14,14,14,11,11,11,0,0,0,0,0,0,0,0,0,55.4,55.4,55.4
fara-7b,Google_Search--38,C7,1,0.0,hit_max_rounds,92,92,92,7,7,7,4,4,4,0,0,0,2,2,2,0,0,0,52.4,52.4,52.4
fara-7b,Google_Search--38,C8,1,0.0,hit_max_rounds,76,76,76,5,5,5,2,2,2,1,1,1,0,0,0,0,0,0,50.9,50.9,50.9
fara-7b,Google_Search--39,C0,1,1.0,success,247,247,247,12,12,12,9,9,9,0,0,0,0,0,0,0,0,0,22.9,22.9,22.9
fara-7b,Google_Search--39,C2,1,0.0,hit_max_rounds,71,71,71,6,6,6,3,3,3,0,0,0,7,7,7,0,0,0,49.2,49.2,49.2
fara-7b,Google_Search--39,C5,1,1.0,success,401,401,401,42,42,42,39,39,39,0,0,0,0,0,0,0,0,0,42.7,42.7,42.7
fara-7b,Google_Search--39,C7,1,0.0,hit_max_rounds,72,72,72,6,6,6,3,3,3,0,0,0,5,5,5,0,0,0,48.7,48.7,48.7
fara-7b,Google_Search--39,C8,1,0.0,hit_max_rounds,72,72,72,5,5,5,2,2,2,1,1,1,0,0,0,0,0,0,40.5,40.5,40.5
fara-7b,Google_Search--4,C0,1,0.0,hit_max_rounds,606,606,606,31,31,31,27,27,27,0,0,0,0,0,0,0,0,0,68.3,68.3,68.3
fara-7b,Google_Search--4,C2,1,0.0,hit_max_rounds,60,60,60,6,6,6,3,3,3,0,0,0,1,1,1,0,0,0,47.1,47.1,47.1
fara-7b,Google_Search--4,C5,1,0.0,hit_max_rounds,428,428,428,14,14,14,11,11,11,0,0,0,0,0,0,0,0,0,53.2,53.2,53.2
fara-7b,Google_Search--4,C7,1,0.0,hit_max_rounds,66,66,66,6,6,6,3,3,3,0,0,0,3,3,3,0,0,0,48.3,48.3,48.3
fara-7b,Google_Search--4,C8,1,0.0,hit_max_rounds,92,92,92,5,5,5,2,2,2,1,1,1,0,0,0,0,0,0,47.1,47.1,47.1
fara-7b,Google_Search--40,C0,1,1.0,success,297,297,297,13,13,13,10,10,10,0,0,0,0,0,0,0,0,0,26.8,26.8,26.8
fara-7b,Google_Search--40,C2,1,1.0,success,117,117,117,7,7,7,4,4,4,0,0,0,1,1,1,0,0,0,30.9,30.9,30.9
fara-7b,Google_Search--40,C5,1,1.0,success,285,285,285,13,13,13,10,10,10,0,0,0,0,0,0,0,0,0,26.2,26.2,26.2
fara-7b,Google_Search--40,C7,1,0.0,hit_max_rounds,103,103,103,7,7,7,4,4,4,0,0,0,6,6,6,0,0,0,54.1,54.1,54.1
fara-7b,Google_Search--40,C8,1,1.0,success,108,108,108,5,5,5,2,2,2,1,1,1,0,0,0,0,0,0,31.8,31.8,31.8
fara-7b,Google_Search--41,C0,1,1.0,success,254,254,254,13,13,13,10,10,10,0,0,0,0,0,0,0,0,0,27.1,27.1,27.1
fara-7b,Google_Search--41,C2,1,0.0,hit_max_rounds,102,102,102,7,7,7,4,4,4,0,0,0,7,7,7,0,0,0,52.2,52.2,52.2
fara-7b,Google_Search--41,C5,1,1.0,success,269,269,269,14,14,14,11,11,11,0,0,0,0,0,0,0,0,0,26.2,26.2,26.2
fara-7b,Google_Search--41,C7,1,0.0,hit_max_rounds,103,103,103,7,7,7,4,4,4,0,0,0,7,7,7,0,0,0,52.8,52.8,52.8
fara-7b,Google_Search--41,C8,1,0.0,hit_max_rounds,107,107,107,5,5,5,2,2,2,1,1,1,0,0,0,0,0,0,32.0,32.0,32.0
fara-7b,Google_Search--42,C0,1,1.0,success,726,726,726,150,150,150,147,147,147,0,0,0,0,0,0,0,0,0,36.9,36.9,36.9
fara-7b,Google_Search--42,C2,1,0.0,hit_max_rounds,101,101,101,7,7,7,4,4,4,0,0,0,4,4,4,0,0,0,55.9,55.9,55.9
fara-7b,Google_Search--42,C5,1,1.0,success,521,521,521,23,23,23,20,20,20,0,0,0,0,0,0,0,0,0,62.0,62.0,62.0
fara-7b,Google_Search--42,C7,1,0.0,hit_max_rounds,102,102,102,7,7,7,4,4,4,0,0,0,7,7,7,0,0,0,54.4,54.4,54.4
fara-7b,Google_Search--42,C8,1,0.0,hit_max_rounds,124,124,124,5,5,5,2,2,2,2,2,2,0,0,0,0,0,0,35.6,35.6,35.6
fara-7b,Google_Search--5,C0,1,1.0,success,299,299,299,12,12,12,9,9,9,0,0,0,0,0,0,0,0,0,24.8,24.8,24.8
fara-7b,Google_Search--5,C2,1,0.0,hit_max_rounds,102,102,102,6,6,6,3,3,3,0,0,0,7,7,7,0,0,0,48.4,48.4,48.4
fara-7b,Google_Search--5,C5,1,0.0,hit_max_rounds,521,521,521,31,31,31,28,28,28,0,0,0,0,0,0,0,0,0,49.2,49.2,49.2
fara-7b,Google_Search--5,C7,1,0.0,hit_max_rounds,65,65,65,6,6,6,3,3,3,0,0,0,4,4,4,0,0,0,47.9,47.9,47.9
fara-7b,Google_Search--5,C8,1,0.0,hit_max_rounds,58,58,58,5,5,5,2,2,2,0,0,0,0,0,0,0,0,0,26.8,26.8,26.8
fara-7b,Google_Search--6,C0,1,1.0,success,387,387,387,58,58,58,54,54,54,0,0,0,0,0,0,0,0,0,29.1,29.1,29.1
fara-7b,Google_Search--6,C2,1,0.0,hit_max_rounds,75,75,75,6,6,6,3,3,3,0,0,0,8,8,8,0,0,0,47.5,47.5,47.5
fara-7b,Google_Search--6,C5,1,1.0,success,378,378,378,58,58,58,54,54,54,0,0,0,0,0,0,0,0,0,27.4,27.4,27.4
fara-7b,Google_Search--6,C7,1,0.0,hit_max_rounds,103,103,103,6,6,6,3,3,3,0,0,0,4,4,4,0,0,0,50.6,50.6,50.6
fara-7b,Google_Search--6,C8,1,0.0,hit_max_rounds,126,126,126,5,5,5,2,2,2,2,2,2,0,0,0,0,0,0,37.2,37.2,37.2
fara-7b,Google_Search--7,C0,1,1.0,success,282,282,282,12,12,12,9,9,9,0,0,0,0,0,0,0,0,0,22.7,22.7,22.7
fara-7b,Google_Search--7,C2,1,0.0,hit_max_rounds,72,72,72,6,6,6,3,3,3,0,0,0,7,7,7,0,0,0,51.1,51.1,51.1
fara-7b,Google_Search--7,C5,1,1.0,success,256,256,256,12,12,12,9,9,9,0,0,0,0,0,0,0,0,0,22.6,22.6,22.6
fara-7b,Google_Search--7,C7,1,0.0,hit_max_rounds,73,73,73,6,6,6,3,3,3,0,0,0,7,7,7,0,0,0,51.4,51.4,51.4
fara-7b,Google_Search--7,C8,1,0.0,hit_max_rounds,109,109,109,5,5,5,2,2,2,1,1,1,0,0,0,0,0,0,32.9,32.9,32.9
fara-7b,Google_Search--8,C0,1,1.0,success,669,669,669,35,35,35,31,31,31,0,0,0,0,0,0,0,0,0,59.2,59.2,59.2
fara-7b,Google_Search--8,C2,1,0.0,hit_max_rounds,69,69,69,6,6,6,3,3,3,0,0,0,6,6,6,0,0,0,49.0,49.0,49.0
fara-7b,Google_Search--8,C5,1,0.0,hit_max_rounds,689,689,689,32,32,32,28,28,28,0,0,0,0,0,0,0,0,0,72.4,72.4,72.4
fara-7b,Google_Search--8,C7,1,0.0,agent_error,67,67,67,6,6,6,3,3,3,0,0,0,4,4,4,0,0,0,28.9,28.9,28.9
fara-7b,Google_Search--8,C8,1,0.0,hit_max_rounds,135,135,135,5,5,5,2,2,2,2,2,2,0,0,0,0,0,0,51.9,51.9,51.9
fara-7b,Google_Search--9,C0,1,0.0,hit_max_rounds,248,248,248,20,20,20,17,17,17,0,0,0,0,0,0,0,0,0,62.0,62.0,62.0
fara-7b,Google_Search--9,C2,1,0.0,hit_max_rounds,95,95,95,7,7,7,4,4,4,0,0,0,5,5,5,0,0,0,54.0,54.0,54.0
fara-7b,Google_Search--9,C5,1,0.0,hit_max_rounds,548,548,548,28,28,28,25,25,25,0,0,0,0,0,0,0,0,0,61.6,61.6,61.6
fara-7b,Google_Search--9,C7,1,1.0,success,89,89,89,7,7,7,4,4,4,0,0,0,2,2,2,0,0,0,37.0,37.0,37.0
fara-7b,Google_Search--9,C8,1,0.0,hit_max_rounds,76,76,76,5,5,5,2,2,2,1,1,1,0,0,0,0,0,0,50.6,50.6,50.6
fara-7b,Huggingface--0,C0,1,1.0,success,383,383,383,11,11,11,9,9,9,0,0,0,0,0,0,0,0,0,50.7,50.7,50.7
fara-7b,Huggingface--0,C2,1,0.0,agent_error,252,252,252,8,8,8,6,6,6,0,0,0,2,2,2,0,0,0,38.5,38.5,38.5
fara-7b,Huggingface--0,C5,1,1.0,success,382,382,382,11,11,11,9,9,9,0,0,0,0,0,0,0,0,0,43.1,43.1,43.1
fara-7b,Huggingface--0,C7,1,0.0,hit_max_rounds,228,228,228,8,8,8,6,6,6,0,0,0,2,2,2,0,0,0,55.5,55.5,55.5
fara-7b,Huggingface--0,C8,1,0.0,hit_max_rounds,229,229,229,8,8,8,6,6,6,0,0,0,2,2,2,0,0,0,55.1,55.1,55.1
fara-7b,Huggingface--1,C0,1,0.0,hit_max_rounds,181,181,181,12,12,12,10,10,10,0,0,0,0,0,0,0,0,0,55.1,55.1,55.1
fara-7b,Huggingface--1,C2,1,0.0,hit_max_rounds,212,212,212,9,9,9,7,7,7,0,0,0,3,3,3,0,0,0,60.1,60.1,60.1
fara-7b,Huggingface--1,C5,1,0.0,hit_max_rounds,191,191,191,13,13,13,11,11,11,0,0,0,0,0,0,0,0,0,55.0,55.0,55.0
fara-7b,Huggingface--1,C7,1,0.0,hit_max_rounds,215,215,215,9,9,9,7,7,7,0,0,0,4,4,4,0,0,0,58.1,58.1,58.1
fara-7b,Huggingface--1,C8,1,0.0,hit_max_rounds,168,168,168,9,9,9,7,7,7,0,0,0,3,3,3,0,0,0,55.3,55.3,55.3
fara-7b,Huggingface--10,C0,1,0.0,agent_error,438,438,438,17,17,17,15,15,15,0,0,0,0,0,0,0,0,0,55.4,55.4,55.4
fara-7b,Huggingface--10,C2,1,0.0,hit_max_rounds,208,208,208,8,8,8,6,6,6,0,0,0,3,3,3,0,0,0,60.9,60.9,60.9
fara-7b,Huggingface--10,C5,1,0.0,hit_max_rounds,303,303,303,16,16,16,14,14,14,0,0,0,0,0,0,0,0,0,57.5,57.5,57.5
fara-7b,Huggingface--10,C7,1,0.0,hit_max_rounds,209,209,209,8,8,8,6,6,6,0,0,0,5,5,5,0,0,0,58.0,58.0,58.0
fara-7b,Huggingface--10,C8,1,0.0,hit_max_rounds,222,222,222,7,7,7,5,5,5,0,0,0,3,3,3,0,0,0,60.9,60.9,60.9
fara-7b,Huggingface--11,C0,1,0.0,hit_max_rounds,233,233,233,11,11,11,9,9,9,0,0,0,0,0,0,0,0,0,57.4,57.4,57.4
fara-7b,Huggingface--11,C2,1,0.0,hit_max_rounds,109,109,109,8,8,8,6,6,6,0,0,0,7,7,7,0,0,0,50.9,50.9,50.9
fara-7b,Huggingface--11,C5,1,1.0,success,239,239,239,11,11,11,9,9,9,0,0,0,0,0,0,0,0,0,30.9,30.9,30.9
fara-7b,Huggingface--11,C7,1,0.0,hit_max_rounds,109,109,109,8,8,8,6,6,6,0,0,0,7,7,7,0,0,0,50.7,50.7,50.7
fara-7b,Huggingface--11,C8,1,1.0,success,221,221,221,8,8,8,6,6,6,0,0,0,2,2,2,0,0,0,24.5,24.5,24.5
fara-7b,Huggingface--12,C0,1,1.0,success,212,212,212,10,10,10,8,8,8,0,0,0,0,0,0,0,0,0,24.3,24.3,24.3
fara-7b,Huggingface--12,C2,1,1.0,success,205,205,205,7,7,7,5,5,5,0,0,0,2,2,2,0,0,0,24.4,24.4,24.4
fara-7b,Huggingface--12,C5,1,1.0,success,212,212,212,10,10,10,8,8,8,0,0,0,0,0,0,0,0,0,24.1,24.1,24.1
fara-7b,Huggingface--12,C7,1,1.0,success,202,202,202,7,7,7,5,5,5,0,0,0,2,2,2,0,0,0,24.4,24.4,24.4
fara-7b,Huggingface--12,C8,1,1.0,success,202,202,202,7,7,7,5,5,5,0,0,0,2,2,2,0,0,0,24.3,24.3,24.3
fara-7b,Huggingface--13,C0,1,0.0,hit_max_rounds,386,386,386,23,23,23,21,21,21,0,0,0,0,0,0,0,0,0,59.5,59.5,59.5
fara-7b,Huggingface--13,C2,1,0.0,hit_max_rounds,113,113,113,8,8,8,6,6,6,0,0,0,9,9,9,0,0,0,49.5,49.5,49.5
fara-7b,Huggingface--13,C5,1,0.0,hit_max_rounds,391,391,391,23,23,23,21,21,21,0,0,0,0,0,0,0,0,0,59.4,59.4,59.4
fara-7b,Huggingface--13,C7,1,0.0,hit_max_rounds,113,113,113,8,8,8,6,6,6,0,0,0,9,9,9,0,0,0,49.9,49.9,49.9
fara-7b,Huggingface--13,C8,1,0.0,hit_max_rounds,363,363,363,7,7,7,5,5,5,0,0,0,5,5,5,0,0,0,55.6,55.6,55.6
fara-7b,Huggingface--14,C0,1,1.0,success,129,129,129,10,10,10,8,8,8,0,0,0,0,0,0,0,0,0,23.8,23.8,23.8
fara-7b,Huggingface--14,C2,1,1.0,success,120,120,120,7,7,7,5,5,5,0,0,0,2,2,2,0,0,0,23.9,23.9,23.9
fara-7b,Huggingface--14,C5,1,1.0,success,128,128,128,10,10,10,8,8,8,0,0,0,0,0,0,0,0,0,22.9,22.9,22.9
fara-7b,Huggingface--14,C7,1,1.0,success,120,120,120,7,7,7,5,5,5,0,0,0,2,2,2,0,0,0,23.8,23.8,23.8
fara-7b,Huggingface--14,C8,1,1.0,success,120,120,120,7,7,7,5,5,5,0,0,0,2,2,2,0,0,0,23.6,23.6,23.6
fara-7b,Huggingface--15,C0,1,1.0,success,201,201,201,10,10,10,8,8,8,0,0,0,0,0,0,0,0,0,48.1,48.1,48.1
fara-7b,Huggingface--15,C2,1,0.0,hit_max_rounds,217,217,217,8,8,8,6,6,6,0,0,0,2,2,2,0,0,0,55.3,55.3,55.3
fara-7b,Huggingface--15,C5,1,0.0,hit_max_rounds,225,225,225,11,11,11,9,9,9,0,0,0,0,0,0,0,0,0,55.7,55.7,55.7
fara-7b,Huggingface--15,C7,1,0.0,hit_max_rounds,217,217,217,8,8,8,6,6,6,0,0,0,2,2,2,0,0,0,54.8,54.8,54.8
fara-7b,Huggingface--15,C8,1,0.0,hit_max_rounds,217,217,217,8,8,8,6,6,6,0,0,0,2,2,2,0,0,0,55.1,55.1,55.1
fara-7b,Huggingface--16,C0,1,0.0,hit_max_rounds,425,425,425,13,13,13,11,11,11,0,0,0,0,0,0,0,0,0,58.0,58.0,58.0
fara-7b,Huggingface--16,C2,1,1.0,success,411,411,411,8,8,8,6,6,6,0,0,0,3,3,3,0,0,0,50.8,50.8,50.8
fara-7b,Huggingface--16,C5,1,0.0,hit_max_rounds,418,418,418,12,12,12,10,10,10,0,0,0,0,0,0,0,0,0,57.4,57.4,57.4
fara-7b,Huggingface--16,C7,1,1.0,success,387,387,387,8,8,8,6,6,6,0,0,0,3,3,3,0,0,0,54.8,54.8,54.8
fara-7b,Huggingface--16,C8,1,1.0,success,375,375,375,8,8,8,6,6,6,0,0,0,3,3,3,0,0,0,37.3,37.3,37.3
fara-7b,Huggingface--17,C0,1,1.0,success,361,361,361,12,12,12,10,10,10,0,0,0,0,0,0,0,0,0,24.4,24.4,24.4
fara-7b,Huggingface--17,C2,1,1.0,success,388,388,388,8,8,8,6,6,6,0,0,0,3,3,3,0,0,0,43.5,43.5,43.5
fara-7b,Huggingface--17,C5,1,1.0,success,392,392,392,13,13,13,11,11,11,0,0,0,0,0,0,0,0,0,43.5,43.5,43.5
fara-7b,Huggingface--17,C7,1,1.0,success,406,406,406,9,9,9,7,7,7,0,0,0,3,3,3,0,0,0,43.0,43.0,43.0
fara-7b,Huggingface--17,C8,1,1.0,success,364,364,364,9,9,9,6,6,6,0,0,0,3,3,3,0,0,0,30.3,30.3,30.3
fara-7b,Huggingface--18,C0,1,0.0,hit_max_rounds,721,721,721,19,19,19,17,17,17,0,0,0,0,0,0,0,0,0,59.6,59.6,59.6
fara-7b,Huggingface--18,C2,1,0.0,hit_max_rounds,387,387,387,12,12,12,10,10,10,0,0,0,5,5,5,0,0,0,60.7,60.7,60.7
fara-7b,Huggingface--18,C5,1,0.0,hit_max_rounds,569,569,569,15,15,15,13,13,13,0,0,0,0,0,0,0,0,0,56.2,56.2,56.2
fara-7b,Huggingface--18,C7,1,0.0,hit_max_rounds,416,416,416,13,13,13,11,11,11,0,0,0,7,7,7,0,0,0,59.4,59.4,59.4
fara-7b,Huggingface--18,C8,1,0.0,hit_max_rounds,364,364,364,14,14,14,12,12,12,0,0,0,5,5,5,0,0,0,59.0,59.0,59.0
fara-7b,Huggingface--19,C0,1,1.0,success,383,383,383,11,11,11,9,9,9,0,0,0,0,0,0,0,0,0,50.3,50.3,50.3
fara-7b,Huggingface--19,C2,1,1.0,success,386,386,386,8,8,8,6,6,6,0,0,0,4,4,4,0,0,0,56.2,56.2,56.2
fara-7b,Huggingface--19,C5,1,0.0,hit_max_rounds,448,448,448,13,13,13,11,11,11,0,0,0,0,0,0,0,0,0,55.0,55.0,55.0
fara-7b,Huggingface--19,C7,1,0.0,hit_max_rounds,421,421,421,8,8,8,6,6,6,0,0,0,5,5,5,0,0,0,56.7,56.7,56.7
fara-7b,Huggingface--19,C8,1,0.0,hit_max_rounds,418,418,418,9,9,9,6,6,6,0,0,0,3,3,3,0,0,0,55.6,55.6,55.6
fara-7b,Huggingface--2,C0,1,0.0,hit_max_rounds,216,216,216,11,11,11,9,9,9,0,0,0,0,0,0,0,0,0,57.9,57.9,57.9
fara-7b,Huggingface--2,C2,1,0.0,hit_max_rounds,226,226,226,8,8,8,6,6,6,0,0,0,2,2,2,0,0,0,61.4,61.4,61.4
fara-7b,Huggingface--2,C5,1,0.0,hit_max_rounds,255,255,255,11,11,11,9,9,9,0,0,0,0,0,0,0,0,0,55.7,55.7,55.7
fara-7b,Huggingface--2,C7,1,0.0,hit_max_rounds,264,264,264,8,8,8,6,6,6,0,0,0,3,3,3,0,0,0,57.2,57.2,57.2
fara-7b,Huggingface--2,C8,1,0.0,hit_max_rounds,430,430,430,12,12,12,10,10,10,0,0,0,4,4,4,0,0,0,61.2,61.2,61.2
fara-7b,Huggingface--20,C0,1,0.0,hit_max_rounds,453,453,453,11,11,11,9,9,9,0,0,0,0,0,0,0,0,0,58.6,58.6,58.6
fara-7b,Huggingface--20,C2,1,0.0,hit_max_rounds,207,207,207,8,8,8,6,6,6,0,0,0,2,2,2,0,0,0,55.8,55.8,55.8
fara-7b,Huggingface--20,C5,1,0.0,hit_max_rounds,230,230,230,11,11,11,9,9,9,0,0,0,0,0,0,0,0,0,54.3,54.3,54.3
fara-7b,Huggingface--20,C7,1,1.0,success,230,230,230,8,8,8,6,6,6,0,0,0,2,2,2,0,0,0,23.8,23.8,23.8
fara-7b,Huggingface--20,C8,1,1.0,success,374,374,374,8,8,8,6,6,6,0,0,0,3,3,3,0,0,0,47.6,47.6,47.6
fara-7b,Huggingface--21,C0,1,1.0,success,336,336,336,16,16,16,14,14,14,0,0,0,0,0,0,0,0,0,57.6,57.6,57.6
fara-7b,Huggingface--21,C2,1,0.0,hit_max_rounds,137,137,137,8,8,8,6,6,6,0,0,0,7,7,7,0,0,0,54.7,54.7,54.7
fara-7b,Huggingface--21,C5,1,0.0,hit_max_rounds,422,422,422,24,24,24,22,22,22,0,0,0,0,0,0,0,0,0,60.1,60.1,60.1
fara-7b,Huggingface--21,C7,1,0.0,hit_max_rounds,136,136,136,8,8,8,6,6,6,0,0,0,7,7,7,0,0,0,54.7,54.7,54.7
fara-7b,Huggingface--21,C8,1,0.0,hit_max_rounds,450,450,450,12,12,12,10,10,10,0,0,0,8,8,8,0,0,0,63.8,63.8,63.8
fara-7b,Huggingface--22,C0,1,0.0,hit_max_rounds,508,508,508,15,15,15,13,13,13,0,0,0,0,0,0,0,0,0,57.2,57.2,57.2
fara-7b,Huggingface--22,C2,1,0.0,hit_max_rounds,107,107,107,8,8,8,6,6,6,0,0,0,6,6,6,0,0,0,51.0,51.0,51.0
fara-7b,Huggingface--22,C5,1,0.0,agent_error,121,121,121,10,10,10,8,8,8,0,0,0,0,0,0,0,0,0,12.6,12.6,12.6
fara-7b,Huggingface--22,C7,1,0.0,hit_max_rounds,107,107,107,8,8,8,6,6,6,0,0,0,6,6,6,0,0,0,50.8,50.8,50.8
fara-7b,Huggingface--22,C8,1,0.0,hit_max_rounds,345,345,345,7,7,7,5,5,5,0,0,0,6,6,6,0,0,0,59.6,59.6,59.6
fara-7b,Huggingface--23,C0,1,0.0,hit_max_rounds,313,313,313,17,17,17,15,15,15,0,0,0,0,0,0,0,0,0,60.5,60.5,60.5
fara-7b,Huggingface--23,C2,1,0.0,hit_max_rounds,335,335,335,12,12,12,10,10,10,0,0,0,6,6,6,0,0,0,52.5,52.5,52.5
fara-7b,Huggingface--23,C5,1,0.0,hit_max_rounds,536,536,536,15,15,15,13,13,13,0,0,0,0,0,0,0,0,0,54.1,54.1,54.1
fara-7b,Huggingface--23,C7,1,0.0,hit_max_rounds,335,335,335,12,12,12,10,10,10,0,0,0,6,6,6,0,0,0,52.2,52.2,52.2
fara-7b,Huggingface--23,C8,1,0.0,hit_max_rounds,421,421,421,12,12,12,10,10,10,0,0,0,5,5,5,0,0,0,55.9,55.9,55.9
fara-7b,Huggingface--24,C0,1,1.0,success,226,226,226,11,11,11,9,9,9,0,0,0,0,0,0,0,0,0,42.0,42.0,42.0
fara-7b,Huggingface--24,C2,1,1.0,success,214,214,214,8,8,8,6,6,6,0,0,0,2,2,2,0,0,0,42.4,42.4,42.4
fara-7b,Huggingface--24,C5,1,1.0,success,219,219,219,11,11,11,9,9,9,0,0,0,0,0,0,0,0,0,42.6,42.6,42.6
fara-7b,Huggingface--24,C7,1,1.0,success,215,215,215,8,8,8,6,6,6,0,0,0,2,2,2,0,0,0,31.0,31.0,31.0
fara-7b,Huggingface--24,C8,1,1.0,success,215,215,215,8,8,8,6,6,6,0,0,0,2,2,2,0,0,0,48.2,48.2,48.2
fara-7b,Huggingface--25,C0,1,0.0,hit_max_rounds,501,501,501,18,18,18,16,16,16,0,0,0,0,0,0,0,0,0,57.0,57.0,57.0
fara-7b,Huggingface--25,C2,1,1.0,success,334,334,334,7,7,7,5,5,5,0,0,0,4,4,4,0,0,0,58.7,58.7,58.7
fara-7b,Huggingface--25,C5,1,0.0,hit_max_rounds,389,389,389,21,21,21,19,19,19,0,0,0,0,0,0,0,0,0,57.3,57.3,57.3
fara-7b,Huggingface--25,C7,1,1.0,success,359,359,359,7,7,7,5,5,5,0,0,0,4,4,4,0,0,0,57.7,57.7,57.7
fara-7b,Huggingface--25,C8,1,0.0,hit_max_rounds,381,381,381,11,11,11,9,9,9,0,0,0,7,7,7,0,0,0,58.7,58.7,58.7
fara-7b,Huggingface--26,C0,1,1.0,success,382,382,382,11,11,11,9,9,9,0,0,0,0,0,0,0,0,0,31.4,31.4,31.4
fara-7b,Huggingface--26,C2,1,1.0,success,361,361,361,8,8,8,6,6,6,0,0,0,3,3,3,0,0,0,30.9,30.9,30.9
fara-7b,Huggingface--26,C5,1,1.0,success,263,263,263,11,11,11,9,9,9,0,0,0,0,0,0,0,0,0,58.6,58.6,58.6
fara-7b,Huggingface--26,C7,1,1.0,success,360,360,360,8,8,8,6,6,6,0,0,0,3,3,3,0,0,0,31.0,31.0,31.0
fara-7b,Huggingface--26,C8,1,1.0,success,360,360,360,8,8,8,6,6,6,0,0,0,3,3,3,0,0,0,31.4,31.4,31.4
fara-7b,Huggingface--27,C0,1,1.0,success,187,187,187,10,10,10,8,8,8,0,0,0,0,0,0,0,0,0,23.9,23.9,23.9
fara-7b,Huggingface--27,C2,1,1.0,success,176,176,176,7,7,7,5,5,5,0,0,0,2,2,2,0,0,0,30.2,30.2,30.2
fara-7b,Huggingface--27,C5,1,0.0,hit_max_rounds,338,338,338,15,15,15,13,13,13,0,0,0,0,0,0,0,0,0,53.1,53.1,53.1
fara-7b,Huggingface--27,C7,1,1.0,success,176,176,176,7,7,7,5,5,5,0,0,0,2,2,2,0,0,0,29.8,29.8,29.8
fara-7b,Huggingface--27,C8,1,1.0,success,176,176,176,7,7,7,5,5,5,0,0,0,2,2,2,0,0,0,30.1,30.1,30.1
fara-7b,Huggingface--28,C0,1,0.0,hit_max_rounds,398,398,398,16,16,16,14,14,14,0,0,0,0,0,0,0,0,0,57.9,57.9,57.9
fara-7b,Huggingface--28,C2,1,1.0,success,351,351,351,7,7,7,5,5,5,0,0,0,4,4,4,0,0,0,37.6,37.6,37.6
fara-7b,Huggingface--28,C5,1,0.0,hit_max_rounds,435,435,435,11,11,11,9,9,9,0,0,0,0,0,0,0,0,0,55.9,55.9,55.9
fara-7b,Huggingface--28,C7,1,1.0,success,355,355,355,7,7,7,5,5,5,0,0,0,4,4,4,0,0,0,37.8,37.8,37.8
fara-7b,Huggingface--28,C8,1,0.0,hit_max_rounds,356,356,356,7,7,7,5,5,5,0,0,0,3,3,3,0,0,0,56.5,56.5,56.5
fara-7b,Huggingface--29,C0,1,1.0,success,356,356,356,14,14,14,12,12,12,0,0,0,0,0,0,0,0,0,38.1,38.1,38.1
fara-7b,Huggingface--29,C2,1,1.0,success,345,345,345,11,11,11,9,9,9,0,0,0,3,3,3,0,0,0,37.6,37.6,37.6
fara-7b,Huggingface--29,C5,1,1.0,success,401,401,401,11,11,11,9,9,9,0,0,0,0,0,0,0,0,0,32.3,32.3,32.3
fara-7b,Huggingface--29,C7,1,1.0,success,267,267,267,7,7,7,5,5,5,0,0,0,3,3,3,0,0,0,48.1,48.1,48.1
fara-7b,Huggingface--29,C8,1,1.0,success,345,345,345,11,11,11,9,9,9,0,0,0,3,3,3,0,0,0,39.0,39.0,39.0
fara-7b,Huggingface--3,C0,1,1.0,success,210,210,210,10,10,10,8,8,8,0,0,0,0,0,0,0,0,0,46.1,46.1,46.1
fara-7b,Huggingface--3,C2,1,1.0,success,205,205,205,7,7,7,5,5,5,0,0,0,2,2,2,0,0,0,46.3,46.3,46.3
fara-7b,Huggingface--3,C5,1,1.0,success,195,195,195,10,10,10,8,8,8,0,0,0,0,0,0,0,0,0,59.6,59.6,59.6
fara-7b,Huggingface--3,C7,1,1.0,success,184,184,184,7,7,7,5,5,5,0,0,0,2,2,2,0,0,0,46.1,46.1,46.1
fara-7b,Huggingface--3,C8,1,1.0,success,204,204,204,7,7,7,5,5,5,0,0,0,2,2,2,0,0,0,60.2,60.2,60.2
fara-7b,Huggingface--30,C0,1,0.0,hit_max_rounds,361,361,361,10,10,10,8,8,8,0,0,0,0,0,0,0,0,0,55.6,55.6,55.6
fara-7b,Huggingface--30,C2,1,0.0,agent_error,205,205,205,8,8,8,6,6,6,0,0,0,2,2,2,0,0,0,21.1,21.1,21.1
fara-7b,Huggingface--30,C5,1,0.0,hit_max_rounds,251,251,251,11,11,11,9,9,9,0,0,0,0,0,0,0,0,0,59.4,59.4,59.4
fara-7b,Huggingface--30,C7,1,0.0,hit_max_rounds,222,222,222,8,8,8,6,6,6,0,0,0,3,3,3,0,0,0,56.2,56.2,56.2
fara-7b,Huggingface--30,C8,1,0.0,hit_max_rounds,207,207,207,8,8,8,6,6,6,0,0,0,2,2,2,0,0,0,54.7,54.7,54.7
fara-7b,Huggingface--31,C0,1,1.0,success,246,246,246,11,11,11,9,9,9,0,0,0,0,0,0,0,0,0,24.7,24.7,24.7
fara-7b,Huggingface--31,C2,1,1.0,success,232,232,232,8,8,8,6,6,6,0,0,0,2,2,2,0,0,0,30.6,30.6,30.6
fara-7b,Huggingface--31,C5,1,1.0,success,244,244,244,11,11,11,9,9,9,0,0,0,0,0,0,0,0,0,24.1,24.1,24.1
fara-7b,Huggingface--31,C7,1,1.0,success,232,232,232,8,8,8,6,6,6,0,0,0,2,2,2,0,0,0,30.1,30.1,30.1
fara-7b,Huggingface--31,C8,1,1.0,success,232,232,232,8,8,8,6,6,6,0,0,0,2,2,2,0,0,0,30.2,30.2,30.2
fara-7b,Huggingface--32,C0,1,0.0,hit_max_rounds,339,339,339,10,10,10,8,8,8,0,0,0,0,0,0,0,0,0,54.1,54.1,54.1
fara-7b,Huggingface--32,C2,1,0.0,hit_max_rounds,325,325,325,7,7,7,5,5,5,0,0,0,2,2,2,0,0,0,52.8,52.8,52.8
fara-7b,Huggingface--32,C5,1,0.0,hit_max_rounds,327,327,327,10,10,10,8,8,8,0,0,0,0,0,0,0,0,0,54.9,54.9,54.9
fara-7b,Huggingface--32,C7,1,0.0,hit_max_rounds,326,326,326,7,7,7,5,5,5,0,0,0,2,2,2,0,0,0,53.0,53.0,53.0
fara-7b,Huggingface--32,C8,1,0.0,hit_max_rounds,453,453,453,8,8,8,5,5,5,0,0,0,5,5,5,0,0,0,57.3,57.3,57.3
fara-7b,Huggingface--33,C0,1,0.0,hit_max_rounds,565,565,565,23,23,23,21,21,21,0,0,0,0,0,0,0,0,0,61.5,61.5,61.5
fara-7b,Huggingface--33,C2,1,0.0,hit_max_rounds,177,177,177,9,9,9,7,7,7,0,0,0,8,8,8,0,0,0,53.3,53.3,53.3
fara-7b,Huggingface--33,C5,1,0.0,hit_max_rounds,466,466,466,22,22,22,20,20,20,0,0,0,0,0,0,0,0,0,54.1,54.1,54.1
fara-7b,Huggingface--33,C7,1,0.0,hit_max_rounds,177,177,177,9,9,9,7,7,7,0,0,0,8,8,8,0,0,0,53.9,53.9,53.9
fara-7b,Huggingface--33,C8,1,0.0,hit_max_rounds,164,164,164,8,8,8,6,6,6,0,0,0,3,3,3,0,0,0,52.8,52.8,52.8
fara-7b,Huggingface--34,C0,1,0.0,hit_max_rounds,553,553,553,16,16,16,14,14,14,0,0,0,0,0,0,0,0,0,59.4,59.4,59.4
fara-7b,Huggingface--34,C2,1,0.0,hit_max_rounds,107,107,107,8,8,8,6,6,6,0,0,0,6,6,6,0,0,0,49.7,49.7,49.7
fara-7b,Huggingface--34,C5,1,0.0,hit_max_rounds,525,525,525,16,16,16,14,14,14,0,0,0,0,0,0,0,0,0,62.3,62.3,62.3
fara-7b,Huggingface--34,C7,1,0.0,hit_max_rounds,107,107,107,8,8,8,6,6,6,0,0,0,6,6,6,0,0,0,49.3,49.3,49.3
fara-7b,Huggingface--34,C8,1,0.0,hit_max_rounds,471,471,471,12,12,12,10,10,10,0,0,0,8,8,8,0,0,0,60.3,60.3,60.3
fara-7b,Huggingface--35,C0,1,1.0,success,367,367,367,19,19,19,17,17,17,0,0,0,0,0,0,0,0,0,32.2,32.2,32.2
fara-7b,Huggingface--35,C2,1,0.0,hit_max_rounds,99,99,99,8,8,8,6,6,6,0,0,0,2,2,2,0,0,0,51.7,51.7,51.7
fara-7b,Huggingface--35,C5,1,1.0,success,496,496,496,16,16,16,13,13,13,0,0,0,0,0,0,0,0,0,42.8,42.8,42.8
fara-7b,Huggingface--35,C7,1,0.0,hit_max_rounds,99,99,99,8,8,8,6,6,6,0,0,0,2,2,2,0,0,0,51.3,51.3,51.3
fara-7b,Huggingface--35,C8,1,0.0,hit_max_rounds,145,145,145,7,7,7,5,5,5,0,0,0,4,4,4,0,0,0,49.6,49.6,49.6
fara-7b,Huggingface--36,C0,1,0.0,hit_max_rounds,380,380,380,18,18,18,16,16,16,0,0,0,0,0,0,0,0,0,57.3,57.3,57.3
fara-7b,Huggingface--36,C2,1,1.0,success,120,120,120,7,7,7,5,5,5,0,0,0,2,2,2,0,0,0,24.2,24.2,24.2
fara-7b,Huggingface--36,C5,1,1.0,success,128,128,128,10,10,10,8,8,8,0,0,0,0,0,0,0,0,0,29.5,29.5,29.5
fara-7b,Huggingface--36,C7,1,1.0,success,120,120,120,7,7,7,5,5,5,0,0,0,2,2,2,0,0,0,24.1,24.1,24.1
fara-7b,Huggingface--36,C8,1,1.0,success,120,120,120,7,7,7,5,5,5,0,0,0,2,2,2,0,0,0,24.0,24.0,24.0
fara-7b,Huggingface--37,C0,1,0.0,hit_max_rounds,396,396,396,10,10,10,8,8,8,0,0,0,0,0,0,0,0,0,60.4,60.4,60.4
fara-7b,Huggingface--37,C2,1,0.0,hit_max_rounds,388,388,388,8,8,8,6,6,6,0,0,0,7,7,7,0,0,0,59.7,59.7,59.7
fara-7b,Huggingface--37,C5,1,0.0,hit_max_rounds,356,356,356,12,12,12,9,9,9,0,0,0,0,0,0,0,0,0,56.7,56.7,56.7
fara-7b,Huggingface--37,C7,1,0.0,hit_max_rounds,390,390,390,8,8,8,6,6,6,0,0,0,7,7,7,0,0,0,60.0,60.0,60.0
fara-7b,Huggingface--37,C8,1,1.0,success,361,361,361,8,8,8,6,6,6,0,0,0,3,3,3,0,0,0,31.3,31.3,31.3
fara-7b,Huggingface--38,C0,1,1.0,success,330,330,330,17,17,17,15,15,15,0,0,0,0,0,0,0,0,0,46.7,46.7,46.7
fara-7b,Huggingface--38,C2,1,0.0,hit_max_rounds,179,179,179,8,8,8,6,6,6,0,0,0,7,7,7,0,0,0,58.7,58.7,58.7
fara-7b,Huggingface--38,C5,1,1.0,success,588,588,588,18,18,18,16,16,16,0,0,0,0,0,0,0,0,0,59.6,59.6,59.6
fara-7b,Huggingface--38,C7,1,0.0,hit_max_rounds,179,179,179,8,8,8,6,6,6,0,0,0,7,7,7,0,0,0,58.1,58.1,58.1
fara-7b,Huggingface--38,C8,1,0.0,hit_max_rounds,392,392,392,8,8,8,6,6,6,0,0,0,6,6,6,0,0,0,60.8,60.8,60.8
fara-7b,Huggingface--39,C0,1,1.0,success,360,360,360,20,20,20,18,18,18,0,0,0,0,0,0,0,0,0,61.3,61.3,61.3
fara-7b,Huggingface--39,C2,1,0.0,hit_max_rounds,315,315,315,9,9,9,7,7,7,0,0,0,8,8,8,0,0,0,56.3,56.3,56.3
fara-7b,Huggingface--39,C5,1,0.0,hit_max_rounds,369,369,369,10,10,10,8,8,8,0,0,0,0,0,0,0,0,0,58.3,58.3,58.3
fara-7b,Huggingface--39,C7,1,0.0,hit_max_rounds,353,353,353,8,8,8,6,6,6,0,0,0,8,8,8,0,0,0,56.7,56.7,56.7
fara-7b,Huggingface--39,C8,1,0.0,hit_max_rounds,187,187,187,7,7,7,5,5,5,0,0,0,8,8,8,0,0,0,59.2,59.2,59.2
fara-7b,Huggingface--4,C0,1,0.0,hit_max_rounds,225,225,225,11,11,11,9,9,9,0,0,0,0,0,0,0,0,0,57.0,57.0,57.0
fara-7b,Huggingface--4,C2,1,0.0,hit_max_rounds,206,206,206,8,8,8,6,6,6,0,0,0,2,2,2,0,0,0,54.8,54.8,54.8
fara-7b,Huggingface--4,C5,1,0.0,hit_max_rounds,581,581,581,18,18,18,16,16,16,0,0,0,0,0,0,0,0,0,60.4,60.4,60.4
fara-7b,Huggingface--4,C7,1,0.0,hit_max_rounds,213,213,213,9,9,9,7,7,7,0,0,0,3,3,3,0,0,0,56.4,56.4,56.4
fara-7b,Huggingface--4,C8,1,0.0,hit_max_rounds,209,209,209,8,8,8,6,6,6,0,0,0,2,2,2,0,0,0,56.6,56.6,56.6
fara-7b,Huggingface--40,C0,1,0.0,agent_error,248,248,248,15,15,15,11,11,11,0,0,0,0,0,0,0,0,0,23.6,23.6,23.6
fara-7b,Huggingface--40,C2,1,1.0,success,164,164,164,9,9,9,7,7,7,0,0,0,3,3,3,0,0,0,24.3,24.3,24.3
fara-7b,Huggingface--40,C5,1,1.0,success,174,174,174,12,12,12,10,10,10,0,0,0,0,0,0,0,0,0,23.1,23.1,23.1
fara-7b,Huggingface--40,C7,1,1.0,success,164,164,164,9,9,9,7,7,7,0,0,0,3,3,3,0,0,0,23.7,23.7,23.7
fara-7b,Huggingface--40,C8,1,1.0,success,169,169,169,9,9,9,7,7,7,0,0,0,3,3,3,0,0,0,30.2,30.2,30.2
fara-7b,Huggingface--41,C0,1,1.0,success,399,399,399,11,11,11,9,9,9,0,0,0,0,0,0,0,0,0,51.0,51.0,51.0
fara-7b,Huggingface--41,C2,1,1.0,success,400,400,400,9,9,9,7,7,7,0,0,0,3,3,3,0,0,0,49.0,49.0,49.0
fara-7b,Huggingface--41,C5,1,0.0,hit_max_rounds,371,371,371,11,11,11,9,9,9,0,0,0,0,0,0,0,0,0,39.9,39.9,39.9
fara-7b,Huggingface--41,C7,1,1.0,success,222,222,222,8,8,8,6,6,6,0,0,0,2,2,2,0,0,0,47.5,47.5,47.5
fara-7b,Huggingface--41,C8,1,1.0,success,376,376,376,12,12,12,10,10,10,0,0,0,3,3,3,0,0,0,36.7,36.7,36.7
fara-7b,Huggingface--42,C0,1,1.0,success,345,345,345,10,10,10,8,8,8,0,0,0,0,0,0,0,0,0,38.7,38.7,38.7
fara-7b,Huggingface--42,C2,1,1.0,success,322,322,322,7,7,7,5,5,5,0,0,0,3,3,3,0,0,0,31.0,31.0,31.0
fara-7b,Huggingface--42,C5,1,1.0,success,355,355,355,10,10,10,8,8,8,0,0,0,0,0,0,0,0,0,30.9,30.9,30.9
fara-7b,Huggingface--42,C7,1,1.0,success,322,322,322,7,7,7,5,5,5,0,0,0,3,3,3,0,0,0,30.5,30.5,30.5
fara-7b,Huggingface--42,C8,1,1.0,success,335,335,335,7,7,7,5,5,5,0,0,0,3,3,3,0,0,0,31.0,31.0,31.0
fara-7b,Huggingface--5,C0,1,1.0,success,396,396,396,11,11,11,9,9,9,0,0,0,0,0,0,0,0,0,32.0,32.0,32.0
fara-7b,Huggingface--5,C2,1,1.0,success,383,383,383,8,8,8,6,6,6,0,0,0,3,3,3,0,0,0,31.8,31.8,31.8
fara-7b,Huggingface--5,C5,1,1.0,success,395,395,395,11,11,11,9,9,9,0,0,0,0,0,0,0,0,0,31.1,31.1,31.1
fara-7b,Huggingface--5,C7,1,1.0,success,384,384,384,8,8,8,6,6,6,0,0,0,3,3,3,0,0,0,31.5,31.5,31.5
fara-7b,Huggingface--5,C8,1,1.0,success,385,385,385,8,8,8,6,6,6,0,0,0,3,3,3,0,0,0,31.9,31.9,31.9
fara-7b,Huggingface--6,C0,1,0.0,agent_error,607,607,607,19,19,19,17,17,17,0,0,0,0,0,0,0,0,0,49.5,49.5,49.5
fara-7b,Huggingface--6,C2,1,0.0,hit_max_rounds,363,363,363,12,12,12,10,10,10,0,0,0,5,5,5,0,0,0,58.7,58.7,58.7
fara-7b,Huggingface--6,C5,1,0.0,agent_error,687,687,687,19,19,19,15,15,15,0,0,0,0,0,0,0,0,0,49.9,49.9,49.9
fara-7b,Huggingface--6,C7,1,0.0,hit_max_rounds,336,336,336,12,12,12,10,10,10,0,0,0,5,5,5,0,0,0,53.8,53.8,53.8
fara-7b,Huggingface--6,C8,1,0.0,hit_max_rounds,372,372,372,11,11,11,9,9,9,0,0,0,4,4,4,0,0,0,61.3,61.3,61.3
fara-7b,Huggingface--7,C0,1,1.0,success,187,187,187,10,10,10,8,8,8,0,0,0,0,0,0,0,0,0,23.7,23.7,23.7
fara-7b,Huggingface--7,C2,1,1.0,success,176,176,176,7,7,7,5,5,5,0,0,0,2,2,2,0,0,0,23.5,23.5,23.5
fara-7b,Huggingface--7,C5,1,1.0,success,189,189,189,10,10,10,8,8,8,0,0,0,0,0,0,0,0,0,23.3,23.3,23.3
fara-7b,Huggingface--7,C7,1,1.0,success,176,176,176,7,7,7,5,5,5,0,0,0,2,2,2,0,0,0,23.1,23.1,23.1
fara-7b,Huggingface--7,C8,1,1.0,success,176,176,176,7,7,7,5,5,5,0,0,0,2,2,2,0,0,0,23.4,23.4,23.4
fara-7b,Huggingface--8,C0,1,1.0,success,1986,1986,1986,286,286,286,284,284,284,0,0,0,0,0,0,0,0,0,44.0,44.0,44.0
fara-7b,Huggingface--8,C2,1,0.0,hit_max_rounds,369,369,369,10,10,10,8,8,8,0,0,0,5,5,5,0,0,0,53.1,53.1,53.1
fara-7b,Huggingface--8,C5,1,1.0,success,283,283,283,17,17,17,15,15,15,0,0,0,0,0,0,0,0,0,23.1,23.1,23.1
fara-7b,Huggingface--8,C7,1,1.0,success,390,390,390,10,10,10,8,8,8,0,0,0,5,5,5,0,0,0,53.1,53.1,53.1
fara-7b,Huggingface--8,C8,1,1.0,success,330,330,330,11,11,11,9,9,9,0,0,0,2,2,2,0,0,0,23.7,23.7,23.7
fara-7b,Huggingface--9,C0,1,0.0,hit_max_rounds,390,390,390,11,11,11,9,9,9,0,0,0,0,0,0,0,0,0,56.6,56.6,56.6
fara-7b,Huggingface--9,C2,1,1.0,success,360,360,360,9,9,9,6,6,6,0,0,0,3,3,3,0,0,0,54.3,54.3,54.3
fara-7b,Huggingface--9,C5,1,1.0,success,390,390,390,11,11,11,9,9,9,0,0,0,0,0,0,0,0,0,41.8,41.8,41.8
fara-7b,Huggingface--9,C7,1,0.0,hit_max_rounds,360,360,360,9,9,9,6,6,6,0,0,0,3,3,3,0,0,0,54.7,54.7,54.7
fara-7b,Huggingface--9,C8,1,0.0,hit_max_rounds,224,224,224,8,8,8,6,6,6,0,0,0,3,3,3,0,0,0,54.8,54.8,54.8
fara-7b,Wolfram_Alpha--0,C0,1,1.0,success,74,74,74,3,3,3,1,1,1,0,0,0,0,0,0,0,0,0,26.0,26.0,26.0
fara-7b,Wolfram_Alpha--0,C2,1,1.0,success,76,76,76,3,3,3,1,1,1,0,0,0,0,0,0,0,0,0,22.5,22.5,22.5
fara-7b,Wolfram_Alpha--0,C5,1,1.0,success,65,65,65,2,2,2,0,0,0,0,0,0,0,0,0,0,0,0,24.1,24.1,24.1
fara-7b,Wolfram_Alpha--0,C7,1,1.0,success,104,104,104,3,3,3,1,1,1,0,0,0,0,0,0,0,0,0,30.3,30.3,30.3
fara-7b,Wolfram_Alpha--0,C8,1,1.0,success,76,76,76,3,3,3,1,1,1,0,0,0,0,0,0,0,0,0,21.9,21.9,21.9
fara-7b,Wolfram_Alpha--1,C0,1,1.0,success,139,139,139,4,4,4,2,2,2,0,0,0,0,0,0,0,0,0,43.9,43.9,43.9
fara-7b,Wolfram_Alpha--1,C2,1,1.0,success,130,130,130,3,3,3,1,1,1,0,0,0,0,0,0,0,0,0,24.5,24.5,24.5
fara-7b,Wolfram_Alpha--1,C5,1,1.0,success,220,220,220,9,9,9,7,7,7,0,0,0,0,0,0,0,0,0,25.1,25.1,25.1
fara-7b,Wolfram_Alpha--1,C7,1,0.0,hit_max_rounds,41,41,41,2,2,2,1,1,1,0,0,0,6,6,6,0,0,0,49.2,49.2,49.2
fara-7b,Wolfram_Alpha--1,C8,1,1.0,success,139,139,139,4,4,4,2,2,2,0,0,0,0,0,0,0,0,0,24.5,24.5,24.5
fara-7b,Wolfram_Alpha--10,C0,1,1.0,success,93,93,93,4,4,4,2,2,2,0,0,0,0,0,0,0,0,0,23.7,23.7,23.7
fara-7b,Wolfram_Alpha--10,C2,1,1.0,success,91,91,91,4,4,4,2,2,2,0,0,0,0,0,0,0,0,0,22.2,22.2,22.2
fara-7b,Wolfram_Alpha--10,C5,1,1.0,success,101,101,101,3,3,3,1,1,1,0,0,0,0,0,0,0,0,0,28.8,28.8,28.8
fara-7b,Wolfram_Alpha--10,C7,1,1.0,success,94,94,94,4,4,4,2,2,2,0,0,0,0,0,0,0,0,0,23.0,23.0,23.0
fara-7b,Wolfram_Alpha--10,C8,1,1.0,success,109,109,109,4,4,4,2,2,2,0,0,0,0,0,0,0,0,0,22.8,22.8,22.8
fara-7b,Wolfram_Alpha--11,C0,1,1.0,success,148,148,148,4,4,4,2,2,2,0,0,0,0,0,0,0,0,0,29.9,29.9,29.9
fara-7b,Wolfram_Alpha--11,C2,1,1.0,success,147,147,147,4,4,4,2,2,2,0,0,0,0,0,0,0,0,0,30.0,30.0,30.0
fara-7b,Wolfram_Alpha--11,C5,1,1.0,success,149,149,149,4,4,4,2,2,2,0,0,0,0,0,0,0,0,0,23.0,23.0,23.0
fara-7b,Wolfram_Alpha--11,C7,1,1.0,success,209,209,209,4,4,4,2,2,2,0,0,0,0,0,0,0,0,0,57.3,57.3,57.3
fara-7b,Wolfram_Alpha--11,C8,1,0.0,hit_max_rounds,156,156,156,4,4,4,2,2,2,0,0,0,0,0,0,0,0,0,54.6,54.6,54.6
fara-7b,Wolfram_Alpha--12,C0,1,0.0,hit_max_rounds,1384,1384,1384,219,219,219,217,217,217,0,0,0,0,0,0,0,0,0,95.5,95.5,95.5
fara-7b,Wolfram_Alpha--12,C2,1,0.0,hit_max_rounds,39,39,39,3,3,3,1,1,1,0,0,0,4,4,4,0,0,0,51.7,51.7,51.7
fara-7b,Wolfram_Alpha--12,C5,1,0.0,hit_max_rounds,1218,1218,1218,191,191,191,189,189,189,0,0,0,0,0,0,0,0,0,68.9,68.9,68.9
fara-7b,Wolfram_Alpha--12,C7,1,0.0,hit_max_rounds,37,37,37,3,3,3,1,1,1,0,0,0,3,3,3,0,0,0,50.7,50.7,50.7
fara-7b,Wolfram_Alpha--12,C8,1,0.0,hit_max_rounds,168,168,168,4,4,4,2,2,2,0,0,0,0,0,0,0,0,0,52.8,52.8,52.8
fara-7b,Wolfram_Alpha--13,C0,1,1.0,success,120,120,120,4,4,4,2,2,2,0,0,0,0,0,0,0,0,0,24.4,24.4,24.4
fara-7b,Wolfram_Alpha--13,C2,1,1.0,success,121,121,121,4,4,4,2,2,2,0,0,0,0,0,0,0,0,0,23.9,23.9,23.9
fara-7b,Wolfram_Alpha--13,C5,1,0.0,hit_max_rounds,118,118,118,4,4,4,2,2,2,0,0,0,0,0,0,0,0,0,52.7,52.7,52.7
fara-7b,Wolfram_Alpha--13,C7,1,0.0,unknown,0,0,0,0,0,0,0,0,0,0,0,0,0,0,0,0,0,0,,,
fara-7b,Wolfram_Alpha--13,C8,1,1.0,success,117,117,117,4,4,4,2,2,2,0,0,0,0,0,0,0,0,0,23.8,23.8,23.8
fara-7b,Wolfram_Alpha--14,C0,1,0.0,hit_max_rounds,149,149,149,4,4,4,2,2,2,0,0,0,0,0,0,0,0,0,56.7,56.7,56.7
fara-7b,Wolfram_Alpha--14,C2,1,1.0,success,195,195,195,4,4,4,2,2,2,0,0,0,0,0,0,0,0,0,58.2,58.2,58.2
fara-7b,Wolfram_Alpha--14,C5,1,1.0,success,309,309,309,11,11,11,9,9,9,0,0,0,0,0,0,0,0,0,46.2,46.2,46.2
fara-7b,Wolfram_Alpha--14,C7,1,0.0,hit_max_rounds,169,169,169,4,4,4,2,2,2,0,0,0,0,0,0,0,0,0,56.2,56.2,56.2
fara-7b,Wolfram_Alpha--14,C8,1,1.0,success,170,170,170,4,4,4,2,2,2,0,0,0,0,0,0,0,0,0,55.4,55.4,55.4
fara-7b,Wolfram_Alpha--15,C0,1,1.0,success,161,161,161,4,4,4,2,2,2,0,0,0,0,0,0,0,0,0,23.7,23.7,23.7
fara-7b,Wolfram_Alpha--15,C2,1,1.0,success,167,167,167,4,4,4,2,2,2,0,0,0,0,0,0,0,0,0,23.1,23.1,23.1
fara-7b,Wolfram_Alpha--15,C5,1,1.0,success,149,149,149,3,3,3,1,1,1,0,0,0,0,0,0,0,0,0,23.4,23.4,23.4
fara-7b,Wolfram_Alpha--15,C7,1,1.0,success,167,167,167,4,4,4,2,2,2,0,0,0,0,0,0,0,0,0,23.5,23.5,23.5
fara-7b,Wolfram_Alpha--15,C8,1,1.0,success,169,169,169,4,4,4,2,2,2,0,0,0,0,0,0,0,0,0,23.2,23.2,23.2
fara-7b,Wolfram_Alpha--16,C0,1,1.0,success,187,187,187,4,4,4,2,2,2,0,0,0,0,0,0,0,0,0,29.6,29.6,29.6
fara-7b,Wolfram_Alpha--16,C2,1,1.0,success,188,188,188,4,4,4,2,2,2,0,0,0,0,0,0,0,0,0,24.3,24.3,24.3
fara-7b,Wolfram_Alpha--16,C5,1,1.0,success,187,187,187,4,4,4,2,2,2,0,0,0,0,0,0,0,0,0,24.1,24.1,24.1
fara-7b,Wolfram_Alpha--16,C7,1,1.0,success,187,187,187,4,4,4,2,2,2,0,0,0,0,0,0,0,0,0,24.1,24.1,24.1
fara-7b,Wolfram_Alpha--16,C8,1,1.0,success,159,159,159,4,4,4,2,2,2,0,0,0,0,0,0,0,0,0,23.5,23.5,23.5
fara-7b,Wolfram_Alpha--17,C0,1,0.0,hit_max_rounds,242,242,242,4,4,4,2,2,2,0,0,0,0,0,0,0,0,0,54.6,54.6,54.6
fara-7b,Wolfram_Alpha--17,C2,1,1.0,success,118,118,118,4,4,4,2,2,2,0,0,0,0,0,0,0,0,0,24.2,24.2,24.2
fara-7b,Wolfram_Alpha--17,C5,1,1.0,success,223,223,223,4,4,4,2,2,2,0,0,0,0,0,0,0,0,0,48.4,48.4,48.4
fara-7b,Wolfram_Alpha--17,C7,1,1.0,success,125,125,125,4,4,4,2,2,2,0,0,0,0,0,0,0,0,0,24.0,24.0,24.0
fara-7b,Wolfram_Alpha--17,C8,1,1.0,success,231,231,231,4,4,4,2,2,2,0,0,0,0,0,0,0,0,0,55.7,55.7,55.7
fara-7b,Wolfram_Alpha--18,C0,1,1.0,success,95,95,95,4,4,4,2,2,2,0,0,0,0,0,0,0,0,0,29.0,29.0,29.0
fara-7b,Wolfram_Alpha--18,C2,1,1.0,success,59,59,59,3,3,3,1,1,1,0,0,0,0,0,0,0,0,0,30.5,30.5,30.5
fara-7b,Wolfram_Alpha--18,C5,1,1.0,success,87,87,87,3,3,3,1,1,1,0,0,0,0,0,0,0,0,0,24.0,24.0,24.0
fara-7b,Wolfram_Alpha--18,C7,1,1.0,success,59,59,59,3,3,3,1,1,1,0,0,0,0,0,0,0,0,0,30.5,30.5,30.5
fara-7b,Wolfram_Alpha--18,C8,1,1.0,success,95,95,95,4,4,4,2,2,2,0,0,0,0,0,0,0,0,0,34.9,34.9,34.9
fara-7b,Wolfram_Alpha--19,C0,1,0.0,hit_max_rounds,767,767,767,69,69,69,67,67,67,0,0,0,0,0,0,0,0,0,68.4,68.4,68.4
fara-7b,Wolfram_Alpha--19,C2,1,0.0,hit_max_rounds,167,167,167,5,5,5,3,3,3,0,0,0,3,3,3,0,0,0,54.8,54.8,54.8
fara-7b,Wolfram_Alpha--19,C5,1,0.0,hit_max_rounds,655,655,655,68,68,68,66,66,66,0,0,0,0,0,0,0,0,0,63.5,63.5,63.5
fara-7b,Wolfram_Alpha--19,C7,1,0.0,hit_max_rounds,305,305,305,4,4,4,2,2,2,0,0,0,0,0,0,0,0,0,59.7,59.7,59.7
fara-7b,Wolfram_Alpha--19,C8,1,0.0,hit_max_rounds,217,217,217,4,4,4,2,2,2,0,0,0,0,0,0,0,0,0,49.6,49.6,49.6
fara-7b,Wolfram_Alpha--2,C0,1,1.0,success,52,52,52,3,3,3,1,1,1,0,0,0,0,0,0,0,0,0,22.7,22.7,22.7
fara-7b,Wolfram_Alpha--2,C2,1,1.0,success,52,52,52,3,3,3,1,1,1,0,0,0,0,0,0,0,0,0,22.7,22.7,22.7
fara-7b,Wolfram_Alpha--2,C5,1,1.0,success,43,43,43,2,2,2,0,0,0,0,0,0,0,0,0,0,0,0,24.5,24.5,24.5
fara-7b,Wolfram_Alpha--2,C7,1,1.0,success,52,52,52,3,3,3,1,1,1,0,0,0,0,0,0,0,0,0,23.3,23.3,23.3
fara-7b,Wolfram_Alpha--2,C8,1,1.0,success,52,52,52,3,3,3,1,1,1,0,0,0,0,0,0,0,0,0,23.4,23.4,23.4
fara-7b,Wolfram_Alpha--20,C0,1,1.0,success,77,77,77,3,3,3,1,1,1,0,0,0,0,0,0,0,0,0,23.4,23.4,23.4
fara-7b,Wolfram_Alpha--20,C2,1,1.0,success,120,120,120,3,3,3,1,1,1,0,0,0,0,0,0,0,0,0,30.3,30.3,30.3
fara-7b,Wolfram_Alpha--20,C5,1,1.0,success,68,68,68,2,2,2,0,0,0,0,0,0,0,0,0,0,0,0,23.8,23.8,23.8
fara-7b,Wolfram_Alpha--20,C7,1,1.0,success,82,82,82,3,3,3,1,1,1,0,0,0,0,0,0,0,0,0,24.7,24.7,24.7
fara-7b,Wolfram_Alpha--20,C8,1,1.0,success,115,115,115,3,3,3,1,1,1,0,0,0,0,0,0,0,0,0,29.0,29.0,29.0
fara-7b,Wolfram_Alpha--21,C0,1,1.0,success,73,73,73,3,3,3,1,1,1,0,0,0,0,0,0,0,0,0,24.0,24.0,24.0
fara-7b,Wolfram_Alpha--21,C2,1,1.0,success,73,73,73,3,3,3,1,1,1,0,0,0,0,0,0,0,0,0,30.3,30.3,30.3
fara-7b,Wolfram_Alpha--21,C5,1,1.0,success,73,73,73,3,3,3,1,1,1,0,0,0,0,0,0,0,0,0,23.2,23.2,23.2
fara-7b,Wolfram_Alpha--21,C7,1,1.0,success,73,73,73,3,3,3,1,1,1,0,0,0,0,0,0,0,0,0,30.4,30.4,30.4
fara-7b,Wolfram_Alpha--21,C8,1,1.0,success,73,73,73,3,3,3,1,1,1,0,0,0,0,0,0,0,0,0,23.6,23.6,23.6
fara-7b,Wolfram_Alpha--22,C0,1,1.0,success,96,96,96,4,4,4,2,2,2,0,0,0,0,0,0,0,0,0,23.7,23.7,23.7
fara-7b,Wolfram_Alpha--22,C2,1,1.0,success,96,96,96,4,4,4,2,2,2,0,0,0,0,0,0,0,0,0,23.8,23.8,23.8
fara-7b,Wolfram_Alpha--22,C5,1,1.0,success,87,87,87,3,3,3,1,1,1,0,0,0,0,0,0,0,0,0,22.7,22.7,22.7
fara-7b,Wolfram_Alpha--22,C7,1,1.0,success,96,96,96,4,4,4,2,2,2,0,0,0,0,0,0,0,0,0,23.0,23.0,23.0
fara-7b,Wolfram_Alpha--22,C8,1,1.0,success,96,96,96,4,4,4,2,2,2,0,0,0,0,0,0,0,0,0,23.0,23.0,23.0
fara-7b,Wolfram_Alpha--23,C0,1,1.0,success,106,106,106,4,4,4,2,2,2,0,0,0,0,0,0,0,0,0,17.1,17.1,17.1
fara-7b,Wolfram_Alpha--23,C2,1,1.0,success,130,130,130,4,4,4,2,2,2,0,0,0,0,0,0,0,0,0,16.9,16.9,16.9
fara-7b,Wolfram_Alpha--23,C5,1,1.0,success,99,99,99,3,3,3,1,1,1,0,0,0,0,0,0,0,0,0,17.2,17.2,17.2
fara-7b,Wolfram_Alpha--23,C7,1,1.0,success,124,124,124,4,4,4,2,2,2,0,0,0,0,0,0,0,0,0,23.7,23.7,23.7
fara-7b,Wolfram_Alpha--23,C8,1,1.0,success,114,114,114,4,4,4,2,2,2,0,0,0,0,0,0,0,0,0,17.1,17.1,17.1
fara-7b,Wolfram_Alpha--24,C0,1,1.0,success,74,74,74,3,3,3,1,1,1,0,0,0,0,0,0,0,0,0,22.9,22.9,22.9
fara-7b,Wolfram_Alpha--24,C2,1,1.0,success,89,89,89,3,3,3,1,1,1,0,0,0,0,0,0,0,0,0,24.1,24.1,24.1
fara-7b,Wolfram_Alpha--24,C5,1,1.0,success,76,76,76,3,3,3,1,1,1,0,0,0,0,0,0,0,0,0,22.1,22.1,22.1
fara-7b,Wolfram_Alpha--24,C7,1,1.0,success,76,76,76,3,3,3,1,1,1,0,0,0,0,0,0,0,0,0,22.2,22.2,22.2
fara-7b,Wolfram_Alpha--24,C8,1,1.0,success,85,85,85,3,3,3,1,1,1,0,0,0,0,0,0,0,0,0,23.4,23.4,23.4
fara-7b,Wolfram_Alpha--25,C0,1,0.0,hit_max_rounds,262,262,262,3,3,3,1,1,1,0,0,0,0,0,0,0,0,0,56.5,56.5,56.5
fara-7b,Wolfram_Alpha--25,C2,1,0.0,hit_max_rounds,233,233,233,4,4,4,2,2,2,0,0,0,0,0,0,0,0,0,55.0,55.0,55.0
fara-7b,Wolfram_Alpha--25,C5,1,0.0,hit_max_rounds,233,233,233,3,3,3,1,1,1,0,0,0,0,0,0,0,0,0,56.8,56.8,56.8
fara-7b,Wolfram_Alpha--25,C7,1,0.0,hit_max_rounds,258,258,258,5,5,5,3,3,3,0,0,0,1,1,1,0,0,0,55.5,55.5,55.5
fara-7b,Wolfram_Alpha--25,C8,1,0.0,hit_max_rounds,244,244,244,4,4,4,2,2,2,0,0,0,0,0,0,0,0,0,52.2,52.2,52.2
fara-7b,Wolfram_Alpha--26,C0,1,0.0,hit_max_rounds,145,145,145,3,3,3,1,1,1,0,0,0,0,0,0,0,0,0,52.2,52.2,52.2
fara-7b,Wolfram_Alpha--26,C2,1,0.0,hit_max_rounds,150,150,150,4,4,4,2,2,2,0,0,0,2,2,2,0,0,0,53.4,53.4,53.4
fara-7b,Wolfram_Alpha--26,C5,1,1.0,success,120,120,120,2,2,2,0,0,0,0,0,0,0,0,0,0,0,0,48.5,48.5,48.5
fara-7b,Wolfram_Alpha--26,C7,1,0.0,hit_max_rounds,137,137,137,3,3,3,1,1,1,0,0,0,0,0,0,0,0,0,53.3,53.3,53.3
fara-7b,Wolfram_Alpha--26,C8,1,0.0,hit_max_rounds,149,149,149,3,3,3,1,1,1,0,0,0,0,0,0,0,0,0,54.3,54.3,54.3
fara-7b,Wolfram_Alpha--27,C0,1,0.0,hit_max_rounds,188,188,188,4,4,4,2,2,2,0,0,0,0,0,0,0,0,0,54.3,54.3,54.3
fara-7b,Wolfram_Alpha--27,C2,1,1.0,success,142,142,142,4,4,4,2,2,2,0,0,0,0,0,0,0,0,0,23.9,23.9,23.9
fara-7b,Wolfram_Alpha--27,C5,1,1.0,success,136,136,136,3,3,3,1,1,1,0,0,0,0,0,0,0,0,0,23.8,23.8,23.8
fara-7b,Wolfram_Alpha--27,C7,1,1.0,success,183,183,183,4,4,4,2,2,2,0,0,0,0,0,0,0,0,0,23.4,23.4,23.4
fara-7b,Wolfram_Alpha--27,C8,1,1.0,success,128,128,128,4,4,4,2,2,2,0,0,0,0,0,0,0,0,0,23.3,23.3,23.3
fara-7b,Wolfram_Alpha--28,C0,1,1.0,success,230,230,230,11,11,11,9,9,9,0,0,0,0,0,0,0,0,0,35.7,35.7,35.7
fara-7b,Wolfram_Alpha--28,C2,1,1.0,success,33,33,33,3,3,3,1,1,1,0,0,0,1,1,1,0,0,0,22.9,22.9,22.9
fara-7b,Wolfram_Alpha--28,C5,1,1.0,success,73,73,73,3,3,3,1,1,1,0,0,0,0,0,0,0,0,0,24.1,24.1,24.1
fara-7b,Wolfram_Alpha--28,C7,1,1.0,success,32,32,32,3,3,3,1,1,1,0,0,0,1,1,1,0,0,0,23.0,23.0,23.0
fara-7b,Wolfram_Alpha--28,C8,1,1.0,success,95,95,95,4,4,4,2,2,2,0,0,0,0,0,0,0,0,0,27.8,27.8,27.8
fara-7b,Wolfram_Alpha--29,C0,1,1.0,success,64,64,64,4,4,4,2,2,2,0,0,0,0,0,0,0,0,0,17.1,17.1,17.1
fara-7b,Wolfram_Alpha--29,C2,1,1.0,success,71,71,71,4,4,4,2,2,2,0,0,0,0,0,0,0,0,0,23.4,23.4,23.4
fara-7b,Wolfram_Alpha--29,C5,1,1.0,success,66,66,66,3,3,3,1,1,1,0,0,0,0,0,0,0,0,0,24.3,24.3,24.3
fara-7b,Wolfram_Alpha--29,C7,1,1.0,success,64,64,64,4,4,4,2,2,2,0,0,0,0,0,0,0,0,0,17.0,17.0,17.0
fara-7b,Wolfram_Alpha--29,C8,1,1.0,success,71,71,71,4,4,4,2,2,2,0,0,0,0,0,0,0,0,0,24.0,24.0,24.0
fara-7b,Wolfram_Alpha--3,C0,1,1.0,success,69,69,69,3,3,3,1,1,1,0,0,0,0,0,0,0,0,0,23.9,23.9,23.9
fara-7b,Wolfram_Alpha--3,C2,1,1.0,success,72,72,72,3,3,3,1,1,1,0,0,0,0,0,0,0,0,0,23.3,23.3,23.3
fara-7b,Wolfram_Alpha--3,C5,1,1.0,success,70,70,70,3,3,3,1,1,1,0,0,0,0,0,0,0,0,0,22.5,22.5,22.5
fara-7b,Wolfram_Alpha--3,C7,1,1.0,success,77,77,77,3,3,3,1,1,1,0,0,0,0,0,0,0,0,0,29.2,29.2,29.2
fara-7b,Wolfram_Alpha--3,C8,1,1.0,success,71,71,71,4,4,4,2,2,2,0,0,0,0,0,0,0,0,0,23.2,23.2,23.2
fara-7b,Wolfram_Alpha--30,C0,1,1.0,success,146,146,146,4,4,4,2,2,2,0,0,0,0,0,0,0,0,0,41.8,41.8,41.8
fara-7b,Wolfram_Alpha--30,C2,1,1.0,success,88,88,88,5,5,5,3,3,3,0,0,0,2,2,2,0,0,0,49.1,49.1,49.1
fara-7b,Wolfram_Alpha--30,C5,1,1.0,success,154,154,154,4,4,4,2,2,2,0,0,0,0,0,0,0,0,0,24.0,24.0,24.0
fara-7b,Wolfram_Alpha--30,C7,1,0.0,hit_max_rounds,154,154,154,5,5,5,3,3,3,0,0,0,2,2,2,0,0,0,55.1,55.1,55.1
fara-7b,Wolfram_Alpha--30,C8,1,0.0,hit_max_rounds,144,144,144,4,4,4,2,2,2,0,0,0,0,0,0,0,0,0,55.7,55.7,55.7
fara-7b,Wolfram_Alpha--31,C0,1,1.0,success,102,102,102,4,4,4,2,2,2,0,0,0,0,0,0,0,0,0,23.3,23.3,23.3
fara-7b,Wolfram_Alpha--31,C2,1,1.0,success,105,105,105,4,4,4,2,2,2,0,0,0,0,0,0,0,0,0,23.4,23.4,23.4
fara-7b,Wolfram_Alpha--31,C5,1,1.0,success,104,104,104,4,4,4,2,2,2,0,0,0,0,0,0,0,0,0,22.8,22.8,22.8
fara-7b,Wolfram_Alpha--31,C7,1,1.0,success,105,105,105,4,4,4,2,2,2,0,0,0,0,0,0,0,0,0,23.0,23.0,23.0
fara-7b,Wolfram_Alpha--31,C8,1,1.0,success,105,105,105,4,4,4,2,2,2,0,0,0,0,0,0,0,0,0,23.1,23.1,23.1
fara-7b,Wolfram_Alpha--32,C0,1,1.0,success,97,97,97,4,4,4,2,2,2,0,0,0,0,0,0,0,0,0,25.4,25.4,25.4
fara-7b,Wolfram_Alpha--32,C2,1,1.0,success,90,90,90,4,4,4,2,2,2,0,0,0,0,0,0,0,0,0,26.2,26.2,26.2
fara-7b,Wolfram_Alpha--32,C5,1,1.0,success,86,86,86,3,3,3,1,1,1,0,0,0,0,0,0,0,0,0,25.6,25.6,25.6
fara-7b,Wolfram_Alpha--32,C7,1,1.0,success,97,97,97,4,4,4,2,2,2,0,0,0,0,0,0,0,0,0,25.9,25.9,25.9
fara-7b,Wolfram_Alpha--32,C8,1,1.0,success,96,96,96,4,4,4,2,2,2,0,0,0,0,0,0,0,0,0,25.6,25.6,25.6
fara-7b,Wolfram_Alpha--33,C0,1,1.0,success,91,91,91,4,4,4,2,2,2,0,0,0,0,0,0,0,0,0,24.3,24.3,24.3
fara-7b,Wolfram_Alpha--33,C2,1,1.0,success,87,87,87,4,4,4,2,2,2,0,0,0,0,0,0,0,0,0,24.0,24.0,24.0
fara-7b,Wolfram_Alpha--33,C5,1,1.0,success,93,93,93,4,4,4,2,2,2,0,0,0,0,0,0,0,0,0,23.5,23.5,23.5
fara-7b,Wolfram_Alpha--33,C7,1,1.0,success,92,92,92,4,4,4,2,2,2,0,0,0,0,0,0,0,0,0,23.9,23.9,23.9
fara-7b,Wolfram_Alpha--33,C8,1,1.0,success,71,71,71,4,4,4,2,2,2,0,0,0,0,0,0,0,0,0,23.6,23.6,23.6
fara-7b,Wolfram_Alpha--34,C0,1,1.0,success,127,127,127,4,4,4,2,2,2,0,0,0,0,0,0,0,0,0,23.3,23.3,23.3
fara-7b,Wolfram_Alpha--34,C2,1,1.0,success,136,136,136,4,4,4,2,2,2,0,0,0,0,0,0,0,0,0,22.3,22.3,22.3
fara-7b,Wolfram_Alpha--34,C5,1,1.0,success,140,140,140,4,4,4,2,2,2,0,0,0,0,0,0,0,0,0,22.2,22.2,22.2
fara-7b,Wolfram_Alpha--34,C7,1,1.0,success,138,138,138,4,4,4,2,2,2,0,0,0,0,0,0,0,0,0,22.4,22.4,22.4
fara-7b,Wolfram_Alpha--34,C8,1,1.0,success,118,118,118,4,4,4,2,2,2,0,0,0,0,0,0,0,0,0,22.4,22.4,22.4
fara-7b,Wolfram_Alpha--35,C0,1,1.0,success,70,70,70,3,3,3,1,1,1,0,0,0,0,0,0,0,0,0,22.5,22.5,22.5
fara-7b,Wolfram_Alpha--35,C2,1,1.0,success,70,70,70,3,3,3,1,1,1,0,0,0,0,0,0,0,0,0,22.4,22.4,22.4
fara-7b,Wolfram_Alpha--35,C5,1,1.0,success,69,69,69,3,3,3,1,1,1,0,0,0,0,0,0,0,0,0,21.7,21.7,21.7
fara-7b,Wolfram_Alpha--35,C7,1,1.0,success,70,70,70,3,3,3,1,1,1,0,0,0,0,0,0,0,0,0,22.5,22.5,22.5
fara-7b,Wolfram_Alpha--35,C8,1,1.0,success,69,69,69,3,3,3,1,1,1,0,0,0,0,0,0,0,0,0,22.3,22.3,22.3
fara-7b,Wolfram_Alpha--36,C0,1,0.0,agent_error,30,30,30,2,2,2,0,0,0,0,0,0,0,0,0,0,0,0,7.2,7.2,7.2
fara-7b,Wolfram_Alpha--36,C2,1,1.0,success,107,107,107,3,3,3,1,1,1,0,0,0,0,0,0,0,0,0,23.8,23.8,23.8
fara-7b,Wolfram_Alpha--36,C5,1,1.0,success,107,107,107,3,3,3,1,1,1,0,0,0,0,0,0,0,0,0,23.4,23.4,23.4
fara-7b,Wolfram_Alpha--36,C7,1,1.0,success,107,107,107,3,3,3,1,1,1,0,0,0,0,0,0,0,0,0,23.8,23.8,23.8
fara-7b,Wolfram_Alpha--36,C8,1,1.0,success,107,107,107,3,3,3,1,1,1,0,0,0,0,0,0,0,0,0,23.2,23.2,23.2
fara-7b,Wolfram_Alpha--37,C0,1,1.0,success,125,125,125,4,4,4,2,2,2,0,0,0,0,0,0,0,0,0,24.5,24.5,24.5
fara-7b,Wolfram_Alpha--37,C2,1,1.0,success,125,125,125,4,4,4,2,2,2,0,0,0,0,0,0,0,0,0,23.6,23.6,23.6
fara-7b,Wolfram_Alpha--37,C5,1,1.0,success,125,125,125,4,4,4,2,2,2,0,0,0,0,0,0,0,0,0,23.3,23.3,23.3
fara-7b,Wolfram_Alpha--37,C7,1,1.0,success,120,120,120,4,4,4,2,2,2,0,0,0,0,0,0,0,0,0,23.7,23.7,23.7
fara-7b,Wolfram_Alpha--37,C8,1,1.0,success,120,120,120,4,4,4,2,2,2,0,0,0,0,0,0,0,0,0,24.0,24.0,24.0
fara-7b,Wolfram_Alpha--38,C0,1,1.0,success,102,102,102,3,3,3,1,1,1,0,0,0,0,0,0,0,0,0,23.5,23.5,23.5
fara-7b,Wolfram_Alpha--38,C2,1,1.0,success,95,95,95,3,3,3,1,1,1,0,0,0,0,0,0,0,0,0,23.7,23.7,23.7
fara-7b,Wolfram_Alpha--38,C5,1,1.0,success,95,95,95,3,3,3,1,1,1,0,0,0,0,0,0,0,0,0,23.7,23.7,23.7
fara-7b,Wolfram_Alpha--38,C7,1,1.0,success,98,98,98,3,3,3,1,1,1,0,0,0,0,0,0,0,0,0,23.4,23.4,23.4
fara-7b,Wolfram_Alpha--38,C8,1,1.0,success,95,95,95,3,3,3,1,1,1,0,0,0,0,0,0,0,0,0,22.7,22.7,22.7
fara-7b,Wolfram_Alpha--39,C0,1,1.0,success,144,144,144,4,4,4,2,2,2,0,0,0,0,0,0,0,0,0,34.7,34.7,34.7
fara-7b,Wolfram_Alpha--39,C2,1,1.0,success,149,149,149,4,4,4,2,2,2,0,0,0,0,0,0,0,0,0,34.9,34.9,34.9
fara-7b,Wolfram_Alpha--39,C5,1,1.0,success,116,116,116,2,2,2,0,0,0,0,0,0,0,0,0,0,0,0,24.1,24.1,24.1
fara-7b,Wolfram_Alpha--39,C7,1,1.0,success,148,148,148,4,4,4,2,2,2,0,0,0,0,0,0,0,0,0,24.3,24.3,24.3
fara-7b,Wolfram_Alpha--39,C8,1,1.0,success,149,149,149,4,4,4,2,2,2,0,0,0,0,0,0,0,0,0,23.9,23.9,23.9
fara-7b,Wolfram_Alpha--4,C0,1,0.0,hit_max_rounds,153,153,153,4,4,4,2,2,2,0,0,0,0,0,0,0,0,0,55.1,55.1,55.1
fara-7b,Wolfram_Alpha--4,C2,1,1.0,success,84,84,84,4,4,4,2,2,2,0,0,0,0,0,0,0,0,0,39.7,39.7,39.7
fara-7b,Wolfram_Alpha--4,C5,1,1.0,success,75,75,75,3,3,3,1,1,1,0,0,0,0,0,0,0,0,0,40.1,40.1,40.1
fara-7b,Wolfram_Alpha--4,C7,1,0.0,hit_max_rounds,87,87,87,5,5,5,3,3,3,0,0,0,1,1,1,0,0,0,52.6,52.6,52.6
fara-7b,Wolfram_Alpha--4,C8,1,0.0,hit_max_rounds,261,261,261,4,4,4,2,2,2,0,0,0,0,0,0,0,0,0,59.5,59.5,59.5
fara-7b,Wolfram_Alpha--40,C0,1,1.0,success,139,139,139,4,4,4,2,2,2,0,0,0,0,0,0,0,0,0,22.8,22.8,22.8
fara-7b,Wolfram_Alpha--40,C2,1,0.0,hit_max_rounds,170,170,170,4,4,4,2,2,2,0,0,0,0,0,0,0,0,0,53.5,53.5,53.5
fara-7b,Wolfram_Alpha--40,C5,1,1.0,success,147,147,147,4,4,4,2,2,2,0,0,0,0,0,0,0,0,0,23.7,23.7,23.7
fara-7b,Wolfram_Alpha--40,C7,1,1.0,success,139,139,139,4,4,4,2,2,2,0,0,0,0,0,0,0,0,0,22.6,22.6,22.6
fara-7b,Wolfram_Alpha--40,C8,1,1.0,success,139,139,139,4,4,4,2,2,2,0,0,0,0,0,0,0,0,0,22.9,22.9,22.9
fara-7b,Wolfram_Alpha--41,C0,1,1.0,success,135,135,135,4,4,4,2,2,2,0,0,0,0,0,0,0,0,0,22.5,22.5,22.5
fara-7b,Wolfram_Alpha--41,C2,1,1.0,success,150,150,150,4,4,4,2,2,2,0,0,0,0,0,0,0,0,0,23.1,23.1,23.1
fara-7b,Wolfram_Alpha--41,C5,1,1.0,success,136,136,136,3,3,3,1,1,1,0,0,0,0,0,0,0,0,0,23.5,23.5,23.5
fara-7b,Wolfram_Alpha--41,C7,1,1.0,success,151,151,151,4,4,4,2,2,2,0,0,0,0,0,0,0,0,0,23.5,23.5,23.5
fara-7b,Wolfram_Alpha--41,C8,1,1.0,success,138,138,138,4,4,4,2,2,2,0,0,0,0,0,0,0,0,0,22.2,22.2,22.2
fara-7b,Wolfram_Alpha--42,C0,1,1.0,success,151,151,151,4,4,4,2,2,2,0,0,0,0,0,0,0,0,0,24.0,24.0,24.0
fara-7b,Wolfram_Alpha--42,C2,1,1.0,success,154,154,154,4,4,4,2,2,2,0,0,0,0,0,0,0,0,0,24.1,24.1,24.1
fara-7b,Wolfram_Alpha--42,C5,1,1.0,success,154,154,154,4,4,4,2,2,2,0,0,0,0,0,0,0,0,0,23.2,23.2,23.2
fara-7b,Wolfram_Alpha--42,C7,1,1.0,success,132,132,132,4,4,4,2,2,2,0,0,0,0,0,0,0,0,0,23.8,23.8,23.8
fara-7b,Wolfram_Alpha--42,C8,1,1.0,success,152,152,152,4,4,4,2,2,2,0,0,0,0,0,0,0,0,0,24.0,24.0,24.0
fara-7b,Wolfram_Alpha--43,C0,1,1.0,success,116,116,116,4,4,4,2,2,2,0,0,0,0,0,0,0,0,0,37.4,37.4,37.4
fara-7b,Wolfram_Alpha--43,C2,1,1.0,success,139,139,139,4,4,4,2,2,2,0,0,0,0,0,0,0,0,0,54.3,54.3,54.3
fara-7b,Wolfram_Alpha--43,C5,1,1.0,success,116,116,116,4,4,4,2,2,2,0,0,0,0,0,0,0,0,0,42.6,42.6,42.6
fara-7b,Wolfram_Alpha--43,C7,1,1.0,success,116,116,116,4,4,4,2,2,2,0,0,0,0,0,0,0,0,0,43.6,43.6,43.6
fara-7b,Wolfram_Alpha--43,C8,1,0.0,hit_max_rounds,117,117,117,4,4,4,2,2,2,0,0,0,0,0,0,0,0,0,55.0,55.0,55.0
fara-7b,Wolfram_Alpha--44,C0,1,1.0,success,69,69,69,3,3,3,1,1,1,0,0,0,0,0,0,0,0,0,24.7,24.7,24.7
fara-7b,Wolfram_Alpha--44,C2,1,1.0,success,148,148,148,3,3,3,1,1,1,0,0,0,0,0,0,0,0,0,30.3,30.3,30.3
fara-7b,Wolfram_Alpha--44,C5,1,1.0,success,69,69,69,3,3,3,1,1,1,0,0,0,0,0,0,0,0,0,24.5,24.5,24.5
fara-7b,Wolfram_Alpha--44,C7,1,1.0,success,83,83,83,3,3,3,1,1,1,0,0,0,0,0,0,0,0,0,22.4,22.4,22.4
fara-7b,Wolfram_Alpha--44,C8,1,1.0,success,90,90,90,3,3,3,1,1,1,0,0,0,0,0,0,0,0,0,23.8,23.8,23.8
fara-7b,Wolfram_Alpha--45,C0,1,1.0,success,206,206,206,4,4,4,2,2,2,0,0,0,0,0,0,0,0,0,43.4,43.4,43.4
fara-7b,Wolfram_Alpha--45,C2,1,1.0,success,204,204,204,4,4,4,2,2,2,0,0,0,0,0,0,0,0,0,43.1,43.1,43.1
fara-7b,Wolfram_Alpha--45,C5,1,0.0,hit_max_rounds,280,280,280,3,3,3,1,1,1,0,0,0,0,0,0,0,0,0,56.4,56.4,56.4
fara-7b,Wolfram_Alpha--45,C7,1,0.0,hit_max_rounds,189,189,189,5,5,5,3,3,3,0,0,0,3,3,3,0,0,0,53.1,53.1,53.1
fara-7b,Wolfram_Alpha--45,C8,1,1.0,success,205,205,205,4,4,4,2,2,2,0,0,0,0,0,0,0,0,0,42.0,42.0,42.0
fara-7b,Wolfram_Alpha--5,C0,1,1.0,success,75,75,75,3,3,3,1,1,1,0,0,0,0,0,0,0,0,0,30.5,30.5,30.5
fara-7b,Wolfram_Alpha--5,C2,1,1.0,success,77,77,77,3,3,3,1,1,1,0,0,0,0,0,0,0,0,0,35.6,35.6,35.6
fara-7b,Wolfram_Alpha--5,C5,1,1.0,success,75,75,75,3,3,3,1,1,1,0,0,0,0,0,0,0,0,0,30.2,30.2,30.2
fara-7b,Wolfram_Alpha--5,C7,1,1.0,success,75,75,75,3,3,3,1,1,1,0,0,0,0,0,0,0,0,0,30.7,30.7,30.7
fara-7b,Wolfram_Alpha--5,C8,1,1.0,success,73,73,73,3,3,3,1,1,1,0,0,0,0,0,0,0,0,0,29.9,29.9,29.9
fara-7b,Wolfram_Alpha--6,C0,1,1.0,success,104,104,104,4,4,4,2,2,2,0,0,0,0,0,0,0,0,0,23.4,23.4,23.4
fara-7b,Wolfram_Alpha--6,C2,1,1.0,success,95,95,95,4,4,4,2,2,2,0,0,0,0,0,0,0,0,0,23.3,23.3,23.3
fara-7b,Wolfram_Alpha--6,C5,1,1.0,success,96,96,96,3,3,3,1,1,1,0,0,0,0,0,0,0,0,0,24.1,24.1,24.1
fara-7b,Wolfram_Alpha--6,C7,1,1.0,success,94,94,94,4,4,4,2,2,2,0,0,0,0,0,0,0,0,0,23.4,23.4,23.4
fara-7b,Wolfram_Alpha--6,C8,1,1.0,success,95,95,95,4,4,4,2,2,2,0,0,0,0,0,0,0,0,0,23.1,23.1,23.1
fara-7b,Wolfram_Alpha--7,C0,1,0.0,hit_max_rounds,556,556,556,10,10,10,8,8,8,0,0,0,0,0,0,0,0,0,61.8,61.8,61.8
fara-7b,Wolfram_Alpha--7,C2,1,1.0,success,206,206,206,4,4,4,2,2,2,0,0,0,0,0,0,0,0,0,24.0,24.0,24.0
fara-7b,Wolfram_Alpha--7,C5,1,1.0,success,218,218,218,4,4,4,2,2,2,0,0,0,0,0,0,0,0,0,23.8,23.8,23.8
fara-7b,Wolfram_Alpha--7,C7,1,1.0,success,225,225,225,4,4,4,2,2,2,0,0,0,0,0,0,0,0,0,24.6,24.6,24.6
fara-7b,Wolfram_Alpha--7,C8,1,1.0,success,218,218,218,4,4,4,2,2,2,0,0,0,0,0,0,0,0,0,24.7,24.7,24.7
fara-7b,Wolfram_Alpha--8,C0,1,1.0,success,195,195,195,4,4,4,2,2,2,0,0,0,0,0,0,0,0,0,42.1,42.1,42.1
fara-7b,Wolfram_Alpha--8,C2,1,1.0,success,101,101,101,3,3,3,1,1,1,0,0,0,0,0,0,0,0,0,23.1,23.1,23.1
fara-7b,Wolfram_Alpha--8,C5,1,1.0,success,240,240,240,3,3,3,1,1,1,0,0,0,0,0,0,0,0,0,49.8,49.8,49.8
fara-7b,Wolfram_Alpha--8,C7,1,1.0,success,150,150,150,4,4,4,2,2,2,0,0,0,0,0,0,0,0,0,30.8,30.8,30.8
fara-7b,Wolfram_Alpha--8,C8,1,1.0,success,107,107,107,3,3,3,1,1,1,0,0,0,0,0,0,0,0,0,23.4,23.4,23.4
fara-7b,Wolfram_Alpha--9,C0,1,1.0,success,104,104,104,4,4,4,2,2,2,0,0,0,0,0,0,0,0,0,23.9,23.9,23.9
fara-7b,Wolfram_Alpha--9,C2,1,1.0,success,103,103,103,4,4,4,2,2,2,0,0,0,0,0,0,0,0,0,22.3,22.3,22.3
fara-7b,Wolfram_Alpha--9,C5,1,1.0,success,95,95,95,3,3,3,1,1,1,0,0,0,0,0,0,0,0,0,23.7,23.7,23.7
fara-7b,Wolfram_Alpha--9,C7,1,1.0,success,103,103,103,4,4,4,2,2,2,0,0,0,0,0,0,0,0,0,24.2,24.2,24.2
fara-7b,Wolfram_Alpha--9,C8,1,1.0,success,103,103,103,4,4,4,2,2,2,0,0,0,0,0,0,0,0,0,22.2,22.2,22.2
