agent,task,condition,rep,target_etld1,records,unique_hosts,third_party_hosts,rq3_blocks_search,rq3_blocks_offdomain,rq3_blocks_cmp,task_success,duration_seconds,return_code
browser-use,Allrecipes--0,C0,1,allrecipes.com,664,113,110,0,0,0,success,37.7,0
browser-use,Allrecipes--1,C0,1,allrecipes.com,1030,104,101,0,0,0,success,45.3,0
browser-use,Allrecipes--10,C0,1,allrecipes.com,1271,103,103,0,0,0,success,67.5,0
browser-use,Allrecipes--11,C0,1,allrecipes.com,1303,137,134,0,0,0,success,58.3,0
browser-use,Allrecipes--12,C0,1,allrecipes.com,961,128,125,0,0,0,success,39.6,0
browser-use,Allrecipes--13,C0,1,allrecipes.com,869,126,123,0,0,0,success,41.5,0
browser-use,Allrecipes--14,C0,1,allrecipes.com,1185,127,124,0,0,0,success,34.2,0
browser-use,Allrecipes--15,C0,1,allrecipes.com,896,129,126,0,0,0,success,42.0,0
browser-use,Allrecipes--16,C0,1,allrecipes.com,1254,133,130,0,0,0,success,46.8,0
browser-use,Allrecipes--17,C0,1,allrecipes.com,1018,161,158,0,0,0,success,52.7,0
browser-use,Allrecipes--18,C0,1,allrecipes.com,1509,139,136,0,0,0,success,46.2,0
browser-use,Allrecipes--19,C0,1,allrecipes.com,1087,109,106,0,0,0,success,36.3,0
browser-use,Allrecipes--2,C0,1,allrecipes.com,1581,134,131,0,0,0,success,64.4,0
browser-use,Allrecipes--20,C0,1,allrecipes.com,806,122,119,0,0,0,success,26.9,0
browser-use,Allrecipes--21,C0,1,allrecipes.com,779,120,117,0,0,0,success,21.8,0
browser-use,Allrecipes--22,C0,1,allrecipes.com,1250,132,129,0,0,0,success,37.6,0
browser-use,Allrecipes--23,C0,1,allrecipes.com,565,103,100,0,0,0,success,34.8,0
browser-use,Allrecipes--24,C0,1,allrecipes.com,652,111,108,0,0,0,success,22.6,0
browser-use,Allrecipes--25,C0,1,allrecipes.com,1106,135,132,0,0,0,success,45.9,0
browser-use,Allrecipes--26,C0,1,allrecipes.com,722,114,111,0,0,0,success,34.8,0
browser-use,Allrecipes--27,C0,1,allrecipes.com,909,135,132,0,0,0,success,41.2,0
browser-use,Allrecipes--28,C0,1,allrecipes.com,884,132,129,0,0,0,success,36.9,0
browser-use,Allrecipes--29,C0,1,allrecipes.com,1347,130,127,0,0,0,success,45.6,0
browser-use,Allrecipes--3,C0,1,allrecipes.com,654,109,106,0,0,0,success,41.7,0
browser-use,Allrecipes--30,C0,1,allrecipes.com,1584,128,125,0,0,0,success,45.0,0
browser-use,Allrecipes--31,C0,1,allrecipes.com,630,105,102,0,0,0,success,40.6,0
browser-use,Allrecipes--32,C0,1,allrecipes.com,809,123,120,0,0,0,success,26.7,0
browser-use,Allrecipes--33,C0,1,allrecipes.com,1050,131,128,0,0,0,success,45.6,0
browser-use,Allrecipes--34,C0,1,allrecipes.com,773,116,113,0,0,0,success,22.0,0
browser-use,Allrecipes--35,C0,1,allrecipes.com,1290,179,176,0,0,0,success,33.3,0
browser-use,Allrecipes--36,C0,1,allrecipes.com,1169,136,133,0,0,0,success,30.6,0
browser-use,Allrecipes--37,C0,1,allrecipes.com,1009,132,129,0,0,0,success,41.7,0
browser-use,Allrecipes--38,C0,1,allrecipes.com,969,151,148,0,0,0,success,44.5,0
browser-use,Allrecipes--39,C0,1,allrecipes.com,1065,125,122,0,0,0,success,42.1,0
browser-use,Allrecipes--4,C0,1,allrecipes.com,819,91,88,0,0,0,success,39.9,0
browser-use,Allrecipes--40,C0,1,allrecipes.com,478,104,101,0,0,0,success,42.3,0
browser-use,Allrecipes--41,C0,1,allrecipes.com,897,132,128,0,0,0,success,33.9,0
browser-use,Allrecipes--42,C0,1,allrecipes.com,975,127,124,0,0,0,success,41.4,0
browser-use,Allrecipes--43,C0,1,allrecipes.com,1253,135,132,0,0,0,success,44.9,0
browser-use,Allrecipes--44,C0,1,allrecipes.com,534,105,102,0,0,0,success,32.3,0
browser-use,Allrecipes--5,C0,1,allrecipes.com,791,112,109,0,0,0,success,39.8,0
browser-use,Allrecipes--6,C0,1,allrecipes.com,1976,152,149,0,0,0,success,69.3,0
browser-use,Allrecipes--7,C0,1,allrecipes.com,1099,128,125,0,0,0,success,49.3,0
browser-use,Allrecipes--8,C0,1,allrecipes.com,807,123,120,0,0,0,success,26.9,0
browser-use,Allrecipes--9,C0,1,allrecipes.com,1279,111,108,0,0,0,success,30.6,0
browser-use,Amazon--0,C0,1,amazon.com,973,35,35,0,0,0,success,85.3,0
browser-use,Amazon--1,C0,1,amazon.com,1209,69,69,0,0,0,success,72.4,0
browser-use,Amazon--10,C0,1,amazon.com,1054,52,48,0,0,0,success,56.1,0
browser-use,Amazon--11,C0,1,amazon.com,803,54,50,0,0,0,success,50.8,0
browser-use,Amazon--12,C0,1,amazon.com,910,51,47,0,0,0,success,33.7,0
browser-use,Amazon--13,C0,1,amazon.com,933,52,48,0,0,0,success,60.9,0
browser-use,Amazon--14,C0,1,amazon.com,765,51,47,0,0,0,success,50.5,0
browser-use,Amazon--15,C0,1,amazon.com,913,52,48,0,0,0,success,57.5,0
browser-use,Amazon--16,C0,1,amazon.com,1125,66,62,0,0,0,success,63.3,0
browser-use,Amazon--17,C0,1,amazon.com,636,54,50,0,0,0,success,64.5,0
browser-use,Amazon--18,C0,1,amazon.com,713,44,41,0,0,0,success,28.3,0
browser-use,Amazon--19,C0,1,amazon.com,881,45,42,0,0,0,success,51.5,0
browser-use,Amazon--2,C0,1,amazon.com,1001,36,36,0,0,0,success,62.4,0
browser-use,Amazon--20,C0,1,amazon.com,799,54,50,0,0,0,success,55.2,0
browser-use,Amazon--21,C0,1,amazon.com,809,52,48,0,0,0,success,66.0,0
browser-use,Amazon--22,C0,1,amazon.com,1251,52,48,0,0,0,success,64.5,0
browser-use,Amazon--23,C0,1,amazon.com,1258,55,50,0,0,0,success,58.6,0
browser-use,Amazon--24,C0,1,amazon.com,899,55,51,0,0,0,success,34.6,0
browser-use,Amazon--25,C0,1,amazon.com,730,53,49,0,0,0,success,64.2,0
browser-use,Amazon--26,C0,1,amazon.com,1019,54,50,0,0,0,success,57.6,0
browser-use,Amazon--27,C0,1,amazon.com,926,52,48,0,0,0,success,54.9,0
browser-use,Amazon--28,C0,1,amazon.com,923,54,50,0,0,0,success,42.6,0
browser-use,Amazon--29,C0,1,amazon.com,934,51,47,0,0,0,success,60.1,0
browser-use,Amazon--3,C0,1,amazon.com,791,59,55,0,0,0,success,69.2,0
browser-use,Amazon--30,C0,1,amazon.com,647,51,47,0,0,0,success,55.7,0
browser-use,Amazon--31,C0,1,amazon.com,902,53,49,0,0,0,success,60.7,0
browser-use,Amazon--32,C0,1,amazon.com,1004,53,48,0,0,0,success,59.1,0
browser-use,Amazon--33,C0,1,amazon.com,682,51,47,0,0,0,success,41.4,0
browser-use,Amazon--34,C0,1,amazon.com,681,52,48,0,0,0,success,48.2,0
browser-use,Amazon--35,C0,1,amazon.com,937,53,48,0,0,0,success,40.8,0
browser-use,Amazon--36,C0,1,amazon.com,1010,55,51,0,0,0,success,48.3,0
browser-use,Amazon--37,C0,1,amazon.com,1041,52,48,0,0,0,success,43.8,0
browser-use,Amazon--38,C0,1,amazon.com,957,56,52,0,0,0,success,49.1,0
browser-use,Amazon--39,C0,1,amazon.com,680,53,49,0,0,0,success,50.4,0
browser-use,Amazon--4,C0,1,amazon.com,650,53,49,0,0,0,success,40.1,0
browser-use,Amazon--40,C0,1,amazon.com,1096,55,51,0,0,0,success,51.3,0
browser-use,Amazon--5,C0,1,amazon.com,948,57,53,0,0,0,success,66.0,0
browser-use,Amazon--6,C0,1,amazon.com,1027,53,49,0,0,0,success,56.2,0
browser-use,Amazon--7,C0,1,amazon.com,0,0,0,0,0,0,,,
browser-use,Amazon--8,C0,1,amazon.com,707,52,48,0,0,0,success,54.2,0
browser-use,Amazon--9,C0,1,amazon.com,983,54,50,0,0,0,success,47.6,0
browser-use,Apple--0,C0,1,apple.com,218,8,5,0,0,0,success,31.8,0
browser-use,Apple--1,C0,1,apple.com,223,13,9,0,0,0,success,56.5,0
browser-use,Apple--10,C0,1,apple.com,743,20,15,0,0,0,success,62.6,0
browser-use,Apple--11,C0,1,apple.com,537,10,6,0,0,0,success,46.6,0
browser-use,Apple--12,C0,1,apple.com,123,11,5,0,0,0,success,26.9,0
browser-use,Apple--13,C0,1,apple.com,998,37,34,0,0,0,success,64.1,0
browser-use,Apple--14,C0,1,apple.com,303,10,6,0,0,0,success,33.5,0
browser-use,Apple--15,C0,1,apple.com,295,10,6,0,0,0,success,28.6,0
browser-use,Apple--16,C0,1,apple.com,136,9,5,0,0,0,success,29.4,0
browser-use,Apple--17,C0,1,apple.com,276,11,7,0,0,0,success,30.1,0
browser-use,Apple--18,C0,1,apple.com,375,47,45,0,0,0,success,40.3,0
browser-use,Apple--19,C0,1,apple.com,254,12,9,0,0,0,success,37.4,0
browser-use,Apple--2,C0,1,apple.com,222,9,6,0,0,0,success,55.5,0
browser-use,Apple--20,C0,1,apple.com,1316,107,107,0,0,0,success,75.1,0
browser-use,Apple--21,C0,1,apple.com,361,10,6,0,0,0,success,27.5,0
browser-use,Apple--22,C0,1,apple.com,160,8,6,0,0,0,success,17.6,0
browser-use,Apple--23,C0,1,apple.com,182,9,6,0,0,0,success,27.6,0
browser-use,Apple--24,C0,1,apple.com,325,10,6,0,0,0,success,35.2,0
browser-use,Apple--25,C0,1,apple.com,165,10,6,0,0,0,success,36.4,0
browser-use,Apple--26,C0,1,apple.com,335,12,8,0,0,0,success,39.1,0
browser-use,Apple--27,C0,1,apple.com,276,12,8,0,0,0,success,29.2,0
browser-use,Apple--28,C0,1,apple.com,265,13,10,0,0,0,success,39.6,0
browser-use,Apple--29,C0,1,apple.com,310,8,5,0,0,0,success,23.7,0
browser-use,Apple--3,C0,1,apple.com,1597,232,229,0,0,0,success,51.5,0
browser-use,Apple--30,C0,1,apple.com,325,14,10,0,0,0,success,36.5,0
browser-use,Apple--31,C0,1,apple.com,184,8,5,0,0,0,success,26.8,0
browser-use,Apple--32,C0,1,apple.com,163,9,6,0,0,0,success,29.7,0
browser-use,Apple--33,C0,1,apple.com,707,17,14,0,0,0,success,37.9,0
browser-use,Apple--34,C0,1,apple.com,223,12,9,0,0,0,success,56.3,0
browser-use,Apple--35,C0,1,apple.com,192,8,5,0,0,0,success,27.2,0
browser-use,Apple--36,C0,1,apple.com,244,15,6,0,0,0,success,38.2,0
browser-use,Apple--37,C0,1,apple.com,709,17,15,0,0,0,success,71.8,0
browser-use,Apple--38,C0,1,apple.com,732,19,16,0,0,0,success,61.5,0
browser-use,Apple--39,C0,1,apple.com,694,22,16,0,0,0,success,50.3,0
browser-use,Apple--4,C0,1,apple.com,290,10,6,0,0,0,success,34.1,0
browser-use,Apple--40,C0,1,apple.com,173,11,9,0,0,0,success,48.3,0
browser-use,Apple--41,C0,1,apple.com,315,15,10,0,0,0,success,45.3,0
browser-use,Apple--42,C0,1,apple.com,275,10,7,0,0,0,success,52.5,0
browser-use,Apple--5,C0,1,apple.com,1020,41,41,0,0,0,success,39.6,0
browser-use,Apple--6,C0,1,apple.com,208,9,6,0,0,0,success,44.1,0
browser-use,Apple--7,C0,1,apple.com,787,55,55,0,0,0,success,66.9,0
browser-use,Apple--8,C0,1,apple.com,291,12,9,0,0,0,success,41.7,0
browser-use,Apple--9,C0,1,apple.com,319,11,7,0,0,0,success,36.9,0
browser-use,ArXiv--0,C0,1,arxiv.org,82,10,8,0,0,0,success,82.5,0
browser-use,ArXiv--1,C0,1,arxiv.org,56,12,10,0,0,0,success,102.9,0
browser-use,ArXiv--10,C0,1,arxiv.org,122,18,15,0,0,0,success,27.0,0
browser-use,ArXiv--11,C0,1,arxiv.org,595,18,18,0,0,0,success,35.7,0
browser-use,ArXiv--12,C0,1,arxiv.org,124,18,15,0,0,0,success,50.7,0
browser-use,ArXiv--13,C0,1,arxiv.org,46,10,8,0,0,0,success,18.7,0
browser-use,ArXiv--14,C0,1,arxiv.org,38,10,8,0,0,0,success,25.4,0
browser-use,ArXiv--15,C0,1,arxiv.org,136,16,14,0,0,0,success,39.9,0
browser-use,ArXiv--16,C0,1,arxiv.org,80,13,11,0,0,0,success,36.2,0
browser-use,ArXiv--17,C0,1,arxiv.org,585,19,17,0,0,0,success,36.4,0
browser-use,ArXiv--18,C0,1,arxiv.org,591,17,15,0,0,0,success,40.8,0
browser-use,ArXiv--19,C0,1,arxiv.org,638,33,30,0,0,0,success,42.1,0
browser-use,ArXiv--2,C0,1,arxiv.org,69,11,9,0,0,0,success,43.0,0
browser-use,ArXiv--20,C0,1,arxiv.org,108,10,9,0,0,0,success,33.9,0
browser-use,ArXiv--21,C0,1,arxiv.org,152,11,9,0,0,0,success,33.8,0
browser-use,ArXiv--22,C0,1,arxiv.org,640,24,21,0,0,0,success,57.6,0
browser-use,ArXiv--23,C0,1,arxiv.org,159,15,12,0,0,0,success,58.5,0
browser-use,ArXiv--24,C0,1,arxiv.org,155,11,9,0,0,0,success,30.2,0
browser-use,ArXiv--25,C0,1,arxiv.org,123,11,9,0,0,0,success,66.3,0
browser-use,ArXiv--26,C0,1,arxiv.org,89,9,8,0,0,0,success,31.7,0
browser-use,ArXiv--27,C0,1,arxiv.org,476,13,12,0,0,0,success,29.0,0
browser-use,ArXiv--28,C0,1,arxiv.org,487,15,14,0,0,0,success,36.4,0
browser-use,ArXiv--29,C0,1,arxiv.org,319,13,12,0,0,0,success,36.8,0
browser-use,ArXiv--3,C0,1,arxiv.org,107,13,11,0,0,0,success,34.7,0
browser-use,ArXiv--30,C0,1,arxiv.org,124,18,15,0,0,0,success,26.2,0
browser-use,ArXiv--31,C0,1,arxiv.org,40,12,10,0,0,0,success,33.5,0
browser-use,ArXiv--32,C0,1,arxiv.org,46,9,7,0,0,0,success,31.5,0
browser-use,ArXiv--33,C0,1,arxiv.org,43,12,10,0,0,0,success,41.0,0
browser-use,ArXiv--34,C0,1,arxiv.org,53,10,8,0,0,0,success,29.8,0
browser-use,ArXiv--35,C0,1,arxiv.org,53,7,5,0,0,0,success,18.5,0
browser-use,ArXiv--36,C0,1,arxiv.org,58,12,10,0,0,0,success,44.0,0
browser-use,ArXiv--37,C0,1,arxiv.org,556,23,20,0,0,0,success,38.8,0
browser-use,ArXiv--38,C0,1,arxiv.org,130,13,12,0,0,0,success,33.5,0
browser-use,ArXiv--39,C0,1,arxiv.org,653,21,18,0,0,0,success,77.5,0
browser-use,ArXiv--4,C0,1,arxiv.org,72,10,8,0,0,0,success,51.3,0
browser-use,ArXiv--40,C0,1,arxiv.org,45,9,7,0,0,0,success,22.5,0
browser-use,ArXiv--41,C0,1,arxiv.org,587,17,15,0,0,0,success,32.7,0
browser-use,ArXiv--42,C0,1,arxiv.org,606,16,15,0,0,0,success,70.1,0
browser-use,ArXiv--5,C0,1,arxiv.org,64,12,10,0,0,0,success,49.3,0
browser-use,ArXiv--6,C0,1,arxiv.org,314,36,34,0,0,0,success,67.1,0
browser-use,ArXiv--7,C0,1,arxiv.org,51,9,7,0,0,0,success,22.7,0
browser-use,ArXiv--8,C0,1,arxiv.org,110,19,14,0,0,0,success,36.5,0
browser-use,ArXiv--9,C0,1,arxiv.org,53,12,10,0,0,0,success,33.4,0
browser-use,BBC_News--0,C0,1,bbc.com,671,114,111,0,0,0,success,37.4,0
browser-use,BBC_News--1,C0,1,bbc.com,831,119,116,0,0,0,success,45.9,0
browser-use,BBC_News--10,C0,1,bbc.com,314,52,49,0,0,0,success,46.7,0
browser-use,BBC_News--11,C0,1,bbc.com,857,18,18,0,0,0,success,76.8,0
browser-use,BBC_News--12,C0,1,bbc.com,491,12,12,0,0,0,success,54.0,0
browser-use,BBC_News--13,C0,1,bbc.com,1194,70,70,0,0,0,success,68.5,0
browser-use,BBC_News--14,C0,1,bbc.com,845,64,61,0,0,0,success,64.7,0
browser-use,BBC_News--15,C0,1,bbc.com,1283,69,69,0,0,0,success,78.3,0
browser-use,BBC_News--16,C0,1,bbc.com,616,76,73,0,0,0,success,48.5,0
browser-use,BBC_News--17,C0,1,bbc.com,735,106,103,0,0,0,success,56.8,0
browser-use,BBC_News--18,C0,1,bbc.com,599,81,78,0,0,0,success,36.7,0
browser-use,BBC_News--19,C0,1,bbc.com,917,40,40,0,0,0,success,76.9,0
browser-use,BBC_News--2,C0,1,bbc.com,1064,29,29,0,0,0,success,70.7,0
browser-use,BBC_News--20,C0,1,bbc.com,837,103,100,0,0,0,success,42.1,0
browser-use,BBC_News--21,C0,1,bbc.com,615,92,89,0,0,0,success,35.6,0
browser-use,BBC_News--22,C0,1,bbc.com,632,112,109,0,0,0,success,34.9,0
browser-use,BBC_News--23,C0,1,bbc.com,735,108,105,0,0,0,success,38.1,0
browser-use,BBC_News--24,C0,1,bbc.com,691,127,124,0,0,0,success,43.8,0
browser-use,BBC_News--25,C0,1,bbc.com,681,102,99,0,0,0,success,34.5,0
browser-use,BBC_News--26,C0,1,bbc.com,851,63,60,0,0,0,success,36.7,0
browser-use,BBC_News--27,C0,1,bbc.com,522,109,106,0,0,0,success,46.5,0
browser-use,BBC_News--28,C0,1,bbc.com,876,116,113,0,0,0,success,53.0,0
browser-use,BBC_News--29,C0,1,bbc.com,722,130,127,0,0,0,success,37.3,0
browser-use,BBC_News--3,C0,1,bbc.com,1126,127,127,0,0,0,success,49.5,0
browser-use,BBC_News--30,C0,1,bbc.com,801,122,122,0,0,0,success,24.7,0
browser-use,BBC_News--31,C0,1,bbc.com,672,19,19,0,0,0,success,70.8,0
browser-use,BBC_News--32,C0,1,bbc.com,719,130,127,0,0,0,success,32.3,0
browser-use,BBC_News--33,C0,1,bbc.com,710,116,113,0,0,0,success,32.5,0
browser-use,BBC_News--34,C0,1,bbc.com,642,13,13,0,0,0,success,35.3,0
browser-use,BBC_News--35,C0,1,bbc.com,582,15,15,0,0,0,success,34.4,0
browser-use,BBC_News--36,C0,1,bbc.com,446,101,98,0,0,0,success,33.7,0
browser-use,BBC_News--37,C0,1,bbc.com,811,93,93,0,0,0,success,50.1,0
browser-use,BBC_News--38,C0,1,bbc.com,979,31,31,0,0,0,success,53.1,0
browser-use,BBC_News--39,C0,1,bbc.com,782,74,74,0,0,0,success,41.5,0
browser-use,BBC_News--4,C0,1,bbc.com,696,72,69,0,0,0,success,57.4,0
browser-use,BBC_News--40,C0,1,bbc.com,551,106,103,0,0,0,success,30.2,0
browser-use,BBC_News--41,C0,1,bbc.com,632,55,51,0,0,0,success,40.9,0
browser-use,BBC_News--5,C0,1,bbc.com,770,58,55,0,0,0,success,38.1,0
browser-use,BBC_News--6,C0,1,bbc.com,572,77,74,0,0,0,success,25.8,0
browser-use,BBC_News--7,C0,1,bbc.com,1135,208,208,0,0,0,success,39.1,0
browser-use,BBC_News--8,C0,1,bbc.com,728,78,75,0,0,0,success,52.8,0
browser-use,BBC_News--9,C0,1,bbc.com,880,35,35,0,0,0,success,58.1,0
browser-use,Booking--0,C0,1,booking.com,443,35,35,0,0,0,success,29.3,0
browser-use,Booking--1,C0,1,booking.com,374,48,43,0,0,0,success,58.2,0
browser-use,Booking--10,C0,1,booking.com,381,46,41,0,0,0,success,57.3,0
browser-use,Booking--11,C0,1,booking.com,311,40,35,0,0,0,success,43.2,0
browser-use,Booking--12,C0,1,booking.com,759,44,37,0,0,0,success,61.9,0
browser-use,Booking--13,C0,1,booking.com,553,46,40,0,0,0,success,50.1,0
browser-use,Booking--14,C0,1,booking.com,320,39,34,0,0,0,success,43.2,0
browser-use,Booking--15,C0,1,booking.com,1132,57,50,0,0,0,success,62.7,0
browser-use,Booking--16,C0,1,booking.com,588,51,45,0,0,0,success,68.0,0
browser-use,Booking--17,C0,1,booking.com,308,40,35,0,0,0,success,56.4,0
browser-use,Booking--18,C0,1,booking.com,586,50,44,0,0,0,success,50.1,0
browser-use,Booking--19,C0,1,booking.com,320,40,35,0,0,0,success,41.3,0
browser-use,Booking--2,C0,1,booking.com,577,42,36,0,0,0,success,55.5,0
browser-use,Booking--20,C0,1,booking.com,309,40,35,0,0,0,success,43.7,0
browser-use,Booking--21,C0,1,booking.com,305,39,34,0,0,0,success,38.9,0
browser-use,Booking--22,C0,1,booking.com,313,40,35,0,0,0,success,50.6,0
browser-use,Booking--23,C0,1,booking.com,374,45,40,0,0,0,success,60.2,0
browser-use,Booking--24,C0,1,booking.com,427,47,42,0,0,0,success,62.7,0
browser-use,Booking--25,C0,1,booking.com,347,42,37,0,0,0,success,44.0,0
browser-use,Booking--26,C0,1,booking.com,638,46,39,0,0,0,success,41.2,0
browser-use,Booking--27,C0,1,booking.com,545,49,43,0,0,0,success,44.9,0
browser-use,Booking--28,C0,1,booking.com,604,55,49,0,0,0,success,52.1,0
browser-use,Booking--29,C0,1,booking.com,807,49,42,0,0,0,success,52.3,0
browser-use,Booking--3,C0,1,booking.com,373,44,39,0,0,0,success,61.1,0
browser-use,Booking--30,C0,1,booking.com,293,40,35,0,0,0,success,45.4,0
browser-use,Booking--31,C0,1,booking.com,1013,52,45,0,0,0,success,52.0,0
browser-use,Booking--32,C0,1,booking.com,753,50,43,0,0,0,success,55.5,0
browser-use,Booking--33,C0,1,booking.com,567,45,38,0,0,0,success,41.1,0
browser-use,Booking--34,C0,1,booking.com,320,44,39,0,0,0,success,52.1,0
browser-use,Booking--35,C0,1,booking.com,654,47,40,0,0,0,success,40.8,0
browser-use,Booking--36,C0,1,booking.com,604,55,49,0,0,0,success,68.8,0
browser-use,Booking--37,C0,1,booking.com,650,20,20,0,0,0,success,75.7,0
browser-use,Booking--38,C0,1,booking.com,309,40,35,0,0,0,success,43.3,0
browser-use,Booking--39,C0,1,booking.com,511,47,41,0,0,0,success,49.0,0
browser-use,Booking--4,C0,1,booking.com,385,44,39,0,0,0,success,58.2,0
browser-use,Booking--40,C0,1,booking.com,310,33,33,0,0,0,success,52.5,0
browser-use,Booking--41,C0,1,booking.com,277,40,35,0,0,0,success,26.3,0
browser-use,Booking--42,C0,1,booking.com,578,50,44,0,0,0,success,54.5,0
browser-use,Booking--43,C0,1,booking.com,139,30,30,0,0,0,success,82.8,0
browser-use,Booking--5,C0,1,booking.com,0,0,0,0,0,0,,,
browser-use,Booking--6,C0,1,booking.com,623,44,37,0,0,0,success,46.1,0
browser-use,Booking--7,C0,1,booking.com,802,50,43,0,0,0,success,51.7,0
browser-use,Booking--8,C0,1,booking.com,799,48,41,0,0,0,success,66.2,0
browser-use,Booking--9,C0,1,booking.com,310,40,35,0,0,0,success,46.2,0
browser-use,Cambridge_Dictionary--0,C0,1,cambridge.org,295,73,72,0,0,0,success,33.4,0
browser-use,Cambridge_Dictionary--1,C0,1,cambridge.org,831,106,106,0,0,0,success,34.6,0
browser-use,Cambridge_Dictionary--10,C0,1,cambridge.org,395,37,37,0,0,0,success,46.6,0
browser-use,Cambridge_Dictionary--11,C0,1,cambridge.org,1144,155,155,0,0,0,success,37.9,0
browser-use,Cambridge_Dictionary--12,C0,1,cambridge.org,337,78,77,0,0,0,success,57.5,0
browser-use,Cambridge_Dictionary--13,C0,1,cambridge.org,303,76,75,0,0,0,success,47.0,0
browser-use,Cambridge_Dictionary--14,C0,1,cambridge.org,243,74,73,0,0,0,success,35.4,0
browser-use,Cambridge_Dictionary--15,C0,1,cambridge.org,693,23,23,0,0,0,success,47.4,0
browser-use,Cambridge_Dictionary--16,C0,1,cambridge.org,222,73,72,0,0,0,success,45.2,0
browser-use,Cambridge_Dictionary--17,C0,1,cambridge.org,325,73,72,0,0,0,success,51.9,0
browser-use,Cambridge_Dictionary--18,C0,1,cambridge.org,350,76,75,0,0,0,success,29.2,0
browser-use,Cambridge_Dictionary--19,C0,1,cambridge.org,316,76,75,0,0,0,success,37.4,0
browser-use,Cambridge_Dictionary--2,C0,1,cambridge.org,660,54,53,0,0,0,success,35.7,0
browser-use,Cambridge_Dictionary--20,C0,1,cambridge.org,338,78,77,0,0,0,success,34.9,0
browser-use,Cambridge_Dictionary--21,C0,1,cambridge.org,437,121,120,0,0,0,success,30.1,0
browser-use,Cambridge_Dictionary--22,C0,1,cambridge.org,310,78,77,0,0,0,success,54.4,0
browser-use,Cambridge_Dictionary--23,C0,1,cambridge.org,480,78,77,0,0,0,success,33.6,0
browser-use,Cambridge_Dictionary--24,C0,1,cambridge.org,335,75,74,0,0,0,success,59.4,0
browser-use,Cambridge_Dictionary--25,C0,1,cambridge.org,811,82,81,0,0,0,success,38.0,0
browser-use,Cambridge_Dictionary--26,C0,1,cambridge.org,417,123,122,0,0,0,success,35.3,0
browser-use,Cambridge_Dictionary--27,C0,1,cambridge.org,298,76,75,0,0,0,success,43.7,0
browser-use,Cambridge_Dictionary--28,C0,1,cambridge.org,170,79,78,0,0,0,success,17.8,0
browser-use,Cambridge_Dictionary--29,C0,1,cambridge.org,337,78,77,0,0,0,success,60.0,0
browser-use,Cambridge_Dictionary--3,C0,1,cambridge.org,1161,162,162,0,0,0,success,40.8,0
browser-use,Cambridge_Dictionary--30,C0,1,cambridge.org,330,77,76,0,0,0,success,37.9,0
browser-use,Cambridge_Dictionary--31,C0,1,cambridge.org,279,80,79,0,0,0,success,51.6,0
browser-use,Cambridge_Dictionary--32,C0,1,cambridge.org,476,77,76,0,0,0,success,37.4,0
browser-use,Cambridge_Dictionary--33,C0,1,cambridge.org,320,79,78,0,0,0,success,58.2,0
browser-use,Cambridge_Dictionary--34,C0,1,cambridge.org,312,76,75,0,0,0,success,27.3,0
browser-use,Cambridge_Dictionary--35,C0,1,cambridge.org,281,68,67,0,0,0,success,64.2,0
browser-use,Cambridge_Dictionary--36,C0,1,cambridge.org,607,81,80,0,0,0,success,44.1,0
browser-use,Cambridge_Dictionary--37,C0,1,cambridge.org,291,73,72,0,0,0,success,53.3,0
browser-use,Cambridge_Dictionary--38,C0,1,cambridge.org,280,76,75,0,0,0,success,44.2,0
browser-use,Cambridge_Dictionary--39,C0,1,cambridge.org,858,70,70,0,0,0,success,44.1,0
browser-use,Cambridge_Dictionary--4,C0,1,cambridge.org,222,73,72,0,0,0,success,46.9,0
browser-use,Cambridge_Dictionary--40,C0,1,cambridge.org,704,29,28,0,0,0,success,40.7,0
browser-use,Cambridge_Dictionary--41,C0,1,cambridge.org,933,140,139,0,0,0,success,59.4,0
browser-use,Cambridge_Dictionary--42,C0,1,cambridge.org,356,108,107,0,0,0,success,43.9,0
browser-use,Cambridge_Dictionary--5,C0,1,cambridge.org,873,179,179,0,0,0,success,53.8,0
browser-use,Cambridge_Dictionary--6,C0,1,cambridge.org,270,76,75,0,0,0,success,48.4,0
browser-use,Cambridge_Dictionary--7,C0,1,cambridge.org,677,82,81,0,0,0,success,54.8,0
browser-use,Cambridge_Dictionary--8,C0,1,cambridge.org,371,78,77,0,0,0,success,62.7,0
browser-use,Cambridge_Dictionary--9,C0,1,cambridge.org,313,78,77,0,0,0,success,52.3,0
browser-use,Coursera--0,C0,1,coursera.org,423,15,14,0,0,0,success,54.7,0
browser-use,Coursera--1,C0,1,coursera.org,515,11,10,0,0,0,success,42.4,0
browser-use,Coursera--10,C0,1,coursera.org,474,11,10,0,0,0,success,38.6,0
browser-use,Coursera--11,C0,1,coursera.org,437,11,10,0,0,0,success,37.3,0
browser-use,Coursera--12,C0,1,coursera.org,480,11,10,0,0,0,success,31.6,0
browser-use,Coursera--13,C0,1,coursera.org,498,13,12,0,0,0,success,33.7,0
browser-use,Coursera--14,C0,1,coursera.org,453,12,11,0,0,0,success,32.0,0
browser-use,Coursera--15,C0,1,coursera.org,492,11,10,0,0,0,success,45.0,0
browser-use,Coursera--16,C0,1,coursera.org,526,11,10,0,0,0,success,26.8,0
browser-use,Coursera--17,C0,1,coursera.org,405,12,11,0,0,0,success,47.9,0
browser-use,Coursera--18,C0,1,coursera.org,519,11,10,0,0,0,success,35.9,0
browser-use,Coursera--19,C0,1,coursera.org,472,11,10,0,0,0,success,32.7,0
browser-use,Coursera--2,C0,1,coursera.org,487,11,10,0,0,0,success,34.3,0
browser-use,Coursera--20,C0,1,coursera.org,398,11,10,0,0,0,success,45.1,0
browser-use,Coursera--21,C0,1,coursera.org,461,11,10,0,0,0,success,26.1,0
browser-use,Coursera--22,C0,1,coursera.org,460,13,12,0,0,0,success,38.0,0
browser-use,Coursera--23,C0,1,coursera.org,471,11,10,0,0,0,success,28.8,0
browser-use,Coursera--24,C0,1,coursera.org,531,11,10,0,0,0,success,46.9,0
browser-use,Coursera--25,C0,1,coursera.org,517,11,10,0,0,0,success,43.1,0
browser-use,Coursera--26,C0,1,coursera.org,395,11,10,0,0,0,success,43.0,0
browser-use,Coursera--27,C0,1,coursera.org,436,11,10,0,0,0,success,28.9,0
browser-use,Coursera--28,C0,1,coursera.org,407,15,14,0,0,0,success,57.9,0
browser-use,Coursera--29,C0,1,coursera.org,283,11,10,0,0,0,success,24.0,0
browser-use,Coursera--3,C0,1,coursera.org,356,11,10,0,0,0,success,40.5,0
browser-use,Coursera--30,C0,1,coursera.org,540,15,14,0,0,0,success,38.9,0
browser-use,Coursera--31,C0,1,coursera.org,555,15,14,0,0,0,success,43.7,0
browser-use,Coursera--32,C0,1,coursera.org,382,11,10,0,0,0,success,37.9,0
browser-use,Coursera--33,C0,1,coursera.org,523,15,14,0,0,0,success,52.8,0
browser-use,Coursera--34,C0,1,coursera.org,599,15,14,0,0,0,success,44.3,0
browser-use,Coursera--35,C0,1,coursera.org,540,11,10,0,0,0,success,38.3,0
browser-use,Coursera--36,C0,1,coursera.org,411,13,12,0,0,0,success,29.1,0
browser-use,Coursera--37,C0,1,coursera.org,283,11,10,0,0,0,success,24.7,0
browser-use,Coursera--38,C0,1,coursera.org,272,10,9,0,0,0,success,32.0,0
browser-use,Coursera--39,C0,1,coursera.org,540,15,14,0,0,0,success,40.3,0
browser-use,Coursera--4,C0,1,coursera.org,484,11,10,0,0,0,success,31.4,0
browser-use,Coursera--40,C0,1,coursera.org,432,25,24,0,0,0,success,35.9,0
browser-use,Coursera--41,C0,1,coursera.org,319,11,10,0,0,0,success,19.0,0
browser-use,Coursera--5,C0,1,coursera.org,1016,21,20,0,0,0,success,58.0,0
browser-use,Coursera--6,C0,1,coursera.org,458,11,10,0,0,0,success,38.5,0
browser-use,Coursera--7,C0,1,coursera.org,349,11,10,0,0,0,success,40.6,0
browser-use,Coursera--8,C0,1,coursera.org,465,15,14,0,0,0,success,58.7,0
browser-use,Coursera--9,C0,1,coursera.org,510,11,10,0,0,0,success,42.6,0
browser-use,ESPN--0,C0,1,espn.com,191,21,17,0,0,0,success,39.3,0
browser-use,ESPN--1,C0,1,espn.com,641,120,109,0,0,0,success,47.0,0
browser-use,ESPN--10,C0,1,espn.com,1761,136,123,0,0,0,success,52.1,0
browser-use,ESPN--11,C0,1,espn.com,149,13,13,0,0,0,success,42.4,0
browser-use,ESPN--12,C0,1,espn.com,625,121,112,0,0,0,success,35.7,0
browser-use,ESPN--13,C0,1,espn.com,882,159,150,0,0,0,success,38.2,0
browser-use,ESPN--14,C0,1,espn.com,479,72,61,0,0,0,success,32.8,0
browser-use,ESPN--15,C0,1,espn.com,303,61,53,0,0,0,success,42.7,0
browser-use,ESPN--16,C0,1,espn.com,637,16,16,0,0,0,success,44.1,0
browser-use,ESPN--17,C0,1,espn.com,699,39,33,0,0,0,success,45.4,0
browser-use,ESPN--18,C0,1,espn.com,413,116,107,0,0,0,success,38.9,0
browser-use,ESPN--19,C0,1,espn.com,1093,178,178,0,0,0,success,51.3,0
browser-use,ESPN--2,C0,1,espn.com,597,52,44,0,0,0,success,49.9,0
browser-use,ESPN--20,C0,1,espn.com,616,102,91,0,0,0,success,38.8,0
browser-use,ESPN--21,C0,1,espn.com,805,127,116,0,0,0,success,55.7,0
browser-use,ESPN--22,C0,1,espn.com,790,65,57,0,0,0,success,59.1,0
browser-use,ESPN--23,C0,1,espn.com,631,64,56,0,0,0,success,41.6,0
browser-use,ESPN--24,C0,1,espn.com,958,137,124,0,0,0,success,41.3,0
browser-use,ESPN--25,C0,1,espn.com,168,21,21,0,0,0,success,65.0,0
browser-use,ESPN--26,C0,1,espn.com,100,19,15,0,0,0,success,24.3,0
browser-use,ESPN--27,C0,1,espn.com,884,149,138,0,0,0,success,42.3,0
browser-use,ESPN--28,C0,1,espn.com,1364,110,110,0,0,0,success,79.3,0
browser-use,ESPN--29,C0,1,espn.com,939,160,146,0,0,0,success,51.7,0
browser-use,ESPN--3,C0,1,espn.com,525,121,110,0,0,0,success,23.0,0
browser-use,ESPN--30,C0,1,espn.com,413,59,51,0,0,0,success,76.8,0
browser-use,ESPN--31,C0,1,espn.com,355,61,53,0,0,0,success,36.0,0
browser-use,ESPN--32,C0,1,espn.com,578,128,115,0,0,0,success,31.3,0
browser-use,ESPN--33,C0,1,espn.com,701,123,113,0,0,0,success,43.5,0
browser-use,ESPN--34,C0,1,espn.com,724,120,109,0,0,0,success,28.4,0
browser-use,ESPN--35,C0,1,espn.com,870,155,144,0,0,0,success,48.0,0
browser-use,ESPN--36,C0,1,espn.com,1168,110,110,0,0,0,success,44.3,0
browser-use,ESPN--37,C0,1,espn.com,648,32,32,0,0,0,success,68.3,0
browser-use,ESPN--38,C0,1,espn.com,983,176,176,0,0,0,success,77.8,0
browser-use,ESPN--39,C0,1,espn.com,1034,102,91,0,0,0,success,46.7,0
browser-use,ESPN--4,C0,1,espn.com,577,124,113,0,0,0,success,38.3,0
browser-use,ESPN--40,C0,1,espn.com,481,68,53,0,0,0,success,67.4,0
browser-use,ESPN--41,C0,1,espn.com,582,118,108,0,0,0,success,41.8,0
browser-use,ESPN--42,C0,1,espn.com,567,56,48,0,0,0,success,28.2,0
browser-use,ESPN--43,C0,1,espn.com,1235,141,132,0,0,0,success,65.4,0
browser-use,ESPN--5,C0,1,espn.com,416,43,35,0,0,0,success,37.2,0
browser-use,ESPN--6,C0,1,espn.com,677,122,111,0,0,0,success,61.0,0
browser-use,ESPN--7,C0,1,espn.com,846,109,98,0,0,0,success,43.0,0
browser-use,ESPN--8,C0,1,espn.com,883,58,50,0,0,0,success,38.0,0
browser-use,ESPN--9,C0,1,espn.com,774,130,119,0,0,0,success,67.1,0
browser-use,GitHub--0,C0,1,github.com,169,10,7,0,0,0,success,18.2,0
browser-use,GitHub--1,C0,1,github.com,242,12,9,0,0,0,success,24.9,0
browser-use,GitHub--10,C0,1,github.com,323,16,13,0,0,0,success,56.1,0
browser-use,GitHub--11,C0,1,github.com,264,10,7,0,0,0,success,34.9,0
browser-use,GitHub--12,C0,1,github.com,137,10,7,0,0,0,success,17.4,0
browser-use,GitHub--13,C0,1,github.com,297,12,9,0,0,0,success,31.9,0
browser-use,GitHub--14,C0,1,github.com,300,16,13,0,0,0,success,48.5,0
browser-use,GitHub--15,C0,1,github.com,292,12,9,0,0,0,success,19.2,0
browser-use,GitHub--16,C0,1,github.com,228,15,11,0,0,0,success,50.5,0
browser-use,GitHub--17,C0,1,github.com,254,12,9,0,0,0,success,26.4,0
browser-use,GitHub--18,C0,1,github.com,266,11,8,0,0,0,success,19.4,0
browser-use,GitHub--19,C0,1,github.com,144,10,7,0,0,0,success,24.0,0
browser-use,GitHub--2,C0,1,github.com,183,10,7,0,0,0,success,42.8,0
browser-use,GitHub--20,C0,1,github.com,142,13,12,0,0,0,success,49.6,0
browser-use,GitHub--21,C0,1,github.com,296,15,11,0,0,0,success,39.9,0
browser-use,GitHub--22,C0,1,github.com,207,12,9,0,0,0,success,31.8,0
browser-use,GitHub--23,C0,1,github.com,959,24,21,0,0,0,success,58.9,0
browser-use,GitHub--24,C0,1,github.com,432,14,11,0,0,0,success,44.4,0
browser-use,GitHub--25,C0,1,github.com,267,11,8,0,0,0,success,27.7,0
browser-use,GitHub--26,C0,1,github.com,279,19,14,0,0,0,success,41.9,0
browser-use,GitHub--27,C0,1,github.com,154,10,7,0,0,0,success,22.7,0
browser-use,GitHub--28,C0,1,github.com,153,10,7,0,0,0,success,20.7,0
browser-use,GitHub--29,C0,1,github.com,762,23,20,0,0,0,success,63.6,0
browser-use,GitHub--3,C0,1,github.com,216,14,11,0,0,0,success,37.1,0
browser-use,GitHub--30,C0,1,github.com,300,10,7,0,0,0,success,40.6,0
browser-use,GitHub--31,C0,1,github.com,371,15,12,0,0,0,success,42.1,0
browser-use,GitHub--32,C0,1,github.com,352,11,8,0,0,0,success,30.6,0
browser-use,GitHub--33,C0,1,github.com,169,10,7,0,0,0,success,26.6,0
browser-use,GitHub--34,C0,1,github.com,337,12,9,0,0,0,success,35.9,0
browser-use,GitHub--35,C0,1,github.com,147,10,7,0,0,0,success,18.3,0
browser-use,GitHub--36,C0,1,github.com,324,10,7,0,0,0,success,35.2,0
browser-use,GitHub--37,C0,1,github.com,798,25,22,0,0,0,success,55.1,0
browser-use,GitHub--38,C0,1,github.com,168,10,7,0,0,0,success,28.5,0
browser-use,GitHub--39,C0,1,github.com,256,10,7,0,0,0,success,19.3,0
browser-use,GitHub--4,C0,1,github.com,412,12,9,0,0,0,success,52.5,0
browser-use,GitHub--40,C0,1,github.com,215,10,7,0,0,0,success,28.4,0
browser-use,GitHub--5,C0,1,github.com,314,14,11,0,0,0,success,35.1,0
browser-use,GitHub--6,C0,1,github.com,456,12,9,0,0,0,success,48.6,0
browser-use,GitHub--7,C0,1,github.com,371,14,11,0,0,0,success,38.1,0
browser-use,GitHub--8,C0,1,github.com,308,15,12,0,0,0,success,29.7,0
browser-use,GitHub--9,C0,1,github.com,228,10,7,0,0,0,success,27.5,0
browser-use,Google_Flights--0,C0,1,google.com,937,179,174,0,0,0,success,41.5,0
browser-use,Google_Flights--1,C0,1,google.com,169,19,13,0,0,0,success,40.9,0
browser-use,Google_Flights--10,C0,1,google.com,579,23,17,0,0,0,success,41.4,0
browser-use,Google_Flights--11,C0,1,google.com,195,29,23,0,0,0,success,40.0,0
browser-use,Google_Flights--12,C0,1,google.com,120,17,11,0,0,0,success,41.1,0
browser-use,Google_Flights--13,C0,1,google.com,137,17,11,0,0,0,success,59.9,0
browser-use,Google_Flights--14,C0,1,google.com,174,19,13,0,0,0,success,58.6,0
browser-use,Google_Flights--15,C0,1,google.com,538,41,35,0,0,0,success,30.2,0
browser-use,Google_Flights--16,C0,1,google.com,115,17,11,0,0,0,success,41.4,0
browser-use,Google_Flights--17,C0,1,google.com,121,17,11,0,0,0,success,40.3,0
browser-use,Google_Flights--18,C0,1,google.com,906,24,20,0,0,0,success,53.7,0
browser-use,Google_Flights--19,C0,1,google.com,1129,60,53,0,0,0,success,45.7,0
browser-use,Google_Flights--2,C0,1,google.com,96,15,9,0,0,0,success,39.4,0
browser-use,Google_Flights--20,C0,1,google.com,131,17,11,0,0,0,success,50.2,0
browser-use,Google_Flights--21,C0,1,google.com,121,15,9,0,0,0,success,45.8,0
browser-use,Google_Flights--22,C0,1,google.com,142,19,13,0,0,0,success,56.6,0
browser-use,Google_Flights--23,C0,1,google.com,137,17,11,0,0,0,success,45.0,0
browser-use,Google_Flights--24,C0,1,google.com,112,17,11,0,0,0,success,47.1,0
browser-use,Google_Flights--25,C0,1,google.com,333,23,19,0,0,0,success,46.2,0
browser-use,Google_Flights--26,C0,1,google.com,104,17,11,0,0,0,success,46.0,0
browser-use,Google_Flights--27,C0,1,google.com,113,15,9,0,0,0,success,49.7,0
browser-use,Google_Flights--28,C0,1,google.com,495,23,17,0,0,0,success,43.1,0
browser-use,Google_Flights--29,C0,1,google.com,188,24,18,0,0,0,success,42.9,0
browser-use,Google_Flights--3,C0,1,google.com,795,70,64,0,0,0,success,52.2,0
browser-use,Google_Flights--30,C0,1,google.com,806,79,70,0,0,0,success,70.2,0
browser-use,Google_Flights--31,C0,1,google.com,99,17,11,0,0,0,success,53.6,0
browser-use,Google_Flights--32,C0,1,google.com,175,19,13,0,0,0,success,42.2,0
browser-use,Google_Flights--33,C0,1,google.com,121,19,13,0,0,0,success,39.6,0
browser-use,Google_Flights--34,C0,1,google.com,699,52,45,0,0,0,success,53.8,0
browser-use,Google_Flights--35,C0,1,google.com,111,17,11,0,0,0,success,42.6,0
browser-use,Google_Flights--36,C0,1,google.com,753,58,49,0,0,0,success,39.7,0
browser-use,Google_Flights--37,C0,1,google.com,126,26,20,0,0,0,success,60.8,0
browser-use,Google_Flights--38,C0,1,google.com,171,17,11,0,0,0,success,52.7,0
browser-use,Google_Flights--39,C0,1,google.com,395,33,29,0,0,0,success,68.8,0
browser-use,Google_Flights--4,C0,1,google.com,658,53,49,0,0,0,success,48.6,0
browser-use,Google_Flights--40,C0,1,google.com,216,16,10,0,0,0,success,51.4,0
browser-use,Google_Flights--41,C0,1,google.com,584,37,33,0,0,0,success,49.0,0
browser-use,Google_Flights--5,C0,1,google.com,866,46,40,0,0,0,success,72.2,0
browser-use,Google_Flights--6,C0,1,google.com,191,19,13,0,0,0,success,55.2,0
browser-use,Google_Flights--7,C0,1,google.com,120,17,11,0,0,0,success,44.9,0
browser-use,Google_Flights--8,C0,1,google.com,90,15,9,0,0,0,success,43.7,0
browser-use,Google_Flights--9,C0,1,google.com,97,15,9,0,0,0,success,43.0,0
browser-use,Google_Map--0,C0,1,google.com,1153,21,14,0,0,0,success,66.0,0
browser-use,Google_Map--1,C0,1,google.com,1519,23,16,0,0,0,success,62.6,0
browser-use,Google_Map--10,C0,1,google.com,619,22,18,0,0,0,success,50.6,0
browser-use,Google_Map--11,C0,1,google.com,903,35,31,0,0,0,success,37.0,0
browser-use,Google_Map--12,C0,1,google.com,432,17,10,0,0,0,success,29.4,0
browser-use,Google_Map--13,C0,1,google.com,682,18,14,0,0,0,success,66.4,0
browser-use,Google_Map--14,C0,1,google.com,1019,27,20,0,0,0,success,73.9,0
browser-use,Google_Map--15,C0,1,google.com,547,36,32,0,0,0,success,42.4,0
browser-use,Google_Map--16,C0,1,google.com,1092,16,12,0,0,0,success,56.8,0
browser-use,Google_Map--17,C0,1,google.com,919,18,11,0,0,0,success,67.8,0
browser-use,Google_Map--18,C0,1,google.com,1158,20,11,0,0,0,success,45.5,0
browser-use,Google_Map--19,C0,1,google.com,852,59,55,0,0,0,success,195.4,0
browser-use,Google_Map--2,C0,1,google.com,166,17,13,0,0,0,success,40.9,0
browser-use,Google_Map--20,C0,1,google.com,826,73,68,0,0,0,success,65.1,0
browser-use,Google_Map--21,C0,1,google.com,898,16,12,0,0,0,success,42.6,0
browser-use,Google_Map--22,C0,1,google.com,216,13,9,0,0,0,success,56.6,0
browser-use,Google_Map--23,C0,1,google.com,519,18,11,0,0,0,success,21.9,0
browser-use,Google_Map--24,C0,1,google.com,1485,145,140,0,0,0,success,67.9,0
browser-use,Google_Map--25,C0,1,google.com,469,25,21,0,0,0,success,43.1,0
browser-use,Google_Map--26,C0,1,google.com,509,16,9,0,0,0,success,37.8,0
browser-use,Google_Map--27,C0,1,google.com,1180,18,9,0,0,0,success,40.0,0
browser-use,Google_Map--28,C0,1,google.com,345,15,7,0,0,0,success,29.7,0
browser-use,Google_Map--29,C0,1,google.com,717,17,13,0,0,0,success,68.9,0
browser-use,Google_Map--3,C0,1,google.com,592,18,11,0,0,0,success,33.1,0
browser-use,Google_Map--30,C0,1,google.com,656,35,31,0,0,0,success,64.2,0
browser-use,Google_Map--31,C0,1,google.com,446,15,8,0,0,0,success,21.4,0
browser-use,Google_Map--32,C0,1,google.com,913,16,9,0,0,0,success,48.4,0
browser-use,Google_Map--33,C0,1,google.com,388,20,16,0,0,0,success,71.5,0
browser-use,Google_Map--34,C0,1,google.com,849,17,13,0,0,0,success,44.4,0
browser-use,Google_Map--35,C0,1,google.com,1098,30,24,0,0,0,success,35.8,0
browser-use,Google_Map--36,C0,1,google.com,307,21,17,0,0,0,success,52.0,0
browser-use,Google_Map--37,C0,1,google.com,1194,22,15,0,0,0,success,59.3,0
browser-use,Google_Map--38,C0,1,google.com,1028,35,28,0,0,0,success,65.4,0
browser-use,Google_Map--39,C0,1,google.com,720,17,10,0,0,0,agent_error,137.6,0
browser-use,Google_Map--4,C0,1,google.com,256,23,17,0,0,0,success,45.8,0
browser-use,Google_Map--40,C0,1,google.com,543,41,36,0,0,0,success,54.4,0
browser-use,Google_Map--5,C0,1,google.com,1332,24,15,0,0,0,success,66.2,0
browser-use,Google_Map--6,C0,1,google.com,239,31,27,0,0,0,success,51.6,0
browser-use,Google_Map--7,C0,1,google.com,1099,22,13,0,0,0,success,35.9,0
browser-use,Google_Map--8,C0,1,google.com,1260,20,13,0,0,0,success,66.5,0
browser-use,Google_Map--9,C0,1,google.com,637,19,15,0,0,0,success,59.3,0
browser-use,Google_Search--0,C0,1,google.com,143,12,8,0,0,0,success,51.3,0
browser-use,Google_Search--1,C0,1,google.com,600,15,11,0,0,0,success,83.8,0
browser-use,Google_Search--10,C0,1,google.com,1860,270,264,0,0,0,success,47.6,0
browser-use,Google_Search--11,C0,1,google.com,623,25,20,0,0,0,success,67.1,0
browser-use,Google_Search--12,C0,1,google.com,159,12,8,0,0,0,success,71.7,0
browser-use,Google_Search--13,C0,1,google.com,596,18,14,0,0,0,success,40.9,0
browser-use,Google_Search--14,C0,1,google.com,627,19,15,0,0,0,success,66.1,0
browser-use,Google_Search--15,C0,1,google.com,279,12,7,0,0,0,success,36.1,0
browser-use,Google_Search--16,C0,1,google.com,525,21,17,0,0,0,success,92.4,0
browser-use,Google_Search--17,C0,1,google.com,1000,32,26,0,0,0,success,52.3,0
browser-use,Google_Search--18,C0,1,google.com,925,19,15,0,0,0,success,59.3,0
browser-use,Google_Search--19,C0,1,google.com,386,14,10,0,0,0,success,48.4,0
browser-use,Google_Search--2,C0,1,google.com,702,20,16,0,0,0,success,30.4,0
browser-use,Google_Search--20,C0,1,google.com,655,19,15,0,0,0,success,55.4,0
browser-use,Google_Search--21,C0,1,google.com,167,14,8,0,0,0,success,55.2,0
browser-use,Google_Search--22,C0,1,google.com,263,23,13,0,0,0,success,39.8,0
browser-use,Google_Search--23,C0,1,google.com,185,13,9,0,0,0,success,70.0,0
browser-use,Google_Search--24,C0,1,google.com,523,17,13,0,0,0,success,47.0,0
browser-use,Google_Search--25,C0,1,google.com,153,23,19,0,0,0,success,40.4,0
browser-use,Google_Search--26,C0,1,google.com,621,16,12,0,0,0,success,70.4,0
browser-use,Google_Search--27,C0,1,google.com,382,39,32,0,0,0,success,50.3,0
browser-use,Google_Search--28,C0,1,google.com,1475,239,234,0,0,0,success,47.3,0
browser-use,Google_Search--29,C0,1,google.com,712,29,23,0,0,0,success,67.9,0
browser-use,Google_Search--3,C0,1,google.com,518,64,60,0,0,0,success,69.6,0
browser-use,Google_Search--30,C0,1,google.com,211,33,29,0,0,0,success,69.2,0
browser-use,Google_Search--31,C0,1,google.com,565,16,12,0,0,0,success,86.5,0
browser-use,Google_Search--32,C0,1,google.com,713,18,14,0,0,0,success,59.7,0
browser-use,Google_Search--33,C0,1,google.com,544,11,7,0,0,0,success,30.1,0
browser-use,Google_Search--34,C0,1,google.com,467,14,10,0,0,0,success,35.4,0
browser-use,Google_Search--35,C0,1,google.com,692,138,133,0,0,0,success,40.6,0
browser-use,Google_Search--36,C0,1,google.com,406,25,20,0,0,0,success,36.0,0
browser-use,Google_Search--37,C0,1,google.com,789,31,27,0,0,0,success,69.4,0
browser-use,Google_Search--38,C0,1,google.com,530,17,13,0,0,0,success,41.2,0
browser-use,Google_Search--39,C0,1,google.com,791,30,25,0,0,0,success,65.1,0
browser-use,Google_Search--4,C0,1,google.com,573,16,12,0,0,0,success,66.7,0
browser-use,Google_Search--40,C0,1,google.com,625,19,13,0,0,0,success,41.2,0
browser-use,Google_Search--41,C0,1,google.com,285,29,23,0,0,0,success,37.1,0
browser-use,Google_Search--42,C0,1,google.com,977,31,25,0,0,0,success,55.8,0
browser-use,Google_Search--5,C0,1,google.com,497,60,55,0,0,0,success,56.4,0
browser-use,Google_Search--6,C0,1,google.com,749,32,22,0,0,0,success,62.8,0
browser-use,Google_Search--7,C0,1,google.com,729,18,14,0,0,0,success,40.3,0
browser-use,Google_Search--8,C0,1,google.com,327,24,20,0,0,0,success,51.1,0
browser-use,Google_Search--9,C0,1,google.com,635,21,17,0,0,0,success,72.2,0
browser-use,Huggingface--0,C0,1,huggingface.co,455,20,18,0,0,0,success,33.3,0
browser-use,Huggingface--1,C0,1,huggingface.co,717,26,24,0,0,0,success,60.0,0
browser-use,Huggingface--10,C0,1,huggingface.co,394,14,14,0,0,0,success,73.1,0
browser-use,Huggingface--11,C0,1,huggingface.co,423,18,16,0,0,0,success,35.4,0
browser-use,Huggingface--12,C0,1,huggingface.co,509,20,18,0,0,0,success,51.0,0
browser-use,Huggingface--13,C0,1,huggingface.co,456,22,21,0,0,0,success,61.4,0
browser-use,Huggingface--14,C0,1,huggingface.co,217,20,19,0,0,0,success,20.5,0
browser-use,Huggingface--15,C0,1,huggingface.co,210,16,14,0,0,0,success,39.0,0
browser-use,Huggingface--16,C0,1,huggingface.co,411,16,14,0,0,0,success,25.9,0
browser-use,Huggingface--17,C0,1,huggingface.co,455,17,15,0,0,0,success,42.9,0
browser-use,Huggingface--18,C0,1,huggingface.co,498,28,27,0,0,0,success,50.9,0
browser-use,Huggingface--19,C0,1,huggingface.co,737,21,19,0,0,0,success,47.3,0
browser-use,Huggingface--2,C0,1,huggingface.co,1011,17,15,0,0,0,success,41.9,0
browser-use,Huggingface--20,C0,1,huggingface.co,242,16,14,0,0,0,success,50.8,0
browser-use,Huggingface--21,C0,1,huggingface.co,714,22,21,0,0,0,success,43.0,0
browser-use,Huggingface--22,C0,1,huggingface.co,339,23,22,0,0,0,success,57.4,0
browser-use,Huggingface--23,C0,1,huggingface.co,887,23,21,0,0,0,success,82.5,0
browser-use,Huggingface--24,C0,1,huggingface.co,213,16,14,0,0,0,success,36.4,0
browser-use,Huggingface--25,C0,1,huggingface.co,436,19,18,0,0,0,success,31.6,0
browser-use,Huggingface--26,C0,1,huggingface.co,407,21,19,0,0,0,success,59.7,0
browser-use,Huggingface--27,C0,1,huggingface.co,222,17,15,0,0,0,success,47.1,0
browser-use,Huggingface--28,C0,1,huggingface.co,422,18,16,0,0,0,success,32.0,0
browser-use,Huggingface--29,C0,1,huggingface.co,773,23,22,0,0,0,success,59.7,0
browser-use,Huggingface--3,C0,1,huggingface.co,225,16,14,0,0,0,success,27.9,0
browser-use,Huggingface--30,C0,1,huggingface.co,299,16,14,0,0,0,success,51.9,0
browser-use,Huggingface--31,C0,1,huggingface.co,286,18,16,0,0,0,success,37.3,0
browser-use,Huggingface--32,C0,1,huggingface.co,709,22,20,0,0,0,success,34.7,0
browser-use,Huggingface--33,C0,1,huggingface.co,542,17,17,0,0,0,success,37.7,0
browser-use,Huggingface--34,C0,1,huggingface.co,848,23,22,0,0,0,success,37.4,0
browser-use,Huggingface--35,C0,1,huggingface.co,272,17,14,0,0,0,success,31.1,0
browser-use,Huggingface--36,C0,1,huggingface.co,171,17,16,0,0,0,success,33.4,0
browser-use,Huggingface--37,C0,1,huggingface.co,519,22,20,0,0,0,success,39.8,0
browser-use,Huggingface--38,C0,1,huggingface.co,717,26,25,0,0,0,success,44.3,0
browser-use,Huggingface--39,C0,1,huggingface.co,262,23,22,0,0,0,success,64.9,0
browser-use,Huggingface--4,C0,1,huggingface.co,440,17,15,0,0,0,success,49.0,0
browser-use,Huggingface--40,C0,1,huggingface.co,168,17,16,0,0,0,success,30.7,0
browser-use,Huggingface--41,C0,1,huggingface.co,475,20,18,0,0,0,success,45.8,0
browser-use,Huggingface--42,C0,1,huggingface.co,764,23,22,0,0,0,success,78.0,0
browser-use,Huggingface--5,C0,1,huggingface.co,528,23,21,0,0,0,success,39.7,0
browser-use,Huggingface--6,C0,1,huggingface.co,452,20,18,0,0,0,success,37.5,0
browser-use,Huggingface--7,C0,1,huggingface.co,164,14,13,0,0,0,success,29.9,0
browser-use,Huggingface--8,C0,1,huggingface.co,908,32,32,0,0,0,success,38.2,0
browser-use,Huggingface--9,C0,1,huggingface.co,232,16,14,0,0,0,success,32.7,0
browser-use,Wolfram_Alpha--0,C0,1,wolframalpha.com,375,12,12,0,0,0,success,41.5,0
browser-use,Wolfram_Alpha--1,C0,1,wolframalpha.com,1124,173,173,0,0,0,success,44.0,0
browser-use,Wolfram_Alpha--10,C0,1,wolframalpha.com,588,15,15,0,0,0,success,64.2,0
browser-use,Wolfram_Alpha--11,C0,1,wolframalpha.com,513,14,14,0,0,0,success,77.1,0
browser-use,Wolfram_Alpha--12,C0,1,wolframalpha.com,347,14,14,0,0,0,success,47.3,0
browser-use,Wolfram_Alpha--13,C0,1,wolframalpha.com,589,69,69,0,0,0,success,66.5,0
browser-use,Wolfram_Alpha--14,C0,1,wolframalpha.com,540,16,16,0,0,0,success,48.3,0
browser-use,Wolfram_Alpha--15,C0,1,wolframalpha.com,655,19,19,0,0,0,success,49.2,0
browser-use,Wolfram_Alpha--16,C0,1,wolframalpha.com,584,22,22,0,0,0,success,44.7,0
browser-use,Wolfram_Alpha--17,C0,1,wolframalpha.com,665,18,18,0,0,0,success,44.3,0
browser-use,Wolfram_Alpha--18,C0,1,wolframalpha.com,557,22,22,0,0,0,success,75.8,0
browser-use,Wolfram_Alpha--19,C0,1,wolframalpha.com,408,13,13,0,0,0,success,48.8,0
browser-use,Wolfram_Alpha--2,C0,1,wolframalpha.com,8,5,5,0,0,0,success,5.9,0
browser-use,Wolfram_Alpha--20,C0,1,wolframalpha.com,60,8,6,0,0,0,success,30.3,0
browser-use,Wolfram_Alpha--21,C0,1,wolframalpha.com,414,17,15,0,0,0,success,37.8,0
browser-use,Wolfram_Alpha--22,C0,1,wolframalpha.com,275,13,13,0,0,0,success,30.8,0
browser-use,Wolfram_Alpha--23,C0,1,wolframalpha.com,140,11,9,0,0,0,success,31.7,0
browser-use,Wolfram_Alpha--24,C0,1,wolframalpha.com,88,10,8,0,0,0,success,22.3,0
browser-use,Wolfram_Alpha--25,C0,1,wolframalpha.com,77,9,9,0,0,0,success,23.6,0
browser-use,Wolfram_Alpha--26,C0,1,wolframalpha.com,9,5,5,0,0,0,success,17.7,0
browser-use,Wolfram_Alpha--27,C0,1,wolframalpha.com,908,140,140,0,0,0,success,58.6,0
browser-use,Wolfram_Alpha--28,C0,1,wolframalpha.com,160,10,10,0,0,0,success,56.9,0
browser-use,Wolfram_Alpha--29,C0,1,wolframalpha.com,142,13,11,0,0,0,success,36.9,0
browser-use,Wolfram_Alpha--3,C0,1,wolframalpha.com,67,10,8,0,0,0,success,25.9,0
browser-use,Wolfram_Alpha--30,C0,1,wolframalpha.com,585,13,13,0,0,0,success,74.0,0
browser-use,Wolfram_Alpha--31,C0,1,wolframalpha.com,97,11,9,0,0,0,success,13.3,0
browser-use,Wolfram_Alpha--32,C0,1,wolframalpha.com,117,13,11,0,0,0,success,40.1,0
browser-use,Wolfram_Alpha--33,C0,1,wolframalpha.com,106,11,9,0,0,0,success,31.6,0
browser-use,Wolfram_Alpha--34,C0,1,wolframalpha.com,167,11,9,0,0,0,success,40.3,0
browser-use,Wolfram_Alpha--35,C0,1,wolframalpha.com,123,12,10,0,0,0,success,40.4,0
browser-use,Wolfram_Alpha--36,C0,1,wolframalpha.com,98,9,9,0,0,0,success,60.3,0
browser-use,Wolfram_Alpha--37,C0,1,wolframalpha.com,121,18,18,0,0,0,success,54.5,0
browser-use,Wolfram_Alpha--38,C0,1,wolframalpha.com,187,14,12,0,0,0,success,59.0,0
browser-use,Wolfram_Alpha--39,C0,1,wolframalpha.com,281,11,9,0,0,0,success,48.4,0
browser-use,Wolfram_Alpha--4,C0,1,wolframalpha.com,522,14,14,0,0,0,success,68.8,0
browser-use,Wolfram_Alpha--40,C0,1,wolframalpha.com,656,14,14,0,0,0,success,36.9,0
browser-use,Wolfram_Alpha--41,C0,1,wolframalpha.com,512,36,36,0,0,0,success,54.1,0
browser-use,Wolfram_Alpha--42,C0,1,wolframalpha.com,9,5,5,0,0,0,success,6.3,0
browser-use,Wolfram_Alpha--43,C0,1,wolframalpha.com,215,17,17,0,0,0,success,53.3,0
browser-use,Wolfram_Alpha--44,C0,1,wolframalpha.com,533,12,12,0,0,0,success,40.9,0
browser-use,Wolfram_Alpha--45,C0,1,wolframalpha.com,257,21,21,0,0,0,success,62.8,0
browser-use,Wolfram_Alpha--5,C0,1,wolframalpha.com,137,12,10,0,0,0,success,23.9,0
browser-use,Wolfram_Alpha--6,C0,1,wolframalpha.com,107,10,8,0,0,0,success,44.3,0
browser-use,Wolfram_Alpha--7,C0,1,wolframalpha.com,664,20,20,0,0,0,success,71.5,0
browser-use,Wolfram_Alpha--8,C0,1,wolframalpha.com,8,5,5,0,0,0,success,8.5,0
browser-use,Wolfram_Alpha--9,C0,1,wolframalpha.com,424,17,17,0,0,0,success,40.8,0
browser-use,Allrecipes--0,C2,1,allrecipes.com,40,11,10,0,6,0,success,54.4,0
browser-use,Allrecipes--1,C2,1,allrecipes.com,49,11,10,0,4,0,success,72.0,0
browser-use,Allrecipes--10,C2,1,allrecipes.com,98,14,13,0,5,0,success,79.7,0
browser-use,Allrecipes--11,C2,1,allrecipes.com,784,120,117,0,25,0,success,42.4,0
browser-use,Allrecipes--12,C2,1,allrecipes.com,756,100,97,0,19,0,success,37.2,0
browser-use,Allrecipes--13,C2,1,allrecipes.com,1506,136,133,0,42,0,success,46.7,0
browser-use,Allrecipes--14,C2,1,allrecipes.com,1067,121,118,0,35,0,success,38.1,0
browser-use,Allrecipes--15,C2,1,allrecipes.com,623,110,107,0,18,0,success,41.0,0
browser-use,Allrecipes--16,C2,1,allrecipes.com,834,121,118,0,24,0,success,29.7,0
browser-use,Allrecipes--17,C2,1,allrecipes.com,141,14,13,0,4,0,success,71.7,0
browser-use,Allrecipes--18,C2,1,allrecipes.com,1209,134,131,0,32,0,success,51.4,0
browser-use,Allrecipes--19,C2,1,allrecipes.com,816,112,109,0,26,0,success,46.2,0
browser-use,Allrecipes--2,C2,1,allrecipes.com,104,12,11,0,4,0,success,40.8,0
browser-use,Allrecipes--20,C2,1,allrecipes.com,700,110,107,0,26,0,success,32.0,0
browser-use,Allrecipes--21,C2,1,allrecipes.com,1155,132,129,0,40,0,success,39.5,0
browser-use,Allrecipes--22,C2,1,allrecipes.com,1470,130,127,0,54,0,success,49.3,0
browser-use,Allrecipes--23,C2,1,allrecipes.com,644,107,104,0,18,0,success,42.9,0
browser-use,Allrecipes--24,C2,1,allrecipes.com,683,115,112,0,20,0,success,22.4,0
browser-use,Allrecipes--25,C2,1,allrecipes.com,872,122,119,0,23,0,success,34.1,0
browser-use,Allrecipes--26,C2,1,allrecipes.com,1080,127,124,0,35,0,success,42.6,0
browser-use,Allrecipes--27,C2,1,allrecipes.com,933,124,121,0,24,0,success,44.6,0
browser-use,Allrecipes--28,C2,1,allrecipes.com,731,121,118,0,23,0,success,32.8,0
browser-use,Allrecipes--29,C2,1,allrecipes.com,1462,128,125,0,55,0,success,48.5,0
browser-use,Allrecipes--3,C2,1,allrecipes.com,805,117,114,0,25,0,success,41.7,0
browser-use,Allrecipes--30,C2,1,allrecipes.com,1014,106,103,0,43,0,success,37.2,0
browser-use,Allrecipes--31,C2,1,allrecipes.com,1239,140,137,0,40,0,success,46.9,0
browser-use,Allrecipes--32,C2,1,allrecipes.com,742,116,113,0,26,0,success,30.4,0
browser-use,Allrecipes--33,C2,1,allrecipes.com,839,116,113,0,26,0,success,31.4,0
browser-use,Allrecipes--34,C2,1,allrecipes.com,754,126,123,0,23,0,success,37.3,0
browser-use,Allrecipes--35,C2,1,allrecipes.com,1233,129,126,0,44,0,success,42.9,0
browser-use,Allrecipes--36,C2,1,allrecipes.com,825,118,115,0,28,0,success,22.4,0
browser-use,Allrecipes--37,C2,1,allrecipes.com,812,122,119,0,23,0,success,33.1,0
browser-use,Allrecipes--38,C2,1,allrecipes.com,801,117,114,0,26,0,success,30.9,0
browser-use,Allrecipes--39,C2,1,allrecipes.com,1449,133,130,0,41,0,success,48.6,0
browser-use,Allrecipes--4,C2,1,allrecipes.com,97,12,11,0,5,0,success,79.0,0
browser-use,Allrecipes--40,C2,1,allrecipes.com,402,102,99,0,11,0,success,35.3,0
browser-use,Allrecipes--41,C2,1,allrecipes.com,33,10,9,0,3,0,success,25.4,0
browser-use,Allrecipes--42,C2,1,allrecipes.com,947,131,128,0,32,0,success,33.9,0
browser-use,Allrecipes--43,C2,1,allrecipes.com,588,109,106,0,17,0,success,46.5,0
browser-use,Allrecipes--44,C2,1,allrecipes.com,523,96,93,0,17,0,success,18.7,0
browser-use,Allrecipes--5,C2,1,allrecipes.com,66,10,10,0,4,0,success,55.1,0
browser-use,Allrecipes--6,C2,1,allrecipes.com,836,115,112,0,17,0,success,54.8,0
browser-use,Allrecipes--7,C2,1,allrecipes.com,126,15,14,0,10,0,success,72.3,0
browser-use,Allrecipes--8,C2,1,allrecipes.com,1075,130,127,0,29,0,success,43.4,0
browser-use,Allrecipes--9,C2,1,allrecipes.com,107,13,12,0,4,0,success,78.5,0
browser-use,Amazon--0,C2,1,amazon.com,140,15,14,0,4,0,success,26.1,0
browser-use,Amazon--1,C2,1,amazon.com,618,13,9,0,2,0,success,48.4,0
browser-use,Amazon--10,C2,1,amazon.com,757,12,8,0,4,0,success,49.6,0
browser-use,Amazon--11,C2,1,amazon.com,717,13,9,0,2,0,success,58.2,0
browser-use,Amazon--12,C2,1,amazon.com,823,13,9,0,3,0,success,37.4,0
browser-use,Amazon--13,C2,1,amazon.com,806,14,10,0,4,0,success,64.5,0
browser-use,Amazon--14,C2,1,amazon.com,672,13,9,0,4,0,success,47.2,0
browser-use,Amazon--15,C2,1,amazon.com,990,13,9,0,3,0,success,41.5,0
browser-use,Amazon--16,C2,1,amazon.com,52,10,9,0,4,0,success,73.5,0
browser-use,Amazon--17,C2,1,amazon.com,618,15,11,0,2,0,success,51.5,0
browser-use,Amazon--18,C2,1,amazon.com,591,12,9,0,2,0,success,32.2,0
browser-use,Amazon--19,C2,1,amazon.com,478,15,12,0,2,0,success,56.0,0
browser-use,Amazon--2,C2,1,amazon.com,108,13,12,0,4,0,success,77.9,0
browser-use,Amazon--20,C2,1,amazon.com,854,19,14,0,3,0,success,55.1,0
browser-use,Amazon--21,C2,1,amazon.com,714,17,12,0,4,0,success,58.0,0
browser-use,Amazon--22,C2,1,amazon.com,799,14,9,0,3,0,success,44.3,0
browser-use,Amazon--23,C2,1,amazon.com,665,13,9,0,2,0,success,56.3,0
browser-use,Amazon--24,C2,1,amazon.com,742,13,9,0,3,0,success,48.9,0
browser-use,Amazon--25,C2,1,amazon.com,976,13,9,0,3,0,success,42.7,0
browser-use,Amazon--26,C2,1,amazon.com,1014,15,11,0,5,0,success,53.2,0
browser-use,Amazon--27,C2,1,amazon.com,645,15,11,0,3,0,success,47.9,0
browser-use,Amazon--28,C2,1,amazon.com,783,13,9,0,3,0,success,38.9,0
browser-use,Amazon--29,C2,1,amazon.com,890,13,9,0,4,0,success,55.1,0
browser-use,Amazon--3,C2,1,amazon.com,674,17,13,0,2,0,success,49.3,0
browser-use,Amazon--30,C2,1,amazon.com,607,14,10,0,4,0,success,50.5,0
browser-use,Amazon--31,C2,1,amazon.com,903,13,9,0,3,0,success,55.1,0
browser-use,Amazon--32,C2,1,amazon.com,1046,13,9,0,5,0,success,73.8,0
browser-use,Amazon--33,C2,1,amazon.com,660,13,9,0,3,0,success,58.3,0
browser-use,Amazon--34,C2,1,amazon.com,862,14,9,0,3,0,success,50.9,0
browser-use,Amazon--35,C2,1,amazon.com,1452,15,10,0,7,0,success,61.3,0
browser-use,Amazon--36,C2,1,amazon.com,824,13,9,0,3,0,success,56.7,0
browser-use,Amazon--37,C2,1,amazon.com,805,13,9,0,3,0,success,32.3,0
browser-use,Amazon--38,C2,1,amazon.com,834,15,11,0,3,0,success,35.8,0
browser-use,Amazon--39,C2,1,amazon.com,910,15,10,0,5,0,success,39.4,0
browser-use,Amazon--4,C2,1,amazon.com,573,13,9,0,2,0,success,40.9,0
browser-use,Amazon--40,C2,1,amazon.com,939,14,9,0,4,0,success,64.9,0
browser-use,Amazon--5,C2,1,amazon.com,95,13,12,0,4,0,success,64.4,0
browser-use,Amazon--6,C2,1,amazon.com,573,13,9,0,2,0,success,50.1,0
browser-use,Amazon--7,C2,1,amazon.com,659,13,9,0,2,0,success,48.7,0
browser-use,Amazon--8,C2,1,amazon.com,546,13,9,0,2,0,success,42.2,0
browser-use,Amazon--9,C2,1,amazon.com,860,12,8,0,4,0,success,40.5,0
browser-use,Apple--0,C2,1,apple.com,302,8,5,0,0,0,success,40.1,0
browser-use,Apple--1,C2,1,apple.com,95,12,11,0,5,0,success,30.5,0
browser-use,Apple--10,C2,1,apple.com,45,10,9,0,3,0,success,38.4,0
browser-use,Apple--11,C2,1,apple.com,48,10,9,0,3,0,success,79.7,0
browser-use,Apple--12,C2,1,apple.com,98,11,7,0,0,0,success,13.0,0
browser-use,Apple--13,C2,1,apple.com,57,12,11,0,4,0,success,47.4,0
browser-use,Apple--14,C2,1,apple.com,242,10,6,0,0,0,success,36.4,0
browser-use,Apple--15,C2,1,apple.com,43,10,9,0,4,0,success,67.8,0
browser-use,Apple--16,C2,1,apple.com,153,8,5,0,0,0,success,35.4,0
browser-use,Apple--17,C2,1,apple.com,238,12,9,0,0,0,success,32.6,0
browser-use,Apple--18,C2,1,apple.com,41,12,11,0,6,0,success,32.3,0
browser-use,Apple--19,C2,1,apple.com,223,8,5,0,0,0,success,38.3,0
browser-use,Apple--2,C2,1,apple.com,185,9,6,0,1,0,success,61.7,0
browser-use,Apple--20,C2,1,apple.com,147,16,15,0,4,0,success,41.9,0
browser-use,Apple--21,C2,1,apple.com,236,8,5,0,0,0,success,27.1,0
browser-use,Apple--22,C2,1,apple.com,103,9,7,0,0,0,success,42.7,0
browser-use,Apple--23,C2,1,apple.com,183,9,6,0,0,0,success,20.1,0
browser-use,Apple--24,C2,1,apple.com,271,9,6,0,0,0,success,30.8,0
browser-use,Apple--25,C2,1,apple.com,239,10,7,0,0,0,success,23.0,0
browser-use,Apple--26,C2,1,apple.com,41,9,8,0,4,0,success,46.3,0
browser-use,Apple--27,C2,1,apple.com,46,10,9,0,4,0,success,68.9,0
browser-use,Apple--28,C2,1,apple.com,45,11,10,0,5,0,success,40.8,0
browser-use,Apple--29,C2,1,apple.com,295,8,5,0,0,0,success,31.6,0
browser-use,Apple--3,C2,1,apple.com,46,11,11,0,4,0,success,40.6,0
browser-use,Apple--30,C2,1,apple.com,307,10,6,0,0,0,success,35.4,0
browser-use,Apple--31,C2,1,apple.com,48,10,9,0,5,0,success,75.5,0
browser-use,Apple--32,C2,1,apple.com,38,10,9,0,5,0,success,29.5,0
browser-use,Apple--33,C2,1,apple.com,146,13,12,0,4,0,success,25.6,0
browser-use,Apple--34,C2,1,apple.com,94,12,11,0,4,0,success,26.8,0
browser-use,Apple--35,C2,1,apple.com,108,10,7,0,0,0,success,37.9,0
browser-use,Apple--36,C2,1,apple.com,95,12,10,0,5,0,success,29.7,0
browser-use,Apple--37,C2,1,apple.com,38,11,10,0,5,0,success,31.8,0
browser-use,Apple--38,C2,1,apple.com,105,13,12,0,4,0,success,73.4,0
browser-use,Apple--39,C2,1,apple.com,142,11,7,0,0,0,success,31.5,0
browser-use,Apple--4,C2,1,apple.com,284,12,8,0,0,0,success,54.1,0
browser-use,Apple--40,C2,1,apple.com,127,7,5,0,0,0,success,29.1,0
browser-use,Apple--41,C2,1,apple.com,428,12,8,0,0,0,success,52.3,0
browser-use,Apple--42,C2,1,apple.com,208,8,5,0,0,0,success,40.7,0
browser-use,Apple--5,C2,1,apple.com,103,12,11,0,4,0,success,38.9,0
browser-use,Apple--6,C2,1,apple.com,160,8,5,0,0,0,success,37.3,0
browser-use,Apple--7,C2,1,apple.com,93,11,10,0,4,0,success,66.4,0
browser-use,Apple--8,C2,1,apple.com,51,13,12,0,5,0,success,82.3,0
browser-use,Apple--9,C2,1,apple.com,284,10,6,0,0,0,success,47.8,0
browser-use,ArXiv--0,C2,1,arxiv.org,98,13,12,0,5,0,success,75.8,0
browser-use,ArXiv--1,C2,1,arxiv.org,53,12,10,0,0,0,success,137.0,0
browser-use,ArXiv--10,C2,1,arxiv.org,107,16,13,0,0,0,success,15.3,0
browser-use,ArXiv--11,C2,1,arxiv.org,49,11,11,0,4,0,success,72.0,0
browser-use,ArXiv--12,C2,1,arxiv.org,93,11,10,0,4,0,success,63.3,0
browser-use,ArXiv--13,C2,1,arxiv.org,58,10,8,0,0,0,success,25.7,0
browser-use,ArXiv--14,C2,1,arxiv.org,37,10,8,0,0,0,success,45.8,0
browser-use,ArXiv--15,C2,1,arxiv.org,45,10,8,0,0,0,success,36.9,0
browser-use,ArXiv--16,C2,1,arxiv.org,83,11,9,0,0,0,success,68.4,0
browser-use,ArXiv--17,C2,1,arxiv.org,89,11,10,0,2,0,success,46.7,0
browser-use,ArXiv--18,C2,1,arxiv.org,93,11,10,0,4,0,success,33.4,0
browser-use,ArXiv--19,C2,1,arxiv.org,58,11,10,0,4,0,success,72.8,0
browser-use,ArXiv--2,C2,1,arxiv.org,52,9,7,0,0,0,success,16.5,0
browser-use,ArXiv--20,C2,1,arxiv.org,83,13,11,0,0,0,success,49.6,0
browser-use,ArXiv--21,C2,1,arxiv.org,40,12,10,0,0,0,success,39.2,0
browser-use,ArXiv--22,C2,1,arxiv.org,96,12,11,0,5,0,success,72.8,0
browser-use,ArXiv--23,C2,1,arxiv.org,78,12,10,0,0,0,success,60.4,0
browser-use,ArXiv--24,C2,1,arxiv.org,94,15,13,0,0,0,success,64.8,0
browser-use,ArXiv--25,C2,1,arxiv.org,52,10,9,0,5,0,success,70.9,0
browser-use,ArXiv--26,C2,1,arxiv.org,38,12,10,0,0,0,success,37.5,0
browser-use,ArXiv--27,C2,1,arxiv.org,65,14,11,0,1,0,success,27.8,0
browser-use,ArXiv--28,C2,1,arxiv.org,61,12,10,0,0,0,success,51.9,0
browser-use,ArXiv--29,C2,1,arxiv.org,50,10,8,0,0,0,success,39.2,0
browser-use,ArXiv--3,C2,1,arxiv.org,85,11,9,0,0,0,success,30.7,0
browser-use,ArXiv--30,C2,1,arxiv.org,112,16,13,0,0,0,success,42.8,0
browser-use,ArXiv--31,C2,1,arxiv.org,40,12,10,0,0,0,success,31.2,0
browser-use,ArXiv--32,C2,1,arxiv.org,61,12,10,0,0,0,success,40.0,0
browser-use,ArXiv--33,C2,1,arxiv.org,51,10,8,0,0,0,success,78.1,0
browser-use,ArXiv--34,C2,1,arxiv.org,78,13,11,0,0,0,success,41.6,0
browser-use,ArXiv--35,C2,1,arxiv.org,44,7,5,0,0,0,success,32.2,0
browser-use,ArXiv--36,C2,1,arxiv.org,61,12,10,0,0,0,success,39.0,0
browser-use,ArXiv--37,C2,1,arxiv.org,95,11,10,0,5,0,success,66.2,0
browser-use,ArXiv--38,C2,1,arxiv.org,40,12,10,0,6,0,success,30.2,0
browser-use,ArXiv--39,C2,1,arxiv.org,97,13,12,0,5,0,success,73.0,0
browser-use,ArXiv--4,C2,1,arxiv.org,45,7,5,0,0,0,success,24.5,0
browser-use,ArXiv--40,C2,1,arxiv.org,57,9,7,0,0,0,success,50.3,0
browser-use,ArXiv--41,C2,1,arxiv.org,91,11,10,0,3,0,success,30.7,0
browser-use,ArXiv--42,C2,1,arxiv.org,95,11,10,0,5,0,success,33.7,0
browser-use,ArXiv--5,C2,1,arxiv.org,68,12,10,0,0,0,success,38.8,0
browser-use,ArXiv--6,C2,1,arxiv.org,95,12,11,0,5,0,success,31.1,0
browser-use,ArXiv--7,C2,1,arxiv.org,69,12,10,0,0,0,success,34.6,0
browser-use,ArXiv--8,C2,1,arxiv.org,70,15,11,0,1,0,success,41.7,0
browser-use,ArXiv--9,C2,1,arxiv.org,84,13,11,0,0,0,success,47.3,0
browser-use,BBC_News--0,C2,1,bbc.com,175,13,13,0,3,0,success,60.7,0
browser-use,BBC_News--1,C2,1,bbc.com,585,70,67,0,25,0,success,42.4,0
browser-use,BBC_News--10,C2,1,bbc.com,363,22,21,0,6,0,success,74.5,0
browser-use,BBC_News--11,C2,1,bbc.com,47,11,11,0,5,0,success,78.1,0
browser-use,BBC_News--12,C2,1,bbc.com,52,11,10,0,5,0,success,36.1,0
browser-use,BBC_News--13,C2,1,bbc.com,98,14,13,0,5,0,success,36.1,0
browser-use,BBC_News--14,C2,1,bbc.com,406,50,47,0,14,0,success,31.3,0
browser-use,BBC_News--15,C2,1,bbc.com,102,12,12,0,0,0,success,32.8,0
browser-use,BBC_News--16,C2,1,bbc.com,94,11,11,0,5,0,success,73.8,0
browser-use,BBC_News--17,C2,1,bbc.com,560,58,55,0,19,0,success,42.9,0
browser-use,BBC_News--18,C2,1,bbc.com,95,11,11,0,5,0,success,77.6,0
browser-use,BBC_News--19,C2,1,bbc.com,103,12,12,0,3,0,success,60.2,0
browser-use,BBC_News--2,C2,1,bbc.com,98,13,12,0,5,0,success,80.5,0
browser-use,BBC_News--20,C2,1,bbc.com,436,60,57,0,14,0,success,40.2,0
browser-use,BBC_News--21,C2,1,bbc.com,371,60,57,0,14,0,success,17.9,0
browser-use,BBC_News--22,C2,1,bbc.com,442,63,60,0,14,0,success,28.8,0
browser-use,BBC_News--23,C2,1,bbc.com,383,58,55,0,10,0,success,71.2,0
browser-use,BBC_News--24,C2,1,bbc.com,630,66,63,0,24,0,success,42.7,0
browser-use,BBC_News--25,C2,1,bbc.com,642,63,60,0,20,0,success,42.9,0
browser-use,BBC_News--26,C2,1,bbc.com,92,11,10,0,4,0,success,30.5,0
browser-use,BBC_News--27,C2,1,bbc.com,489,58,55,0,16,0,success,35.9,0
browser-use,BBC_News--28,C2,1,bbc.com,524,59,56,0,12,0,success,35.4,0
browser-use,BBC_News--29,C2,1,bbc.com,208,15,14,0,4,0,success,73.9,0
browser-use,BBC_News--3,C2,1,bbc.com,36,11,11,0,4,0,success,121.8,0
browser-use,BBC_News--30,C2,1,bbc.com,51,10,10,0,4,0,success,74.1,0
browser-use,BBC_News--31,C2,1,bbc.com,181,14,14,0,3,0,success,67.7,0
browser-use,BBC_News--32,C2,1,bbc.com,92,12,12,0,3,0,success,64.5,0
browser-use,BBC_News--33,C2,1,bbc.com,521,63,60,0,23,0,success,38.1,0
browser-use,BBC_News--34,C2,1,bbc.com,37,11,11,0,4,0,success,55.2,0
browser-use,BBC_News--35,C2,1,bbc.com,355,40,40,0,1,0,success,33.3,0
browser-use,BBC_News--36,C2,1,bbc.com,64,10,9,0,4,0,success,42.7,0
browser-use,BBC_News--37,C2,1,bbc.com,103,12,11,0,4,0,success,45.2,0
browser-use,BBC_News--38,C2,1,bbc.com,96,14,14,0,5,0,success,33.0,0
browser-use,BBC_News--39,C2,1,bbc.com,48,9,9,0,5,0,success,74.3,0
browser-use,BBC_News--4,C2,1,bbc.com,49,11,10,0,5,0,success,79.0,0
browser-use,BBC_News--40,C2,1,bbc.com,389,59,56,0,16,0,success,38.2,0
browser-use,BBC_News--41,C2,1,bbc.com,247,24,23,0,3,0,success,38.5,0
browser-use,BBC_News--5,C2,1,bbc.com,88,11,11,0,2,0,success,30.0,0
browser-use,BBC_News--6,C2,1,bbc.com,454,63,60,0,16,0,success,26.1,0
browser-use,BBC_News--7,C2,1,bbc.com,103,11,11,0,4,0,success,72.3,0
browser-use,BBC_News--8,C2,1,bbc.com,48,10,9,0,5,0,success,76.3,0
browser-use,BBC_News--9,C2,1,bbc.com,126,13,13,0,4,0,success,75.4,0
browser-use,Booking--0,C2,1,booking.com,58,11,10,0,4,0,success,47.0,0
browser-use,Booking--1,C2,1,booking.com,767,43,36,0,19,0,success,57.7,0
browser-use,Booking--10,C2,1,booking.com,529,41,35,0,6,0,success,45.1,0
browser-use,Booking--11,C2,1,booking.com,774,47,41,0,23,0,success,43.3,0
browser-use,Booking--12,C2,1,booking.com,48,10,9,0,5,0,success,39.2,0
browser-use,Booking--13,C2,1,booking.com,299,35,30,0,3,0,success,57.4,0
browser-use,Booking--14,C2,1,booking.com,94,12,11,0,4,0,success,78.8,0
browser-use,Booking--15,C2,1,booking.com,42,11,10,0,6,0,success,78.8,0
browser-use,Booking--16,C2,1,booking.com,594,41,35,0,6,0,success,57.4,0
browser-use,Booking--17,C2,1,booking.com,295,39,34,0,3,0,success,43.1,0
browser-use,Booking--18,C2,1,booking.com,308,39,34,0,3,0,success,40.8,0
browser-use,Booking--19,C2,1,booking.com,41,13,12,0,6,0,success,36.3,0
browser-use,Booking--2,C2,1,booking.com,98,14,13,0,5,0,success,79.7,0
browser-use,Booking--20,C2,1,booking.com,325,36,31,0,3,0,success,45.1,0
browser-use,Booking--21,C2,1,booking.com,628,43,36,0,9,0,success,52.4,0
browser-use,Booking--22,C2,1,booking.com,302,35,30,0,3,0,success,44.8,0
browser-use,Booking--23,C2,1,booking.com,310,35,30,0,3,0,success,45.8,0
browser-use,Booking--24,C2,1,booking.com,370,19,18,0,5,0,success,41.4,0
browser-use,Booking--25,C2,1,booking.com,310,35,30,0,3,0,success,43.8,0
browser-use,Booking--26,C2,1,booking.com,778,44,37,0,19,0,success,47.2,0
browser-use,Booking--27,C2,1,booking.com,562,44,38,0,13,0,success,49.2,0
browser-use,Booking--28,C2,1,booking.com,315,37,32,0,3,0,success,43.1,0
browser-use,Booking--29,C2,1,booking.com,835,40,33,0,6,0,success,46.7,0
browser-use,Booking--3,C2,1,booking.com,51,11,10,0,5,0,success,75.0,0
browser-use,Booking--30,C2,1,booking.com,307,35,30,0,3,0,success,44.9,0
browser-use,Booking--31,C2,1,booking.com,719,40,33,0,9,0,success,50.5,0
browser-use,Booking--32,C2,1,booking.com,320,35,30,0,3,0,success,46.5,0
browser-use,Booking--33,C2,1,booking.com,97,12,11,0,5,0,success,56.3,0
browser-use,Booking--34,C2,1,booking.com,315,38,33,0,3,0,success,39.0,0
browser-use,Booking--35,C2,1,booking.com,50,11,10,0,5,0,success,77.3,0
browser-use,Booking--36,C2,1,booking.com,318,35,30,0,3,0,success,47.7,0
browser-use,Booking--37,C2,1,booking.com,50,12,11,0,5,0,success,38.5,0
browser-use,Booking--38,C2,1,booking.com,325,35,30,0,3,0,success,53.7,0
browser-use,Booking--39,C2,1,booking.com,1278,37,30,0,9,0,success,50.2,0
browser-use,Booking--4,C2,1,booking.com,363,39,34,0,3,0,success,55.6,0
browser-use,Booking--40,C2,1,booking.com,42,13,12,0,6,0,success,29.5,0
browser-use,Booking--41,C2,1,booking.com,290,35,30,0,3,0,success,20.4,0
browser-use,Booking--42,C2,1,booking.com,717,43,37,0,23,0,success,51.9,0
browser-use,Booking--43,C2,1,booking.com,102,22,22,0,6,0,success,30.5,0
browser-use,Booking--5,C2,1,booking.com,567,39,33,0,9,0,success,46.5,0
browser-use,Booking--6,C2,1,booking.com,301,39,34,0,3,0,success,51.4,0
browser-use,Booking--7,C2,1,booking.com,325,37,32,0,3,0,success,44.5,0
browser-use,Booking--8,C2,1,booking.com,94,14,13,0,5,0,success,34.9,0
browser-use,Booking--9,C2,1,booking.com,96,13,12,0,5,0,success,78.7,0
browser-use,Cambridge_Dictionary--0,C2,1,cambridge.org,243,71,70,0,7,0,success,46.8,0
browser-use,Cambridge_Dictionary--1,C2,1,cambridge.org,94,12,12,0,4,0,success,68.3,0
browser-use,Cambridge_Dictionary--10,C2,1,cambridge.org,98,13,13,0,5,0,success,78.1,0
browser-use,Cambridge_Dictionary--11,C2,1,cambridge.org,141,15,15,0,4,0,success,72.7,0
browser-use,Cambridge_Dictionary--12,C2,1,cambridge.org,50,11,10,0,5,0,success,38.0,0
browser-use,Cambridge_Dictionary--13,C2,1,cambridge.org,192,71,70,0,8,0,success,54.3,0
browser-use,Cambridge_Dictionary--14,C2,1,cambridge.org,190,71,70,0,8,0,success,29.7,0
browser-use,Cambridge_Dictionary--15,C2,1,cambridge.org,140,14,13,0,3,0,success,83.2,0
browser-use,Cambridge_Dictionary--16,C2,1,cambridge.org,197,70,69,0,8,0,success,42.9,0
browser-use,Cambridge_Dictionary--17,C2,1,cambridge.org,41,11,10,0,6,0,success,65.0,0
browser-use,Cambridge_Dictionary--18,C2,1,cambridge.org,192,70,69,0,7,0,success,41.8,0
browser-use,Cambridge_Dictionary--19,C2,1,cambridge.org,182,69,68,0,7,0,success,49.7,0
browser-use,Cambridge_Dictionary--2,C2,1,cambridge.org,97,13,12,0,5,0,success,33.4,0
browser-use,Cambridge_Dictionary--20,C2,1,cambridge.org,189,70,69,0,7,0,success,48.3,0
browser-use,Cambridge_Dictionary--21,C2,1,cambridge.org,241,73,72,0,7,0,success,29.7,0
browser-use,Cambridge_Dictionary--22,C2,1,cambridge.org,188,67,66,0,8,0,success,40.0,0
browser-use,Cambridge_Dictionary--23,C2,1,cambridge.org,92,11,10,0,4,0,success,63.1,0
browser-use,Cambridge_Dictionary--24,C2,1,cambridge.org,178,67,66,0,7,0,success,38.1,0
browser-use,Cambridge_Dictionary--25,C2,1,cambridge.org,190,69,68,0,8,0,success,45.0,0
browser-use,Cambridge_Dictionary--26,C2,1,cambridge.org,260,77,76,0,13,0,success,32.7,0
browser-use,Cambridge_Dictionary--27,C2,1,cambridge.org,259,72,71,0,9,0,success,53.5,0
browser-use,Cambridge_Dictionary--28,C2,1,cambridge.org,243,73,72,0,9,0,success,28.7,0
browser-use,Cambridge_Dictionary--29,C2,1,cambridge.org,191,71,70,0,8,0,success,34.2,0
browser-use,Cambridge_Dictionary--3,C2,1,cambridge.org,100,14,14,0,5,0,success,30.8,0
browser-use,Cambridge_Dictionary--30,C2,1,cambridge.org,102,11,10,0,4,0,success,72.5,0
browser-use,Cambridge_Dictionary--31,C2,1,cambridge.org,258,72,71,0,9,0,success,63.6,0
browser-use,Cambridge_Dictionary--32,C2,1,cambridge.org,40,10,9,0,6,0,success,27.2,0
browser-use,Cambridge_Dictionary--33,C2,1,cambridge.org,105,11,10,0,4,0,success,70.4,0
browser-use,Cambridge_Dictionary--34,C2,1,cambridge.org,194,71,70,0,9,0,success,26.4,0
browser-use,Cambridge_Dictionary--35,C2,1,cambridge.org,179,62,61,0,11,0,success,25.5,0
browser-use,Cambridge_Dictionary--36,C2,1,cambridge.org,194,71,70,0,8,0,success,47.8,0
browser-use,Cambridge_Dictionary--37,C2,1,cambridge.org,157,59,58,0,8,0,success,29.8,0
browser-use,Cambridge_Dictionary--38,C2,1,cambridge.org,49,10,9,0,5,0,success,35.8,0
browser-use,Cambridge_Dictionary--39,C2,1,cambridge.org,105,12,12,0,2,0,success,34.7,0
browser-use,Cambridge_Dictionary--4,C2,1,cambridge.org,92,11,10,0,4,0,success,30.2,0
browser-use,Cambridge_Dictionary--40,C2,1,cambridge.org,312,91,91,0,22,0,success,43.3,0
browser-use,Cambridge_Dictionary--41,C2,1,cambridge.org,93,11,10,0,4,0,success,30.2,0
browser-use,Cambridge_Dictionary--42,C2,1,cambridge.org,200,75,74,0,14,0,success,36.5,0
browser-use,Cambridge_Dictionary--5,C2,1,cambridge.org,40,12,12,0,5,0,success,70.2,0
browser-use,Cambridge_Dictionary--6,C2,1,cambridge.org,39,10,9,0,6,0,success,77.4,0
browser-use,Cambridge_Dictionary--7,C2,1,cambridge.org,95,11,10,0,4,0,success,29.7,0
browser-use,Cambridge_Dictionary--8,C2,1,cambridge.org,186,68,67,0,8,0,success,30.2,0
browser-use,Cambridge_Dictionary--9,C2,1,cambridge.org,261,77,76,0,14,0,success,31.7,0
browser-use,Coursera--0,C2,1,coursera.org,101,11,10,0,3,0,success,68.7,0
browser-use,Coursera--1,C2,1,coursera.org,466,11,10,0,0,0,success,19.7,0
browser-use,Coursera--10,C2,1,coursera.org,464,11,10,0,0,0,success,43.4,0
browser-use,Coursera--11,C2,1,coursera.org,429,11,10,0,0,0,success,34.9,0
browser-use,Coursera--12,C2,1,coursera.org,480,11,10,0,0,0,success,25.0,0
browser-use,Coursera--13,C2,1,coursera.org,439,11,10,0,0,0,success,32.9,0
browser-use,Coursera--14,C2,1,coursera.org,483,11,10,0,0,0,success,44.7,0
browser-use,Coursera--15,C2,1,coursera.org,35,11,10,0,3,0,success,29.8,0
browser-use,Coursera--16,C2,1,coursera.org,39,10,9,0,5,0,success,68.5,0
browser-use,Coursera--17,C2,1,coursera.org,414,12,11,0,0,0,success,43.2,0
browser-use,Coursera--18,C2,1,coursera.org,48,10,9,0,5,0,success,36.8,0
browser-use,Coursera--19,C2,1,coursera.org,462,11,10,0,0,0,success,19.3,0
browser-use,Coursera--2,C2,1,coursera.org,50,10,9,0,5,0,success,77.5,0
browser-use,Coursera--20,C2,1,coursera.org,411,11,10,0,0,0,success,42.8,0
browser-use,Coursera--21,C2,1,coursera.org,470,11,10,0,0,0,success,25.1,0
browser-use,Coursera--22,C2,1,coursera.org,49,11,10,0,5,0,success,36.4,0
browser-use,Coursera--23,C2,1,coursera.org,485,11,10,0,0,0,success,26.5,0
browser-use,Coursera--24,C2,1,coursera.org,353,11,10,0,0,0,success,44.0,0
browser-use,Coursera--25,C2,1,coursera.org,464,11,10,0,0,0,success,37.2,0
browser-use,Coursera--26,C2,1,coursera.org,438,11,10,0,0,0,success,38.8,0
browser-use,Coursera--27,C2,1,coursera.org,436,11,10,0,0,0,success,35.6,0
browser-use,Coursera--28,C2,1,coursera.org,358,11,10,0,0,0,success,47.4,0
browser-use,Coursera--29,C2,1,coursera.org,53,11,10,0,5,0,success,63.1,0
browser-use,Coursera--3,C2,1,coursera.org,414,11,10,0,0,0,success,39.6,0
browser-use,Coursera--30,C2,1,coursera.org,531,13,12,0,0,0,success,34.4,0
browser-use,Coursera--31,C2,1,coursera.org,485,11,10,0,0,0,success,35.2,0
browser-use,Coursera--32,C2,1,coursera.org,388,11,10,0,0,0,success,43.8,0
browser-use,Coursera--33,C2,1,coursera.org,497,11,10,0,0,0,success,37.8,0
browser-use,Coursera--34,C2,1,coursera.org,54,11,10,0,5,0,success,39.3,0
browser-use,Coursera--35,C2,1,coursera.org,482,13,12,0,3,0,success,34.3,0
browser-use,Coursera--36,C2,1,coursera.org,400,13,12,0,0,0,success,26.0,0
browser-use,Coursera--37,C2,1,coursera.org,306,11,10,0,0,0,success,42.4,0
browser-use,Coursera--38,C2,1,coursera.org,314,11,10,0,0,0,success,47.9,0
browser-use,Coursera--39,C2,1,coursera.org,93,11,10,0,5,0,success,29.6,0
browser-use,Coursera--4,C2,1,coursera.org,481,11,10,0,0,0,success,27.4,0
browser-use,Coursera--40,C2,1,coursera.org,49,11,10,0,5,0,success,38.8,0
browser-use,Coursera--41,C2,1,coursera.org,258,12,11,0,0,0,success,21.4,0
browser-use,Coursera--5,C2,1,coursera.org,47,10,9,0,5,0,success,36.8,0
browser-use,Coursera--6,C2,1,coursera.org,613,11,10,0,0,0,success,47.0,0
browser-use,Coursera--7,C2,1,coursera.org,443,11,10,0,0,0,success,41.4,0
browser-use,Coursera--8,C2,1,coursera.org,370,11,10,0,0,0,success,40.6,0
browser-use,Coursera--9,C2,1,coursera.org,404,11,10,0,0,0,success,51.8,0
browser-use,ESPN--0,C2,1,espn.com,96,12,11,0,5,0,success,28.7,0
browser-use,ESPN--1,C2,1,espn.com,415,63,52,0,15,0,success,49.5,0
browser-use,ESPN--10,C2,1,espn.com,1113,63,51,0,28,0,success,49.4,0
browser-use,ESPN--11,C2,1,espn.com,94,13,13,0,4,0,success,26.9,0
browser-use,ESPN--12,C2,1,espn.com,454,52,42,0,17,0,success,26.2,0
browser-use,ESPN--13,C2,1,espn.com,351,49,40,0,20,0,success,36.1,0
browser-use,ESPN--14,C2,1,espn.com,300,60,49,0,15,0,success,32.8,0
browser-use,ESPN--15,C2,1,espn.com,97,14,13,0,5,0,success,78.0,0
browser-use,ESPN--16,C2,1,espn.com,40,11,11,0,6,0,success,77.6,0
browser-use,ESPN--17,C2,1,espn.com,37,11,10,0,5,0,success,28.0,0
browser-use,ESPN--18,C2,1,espn.com,368,46,38,0,16,0,success,49.1,0
browser-use,ESPN--19,C2,1,espn.com,94,13,12,0,4,0,success,69.5,0
browser-use,ESPN--2,C2,1,espn.com,307,35,27,0,14,0,success,49.7,0
browser-use,ESPN--20,C2,1,espn.com,382,60,49,0,20,0,success,40.1,0
browser-use,ESPN--21,C2,1,espn.com,517,62,51,0,33,0,success,48.2,0
browser-use,ESPN--22,C2,1,espn.com,96,13,12,0,5,0,success,77.4,0
browser-use,ESPN--23,C2,1,espn.com,144,15,14,0,4,0,success,28.3,0
browser-use,ESPN--24,C2,1,espn.com,610,69,56,0,25,0,success,68.5,0
browser-use,ESPN--25,C2,1,espn.com,39,12,12,0,6,0,success,28.9,0
browser-use,ESPN--26,C2,1,espn.com,308,35,26,0,14,0,success,43.2,0
browser-use,ESPN--27,C2,1,espn.com,450,56,46,0,30,0,success,59.9,0
browser-use,ESPN--28,C2,1,espn.com,104,12,12,0,4,0,success,40.8,0
browser-use,ESPN--29,C2,1,espn.com,506,60,48,0,20,0,success,39.7,0
browser-use,ESPN--3,C2,1,espn.com,313,59,48,0,14,0,success,44.0,0
browser-use,ESPN--30,C2,1,espn.com,358,33,25,0,14,0,success,35.7,0
browser-use,ESPN--31,C2,1,espn.com,49,12,11,0,5,0,success,38.4,0
browser-use,ESPN--32,C2,1,espn.com,523,67,54,0,22,0,success,41.9,0
browser-use,ESPN--33,C2,1,espn.com,46,10,9,0,4,0,success,38.5,0
browser-use,ESPN--34,C2,1,espn.com,589,55,45,0,42,0,success,44.7,0
browser-use,ESPN--35,C2,1,espn.com,467,60,49,0,21,0,success,36.1,0
browser-use,ESPN--36,C2,1,espn.com,91,12,11,0,3,0,success,29.6,0
browser-use,ESPN--37,C2,1,espn.com,137,16,16,0,4,0,success,28.8,0
browser-use,ESPN--38,C2,1,espn.com,47,10,10,0,5,0,success,74.5,0
browser-use,ESPN--39,C2,1,espn.com,38,10,9,0,5,0,success,28.1,0
browser-use,ESPN--4,C2,1,espn.com,324,59,48,0,14,0,success,39.1,0
browser-use,ESPN--40,C2,1,espn.com,104,11,10,0,4,0,success,71.8,0
browser-use,ESPN--41,C2,1,espn.com,57,10,9,0,4,0,success,44.5,0
browser-use,ESPN--42,C2,1,espn.com,57,10,9,0,4,0,success,75.5,0
browser-use,ESPN--43,C2,1,espn.com,40,10,9,0,6,0,success,44.2,0
browser-use,ESPN--5,C2,1,espn.com,41,12,11,0,6,0,success,30.6,0
browser-use,ESPN--6,C2,1,espn.com,94,13,12,0,4,0,success,68.2,0
browser-use,ESPN--7,C2,1,espn.com,548,63,51,0,33,0,success,44.6,0
browser-use,ESPN--8,C2,1,espn.com,205,33,25,0,7,0,success,22.1,0
browser-use,ESPN--9,C2,1,espn.com,675,54,44,0,33,0,success,64.4,0
browser-use,GitHub--0,C2,1,github.com,231,12,9,0,0,0,success,26.3,0
browser-use,GitHub--1,C2,1,github.com,37,10,9,0,5,0,success,54.6,0
browser-use,GitHub--10,C2,1,github.com,97,12,12,0,5,0,success,32.5,0
browser-use,GitHub--11,C2,1,github.com,206,11,8,0,0,0,success,24.3,0
browser-use,GitHub--12,C2,1,github.com,378,13,10,0,0,0,success,37.1,0
browser-use,GitHub--13,C2,1,github.com,318,11,8,0,0,0,success,35.0,0
browser-use,GitHub--14,C2,1,github.com,94,11,10,0,5,0,success,76.9,0
browser-use,GitHub--15,C2,1,github.com,255,12,9,0,0,0,success,20.3,0
browser-use,GitHub--16,C2,1,github.com,97,13,10,0,5,0,success,30.6,0
browser-use,GitHub--17,C2,1,github.com,251,12,9,0,0,0,success,21.3,0
browser-use,GitHub--18,C2,1,github.com,244,10,7,0,0,0,success,20.0,0
browser-use,GitHub--19,C2,1,github.com,240,11,8,0,0,0,success,24.7,0
browser-use,GitHub--2,C2,1,github.com,255,10,7,0,0,0,success,55.1,0
browser-use,GitHub--20,C2,1,github.com,41,12,10,0,6,0,success,28.1,0
browser-use,GitHub--21,C2,1,github.com,242,13,10,0,2,0,success,28.3,0
browser-use,GitHub--22,C2,1,github.com,428,11,8,0,0,0,success,40.8,0
browser-use,GitHub--23,C2,1,github.com,39,11,10,0,5,0,success,70.5,0
browser-use,GitHub--24,C2,1,github.com,487,14,11,0,0,0,success,49.6,0
browser-use,GitHub--25,C2,1,github.com,235,11,8,0,0,0,success,18.2,0
browser-use,GitHub--26,C2,1,github.com,47,10,9,0,4,0,success,38.0,0
browser-use,GitHub--27,C2,1,github.com,165,10,7,0,0,0,success,16.5,0
browser-use,GitHub--28,C2,1,github.com,217,10,7,0,0,0,success,59.7,0
browser-use,GitHub--29,C2,1,github.com,92,11,10,0,4,0,success,29.0,0
browser-use,GitHub--3,C2,1,github.com,38,10,9,0,5,0,success,66.6,0
browser-use,GitHub--30,C2,1,github.com,272,10,7,0,0,0,success,47.9,0
browser-use,GitHub--31,C2,1,github.com,94,12,10,0,4,0,success,67.5,0
browser-use,GitHub--32,C2,1,github.com,258,12,9,0,0,0,success,27.4,0
browser-use,GitHub--33,C2,1,github.com,186,11,8,0,0,0,success,25.8,0
browser-use,GitHub--34,C2,1,github.com,240,12,9,0,0,0,success,19.3,0
browser-use,GitHub--35,C2,1,github.com,46,10,9,0,4,0,success,35.6,0
browser-use,GitHub--36,C2,1,github.com,245,11,8,0,1,0,success,47.1,0
browser-use,GitHub--37,C2,1,github.com,40,11,9,0,6,0,success,63.1,0
browser-use,GitHub--38,C2,1,github.com,267,12,9,0,0,0,success,16.9,0
browser-use,GitHub--39,C2,1,github.com,140,10,7,0,0,0,success,15.5,0
browser-use,GitHub--4,C2,1,github.com,286,12,9,0,0,0,success,26.5,0
browser-use,GitHub--40,C2,1,github.com,205,10,7,0,0,0,success,21.3,0
browser-use,GitHub--5,C2,1,github.com,241,10,7,0,0,0,success,23.6,0
browser-use,GitHub--6,C2,1,github.com,218,10,7,0,0,0,success,28.0,0
browser-use,GitHub--7,C2,1,github.com,95,11,10,0,5,0,success,29.9,0
browser-use,GitHub--8,C2,1,github.com,96,13,12,0,5,0,success,30.1,0
browser-use,GitHub--9,C2,1,github.com,226,10,7,0,0,0,success,22.3,0
browser-use,Google_Flights--0,C2,1,google.com,101,12,8,0,3,0,success,41.1,0
browser-use,Google_Flights--1,C2,1,google.com,150,20,14,0,1,0,success,42.5,0
browser-use,Google_Flights--10,C2,1,google.com,129,17,11,0,0,0,success,47.8,0
browser-use,Google_Flights--11,C2,1,google.com,111,17,11,0,0,0,success,52.4,0
browser-use,Google_Flights--12,C2,1,google.com,98,17,11,0,0,0,success,45.2,0
browser-use,Google_Flights--13,C2,1,google.com,182,14,8,0,3,0,success,27.7,0
browser-use,Google_Flights--14,C2,1,google.com,161,19,13,0,0,0,success,53.3,0
browser-use,Google_Flights--15,C2,1,google.com,66,10,6,0,7,0,success,69.6,0
browser-use,Google_Flights--16,C2,1,google.com,99,17,11,0,0,0,success,44.2,0
browser-use,Google_Flights--17,C2,1,google.com,104,18,12,0,1,0,success,56.1,0
browser-use,Google_Flights--18,C2,1,google.com,145,18,12,0,1,0,success,48.1,0
browser-use,Google_Flights--19,C2,1,google.com,101,19,13,0,2,0,success,65.3,0
browser-use,Google_Flights--2,C2,1,google.com,145,15,9,0,0,0,success,55.2,0
browser-use,Google_Flights--20,C2,1,google.com,192,14,8,0,2,0,success,58.8,0
browser-use,Google_Flights--21,C2,1,google.com,86,15,9,0,0,0,success,35.5,0
browser-use,Google_Flights--22,C2,1,google.com,42,12,8,0,6,0,success,34.0,0
browser-use,Google_Flights--23,C2,1,google.com,89,15,9,0,0,0,success,37.7,0
browser-use,Google_Flights--24,C2,1,google.com,130,17,11,0,0,0,success,47.9,0
browser-use,Google_Flights--25,C2,1,google.com,156,19,13,0,0,0,success,46.5,0
browser-use,Google_Flights--26,C2,1,google.com,160,19,13,0,2,0,success,44.7,0
browser-use,Google_Flights--27,C2,1,google.com,110,18,12,0,3,0,success,73.8,0
browser-use,Google_Flights--28,C2,1,google.com,166,19,13,0,0,0,success,52.0,0
browser-use,Google_Flights--29,C2,1,google.com,96,13,9,0,4,0,success,71.8,0
browser-use,Google_Flights--3,C2,1,google.com,151,20,14,0,4,0,success,82.7,0
browser-use,Google_Flights--30,C2,1,google.com,113,17,11,0,0,0,success,47.2,0
browser-use,Google_Flights--31,C2,1,google.com,246,20,16,0,0,0,success,43.4,0
browser-use,Google_Flights--32,C2,1,google.com,217,18,12,0,0,0,success,54.4,0
browser-use,Google_Flights--33,C2,1,google.com,99,17,11,0,0,0,success,46.0,0
browser-use,Google_Flights--34,C2,1,google.com,121,17,11,0,0,0,success,46.6,0
browser-use,Google_Flights--35,C2,1,google.com,157,15,9,0,3,0,success,39.0,0
browser-use,Google_Flights--36,C2,1,google.com,117,17,11,0,0,0,success,37.4,0
browser-use,Google_Flights--37,C2,1,google.com,54,12,8,0,6,0,success,24.5,0
browser-use,Google_Flights--38,C2,1,google.com,99,15,9,0,0,0,success,48.0,0
browser-use,Google_Flights--39,C2,1,google.com,111,11,5,0,1,0,success,73.7,0
browser-use,Google_Flights--4,C2,1,google.com,140,19,13,0,0,0,success,46.9,0
browser-use,Google_Flights--40,C2,1,google.com,238,18,12,0,0,0,success,46.5,0
browser-use,Google_Flights--41,C2,1,google.com,159,17,11,0,0,0,success,45.1,0
browser-use,Google_Flights--5,C2,1,google.com,165,18,12,0,1,0,success,64.3,0
browser-use,Google_Flights--6,C2,1,google.com,165,21,15,0,2,0,success,70.9,0
browser-use,Google_Flights--7,C2,1,google.com,55,10,6,0,7,0,success,74.1,0
browser-use,Google_Flights--8,C2,1,google.com,139,15,9,0,0,0,success,40.5,0
browser-use,Google_Flights--9,C2,1,google.com,159,17,11,0,0,0,success,48.7,0
browser-use,Google_Map--0,C2,1,google.com,410,17,10,0,0,0,success,25.7,0
browser-use,Google_Map--1,C2,1,google.com,928,17,10,0,0,0,success,28.2,0
browser-use,Google_Map--10,C2,1,google.com,95,11,7,0,5,0,success,72.8,0
browser-use,Google_Map--11,C2,1,google.com,98,14,10,0,5,0,success,33.9,0
browser-use,Google_Map--12,C2,1,google.com,666,16,9,0,1,0,success,41.4,0
browser-use,Google_Map--13,C2,1,google.com,731,16,9,0,2,0,success,37.0,0
browser-use,Google_Map--14,C2,1,google.com,509,17,10,0,1,0,success,72.0,0
browser-use,Google_Map--15,C2,1,google.com,676,19,12,0,2,0,success,63.5,0
browser-use,Google_Map--16,C2,1,google.com,35,10,6,0,4,0,success,59.9,0
browser-use,Google_Map--17,C2,1,google.com,792,17,10,0,3,0,success,51.1,0
browser-use,Google_Map--18,C2,1,google.com,375,16,10,0,0,0,success,30.2,0
browser-use,Google_Map--19,C2,1,google.com,614,18,11,0,4,0,success,71.5,0
browser-use,Google_Map--2,C2,1,google.com,95,12,8,0,5,0,success,28.9,0
browser-use,Google_Map--20,C2,1,google.com,384,17,10,0,3,0,success,39.7,0
browser-use,Google_Map--21,C2,1,google.com,344,17,10,0,2,0,success,28.0,0
browser-use,Google_Map--22,C2,1,google.com,101,11,7,0,5,0,success,28.4,0
browser-use,Google_Map--23,C2,1,google.com,521,17,10,0,1,0,success,46.2,0
browser-use,Google_Map--24,C2,1,google.com,397,19,12,0,4,0,success,74.2,0
browser-use,Google_Map--25,C2,1,google.com,92,11,7,0,4,0,success,29.8,0
browser-use,Google_Map--26,C2,1,google.com,682,16,9,0,0,0,success,41.8,0
browser-use,Google_Map--27,C2,1,google.com,456,16,9,0,0,0,success,13.8,0
browser-use,Google_Map--28,C2,1,google.com,359,15,7,0,0,0,success,24.4,0
browser-use,Google_Map--29,C2,1,google.com,93,12,8,0,4,0,success,69.9,0
browser-use,Google_Map--3,C2,1,google.com,386,16,8,0,1,0,success,54.3,0
browser-use,Google_Map--30,C2,1,google.com,358,17,10,0,4,0,success,32.6,0
browser-use,Google_Map--31,C2,1,google.com,615,18,11,0,0,0,success,24.9,0
browser-use,Google_Map--32,C2,1,google.com,1048,19,12,0,0,0,success,43.3,0
browser-use,Google_Map--33,C2,1,google.com,97,13,9,0,5,0,success,66.6,0
browser-use,Google_Map--34,C2,1,google.com,457,18,11,0,4,0,success,41.6,0
browser-use,Google_Map--35,C2,1,google.com,103,12,8,0,4,0,success,38.6,0
browser-use,Google_Map--36,C2,1,google.com,381,16,9,0,1,0,success,43.1,0
browser-use,Google_Map--37,C2,1,google.com,688,18,11,0,2,0,success,59.1,0
browser-use,Google_Map--38,C2,1,google.com,1043,19,10,0,2,0,success,64.6,0
browser-use,Google_Map--39,C2,1,google.com,975,16,9,0,1,0,success,53.3,0
browser-use,Google_Map--4,C2,1,google.com,43,11,7,0,6,0,success,29.9,0
browser-use,Google_Map--40,C2,1,google.com,644,21,14,0,4,0,success,72.8,0
browser-use,Google_Map--5,C2,1,google.com,147,14,8,0,3,0,success,36.6,0
browser-use,Google_Map--6,C2,1,google.com,104,13,9,0,5,0,success,75.6,0
browser-use,Google_Map--7,C2,1,google.com,102,12,8,0,3,0,success,39.5,0
browser-use,Google_Map--8,C2,1,google.com,425,18,11,0,3,0,success,68.9,0
browser-use,Google_Map--9,C2,1,google.com,36,11,7,0,4,0,success,25.4,0
browser-use,Google_Search--0,C2,1,google.com,104,12,8,0,4,0,success,78.9,0
browser-use,Google_Search--1,C2,1,google.com,91,11,7,0,3,0,success,27.5,0
browser-use,Google_Search--10,C2,1,google.com,41,11,7,0,6,0,success,68.9,0
browser-use,Google_Search--11,C2,1,google.com,37,11,7,0,4,0,success,29.9,0
browser-use,Google_Search--12,C2,1,google.com,104,12,8,0,4,0,success,38.3,0
browser-use,Google_Search--13,C2,1,google.com,97,13,9,0,5,0,success,28.8,0
browser-use,Google_Search--14,C2,1,google.com,93,11,7,0,4,0,success,62.9,0
browser-use,Google_Search--15,C2,1,google.com,26,10,6,0,5,0,success,52.0,0
browser-use,Google_Search--16,C2,1,google.com,29,9,5,0,4,0,success,28.9,0
browser-use,Google_Search--17,C2,1,google.com,93,12,8,0,4,0,success,69.2,0
browser-use,Google_Search--18,C2,1,google.com,103,11,7,0,4,0,success,38.0,0
browser-use,Google_Search--19,C2,1,google.com,104,11,7,0,4,0,success,72.6,0
browser-use,Google_Search--2,C2,1,google.com,0,0,0,0,0,0,,,
browser-use,Google_Search--20,C2,1,google.com,95,11,7,0,5,0,success,30.3,0
browser-use,Google_Search--21,C2,1,google.com,96,13,9,0,5,0,success,30.6,0
browser-use,Google_Search--22,C2,1,google.com,248,23,13,0,1,0,success,45.7,0
browser-use,Google_Search--23,C2,1,google.com,90,12,8,0,3,0,success,25.5,0
browser-use,Google_Search--24,C2,1,google.com,95,12,8,0,5,0,success,30.8,0
browser-use,Google_Search--25,C2,1,google.com,100,15,11,0,5,0,success,77.2,0
browser-use,Google_Search--26,C2,1,google.com,95,13,9,0,5,0,success,30.3,0
browser-use,Google_Search--27,C2,1,google.com,156,14,8,0,2,0,success,32.3,0
browser-use,Google_Search--28,C2,1,google.com,105,12,8,0,4,0,success,40.6,0
browser-use,Google_Search--29,C2,1,google.com,98,14,10,0,5,0,success,77.1,0
browser-use,Google_Search--3,C2,1,google.com,154,15,9,0,3,0,success,74.8,0
browser-use,Google_Search--30,C2,1,google.com,40,9,5,0,5,0,success,67.5,0
browser-use,Google_Search--31,C2,1,google.com,97,12,8,0,5,0,success,30.5,0
browser-use,Google_Search--32,C2,1,google.com,42,13,9,0,5,0,success,36.1,0
browser-use,Google_Search--33,C2,1,google.com,293,12,8,0,2,0,success,58.2,0
browser-use,Google_Search--34,C2,1,google.com,57,11,7,0,4,0,success,79.5,0
browser-use,Google_Search--35,C2,1,google.com,483,55,50,0,12,0,success,47.5,0
browser-use,Google_Search--36,C2,1,google.com,93,12,8,0,4,0,success,31.8,0
browser-use,Google_Search--37,C2,1,google.com,51,12,8,0,5,0,success,78.7,0
browser-use,Google_Search--38,C2,1,google.com,93,11,7,0,4,0,success,63.5,0
browser-use,Google_Search--39,C2,1,google.com,83,12,8,0,3,0,success,64.3,0
browser-use,Google_Search--4,C2,1,google.com,24,8,4,0,4,0,success,55.4,0
browser-use,Google_Search--40,C2,1,google.com,66,10,6,0,3,0,success,73.8,0
browser-use,Google_Search--41,C2,1,google.com,53,10,6,0,3,0,success,68.8,0
browser-use,Google_Search--42,C2,1,google.com,101,14,8,0,4,0,success,65.2,0
browser-use,Google_Search--5,C2,1,google.com,151,15,9,0,3,0,success,31.5,0
browser-use,Google_Search--6,C2,1,google.com,251,28,17,0,2,0,success,61.6,0
browser-use,Google_Search--7,C2,1,google.com,42,11,7,0,5,0,success,50.3,0
browser-use,Google_Search--8,C2,1,google.com,85,11,7,0,5,0,success,29.7,0
browser-use,Google_Search--9,C2,1,google.com,157,15,9,0,3,0,success,33.7,0
browser-use,Huggingface--0,C2,1,huggingface.co,418,17,15,0,4,0,success,41.2,0
browser-use,Huggingface--1,C2,1,huggingface.co,93,12,10,0,4,0,success,32.1,0
browser-use,Huggingface--10,C2,1,huggingface.co,422,19,17,0,5,0,success,32.6,0
browser-use,Huggingface--11,C2,1,huggingface.co,295,14,12,0,2,0,success,31.1,0
browser-use,Huggingface--12,C2,1,huggingface.co,395,13,11,0,5,0,success,48.8,0
browser-use,Huggingface--13,C2,1,huggingface.co,217,18,17,0,5,0,success,30.4,0
browser-use,Huggingface--14,C2,1,huggingface.co,47,10,9,0,4,0,success,35.9,0
browser-use,Huggingface--15,C2,1,huggingface.co,204,13,11,0,1,0,success,34.4,0
browser-use,Huggingface--16,C2,1,huggingface.co,398,12,10,0,4,0,success,32.4,0
browser-use,Huggingface--17,C2,1,huggingface.co,242,13,11,0,2,0,success,32.9,0
browser-use,Huggingface--18,C2,1,huggingface.co,39,10,9,0,6,0,success,29.6,0
browser-use,Huggingface--19,C2,1,huggingface.co,39,9,8,0,6,0,success,67.3,0
browser-use,Huggingface--2,C2,1,huggingface.co,482,12,10,0,4,0,success,45.1,0
browser-use,Huggingface--20,C2,1,huggingface.co,207,13,11,0,2,0,success,42.1,0
browser-use,Huggingface--21,C2,1,huggingface.co,88,11,10,0,2,0,success,38.1,0
browser-use,Huggingface--22,C2,1,huggingface.co,40,10,9,0,6,0,success,72.1,0
browser-use,Huggingface--23,C2,1,huggingface.co,468,13,11,0,2,0,success,40.0,0
browser-use,Huggingface--24,C2,1,huggingface.co,199,13,11,0,1,0,success,36.6,0
browser-use,Huggingface--25,C2,1,huggingface.co,39,11,10,0,5,0,success,67.9,0
browser-use,Huggingface--26,C2,1,huggingface.co,93,11,10,0,4,0,success,34.4,0
browser-use,Huggingface--27,C2,1,huggingface.co,153,13,12,0,1,0,success,25.4,0
browser-use,Huggingface--28,C2,1,huggingface.co,97,11,10,0,5,0,success,76.9,0
browser-use,Huggingface--29,C2,1,huggingface.co,47,10,9,0,5,0,success,78.6,0
browser-use,Huggingface--3,C2,1,huggingface.co,212,13,11,0,1,0,success,35.9,0
browser-use,Huggingface--30,C2,1,huggingface.co,205,13,11,0,2,0,success,33.4,0
browser-use,Huggingface--31,C2,1,huggingface.co,226,13,11,0,3,0,success,44.2,0
browser-use,Huggingface--32,C2,1,huggingface.co,444,20,18,0,5,0,success,31.6,0
browser-use,Huggingface--33,C2,1,huggingface.co,93,12,11,0,4,0,success,30.7,0
browser-use,Huggingface--34,C2,1,huggingface.co,96,11,10,0,5,0,success,65.9,0
browser-use,Huggingface--35,C2,1,huggingface.co,250,14,11,0,2,0,success,21.1,0
browser-use,Huggingface--36,C2,1,huggingface.co,37,10,9,0,5,0,success,27.4,0
browser-use,Huggingface--37,C2,1,huggingface.co,104,13,12,0,4,0,success,66.0,0
browser-use,Huggingface--38,C2,1,huggingface.co,50,11,10,0,5,0,success,38.9,0
browser-use,Huggingface--39,C2,1,huggingface.co,270,14,13,0,3,0,success,55.6,0
browser-use,Huggingface--4,C2,1,huggingface.co,483,17,15,0,6,0,success,37.1,0
browser-use,Huggingface--40,C2,1,huggingface.co,97,12,11,0,5,0,success,73.3,0
browser-use,Huggingface--41,C2,1,huggingface.co,412,17,15,0,4,0,success,27.5,0
browser-use,Huggingface--42,C2,1,huggingface.co,48,9,8,0,5,0,success,66.5,0
browser-use,Huggingface--5,C2,1,huggingface.co,421,17,15,0,2,0,success,21.2,0
browser-use,Huggingface--6,C2,1,huggingface.co,49,10,9,0,5,0,success,38.5,0
browser-use,Huggingface--7,C2,1,huggingface.co,340,13,10,0,2,0,success,25.8,0
browser-use,Huggingface--8,C2,1,huggingface.co,94,13,12,0,4,0,success,69.5,0
browser-use,Huggingface--9,C2,1,huggingface.co,210,13,11,0,1,0,success,31.8,0
browser-use,Wolfram_Alpha--0,C2,1,wolframalpha.com,134,12,11,0,1,0,success,19.2,0
browser-use,Wolfram_Alpha--1,C2,1,wolframalpha.com,99,12,12,0,4,0,success,71.7,0
browser-use,Wolfram_Alpha--10,C2,1,wolframalpha.com,112,11,11,0,3,0,success,82.7,0
browser-use,Wolfram_Alpha--11,C2,1,wolframalpha.com,61,10,10,0,4,0,success,48.5,0
browser-use,Wolfram_Alpha--12,C2,1,wolframalpha.com,94,12,12,0,4,0,success,34.1,0
browser-use,Wolfram_Alpha--13,C2,1,wolframalpha.com,91,11,11,0,3,0,success,34.1,0
browser-use,Wolfram_Alpha--14,C2,1,wolframalpha.com,155,15,15,0,3,0,success,78.5,0
browser-use,Wolfram_Alpha--15,C2,1,wolframalpha.com,82,9,9,0,0,0,success,23.3,0
browser-use,Wolfram_Alpha--16,C2,1,wolframalpha.com,98,12,12,0,3,0,success,42.0,0
browser-use,Wolfram_Alpha--17,C2,1,wolframalpha.com,46,10,10,0,4,0,success,38.1,0
browser-use,Wolfram_Alpha--18,C2,1,wolframalpha.com,97,13,12,0,5,0,success,34.4,0
browser-use,Wolfram_Alpha--19,C2,1,wolframalpha.com,53,10,10,0,5,0,success,67.8,0
browser-use,Wolfram_Alpha--2,C2,1,wolframalpha.com,70,7,7,0,0,0,success,14.7,0
browser-use,Wolfram_Alpha--20,C2,1,wolframalpha.com,9,5,5,0,0,0,success,5.5,0
browser-use,Wolfram_Alpha--21,C2,1,wolframalpha.com,92,10,8,0,0,0,success,36.2,0
browser-use,Wolfram_Alpha--22,C2,1,wolframalpha.com,85,10,10,0,1,0,success,27.0,0
browser-use,Wolfram_Alpha--23,C2,1,wolframalpha.com,195,11,9,0,0,0,success,33.6,0
browser-use,Wolfram_Alpha--24,C2,1,wolframalpha.com,154,12,10,0,0,0,success,43.7,0
browser-use,Wolfram_Alpha--25,C2,1,wolframalpha.com,85,10,10,0,1,0,success,25.9,0
browser-use,Wolfram_Alpha--26,C2,1,wolframalpha.com,85,10,10,0,1,0,success,23.2,0
browser-use,Wolfram_Alpha--27,C2,1,wolframalpha.com,146,15,15,0,4,0,success,27.0,0
browser-use,Wolfram_Alpha--28,C2,1,wolframalpha.com,96,13,13,0,4,0,success,36.0,0
browser-use,Wolfram_Alpha--29,C2,1,wolframalpha.com,37,11,9,0,4,0,success,66.4,0
browser-use,Wolfram_Alpha--3,C2,1,wolframalpha.com,88,11,10,0,2,0,success,34.2,0
browser-use,Wolfram_Alpha--30,C2,1,wolframalpha.com,96,12,12,0,5,0,success,75.0,0
browser-use,Wolfram_Alpha--31,C2,1,wolframalpha.com,93,9,7,0,0,0,success,16.8,0
browser-use,Wolfram_Alpha--32,C2,1,wolframalpha.com,109,12,10,0,1,0,success,31.7,0
browser-use,Wolfram_Alpha--33,C2,1,wolframalpha.com,119,11,9,0,0,0,success,30.6,0
browser-use,Wolfram_Alpha--34,C2,1,wolframalpha.com,168,11,9,0,0,0,success,36.0,0
browser-use,Wolfram_Alpha--35,C2,1,wolframalpha.com,83,9,9,0,0,0,success,34.5,0
browser-use,Wolfram_Alpha--36,C2,1,wolframalpha.com,90,11,10,0,2,0,success,35.8,0
browser-use,Wolfram_Alpha--37,C2,1,wolframalpha.com,138,13,13,0,3,0,success,30.7,0
browser-use,Wolfram_Alpha--38,C2,1,wolframalpha.com,36,11,10,0,4,0,success,71.2,0
browser-use,Wolfram_Alpha--39,C2,1,wolframalpha.com,189,11,9,0,0,0,success,65.5,0
browser-use,Wolfram_Alpha--4,C2,1,wolframalpha.com,90,13,13,0,4,0,success,41.0,0
browser-use,Wolfram_Alpha--40,C2,1,wolframalpha.com,97,13,13,0,5,0,success,37.3,0
browser-use,Wolfram_Alpha--41,C2,1,wolframalpha.com,34,10,10,0,3,0,success,47.1,0
browser-use,Wolfram_Alpha--42,C2,1,wolframalpha.com,9,5,5,0,0,0,success,7.0,0
browser-use,Wolfram_Alpha--43,C2,1,wolframalpha.com,56,12,12,0,5,0,success,49.4,0
browser-use,Wolfram_Alpha--44,C2,1,wolframalpha.com,91,10,10,0,2,0,success,41.5,0
browser-use,Wolfram_Alpha--45,C2,1,wolframalpha.com,91,11,11,0,3,0,success,72.1,0
browser-use,Wolfram_Alpha--5,C2,1,wolframalpha.com,81,10,8,0,0,0,success,25.9,0
browser-use,Wolfram_Alpha--6,C2,1,wolframalpha.com,25,7,7,0,0,0,success,55.6,0
browser-use,Wolfram_Alpha--7,C2,1,wolframalpha.com,38,10,10,0,5,0,success,35.1,0
browser-use,Wolfram_Alpha--8,C2,1,wolframalpha.com,94,12,12,0,4,0,success,43.6,0
browser-use,Wolfram_Alpha--9,C2,1,wolframalpha.com,94,13,13,0,4,0,success,33.0,0
browser-use,Allrecipes--0,C5,1,allrecipes.com,371,14,13,0,0,0,success,46.0,0
browser-use,Allrecipes--1,C5,1,allrecipes.com,795,104,103,0,0,0,success,43.4,0
browser-use,Allrecipes--10,C5,1,allrecipes.com,588,17,17,0,0,0,agent_error,164.5,0
browser-use,Allrecipes--11,C5,1,allrecipes.com,145,11,10,0,0,0,success,37.0,0
browser-use,Allrecipes--12,C5,1,allrecipes.com,173,12,11,0,0,0,success,67.9,0
browser-use,Allrecipes--13,C5,1,allrecipes.com,102,8,7,0,0,0,success,32.6,0
browser-use,Allrecipes--14,C5,1,allrecipes.com,559,16,15,0,0,0,success,65.1,0
browser-use,Allrecipes--15,C5,1,allrecipes.com,181,12,11,0,0,0,success,60.9,0
browser-use,Allrecipes--16,C5,1,allrecipes.com,562,14,13,0,0,0,success,34.7,0
browser-use,Allrecipes--17,C5,1,allrecipes.com,566,16,15,0,0,0,success,35.4,0
browser-use,Allrecipes--18,C5,1,allrecipes.com,197,12,11,0,0,0,success,59.5,0
browser-use,Allrecipes--19,C5,1,allrecipes.com,201,15,14,0,0,0,success,52.5,0
browser-use,Allrecipes--2,C5,1,allrecipes.com,1131,104,103,0,0,0,success,69.3,0
browser-use,Allrecipes--20,C5,1,allrecipes.com,555,21,20,0,0,0,success,66.1,0
browser-use,Allrecipes--21,C5,1,allrecipes.com,532,14,13,0,0,0,success,58.7,0
browser-use,Allrecipes--22,C5,1,allrecipes.com,542,17,16,0,0,0,success,58.6,0
browser-use,Allrecipes--23,C5,1,allrecipes.com,172,15,14,0,0,0,success,51.7,0
browser-use,Allrecipes--24,C5,1,allrecipes.com,586,16,15,0,0,0,success,35.4,0
browser-use,Allrecipes--25,C5,1,allrecipes.com,177,12,11,0,0,0,success,57.6,0
browser-use,Allrecipes--26,C5,1,allrecipes.com,167,12,11,0,0,0,success,38.4,0
browser-use,Allrecipes--27,C5,1,allrecipes.com,206,12,11,0,0,0,success,65.0,0
browser-use,Allrecipes--28,C5,1,allrecipes.com,158,12,11,0,0,0,success,60.6,0
browser-use,Allrecipes--29,C5,1,allrecipes.com,188,12,11,0,0,0,success,32.3,0
browser-use,Allrecipes--3,C5,1,allrecipes.com,122,12,11,0,0,0,success,51.5,0
browser-use,Allrecipes--30,C5,1,allrecipes.com,502,14,13,0,0,0,success,34.7,0
browser-use,Allrecipes--31,C5,1,allrecipes.com,442,17,16,0,0,0,success,37.4,0
browser-use,Allrecipes--32,C5,1,allrecipes.com,153,12,11,0,0,0,success,52.3,0
browser-use,Allrecipes--33,C5,1,allrecipes.com,553,16,15,0,0,0,success,66.8,0
browser-use,Allrecipes--34,C5,1,allrecipes.com,181,10,9,0,0,0,success,32.4,0
browser-use,Allrecipes--35,C5,1,allrecipes.com,851,16,15,0,0,0,success,59.8,0
browser-use,Allrecipes--36,C5,1,allrecipes.com,526,15,14,0,0,0,success,59.7,0
browser-use,Allrecipes--37,C5,1,allrecipes.com,189,10,9,0,0,0,success,28.3,0
browser-use,Allrecipes--38,C5,1,allrecipes.com,155,12,11,0,0,0,success,59.3,0
browser-use,Allrecipes--39,C5,1,allrecipes.com,175,12,11,0,0,0,success,54.3,0
browser-use,Allrecipes--4,C5,1,allrecipes.com,862,18,17,0,0,0,success,67.4,0
browser-use,Allrecipes--40,C5,1,allrecipes.com,966,17,16,0,0,0,success,63.2,0
browser-use,Allrecipes--41,C5,1,allrecipes.com,121,12,11,0,0,0,success,44.0,0
browser-use,Allrecipes--42,C5,1,allrecipes.com,443,14,13,0,0,0,success,36.8,0
browser-use,Allrecipes--43,C5,1,allrecipes.com,553,16,15,0,0,0,success,64.8,0
browser-use,Allrecipes--44,C5,1,allrecipes.com,701,33,32,0,0,0,success,66.5,0
browser-use,Allrecipes--5,C5,1,allrecipes.com,569,15,14,0,0,0,success,34.7,0
browser-use,Allrecipes--6,C5,1,allrecipes.com,391,81,81,0,0,0,success,44.2,0
browser-use,Allrecipes--7,C5,1,allrecipes.com,666,16,15,0,0,0,success,71.4,0
browser-use,Allrecipes--8,C5,1,allrecipes.com,195,10,9,0,0,0,success,43.0,0
browser-use,Allrecipes--9,C5,1,allrecipes.com,1042,34,33,0,0,0,success,79.5,0
browser-use,Amazon--0,C5,1,amazon.com,944,65,61,0,0,0,success,49.9,0
browser-use,Amazon--1,C5,1,amazon.com,1307,69,65,0,0,0,success,54.2,0
browser-use,Amazon--10,C5,1,amazon.com,1430,53,49,0,0,0,success,46.6,0
browser-use,Amazon--11,C5,1,amazon.com,913,61,57,0,0,0,success,57.6,0
browser-use,Amazon--12,C5,1,amazon.com,974,56,51,0,0,0,success,42.0,0
browser-use,Amazon--13,C5,1,amazon.com,833,59,55,0,0,0,success,55.7,0
browser-use,Amazon--14,C5,1,amazon.com,996,55,51,0,0,0,success,58.7,0
browser-use,Amazon--15,C5,1,amazon.com,789,54,50,0,0,0,success,56.0,0
browser-use,Amazon--16,C5,1,amazon.com,754,61,57,0,0,0,success,41.9,0
browser-use,Amazon--17,C5,1,amazon.com,749,60,56,0,0,0,success,48.6,0
browser-use,Amazon--18,C5,1,amazon.com,567,52,49,0,0,0,success,27.1,0
browser-use,Amazon--19,C5,1,amazon.com,445,54,50,0,0,0,success,54.1,0
browser-use,Amazon--2,C5,1,amazon.com,303,29,29,0,0,0,success,49.2,0
browser-use,Amazon--20,C5,1,amazon.com,709,59,55,0,0,0,success,43.7,0
browser-use,Amazon--21,C5,1,amazon.com,964,59,54,0,0,0,success,46.4,0
browser-use,Amazon--22,C5,1,amazon.com,937,62,57,0,0,0,success,53.5,0
browser-use,Amazon--23,C5,1,amazon.com,1364,58,54,0,0,0,success,76.4,0
browser-use,Amazon--24,C5,1,amazon.com,1083,55,51,0,0,0,success,51.1,0
browser-use,Amazon--25,C5,1,amazon.com,717,57,53,0,0,0,success,59.4,0
browser-use,Amazon--26,C5,1,amazon.com,690,50,46,0,0,0,success,55.9,0
browser-use,Amazon--27,C5,1,amazon.com,674,58,54,0,0,0,success,47.8,0
browser-use,Amazon--28,C5,1,amazon.com,895,57,52,0,0,0,success,39.9,0
browser-use,Amazon--29,C5,1,amazon.com,809,61,57,0,0,0,success,59.4,0
browser-use,Amazon--3,C5,1,amazon.com,90,12,12,0,0,0,success,73.8,0
browser-use,Amazon--30,C5,1,amazon.com,768,52,48,0,0,0,success,57.4,0
browser-use,Amazon--31,C5,1,amazon.com,708,55,51,0,0,0,success,48.5,0
browser-use,Amazon--32,C5,1,amazon.com,935,58,54,0,0,0,success,52.8,0
browser-use,Amazon--33,C5,1,amazon.com,1275,53,49,0,0,0,success,47.9,0
browser-use,Amazon--34,C5,1,amazon.com,671,53,49,0,0,0,success,57.4,0
browser-use,Amazon--35,C5,1,amazon.com,968,59,55,0,0,0,success,44.3,0
browser-use,Amazon--36,C5,1,amazon.com,715,53,49,0,0,0,success,53.9,0
browser-use,Amazon--37,C5,1,amazon.com,926,61,57,0,0,0,success,36.0,0
browser-use,Amazon--38,C5,1,amazon.com,942,55,51,0,0,0,success,38.6,0
browser-use,Amazon--39,C5,1,amazon.com,1029,55,51,0,0,0,success,59.4,0
browser-use,Amazon--4,C5,1,amazon.com,745,60,56,0,0,0,success,39.0,0
browser-use,Amazon--40,C5,1,amazon.com,1029,60,55,0,0,0,success,63.6,0
browser-use,Amazon--5,C5,1,amazon.com,759,45,45,0,0,0,success,90.8,0
browser-use,Amazon--6,C5,1,amazon.com,742,53,49,0,0,0,success,47.5,0
browser-use,Amazon--7,C5,1,amazon.com,845,57,53,0,0,0,success,48.3,0
browser-use,Amazon--8,C5,1,amazon.com,656,55,51,0,0,0,success,50.6,0
browser-use,Amazon--9,C5,1,amazon.com,675,55,51,0,0,0,success,39.5,0
browser-use,Apple--0,C5,1,apple.com,273,8,5,0,0,0,success,42.0,0
browser-use,Apple--1,C5,1,apple.com,761,19,15,0,0,0,success,68.2,0
browser-use,Apple--10,C5,1,apple.com,235,9,7,0,0,0,success,26.0,0
browser-use,Apple--11,C5,1,apple.com,218,12,9,0,0,0,success,38.6,0
browser-use,Apple--12,C5,1,apple.com,161,13,9,0,0,0,success,27.4,0
browser-use,Apple--13,C5,1,apple.com,600,17,13,0,0,0,success,33.4,0
browser-use,Apple--14,C5,1,apple.com,422,13,9,0,0,0,success,36.1,0
browser-use,Apple--15,C5,1,apple.com,321,10,6,0,0,0,success,38.4,0
browser-use,Apple--16,C5,1,apple.com,179,10,6,0,0,0,success,34.1,0
browser-use,Apple--17,C5,1,apple.com,258,12,9,0,0,0,success,34.2,0
browser-use,Apple--18,C5,1,apple.com,144,12,10,0,0,0,success,28.2,0
browser-use,Apple--19,C5,1,apple.com,204,8,5,0,0,0,success,41.8,0
browser-use,Apple--2,C5,1,apple.com,181,8,5,0,0,0,success,46.2,0
browser-use,Apple--20,C5,1,apple.com,1069,68,68,0,0,0,success,59.3,0
browser-use,Apple--21,C5,1,apple.com,326,14,10,0,0,0,success,39.8,0
browser-use,Apple--22,C5,1,apple.com,205,10,6,0,0,0,success,28.5,0
browser-use,Apple--23,C5,1,apple.com,183,9,6,0,0,0,success,15.3,0
browser-use,Apple--24,C5,1,apple.com,334,16,12,0,0,0,success,49.8,0
browser-use,Apple--25,C5,1,apple.com,232,9,6,0,0,0,success,34.1,0
browser-use,Apple--26,C5,1,apple.com,258,11,9,0,0,0,success,37.4,0
browser-use,Apple--27,C5,1,apple.com,248,15,12,0,0,0,success,36.1,0
browser-use,Apple--28,C5,1,apple.com,397,9,6,0,0,0,success,33.4,0
browser-use,Apple--29,C5,1,apple.com,197,8,5,0,0,0,success,27.7,0
browser-use,Apple--3,C5,1,apple.com,674,14,11,0,0,0,success,46.1,0
browser-use,Apple--30,C5,1,apple.com,249,8,5,0,0,0,success,31.7,0
browser-use,Apple--31,C5,1,apple.com,726,18,16,0,0,0,success,50.2,0
browser-use,Apple--32,C5,1,apple.com,164,12,10,0,0,0,success,50.7,0
browser-use,Apple--33,C5,1,apple.com,719,16,13,0,0,0,success,36.0,0
browser-use,Apple--34,C5,1,apple.com,476,15,12,0,0,0,success,54.1,0
browser-use,Apple--35,C5,1,apple.com,388,13,9,0,0,0,success,55.7,0
browser-use,Apple--36,C5,1,apple.com,170,7,5,0,0,0,success,40.0,0
browser-use,Apple--37,C5,1,apple.com,739,17,15,0,0,0,success,76.6,0
browser-use,Apple--38,C5,1,apple.com,267,13,10,0,0,0,success,48.4,0
browser-use,Apple--39,C5,1,apple.com,485,32,30,0,0,0,success,21.7,0
browser-use,Apple--4,C5,1,apple.com,779,17,14,0,0,0,success,54.7,0
browser-use,Apple--40,C5,1,apple.com,131,8,5,0,0,0,success,33.4,0
browser-use,Apple--41,C5,1,apple.com,319,14,10,0,0,0,success,54.9,0
browser-use,Apple--42,C5,1,apple.com,164,10,7,0,0,0,success,41.7,0
browser-use,Apple--5,C5,1,apple.com,799,49,46,0,0,0,success,41.5,0
browser-use,Apple--6,C5,1,apple.com,161,8,5,0,0,0,success,29.8,0
browser-use,Apple--7,C5,1,apple.com,807,46,43,0,0,0,success,61.1,0
browser-use,Apple--8,C5,1,apple.com,600,16,13,0,0,0,success,38.2,0
browser-use,Apple--9,C5,1,apple.com,265,10,6,0,0,0,success,48.7,0
browser-use,ArXiv--0,C5,1,arxiv.org,138,12,10,0,0,0,success,88.2,0
browser-use,ArXiv--1,C5,1,arxiv.org,61,10,8,0,0,0,success,65.1,0
browser-use,ArXiv--10,C5,1,arxiv.org,135,18,15,0,0,0,success,49.8,0
browser-use,ArXiv--11,C5,1,arxiv.org,599,30,30,0,0,0,success,40.3,0
browser-use,ArXiv--12,C5,1,arxiv.org,149,18,15,0,0,0,success,50.9,0
browser-use,ArXiv--13,C5,1,arxiv.org,49,10,8,0,0,0,success,28.7,0
browser-use,ArXiv--14,C5,1,arxiv.org,42,10,8,0,0,0,success,62.2,0
browser-use,ArXiv--15,C5,1,arxiv.org,78,18,15,0,0,0,success,100.5,0
browser-use,ArXiv--16,C5,1,arxiv.org,83,11,9,0,0,0,success,48.0,0
browser-use,ArXiv--17,C5,1,arxiv.org,636,21,19,0,0,0,success,62.3,0
browser-use,ArXiv--18,C5,1,arxiv.org,690,22,22,0,0,0,success,73.6,0
browser-use,ArXiv--19,C5,1,arxiv.org,243,28,25,0,0,0,success,59.0,0
browser-use,ArXiv--2,C5,1,arxiv.org,54,9,7,0,0,0,success,30.0,0
browser-use,ArXiv--20,C5,1,arxiv.org,85,11,9,0,0,0,success,67.0,0
browser-use,ArXiv--21,C5,1,arxiv.org,49,12,10,0,0,0,success,74.8,0
browser-use,ArXiv--22,C5,1,arxiv.org,614,25,22,0,0,0,success,57.0,0
browser-use,ArXiv--23,C5,1,arxiv.org,61,11,9,0,0,0,success,93.5,0
browser-use,ArXiv--24,C5,1,arxiv.org,90,13,11,0,0,0,success,54.2,0
browser-use,ArXiv--25,C5,1,arxiv.org,446,16,14,0,0,0,success,60.5,0
browser-use,ArXiv--26,C5,1,arxiv.org,43,12,10,0,0,0,success,50.1,0
browser-use,ArXiv--27,C5,1,arxiv.org,80,8,7,0,0,0,success,25.2,0
browser-use,ArXiv--28,C5,1,arxiv.org,69,11,9,0,0,0,success,67.3,0
browser-use,ArXiv--29,C5,1,arxiv.org,57,12,10,0,0,0,success,33.5,0
browser-use,ArXiv--3,C5,1,arxiv.org,46,7,5,0,0,0,success,34.6,0
browser-use,ArXiv--30,C5,1,arxiv.org,446,22,19,0,0,0,success,38.4,0
browser-use,ArXiv--31,C5,1,arxiv.org,43,12,10,0,0,0,success,36.7,0
browser-use,ArXiv--32,C5,1,arxiv.org,85,13,11,0,0,0,success,41.2,0
browser-use,ArXiv--33,C5,1,arxiv.org,43,8,6,0,0,0,success,27.4,0
browser-use,ArXiv--34,C5,1,arxiv.org,56,12,10,0,0,0,success,45.7,0
browser-use,ArXiv--35,C5,1,arxiv.org,41,7,5,0,0,0,success,16.9,0
browser-use,ArXiv--36,C5,1,arxiv.org,64,12,10,0,0,0,success,49.1,0
browser-use,ArXiv--37,C5,1,arxiv.org,137,19,16,0,0,0,success,39.0,0
browser-use,ArXiv--38,C5,1,arxiv.org,544,17,15,0,0,0,success,44.1,0
browser-use,ArXiv--39,C5,1,arxiv.org,783,21,21,0,0,0,success,37.7,0
browser-use,ArXiv--4,C5,1,arxiv.org,64,12,10,0,0,0,success,67.2,0
browser-use,ArXiv--40,C5,1,arxiv.org,69,10,8,0,0,0,success,46.4,0
browser-use,ArXiv--41,C5,1,arxiv.org,667,25,22,0,0,0,success,50.7,0
browser-use,ArXiv--42,C5,1,arxiv.org,467,14,14,0,0,0,success,36.4,0
browser-use,ArXiv--5,C5,1,arxiv.org,84,12,10,0,0,0,success,61.5,0
browser-use,ArXiv--6,C5,1,arxiv.org,714,21,19,0,0,0,success,38.9,0
browser-use,ArXiv--7,C5,1,arxiv.org,62,7,5,0,0,0,success,88.5,0
browser-use,ArXiv--8,C5,1,arxiv.org,90,15,11,0,0,0,success,36.8,0
browser-use,ArXiv--9,C5,1,arxiv.org,83,12,10,0,0,0,success,51.7,0
browser-use,BBC_News--0,C5,1,bbc.com,732,72,69,0,0,0,success,38.5,0
browser-use,BBC_News--1,C5,1,bbc.com,893,129,126,0,0,0,success,36.2,0
browser-use,BBC_News--10,C5,1,bbc.com,378,61,58,0,0,0,success,50.2,0
browser-use,BBC_News--11,C5,1,bbc.com,424,75,75,0,0,0,success,61.4,0
browser-use,BBC_News--12,C5,1,bbc.com,72,8,8,0,0,0,success,30.1,0
browser-use,BBC_News--13,C5,1,bbc.com,721,24,24,0,0,0,success,111.9,0
browser-use,BBC_News--14,C5,1,bbc.com,664,84,81,0,0,0,success,40.4,0
browser-use,BBC_News--15,C5,1,bbc.com,124,12,12,0,0,0,success,38.8,0
browser-use,BBC_News--16,C5,1,bbc.com,652,118,115,0,0,0,success,38.1,0
browser-use,BBC_News--17,C5,1,bbc.com,248,48,45,0,0,0,success,41.9,0
browser-use,BBC_News--18,C5,1,bbc.com,972,104,101,0,0,0,success,64.8,0
browser-use,BBC_News--19,C5,1,bbc.com,430,36,36,0,0,0,success,63.2,0
browser-use,BBC_News--2,C5,1,bbc.com,204,12,12,0,0,0,success,54.3,0
browser-use,BBC_News--20,C5,1,bbc.com,630,77,74,0,0,0,success,37.8,0
browser-use,BBC_News--21,C5,1,bbc.com,356,81,78,0,0,0,success,17.1,0
browser-use,BBC_News--22,C5,1,bbc.com,548,100,97,0,0,0,success,26.2,0
browser-use,BBC_News--23,C5,1,bbc.com,822,123,120,0,0,0,success,51.6,0
browser-use,BBC_News--24,C5,1,bbc.com,450,72,69,0,0,0,success,28.3,0
browser-use,BBC_News--25,C5,1,bbc.com,820,98,94,0,0,0,success,37.3,0
browser-use,BBC_News--26,C5,1,bbc.com,551,74,71,0,0,0,success,35.5,0
browser-use,BBC_News--27,C5,1,bbc.com,577,79,76,0,0,0,success,34.4,0
browser-use,BBC_News--28,C5,1,bbc.com,612,71,68,0,0,0,success,56.1,0
browser-use,BBC_News--29,C5,1,bbc.com,678,107,104,0,0,0,success,32.2,0
browser-use,BBC_News--3,C5,1,bbc.com,674,116,116,0,0,0,success,54.4,0
browser-use,BBC_News--30,C5,1,bbc.com,434,25,24,0,0,0,success,47.2,0
browser-use,BBC_News--31,C5,1,bbc.com,674,44,44,0,0,0,success,28.6,0
browser-use,BBC_News--32,C5,1,bbc.com,637,51,48,0,0,0,success,45.8,0
browser-use,BBC_News--33,C5,1,bbc.com,703,122,119,0,0,0,success,49.8,0
browser-use,BBC_News--34,C5,1,bbc.com,1629,152,152,0,0,0,success,47.3,0
browser-use,BBC_News--35,C5,1,bbc.com,166,17,17,0,0,0,success,38.8,0
browser-use,BBC_News--36,C5,1,bbc.com,62,15,15,0,0,0,success,45.8,0
browser-use,BBC_News--37,C5,1,bbc.com,771,115,115,0,0,0,success,33.7,0
browser-use,BBC_News--38,C5,1,bbc.com,1060,70,70,0,0,0,success,43.2,0
browser-use,BBC_News--39,C5,1,bbc.com,764,25,25,0,0,0,success,37.1,0
browser-use,BBC_News--4,C5,1,bbc.com,871,85,82,0,0,0,success,38.4,0
browser-use,BBC_News--40,C5,1,bbc.com,313,55,52,0,0,0,success,26.8,0
browser-use,BBC_News--41,C5,1,bbc.com,678,61,57,0,0,0,success,42.1,0
browser-use,BBC_News--5,C5,1,bbc.com,397,31,31,0,0,0,success,51.7,0
browser-use,BBC_News--6,C5,1,bbc.com,484,98,95,0,0,0,success,19.8,0
browser-use,BBC_News--7,C5,1,bbc.com,608,86,86,0,0,0,success,38.1,0
browser-use,BBC_News--8,C5,1,bbc.com,701,66,63,0,0,0,success,60.5,0
browser-use,BBC_News--9,C5,1,bbc.com,987,154,154,0,0,0,success,41.6,0
browser-use,Booking--0,C5,1,booking.com,586,42,36,0,0,0,success,45.4,0
browser-use,Booking--1,C5,1,booking.com,405,46,41,0,0,0,success,58.4,0
browser-use,Booking--10,C5,1,booking.com,311,39,34,0,0,0,success,45.3,0
browser-use,Booking--11,C5,1,booking.com,918,48,41,0,0,0,success,58.5,0
browser-use,Booking--12,C5,1,booking.com,379,42,37,0,0,0,success,42.8,0
browser-use,Booking--13,C5,1,booking.com,312,40,35,0,0,0,success,52.0,0
browser-use,Booking--14,C5,1,booking.com,376,44,39,0,0,0,success,52.3,0
browser-use,Booking--15,C5,1,booking.com,334,42,37,0,0,0,success,41.3,0
browser-use,Booking--16,C5,1,booking.com,644,56,51,0,0,0,success,49.9,0
browser-use,Booking--17,C5,1,booking.com,329,42,37,0,0,0,success,48.2,0
browser-use,Booking--18,C5,1,booking.com,310,40,35,0,0,0,success,48.1,0
browser-use,Booking--19,C5,1,booking.com,934,55,48,0,0,0,success,59.8,0
browser-use,Booking--2,C5,1,booking.com,376,44,39,0,0,0,success,58.8,0
browser-use,Booking--20,C5,1,booking.com,329,40,35,0,0,0,success,56.6,0
browser-use,Booking--21,C5,1,booking.com,343,40,35,0,0,0,success,48.4,0
browser-use,Booking--22,C5,1,booking.com,311,45,40,0,0,0,success,39.7,0
browser-use,Booking--23,C5,1,booking.com,674,50,43,0,0,0,success,58.9,0
browser-use,Booking--24,C5,1,booking.com,711,49,42,0,0,0,success,58.5,0
browser-use,Booking--25,C5,1,booking.com,518,49,43,0,0,0,success,47.5,0
browser-use,Booking--26,C5,1,booking.com,637,50,43,0,0,0,success,49.0,0
browser-use,Booking--27,C5,1,booking.com,447,45,39,0,0,0,success,44.7,0
browser-use,Booking--28,C5,1,booking.com,304,42,37,0,0,0,success,38.4,0
browser-use,Booking--29,C5,1,booking.com,525,56,50,0,0,0,success,63.4,0
browser-use,Booking--3,C5,1,booking.com,876,53,46,0,0,0,success,49.9,0
browser-use,Booking--30,C5,1,booking.com,534,47,41,0,0,0,success,55.3,0
browser-use,Booking--31,C5,1,booking.com,695,55,49,0,0,0,success,52.2,0
browser-use,Booking--32,C5,1,booking.com,530,48,42,0,0,0,success,46.6,0
browser-use,Booking--33,C5,1,booking.com,559,45,38,0,0,0,success,61.1,0
browser-use,Booking--34,C5,1,booking.com,318,42,37,0,0,0,success,57.0,0
browser-use,Booking--35,C5,1,booking.com,533,50,43,0,0,0,success,65.7,0
browser-use,Booking--36,C5,1,booking.com,749,52,45,0,0,0,success,51.5,0
browser-use,Booking--37,C5,1,booking.com,1105,53,46,0,0,0,success,71.8,0
browser-use,Booking--38,C5,1,booking.com,310,40,35,0,0,0,success,37.6,0
browser-use,Booking--39,C5,1,booking.com,1061,55,49,0,0,0,success,68.0,0
browser-use,Booking--4,C5,1,booking.com,811,53,48,0,0,0,success,46.7,0
browser-use,Booking--40,C5,1,booking.com,842,50,45,0,0,0,success,41.9,0
browser-use,Booking--41,C5,1,booking.com,379,41,35,0,0,0,success,23.5,0
browser-use,Booking--42,C5,1,booking.com,529,49,43,0,0,0,success,51.9,0
browser-use,Booking--43,C5,1,booking.com,69,20,20,0,0,0,success,68.1,0
browser-use,Booking--5,C5,1,booking.com,624,46,40,0,0,0,success,59.2,0
browser-use,Booking--6,C5,1,booking.com,378,44,39,0,0,0,success,43.8,0
browser-use,Booking--7,C5,1,booking.com,321,42,37,0,0,0,success,41.6,0
browser-use,Booking--8,C5,1,booking.com,1136,64,59,0,0,0,success,63.5,0
browser-use,Booking--9,C5,1,booking.com,320,42,37,0,0,0,success,42.9,0
browser-use,Cambridge_Dictionary--0,C5,1,cambridge.org,247,74,73,0,0,0,success,51.5,0
browser-use,Cambridge_Dictionary--1,C5,1,cambridge.org,958,123,123,0,0,0,success,54.0,0
browser-use,Cambridge_Dictionary--10,C5,1,cambridge.org,345,34,34,0,0,0,success,41.3,0
browser-use,Cambridge_Dictionary--11,C5,1,cambridge.org,569,135,135,0,0,0,success,23.3,0
browser-use,Cambridge_Dictionary--12,C5,1,cambridge.org,322,76,75,0,0,0,success,46.0,0
browser-use,Cambridge_Dictionary--13,C5,1,cambridge.org,319,76,75,0,0,0,success,44.8,0
browser-use,Cambridge_Dictionary--14,C5,1,cambridge.org,239,73,72,0,0,0,success,43.3,0
browser-use,Cambridge_Dictionary--15,C5,1,cambridge.org,582,24,24,0,0,0,success,39.1,0
browser-use,Cambridge_Dictionary--16,C5,1,cambridge.org,336,78,77,0,0,0,success,44.7,0
browser-use,Cambridge_Dictionary--17,C5,1,cambridge.org,753,77,76,0,0,0,success,32.9,0
browser-use,Cambridge_Dictionary--18,C5,1,cambridge.org,259,52,51,0,0,0,success,49.9,0
browser-use,Cambridge_Dictionary--19,C5,1,cambridge.org,285,80,79,0,0,0,success,42.3,0
browser-use,Cambridge_Dictionary--2,C5,1,cambridge.org,1410,190,190,0,0,0,success,61.9,0
browser-use,Cambridge_Dictionary--20,C5,1,cambridge.org,223,76,75,0,0,0,success,28.2,0
browser-use,Cambridge_Dictionary--21,C5,1,cambridge.org,322,74,73,0,0,0,success,44.1,0
browser-use,Cambridge_Dictionary--22,C5,1,cambridge.org,350,73,72,0,0,0,success,26.8,0
browser-use,Cambridge_Dictionary--23,C5,1,cambridge.org,247,76,75,0,0,0,success,43.9,0
browser-use,Cambridge_Dictionary--24,C5,1,cambridge.org,491,94,93,0,0,0,success,35.8,0
browser-use,Cambridge_Dictionary--25,C5,1,cambridge.org,387,76,75,0,0,0,success,57.3,0
browser-use,Cambridge_Dictionary--26,C5,1,cambridge.org,349,102,101,0,0,0,success,48.5,0
browser-use,Cambridge_Dictionary--27,C5,1,cambridge.org,483,80,79,0,0,0,success,34.5,0
browser-use,Cambridge_Dictionary--28,C5,1,cambridge.org,364,76,75,0,0,0,success,27.9,0
browser-use,Cambridge_Dictionary--29,C5,1,cambridge.org,245,75,74,0,0,0,success,38.7,0
browser-use,Cambridge_Dictionary--3,C5,1,cambridge.org,244,33,33,0,0,0,success,27.6,0
browser-use,Cambridge_Dictionary--30,C5,1,cambridge.org,302,81,80,0,0,0,success,44.4,0
browser-use,Cambridge_Dictionary--31,C5,1,cambridge.org,327,65,64,0,0,0,success,51.2,0
browser-use,Cambridge_Dictionary--32,C5,1,cambridge.org,315,79,78,0,0,0,success,42.1,0
browser-use,Cambridge_Dictionary--33,C5,1,cambridge.org,285,78,77,0,0,0,success,49.2,0
browser-use,Cambridge_Dictionary--34,C5,1,cambridge.org,285,78,77,0,0,0,success,54.0,0
browser-use,Cambridge_Dictionary--35,C5,1,cambridge.org,297,76,75,0,0,0,success,46.8,0
browser-use,Cambridge_Dictionary--36,C5,1,cambridge.org,728,67,66,0,0,0,success,55.4,0
browser-use,Cambridge_Dictionary--37,C5,1,cambridge.org,727,82,81,0,0,0,success,63.4,0
browser-use,Cambridge_Dictionary--38,C5,1,cambridge.org,299,76,75,0,0,0,success,40.2,0
browser-use,Cambridge_Dictionary--39,C5,1,cambridge.org,716,50,50,0,0,0,success,61.5,0
browser-use,Cambridge_Dictionary--4,C5,1,cambridge.org,791,81,80,0,0,0,success,35.7,0
browser-use,Cambridge_Dictionary--40,C5,1,cambridge.org,814,166,166,0,0,0,success,37.7,0
browser-use,Cambridge_Dictionary--41,C5,1,cambridge.org,848,41,40,0,0,0,success,36.4,0
browser-use,Cambridge_Dictionary--42,C5,1,cambridge.org,314,109,108,0,0,0,success,38.9,0
browser-use,Cambridge_Dictionary--5,C5,1,cambridge.org,964,143,143,0,0,0,success,63.1,0
browser-use,Cambridge_Dictionary--6,C5,1,cambridge.org,302,76,75,0,0,0,success,30.9,0
browser-use,Cambridge_Dictionary--7,C5,1,cambridge.org,362,112,111,0,0,0,success,36.6,0
browser-use,Cambridge_Dictionary--8,C5,1,cambridge.org,359,76,75,0,0,0,success,25.4,0
browser-use,Cambridge_Dictionary--9,C5,1,cambridge.org,288,84,83,0,0,0,success,45.7,0
browser-use,Coursera--0,C5,1,coursera.org,1018,21,20,0,0,0,success,64.4,0
browser-use,Coursera--1,C5,1,coursera.org,520,11,10,0,0,0,success,44.0,0
browser-use,Coursera--10,C5,1,coursera.org,525,11,10,0,0,0,success,46.0,0
browser-use,Coursera--11,C5,1,coursera.org,443,11,10,0,0,0,success,41.6,0
browser-use,Coursera--12,C5,1,coursera.org,476,11,10,0,0,0,success,24.7,0
browser-use,Coursera--13,C5,1,coursera.org,497,13,12,0,0,0,success,35.9,0
browser-use,Coursera--14,C5,1,coursera.org,496,11,10,0,0,0,success,32.5,0
browser-use,Coursera--15,C5,1,coursera.org,482,11,10,0,0,0,success,44.7,0
browser-use,Coursera--16,C5,1,coursera.org,528,11,10,0,0,0,success,28.2,0
browser-use,Coursera--17,C5,1,coursera.org,352,12,11,0,0,0,success,39.0,0
browser-use,Coursera--18,C5,1,coursera.org,509,11,10,0,0,0,success,36.1,0
browser-use,Coursera--19,C5,1,coursera.org,459,11,10,0,0,0,success,29.7,0
browser-use,Coursera--2,C5,1,coursera.org,427,11,10,0,0,0,success,23.4,0
browser-use,Coursera--20,C5,1,coursera.org,361,11,10,0,0,0,success,38.2,0
browser-use,Coursera--21,C5,1,coursera.org,513,11,10,0,0,0,success,37.4,0
browser-use,Coursera--22,C5,1,coursera.org,448,11,10,0,0,0,success,32.5,0
browser-use,Coursera--23,C5,1,coursera.org,462,11,10,0,0,0,success,25.6,0
browser-use,Coursera--24,C5,1,coursera.org,487,11,10,0,0,0,success,38.5,0
browser-use,Coursera--25,C5,1,coursera.org,459,11,10,0,0,0,success,24.5,0
browser-use,Coursera--26,C5,1,coursera.org,430,11,10,0,0,0,success,34.8,0
browser-use,Coursera--27,C5,1,coursera.org,421,11,10,0,0,0,success,23.4,0
browser-use,Coursera--28,C5,1,coursera.org,348,11,10,0,0,0,success,39.6,0
browser-use,Coursera--29,C5,1,coursera.org,266,11,10,0,0,0,success,31.2,0
browser-use,Coursera--3,C5,1,coursera.org,419,11,10,0,0,0,success,47.0,0
browser-use,Coursera--30,C5,1,coursera.org,1045,21,20,0,0,0,success,62.5,0
browser-use,Coursera--31,C5,1,coursera.org,477,11,10,0,0,0,success,24.7,0
browser-use,Coursera--32,C5,1,coursera.org,389,11,10,0,0,0,success,45.1,0
browser-use,Coursera--33,C5,1,coursera.org,349,11,10,0,0,0,success,40.1,0
browser-use,Coursera--34,C5,1,coursera.org,519,11,10,0,0,0,success,31.6,0
browser-use,Coursera--35,C5,1,coursera.org,549,11,10,0,0,0,success,45.4,0
browser-use,Coursera--36,C5,1,coursera.org,405,13,12,0,0,0,success,29.3,0
browser-use,Coursera--37,C5,1,coursera.org,410,11,10,0,0,0,success,38.4,0
browser-use,Coursera--38,C5,1,coursera.org,363,13,12,0,0,0,success,39.0,0
browser-use,Coursera--39,C5,1,coursera.org,549,15,14,0,0,0,success,53.9,0
browser-use,Coursera--4,C5,1,coursera.org,616,15,14,0,0,0,success,45.2,0
browser-use,Coursera--40,C5,1,coursera.org,857,32,31,0,0,0,success,67.2,0
browser-use,Coursera--41,C5,1,coursera.org,260,12,11,0,0,0,success,21.0,0
browser-use,Coursera--5,C5,1,coursera.org,428,11,10,0,0,0,success,29.0,0
browser-use,Coursera--6,C5,1,coursera.org,455,11,10,0,0,0,success,44.2,0
browser-use,Coursera--7,C5,1,coursera.org,332,11,10,0,0,0,success,33.1,0
browser-use,Coursera--8,C5,1,coursera.org,428,15,14,0,0,0,success,57.3,0
browser-use,Coursera--9,C5,1,coursera.org,484,12,11,0,0,0,success,51.2,0
browser-use,ESPN--0,C5,1,espn.com,567,112,101,0,0,0,success,32.3,0
browser-use,ESPN--1,C5,1,espn.com,623,123,113,0,0,0,success,46.9,0
browser-use,ESPN--10,C5,1,espn.com,1376,143,130,0,0,0,success,51.8,0
browser-use,ESPN--11,C5,1,espn.com,122,21,21,0,0,0,success,38.9,0
browser-use,ESPN--12,C5,1,espn.com,1145,175,166,0,0,0,success,45.6,0
browser-use,ESPN--13,C5,1,espn.com,843,136,124,0,0,0,success,48.1,0
browser-use,ESPN--14,C5,1,espn.com,806,139,129,0,0,0,success,49.9,0
browser-use,ESPN--15,C5,1,espn.com,171,23,23,0,0,0,success,41.9,0
browser-use,ESPN--16,C5,1,espn.com,1415,187,187,0,0,0,success,73.1,0
browser-use,ESPN--17,C5,1,espn.com,327,61,53,0,0,0,success,30.5,0
browser-use,ESPN--18,C5,1,espn.com,605,121,112,0,0,0,success,49.3,0
browser-use,ESPN--19,C5,1,espn.com,616,25,25,0,0,0,success,43.4,0
browser-use,ESPN--2,C5,1,espn.com,1284,133,123,0,0,0,success,67.7,0
browser-use,ESPN--20,C5,1,espn.com,733,112,101,0,0,0,success,44.6,0
browser-use,ESPN--21,C5,1,espn.com,620,66,58,0,0,0,success,46.1,0
browser-use,ESPN--22,C5,1,espn.com,636,69,61,0,0,0,success,46.0,0
browser-use,ESPN--23,C5,1,espn.com,772,77,67,0,0,0,success,42.3,0
browser-use,ESPN--24,C5,1,espn.com,735,140,127,0,0,0,success,48.3,0
browser-use,ESPN--25,C5,1,espn.com,1233,190,190,0,0,0,success,47.1,0
browser-use,ESPN--26,C5,1,espn.com,521,66,58,0,0,0,success,47.0,0
browser-use,ESPN--27,C5,1,espn.com,1086,157,146,0,0,0,success,56.7,0
browser-use,ESPN--28,C5,1,espn.com,148,13,13,0,0,0,success,58.2,0
browser-use,ESPN--29,C5,1,espn.com,711,144,134,0,0,0,success,28.4,0
browser-use,ESPN--3,C5,1,espn.com,481,119,108,0,0,0,success,24.5,0
browser-use,ESPN--30,C5,1,espn.com,318,63,55,0,0,0,success,67.8,0
browser-use,ESPN--31,C5,1,espn.com,335,49,41,0,0,0,success,30.7,0
browser-use,ESPN--32,C5,1,espn.com,299,62,52,0,0,0,success,20.7,0
browser-use,ESPN--33,C5,1,espn.com,902,127,117,0,0,0,success,67.3,0
browser-use,ESPN--34,C5,1,espn.com,677,79,68,0,0,0,success,37.8,0
browser-use,ESPN--35,C5,1,espn.com,619,101,92,0,0,0,success,40.9,0
browser-use,ESPN--36,C5,1,espn.com,706,16,16,0,0,0,success,47.6,0
browser-use,ESPN--37,C5,1,espn.com,153,12,12,0,0,0,success,50.9,0
browser-use,ESPN--38,C5,1,espn.com,130,21,21,0,0,0,success,57.5,0
browser-use,ESPN--39,C5,1,espn.com,931,100,94,0,0,0,success,81.1,0
browser-use,ESPN--4,C5,1,espn.com,555,80,70,0,0,0,success,31.6,0
browser-use,ESPN--40,C5,1,espn.com,1143,123,113,0,0,0,success,47.8,0
browser-use,ESPN--41,C5,1,espn.com,562,97,87,0,0,0,success,46.4,0
browser-use,ESPN--42,C5,1,espn.com,572,60,52,0,0,0,success,21.9,0
browser-use,ESPN--43,C5,1,espn.com,684,57,46,0,0,0,success,38.0,0
browser-use,ESPN--5,C5,1,espn.com,977,84,74,0,0,0,success,64.8,0
browser-use,ESPN--6,C5,1,espn.com,817,142,129,0,0,0,success,71.1,0
browser-use,ESPN--7,C5,1,espn.com,775,86,73,0,0,0,success,48.1,0
browser-use,ESPN--8,C5,1,espn.com,765,133,122,0,0,0,success,58.2,0
browser-use,ESPN--9,C5,1,espn.com,655,127,116,0,0,0,success,39.9,0
browser-use,GitHub--0,C5,1,github.com,253,12,9,0,0,0,success,39.7,0
browser-use,GitHub--1,C5,1,github.com,228,11,8,0,0,0,success,28.5,0
browser-use,GitHub--10,C5,1,github.com,718,51,51,0,0,0,success,34.8,0
browser-use,GitHub--11,C5,1,github.com,230,11,8,0,0,0,success,25.4,0
browser-use,GitHub--12,C5,1,github.com,293,13,10,0,0,0,success,53.3,0
browser-use,GitHub--13,C5,1,github.com,301,11,8,0,0,0,success,47.3,0
browser-use,GitHub--14,C5,1,github.com,723,20,17,0,0,0,success,42.3,0
browser-use,GitHub--15,C5,1,github.com,305,12,9,0,0,0,success,24.3,0
browser-use,GitHub--16,C5,1,github.com,732,21,17,0,0,0,success,60.8,0
browser-use,GitHub--17,C5,1,github.com,270,12,9,0,0,0,success,35.3,0
browser-use,GitHub--18,C5,1,github.com,265,11,8,0,0,0,success,25.0,0
browser-use,GitHub--19,C5,1,github.com,218,10,7,0,0,0,success,44.3,0
browser-use,GitHub--2,C5,1,github.com,154,10,7,0,0,0,success,45.6,0
browser-use,GitHub--20,C5,1,github.com,465,18,17,0,0,0,success,35.4,0
browser-use,GitHub--21,C5,1,github.com,322,15,12,0,0,0,success,53.0,0
browser-use,GitHub--22,C5,1,github.com,292,10,7,0,0,0,success,30.6,0
browser-use,GitHub--23,C5,1,github.com,363,17,14,0,0,0,success,36.6,0
browser-use,GitHub--24,C5,1,github.com,448,16,13,0,0,0,success,55.6,0
browser-use,GitHub--25,C5,1,github.com,280,13,10,0,0,0,success,30.4,0
browser-use,GitHub--26,C5,1,github.com,280,18,13,0,0,0,success,36.5,0
browser-use,GitHub--27,C5,1,github.com,157,10,7,0,0,0,success,23.1,0
browser-use,GitHub--28,C5,1,github.com,250,10,7,0,0,0,success,51.7,0
browser-use,GitHub--29,C5,1,github.com,217,14,11,0,0,0,success,27.9,0
browser-use,GitHub--3,C5,1,github.com,220,16,13,0,0,0,success,36.3,0
browser-use,GitHub--30,C5,1,github.com,334,10,7,0,0,0,success,46.3,0
browser-use,GitHub--31,C5,1,github.com,375,15,12,0,0,0,success,52.7,0
browser-use,GitHub--32,C5,1,github.com,258,11,8,0,0,0,success,32.8,0
browser-use,GitHub--33,C5,1,github.com,713,20,17,0,0,0,success,44.8,0
browser-use,GitHub--34,C5,1,github.com,244,12,9,0,0,0,success,26.1,0
browser-use,GitHub--35,C5,1,github.com,150,10,7,0,0,0,success,11.3,0
browser-use,GitHub--36,C5,1,github.com,312,10,7,0,0,0,success,38.5,0
browser-use,GitHub--37,C5,1,github.com,257,16,13,0,0,0,success,25.1,0
browser-use,GitHub--38,C5,1,github.com,280,10,7,0,0,0,success,32.5,0
browser-use,GitHub--39,C5,1,github.com,326,10,7,0,0,0,success,40.3,0
browser-use,GitHub--4,C5,1,github.com,253,11,8,0,0,0,success,20.6,0
browser-use,GitHub--40,C5,1,github.com,209,10,7,0,0,0,success,20.2,0
browser-use,GitHub--5,C5,1,github.com,335,12,9,0,0,0,success,28.0,0
browser-use,GitHub--6,C5,1,github.com,281,11,8,0,0,0,success,25.5,0
browser-use,GitHub--7,C5,1,github.com,843,20,17,0,0,0,success,52.0,0
browser-use,GitHub--8,C5,1,github.com,730,20,17,0,0,0,success,61.2,0
browser-use,GitHub--9,C5,1,github.com,156,10,7,0,0,0,success,21.0,0
browser-use,Google_Flights--0,C5,1,google.com,628,61,55,0,0,0,success,47.2,0
browser-use,Google_Flights--1,C5,1,google.com,414,25,21,0,0,0,success,62.0,0
browser-use,Google_Flights--10,C5,1,google.com,225,22,16,0,0,0,success,60.2,0
browser-use,Google_Flights--11,C5,1,google.com,159,17,11,0,0,0,success,55.1,0
browser-use,Google_Flights--12,C5,1,google.com,111,17,11,0,0,0,success,40.3,0
browser-use,Google_Flights--13,C5,1,google.com,173,19,13,0,0,0,success,57.2,0
browser-use,Google_Flights--14,C5,1,google.com,319,42,36,0,0,0,success,62.2,0
browser-use,Google_Flights--15,C5,1,google.com,181,19,13,0,0,0,success,54.2,0
browser-use,Google_Flights--16,C5,1,google.com,104,17,11,0,0,0,success,38.4,0
browser-use,Google_Flights--17,C5,1,google.com,651,20,16,0,0,0,success,57.2,0
browser-use,Google_Flights--18,C5,1,google.com,647,27,21,0,0,0,success,44.8,0
browser-use,Google_Flights--19,C5,1,google.com,87,15,9,0,0,0,success,33.5,0
browser-use,Google_Flights--2,C5,1,google.com,280,19,13,0,0,0,success,64.6,0
browser-use,Google_Flights--20,C5,1,google.com,744,37,31,0,0,0,success,78.0,0
browser-use,Google_Flights--21,C5,1,google.com,680,27,23,0,0,0,success,40.6,0
browser-use,Google_Flights--22,C5,1,google.com,687,17,13,0,0,0,success,88.0,0
browser-use,Google_Flights--23,C5,1,google.com,90,15,9,0,0,0,success,42.4,0
browser-use,Google_Flights--24,C5,1,google.com,189,19,13,0,0,0,success,59.9,0
browser-use,Google_Flights--25,C5,1,google.com,159,19,13,0,0,0,success,53.5,0
browser-use,Google_Flights--26,C5,1,google.com,169,19,13,0,0,0,success,44.5,0
browser-use,Google_Flights--27,C5,1,google.com,96,15,9,0,0,0,success,39.0,0
browser-use,Google_Flights--28,C5,1,google.com,87,15,9,0,0,0,success,39.6,0
browser-use,Google_Flights--29,C5,1,google.com,109,17,11,0,0,0,success,39.7,0
browser-use,Google_Flights--3,C5,1,google.com,115,16,10,0,0,0,success,50.1,0
browser-use,Google_Flights--30,C5,1,google.com,135,19,13,0,0,0,success,52.5,0
browser-use,Google_Flights--31,C5,1,google.com,1136,53,46,0,0,0,success,44.8,0
browser-use,Google_Flights--32,C5,1,google.com,171,26,20,0,0,0,success,56.6,0
browser-use,Google_Flights--33,C5,1,google.com,115,17,11,0,0,0,success,48.0,0
browser-use,Google_Flights--34,C5,1,google.com,526,60,56,0,0,0,success,48.7,0
browser-use,Google_Flights--35,C5,1,google.com,114,17,11,0,0,0,success,50.7,0
browser-use,Google_Flights--36,C5,1,google.com,99,17,11,0,0,0,success,46.4,0
browser-use,Google_Flights--37,C5,1,google.com,101,17,11,0,0,0,success,41.6,0
browser-use,Google_Flights--38,C5,1,google.com,109,15,9,0,0,0,success,47.0,0
browser-use,Google_Flights--39,C5,1,google.com,115,17,11,0,0,0,success,44.6,0
browser-use,Google_Flights--4,C5,1,google.com,191,23,17,0,0,0,success,41.2,0
browser-use,Google_Flights--40,C5,1,google.com,303,16,10,0,0,0,success,52.2,0
browser-use,Google_Flights--41,C5,1,google.com,98,17,11,0,0,0,success,44.7,0
browser-use,Google_Flights--5,C5,1,google.com,175,19,13,0,0,0,success,49.8,0
browser-use,Google_Flights--6,C5,1,google.com,156,18,12,0,0,0,success,44.9,0
browser-use,Google_Flights--7,C5,1,google.com,638,23,17,0,0,0,success,65.5,0
browser-use,Google_Flights--8,C5,1,google.com,109,15,9,0,0,0,success,55.2,0
browser-use,Google_Flights--9,C5,1,google.com,623,25,19,0,0,0,success,48.8,0
browser-use,Google_Map--0,C5,1,google.com,555,18,14,0,0,0,success,39.3,0
browser-use,Google_Map--1,C5,1,google.com,1298,23,16,0,0,0,success,62.0,0
browser-use,Google_Map--10,C5,1,google.com,0,0,0,0,0,0,,,
browser-use,Google_Map--11,C5,1,google.com,598,30,26,0,0,0,success,35.8,0
browser-use,Google_Map--12,C5,1,google.com,1252,139,134,0,0,0,success,73.8,0
browser-use,Google_Map--13,C5,1,google.com,718,44,39,0,0,0,success,60.1,0
browser-use,Google_Map--14,C5,1,google.com,918,17,13,0,0,0,success,46.3,0
browser-use,Google_Map--15,C5,1,google.com,613,19,15,0,0,0,success,69.0,0
browser-use,Google_Map--16,C5,1,google.com,1066,146,141,0,0,0,success,58.9,0
browser-use,Google_Map--17,C5,1,google.com,977,126,121,0,0,0,success,72.0,0
browser-use,Google_Map--18,C5,1,google.com,363,16,10,0,0,0,success,20.9,0
browser-use,Google_Map--19,C5,1,google.com,1225,56,52,0,0,0,success,66.1,0
browser-use,Google_Map--2,C5,1,google.com,796,16,9,0,0,0,success,40.6,0
browser-use,Google_Map--20,C5,1,google.com,976,24,15,0,0,0,success,39.5,0
browser-use,Google_Map--21,C5,1,google.com,649,17,10,0,0,0,success,50.9,0
browser-use,Google_Map--22,C5,1,google.com,998,30,26,0,0,0,success,62.1,0
browser-use,Google_Map--23,C5,1,google.com,802,21,14,0,0,0,success,28.8,0
browser-use,Google_Map--24,C5,1,google.com,492,17,10,0,0,0,success,33.6,0
browser-use,Google_Map--25,C5,1,google.com,793,36,32,0,0,0,success,62.4,0
browser-use,Google_Map--26,C5,1,google.com,997,16,9,0,0,0,success,41.8,0
browser-use,Google_Map--27,C5,1,google.com,917,21,14,0,0,0,success,31.4,0
browser-use,Google_Map--28,C5,1,google.com,422,17,9,0,0,0,success,53.7,0
browser-use,Google_Map--29,C5,1,google.com,1064,22,15,0,0,0,success,39.6,0
browser-use,Google_Map--3,C5,1,google.com,652,20,11,0,0,0,success,40.9,0
browser-use,Google_Map--30,C5,1,google.com,1296,148,138,0,0,0,success,76.8,0
browser-use,Google_Map--31,C5,1,google.com,642,15,8,0,0,0,success,32.8,0
browser-use,Google_Map--32,C5,1,google.com,814,16,9,0,0,0,success,57.2,0
browser-use,Google_Map--33,C5,1,google.com,173,26,22,0,0,0,success,82.4,0
browser-use,Google_Map--34,C5,1,google.com,930,70,66,0,0,0,success,72.7,0
browser-use,Google_Map--35,C5,1,google.com,690,24,20,0,0,0,success,76.9,0
browser-use,Google_Map--36,C5,1,google.com,645,16,12,0,0,0,success,52.1,0
browser-use,Google_Map--37,C5,1,google.com,1017,16,12,0,0,0,success,38.7,0
browser-use,Google_Map--38,C5,1,google.com,851,16,9,0,0,0,success,33.7,0
browser-use,Google_Map--39,C5,1,google.com,571,17,10,0,0,0,success,36.0,0
browser-use,Google_Map--4,C5,1,google.com,434,26,20,0,0,0,success,43.7,0
browser-use,Google_Map--40,C5,1,google.com,750,43,39,0,0,0,success,79.0,0
browser-use,Google_Map--5,C5,1,google.com,1002,25,18,0,0,0,success,44.3,0
browser-use,Google_Map--6,C5,1,google.com,1070,101,97,0,0,0,success,63.8,0
browser-use,Google_Map--7,C5,1,google.com,638,16,12,0,0,0,success,64.3,0
browser-use,Google_Map--8,C5,1,google.com,470,16,9,0,0,0,success,46.2,0
browser-use,Google_Map--9,C5,1,google.com,1067,39,32,0,0,0,success,47.2,0
browser-use,Google_Search--0,C5,1,google.com,625,21,17,0,0,0,success,43.7,0
browser-use,Google_Search--1,C5,1,google.com,476,16,12,0,0,0,success,64.2,0
browser-use,Google_Search--10,C5,1,google.com,2888,300,294,0,0,0,success,68.9,0
browser-use,Google_Search--11,C5,1,google.com,601,25,20,0,0,0,success,70.5,0
browser-use,Google_Search--12,C5,1,google.com,1128,126,121,0,0,0,success,68.5,0
browser-use,Google_Search--13,C5,1,google.com,658,18,14,0,0,0,success,74.8,0
browser-use,Google_Search--14,C5,1,google.com,1060,114,109,0,0,0,success,78.8,0
browser-use,Google_Search--15,C5,1,google.com,196,14,9,0,0,0,success,21.4,0
browser-use,Google_Search--16,C5,1,google.com,1235,17,13,0,0,0,success,66.0,0
browser-use,Google_Search--17,C5,1,google.com,990,34,28,0,0,0,success,40.7,0
browser-use,Google_Search--18,C5,1,google.com,732,19,15,0,0,0,success,48.3,0
browser-use,Google_Search--19,C5,1,google.com,447,14,10,0,0,0,success,43.6,0
browser-use,Google_Search--2,C5,1,google.com,993,63,58,0,0,0,success,73.9,0
browser-use,Google_Search--20,C5,1,google.com,148,12,8,0,0,0,success,49.7,0
browser-use,Google_Search--21,C5,1,google.com,599,17,13,0,0,0,success,33.2,0
browser-use,Google_Search--22,C5,1,google.com,883,18,14,0,0,0,success,35.2,0
browser-use,Google_Search--23,C5,1,google.com,150,12,8,0,0,0,success,61.6,0
browser-use,Google_Search--24,C5,1,google.com,222,16,10,0,0,0,success,27.9,0
browser-use,Google_Search--25,C5,1,google.com,320,73,66,0,0,0,success,28.9,0
browser-use,Google_Search--26,C5,1,google.com,448,15,11,0,0,0,success,35.3,0
browser-use,Google_Search--27,C5,1,google.com,352,25,19,0,0,0,success,28.2,0
browser-use,Google_Search--28,C5,1,google.com,1186,182,177,0,0,0,success,50.8,0
browser-use,Google_Search--29,C5,1,google.com,210,15,11,0,0,0,success,58.8,0
browser-use,Google_Search--3,C5,1,google.com,187,15,11,0,0,0,success,80.0,0
browser-use,Google_Search--30,C5,1,google.com,773,36,31,0,0,0,success,40.1,0
browser-use,Google_Search--31,C5,1,google.com,726,19,15,0,0,0,success,66.2,0
browser-use,Google_Search--32,C5,1,google.com,525,17,13,0,0,0,success,57.0,0
browser-use,Google_Search--33,C5,1,google.com,381,15,11,0,0,0,success,53.2,0
browser-use,Google_Search--34,C5,1,google.com,261,49,45,0,0,0,success,98.8,0
browser-use,Google_Search--35,C5,1,google.com,430,57,52,0,0,0,success,46.3,0
browser-use,Google_Search--36,C5,1,google.com,238,30,25,0,0,0,success,51.2,0
browser-use,Google_Search--37,C5,1,google.com,613,20,16,0,0,0,success,41.0,0
browser-use,Google_Search--38,C5,1,google.com,596,16,12,0,0,0,success,43.7,0
browser-use,Google_Search--39,C5,1,google.com,1193,170,165,0,0,0,success,44.9,0
browser-use,Google_Search--4,C5,1,google.com,338,116,111,0,0,0,success,44.5,0
browser-use,Google_Search--40,C5,1,google.com,996,33,27,0,0,0,success,40.0,0
browser-use,Google_Search--41,C5,1,google.com,1055,44,40,0,0,0,success,45.2,0
browser-use,Google_Search--42,C5,1,google.com,1703,248,243,0,0,0,success,70.9,0
browser-use,Google_Search--5,C5,1,google.com,309,44,40,0,0,0,success,62.7,0
browser-use,Google_Search--6,C5,1,google.com,1201,24,19,0,0,0,success,27.4,0
browser-use,Google_Search--7,C5,1,google.com,838,25,21,0,0,0,success,59.5,0
browser-use,Google_Search--8,C5,1,google.com,375,23,19,0,0,0,success,51.5,0
browser-use,Google_Search--9,C5,1,google.com,959,76,72,0,0,0,success,60.3,0
browser-use,Huggingface--0,C5,1,huggingface.co,399,16,14,0,0,0,success,32.1,0
browser-use,Huggingface--1,C5,1,huggingface.co,268,18,16,0,0,0,success,37.6,0
browser-use,Huggingface--10,C5,1,huggingface.co,281,13,13,0,0,0,success,31.6,0
browser-use,Huggingface--11,C5,1,huggingface.co,443,18,16,0,0,0,success,49.7,0
browser-use,Huggingface--12,C5,1,huggingface.co,459,15,13,0,0,0,success,42.8,0
browser-use,Huggingface--13,C5,1,huggingface.co,811,20,20,0,0,0,success,71.9,0
browser-use,Huggingface--14,C5,1,huggingface.co,212,18,16,0,0,0,success,38.8,0
browser-use,Huggingface--15,C5,1,huggingface.co,236,16,14,0,0,0,success,37.7,0
browser-use,Huggingface--16,C5,1,huggingface.co,354,16,14,0,0,0,success,18.5,0
browser-use,Huggingface--17,C5,1,huggingface.co,277,16,14,0,0,0,success,43.5,0
browser-use,Huggingface--18,C5,1,huggingface.co,542,27,26,0,0,0,success,69.7,0
browser-use,Huggingface--19,C5,1,huggingface.co,350,15,13,0,0,0,success,32.9,0
browser-use,Huggingface--2,C5,1,huggingface.co,204,15,13,0,0,0,success,46.1,0
browser-use,Huggingface--20,C5,1,huggingface.co,387,16,14,0,0,0,success,34.8,0
browser-use,Huggingface--21,C5,1,huggingface.co,328,20,19,0,0,0,success,50.1,0
browser-use,Huggingface--22,C5,1,huggingface.co,382,24,23,0,0,0,success,42.7,0
browser-use,Huggingface--23,C5,1,huggingface.co,1025,16,14,0,0,0,success,51.8,0
browser-use,Huggingface--24,C5,1,huggingface.co,210,16,14,0,0,0,success,33.6,0
browser-use,Huggingface--25,C5,1,huggingface.co,321,19,18,0,0,0,success,40.7,0
browser-use,Huggingface--26,C5,1,huggingface.co,481,15,13,0,0,0,success,39.1,0
browser-use,Huggingface--27,C5,1,huggingface.co,475,18,15,0,0,0,success,37.1,0
browser-use,Huggingface--28,C5,1,huggingface.co,381,16,14,0,0,0,success,24.2,0
browser-use,Huggingface--29,C5,1,huggingface.co,470,19,17,0,0,0,success,57.1,0
browser-use,Huggingface--3,C5,1,huggingface.co,268,16,14,0,0,0,success,29.7,0
browser-use,Huggingface--30,C5,1,huggingface.co,232,16,14,0,0,0,success,43.9,0
browser-use,Huggingface--31,C5,1,huggingface.co,431,16,14,0,0,0,success,48.0,0
browser-use,Huggingface--32,C5,1,huggingface.co,623,18,16,0,0,0,success,53.8,0
browser-use,Huggingface--33,C5,1,huggingface.co,569,25,24,0,0,0,success,63.6,0
browser-use,Huggingface--34,C5,1,huggingface.co,893,23,21,0,0,0,success,34.5,0
browser-use,Huggingface--35,C5,1,huggingface.co,265,17,14,0,0,0,success,22.1,0
browser-use,Huggingface--36,C5,1,huggingface.co,173,17,16,0,0,0,success,38.6,0
browser-use,Huggingface--37,C5,1,huggingface.co,467,20,16,0,0,0,success,45.0,0
browser-use,Huggingface--38,C5,1,huggingface.co,375,23,22,0,0,0,success,45.1,0
browser-use,Huggingface--39,C5,1,huggingface.co,361,20,19,0,0,0,success,50.3,0
browser-use,Huggingface--4,C5,1,huggingface.co,467,18,16,0,0,0,success,56.7,0
browser-use,Huggingface--40,C5,1,huggingface.co,210,19,18,0,0,0,success,36.9,0
browser-use,Huggingface--41,C5,1,huggingface.co,741,21,20,0,0,0,success,37.6,0
browser-use,Huggingface--42,C5,1,huggingface.co,976,24,22,0,0,0,success,72.8,0
browser-use,Huggingface--5,C5,1,huggingface.co,452,18,16,0,0,0,success,41.6,0
browser-use,Huggingface--6,C5,1,huggingface.co,482,20,18,0,0,0,success,58.0,0
browser-use,Huggingface--7,C5,1,huggingface.co,161,13,12,0,0,0,success,34.3,0
browser-use,Huggingface--8,C5,1,huggingface.co,949,31,31,0,0,0,success,51.4,0
browser-use,Huggingface--9,C5,1,huggingface.co,216,16,14,0,0,0,success,34.9,0
browser-use,Wolfram_Alpha--0,C5,1,wolframalpha.com,8,5,5,0,0,0,success,3.3,0
browser-use,Wolfram_Alpha--1,C5,1,wolframalpha.com,745,23,23,0,0,0,success,61.8,0
browser-use,Wolfram_Alpha--10,C5,1,wolframalpha.com,664,19,19,0,0,0,success,50.9,0
browser-use,Wolfram_Alpha--11,C5,1,wolframalpha.com,825,31,31,0,0,0,success,84.0,0
browser-use,Wolfram_Alpha--12,C5,1,wolframalpha.com,698,23,23,0,0,0,success,68.9,0
browser-use,Wolfram_Alpha--13,C5,1,wolframalpha.com,519,33,33,0,0,0,success,33.3,0
browser-use,Wolfram_Alpha--14,C5,1,wolframalpha.com,634,22,22,0,0,0,success,72.4,0
browser-use,Wolfram_Alpha--15,C5,1,wolframalpha.com,569,16,16,0,0,0,success,30.1,0
browser-use,Wolfram_Alpha--16,C5,1,wolframalpha.com,568,15,15,0,0,0,success,43.3,0
browser-use,Wolfram_Alpha--17,C5,1,wolframalpha.com,588,18,18,0,0,0,success,36.3,0
browser-use,Wolfram_Alpha--18,C5,1,wolframalpha.com,700,22,22,0,0,0,success,71.4,0
browser-use,Wolfram_Alpha--19,C5,1,wolframalpha.com,741,40,40,0,0,0,success,65.5,0
browser-use,Wolfram_Alpha--2,C5,1,wolframalpha.com,971,38,36,0,0,0,success,70.5,0
browser-use,Wolfram_Alpha--20,C5,1,wolframalpha.com,9,5,5,0,0,0,success,8.1,0
browser-use,Wolfram_Alpha--21,C5,1,wolframalpha.com,700,28,28,0,0,0,success,67.8,0
browser-use,Wolfram_Alpha--22,C5,1,wolframalpha.com,681,18,18,0,0,0,success,57.2,0
browser-use,Wolfram_Alpha--23,C5,1,wolframalpha.com,168,10,8,0,0,0,success,38.2,0
browser-use,Wolfram_Alpha--24,C5,1,wolframalpha.com,9,5,5,0,0,0,success,10.0,0
browser-use,Wolfram_Alpha--25,C5,1,wolframalpha.com,9,5,5,0,0,0,success,6.6,0
browser-use,Wolfram_Alpha--26,C5,1,wolframalpha.com,174,17,17,0,0,0,success,47.8,0
browser-use,Wolfram_Alpha--27,C5,1,wolframalpha.com,1316,214,214,0,0,0,success,58.4,0
browser-use,Wolfram_Alpha--28,C5,1,wolframalpha.com,699,28,28,0,0,0,success,65.1,0
browser-use,Wolfram_Alpha--29,C5,1,wolframalpha.com,124,10,8,0,0,0,success,22.4,0
browser-use,Wolfram_Alpha--3,C5,1,wolframalpha.com,84,10,8,0,0,0,success,39.9,0
browser-use,Wolfram_Alpha--30,C5,1,wolframalpha.com,702,36,36,0,0,0,success,42.2,0
browser-use,Wolfram_Alpha--31,C5,1,wolframalpha.com,116,11,9,0,0,0,success,23.1,0
browser-use,Wolfram_Alpha--32,C5,1,wolframalpha.com,113,11,9,0,0,0,success,50.8,0
browser-use,Wolfram_Alpha--33,C5,1,wolframalpha.com,215,12,10,0,0,0,success,54.7,0
browser-use,Wolfram_Alpha--34,C5,1,wolframalpha.com,155,11,9,0,0,0,success,30.0,0
browser-use,Wolfram_Alpha--35,C5,1,wolframalpha.com,940,19,19,0,0,0,success,68.9,0
browser-use,Wolfram_Alpha--36,C5,1,wolframalpha.com,637,18,16,0,0,0,success,47.3,0
browser-use,Wolfram_Alpha--37,C5,1,wolframalpha.com,9,5,5,0,0,0,success,3.4,0
browser-use,Wolfram_Alpha--38,C5,1,wolframalpha.com,685,19,17,0,0,0,success,64.1,0
browser-use,Wolfram_Alpha--39,C5,1,wolframalpha.com,286,11,9,0,0,0,success,30.4,0
browser-use,Wolfram_Alpha--4,C5,1,wolframalpha.com,554,18,18,0,0,0,success,48.3,0
browser-use,Wolfram_Alpha--40,C5,1,wolframalpha.com,637,23,23,0,0,0,success,67.3,0
browser-use,Wolfram_Alpha--41,C5,1,wolframalpha.com,138,13,13,0,0,0,success,39.9,0
browser-use,Wolfram_Alpha--42,C5,1,wolframalpha.com,8,5,5,0,0,0,success,11.5,0
browser-use,Wolfram_Alpha--43,C5,1,wolframalpha.com,517,34,34,0,0,0,success,37.3,0
browser-use,Wolfram_Alpha--44,C5,1,wolframalpha.com,580,15,15,0,0,0,success,39.9,0
browser-use,Wolfram_Alpha--45,C5,1,wolframalpha.com,1281,146,146,0,0,0,success,66.0,0
browser-use,Wolfram_Alpha--5,C5,1,wolframalpha.com,74,9,7,0,0,0,success,38.5,0
browser-use,Wolfram_Alpha--6,C5,1,wolframalpha.com,106,10,8,0,0,0,success,42.7,0
browser-use,Wolfram_Alpha--7,C5,1,wolframalpha.com,13,5,5,0,0,0,success,57.2,0
browser-use,Wolfram_Alpha--8,C5,1,wolframalpha.com,465,22,22,0,0,0,success,47.1,0
browser-use,Wolfram_Alpha--9,C5,1,wolframalpha.com,902,38,38,0,0,0,success,40.5,0
browser-use,Allrecipes--0,C7,1,allrecipes.com,59,11,10,0,4,0,success,42.7,0
browser-use,Allrecipes--1,C7,1,allrecipes.com,41,13,12,0,6,0,success,29.3,0
browser-use,Allrecipes--10,C7,1,allrecipes.com,93,12,12,0,4,0,success,35.0,0
browser-use,Allrecipes--11,C7,1,allrecipes.com,1495,145,142,0,46,0,success,38.8,0
browser-use,Allrecipes--12,C7,1,allrecipes.com,1152,131,128,0,33,0,success,43.1,0
browser-use,Allrecipes--13,C7,1,allrecipes.com,981,118,115,0,26,0,success,36.2,0
browser-use,Allrecipes--14,C7,1,allrecipes.com,1402,133,130,0,44,0,success,40.2,0
browser-use,Allrecipes--15,C7,1,allrecipes.com,866,125,122,0,27,0,success,30.8,0
browser-use,Allrecipes--16,C7,1,allrecipes.com,1413,127,124,0,54,0,success,41.6,0
browser-use,Allrecipes--17,C7,1,allrecipes.com,95,11,10,0,5,0,success,65.3,0
browser-use,Allrecipes--18,C7,1,allrecipes.com,1143,124,121,0,40,0,success,44.0,0
browser-use,Allrecipes--19,C7,1,allrecipes.com,1032,110,107,0,38,0,success,35.2,0
browser-use,Allrecipes--2,C7,1,allrecipes.com,105,13,12,0,4,0,success,41.2,0
browser-use,Allrecipes--20,C7,1,allrecipes.com,786,118,115,0,25,0,success,38.2,0
browser-use,Allrecipes--21,C7,1,allrecipes.com,1057,138,135,0,33,0,success,36.0,0
browser-use,Allrecipes--22,C7,1,allrecipes.com,1048,123,120,0,33,0,success,33.9,0
browser-use,Allrecipes--23,C7,1,allrecipes.com,1534,134,131,0,55,0,success,46.7,0
browser-use,Allrecipes--24,C7,1,allrecipes.com,919,126,123,0,30,0,success,30.7,0
browser-use,Allrecipes--25,C7,1,allrecipes.com,885,122,119,0,28,0,success,42.2,0
browser-use,Allrecipes--26,C7,1,allrecipes.com,934,126,123,0,29,0,success,31.4,0
browser-use,Allrecipes--27,C7,1,allrecipes.com,793,119,116,0,24,0,success,43.7,0
browser-use,Allrecipes--28,C7,1,allrecipes.com,775,125,122,0,25,0,success,32.7,0
browser-use,Allrecipes--29,C7,1,allrecipes.com,1265,139,136,0,47,0,success,40.1,0
browser-use,Allrecipes--3,C7,1,allrecipes.com,835,126,123,0,25,0,success,32.2,0
browser-use,Allrecipes--30,C7,1,allrecipes.com,1001,124,121,0,33,0,success,42.8,0
browser-use,Allrecipes--31,C7,1,allrecipes.com,1092,132,129,0,31,0,success,50.8,0
browser-use,Allrecipes--32,C7,1,allrecipes.com,671,116,113,0,26,0,success,23.9,0
browser-use,Allrecipes--33,C7,1,allrecipes.com,1099,140,137,0,32,0,success,37.5,0
browser-use,Allrecipes--34,C7,1,allrecipes.com,870,120,117,0,29,0,success,26.9,0
browser-use,Allrecipes--35,C7,1,allrecipes.com,902,124,121,0,29,0,success,25.0,0
browser-use,Allrecipes--36,C7,1,allrecipes.com,1144,123,120,0,43,0,success,33.4,0
browser-use,Allrecipes--37,C7,1,allrecipes.com,804,126,123,0,25,0,success,27.1,0
browser-use,Allrecipes--38,C7,1,allrecipes.com,711,117,114,0,23,0,success,22.1,0
browser-use,Allrecipes--39,C7,1,allrecipes.com,874,124,121,0,26,0,success,32.5,0
browser-use,Allrecipes--4,C7,1,allrecipes.com,145,15,14,0,4,0,success,26.1,0
browser-use,Allrecipes--40,C7,1,allrecipes.com,407,103,100,0,11,0,success,28.0,0
browser-use,Allrecipes--41,C7,1,allrecipes.com,91,11,10,0,3,0,success,64.8,0
browser-use,Allrecipes--42,C7,1,allrecipes.com,738,118,115,0,26,0,success,24.5,0
browser-use,Allrecipes--43,C7,1,allrecipes.com,1234,123,120,0,44,0,success,43.7,0
browser-use,Allrecipes--44,C7,1,allrecipes.com,568,110,107,0,18,0,success,29.1,0
browser-use,Allrecipes--5,C7,1,allrecipes.com,50,11,11,0,5,0,success,37.8,0
browser-use,Allrecipes--6,C7,1,allrecipes.com,93,12,11,0,4,0,success,29.3,0
browser-use,Allrecipes--7,C7,1,allrecipes.com,143,16,15,0,4,0,success,71.1,0
browser-use,Allrecipes--8,C7,1,allrecipes.com,895,127,124,0,25,0,success,33.6,0
browser-use,Allrecipes--9,C7,1,allrecipes.com,146,14,13,0,2,0,success,25.2,0
browser-use,Amazon--0,C7,1,amazon.com,94,11,10,0,5,0,success,28.8,0
browser-use,Amazon--1,C7,1,amazon.com,804,15,11,0,4,0,success,63.6,0
browser-use,Amazon--10,C7,1,amazon.com,1251,12,8,0,8,0,success,58.5,0
browser-use,Amazon--11,C7,1,amazon.com,711,15,11,0,2,0,success,53.7,0
browser-use,Amazon--12,C7,1,amazon.com,834,13,9,0,3,0,success,40.6,0
browser-use,Amazon--13,C7,1,amazon.com,991,15,11,0,3,0,success,49.7,0
browser-use,Amazon--14,C7,1,amazon.com,0,0,0,0,0,0,,,
browser-use,Amazon--15,C7,1,amazon.com,786,14,10,0,4,0,success,64.8,0
browser-use,Amazon--16,C7,1,amazon.com,104,11,10,0,4,0,success,77.9,0
browser-use,Amazon--17,C7,1,amazon.com,576,13,9,0,2,0,success,62.2,0
browser-use,Amazon--18,C7,1,amazon.com,583,14,11,0,2,0,success,30.2,0
browser-use,Amazon--19,C7,1,amazon.com,180,13,10,0,1,0,success,33.7,0
browser-use,Amazon--2,C7,1,amazon.com,105,13,12,0,4,0,success,39.7,0
browser-use,Amazon--20,C7,1,amazon.com,611,12,8,0,3,0,success,56.3,0
browser-use,Amazon--21,C7,1,amazon.com,916,12,8,0,4,0,success,48.9,0
browser-use,Amazon--22,C7,1,amazon.com,951,13,9,0,3,0,success,52.4,0
browser-use,Amazon--23,C7,1,amazon.com,1440,16,12,0,6,0,success,74.5,0
browser-use,Amazon--24,C7,1,amazon.com,804,13,9,0,3,0,success,38.6,0
browser-use,Amazon--25,C7,1,amazon.com,666,15,11,0,2,0,success,50.4,0
browser-use,Amazon--26,C7,1,amazon.com,866,17,12,0,3,0,success,56.2,0
browser-use,Amazon--27,C7,1,amazon.com,785,13,8,0,4,0,success,59.8,0
browser-use,Amazon--28,C7,1,amazon.com,782,12,8,0,4,0,success,37.7,0
browser-use,Amazon--29,C7,1,amazon.com,835,13,9,0,4,0,success,57.4,0
browser-use,Amazon--3,C7,1,amazon.com,98,15,14,0,5,0,success,31.0,0
browser-use,Amazon--30,C7,1,amazon.com,545,13,9,0,2,0,success,47.7,0
browser-use,Amazon--31,C7,1,amazon.com,937,13,9,0,4,0,success,58.5,0
browser-use,Amazon--32,C7,1,amazon.com,639,15,11,0,2,0,success,56.0,0
browser-use,Amazon--33,C7,1,amazon.com,797,13,9,0,3,0,success,49.5,0
browser-use,Amazon--34,C7,1,amazon.com,767,16,11,0,3,0,success,40.2,0
browser-use,Amazon--35,C7,1,amazon.com,847,14,9,0,3,0,success,35.3,0
browser-use,Amazon--36,C7,1,amazon.com,770,13,9,0,3,0,success,54.8,0
browser-use,Amazon--37,C7,1,amazon.com,815,15,11,0,3,0,success,41.2,0
browser-use,Amazon--38,C7,1,amazon.com,834,14,10,0,3,0,success,32.4,0
browser-use,Amazon--39,C7,1,amazon.com,970,14,9,0,5,0,success,54.3,0
browser-use,Amazon--4,C7,1,amazon.com,548,13,9,0,2,0,success,45.5,0
browser-use,Amazon--40,C7,1,amazon.com,718,13,9,0,3,0,success,57.4,0
browser-use,Amazon--5,C7,1,amazon.com,95,13,12,0,5,0,success,32.1,0
browser-use,Amazon--6,C7,1,amazon.com,926,18,14,0,4,0,success,58.3,0
browser-use,Amazon--7,C7,1,amazon.com,638,13,9,0,2,0,success,49.9,0
browser-use,Amazon--8,C7,1,amazon.com,811,13,9,0,3,0,success,46.7,0
browser-use,Amazon--9,C7,1,amazon.com,881,13,9,0,3,0,success,44.5,0
browser-use,Apple--0,C7,1,apple.com,199,8,5,0,0,0,success,35.1,0
browser-use,Apple--1,C7,1,apple.com,43,13,11,0,6,0,success,32.6,0
browser-use,Apple--10,C7,1,apple.com,97,12,11,0,5,0,success,53.7,0
browser-use,Apple--11,C7,1,apple.com,385,10,6,0,0,0,success,35.2,0
browser-use,Apple--12,C7,1,apple.com,95,12,11,0,5,0,success,77.6,0
browser-use,Apple--13,C7,1,apple.com,141,14,13,0,3,0,success,63.1,0
browser-use,Apple--14,C7,1,apple.com,41,10,9,0,6,0,success,73.4,0
browser-use,Apple--15,C7,1,apple.com,47,10,9,0,4,0,success,68.9,0
browser-use,Apple--16,C7,1,apple.com,170,12,9,0,1,0,success,32.0,0
browser-use,Apple--17,C7,1,apple.com,222,12,9,0,0,0,success,44.5,0
browser-use,Apple--18,C7,1,apple.com,95,13,12,0,5,0,success,31.8,0
browser-use,Apple--19,C7,1,apple.com,362,10,6,0,0,0,success,35.3,0
browser-use,Apple--2,C7,1,apple.com,167,8,5,0,0,0,success,37.4,0
browser-use,Apple--20,C7,1,apple.com,148,13,13,0,3,0,success,64.9,0
browser-use,Apple--21,C7,1,apple.com,258,8,5,0,0,0,success,31.2,0
browser-use,Apple--22,C7,1,apple.com,92,8,6,0,0,0,success,34.7,0
browser-use,Apple--23,C7,1,apple.com,288,10,6,0,0,0,success,28.1,0
browser-use,Apple--24,C7,1,apple.com,91,11,10,0,4,0,success,28.8,0
browser-use,Apple--25,C7,1,apple.com,190,9,5,0,0,0,success,31.9,0
browser-use,Apple--26,C7,1,apple.com,357,10,6,0,0,0,success,28.3,0
browser-use,Apple--27,C7,1,apple.com,201,10,7,0,0,0,success,26.8,0
browser-use,Apple--28,C7,1,apple.com,38,10,9,0,5,0,success,69.5,0
browser-use,Apple--29,C7,1,apple.com,301,8,5,0,0,0,success,29.7,0
browser-use,Apple--3,C7,1,apple.com,58,11,10,0,4,0,success,74.5,0
browser-use,Apple--30,C7,1,apple.com,378,10,6,0,0,0,success,36.7,0
browser-use,Apple--31,C7,1,apple.com,227,9,6,0,0,0,success,20.5,0
browser-use,Apple--32,C7,1,apple.com,157,10,7,0,0,0,success,30.4,0
browser-use,Apple--33,C7,1,apple.com,48,11,9,0,4,0,success,70.9,0
browser-use,Apple--34,C7,1,apple.com,49,11,10,0,5,0,success,38.1,0
browser-use,Apple--35,C7,1,apple.com,338,11,7,0,0,0,success,51.6,0
browser-use,Apple--36,C7,1,apple.com,183,15,6,0,0,0,success,42.0,0
browser-use,Apple--37,C7,1,apple.com,59,11,9,0,4,0,success,42.2,0
browser-use,Apple--38,C7,1,apple.com,46,11,10,0,4,0,success,69.3,0
browser-use,Apple--39,C7,1,apple.com,159,15,12,0,4,0,success,26.5,0
browser-use,Apple--4,C7,1,apple.com,56,10,9,0,4,0,success,43.6,0
browser-use,Apple--40,C7,1,apple.com,100,7,5,0,0,0,success,31.7,0
browser-use,Apple--41,C7,1,apple.com,140,14,13,0,4,0,success,25.5,0
browser-use,Apple--42,C7,1,apple.com,284,10,6,0,0,0,success,35.4,0
browser-use,Apple--5,C7,1,apple.com,138,15,14,0,4,0,success,72.5,0
browser-use,Apple--6,C7,1,apple.com,151,8,5,0,0,0,success,32.2,0
browser-use,Apple--7,C7,1,apple.com,91,12,11,0,3,0,success,27.8,0
browser-use,Apple--8,C7,1,apple.com,163,13,12,0,2,0,success,63.2,0
browser-use,Apple--9,C7,1,apple.com,278,10,6,0,0,0,success,41.6,0
browser-use,ArXiv--0,C7,1,arxiv.org,53,10,8,0,0,0,success,57.7,0
browser-use,ArXiv--1,C7,1,arxiv.org,49,10,8,0,0,0,success,28.7,0
browser-use,ArXiv--10,C7,1,arxiv.org,104,13,12,0,4,0,success,59.5,0
browser-use,ArXiv--11,C7,1,arxiv.org,138,17,15,0,0,0,success,45.7,0
browser-use,ArXiv--12,C7,1,arxiv.org,41,10,9,0,6,0,success,77.3,0
browser-use,ArXiv--13,C7,1,arxiv.org,66,10,8,0,0,0,success,29.6,0
browser-use,ArXiv--14,C7,1,arxiv.org,42,10,8,0,0,0,success,39.7,0
browser-use,ArXiv--15,C7,1,arxiv.org,47,12,10,0,0,0,success,40.1,0
browser-use,ArXiv--16,C7,1,arxiv.org,82,11,9,0,0,0,success,35.4,0
browser-use,ArXiv--17,C7,1,arxiv.org,92,11,10,0,4,0,success,30.6,0
browser-use,ArXiv--18,C7,1,arxiv.org,95,11,10,0,5,0,success,79.2,0
browser-use,ArXiv--19,C7,1,arxiv.org,36,10,9,0,4,0,success,51.1,0
browser-use,ArXiv--2,C7,1,arxiv.org,54,9,7,0,0,0,success,23.9,0
browser-use,ArXiv--20,C7,1,arxiv.org,56,7,5,0,0,0,success,35.1,0
browser-use,ArXiv--21,C7,1,arxiv.org,39,12,10,0,0,0,success,31.7,0
browser-use,ArXiv--22,C7,1,arxiv.org,102,16,13,0,0,0,success,29.1,0
browser-use,ArXiv--23,C7,1,arxiv.org,37,10,8,0,0,0,success,25.6,0
browser-use,ArXiv--24,C7,1,arxiv.org,87,13,11,0,0,0,success,50.0,0
browser-use,ArXiv--25,C7,1,arxiv.org,94,12,10,0,5,0,success,28.9,0
browser-use,ArXiv--26,C7,1,arxiv.org,39,12,10,0,0,0,success,47.4,0
browser-use,ArXiv--27,C7,1,arxiv.org,135,18,15,0,1,0,success,66.1,0
browser-use,ArXiv--28,C7,1,arxiv.org,127,11,9,0,0,0,success,37.8,0
browser-use,ArXiv--29,C7,1,arxiv.org,66,12,10,0,0,0,success,56.8,0
browser-use,ArXiv--3,C7,1,arxiv.org,51,9,7,0,0,0,success,24.8,0
browser-use,ArXiv--30,C7,1,arxiv.org,50,10,9,0,5,0,success,69.9,0
browser-use,ArXiv--31,C7,1,arxiv.org,40,12,10,0,0,0,success,69.7,0
browser-use,ArXiv--32,C7,1,arxiv.org,43,9,7,0,0,0,success,23.1,0
browser-use,ArXiv--33,C7,1,arxiv.org,80,13,11,0,0,0,success,43.7,0
browser-use,ArXiv--34,C7,1,arxiv.org,55,12,10,0,0,0,success,39.0,0
browser-use,ArXiv--35,C7,1,arxiv.org,44,7,5,0,0,0,success,12.8,0
browser-use,ArXiv--36,C7,1,arxiv.org,73,12,10,0,0,0,success,45.1,0
browser-use,ArXiv--37,C7,1,arxiv.org,96,12,11,0,5,0,success,69.6,0
browser-use,ArXiv--38,C7,1,arxiv.org,132,14,12,0,2,0,success,67.1,0
browser-use,ArXiv--39,C7,1,arxiv.org,107,13,11,0,4,0,success,78.9,0
browser-use,ArXiv--4,C7,1,arxiv.org,44,7,5,0,0,0,success,61.2,0
browser-use,ArXiv--40,C7,1,arxiv.org,65,12,10,0,0,0,success,55.2,0
browser-use,ArXiv--41,C7,1,arxiv.org,48,10,9,0,5,0,success,71.9,0
browser-use,ArXiv--42,C7,1,arxiv.org,96,11,11,0,5,0,success,61.1,0
browser-use,ArXiv--5,C7,1,arxiv.org,74,12,10,0,0,0,success,37.2,0
browser-use,ArXiv--6,C7,1,arxiv.org,101,13,12,0,4,0,success,78.9,0
browser-use,ArXiv--7,C7,1,arxiv.org,76,11,9,0,0,0,success,42.8,0
browser-use,ArXiv--8,C7,1,arxiv.org,93,12,11,0,4,0,success,30.0,0
browser-use,ArXiv--9,C7,1,arxiv.org,65,12,10,0,0,0,success,43.2,0
browser-use,BBC_News--0,C7,1,bbc.com,362,59,56,0,16,0,success,32.3,0
browser-use,BBC_News--1,C7,1,bbc.com,532,67,64,0,20,0,success,39.5,0
browser-use,BBC_News--10,C7,1,bbc.com,507,59,56,0,22,0,success,38.7,0
browser-use,BBC_News--11,C7,1,bbc.com,41,13,13,0,6,0,success,30.7,0
browser-use,BBC_News--12,C7,1,bbc.com,99,14,14,0,5,0,success,77.1,0
browser-use,BBC_News--13,C7,1,bbc.com,248,22,22,0,2,0,success,71.2,0
browser-use,BBC_News--14,C7,1,bbc.com,151,15,14,0,4,0,success,48.6,0
browser-use,BBC_News--15,C7,1,bbc.com,119,10,10,0,0,0,success,39.5,0
browser-use,BBC_News--16,C7,1,bbc.com,473,60,57,0,22,0,success,45.4,0
browser-use,BBC_News--17,C7,1,bbc.com,399,55,52,0,16,0,success,29.8,0
browser-use,BBC_News--18,C7,1,bbc.com,95,11,11,0,5,0,success,68.6,0
browser-use,BBC_News--19,C7,1,bbc.com,39,11,11,0,5,0,success,29.4,0
browser-use,BBC_News--2,C7,1,bbc.com,95,13,12,0,4,0,success,33.6,0
browser-use,BBC_News--20,C7,1,bbc.com,538,57,54,0,20,0,success,66.2,0
browser-use,BBC_News--21,C7,1,bbc.com,216,46,43,0,3,0,success,24.7,0
browser-use,BBC_News--22,C7,1,bbc.com,559,70,67,0,19,0,success,22.9,0
browser-use,BBC_News--23,C7,1,bbc.com,702,66,63,0,25,0,success,62.5,0
browser-use,BBC_News--24,C7,1,bbc.com,499,60,57,0,23,0,success,32.9,0
browser-use,BBC_News--25,C7,1,bbc.com,763,59,56,0,24,0,success,57.6,0
browser-use,BBC_News--26,C7,1,bbc.com,314,12,11,0,5,0,success,62.5,0
browser-use,BBC_News--27,C7,1,bbc.com,607,68,65,0,22,0,success,43.3,0
browser-use,BBC_News--28,C7,1,bbc.com,504,54,51,0,13,0,success,52.5,0
browser-use,BBC_News--29,C7,1,bbc.com,48,10,10,0,5,0,success,70.6,0
browser-use,BBC_News--3,C7,1,bbc.com,654,65,65,0,31,0,success,47.7,0
browser-use,BBC_News--30,C7,1,bbc.com,96,12,11,0,5,0,success,72.2,0
browser-use,BBC_News--31,C7,1,bbc.com,40,12,12,0,5,0,success,30.6,0
browser-use,BBC_News--32,C7,1,bbc.com,103,13,13,0,3,0,success,38.4,0
browser-use,BBC_News--33,C7,1,bbc.com,617,64,61,0,25,0,success,35.1,0
browser-use,BBC_News--34,C7,1,bbc.com,50,11,11,0,5,0,success,66.6,0
browser-use,BBC_News--35,C7,1,bbc.com,91,11,11,0,4,0,success,72.6,0
browser-use,BBC_News--36,C7,1,bbc.com,96,12,11,0,5,0,success,31.5,0
browser-use,BBC_News--37,C7,1,bbc.com,104,11,10,0,4,0,success,40.1,0
browser-use,BBC_News--38,C7,1,bbc.com,417,21,21,0,0,0,success,78.1,0
browser-use,BBC_News--39,C7,1,bbc.com,152,14,14,0,3,0,success,33.6,0
browser-use,BBC_News--4,C7,1,bbc.com,612,65,62,0,30,0,success,37.4,0
browser-use,BBC_News--40,C7,1,bbc.com,396,63,60,0,9,0,success,26.7,0
browser-use,BBC_News--41,C7,1,bbc.com,575,56,52,0,15,0,success,41.8,0
browser-use,BBC_News--5,C7,1,bbc.com,91,11,10,0,3,0,success,58.4,0
browser-use,BBC_News--6,C7,1,bbc.com,380,64,61,0,7,0,success,17.6,0
browser-use,BBC_News--7,C7,1,bbc.com,141,17,16,0,4,0,success,73.8,0
browser-use,BBC_News--8,C7,1,bbc.com,90,11,10,0,3,0,success,30.6,0
browser-use,BBC_News--9,C7,1,bbc.com,96,12,12,0,5,0,success,28.4,0
browser-use,Booking--0,C7,1,booking.com,106,12,11,0,4,0,success,78.5,0
browser-use,Booking--1,C7,1,booking.com,40,12,11,0,5,0,success,28.8,0
browser-use,Booking--10,C7,1,booking.com,569,34,28,0,9,4,success,59.3,0
browser-use,Booking--11,C7,1,booking.com,555,36,30,0,9,6,success,48.5,0
browser-use,Booking--12,C7,1,booking.com,49,11,10,0,5,0,success,41.2,0
browser-use,Booking--13,C7,1,booking.com,97,14,13,0,5,0,success,76.4,0
browser-use,Booking--14,C7,1,booking.com,864,45,40,0,26,8,success,57.2,0
browser-use,Booking--15,C7,1,booking.com,289,36,32,0,3,2,success,45.0,0
browser-use,Booking--16,C7,1,booking.com,304,34,30,0,3,2,success,40.9,0
browser-use,Booking--17,C7,1,booking.com,38,11,10,0,5,0,success,31.1,0
browser-use,Booking--18,C7,1,booking.com,692,38,32,0,19,6,success,50.8,0
browser-use,Booking--19,C7,1,booking.com,461,41,36,0,13,4,success,53.3,0
browser-use,Booking--2,C7,1,booking.com,97,14,13,0,5,0,success,34.9,0
browser-use,Booking--20,C7,1,booking.com,701,44,38,0,19,6,success,56.4,0
browser-use,Booking--21,C7,1,booking.com,47,10,9,0,4,0,success,72.4,0
browser-use,Booking--22,C7,1,booking.com,625,42,37,0,23,6,success,48.8,0
browser-use,Booking--23,C7,1,booking.com,862,34,28,0,15,8,success,59.4,0
browser-use,Booking--24,C7,1,booking.com,49,11,10,0,5,0,success,80.0,0
browser-use,Booking--25,C7,1,booking.com,494,35,30,0,6,4,success,49.6,0
browser-use,Booking--26,C7,1,booking.com,301,36,32,0,3,2,success,43.6,0
browser-use,Booking--27,C7,1,booking.com,94,12,11,0,4,0,success,72.6,0
browser-use,Booking--28,C7,1,booking.com,282,32,28,0,3,2,success,38.2,0
browser-use,Booking--29,C7,1,booking.com,96,14,13,0,5,0,success,33.5,0
browser-use,Booking--3,C7,1,booking.com,808,40,34,0,12,6,success,51.2,0
browser-use,Booking--30,C7,1,booking.com,285,36,32,0,3,2,success,44.4,0
browser-use,Booking--31,C7,1,booking.com,1091,37,31,0,12,8,success,52.1,0
browser-use,Booking--32,C7,1,booking.com,1256,40,34,0,15,10,success,55.2,0
browser-use,Booking--33,C7,1,booking.com,489,33,27,0,4,10,success,56.2,0
browser-use,Booking--34,C7,1,booking.com,95,13,12,0,4,0,success,78.1,0
browser-use,Booking--35,C7,1,booking.com,40,12,11,0,5,0,success,69.8,0
browser-use,Booking--36,C7,1,booking.com,518,41,36,0,13,4,success,62.5,0
browser-use,Booking--37,C7,1,booking.com,39,11,10,0,5,0,success,74.6,0
browser-use,Booking--38,C7,1,booking.com,287,36,32,0,3,2,success,43.5,0
browser-use,Booking--39,C7,1,booking.com,279,34,30,0,3,2,success,41.2,0
browser-use,Booking--4,C7,1,booking.com,1314,46,40,0,38,12,success,56.3,0
browser-use,Booking--40,C7,1,booking.com,47,10,9,0,5,0,success,78.7,0
browser-use,Booking--41,C7,1,booking.com,361,33,28,0,3,4,success,27.4,0
browser-use,Booking--42,C7,1,booking.com,459,42,37,0,13,4,success,50.0,0
browser-use,Booking--43,C7,1,booking.com,100,20,20,0,4,0,success,66.0,0
browser-use,Booking--5,C7,1,booking.com,328,34,30,0,3,2,success,42.5,0
browser-use,Booking--6,C7,1,booking.com,40,12,11,0,6,0,success,73.3,0
browser-use,Booking--7,C7,1,booking.com,51,12,11,0,5,0,success,37.7,0
browser-use,Booking--8,C7,1,booking.com,41,13,12,0,6,0,success,34.2,0
browser-use,Booking--9,C7,1,booking.com,96,14,13,0,5,0,success,76.8,0
browser-use,Cambridge_Dictionary--0,C7,1,cambridge.org,37,10,9,0,5,0,success,30.1,0
browser-use,Cambridge_Dictionary--1,C7,1,cambridge.org,99,11,11,0,2,0,success,38.7,0
browser-use,Cambridge_Dictionary--10,C7,1,cambridge.org,95,13,13,0,4,0,success,30.8,0
browser-use,Cambridge_Dictionary--11,C7,1,cambridge.org,100,13,13,0,5,0,success,30.8,0
browser-use,Cambridge_Dictionary--12,C7,1,cambridge.org,169,24,23,0,0,4,success,30.9,0
browser-use,Cambridge_Dictionary--13,C7,1,cambridge.org,181,21,20,0,0,10,success,33.0,0
browser-use,Cambridge_Dictionary--14,C7,1,cambridge.org,103,21,20,0,0,4,success,12.7,0
browser-use,Cambridge_Dictionary--15,C7,1,cambridge.org,144,14,14,0,4,0,success,25.4,0
browser-use,Cambridge_Dictionary--16,C7,1,cambridge.org,39,10,9,0,6,0,success,71.6,0
browser-use,Cambridge_Dictionary--17,C7,1,cambridge.org,170,23,22,0,0,4,success,36.9,0
browser-use,Cambridge_Dictionary--18,C7,1,cambridge.org,125,21,20,0,0,6,success,22.7,0
browser-use,Cambridge_Dictionary--19,C7,1,cambridge.org,169,26,25,0,2,4,success,47.7,0
browser-use,Cambridge_Dictionary--2,C7,1,cambridge.org,95,13,12,0,5,0,success,32.3,0
browser-use,Cambridge_Dictionary--20,C7,1,cambridge.org,38,10,9,0,5,0,success,70.1,0
browser-use,Cambridge_Dictionary--21,C7,1,cambridge.org,99,21,20,0,0,4,success,21.2,0
browser-use,Cambridge_Dictionary--22,C7,1,cambridge.org,164,23,22,0,0,4,success,34.6,0
browser-use,Cambridge_Dictionary--23,C7,1,cambridge.org,160,23,22,0,0,4,success,30.0,0
browser-use,Cambridge_Dictionary--24,C7,1,cambridge.org,105,22,21,0,0,4,success,12.0,0
browser-use,Cambridge_Dictionary--25,C7,1,cambridge.org,101,21,20,0,0,4,success,22.9,0
browser-use,Cambridge_Dictionary--26,C7,1,cambridge.org,39,11,10,0,6,0,success,30.3,0
browser-use,Cambridge_Dictionary--27,C7,1,cambridge.org,102,21,20,0,0,4,success,19.5,0
browser-use,Cambridge_Dictionary--28,C7,1,cambridge.org,181,23,22,0,0,6,success,18.9,0
browser-use,Cambridge_Dictionary--29,C7,1,cambridge.org,212,22,21,0,0,8,success,31.1,0
browser-use,Cambridge_Dictionary--3,C7,1,cambridge.org,106,12,12,0,4,0,success,71.8,0
browser-use,Cambridge_Dictionary--30,C7,1,cambridge.org,210,23,22,0,0,8,success,57.0,0
browser-use,Cambridge_Dictionary--31,C7,1,cambridge.org,38,10,9,0,5,0,success,28.3,0
browser-use,Cambridge_Dictionary--32,C7,1,cambridge.org,36,10,9,0,4,0,success,34.4,0
browser-use,Cambridge_Dictionary--33,C7,1,cambridge.org,98,11,10,0,5,0,success,67.1,0
browser-use,Cambridge_Dictionary--34,C7,1,cambridge.org,200,21,20,0,0,12,success,36.9,0
browser-use,Cambridge_Dictionary--35,C7,1,cambridge.org,43,9,8,0,4,0,success,43.4,0
browser-use,Cambridge_Dictionary--36,C7,1,cambridge.org,131,21,20,0,0,6,success,37.3,0
browser-use,Cambridge_Dictionary--37,C7,1,cambridge.org,251,25,24,0,1,10,success,50.3,0
browser-use,Cambridge_Dictionary--38,C7,1,cambridge.org,173,23,22,0,0,8,success,30.3,0
browser-use,Cambridge_Dictionary--39,C7,1,cambridge.org,147,15,15,0,4,0,success,25.8,0
browser-use,Cambridge_Dictionary--4,C7,1,cambridge.org,165,23,22,0,0,4,success,35.9,0
browser-use,Cambridge_Dictionary--40,C7,1,cambridge.org,97,13,12,0,5,0,success,46.4,0
browser-use,Cambridge_Dictionary--41,C7,1,cambridge.org,92,11,10,0,4,0,success,57.4,0
browser-use,Cambridge_Dictionary--42,C7,1,cambridge.org,110,21,20,0,0,4,success,27.9,0
browser-use,Cambridge_Dictionary--5,C7,1,cambridge.org,98,14,13,0,5,0,success,31.9,0
browser-use,Cambridge_Dictionary--6,C7,1,cambridge.org,111,21,20,0,0,4,success,25.9,0
browser-use,Cambridge_Dictionary--7,C7,1,cambridge.org,164,23,22,0,0,4,success,35.9,0
browser-use,Cambridge_Dictionary--8,C7,1,cambridge.org,132,22,21,0,0,6,success,23.7,0
browser-use,Cambridge_Dictionary--9,C7,1,cambridge.org,106,21,20,0,0,4,success,26.6,0
browser-use,Coursera--0,C7,1,coursera.org,38,11,10,0,5,0,success,69.2,0
browser-use,Coursera--1,C7,1,coursera.org,345,11,10,0,0,0,success,39.2,0
browser-use,Coursera--10,C7,1,coursera.org,473,10,9,0,0,0,success,35.6,0
browser-use,Coursera--11,C7,1,coursera.org,436,11,10,0,0,0,success,37.8,0
browser-use,Coursera--12,C7,1,coursera.org,637,11,10,0,0,0,success,36.9,0
browser-use,Coursera--13,C7,1,coursera.org,438,11,10,0,0,0,success,29.4,0
browser-use,Coursera--14,C7,1,coursera.org,489,11,10,0,0,0,success,43.8,0
browser-use,Coursera--15,C7,1,coursera.org,47,10,9,0,5,0,success,77.4,0
browser-use,Coursera--16,C7,1,coursera.org,533,11,10,0,0,0,success,36.0,0
browser-use,Coursera--17,C7,1,coursera.org,370,12,11,0,0,0,success,37.3,0
browser-use,Coursera--18,C7,1,coursera.org,493,11,10,0,0,0,success,42.7,0
browser-use,Coursera--19,C7,1,coursera.org,102,11,10,0,4,0,success,61.1,0
browser-use,Coursera--2,C7,1,coursera.org,146,15,14,0,4,0,success,70.4,0
browser-use,Coursera--20,C7,1,coursera.org,38,10,9,0,5,0,success,30.7,0
browser-use,Coursera--21,C7,1,coursera.org,507,10,9,0,0,0,success,32.6,0
browser-use,Coursera--22,C7,1,coursera.org,158,14,13,0,3,0,success,70.7,0
browser-use,Coursera--23,C7,1,coursera.org,476,11,10,0,0,0,success,27.2,0
browser-use,Coursera--24,C7,1,coursera.org,373,11,10,0,0,0,success,42.1,0
browser-use,Coursera--25,C7,1,coursera.org,468,11,10,0,0,0,success,29.9,0
browser-use,Coursera--26,C7,1,coursera.org,399,11,10,0,0,0,success,41.4,0
browser-use,Coursera--27,C7,1,coursera.org,445,11,10,0,0,0,success,40.4,0
browser-use,Coursera--28,C7,1,coursera.org,350,11,10,0,0,0,success,45.3,0
browser-use,Coursera--29,C7,1,coursera.org,282,11,10,0,0,0,success,24.8,0
browser-use,Coursera--3,C7,1,coursera.org,359,11,10,0,0,0,success,41.4,0
browser-use,Coursera--30,C7,1,coursera.org,56,10,9,0,4,0,success,78.6,0
browser-use,Coursera--31,C7,1,coursera.org,93,11,10,0,4,0,success,31.1,0
browser-use,Coursera--32,C7,1,coursera.org,388,11,10,0,0,0,success,37.4,0
browser-use,Coursera--33,C7,1,coursera.org,350,11,10,0,0,0,success,38.1,0
browser-use,Coursera--34,C7,1,coursera.org,523,11,10,0,0,0,success,31.2,0
browser-use,Coursera--35,C7,1,coursera.org,92,11,10,0,4,0,success,27.9,0
browser-use,Coursera--36,C7,1,coursera.org,404,13,12,0,0,0,success,22.9,0
browser-use,Coursera--37,C7,1,coursera.org,260,10,9,0,0,0,success,19.5,0
browser-use,Coursera--38,C7,1,coursera.org,270,10,9,0,0,0,success,32.1,0
browser-use,Coursera--39,C7,1,coursera.org,103,11,10,0,4,0,success,78.1,0
browser-use,Coursera--4,C7,1,coursera.org,482,11,10,0,0,0,success,32.8,0
browser-use,Coursera--40,C7,1,coursera.org,233,20,19,0,1,0,success,32.3,0
browser-use,Coursera--41,C7,1,coursera.org,321,12,11,0,0,0,success,38.3,0
browser-use,Coursera--5,C7,1,coursera.org,95,11,10,0,5,0,success,29.5,0
browser-use,Coursera--6,C7,1,coursera.org,93,11,10,0,4,0,success,69.9,0
browser-use,Coursera--7,C7,1,coursera.org,349,11,10,0,0,0,success,41.4,0
browser-use,Coursera--8,C7,1,coursera.org,380,11,10,0,0,0,success,48.6,0
browser-use,Coursera--9,C7,1,coursera.org,549,11,10,0,0,0,success,48.0,0
browser-use,ESPN--0,C7,1,espn.com,162,31,23,0,7,0,success,79.9,0
browser-use,ESPN--1,C7,1,espn.com,735,69,56,0,44,0,success,45.8,0
browser-use,ESPN--10,C7,1,espn.com,1375,72,59,0,36,0,success,63.2,0
browser-use,ESPN--11,C7,1,espn.com,37,10,10,0,6,0,success,29.8,0
browser-use,ESPN--12,C7,1,espn.com,193,42,34,0,8,0,success,11.5,0
browser-use,ESPN--13,C7,1,espn.com,38,10,9,0,5,0,success,27.7,0
browser-use,ESPN--14,C7,1,espn.com,615,65,53,0,30,0,success,40.2,0
browser-use,ESPN--15,C7,1,espn.com,143,15,14,0,4,0,success,24.0,0
browser-use,ESPN--16,C7,1,espn.com,41,12,12,0,6,0,success,80.1,0
browser-use,ESPN--17,C7,1,espn.com,39,11,10,0,5,0,success,35.7,0
browser-use,ESPN--18,C7,1,espn.com,246,46,37,0,8,0,success,37.4,0
browser-use,ESPN--19,C7,1,espn.com,103,12,12,0,3,0,success,36.4,0
browser-use,ESPN--2,C7,1,espn.com,39,10,9,0,6,0,success,29.4,0
browser-use,ESPN--20,C7,1,espn.com,321,31,23,0,14,0,success,43.8,0
browser-use,ESPN--21,C7,1,espn.com,547,59,48,0,28,0,success,40.8,0
browser-use,ESPN--22,C7,1,espn.com,95,12,11,0,5,0,success,29.4,0
browser-use,ESPN--23,C7,1,espn.com,142,16,16,0,4,0,success,48.8,0
browser-use,ESPN--24,C7,1,espn.com,459,56,45,0,21,0,success,40.0,0
browser-use,ESPN--25,C7,1,espn.com,104,13,13,0,4,0,success,41.0,0
browser-use,ESPN--26,C7,1,espn.com,51,12,11,0,5,0,success,79.7,0
browser-use,ESPN--27,C7,1,espn.com,581,54,44,0,30,0,success,63.5,0
browser-use,ESPN--28,C7,1,espn.com,51,12,11,0,5,0,success,37.3,0
browser-use,ESPN--29,C7,1,espn.com,460,57,47,0,22,0,success,31.9,0
browser-use,ESPN--3,C7,1,espn.com,41,11,10,0,6,0,success,65.7,0
browser-use,ESPN--30,C7,1,espn.com,42,12,11,0,6,0,success,29.7,0
browser-use,ESPN--31,C7,1,espn.com,94,11,11,0,5,0,success,68.5,0
browser-use,ESPN--32,C7,1,espn.com,474,68,54,0,16,0,success,43.4,0
browser-use,ESPN--33,C7,1,espn.com,588,62,50,0,29,0,success,45.3,0
browser-use,ESPN--34,C7,1,espn.com,501,56,46,0,32,0,success,35.9,0
browser-use,ESPN--35,C7,1,espn.com,465,59,48,0,21,0,success,45.2,0
browser-use,ESPN--36,C7,1,espn.com,144,15,15,0,4,0,success,70.9,0
browser-use,ESPN--37,C7,1,espn.com,96,13,13,0,5,0,success,77.5,0
browser-use,ESPN--38,C7,1,espn.com,108,11,11,0,3,0,success,64.2,0
browser-use,ESPN--39,C7,1,espn.com,485,67,55,0,24,0,success,37.1,0
browser-use,ESPN--4,C7,1,espn.com,644,68,55,0,24,0,success,45.6,0
browser-use,ESPN--40,C7,1,espn.com,97,13,12,0,5,0,success,75.3,0
browser-use,ESPN--41,C7,1,espn.com,93,12,11,0,4,0,success,29.5,0
browser-use,ESPN--42,C7,1,espn.com,38,10,9,0,5,0,success,66.7,0
browser-use,ESPN--43,C7,1,espn.com,46,10,9,0,4,0,success,60.5,0
browser-use,ESPN--5,C7,1,espn.com,97,14,13,0,5,0,success,32.7,0
browser-use,ESPN--6,C7,1,espn.com,96,12,11,0,5,0,success,75.6,0
browser-use,ESPN--7,C7,1,espn.com,574,32,24,0,41,0,success,54.0,0
browser-use,ESPN--8,C7,1,espn.com,397,58,47,0,21,0,success,37.8,0
browser-use,ESPN--9,C7,1,espn.com,646,60,49,0,34,0,success,49.4,0
browser-use,GitHub--0,C7,1,github.com,236,12,9,0,0,0,success,22.1,0
browser-use,GitHub--1,C7,1,github.com,251,12,9,0,0,0,success,30.1,0
browser-use,GitHub--10,C7,1,github.com,458,55,55,0,16,0,success,59.9,0
browser-use,GitHub--11,C7,1,github.com,320,11,8,0,0,0,success,35.5,0
browser-use,GitHub--12,C7,1,github.com,272,13,10,0,0,0,success,21.1,0
browser-use,GitHub--13,C7,1,github.com,258,10,7,0,0,0,success,35.0,0
browser-use,GitHub--14,C7,1,github.com,39,11,10,0,5,0,success,58.9,0
browser-use,GitHub--15,C7,1,github.com,252,12,9,0,0,0,success,26.6,0
browser-use,GitHub--16,C7,1,github.com,52,10,9,0,5,0,success,73.1,0
browser-use,GitHub--17,C7,1,github.com,247,12,9,0,0,0,success,32.5,0
browser-use,GitHub--18,C7,1,github.com,265,11,8,0,0,0,success,18.3,0
browser-use,GitHub--19,C7,1,github.com,155,10,7,0,0,0,success,21.9,0
browser-use,GitHub--2,C7,1,github.com,157,10,7,0,0,0,success,36.0,0
browser-use,GitHub--20,C7,1,github.com,53,11,9,0,5,0,success,36.4,0
browser-use,GitHub--21,C7,1,github.com,130,10,9,0,2,0,success,27.5,0
browser-use,GitHub--22,C7,1,github.com,399,12,9,0,0,0,success,37.6,0
browser-use,GitHub--23,C7,1,github.com,46,10,9,0,4,0,success,40.8,0
browser-use,GitHub--24,C7,1,github.com,484,14,11,0,0,0,success,55.3,0
browser-use,GitHub--25,C7,1,github.com,237,11,8,0,0,0,success,18.2,0
browser-use,GitHub--26,C7,1,github.com,94,11,10,0,5,0,success,29.3,0
browser-use,GitHub--27,C7,1,github.com,254,10,7,0,0,0,success,14.1,0
browser-use,GitHub--28,C7,1,github.com,151,10,7,0,0,0,success,30.0,0
browser-use,GitHub--29,C7,1,github.com,96,12,10,0,5,0,success,29.5,0
browser-use,GitHub--3,C7,1,github.com,206,14,11,0,0,0,success,13.3,0
browser-use,GitHub--30,C7,1,github.com,245,10,7,0,0,0,success,38.9,0
browser-use,GitHub--31,C7,1,github.com,49,10,9,0,5,0,success,35.6,0
browser-use,GitHub--32,C7,1,github.com,252,11,8,0,0,0,success,35.8,0
browser-use,GitHub--33,C7,1,github.com,166,10,7,0,0,0,success,18.8,0
browser-use,GitHub--34,C7,1,github.com,372,12,9,0,0,0,success,47.7,0
browser-use,GitHub--35,C7,1,github.com,38,11,10,0,5,0,success,67.0,0
browser-use,GitHub--36,C7,1,github.com,237,10,7,0,0,0,success,30.1,0
browser-use,GitHub--37,C7,1,github.com,96,12,10,0,5,0,success,72.7,0
browser-use,GitHub--38,C7,1,github.com,262,12,9,0,0,0,success,17.4,0
browser-use,GitHub--39,C7,1,github.com,268,10,7,0,0,0,success,31.6,0
browser-use,GitHub--4,C7,1,github.com,289,12,9,0,0,0,success,20.7,0
browser-use,GitHub--40,C7,1,github.com,199,10,7,0,0,0,success,26.1,0
browser-use,GitHub--5,C7,1,github.com,264,11,8,0,0,0,success,18.6,0
browser-use,GitHub--6,C7,1,github.com,40,10,9,0,6,0,success,29.3,0
browser-use,GitHub--7,C7,1,github.com,93,10,9,0,5,0,success,58.9,0
browser-use,GitHub--8,C7,1,github.com,97,13,12,0,5,0,success,29.8,0
browser-use,GitHub--9,C7,1,github.com,227,10,7,0,0,0,success,22.1,0
browser-use,Google_Flights--0,C7,1,google.com,357,41,37,0,5,1,success,60.1,0
browser-use,Google_Flights--1,C7,1,google.com,90,15,9,0,0,0,success,48.5,0
browser-use,Google_Flights--10,C7,1,google.com,129,17,11,0,0,0,success,53.9,0
browser-use,Google_Flights--11,C7,1,google.com,122,17,11,0,0,0,success,48.2,0
browser-use,Google_Flights--12,C7,1,google.com,156,17,11,0,0,0,success,40.5,0
browser-use,Google_Flights--13,C7,1,google.com,137,16,10,0,1,0,success,58.4,0
browser-use,Google_Flights--14,C7,1,google.com,109,17,11,0,0,0,success,40.1,0
browser-use,Google_Flights--15,C7,1,google.com,108,18,12,0,3,0,success,50.8,0
browser-use,Google_Flights--16,C7,1,google.com,164,19,13,0,0,0,success,51.5,0
browser-use,Google_Flights--17,C7,1,google.com,111,17,11,0,0,0,success,40.2,0
browser-use,Google_Flights--18,C7,1,google.com,120,17,11,0,0,0,success,41.9,0
browser-use,Google_Flights--19,C7,1,google.com,162,19,13,0,0,0,success,42.7,0
browser-use,Google_Flights--2,C7,1,google.com,183,15,9,0,3,0,success,27.1,0
browser-use,Google_Flights--20,C7,1,google.com,103,18,12,0,4,0,success,52.6,0
browser-use,Google_Flights--21,C7,1,google.com,113,17,13,0,7,0,success,25.7,0
browser-use,Google_Flights--22,C7,1,google.com,93,17,11,0,0,0,success,42.8,0
browser-use,Google_Flights--23,C7,1,google.com,168,19,13,0,0,0,success,49.7,0
browser-use,Google_Flights--24,C7,1,google.com,128,17,11,0,0,0,success,50.6,0
browser-use,Google_Flights--25,C7,1,google.com,105,19,13,0,2,0,success,44.6,0
browser-use,Google_Flights--26,C7,1,google.com,154,19,13,0,0,0,success,50.3,0
browser-use,Google_Flights--27,C7,1,google.com,127,15,9,0,0,0,success,55.5,0
browser-use,Google_Flights--28,C7,1,google.com,95,15,9,0,0,0,success,47.4,0
browser-use,Google_Flights--29,C7,1,google.com,169,21,15,0,2,0,success,43.1,0
browser-use,Google_Flights--3,C7,1,google.com,50,12,8,0,5,0,success,39.7,0
browser-use,Google_Flights--30,C7,1,google.com,122,17,11,0,0,0,success,48.9,0
browser-use,Google_Flights--31,C7,1,google.com,118,17,11,0,0,0,success,40.8,0
browser-use,Google_Flights--32,C7,1,google.com,102,16,10,0,1,0,success,54.8,0
browser-use,Google_Flights--33,C7,1,google.com,109,17,11,0,0,0,success,47.1,0
browser-use,Google_Flights--34,C7,1,google.com,96,15,9,0,0,0,success,50.1,0
browser-use,Google_Flights--35,C7,1,google.com,92,15,9,0,0,0,success,42.7,0
browser-use,Google_Flights--36,C7,1,google.com,108,17,11,0,0,0,success,36.7,0
browser-use,Google_Flights--37,C7,1,google.com,57,16,12,0,8,0,success,23.9,0
browser-use,Google_Flights--38,C7,1,google.com,165,19,13,0,0,0,success,41.0,0
browser-use,Google_Flights--39,C7,1,google.com,115,17,11,0,0,0,success,37.7,0
browser-use,Google_Flights--4,C7,1,google.com,106,17,11,0,0,0,success,45.9,0
browser-use,Google_Flights--40,C7,1,google.com,234,18,12,0,0,0,success,48.2,0
browser-use,Google_Flights--41,C7,1,google.com,147,19,13,0,0,0,success,39.5,0
browser-use,Google_Flights--5,C7,1,google.com,167,17,11,0,0,0,success,54.8,0
browser-use,Google_Flights--6,C7,1,google.com,142,14,8,0,4,0,success,74.3,0
browser-use,Google_Flights--7,C7,1,google.com,105,17,11,0,0,0,success,46.4,0
browser-use,Google_Flights--8,C7,1,google.com,119,15,9,0,0,0,success,53.2,0
browser-use,Google_Flights--9,C7,1,google.com,54,16,12,0,7,0,success,41.9,0
browser-use,Google_Map--0,C7,1,google.com,414,17,10,0,0,0,success,27.7,0
browser-use,Google_Map--1,C7,1,google.com,480,17,10,0,0,0,success,31.1,0
browser-use,Google_Map--10,C7,1,google.com,94,12,8,0,4,0,success,67.7,0
browser-use,Google_Map--11,C7,1,google.com,43,13,9,0,6,0,success,31.2,0
browser-use,Google_Map--12,C7,1,google.com,647,19,10,0,2,0,success,64.0,0
browser-use,Google_Map--13,C7,1,google.com,51,11,7,0,5,0,success,71.9,0
browser-use,Google_Map--14,C7,1,google.com,826,19,12,0,0,0,success,46.6,0
browser-use,Google_Map--15,C7,1,google.com,579,20,13,0,4,0,success,36.7,0
browser-use,Google_Map--16,C7,1,google.com,40,11,7,0,6,0,success,55.0,0
browser-use,Google_Map--17,C7,1,google.com,43,12,8,0,6,0,success,55.7,0
browser-use,Google_Map--18,C7,1,google.com,711,16,9,0,0,0,success,43.4,0
browser-use,Google_Map--19,C7,1,google.com,46,11,7,0,4,0,success,70.3,0
browser-use,Google_Map--2,C7,1,google.com,429,16,9,0,0,0,success,27.6,0
browser-use,Google_Map--20,C7,1,google.com,92,11,7,0,3,0,success,36.2,0
browser-use,Google_Map--21,C7,1,google.com,601,17,10,0,0,0,success,17.7,0
browser-use,Google_Map--22,C7,1,google.com,142,14,8,0,4,0,success,49.2,0
browser-use,Google_Map--23,C7,1,google.com,546,18,9,0,0,0,success,32.1,0
browser-use,Google_Map--24,C7,1,google.com,459,17,10,0,0,0,success,44.1,0
browser-use,Google_Map--25,C7,1,google.com,185,15,9,0,3,0,success,26.8,0
browser-use,Google_Map--26,C7,1,google.com,638,16,9,0,0,0,success,35.0,0
browser-use,Google_Map--27,C7,1,google.com,39,10,6,0,6,0,success,45.5,0
browser-use,Google_Map--28,C7,1,google.com,642,14,7,0,0,0,success,48.5,0
browser-use,Google_Map--29,C7,1,google.com,98,13,9,0,5,0,success,45.5,0
browser-use,Google_Map--3,C7,1,google.com,743,18,11,0,3,0,success,34.1,0
browser-use,Google_Map--30,C7,1,google.com,906,20,11,0,2,0,success,68.5,0
browser-use,Google_Map--31,C7,1,google.com,642,19,10,0,0,0,success,23.7,0
browser-use,Google_Map--32,C7,1,google.com,349,17,10,0,3,0,success,38.2,0
browser-use,Google_Map--33,C7,1,google.com,45,11,7,0,4,0,success,70.0,0
browser-use,Google_Map--34,C7,1,google.com,37,10,6,0,5,0,success,28.0,0
browser-use,Google_Map--35,C7,1,google.com,97,13,9,0,5,0,success,79.2,0
browser-use,Google_Map--36,C7,1,google.com,696,16,9,0,1,0,success,52.9,0
browser-use,Google_Map--37,C7,1,google.com,50,12,8,0,5,0,success,78.7,0
browser-use,Google_Map--38,C7,1,google.com,418,16,9,0,0,0,success,14.0,0
browser-use,Google_Map--39,C7,1,google.com,458,16,10,0,0,0,success,39.2,0
browser-use,Google_Map--4,C7,1,google.com,31,9,5,0,2,0,success,34.7,0
browser-use,Google_Map--40,C7,1,google.com,49,11,7,0,5,0,success,62.8,0
browser-use,Google_Map--5,C7,1,google.com,42,11,7,0,6,0,success,73.7,0
browser-use,Google_Map--6,C7,1,google.com,96,12,8,0,5,0,success,72.7,0
browser-use,Google_Map--7,C7,1,google.com,87,10,6,0,2,0,success,57.4,0
browser-use,Google_Map--8,C7,1,google.com,559,17,10,0,3,0,success,39.4,0
browser-use,Google_Map--9,C7,1,google.com,47,11,7,0,4,0,success,37.1,0
browser-use,Google_Search--0,C7,1,google.com,89,11,7,0,2,0,success,27.0,0
browser-use,Google_Search--1,C7,1,google.com,144,16,10,0,4,0,success,69.5,0
browser-use,Google_Search--10,C7,1,google.com,1360,140,136,0,112,8,success,54.5,0
browser-use,Google_Search--11,C7,1,google.com,40,12,8,0,6,0,success,30.1,0
browser-use,Google_Search--12,C7,1,google.com,95,12,8,0,4,0,success,63.5,0
browser-use,Google_Search--13,C7,1,google.com,50,12,8,0,5,0,success,38.2,0
browser-use,Google_Search--14,C7,1,google.com,101,12,8,0,3,0,success,73.1,0
browser-use,Google_Search--15,C7,1,google.com,18,8,4,0,3,0,success,10.6,0
browser-use,Google_Search--16,C7,1,google.com,50,12,8,0,5,0,success,37.6,0
browser-use,Google_Search--17,C7,1,google.com,86,10,6,0,1,0,success,34.1,0
browser-use,Google_Search--18,C7,1,google.com,90,11,7,0,3,0,success,29.5,0
browser-use,Google_Search--19,C7,1,google.com,103,11,7,0,4,0,success,39.3,0
browser-use,Google_Search--2,C7,1,google.com,292,24,20,0,6,0,success,21.2,0
browser-use,Google_Search--20,C7,1,google.com,106,12,8,0,4,0,success,77.7,0
browser-use,Google_Search--21,C7,1,google.com,97,13,9,0,5,0,success,31.9,0
browser-use,Google_Search--22,C7,1,google.com,186,26,16,0,1,0,success,59.3,0
browser-use,Google_Search--23,C7,1,google.com,145,15,9,0,4,0,success,69.7,0
browser-use,Google_Search--24,C7,1,google.com,89,11,7,0,2,0,success,25.2,0
browser-use,Google_Search--25,C7,1,google.com,97,15,11,0,5,0,success,30.8,0
browser-use,Google_Search--26,C7,1,google.com,48,12,8,0,5,0,success,36.4,0
browser-use,Google_Search--27,C7,1,google.com,91,12,8,0,3,0,success,34.9,0
browser-use,Google_Search--28,C7,1,google.com,95,13,9,0,4,0,success,33.0,0
browser-use,Google_Search--29,C7,1,google.com,103,13,9,0,3,0,success,70.4,0
browser-use,Google_Search--3,C7,1,google.com,102,11,7,0,3,0,success,70.2,0
browser-use,Google_Search--30,C7,1,google.com,39,11,7,0,5,0,success,27.9,0
browser-use,Google_Search--31,C7,1,google.com,94,13,9,0,4,0,success,58.4,0
browser-use,Google_Search--32,C7,1,google.com,37,10,6,0,5,0,success,63.1,0
browser-use,Google_Search--33,C7,1,google.com,226,14,9,0,3,0,success,51.6,0
browser-use,Google_Search--34,C7,1,google.com,147,16,10,0,4,0,success,73.1,0
browser-use,Google_Search--35,C7,1,google.com,100,13,8,0,3,0,success,70.9,0
browser-use,Google_Search--36,C7,1,google.com,101,11,7,0,3,0,success,39.1,0
browser-use,Google_Search--37,C7,1,google.com,94,12,8,0,4,0,success,70.6,0
browser-use,Google_Search--38,C7,1,google.com,93,12,8,0,4,0,success,31.3,0
browser-use,Google_Search--39,C7,1,google.com,91,11,7,0,3,0,success,31.0,0
browser-use,Google_Search--4,C7,1,google.com,29,9,5,0,6,0,success,77.8,0
browser-use,Google_Search--40,C7,1,google.com,46,10,6,0,4,0,success,36.7,0
browser-use,Google_Search--41,C7,1,google.com,50,11,7,0,5,0,success,42.6,0
browser-use,Google_Search--42,C7,1,google.com,104,13,7,0,3,0,success,32.8,0
browser-use,Google_Search--5,C7,1,google.com,152,15,9,0,3,0,success,63.8,0
browser-use,Google_Search--6,C7,1,google.com,83,10,5,0,3,0,success,32.3,0
browser-use,Google_Search--7,C7,1,google.com,94,11,7,0,4,0,success,63.4,0
browser-use,Google_Search--8,C7,1,google.com,371,21,17,0,2,0,success,48.7,0
browser-use,Google_Search--9,C7,1,google.com,43,12,8,0,6,0,success,77.3,0
browser-use,Huggingface--0,C7,1,huggingface.co,240,13,11,0,4,0,success,33.3,0
browser-use,Huggingface--1,C7,1,huggingface.co,47,9,8,0,5,0,success,43.8,0
browser-use,Huggingface--10,C7,1,huggingface.co,488,18,16,0,6,0,success,43.3,0
browser-use,Huggingface--11,C7,1,huggingface.co,395,13,11,0,2,0,success,26.0,0
browser-use,Huggingface--12,C7,1,huggingface.co,223,15,13,0,2,0,success,41.8,0
browser-use,Huggingface--13,C7,1,huggingface.co,49,11,10,0,5,0,success,77.3,0
browser-use,Huggingface--14,C7,1,huggingface.co,39,11,9,0,5,0,success,62.4,0
browser-use,Huggingface--15,C7,1,huggingface.co,160,13,11,0,1,0,success,32.1,0
browser-use,Huggingface--16,C7,1,huggingface.co,392,13,11,0,2,0,success,42.5,0
browser-use,Huggingface--17,C7,1,huggingface.co,429,14,11,0,3,0,success,27.0,0
browser-use,Huggingface--18,C7,1,huggingface.co,56,11,10,0,4,0,success,46.2,0
browser-use,Huggingface--19,C7,1,huggingface.co,96,12,11,0,5,0,success,32.4,0
browser-use,Huggingface--2,C7,1,huggingface.co,921,14,12,0,5,0,success,53.0,0
browser-use,Huggingface--20,C7,1,huggingface.co,232,13,11,0,4,0,success,51.6,0
browser-use,Huggingface--21,C7,1,huggingface.co,46,9,8,0,3,0,success,47.8,0
browser-use,Huggingface--22,C7,1,huggingface.co,40,11,10,0,6,0,success,27.4,0
browser-use,Huggingface--23,C7,1,huggingface.co,700,12,10,0,3,0,success,48.8,0
browser-use,Huggingface--24,C7,1,huggingface.co,242,13,11,0,2,0,success,25.1,0
browser-use,Huggingface--25,C7,1,huggingface.co,41,11,10,0,6,0,success,27.6,0
browser-use,Huggingface--26,C7,1,huggingface.co,470,17,15,0,7,0,success,30.1,0
browser-use,Huggingface--27,C7,1,huggingface.co,367,18,16,0,5,0,success,33.5,0
browser-use,Huggingface--28,C7,1,huggingface.co,448,16,14,0,5,0,success,38.5,0
browser-use,Huggingface--29,C7,1,huggingface.co,92,10,9,0,4,0,success,33.2,0
browser-use,Huggingface--3,C7,1,huggingface.co,211,13,11,0,1,0,success,27.7,0
browser-use,Huggingface--30,C7,1,huggingface.co,364,13,11,0,2,0,success,45.3,0
browser-use,Huggingface--31,C7,1,huggingface.co,488,16,14,0,5,0,success,33.5,0
browser-use,Huggingface--32,C7,1,huggingface.co,503,16,14,0,7,0,success,44.4,0
browser-use,Huggingface--33,C7,1,huggingface.co,332,15,14,0,5,0,success,41.9,0
browser-use,Huggingface--34,C7,1,huggingface.co,95,11,10,0,5,0,success,75.9,0
browser-use,Huggingface--35,C7,1,huggingface.co,260,14,11,0,2,0,success,28.9,0
browser-use,Huggingface--36,C7,1,huggingface.co,96,12,11,0,5,0,success,72.2,0
browser-use,Huggingface--37,C7,1,huggingface.co,93,11,10,0,4,0,success,29.6,0
browser-use,Huggingface--38,C7,1,huggingface.co,40,10,9,0,6,0,success,54.4,0
browser-use,Huggingface--39,C7,1,huggingface.co,48,10,9,0,5,0,success,37.1,0
browser-use,Huggingface--4,C7,1,huggingface.co,349,16,14,0,2,0,success,36.3,0
browser-use,Huggingface--40,C7,1,huggingface.co,49,10,9,0,5,0,success,35.8,0
browser-use,Huggingface--41,C7,1,huggingface.co,51,12,11,0,4,0,success,61.3,0
browser-use,Huggingface--42,C7,1,huggingface.co,305,14,12,0,2,0,success,24.4,0
browser-use,Huggingface--5,C7,1,huggingface.co,433,16,14,0,5,0,success,36.8,0
browser-use,Huggingface--6,C7,1,huggingface.co,48,10,9,0,5,0,success,37.8,0
browser-use,Huggingface--7,C7,1,huggingface.co,343,13,10,0,2,0,success,34.4,0
browser-use,Huggingface--8,C7,1,huggingface.co,91,11,11,0,3,0,success,59.8,0
browser-use,Huggingface--9,C7,1,huggingface.co,210,13,11,0,2,0,success,42.2,0
browser-use,Wolfram_Alpha--0,C7,1,wolframalpha.com,7,5,5,0,0,0,success,3.5,0
browser-use,Wolfram_Alpha--1,C7,1,wolframalpha.com,86,12,12,0,5,0,success,77.3,0
browser-use,Wolfram_Alpha--10,C7,1,wolframalpha.com,94,12,12,0,4,0,success,73.8,0
browser-use,Wolfram_Alpha--11,C7,1,wolframalpha.com,56,11,11,0,5,0,success,39.9,0
browser-use,Wolfram_Alpha--12,C7,1,wolframalpha.com,45,12,12,0,6,0,success,41.9,0
browser-use,Wolfram_Alpha--13,C7,1,wolframalpha.com,104,11,11,0,4,0,success,41.6,0
browser-use,Wolfram_Alpha--14,C7,1,wolframalpha.com,55,11,11,0,5,0,success,57.9,0
browser-use,Wolfram_Alpha--15,C7,1,wolframalpha.com,96,12,11,0,5,0,success,31.2,0
browser-use,Wolfram_Alpha--16,C7,1,wolframalpha.com,109,10,10,0,2,0,success,73.2,0
browser-use,Wolfram_Alpha--17,C7,1,wolframalpha.com,103,12,12,0,4,0,success,74.0,0
browser-use,Wolfram_Alpha--18,C7,1,wolframalpha.com,100,11,11,0,3,0,success,69.9,0
browser-use,Wolfram_Alpha--19,C7,1,wolframalpha.com,49,11,11,0,5,0,success,84.6,0
browser-use,Wolfram_Alpha--2,C7,1,wolframalpha.com,9,5,5,0,0,0,success,10.3,0
browser-use,Wolfram_Alpha--20,C7,1,wolframalpha.com,9,5,5,0,0,0,success,5.1,0
browser-use,Wolfram_Alpha--21,C7,1,wolframalpha.com,9,5,5,0,0,0,success,5.9,0
browser-use,Wolfram_Alpha--22,C7,1,wolframalpha.com,9,5,5,0,0,0,success,4.9,0
browser-use,Wolfram_Alpha--23,C7,1,wolframalpha.com,223,12,10,0,1,0,success,41.7,0
browser-use,Wolfram_Alpha--24,C7,1,wolframalpha.com,9,5,5,0,0,0,success,7.8,0
browser-use,Wolfram_Alpha--25,C7,1,wolframalpha.com,225,12,10,0,1,0,success,45.2,0
browser-use,Wolfram_Alpha--26,C7,1,wolframalpha.com,90,10,10,0,3,0,success,30.2,0
browser-use,Wolfram_Alpha--27,C7,1,wolframalpha.com,93,11,11,0,4,0,success,33.1,0
browser-use,Wolfram_Alpha--28,C7,1,wolframalpha.com,97,12,12,0,4,0,success,39.6,0
browser-use,Wolfram_Alpha--29,C7,1,wolframalpha.com,73,10,8,0,0,0,success,23.4,0
browser-use,Wolfram_Alpha--3,C7,1,wolframalpha.com,128,12,10,0,0,0,success,29.4,0
browser-use,Wolfram_Alpha--30,C7,1,wolframalpha.com,56,11,11,0,4,0,success,52.7,0
browser-use,Wolfram_Alpha--31,C7,1,wolframalpha.com,95,11,9,0,0,0,success,24.0,0
browser-use,Wolfram_Alpha--32,C7,1,wolframalpha.com,43,11,10,0,6,0,success,80.3,0
browser-use,Wolfram_Alpha--33,C7,1,wolframalpha.com,138,12,10,0,1,0,success,56.5,0
browser-use,Wolfram_Alpha--34,C7,1,wolframalpha.com,219,13,11,0,0,0,success,51.6,0
browser-use,Wolfram_Alpha--35,C7,1,wolframalpha.com,50,8,6,0,0,0,success,22.7,0
browser-use,Wolfram_Alpha--36,C7,1,wolframalpha.com,93,9,9,0,0,0,success,55.1,0
browser-use,Wolfram_Alpha--37,C7,1,wolframalpha.com,107,13,13,0,4,0,success,44.9,0
browser-use,Wolfram_Alpha--38,C7,1,wolframalpha.com,133,12,10,0,2,0,success,68.2,0
browser-use,Wolfram_Alpha--39,C7,1,wolframalpha.com,128,11,9,0,0,0,success,39.5,0
browser-use,Wolfram_Alpha--4,C7,1,wolframalpha.com,40,10,10,0,5,0,success,33.5,0
browser-use,Wolfram_Alpha--40,C7,1,wolframalpha.com,104,12,12,0,4,0,success,44.0,0
browser-use,Wolfram_Alpha--41,C7,1,wolframalpha.com,85,10,10,0,1,0,success,21.3,0
browser-use,Wolfram_Alpha--42,C7,1,wolframalpha.com,9,5,5,0,0,0,success,10.9,0
browser-use,Wolfram_Alpha--43,C7,1,wolframalpha.com,142,13,13,0,3,0,success,65.6,0
browser-use,Wolfram_Alpha--44,C7,1,wolframalpha.com,8,5,5,0,0,0,success,15.1,0
browser-use,Wolfram_Alpha--45,C7,1,wolframalpha.com,102,11,11,0,3,0,success,51.6,0
browser-use,Wolfram_Alpha--5,C7,1,wolframalpha.com,77,10,8,0,0,0,success,17.9,0
browser-use,Wolfram_Alpha--6,C7,1,wolframalpha.com,89,11,10,0,2,0,success,34.7,0
browser-use,Wolfram_Alpha--7,C7,1,wolframalpha.com,45,10,10,0,3,0,success,62.8,0
browser-use,Wolfram_Alpha--8,C7,1,wolframalpha.com,105,12,12,0,4,0,success,81.3,0
browser-use,Wolfram_Alpha--9,C7,1,wolframalpha.com,94,12,12,0,4,0,success,29.9,0
browser-use,Allrecipes--0,C8,1,allrecipes.com,78,12,11,3,2,0,success,24.5,0
browser-use,Allrecipes--1,C8,1,allrecipes.com,641,106,103,0,23,0,success,26.5,0
browser-use,Allrecipes--10,C8,1,allrecipes.com,243,72,72,0,13,1,success,28.0,0
browser-use,Allrecipes--11,C8,1,allrecipes.com,873,127,124,0,24,0,success,46.2,0
browser-use,Allrecipes--12,C8,1,allrecipes.com,896,129,126,0,26,0,success,30.9,0
browser-use,Allrecipes--13,C8,1,allrecipes.com,898,126,123,0,23,0,success,36.6,0
browser-use,Allrecipes--14,C8,1,allrecipes.com,948,122,119,0,37,0,success,46.2,0
browser-use,Allrecipes--15,C8,1,allrecipes.com,1139,127,124,0,38,0,success,42.2,0
browser-use,Allrecipes--16,C8,1,allrecipes.com,977,125,122,0,31,0,success,39.3,0
browser-use,Allrecipes--17,C8,1,allrecipes.com,904,130,127,0,27,0,success,42.3,0
browser-use,Allrecipes--18,C8,1,allrecipes.com,1141,139,136,0,31,0,success,39.7,0
browser-use,Allrecipes--19,C8,1,allrecipes.com,1100,119,116,0,42,0,success,32.8,0
browser-use,Allrecipes--2,C8,1,allrecipes.com,1068,123,120,0,38,0,success,41.4,0
browser-use,Allrecipes--20,C8,1,allrecipes.com,766,119,116,0,25,0,success,21.9,0
browser-use,Allrecipes--21,C8,1,allrecipes.com,742,116,113,0,24,0,success,23.1,0
browser-use,Allrecipes--22,C8,1,allrecipes.com,1140,119,116,0,37,0,success,41.8,0
browser-use,Allrecipes--23,C8,1,allrecipes.com,1230,126,123,0,44,0,success,43.1,0
browser-use,Allrecipes--24,C8,1,allrecipes.com,701,112,109,0,25,0,success,18.2,0
browser-use,Allrecipes--25,C8,1,allrecipes.com,930,124,121,0,28,0,success,48.3,0
browser-use,Allrecipes--26,C8,1,allrecipes.com,1160,129,126,0,41,0,success,37.4,0
browser-use,Allrecipes--27,C8,1,allrecipes.com,832,120,117,0,21,0,success,45.5,0
browser-use,Allrecipes--28,C8,1,allrecipes.com,845,121,118,1,22,0,success,33.1,0
browser-use,Allrecipes--29,C8,1,allrecipes.com,1291,134,131,0,43,0,success,46.1,0
browser-use,Allrecipes--3,C8,1,allrecipes.com,781,126,123,0,26,0,success,30.7,0
browser-use,Allrecipes--30,C8,1,allrecipes.com,1628,125,122,0,68,0,success,45.9,0
browser-use,Allrecipes--31,C8,1,allrecipes.com,1248,121,118,0,45,0,success,34.8,0
browser-use,Allrecipes--32,C8,1,allrecipes.com,676,117,114,0,20,0,success,19.7,0
browser-use,Allrecipes--33,C8,1,allrecipes.com,880,119,116,0,28,0,success,34.6,0
browser-use,Allrecipes--34,C8,1,allrecipes.com,803,123,120,0,25,0,success,34.1,0
browser-use,Allrecipes--35,C8,1,allrecipes.com,1037,137,134,0,33,0,success,30.4,0
browser-use,Allrecipes--36,C8,1,allrecipes.com,1049,127,124,0,35,0,success,39.0,0
browser-use,Allrecipes--37,C8,1,allrecipes.com,744,119,116,0,24,0,success,28.9,0
browser-use,Allrecipes--38,C8,1,allrecipes.com,621,109,106,0,21,0,success,30.0,0
browser-use,Allrecipes--39,C8,1,allrecipes.com,855,121,118,0,23,0,success,43.2,0
browser-use,Allrecipes--4,C8,1,allrecipes.com,81,11,10,3,1,0,success,45.6,0
browser-use,Allrecipes--40,C8,1,allrecipes.com,567,107,104,0,18,0,success,29.0,0
browser-use,Allrecipes--41,C8,1,allrecipes.com,454,100,97,0,12,0,success,40.5,0
browser-use,Allrecipes--42,C8,1,allrecipes.com,1039,120,117,0,33,0,success,41.8,0
browser-use,Allrecipes--43,C8,1,allrecipes.com,597,104,101,0,17,0,success,33.6,0
browser-use,Allrecipes--44,C8,1,allrecipes.com,520,108,105,0,18,0,success,26.2,0
browser-use,Allrecipes--5,C8,1,allrecipes.com,855,127,124,0,25,0,success,39.1,0
browser-use,Allrecipes--6,C8,1,allrecipes.com,745,112,109,0,23,0,success,30.4,0
browser-use,Allrecipes--7,C8,1,allrecipes.com,690,116,113,0,22,0,success,35.2,0
browser-use,Allrecipes--8,C8,1,allrecipes.com,777,117,114,0,25,0,success,28.7,0
browser-use,Allrecipes--9,C8,1,allrecipes.com,83,12,11,3,3,0,success,61.6,0
browser-use,Amazon--0,C8,1,amazon.com,592,13,9,0,2,0,success,44.4,0
browser-use,Amazon--1,C8,1,amazon.com,648,15,11,0,2,0,success,47.1,0
browser-use,Amazon--10,C8,1,amazon.com,851,13,9,0,3,0,success,46.4,0
browser-use,Amazon--11,C8,1,amazon.com,724,15,11,0,2,0,success,53.3,0
browser-use,Amazon--12,C8,1,amazon.com,886,16,12,0,3,0,success,36.8,0
browser-use,Amazon--13,C8,1,amazon.com,774,15,11,0,3,0,success,62.1,0
browser-use,Amazon--14,C8,1,amazon.com,920,13,9,0,4,0,success,45.1,0
browser-use,Amazon--15,C8,1,amazon.com,704,14,9,0,2,0,success,51.0,0
browser-use,Amazon--16,C8,1,amazon.com,984,16,12,0,5,0,success,53.5,0
browser-use,Amazon--17,C8,1,amazon.com,635,15,11,0,5,0,success,61.0,0
browser-use,Amazon--18,C8,1,amazon.com,600,12,9,0,2,0,success,21.7,0
browser-use,Amazon--19,C8,1,amazon.com,968,13,9,0,6,0,success,51.4,0
browser-use,Amazon--2,C8,1,amazon.com,448,35,35,0,2,0,success,42.3,0
browser-use,Amazon--20,C8,1,amazon.com,892,17,12,0,3,0,success,58.8,0
browser-use,Amazon--21,C8,1,amazon.com,725,15,11,0,3,0,success,59.4,0
browser-use,Amazon--22,C8,1,amazon.com,792,16,11,0,3,0,success,38.3,0
browser-use,Amazon--23,C8,1,amazon.com,894,13,9,0,3,0,success,55.2,0
browser-use,Amazon--24,C8,1,amazon.com,567,13,9,0,2,0,success,54.3,0
browser-use,Amazon--25,C8,1,amazon.com,690,15,11,0,2,0,success,53.8,0
browser-use,Amazon--26,C8,1,amazon.com,831,19,14,0,3,0,success,38.0,0
browser-use,Amazon--27,C8,1,amazon.com,795,14,9,0,4,0,success,41.2,0
browser-use,Amazon--28,C8,1,amazon.com,780,16,11,0,3,0,success,40.8,0
browser-use,Amazon--29,C8,1,amazon.com,1102,15,11,0,5,0,agent_error,84.6,0
browser-use,Amazon--3,C8,1,amazon.com,16,7,6,0,3,0,success,26.6,0
browser-use,Amazon--30,C8,1,amazon.com,563,13,9,0,2,0,success,46.1,0
browser-use,Amazon--31,C8,1,amazon.com,565,13,9,0,3,0,success,55.7,0
browser-use,Amazon--32,C8,1,amazon.com,621,13,9,0,2,0,success,49.6,0
browser-use,Amazon--33,C8,1,amazon.com,595,12,8,0,3,0,success,78.2,0
browser-use,Amazon--34,C8,1,amazon.com,853,16,11,0,3,0,success,45.5,0
browser-use,Amazon--35,C8,1,amazon.com,939,14,9,0,4,0,success,49.4,0
browser-use,Amazon--36,C8,1,amazon.com,872,13,9,0,3,0,success,54.7,0
browser-use,Amazon--37,C8,1,amazon.com,907,12,8,0,5,0,success,59.1,0
browser-use,Amazon--38,C8,1,amazon.com,826,15,11,0,3,0,success,50.7,0
browser-use,Amazon--39,C8,1,amazon.com,1073,16,12,0,5,0,success,47.0,0
browser-use,Amazon--4,C8,1,amazon.com,672,13,9,0,3,0,success,45.8,0
browser-use,Amazon--40,C8,1,amazon.com,936,14,9,0,4,0,success,53.8,0
browser-use,Amazon--5,C8,1,amazon.com,699,28,28,1,4,0,success,92.4,0
browser-use,Amazon--6,C8,1,amazon.com,773,13,9,0,3,0,success,47.7,0
browser-use,Amazon--7,C8,1,amazon.com,656,15,11,0,2,0,success,58.8,0
browser-use,Amazon--8,C8,1,amazon.com,577,12,8,0,3,0,success,52.3,0
browser-use,Amazon--9,C8,1,amazon.com,863,13,9,0,3,0,success,28.9,0
browser-use,Apple--0,C8,1,apple.com,288,10,6,0,0,0,success,50.5,0
browser-use,Apple--1,C8,1,apple.com,54,7,5,0,0,0,success,29.3,0
browser-use,Apple--10,C8,1,apple.com,70,12,11,3,2,0,success,57.0,0
browser-use,Apple--11,C8,1,apple.com,238,8,5,0,0,0,success,35.3,0
browser-use,Apple--12,C8,1,apple.com,121,11,5,0,0,0,success,14.9,0
browser-use,Apple--13,C8,1,apple.com,79,12,11,3,2,0,success,19.9,0
browser-use,Apple--14,C8,1,apple.com,347,10,6,0,0,0,success,40.0,0
browser-use,Apple--15,C8,1,apple.com,318,11,7,0,0,0,success,35.4,0
browser-use,Apple--16,C8,1,apple.com,235,10,8,0,0,0,success,36.1,0
browser-use,Apple--17,C8,1,apple.com,91,8,5,0,0,0,success,35.9,0
browser-use,Apple--18,C8,1,apple.com,70,8,6,0,0,0,success,25.6,0
browser-use,Apple--19,C8,1,apple.com,181,8,5,0,0,0,success,29.3,0
browser-use,Apple--2,C8,1,apple.com,280,10,6,0,0,0,success,41.8,0
browser-use,Apple--20,C8,1,apple.com,582,15,15,0,2,0,success,45.0,0
browser-use,Apple--21,C8,1,apple.com,213,8,5,0,0,0,success,17.5,0
browser-use,Apple--22,C8,1,apple.com,92,8,6,0,0,0,success,33.0,0
browser-use,Apple--23,C8,1,apple.com,145,8,5,0,0,0,success,15.6,0
browser-use,Apple--24,C8,1,apple.com,192,8,5,0,0,0,success,29.9,0
browser-use,Apple--25,C8,1,apple.com,150,10,6,0,0,0,success,26.6,0
browser-use,Apple--26,C8,1,apple.com,209,8,5,0,0,0,success,31.6,0
browser-use,Apple--27,C8,1,apple.com,330,9,6,0,0,0,success,36.5,0
browser-use,Apple--28,C8,1,apple.com,343,9,6,0,0,0,success,37.0,0
browser-use,Apple--29,C8,1,apple.com,102,7,5,0,0,0,success,22.6,0
browser-use,Apple--3,C8,1,apple.com,95,8,6,3,0,0,success,58.4,0
browser-use,Apple--30,C8,1,apple.com,253,10,6,0,0,0,success,30.0,0
browser-use,Apple--31,C8,1,apple.com,151,7,5,0,0,0,success,24.0,0
browser-use,Apple--32,C8,1,apple.com,92,8,6,0,0,0,success,39.0,0
browser-use,Apple--33,C8,1,apple.com,79,11,10,1,3,0,success,53.3,0
browser-use,Apple--34,C8,1,apple.com,181,10,6,2,0,0,success,27.5,0
browser-use,Apple--35,C8,1,apple.com,348,11,7,0,0,0,success,40.5,0
browser-use,Apple--36,C8,1,apple.com,183,10,6,0,0,0,success,31.8,0
browser-use,Apple--37,C8,1,apple.com,77,11,10,3,2,0,success,23.6,0
browser-use,Apple--38,C8,1,apple.com,137,7,5,0,0,0,success,40.2,0
browser-use,Apple--39,C8,1,apple.com,72,10,9,1,1,0,success,19.4,0
browser-use,Apple--4,C8,1,apple.com,82,12,11,3,2,0,success,24.9,0
browser-use,Apple--40,C8,1,apple.com,154,7,5,0,0,0,success,36.8,0
browser-use,Apple--41,C8,1,apple.com,80,13,12,3,3,0,success,21.4,0
browser-use,Apple--42,C8,1,apple.com,228,8,5,0,0,0,success,39.4,0
browser-use,Apple--5,C8,1,apple.com,187,11,7,2,0,0,success,39.1,0
browser-use,Apple--6,C8,1,apple.com,168,8,5,0,0,0,success,40.2,0
browser-use,Apple--7,C8,1,apple.com,111,11,7,3,1,0,success,23.1,0
browser-use,Apple--8,C8,1,apple.com,189,9,6,2,0,0,success,25.7,0
browser-use,Apple--9,C8,1,apple.com,317,11,6,0,0,0,success,47.1,0
browser-use,ArXiv--0,C8,1,arxiv.org,78,12,10,0,0,0,success,61.0,0
browser-use,ArXiv--1,C8,1,arxiv.org,54,12,10,0,0,0,success,119.7,0
browser-use,ArXiv--10,C8,1,arxiv.org,13,6,6,2,0,0,success,18.1,0
browser-use,ArXiv--11,C8,1,arxiv.org,79,12,12,4,1,0,success,52.9,0
browser-use,ArXiv--12,C8,1,arxiv.org,81,14,11,1,0,0,success,37.6,0
browser-use,ArXiv--13,C8,1,arxiv.org,58,10,8,0,0,0,success,24.3,0
browser-use,ArXiv--14,C8,1,arxiv.org,36,10,8,0,0,0,success,29.6,0
browser-use,ArXiv--15,C8,1,arxiv.org,44,12,10,0,0,0,success,38.3,0
browser-use,ArXiv--16,C8,1,arxiv.org,84,13,11,0,0,0,success,29.2,0
browser-use,ArXiv--17,C8,1,arxiv.org,76,11,10,3,1,0,success,20.2,0
browser-use,ArXiv--18,C8,1,arxiv.org,83,13,11,0,0,0,success,47.7,0
browser-use,ArXiv--19,C8,1,arxiv.org,53,15,12,0,1,0,success,23.5,0
browser-use,ArXiv--2,C8,1,arxiv.org,54,9,7,0,0,0,success,34.3,0
browser-use,ArXiv--20,C8,1,arxiv.org,81,13,11,0,0,0,success,33.9,0
browser-use,ArXiv--21,C8,1,arxiv.org,39,12,10,0,0,0,success,41.6,0
browser-use,ArXiv--22,C8,1,arxiv.org,59,14,11,0,0,0,success,26.8,0
browser-use,ArXiv--23,C8,1,arxiv.org,47,12,10,0,0,0,success,44.8,0
browser-use,ArXiv--24,C8,1,arxiv.org,37,12,10,0,0,0,success,45.9,0
browser-use,ArXiv--25,C8,1,arxiv.org,31,7,5,0,0,0,success,30.7,0
browser-use,ArXiv--26,C8,1,arxiv.org,39,12,10,0,0,0,success,40.8,0
browser-use,ArXiv--27,C8,1,arxiv.org,37,8,6,3,0,0,success,20.8,0
browser-use,ArXiv--28,C8,1,arxiv.org,104,13,11,0,0,0,success,57.5,0
browser-use,ArXiv--29,C8,1,arxiv.org,68,12,10,0,0,0,success,45.4,0
browser-use,ArXiv--3,C8,1,arxiv.org,87,13,11,0,0,0,success,47.4,0
browser-use,ArXiv--30,C8,1,arxiv.org,50,14,11,0,0,0,success,22.9,0
browser-use,ArXiv--31,C8,1,arxiv.org,40,12,10,0,0,0,success,45.1,0
browser-use,ArXiv--32,C8,1,arxiv.org,43,9,7,0,0,0,success,29.5,0
browser-use,ArXiv--33,C8,1,arxiv.org,52,9,7,0,0,0,success,19.3,0
browser-use,ArXiv--34,C8,1,arxiv.org,61,12,10,0,0,0,success,129.6,0
browser-use,ArXiv--35,C8,1,arxiv.org,43,7,5,0,0,0,success,24.2,0
browser-use,ArXiv--36,C8,1,arxiv.org,64,13,11,0,0,0,success,115.0,0
browser-use,ArXiv--37,C8,1,arxiv.org,70,15,12,0,0,0,success,32.7,0
browser-use,ArXiv--38,C8,1,arxiv.org,21,6,5,0,0,0,success,30.0,0
browser-use,ArXiv--39,C8,1,arxiv.org,94,14,12,4,0,0,success,65.1,0
browser-use,ArXiv--4,C8,1,arxiv.org,41,7,5,0,0,0,success,50.9,0
browser-use,ArXiv--40,C8,1,arxiv.org,60,12,10,0,0,0,success,52.6,0
browser-use,ArXiv--41,C8,1,arxiv.org,72,10,8,0,0,0,success,47.5,0
browser-use,ArXiv--42,C8,1,arxiv.org,35,11,11,0,2,0,success,54.1,0
browser-use,ArXiv--5,C8,1,arxiv.org,66,12,10,0,0,0,success,39.0,0
browser-use,ArXiv--6,C8,1,arxiv.org,67,13,11,2,0,0,success,42.1,0
browser-use,ArXiv--7,C8,1,arxiv.org,53,12,10,0,0,0,success,28.9,0
browser-use,ArXiv--8,C8,1,arxiv.org,33,8,5,0,0,0,success,34.1,0
browser-use,ArXiv--9,C8,1,arxiv.org,87,13,11,0,0,0,success,47.3,0
browser-use,BBC_News--0,C8,1,bbc.com,369,60,57,0,19,0,success,40.4,0
browser-use,BBC_News--1,C8,1,bbc.com,522,66,63,0,14,0,success,34.5,0
browser-use,BBC_News--10,C8,1,bbc.com,501,59,56,0,21,0,success,40.5,0
browser-use,BBC_News--11,C8,1,bbc.com,189,25,25,2,3,0,success,51.2,0
browser-use,BBC_News--12,C8,1,bbc.com,81,11,11,3,1,0,success,49.7,0
browser-use,BBC_News--13,C8,1,bbc.com,27,10,10,5,1,0,success,20.9,0
browser-use,BBC_News--14,C8,1,bbc.com,429,59,56,0,17,0,success,45.0,0
browser-use,BBC_News--15,C8,1,bbc.com,13,6,6,2,0,0,success,18.7,0
browser-use,BBC_News--16,C8,1,bbc.com,436,63,60,0,22,0,success,42.2,0
browser-use,BBC_News--17,C8,1,bbc.com,396,56,53,0,15,0,success,33.5,0
browser-use,BBC_News--18,C8,1,bbc.com,181,13,12,2,10,0,success,45.8,0
browser-use,BBC_News--19,C8,1,bbc.com,676,83,83,0,34,8,success,68.9,0
browser-use,BBC_News--2,C8,1,bbc.com,229,45,42,0,4,0,success,35.3,0
browser-use,BBC_News--20,C8,1,bbc.com,246,42,39,0,2,0,success,27.9,0
browser-use,BBC_News--21,C8,1,bbc.com,733,63,60,0,26,0,success,33.4,0
browser-use,BBC_News--22,C8,1,bbc.com,421,63,60,0,21,0,success,31.0,0
browser-use,BBC_News--23,C8,1,bbc.com,653,62,59,0,21,0,success,34.5,0
browser-use,BBC_News--24,C8,1,bbc.com,759,69,66,0,22,0,success,42.5,0
browser-use,BBC_News--25,C8,1,bbc.com,550,59,56,0,18,0,success,43.1,0
browser-use,BBC_News--26,C8,1,bbc.com,157,18,17,0,1,0,success,32.5,0
browser-use,BBC_News--27,C8,1,bbc.com,360,59,56,0,17,0,success,27.0,0
browser-use,BBC_News--28,C8,1,bbc.com,665,69,66,0,15,0,success,34.0,0
browser-use,BBC_News--29,C8,1,bbc.com,234,14,13,0,8,0,success,47.3,0
browser-use,BBC_News--3,C8,1,bbc.com,629,71,71,0,26,0,success,41.1,0
browser-use,BBC_News--30,C8,1,bbc.com,452,67,64,0,20,0,success,24.9,0
browser-use,BBC_News--31,C8,1,bbc.com,151,20,19,0,1,0,success,40.3,0
browser-use,BBC_News--32,C8,1,bbc.com,77,12,12,3,1,0,success,23.1,0
browser-use,BBC_News--33,C8,1,bbc.com,403,62,59,0,17,0,success,26.1,0
browser-use,BBC_News--34,C8,1,bbc.com,68,9,9,1,0,0,success,26.8,0
browser-use,BBC_News--35,C8,1,bbc.com,28,10,10,5,0,0,success,24.4,0
browser-use,BBC_News--36,C8,1,bbc.com,627,57,54,0,26,0,success,44.5,0
browser-use,BBC_News--37,C8,1,bbc.com,94,14,14,0,4,0,success,23.5,0
browser-use,BBC_News--38,C8,1,bbc.com,727,81,81,0,30,0,success,41.1,0
browser-use,BBC_News--39,C8,1,bbc.com,11,6,6,0,1,0,success,22.8,0
browser-use,BBC_News--4,C8,1,bbc.com,483,67,64,0,14,0,success,40.6,0
browser-use,BBC_News--40,C8,1,bbc.com,360,59,56,0,9,0,success,26.2,0
browser-use,BBC_News--41,C8,1,bbc.com,18,8,7,0,1,0,success,30.2,0
browser-use,BBC_News--5,C8,1,bbc.com,75,11,10,3,1,0,success,44.9,0
browser-use,BBC_News--6,C8,1,bbc.com,386,62,59,0,7,0,success,25.9,0
browser-use,BBC_News--7,C8,1,bbc.com,30,14,13,0,5,0,success,61.4,0
browser-use,BBC_News--8,C8,1,bbc.com,96,11,10,0,2,0,success,28.1,0
browser-use,BBC_News--9,C8,1,bbc.com,334,79,79,0,13,0,success,18.6,0
browser-use,Booking--0,C8,1,booking.com,473,42,37,0,13,4,success,48.8,0
browser-use,Booking--1,C8,1,booking.com,282,32,28,0,3,2,success,46.8,0
browser-use,Booking--10,C8,1,booking.com,293,32,28,0,3,2,success,51.2,0
browser-use,Booking--11,C8,1,booking.com,1062,39,33,0,18,8,success,56.2,0
browser-use,Booking--12,C8,1,booking.com,825,38,32,0,12,6,success,58.5,0
browser-use,Booking--13,C8,1,booking.com,277,32,28,0,3,2,success,40.4,0
browser-use,Booking--14,C8,1,booking.com,291,32,28,0,3,2,success,57.0,0
browser-use,Booking--15,C8,1,booking.com,466,21,21,0,0,0,success,53.4,0
browser-use,Booking--16,C8,1,booking.com,823,38,32,0,12,6,success,43.0,0
browser-use,Booking--17,C8,1,booking.com,293,32,28,0,3,2,success,40.2,0
browser-use,Booking--18,C8,1,booking.com,290,33,29,0,3,2,success,46.3,0
browser-use,Booking--19,C8,1,booking.com,293,36,32,0,3,2,success,44.6,0
browser-use,Booking--2,C8,1,booking.com,448,39,34,0,13,4,success,40.4,0
browser-use,Booking--20,C8,1,booking.com,72,10,9,1,1,0,success,40.2,0
browser-use,Booking--21,C8,1,booking.com,291,32,28,0,3,2,success,46.0,0
browser-use,Booking--22,C8,1,booking.com,289,32,28,0,3,2,success,47.2,0
browser-use,Booking--23,C8,1,booking.com,274,36,32,0,3,2,success,47.2,0
browser-use,Booking--24,C8,1,booking.com,815,40,34,0,12,6,success,45.0,0
browser-use,Booking--25,C8,1,booking.com,859,40,34,0,25,8,success,53.6,0
browser-use,Booking--26,C8,1,booking.com,476,39,34,0,13,4,success,51.6,0
browser-use,Booking--27,C8,1,booking.com,657,38,32,0,12,6,success,41.6,0
browser-use,Booking--28,C8,1,booking.com,953,45,39,0,25,8,success,48.0,0
browser-use,Booking--29,C8,1,booking.com,271,31,27,0,3,2,success,40.0,0
browser-use,Booking--3,C8,1,booking.com,631,39,33,0,15,6,success,44.3,0
browser-use,Booking--30,C8,1,booking.com,661,34,28,0,15,6,success,61.8,0
browser-use,Booking--31,C8,1,booking.com,484,41,36,0,13,4,success,57.3,0
browser-use,Booking--32,C8,1,booking.com,757,35,29,0,6,6,success,49.8,0
browser-use,Booking--33,C8,1,booking.com,477,34,28,0,3,8,success,37.8,0
browser-use,Booking--34,C8,1,booking.com,435,38,33,0,13,4,success,47.6,0
browser-use,Booking--35,C8,1,booking.com,543,38,31,0,3,8,success,43.5,0
browser-use,Booking--36,C8,1,booking.com,803,34,28,0,21,8,success,57.4,0
browser-use,Booking--37,C8,1,booking.com,871,44,38,0,26,8,success,52.8,0
browser-use,Booking--38,C8,1,booking.com,297,36,32,0,3,2,success,41.8,0
browser-use,Booking--39,C8,1,booking.com,455,38,33,0,13,4,success,52.0,0
browser-use,Booking--4,C8,1,booking.com,773,40,34,0,12,6,success,49.5,0
browser-use,Booking--40,C8,1,booking.com,541,34,28,0,9,4,success,46.4,0
browser-use,Booking--41,C8,1,booking.com,276,30,26,0,3,2,success,17.1,0
browser-use,Booking--42,C8,1,booking.com,796,45,39,0,29,8,success,54.9,0
browser-use,Booking--43,C8,1,booking.com,56,18,18,0,6,0,success,50.7,0
browser-use,Booking--5,C8,1,booking.com,762,34,28,0,12,6,success,50.7,0
browser-use,Booking--6,C8,1,booking.com,286,34,30,0,3,2,success,39.3,0
browser-use,Booking--7,C8,1,booking.com,876,45,39,0,22,8,success,51.0,0
browser-use,Booking--8,C8,1,booking.com,292,32,28,0,3,2,success,44.4,0
browser-use,Booking--9,C8,1,booking.com,705,40,34,0,19,6,success,39.7,0
browser-use,Cambridge_Dictionary--0,C8,1,cambridge.org,103,21,20,0,0,4,success,17.4,0
browser-use,Cambridge_Dictionary--1,C8,1,cambridge.org,362,25,25,3,3,0,success,57.7,0
browser-use,Cambridge_Dictionary--10,C8,1,cambridge.org,224,18,18,0,3,0,success,25.1,0
browser-use,Cambridge_Dictionary--11,C8,1,cambridge.org,443,98,98,0,34,0,success,20.7,0
browser-use,Cambridge_Dictionary--12,C8,1,cambridge.org,64,20,19,0,0,2,success,17.7,0
browser-use,Cambridge_Dictionary--13,C8,1,cambridge.org,117,21,20,1,0,4,success,38.5,0
browser-use,Cambridge_Dictionary--14,C8,1,cambridge.org,105,21,20,0,0,4,success,13.9,0
browser-use,Cambridge_Dictionary--15,C8,1,cambridge.org,461,110,110,0,30,0,success,22.4,0
browser-use,Cambridge_Dictionary--16,C8,1,cambridge.org,105,21,20,0,0,4,success,26.9,0
browser-use,Cambridge_Dictionary--17,C8,1,cambridge.org,66,20,19,0,0,2,success,12.3,0
browser-use,Cambridge_Dictionary--18,C8,1,cambridge.org,163,34,33,0,1,7,success,32.9,0
browser-use,Cambridge_Dictionary--19,C8,1,cambridge.org,113,24,23,0,2,4,success,40.6,0
browser-use,Cambridge_Dictionary--2,C8,1,cambridge.org,15,7,6,0,2,0,success,21.8,0
browser-use,Cambridge_Dictionary--20,C8,1,cambridge.org,102,21,20,0,0,4,success,13.7,0
browser-use,Cambridge_Dictionary--21,C8,1,cambridge.org,132,21,20,0,0,6,success,15.7,0
browser-use,Cambridge_Dictionary--22,C8,1,cambridge.org,105,21,20,0,0,4,success,25.7,0
browser-use,Cambridge_Dictionary--23,C8,1,cambridge.org,103,21,20,0,0,4,success,23.8,0
browser-use,Cambridge_Dictionary--24,C8,1,cambridge.org,67,21,20,0,0,2,success,15.4,0
browser-use,Cambridge_Dictionary--25,C8,1,cambridge.org,102,21,20,0,0,4,success,13.3,0
browser-use,Cambridge_Dictionary--26,C8,1,cambridge.org,126,21,20,0,0,6,success,24.0,0
browser-use,Cambridge_Dictionary--27,C8,1,cambridge.org,107,21,20,0,0,4,success,31.2,0
browser-use,Cambridge_Dictionary--28,C8,1,cambridge.org,131,21,20,0,0,6,success,21.1,0
browser-use,Cambridge_Dictionary--29,C8,1,cambridge.org,222,22,21,0,0,8,success,37.1,0
browser-use,Cambridge_Dictionary--3,C8,1,cambridge.org,272,32,32,0,0,0,success,21.1,0
browser-use,Cambridge_Dictionary--30,C8,1,cambridge.org,163,21,20,0,0,8,success,48.9,0
browser-use,Cambridge_Dictionary--31,C8,1,cambridge.org,164,21,20,0,0,8,success,29.4,0
browser-use,Cambridge_Dictionary--32,C8,1,cambridge.org,161,23,22,0,1,8,success,31.6,0
browser-use,Cambridge_Dictionary--33,C8,1,cambridge.org,128,21,20,0,0,6,success,29.4,0
browser-use,Cambridge_Dictionary--34,C8,1,cambridge.org,169,23,22,0,1,8,success,39.6,0
browser-use,Cambridge_Dictionary--35,C8,1,cambridge.org,131,21,20,0,0,6,success,40.4,0
browser-use,Cambridge_Dictionary--36,C8,1,cambridge.org,136,21,20,0,0,6,success,39.4,0
browser-use,Cambridge_Dictionary--37,C8,1,cambridge.org,138,22,21,0,0,6,success,32.7,0
browser-use,Cambridge_Dictionary--38,C8,1,cambridge.org,177,22,21,0,0,8,success,34.5,0
browser-use,Cambridge_Dictionary--39,C8,1,cambridge.org,0,0,0,0,0,0,,,
browser-use,Cambridge_Dictionary--4,C8,1,cambridge.org,65,20,19,0,0,2,success,16.5,0
browser-use,Cambridge_Dictionary--40,C8,1,cambridge.org,104,21,20,0,0,4,success,24.2,0
browser-use,Cambridge_Dictionary--41,C8,1,cambridge.org,71,21,20,0,0,2,success,28.6,0
browser-use,Cambridge_Dictionary--42,C8,1,cambridge.org,109,21,20,0,0,4,success,23.9,0
browser-use,Cambridge_Dictionary--5,C8,1,cambridge.org,93,11,10,3,1,0,success,44.7,0
browser-use,Cambridge_Dictionary--6,C8,1,cambridge.org,136,21,20,0,0,6,success,29.1,0
browser-use,Cambridge_Dictionary--7,C8,1,cambridge.org,107,21,20,0,0,4,success,22.1,0
browser-use,Cambridge_Dictionary--8,C8,1,cambridge.org,132,21,20,0,0,6,success,27.0,0
browser-use,Cambridge_Dictionary--9,C8,1,cambridge.org,110,21,20,0,0,4,success,28.1,0
browser-use,Coursera--0,C8,1,coursera.org,74,10,9,1,1,0,success,39.9,0
browser-use,Coursera--1,C8,1,coursera.org,341,11,10,0,0,0,success,45.2,0
browser-use,Coursera--10,C8,1,coursera.org,473,11,10,0,0,0,success,32.3,0
browser-use,Coursera--11,C8,1,coursera.org,433,11,10,0,0,0,success,26.5,0
browser-use,Coursera--12,C8,1,coursera.org,480,11,10,0,0,0,success,32.8,0
browser-use,Coursera--13,C8,1,coursera.org,443,11,10,0,0,0,success,38.6,0
browser-use,Coursera--14,C8,1,coursera.org,532,11,10,0,0,0,success,46.6,0
browser-use,Coursera--15,C8,1,coursera.org,486,11,10,0,0,0,success,33.5,0
browser-use,Coursera--16,C8,1,coursera.org,174,10,9,0,0,0,success,21.3,0
browser-use,Coursera--17,C8,1,coursera.org,368,12,11,0,0,0,success,42.8,0
browser-use,Coursera--18,C8,1,coursera.org,327,11,10,0,0,0,success,37.4,0
browser-use,Coursera--19,C8,1,coursera.org,473,11,10,0,0,0,success,31.2,0
browser-use,Coursera--2,C8,1,coursera.org,449,11,10,0,0,0,success,34.7,0
browser-use,Coursera--20,C8,1,coursera.org,411,11,10,0,0,0,success,40.4,0
browser-use,Coursera--21,C8,1,coursera.org,517,11,10,0,0,0,success,43.4,0
browser-use,Coursera--22,C8,1,coursera.org,447,11,10,0,0,0,success,29.4,0
browser-use,Coursera--23,C8,1,coursera.org,529,11,10,0,0,0,success,47.8,0
browser-use,Coursera--24,C8,1,coursera.org,374,12,11,0,0,0,success,42.4,0
browser-use,Coursera--25,C8,1,coursera.org,524,11,10,0,0,0,success,51.2,0
browser-use,Coursera--26,C8,1,coursera.org,446,11,10,0,0,0,success,35.5,0
browser-use,Coursera--27,C8,1,coursera.org,434,11,10,0,0,0,success,23.6,0
browser-use,Coursera--28,C8,1,coursera.org,345,11,10,0,0,0,success,37.1,0
browser-use,Coursera--29,C8,1,coursera.org,358,11,10,0,0,0,success,28.8,0
browser-use,Coursera--3,C8,1,coursera.org,358,11,10,0,0,0,success,34.2,0
browser-use,Coursera--30,C8,1,coursera.org,459,11,10,0,0,0,success,31.1,0
browser-use,Coursera--31,C8,1,coursera.org,474,12,11,2,0,0,success,31.2,0
browser-use,Coursera--32,C8,1,coursera.org,387,11,10,0,0,0,success,36.6,0
browser-use,Coursera--33,C8,1,coursera.org,513,11,10,0,0,0,success,40.6,0
browser-use,Coursera--34,C8,1,coursera.org,522,12,11,2,0,0,success,32.7,0
browser-use,Coursera--35,C8,1,coursera.org,540,12,11,2,0,0,success,46.6,0
browser-use,Coursera--36,C8,1,coursera.org,399,13,12,0,0,0,success,22.3,0
browser-use,Coursera--37,C8,1,coursera.org,290,11,10,0,0,0,success,27.1,0
browser-use,Coursera--38,C8,1,coursera.org,441,11,10,0,0,0,success,38.3,0
browser-use,Coursera--39,C8,1,coursera.org,305,11,10,0,0,0,success,27.9,0
browser-use,Coursera--4,C8,1,coursera.org,481,11,10,0,0,0,success,32.7,0
browser-use,Coursera--40,C8,1,coursera.org,236,20,19,0,1,0,success,50.3,0
browser-use,Coursera--41,C8,1,coursera.org,316,12,11,0,0,0,success,20.5,0
browser-use,Coursera--5,C8,1,coursera.org,426,11,10,0,0,0,success,28.8,0
browser-use,Coursera--6,C8,1,coursera.org,440,11,10,0,0,0,success,31.8,0
browser-use,Coursera--7,C8,1,coursera.org,374,11,10,0,0,0,success,42.7,0
browser-use,Coursera--8,C8,1,coursera.org,389,11,10,0,0,0,success,35.3,0
browser-use,Coursera--9,C8,1,coursera.org,424,11,10,0,0,0,success,40.3,0
browser-use,ESPN--0,C8,1,espn.com,424,58,47,0,16,0,success,30.0,0
browser-use,ESPN--1,C8,1,espn.com,477,49,40,0,24,0,success,45.0,0
browser-use,ESPN--10,C8,1,espn.com,1105,69,56,0,36,0,success,43.6,0
browser-use,ESPN--11,C8,1,espn.com,52,11,11,0,0,0,success,34.2,0
browser-use,ESPN--12,C8,1,espn.com,487,47,39,0,20,0,success,48.4,0
browser-use,ESPN--13,C8,1,espn.com,378,62,52,0,17,0,success,46.9,0
browser-use,ESPN--14,C8,1,espn.com,329,58,47,0,20,0,success,35.6,0
browser-use,ESPN--15,C8,1,espn.com,303,33,24,0,14,0,success,44.2,0
browser-use,ESPN--16,C8,1,espn.com,13,6,6,0,1,0,success,42.8,0
browser-use,ESPN--17,C8,1,espn.com,308,41,30,0,13,0,success,33.4,0
browser-use,ESPN--18,C8,1,espn.com,298,46,38,0,10,0,success,48.1,0
browser-use,ESPN--19,C8,1,espn.com,14,7,7,0,1,0,success,20.1,0
browser-use,ESPN--2,C8,1,espn.com,159,31,23,0,7,0,success,33.4,0
browser-use,ESPN--20,C8,1,espn.com,378,57,46,0,15,0,success,38.6,0
browser-use,ESPN--21,C8,1,espn.com,337,32,24,0,21,0,success,44.5,0
browser-use,ESPN--22,C8,1,espn.com,147,31,23,0,7,0,success,35.8,0
browser-use,ESPN--23,C8,1,espn.com,19,8,7,2,1,0,success,37.8,0
browser-use,ESPN--24,C8,1,espn.com,659,68,55,0,29,0,success,53.6,0
browser-use,ESPN--25,C8,1,espn.com,371,35,24,0,14,0,success,37.6,0
browser-use,ESPN--26,C8,1,espn.com,129,26,20,0,6,0,success,30.2,0
browser-use,ESPN--27,C8,1,espn.com,433,60,49,0,21,0,success,32.9,0
browser-use,ESPN--28,C8,1,espn.com,77,11,11,3,1,0,success,47.5,0
browser-use,ESPN--29,C8,1,espn.com,576,65,55,0,31,0,success,53.2,0
browser-use,ESPN--3,C8,1,espn.com,288,48,39,0,13,0,success,17.7,0
browser-use,ESPN--30,C8,1,espn.com,458,56,46,0,19,0,success,42.3,0
browser-use,ESPN--31,C8,1,espn.com,116,12,11,3,2,0,success,56.4,0
browser-use,ESPN--32,C8,1,espn.com,347,49,38,0,13,0,success,39.1,0
browser-use,ESPN--33,C8,1,espn.com,383,61,50,2,15,0,success,44.8,0
browser-use,ESPN--34,C8,1,espn.com,575,54,44,0,38,0,success,36.6,0
browser-use,ESPN--35,C8,1,espn.com,472,62,51,0,22,0,success,43.0,0
browser-use,ESPN--36,C8,1,espn.com,332,46,35,2,15,0,success,33.8,0
browser-use,ESPN--37,C8,1,espn.com,76,12,12,3,2,0,success,20.5,0
browser-use,ESPN--38,C8,1,espn.com,475,92,92,0,48,0,success,46.3,0
browser-use,ESPN--39,C8,1,espn.com,488,65,54,0,23,0,success,41.3,0
browser-use,ESPN--4,C8,1,espn.com,196,34,25,0,7,0,success,43.7,0
browser-use,ESPN--40,C8,1,espn.com,340,52,42,0,14,0,success,32.6,0
browser-use,ESPN--41,C8,1,espn.com,319,50,40,0,14,0,success,18.5,0
browser-use,ESPN--42,C8,1,espn.com,498,31,23,0,6,0,success,52.1,0
browser-use,ESPN--43,C8,1,espn.com,442,49,39,0,15,0,success,30.2,0
browser-use,ESPN--5,C8,1,espn.com,81,12,11,3,2,0,success,22.6,0
browser-use,ESPN--6,C8,1,espn.com,391,91,91,0,41,0,success,38.4,0
browser-use,ESPN--7,C8,1,espn.com,481,59,47,0,27,0,success,31.6,0
browser-use,ESPN--8,C8,1,espn.com,209,31,23,0,7,0,success,26.3,0
browser-use,ESPN--9,C8,1,espn.com,413,62,51,0,15,0,success,41.0,0
browser-use,GitHub--0,C8,1,github.com,146,10,7,0,0,0,success,12.6,0
browser-use,GitHub--1,C8,1,github.com,219,10,7,0,0,0,success,24.8,0
browser-use,GitHub--10,C8,1,github.com,269,13,10,2,0,0,success,27.7,0
browser-use,GitHub--11,C8,1,github.com,289,11,8,0,0,0,success,45.1,0
browser-use,GitHub--12,C8,1,github.com,318,11,8,0,0,0,success,28.5,0
browser-use,GitHub--13,C8,1,github.com,230,10,7,0,0,0,success,33.1,0
browser-use,GitHub--14,C8,1,github.com,286,12,9,0,0,0,success,33.1,0
browser-use,GitHub--15,C8,1,github.com,254,12,9,0,0,0,success,22.7,0
browser-use,GitHub--16,C8,1,github.com,37,10,8,0,0,0,success,15.5,0
browser-use,GitHub--17,C8,1,github.com,268,11,8,0,0,0,success,27.3,0
browser-use,GitHub--18,C8,1,github.com,269,11,8,0,0,0,success,17.5,0
browser-use,GitHub--19,C8,1,github.com,276,12,9,0,0,0,success,21.3,0
browser-use,GitHub--2,C8,1,github.com,151,10,7,0,0,0,success,28.4,0
browser-use,GitHub--20,C8,1,github.com,51,7,6,0,0,0,success,33.7,0
browser-use,GitHub--21,C8,1,github.com,51,7,6,0,0,0,success,32.8,0
browser-use,GitHub--22,C8,1,github.com,148,10,7,0,0,0,success,16.2,0
browser-use,GitHub--23,C8,1,github.com,290,13,10,0,0,0,success,27.5,0
browser-use,GitHub--24,C8,1,github.com,367,12,9,0,0,0,success,44.0,0
browser-use,GitHub--25,C8,1,github.com,273,11,8,0,0,0,success,27.6,0
browser-use,GitHub--26,C8,1,github.com,206,15,10,0,0,0,success,28.3,0
browser-use,GitHub--27,C8,1,github.com,260,12,9,0,0,0,success,22.8,0
browser-use,GitHub--28,C8,1,github.com,151,10,7,0,0,0,success,24.7,0
browser-use,GitHub--29,C8,1,github.com,157,9,6,0,0,0,success,22.2,0
browser-use,GitHub--3,C8,1,github.com,139,10,7,0,0,0,success,22.3,0
browser-use,GitHub--30,C8,1,github.com,352,11,8,0,0,0,success,46.7,0
browser-use,GitHub--31,C8,1,github.com,295,12,9,2,0,0,success,37.9,0
browser-use,GitHub--32,C8,1,github.com,326,11,8,0,0,0,success,33.9,0
browser-use,GitHub--33,C8,1,github.com,206,11,8,0,0,0,success,35.0,0
browser-use,GitHub--34,C8,1,github.com,287,12,9,0,0,0,success,23.2,0
browser-use,GitHub--35,C8,1,github.com,196,11,8,0,0,0,success,24.3,0
browser-use,GitHub--36,C8,1,github.com,221,10,7,0,0,0,success,23.4,0
browser-use,GitHub--37,C8,1,github.com,183,12,9,0,0,0,success,16.3,0
browser-use,GitHub--38,C8,1,github.com,265,12,9,0,0,0,success,23.9,0
browser-use,GitHub--39,C8,1,github.com,263,10,7,0,0,0,success,24.9,0
browser-use,GitHub--4,C8,1,github.com,286,12,9,0,0,0,success,25.6,0
browser-use,GitHub--40,C8,1,github.com,208,10,7,0,0,0,success,30.7,0
browser-use,GitHub--5,C8,1,github.com,261,11,8,0,0,0,success,21.8,0
browser-use,GitHub--6,C8,1,github.com,250,11,8,0,0,0,success,26.8,0
browser-use,GitHub--7,C8,1,github.com,397,10,7,0,0,0,success,37.6,0
browser-use,GitHub--8,C8,1,github.com,148,10,7,0,0,0,success,13.2,0
browser-use,GitHub--9,C8,1,github.com,226,10,7,0,0,0,success,27.6,0
browser-use,Google_Flights--0,C8,1,google.com,386,38,34,0,8,2,success,37.0,0
browser-use,Google_Flights--1,C8,1,google.com,73,15,9,0,0,0,success,32.3,0
browser-use,Google_Flights--10,C8,1,google.com,97,17,11,0,0,0,success,47.8,0
browser-use,Google_Flights--11,C8,1,google.com,122,15,9,0,0,0,success,59.7,0
browser-use,Google_Flights--12,C8,1,google.com,95,17,11,0,0,0,success,52.9,0
browser-use,Google_Flights--13,C8,1,google.com,116,17,11,0,0,0,success,38.7,0
browser-use,Google_Flights--14,C8,1,google.com,91,15,9,0,0,0,success,42.1,0
browser-use,Google_Flights--15,C8,1,google.com,115,17,11,0,0,0,success,49.3,0
browser-use,Google_Flights--16,C8,1,google.com,104,17,11,0,0,0,success,39.5,0
browser-use,Google_Flights--17,C8,1,google.com,119,17,11,0,0,0,success,43.7,0
browser-use,Google_Flights--18,C8,1,google.com,119,17,11,0,0,0,success,44.6,0
browser-use,Google_Flights--19,C8,1,google.com,100,17,11,0,0,0,success,37.6,0
browser-use,Google_Flights--2,C8,1,google.com,88,15,9,0,0,0,success,41.6,0
browser-use,Google_Flights--20,C8,1,google.com,87,17,11,0,0,0,success,42.1,0
browser-use,Google_Flights--21,C8,1,google.com,42,8,4,0,2,0,success,36.6,0
browser-use,Google_Flights--22,C8,1,google.com,52,14,10,2,3,0,success,46.9,0
browser-use,Google_Flights--23,C8,1,google.com,89,15,9,0,0,0,success,37.0,0
browser-use,Google_Flights--24,C8,1,google.com,108,15,9,0,0,0,success,49.5,0
browser-use,Google_Flights--25,C8,1,google.com,80,15,9,0,0,0,success,40.8,0
browser-use,Google_Flights--26,C8,1,google.com,109,15,9,0,0,0,success,41.5,0
browser-use,Google_Flights--27,C8,1,google.com,103,17,11,0,0,0,success,41.7,0
browser-use,Google_Flights--28,C8,1,google.com,109,17,11,0,0,0,success,42.5,0
browser-use,Google_Flights--29,C8,1,google.com,97,15,9,0,0,0,success,33.7,0
browser-use,Google_Flights--3,C8,1,google.com,199,20,15,0,0,0,success,29.7,0
browser-use,Google_Flights--30,C8,1,google.com,102,17,11,0,0,0,success,43.2,0
browser-use,Google_Flights--31,C8,1,google.com,47,10,6,0,4,0,success,23.4,0
browser-use,Google_Flights--32,C8,1,google.com,89,15,9,0,0,0,success,36.5,0
browser-use,Google_Flights--33,C8,1,google.com,596,41,35,0,5,0,success,37.0,0
browser-use,Google_Flights--34,C8,1,google.com,98,15,9,0,0,0,success,50.7,0
browser-use,Google_Flights--35,C8,1,google.com,90,15,9,0,0,0,success,41.8,0
browser-use,Google_Flights--36,C8,1,google.com,106,15,9,0,0,0,success,42.6,0
browser-use,Google_Flights--37,C8,1,google.com,128,17,11,0,0,0,success,46.4,0
browser-use,Google_Flights--38,C8,1,google.com,107,17,11,0,0,0,success,45.1,0
browser-use,Google_Flights--39,C8,1,google.com,107,15,9,0,0,0,success,46.8,0
browser-use,Google_Flights--4,C8,1,google.com,85,17,11,0,0,0,success,42.3,0
browser-use,Google_Flights--40,C8,1,google.com,295,18,12,0,0,0,success,56.8,0
browser-use,Google_Flights--41,C8,1,google.com,93,17,11,0,0,0,success,48.7,0
browser-use,Google_Flights--5,C8,1,google.com,100,17,11,0,0,0,success,44.9,0
browser-use,Google_Flights--6,C8,1,google.com,104,17,11,0,0,0,success,44.5,0
browser-use,Google_Flights--7,C8,1,google.com,98,15,9,0,0,0,success,47.8,0
browser-use,Google_Flights--8,C8,1,google.com,84,15,9,0,0,0,success,53.1,0
browser-use,Google_Flights--9,C8,1,google.com,97,17,11,0,0,0,success,48.3,0
browser-use,Google_Map--0,C8,1,google.com,18,8,4,0,2,0,success,37.7,0
browser-use,Google_Map--1,C8,1,google.com,521,14,7,4,0,0,success,25.6,0
browser-use,Google_Map--10,C8,1,google.com,206,14,10,0,0,0,success,29.5,0
browser-use,Google_Map--11,C8,1,google.com,87,8,4,0,0,0,success,55.1,0
browser-use,Google_Map--12,C8,1,google.com,382,16,9,11,2,0,success,52.4,0
browser-use,Google_Map--13,C8,1,google.com,507,14,7,25,0,0,success,36.7,0
browser-use,Google_Map--14,C8,1,google.com,77,12,6,1,2,0,success,22.5,0
browser-use,Google_Map--15,C8,1,google.com,82,13,7,4,2,0,success,62.3,0
browser-use,Google_Map--16,C8,1,google.com,21,9,5,1,2,0,success,21.9,0
browser-use,Google_Map--17,C8,1,google.com,427,15,8,5,1,0,success,45.9,0
browser-use,Google_Map--18,C8,1,google.com,415,16,7,3,0,0,success,36.4,0
browser-use,Google_Map--19,C8,1,google.com,73,11,5,3,1,0,success,19.8,0
browser-use,Google_Map--2,C8,1,google.com,107,13,9,0,0,0,success,35.0,0
browser-use,Google_Map--20,C8,1,google.com,15,7,3,2,0,0,success,19.0,0
browser-use,Google_Map--21,C8,1,google.com,140,25,19,4,0,0,success,28.4,0
browser-use,Google_Map--22,C8,1,google.com,327,23,19,0,1,0,success,62.9,0
browser-use,Google_Map--23,C8,1,google.com,1103,16,9,11,0,0,success,40.2,0
browser-use,Google_Map--24,C8,1,google.com,419,15,8,10,0,0,success,27.2,0
browser-use,Google_Map--25,C8,1,google.com,129,23,19,1,2,0,success,39.0,0
browser-use,Google_Map--26,C8,1,google.com,713,14,7,12,0,0,success,43.3,0
browser-use,Google_Map--27,C8,1,google.com,284,37,33,0,8,0,success,36.0,0
browser-use,Google_Map--28,C8,1,google.com,354,15,7,0,0,0,success,33.8,0
browser-use,Google_Map--29,C8,1,google.com,79,8,4,0,0,0,success,24.6,0
browser-use,Google_Map--3,C8,1,google.com,757,14,7,42,0,0,success,35.7,0
browser-use,Google_Map--30,C8,1,google.com,113,10,4,3,0,0,success,22.1,0
browser-use,Google_Map--31,C8,1,google.com,1332,19,9,18,0,0,success,48.7,0
browser-use,Google_Map--32,C8,1,google.com,376,16,9,6,1,0,success,28.9,0
browser-use,Google_Map--33,C8,1,google.com,72,10,4,1,1,0,success,23.9,0
browser-use,Google_Map--34,C8,1,google.com,136,43,39,2,3,0,success,25.0,0
browser-use,Google_Map--35,C8,1,google.com,160,15,11,0,0,0,success,32.7,0
browser-use,Google_Map--36,C8,1,google.com,728,14,7,4,0,0,success,46.5,0
browser-use,Google_Map--37,C8,1,google.com,374,15,8,20,1,0,success,42.0,0
browser-use,Google_Map--38,C8,1,google.com,22,9,5,3,1,0,success,42.1,0
browser-use,Google_Map--39,C8,1,google.com,674,14,7,3,0,0,success,33.7,0
browser-use,Google_Map--4,C8,1,google.com,128,21,15,0,0,0,success,34.1,0
browser-use,Google_Map--40,C8,1,google.com,17,9,5,0,2,0,success,21.3,0
browser-use,Google_Map--5,C8,1,google.com,79,11,5,1,2,0,success,46.4,0
browser-use,Google_Map--6,C8,1,google.com,412,75,71,0,4,3,success,38.9,0
browser-use,Google_Map--7,C8,1,google.com,53,8,4,0,0,0,success,25.2,0
browser-use,Google_Map--8,C8,1,google.com,438,14,8,5,1,0,success,27.2,0
browser-use,Google_Map--9,C8,1,google.com,358,18,9,6,1,0,success,27.1,0
browser-use,Google_Search--0,C8,1,google.com,99,11,7,0,0,0,success,24.8,0
browser-use,Google_Search--1,C8,1,google.com,70,8,4,0,0,0,success,35.0,0
browser-use,Google_Search--10,C8,1,google.com,1319,153,149,0,121,8,success,59.8,0
browser-use,Google_Search--11,C8,1,google.com,499,46,40,0,0,8,success,40.6,0
browser-use,Google_Search--12,C8,1,google.com,91,9,5,2,0,0,success,53.7,0
browser-use,Google_Search--13,C8,1,google.com,26,11,7,1,2,0,success,25.0,0
browser-use,Google_Search--14,C8,1,google.com,72,10,4,3,0,0,success,26.1,0
browser-use,Google_Search--15,C8,1,google.com,24,7,3,0,5,0,success,55.0,0
browser-use,Google_Search--16,C8,1,google.com,12,6,2,0,0,0,success,38.4,0
browser-use,Google_Search--17,C8,1,google.com,108,8,4,0,0,0,success,20.6,0
browser-use,Google_Search--18,C8,1,google.com,221,9,5,0,0,0,success,44.3,0
browser-use,Google_Search--19,C8,1,google.com,323,10,6,0,0,0,success,26.8,0
browser-use,Google_Search--2,C8,1,google.com,160,31,27,0,7,0,success,29.0,0
browser-use,Google_Search--20,C8,1,google.com,48,9,5,2,0,0,success,25.8,0
browser-use,Google_Search--21,C8,1,google.com,67,11,5,3,1,0,success,24.1,0
browser-use,Google_Search--22,C8,1,google.com,17,7,2,0,1,0,success,21.7,0
browser-use,Google_Search--23,C8,1,google.com,81,9,5,3,0,0,success,24.0,0
browser-use,Google_Search--24,C8,1,google.com,99,10,6,2,0,0,success,51.3,0
browser-use,Google_Search--25,C8,1,google.com,340,52,47,0,15,0,success,42.6,0
browser-use,Google_Search--26,C8,1,google.com,14,6,2,2,0,0,success,34.0,0
browser-use,Google_Search--27,C8,1,google.com,72,11,5,1,1,0,success,35.7,0
browser-use,Google_Search--28,C8,1,google.com,21,9,5,0,1,0,success,24.9,0
browser-use,Google_Search--29,C8,1,google.com,143,9,5,0,0,0,success,29.8,0
browser-use,Google_Search--3,C8,1,google.com,26,10,6,2,1,0,success,45.3,0
browser-use,Google_Search--30,C8,1,google.com,30,8,4,0,0,0,success,36.2,0
browser-use,Google_Search--31,C8,1,google.com,156,8,4,0,0,0,success,39.3,0
browser-use,Google_Search--32,C8,1,google.com,145,8,4,0,0,0,success,29.1,0
browser-use,Google_Search--33,C8,1,google.com,394,14,10,2,2,0,success,34.0,0
browser-use,Google_Search--34,C8,1,google.com,67,9,5,0,0,0,success,27.6,0
browser-use,Google_Search--35,C8,1,google.com,500,77,72,0,22,0,success,44.9,0
browser-use,Google_Search--36,C8,1,google.com,325,8,4,0,0,0,success,41.4,0
browser-use,Google_Search--37,C8,1,google.com,120,11,5,3,1,0,success,45.6,0
browser-use,Google_Search--38,C8,1,google.com,74,11,5,3,1,0,success,25.5,0
browser-use,Google_Search--39,C8,1,google.com,72,10,4,3,0,0,success,23.2,0
browser-use,Google_Search--4,C8,1,google.com,12,6,2,0,1,0,success,20.4,0
browser-use,Google_Search--40,C8,1,google.com,76,8,4,1,0,0,success,26.5,0
browser-use,Google_Search--41,C8,1,google.com,72,10,4,1,1,0,success,25.7,0
browser-use,Google_Search--42,C8,1,google.com,69,8,4,1,0,0,success,69.5,0
browser-use,Google_Search--5,C8,1,google.com,19,8,4,0,3,0,success,54.2,0
browser-use,Google_Search--6,C8,1,google.com,128,17,10,1,0,0,success,31.7,0
browser-use,Google_Search--7,C8,1,google.com,255,10,6,0,0,0,success,36.2,0
browser-use,Google_Search--8,C8,1,google.com,330,22,18,0,2,0,success,39.7,0
browser-use,Google_Search--9,C8,1,google.com,25,10,6,2,1,0,success,44.1,0
browser-use,Huggingface--0,C8,1,huggingface.co,170,12,10,0,2,0,success,49.6,0
browser-use,Huggingface--1,C8,1,huggingface.co,516,17,14,0,6,0,success,34.4,0
browser-use,Huggingface--10,C8,1,huggingface.co,354,16,14,0,3,0,success,26.1,0
browser-use,Huggingface--11,C8,1,huggingface.co,338,13,11,0,2,0,success,19.4,0
browser-use,Huggingface--12,C8,1,huggingface.co,214,15,13,0,2,0,success,42.7,0
browser-use,Huggingface--13,C8,1,huggingface.co,134,12,11,0,1,0,success,43.2,0
browser-use,Huggingface--14,C8,1,huggingface.co,132,12,10,0,2,0,success,19.5,0
browser-use,Huggingface--15,C8,1,huggingface.co,177,13,11,0,3,0,success,31.6,0
browser-use,Huggingface--16,C8,1,huggingface.co,337,13,11,0,2,0,success,16.9,0
browser-use,Huggingface--17,C8,1,huggingface.co,431,13,11,0,5,0,success,41.3,0
browser-use,Huggingface--18,C8,1,huggingface.co,192,15,14,0,2,0,success,44.1,0
browser-use,Huggingface--19,C8,1,huggingface.co,223,13,11,0,2,0,success,44.0,0
browser-use,Huggingface--2,C8,1,huggingface.co,679,12,10,0,3,0,success,46.9,0
browser-use,Huggingface--20,C8,1,huggingface.co,231,13,11,0,1,0,success,42.0,0
browser-use,Huggingface--21,C8,1,huggingface.co,143,15,14,0,2,0,success,28.3,0
browser-use,Huggingface--22,C8,1,huggingface.co,146,15,14,2,2,0,success,21.6,0
browser-use,Huggingface--23,C8,1,huggingface.co,706,12,10,0,5,0,success,42.1,0
browser-use,Huggingface--24,C8,1,huggingface.co,200,13,11,0,1,0,success,27.2,0
browser-use,Huggingface--25,C8,1,huggingface.co,192,14,12,0,4,0,success,25.9,0
browser-use,Huggingface--26,C8,1,huggingface.co,408,16,14,0,4,0,success,33.5,0
browser-use,Huggingface--27,C8,1,huggingface.co,173,13,12,0,2,0,success,43.2,0
browser-use,Huggingface--28,C8,1,huggingface.co,377,12,10,0,3,0,success,25.7,0
browser-use,Huggingface--29,C8,1,huggingface.co,374,17,15,0,3,0,success,44.1,0
browser-use,Huggingface--3,C8,1,huggingface.co,211,13,11,0,1,0,success,27.3,0
browser-use,Huggingface--30,C8,1,huggingface.co,250,13,11,0,4,0,success,31.5,0
browser-use,Huggingface--31,C8,1,huggingface.co,267,13,11,0,3,0,success,47.1,0
browser-use,Huggingface--32,C8,1,huggingface.co,451,16,14,0,5,0,success,34.0,0
browser-use,Huggingface--33,C8,1,huggingface.co,132,13,11,0,3,0,success,24.8,0
browser-use,Huggingface--34,C8,1,huggingface.co,446,17,15,0,3,0,success,24.3,0
browser-use,Huggingface--35,C8,1,huggingface.co,257,14,11,0,2,0,success,24.2,0
browser-use,Huggingface--36,C8,1,huggingface.co,100,12,11,3,1,0,success,41.3,0
browser-use,Huggingface--37,C8,1,huggingface.co,285,15,11,0,3,0,success,25.7,0
browser-use,Huggingface--38,C8,1,huggingface.co,225,17,16,0,2,0,success,61.0,0
browser-use,Huggingface--39,C8,1,huggingface.co,158,15,14,0,3,0,success,33.3,0
browser-use,Huggingface--4,C8,1,huggingface.co,411,13,11,0,3,0,success,57.3,0
browser-use,Huggingface--40,C8,1,huggingface.co,141,13,12,0,2,0,success,14.9,0
browser-use,Huggingface--41,C8,1,huggingface.co,329,13,11,0,2,0,success,25.5,0
browser-use,Huggingface--42,C8,1,huggingface.co,412,18,16,0,4,0,success,32.0,0
browser-use,Huggingface--5,C8,1,huggingface.co,415,19,17,0,4,0,success,39.6,0
browser-use,Huggingface--6,C8,1,huggingface.co,379,15,13,0,2,0,success,32.8,0
browser-use,Huggingface--7,C8,1,huggingface.co,151,11,10,0,1,0,success,23.4,0
browser-use,Huggingface--8,C8,1,huggingface.co,82,11,11,3,1,0,success,46.1,0
browser-use,Huggingface--9,C8,1,huggingface.co,223,15,13,0,2,0,success,31.9,0
browser-use,Wolfram_Alpha--0,C8,1,wolframalpha.com,69,10,10,3,0,0,success,20.5,0
browser-use,Wolfram_Alpha--1,C8,1,wolframalpha.com,82,11,11,3,2,0,success,46.5,0
browser-use,Wolfram_Alpha--10,C8,1,wolframalpha.com,56,8,8,0,1,0,success,34.2,0
browser-use,Wolfram_Alpha--11,C8,1,wolframalpha.com,21,8,8,2,1,0,success,21.6,0
browser-use,Wolfram_Alpha--12,C8,1,wolframalpha.com,13,7,7,0,1,0,success,29.3,0
browser-use,Wolfram_Alpha--13,C8,1,wolframalpha.com,16,7,7,0,1,0,success,38.1,0
browser-use,Wolfram_Alpha--14,C8,1,wolframalpha.com,22,8,8,3,1,0,success,36.7,0
browser-use,Wolfram_Alpha--15,C8,1,wolframalpha.com,74,10,10,3,0,0,success,42.3,0
browser-use,Wolfram_Alpha--16,C8,1,wolframalpha.com,9,5,5,0,0,0,success,8.6,0
browser-use,Wolfram_Alpha--17,C8,1,wolframalpha.com,65,18,18,3,5,0,success,47.4,0
browser-use,Wolfram_Alpha--18,C8,1,wolframalpha.com,58,13,13,0,0,0,success,29.8,0
browser-use,Wolfram_Alpha--19,C8,1,wolframalpha.com,18,7,7,3,0,0,success,23.0,0
browser-use,Wolfram_Alpha--2,C8,1,wolframalpha.com,76,8,6,1,0,0,success,40.8,0
browser-use,Wolfram_Alpha--20,C8,1,wolframalpha.com,9,5,5,0,0,0,success,5.4,0
browser-use,Wolfram_Alpha--21,C8,1,wolframalpha.com,51,8,6,0,0,0,success,30.9,0
browser-use,Wolfram_Alpha--22,C8,1,wolframalpha.com,186,10,10,2,0,0,success,28.3,0
browser-use,Wolfram_Alpha--23,C8,1,wolframalpha.com,130,11,9,0,0,0,success,44.6,0
browser-use,Wolfram_Alpha--24,C8,1,wolframalpha.com,8,5,5,0,0,0,success,5.9,0
browser-use,Wolfram_Alpha--25,C8,1,wolframalpha.com,9,5,5,0,0,0,success,14.4,0
browser-use,Wolfram_Alpha--26,C8,1,wolframalpha.com,70,9,9,0,0,0,success,30.1,0
browser-use,Wolfram_Alpha--27,C8,1,wolframalpha.com,139,9,9,0,0,0,success,30.7,0
browser-use,Wolfram_Alpha--28,C8,1,wolframalpha.com,36,8,8,0,0,0,success,27.0,0
browser-use,Wolfram_Alpha--29,C8,1,wolframalpha.com,72,10,8,0,0,0,success,23.4,0
browser-use,Wolfram_Alpha--3,C8,1,wolframalpha.com,74,10,10,3,0,0,success,29.6,0
browser-use,Wolfram_Alpha--30,C8,1,wolframalpha.com,17,6,6,0,0,0,success,37.5,0
browser-use,Wolfram_Alpha--31,C8,1,wolframalpha.com,95,11,9,0,0,0,success,24.8,0
browser-use,Wolfram_Alpha--32,C8,1,wolframalpha.com,242,31,29,0,0,0,success,32.6,0
browser-use,Wolfram_Alpha--33,C8,1,wolframalpha.com,107,11,9,0,0,0,success,34.0,0
browser-use,Wolfram_Alpha--34,C8,1,wolframalpha.com,161,11,9,0,0,0,success,30.2,0
browser-use,Wolfram_Alpha--35,C8,1,wolframalpha.com,37,10,10,2,0,0,success,42.7,0
browser-use,Wolfram_Alpha--36,C8,1,wolframalpha.com,97,10,10,3,0,0,success,31.9,0
browser-use,Wolfram_Alpha--37,C8,1,wolframalpha.com,84,10,10,3,0,0,success,32.9,0
browser-use,Wolfram_Alpha--38,C8,1,wolframalpha.com,113,10,8,0,0,0,success,44.3,0
browser-use,Wolfram_Alpha--39,C8,1,wolframalpha.com,241,11,9,0,0,0,success,56.1,0
browser-use,Wolfram_Alpha--4,C8,1,wolframalpha.com,118,10,10,3,0,0,success,40.0,0
browser-use,Wolfram_Alpha--40,C8,1,wolframalpha.com,28,10,10,0,2,0,success,26.3,0
browser-use,Wolfram_Alpha--41,C8,1,wolframalpha.com,76,11,11,3,1,0,success,50.7,0
browser-use,Wolfram_Alpha--42,C8,1,wolframalpha.com,10,5,5,0,0,0,success,35.3,0
browser-use,Wolfram_Alpha--43,C8,1,wolframalpha.com,63,9,9,0,0,0,success,27.4,0
browser-use,Wolfram_Alpha--44,C8,1,wolframalpha.com,8,5,5,0,0,0,success,21.8,0
browser-use,Wolfram_Alpha--45,C8,1,wolframalpha.com,77,9,9,1,0,0,success,34.0,0
browser-use,Wolfram_Alpha--5,C8,1,wolframalpha.com,88,10,8,0,0,0,success,27.8,0
browser-use,Wolfram_Alpha--6,C8,1,wolframalpha.com,124,10,8,0,0,0,success,54.3,0
browser-use,Wolfram_Alpha--7,C8,1,wolframalpha.com,98,14,14,2,0,0,success,37.0,0
browser-use,Wolfram_Alpha--8,C8,1,wolframalpha.com,75,13,13,1,0,0,success,37.3,0
browser-use,Wolfram_Alpha--9,C8,1,wolframalpha.com,320,24,24,4,2,0,success,19.8,0
fara-7b,Allrecipes--0,C0,1,allrecipes.com,636,125,122,0,0,0,success,25.3,0
fara-7b,Allrecipes--1,C0,1,allrecipes.com,1171,211,208,0,0,0,success,53.3,0
fara-7b,Allrecipes--10,C0,1,allrecipes.com,660,79,76,0,0,0,hit_max_rounds,64.8,0
fara-7b,Allrecipes--11,C0,1,allrecipes.com,1388,240,237,0,0,0,hit_max_rounds,62.3,0
fara-7b,Allrecipes--12,C0,1,allrecipes.com,1149,208,205,0,0,0,agent_error,34.1,0
fara-7b,Allrecipes--13,C0,1,allrecipes.com,1411,234,231,0,0,0,hit_max_rounds,59.8,0
fara-7b,Allrecipes--14,C0,1,allrecipes.com,1117,235,232,0,0,0,success,31.9,0
fara-7b,Allrecipes--15,C0,1,allrecipes.com,1309,227,224,0,0,0,hit_max_rounds,57.4,0
fara-7b,Allrecipes--16,C0,1,allrecipes.com,1071,149,146,0,0,0,hit_max_rounds,57.7,0
fara-7b,Allrecipes--17,C0,1,allrecipes.com,914,165,162,0,0,0,success,50.4,0
fara-7b,Allrecipes--18,C0,1,allrecipes.com,800,199,196,0,0,0,hit_max_rounds,55.9,0
fara-7b,Allrecipes--19,C0,1,allrecipes.com,1226,231,228,0,0,0,hit_max_rounds,55.4,0
fara-7b,Allrecipes--2,C0,1,allrecipes.com,870,152,149,0,0,0,hit_max_rounds,55.6,0
fara-7b,Allrecipes--20,C0,1,allrecipes.com,1024,172,169,0,0,0,hit_max_rounds,59.0,0
fara-7b,Allrecipes--21,C0,1,allrecipes.com,1158,212,209,0,0,0,success,50.3,0
fara-7b,Allrecipes--22,C0,1,allrecipes.com,1091,190,187,0,0,0,success,50.4,0
fara-7b,Allrecipes--23,C0,1,allrecipes.com,888,167,164,0,0,0,hit_max_rounds,54.5,0
fara-7b,Allrecipes--24,C0,1,allrecipes.com,782,149,146,0,0,0,success,36.5,0
fara-7b,Allrecipes--25,C0,1,allrecipes.com,1206,206,203,0,0,0,success,65.1,0
fara-7b,Allrecipes--26,C0,1,allrecipes.com,946,178,175,0,0,0,success,56.2,0
fara-7b,Allrecipes--27,C0,1,allrecipes.com,946,197,194,0,0,0,success,26.7,0
fara-7b,Allrecipes--28,C0,1,allrecipes.com,1087,212,209,0,0,0,success,32.8,0
fara-7b,Allrecipes--29,C0,1,allrecipes.com,857,167,164,0,0,0,success,50.3,0
fara-7b,Allrecipes--3,C0,1,allrecipes.com,897,172,169,0,0,0,success,38.1,0
fara-7b,Allrecipes--30,C0,1,allrecipes.com,1286,216,213,0,0,0,hit_max_rounds,59.6,0
fara-7b,Allrecipes--31,C0,1,allrecipes.com,1183,225,222,0,0,0,hit_max_rounds,55.9,0
fara-7b,Allrecipes--32,C0,1,allrecipes.com,1092,203,200,0,0,0,success,43.7,0
fara-7b,Allrecipes--33,C0,1,allrecipes.com,867,153,150,0,0,0,success,56.5,0
fara-7b,Allrecipes--34,C0,1,allrecipes.com,1104,216,213,0,0,0,success,30.2,0
fara-7b,Allrecipes--35,C0,1,allrecipes.com,1115,200,197,0,0,0,success,43.9,0
fara-7b,Allrecipes--36,C0,1,allrecipes.com,1239,232,229,0,0,0,success,55.6,0
fara-7b,Allrecipes--37,C0,1,allrecipes.com,893,171,168,0,0,0,success,36.7,0
fara-7b,Allrecipes--38,C0,1,allrecipes.com,1257,202,199,0,0,0,success,33.3,0
fara-7b,Allrecipes--39,C0,1,allrecipes.com,551,53,51,0,0,0,hit_max_rounds,57.0,0
fara-7b,Allrecipes--4,C0,1,allrecipes.com,1256,228,225,0,0,0,success,38.9,0
fara-7b,Allrecipes--40,C0,1,allrecipes.com,257,84,81,0,0,0,hit_max_rounds,52.3,0
fara-7b,Allrecipes--41,C0,1,allrecipes.com,912,219,216,0,0,0,success,38.1,0
fara-7b,Allrecipes--42,C0,1,allrecipes.com,693,146,143,0,0,0,success,25.1,0
fara-7b,Allrecipes--43,C0,1,allrecipes.com,887,155,152,0,0,0,hit_max_rounds,55.1,0
fara-7b,Allrecipes--44,C0,1,allrecipes.com,736,172,169,0,0,0,success,31.1,0
fara-7b,Allrecipes--5,C0,1,allrecipes.com,1103,214,211,0,0,0,success,58.4,0
fara-7b,Allrecipes--6,C0,1,allrecipes.com,760,140,137,0,0,0,success,40.5,0
fara-7b,Allrecipes--7,C0,1,allrecipes.com,1303,240,237,0,0,0,hit_max_rounds,64.5,0
fara-7b,Allrecipes--8,C0,1,allrecipes.com,720,151,148,0,0,0,success,23.9,0
fara-7b,Allrecipes--9,C0,1,allrecipes.com,1121,240,237,0,0,0,success,46.3,0
fara-7b,Amazon--0,C0,1,amazon.com,1294,51,46,0,0,0,hit_max_rounds,63.5,0
fara-7b,Amazon--1,C0,1,amazon.com,787,53,48,0,0,0,hit_max_rounds,56.5,0
fara-7b,Amazon--10,C0,1,amazon.com,571,47,43,0,0,0,hit_max_rounds,60.2,0
fara-7b,Amazon--11,C0,1,amazon.com,927,52,47,0,0,0,hit_max_rounds,66.6,0
fara-7b,Amazon--12,C0,1,amazon.com,1146,37,31,0,0,0,hit_max_rounds,62.5,0
fara-7b,Amazon--13,C0,1,amazon.com,815,31,26,0,0,0,hit_max_rounds,67.7,0
fara-7b,Amazon--14,C0,1,amazon.com,841,49,44,0,0,0,success,30.0,0
fara-7b,Amazon--15,C0,1,amazon.com,710,51,46,0,0,0,hit_max_rounds,57.3,0
fara-7b,Amazon--16,C0,1,amazon.com,888,38,32,0,0,0,hit_max_rounds,60.5,0
fara-7b,Amazon--17,C0,1,amazon.com,1017,52,48,0,0,0,hit_max_rounds,62.4,0
fara-7b,Amazon--18,C0,1,amazon.com,768,27,23,0,0,0,success,45.5,0
fara-7b,Amazon--19,C0,1,amazon.com,1049,47,43,0,0,0,hit_max_rounds,66.1,0
fara-7b,Amazon--2,C0,1,amazon.com,1386,41,36,0,0,0,hit_max_rounds,64.0,0
fara-7b,Amazon--20,C0,1,amazon.com,512,57,52,0,0,0,hit_max_rounds,61.7,0
fara-7b,Amazon--21,C0,1,amazon.com,740,48,43,0,0,0,success,38.0,0
fara-7b,Amazon--22,C0,1,amazon.com,938,30,24,0,0,0,success,64.5,0
fara-7b,Amazon--23,C0,1,amazon.com,1199,30,25,0,0,0,success,62.4,0
fara-7b,Amazon--24,C0,1,amazon.com,1117,51,46,0,0,0,hit_max_rounds,65.0,0
fara-7b,Amazon--25,C0,1,amazon.com,1124,48,43,0,0,0,success,62.0,0
fara-7b,Amazon--26,C0,1,amazon.com,827,34,28,0,0,0,hit_max_rounds,62.7,0
fara-7b,Amazon--27,C0,1,amazon.com,970,51,45,0,0,0,hit_max_rounds,72.9,0
fara-7b,Amazon--28,C0,1,amazon.com,1353,31,25,0,0,0,hit_max_rounds,69.9,0
fara-7b,Amazon--29,C0,1,amazon.com,745,51,46,0,0,0,hit_max_rounds,61.0,0
fara-7b,Amazon--3,C0,1,amazon.com,1112,79,73,0,0,0,success,64.3,0
fara-7b,Amazon--30,C0,1,amazon.com,659,50,45,0,0,0,hit_max_rounds,62.0,0
fara-7b,Amazon--31,C0,1,amazon.com,707,49,44,0,0,0,hit_max_rounds,58.6,0
fara-7b,Amazon--32,C0,1,amazon.com,1057,31,26,0,0,0,success,61.2,0
fara-7b,Amazon--33,C0,1,amazon.com,820,48,43,0,0,0,success,63.2,0
fara-7b,Amazon--34,C0,1,amazon.com,1145,32,27,0,0,0,hit_max_rounds,64.8,0
fara-7b,Amazon--35,C0,1,amazon.com,1049,30,24,0,0,0,hit_max_rounds,62.5,0
fara-7b,Amazon--36,C0,1,amazon.com,724,32,27,0,0,0,hit_max_rounds,57.9,0
fara-7b,Amazon--37,C0,1,amazon.com,970,34,28,0,0,0,success,49.1,0
fara-7b,Amazon--38,C0,1,amazon.com,1156,58,53,0,0,0,success,60.1,0
fara-7b,Amazon--39,C0,1,amazon.com,746,29,24,0,0,0,hit_max_rounds,61.6,0
fara-7b,Amazon--4,C0,1,amazon.com,654,30,25,0,0,0,hit_max_rounds,60.3,0
fara-7b,Amazon--40,C0,1,amazon.com,899,51,46,0,0,0,success,37.9,0
fara-7b,Amazon--5,C0,1,amazon.com,575,11,8,0,0,0,hit_max_rounds,59.0,0
fara-7b,Amazon--6,C0,1,amazon.com,653,54,49,0,0,0,hit_max_rounds,61.2,0
fara-7b,Amazon--7,C0,1,amazon.com,1061,31,26,0,0,0,hit_max_rounds,62.9,0
fara-7b,Amazon--8,C0,1,amazon.com,1094,55,50,0,0,0,hit_max_rounds,64.5,0
fara-7b,Amazon--9,C0,1,amazon.com,1401,35,28,0,0,0,hit_max_rounds,89.0,0
fara-7b,Apple--0,C0,1,apple.com,262,3,0,0,0,0,success,54.5,0
fara-7b,Apple--1,C0,1,apple.com,481,11,6,0,0,0,hit_max_rounds,56.0,0
fara-7b,Apple--10,C0,1,apple.com,328,13,7,0,0,0,success,30.9,0
fara-7b,Apple--11,C0,1,apple.com,229,3,0,0,0,0,hit_max_rounds,56.1,0
fara-7b,Apple--12,C0,1,apple.com,375,11,8,0,0,0,success,56.9,0
fara-7b,Apple--13,C0,1,apple.com,366,9,6,0,0,0,hit_max_rounds,53.9,0
fara-7b,Apple--14,C0,1,apple.com,404,10,6,0,0,0,hit_max_rounds,56.5,0
fara-7b,Apple--15,C0,1,apple.com,305,5,1,0,0,0,hit_max_rounds,56.2,0
fara-7b,Apple--16,C0,1,apple.com,140,3,0,0,0,0,success,34.4,0
fara-7b,Apple--17,C0,1,apple.com,251,6,2,0,0,0,hit_max_rounds,54.5,0
fara-7b,Apple--18,C0,1,apple.com,103,4,1,0,0,0,success,34.6,0
fara-7b,Apple--19,C0,1,apple.com,520,58,55,0,0,0,hit_max_rounds,57.8,0
fara-7b,Apple--2,C0,1,apple.com,567,12,8,0,0,0,hit_max_rounds,59.2,0
fara-7b,Apple--20,C0,1,apple.com,162,5,2,0,0,0,hit_max_rounds,56.0,0
fara-7b,Apple--21,C0,1,apple.com,311,5,1,0,0,0,success,41.8,0
fara-7b,Apple--22,C0,1,apple.com,108,4,1,0,0,0,success,46.6,0
fara-7b,Apple--23,C0,1,apple.com,491,8,5,0,0,0,hit_max_rounds,55.7,0
fara-7b,Apple--24,C0,1,apple.com,196,3,0,0,0,0,success,28.6,0
fara-7b,Apple--25,C0,1,apple.com,162,5,1,0,0,0,hit_max_rounds,56.1,0
fara-7b,Apple--26,C0,1,apple.com,421,8,5,0,0,0,hit_max_rounds,56.2,0
fara-7b,Apple--27,C0,1,apple.com,250,5,1,0,0,0,success,49.4,0
fara-7b,Apple--28,C0,1,apple.com,253,4,1,0,0,0,hit_max_rounds,54.6,0
fara-7b,Apple--29,C0,1,apple.com,287,3,0,0,0,0,hit_max_rounds,54.5,0
fara-7b,Apple--3,C0,1,apple.com,287,10,7,0,0,0,hit_max_rounds,55.0,0
fara-7b,Apple--30,C0,1,apple.com,318,5,1,0,0,0,success,48.8,0
fara-7b,Apple--31,C0,1,apple.com,336,8,5,0,0,0,success,33.5,0
fara-7b,Apple--32,C0,1,apple.com,122,4,1,0,0,0,hit_max_rounds,55.6,0
fara-7b,Apple--33,C0,1,apple.com,289,3,0,0,0,0,hit_max_rounds,53.3,0
fara-7b,Apple--34,C0,1,apple.com,782,81,78,0,0,0,hit_max_rounds,60.7,0
fara-7b,Apple--35,C0,1,apple.com,285,5,1,0,0,0,success,34.9,0
fara-7b,Apple--36,C0,1,apple.com,227,11,1,0,0,0,hit_max_rounds,54.3,0
fara-7b,Apple--37,C0,1,apple.com,160,3,0,0,0,0,success,47.0,0
fara-7b,Apple--38,C0,1,apple.com,304,11,8,0,0,0,success,24.5,0
fara-7b,Apple--39,C0,1,apple.com,401,13,6,0,0,0,success,54.2,0
fara-7b,Apple--4,C0,1,apple.com,313,5,1,0,0,0,hit_max_rounds,53.6,0
fara-7b,Apple--40,C0,1,apple.com,120,3,0,0,0,0,hit_max_rounds,51.5,0
fara-7b,Apple--41,C0,1,apple.com,334,5,1,0,0,0,hit_max_rounds,55.2,0
fara-7b,Apple--42,C0,1,apple.com,376,11,8,0,0,0,hit_max_rounds,55.9,0
fara-7b,Apple--5,C0,1,apple.com,269,10,7,0,0,0,success,21.4,0
fara-7b,Apple--6,C0,1,apple.com,145,3,0,0,0,0,success,28.1,0
fara-7b,Apple--7,C0,1,apple.com,268,10,7,0,0,0,success,55.4,0
fara-7b,Apple--8,C0,1,apple.com,210,3,0,0,0,0,hit_max_rounds,53.5,0
fara-7b,Apple--9,C0,1,apple.com,302,10,7,0,0,0,hit_max_rounds,56.8,0
fara-7b,ArXiv--0,C0,1,arxiv.org,55,5,3,0,0,0,success,22.5,0
fara-7b,ArXiv--1,C0,1,arxiv.org,246,13,11,0,0,0,hit_max_rounds,60.2,0
fara-7b,ArXiv--10,C0,1,arxiv.org,60,9,6,0,0,0,success,28.8,0
fara-7b,ArXiv--11,C0,1,arxiv.org,211,16,13,0,0,0,success,24.8,0
fara-7b,ArXiv--12,C0,1,arxiv.org,86,9,6,0,0,0,success,52.9,0
fara-7b,ArXiv--13,C0,1,arxiv.org,15,1,0,0,0,0,success,26.3,0
fara-7b,ArXiv--14,C0,1,arxiv.org,15,1,0,0,0,0,success,21.2,0
fara-7b,ArXiv--15,C0,1,arxiv.org,14,1,0,0,0,0,success,28.2,0
fara-7b,ArXiv--16,C0,1,arxiv.org,42,4,2,0,0,0,success,28.9,0
fara-7b,ArXiv--17,C0,1,arxiv.org,181,8,7,0,0,0,success,45.3,0
fara-7b,ArXiv--18,C0,1,arxiv.org,17,1,0,0,0,0,agent_error,25.5,0
fara-7b,ArXiv--19,C0,1,arxiv.org,318,26,24,0,0,0,hit_max_rounds,59.6,0
fara-7b,ArXiv--2,C0,1,arxiv.org,90,5,3,0,0,0,success,30.7,0
fara-7b,ArXiv--20,C0,1,arxiv.org,15,1,0,0,0,0,success,22.4,0
fara-7b,ArXiv--21,C0,1,arxiv.org,329,6,5,0,0,0,hit_max_rounds,52.0,0
fara-7b,ArXiv--22,C0,1,arxiv.org,69,9,6,0,0,0,success,49.1,0
fara-7b,ArXiv--23,C0,1,arxiv.org,310,12,10,0,0,0,hit_max_rounds,57.7,0
fara-7b,ArXiv--24,C0,1,arxiv.org,99,5,3,0,0,0,success,46.8,0
fara-7b,ArXiv--25,C0,1,arxiv.org,233,16,13,0,0,0,hit_max_rounds,55.6,0
fara-7b,ArXiv--26,C0,1,arxiv.org,35,2,0,0,0,0,success,34.9,0
fara-7b,ArXiv--27,C0,1,arxiv.org,221,6,5,0,0,0,success,37.6,0
fara-7b,ArXiv--28,C0,1,arxiv.org,15,1,0,0,0,0,success,42.2,0
fara-7b,ArXiv--29,C0,1,arxiv.org,233,6,5,0,0,0,hit_max_rounds,57.1,0
fara-7b,ArXiv--3,C0,1,arxiv.org,257,5,3,0,0,0,success,51.3,0
fara-7b,ArXiv--30,C0,1,arxiv.org,54,9,6,0,0,0,success,35.7,0
fara-7b,ArXiv--31,C0,1,arxiv.org,15,1,0,0,0,0,hit_max_rounds,52.2,0
fara-7b,ArXiv--32,C0,1,arxiv.org,33,4,2,0,0,0,success,22.7,0
fara-7b,ArXiv--33,C0,1,arxiv.org,187,8,6,0,0,0,success,24.4,0
fara-7b,ArXiv--34,C0,1,arxiv.org,15,1,0,0,0,0,success,43.7,0
fara-7b,ArXiv--35,C0,1,arxiv.org,22,2,0,0,0,0,success,21.8,0
fara-7b,ArXiv--36,C0,1,arxiv.org,16,1,0,0,0,0,hit_max_rounds,55.9,0
fara-7b,ArXiv--37,C0,1,arxiv.org,270,17,14,0,0,0,success,25.3,0
fara-7b,ArXiv--38,C0,1,arxiv.org,263,17,15,0,0,0,success,29.6,0
fara-7b,ArXiv--39,C0,1,arxiv.org,374,6,5,0,0,0,hit_max_rounds,54.9,0
fara-7b,ArXiv--4,C0,1,arxiv.org,32,2,0,0,0,0,success,21.5,0
fara-7b,ArXiv--40,C0,1,arxiv.org,34,2,0,0,0,0,success,48.4,0
fara-7b,ArXiv--41,C0,1,arxiv.org,421,54,51,0,0,0,hit_max_rounds,57.7,0
fara-7b,ArXiv--42,C0,1,arxiv.org,15,1,0,0,0,0,hit_max_rounds,58.2,0
fara-7b,ArXiv--5,C0,1,arxiv.org,355,5,3,0,0,0,success,48.4,0
fara-7b,ArXiv--6,C0,1,arxiv.org,14,1,0,0,0,0,hit_max_rounds,53.0,0
fara-7b,ArXiv--7,C0,1,arxiv.org,229,6,5,0,0,0,hit_max_rounds,56.3,0
fara-7b,ArXiv--8,C0,1,arxiv.org,34,2,0,0,0,0,success,26.7,0
fara-7b,ArXiv--9,C0,1,arxiv.org,22,2,0,0,0,0,success,22.0,0
fara-7b,BBC_News--0,C0,1,bbc.com,614,116,113,0,0,0,success,35.3,0
fara-7b,BBC_News--1,C0,1,bbc.com,633,124,121,0,0,0,success,49.7,0
fara-7b,BBC_News--10,C0,1,bbc.com,648,101,98,0,0,0,hit_max_rounds,60.1,0
fara-7b,BBC_News--11,C0,1,bbc.com,1112,110,106,0,0,0,hit_max_rounds,75.8,0
fara-7b,BBC_News--12,C0,1,bbc.com,582,91,88,0,0,0,success,53.5,0
fara-7b,BBC_News--13,C0,1,bbc.com,435,102,99,0,0,0,success,38.2,0
fara-7b,BBC_News--14,C0,1,bbc.com,619,109,106,0,0,0,success,29.5,0
fara-7b,BBC_News--15,C0,1,bbc.com,133,37,34,0,0,0,success,11.1,0
fara-7b,BBC_News--16,C0,1,bbc.com,979,98,95,0,0,0,hit_max_rounds,61.3,0
fara-7b,BBC_News--17,C0,1,bbc.com,131,37,34,0,0,0,success,10.8,0
fara-7b,BBC_News--18,C0,1,bbc.com,599,92,89,0,0,0,success,45.8,0
fara-7b,BBC_News--19,C0,1,bbc.com,360,54,51,0,0,0,hit_max_rounds,63.5,0
fara-7b,BBC_News--2,C0,1,bbc.com,700,119,116,0,0,0,hit_max_rounds,61.9,0
fara-7b,BBC_News--20,C0,1,bbc.com,578,88,85,0,0,0,success,48.0,0
fara-7b,BBC_News--21,C0,1,bbc.com,257,58,55,0,0,0,success,27.6,0
fara-7b,BBC_News--22,C0,1,bbc.com,410,97,94,0,0,0,success,32.5,0
fara-7b,BBC_News--23,C0,1,bbc.com,889,105,102,0,0,0,success,61.2,0
fara-7b,BBC_News--24,C0,1,bbc.com,1172,124,121,0,0,0,hit_max_rounds,76.0,0
fara-7b,BBC_News--25,C0,1,bbc.com,1063,141,137,0,0,0,success,51.4,0
fara-7b,BBC_News--26,C0,1,bbc.com,940,132,128,0,0,0,success,49.8,0
fara-7b,BBC_News--27,C0,1,bbc.com,651,117,114,0,0,0,success,50.1,0
fara-7b,BBC_News--28,C0,1,bbc.com,620,102,99,0,0,0,success,37.8,0
fara-7b,BBC_News--29,C0,1,bbc.com,450,98,95,0,0,0,success,31.6,0
fara-7b,BBC_News--3,C0,1,bbc.com,626,65,61,0,0,0,success,41.9,0
fara-7b,BBC_News--30,C0,1,bbc.com,607,117,114,0,0,0,success,27.1,0
fara-7b,BBC_News--31,C0,1,bbc.com,1071,153,149,0,0,0,hit_max_rounds,62.8,0
fara-7b,BBC_News--32,C0,1,bbc.com,684,107,104,0,0,0,success,35.9,0
fara-7b,BBC_News--33,C0,1,bbc.com,324,77,74,0,0,0,success,25.2,0
fara-7b,BBC_News--34,C0,1,bbc.com,790,112,109,0,0,0,success,56.3,0
fara-7b,BBC_News--35,C0,1,bbc.com,918,135,132,0,0,0,hit_max_rounds,62.5,0
fara-7b,BBC_News--36,C0,1,bbc.com,386,100,97,0,0,0,success,25.0,0
fara-7b,BBC_News--37,C0,1,bbc.com,819,121,118,0,0,0,success,54.9,0
fara-7b,BBC_News--38,C0,1,bbc.com,655,106,103,0,0,0,hit_max_rounds,60.4,0
fara-7b,BBC_News--39,C0,1,bbc.com,679,90,86,0,0,0,hit_max_rounds,59.9,0
fara-7b,BBC_News--4,C0,1,bbc.com,955,121,118,0,0,0,hit_max_rounds,65.4,0
fara-7b,BBC_News--40,C0,1,bbc.com,304,95,92,0,0,0,success,27.4,0
fara-7b,BBC_News--41,C0,1,bbc.com,386,49,45,0,0,0,hit_max_rounds,61.7,0
fara-7b,BBC_News--5,C0,1,bbc.com,590,53,50,0,0,0,hit_max_rounds,58.8,0
fara-7b,BBC_News--6,C0,1,bbc.com,468,85,82,0,0,0,success,32.4,0
fara-7b,BBC_News--7,C0,1,bbc.com,637,93,90,0,0,0,success,26.3,0
fara-7b,BBC_News--8,C0,1,bbc.com,828,131,128,0,0,0,hit_max_rounds,61.5,0
fara-7b,BBC_News--9,C0,1,bbc.com,712,95,92,0,0,0,success,28.5,0
fara-7b,Booking--0,C0,1,booking.com,453,51,45,0,0,0,hit_max_rounds,60.6,0
fara-7b,Booking--1,C0,1,booking.com,360,45,40,0,0,0,hit_max_rounds,59.4,0
fara-7b,Booking--10,C0,1,booking.com,461,51,45,0,0,0,hit_max_rounds,59.2,0
fara-7b,Booking--11,C0,1,booking.com,376,47,42,0,0,0,hit_max_rounds,58.7,0
fara-7b,Booking--12,C0,1,booking.com,382,43,37,0,0,0,hit_max_rounds,59.6,0
fara-7b,Booking--13,C0,1,booking.com,417,46,40,0,0,0,hit_max_rounds,58.8,0
fara-7b,Booking--14,C0,1,booking.com,455,50,44,0,0,0,hit_max_rounds,59.3,0
fara-7b,Booking--15,C0,1,booking.com,435,51,45,0,0,0,hit_max_rounds,59.6,0
fara-7b,Booking--16,C0,1,booking.com,395,44,38,0,0,0,hit_max_rounds,60.5,0
fara-7b,Booking--17,C0,1,booking.com,409,46,40,0,0,0,hit_max_rounds,61.3,0
fara-7b,Booking--18,C0,1,booking.com,1599,290,286,0,0,0,hit_max_rounds,88.8,0
fara-7b,Booking--19,C0,1,booking.com,374,42,36,0,0,0,hit_max_rounds,58.2,0
fara-7b,Booking--2,C0,1,booking.com,417,47,42,0,0,0,hit_max_rounds,56.0,0
fara-7b,Booking--20,C0,1,booking.com,334,39,34,0,0,0,hit_max_rounds,57.4,0
fara-7b,Booking--21,C0,1,booking.com,402,46,40,0,0,0,hit_max_rounds,59.6,0
fara-7b,Booking--22,C0,1,booking.com,382,47,41,0,0,0,success,38.7,0
fara-7b,Booking--23,C0,1,booking.com,552,27,21,0,0,0,hit_max_rounds,62.9,0
fara-7b,Booking--24,C0,1,booking.com,315,37,32,0,0,0,hit_max_rounds,57.1,0
fara-7b,Booking--25,C0,1,booking.com,396,46,40,0,0,0,success,39.0,0
fara-7b,Booking--26,C0,1,booking.com,414,47,41,0,0,0,hit_max_rounds,60.0,0
fara-7b,Booking--27,C0,1,booking.com,805,32,28,0,0,0,hit_max_rounds,71.2,0
fara-7b,Booking--28,C0,1,booking.com,346,46,41,0,0,0,success,57.3,0
fara-7b,Booking--29,C0,1,booking.com,414,47,41,0,0,0,hit_max_rounds,59.1,0
fara-7b,Booking--3,C0,1,booking.com,333,44,39,0,0,0,hit_max_rounds,59.1,0
fara-7b,Booking--30,C0,1,booking.com,410,50,44,0,0,0,success,37.7,0
fara-7b,Booking--31,C0,1,booking.com,468,51,45,0,0,0,hit_max_rounds,62.3,0
fara-7b,Booking--32,C0,1,booking.com,332,42,37,0,0,0,hit_max_rounds,59.3,0
fara-7b,Booking--33,C0,1,booking.com,516,52,45,0,0,0,success,37.1,0
fara-7b,Booking--34,C0,1,booking.com,419,49,43,0,0,0,success,51.4,0
fara-7b,Booking--35,C0,1,booking.com,518,33,27,0,0,0,success,52.5,0
fara-7b,Booking--36,C0,1,booking.com,330,41,36,0,0,0,success,44.8,0
fara-7b,Booking--37,C0,1,booking.com,412,46,40,0,0,0,hit_max_rounds,59.4,0
fara-7b,Booking--38,C0,1,booking.com,451,48,42,0,0,0,hit_max_rounds,59.4,0
fara-7b,Booking--39,C0,1,booking.com,388,46,40,0,0,0,success,38.6,0
fara-7b,Booking--4,C0,1,booking.com,497,25,20,0,0,0,hit_max_rounds,59.6,0
fara-7b,Booking--40,C0,1,booking.com,413,69,68,0,0,0,hit_max_rounds,64.6,0
fara-7b,Booking--41,C0,1,booking.com,594,55,49,0,0,0,hit_max_rounds,59.2,0
fara-7b,Booking--42,C0,1,booking.com,409,25,20,0,0,0,hit_max_rounds,62.4,0
fara-7b,Booking--43,C0,1,booking.com,1328,115,109,0,0,0,hit_max_rounds,66.5,0
fara-7b,Booking--5,C0,1,booking.com,329,44,39,0,0,0,hit_max_rounds,59.4,0
fara-7b,Booking--6,C0,1,booking.com,681,41,37,0,0,0,hit_max_rounds,62.5,0
fara-7b,Booking--7,C0,1,booking.com,360,45,40,0,0,0,hit_max_rounds,58.5,0
fara-7b,Booking--8,C0,1,booking.com,380,41,35,0,0,0,hit_max_rounds,61.3,0
fara-7b,Booking--9,C0,1,booking.com,492,52,46,0,0,0,hit_max_rounds,60.1,0
fara-7b,Cambridge_Dictionary--0,C0,1,cambridge.org,1134,203,202,0,0,0,success,55.6,0
fara-7b,Cambridge_Dictionary--1,C0,1,cambridge.org,287,24,23,0,0,0,success,38.2,0
fara-7b,Cambridge_Dictionary--10,C0,1,cambridge.org,926,177,176,0,0,0,hit_max_rounds,62.5,0
fara-7b,Cambridge_Dictionary--11,C0,1,cambridge.org,759,179,178,0,0,0,success,52.3,0
fara-7b,Cambridge_Dictionary--12,C0,1,cambridge.org,970,193,192,0,0,0,hit_max_rounds,65.5,0
fara-7b,Cambridge_Dictionary--13,C0,1,cambridge.org,602,176,175,0,0,0,agent_error,81.0,0
fara-7b,Cambridge_Dictionary--14,C0,1,cambridge.org,1022,184,183,0,0,0,hit_max_rounds,61.0,0
fara-7b,Cambridge_Dictionary--15,C0,1,cambridge.org,941,180,179,0,0,0,hit_max_rounds,59.5,0
fara-7b,Cambridge_Dictionary--16,C0,1,cambridge.org,925,183,182,0,0,0,success,54.4,0
fara-7b,Cambridge_Dictionary--17,C0,1,cambridge.org,976,208,207,0,0,0,success,50.3,0
fara-7b,Cambridge_Dictionary--18,C0,1,cambridge.org,924,178,177,0,0,0,hit_max_rounds,61.7,0
fara-7b,Cambridge_Dictionary--19,C0,1,cambridge.org,857,174,173,0,0,0,success,48.0,0
fara-7b,Cambridge_Dictionary--2,C0,1,cambridge.org,1054,199,198,0,0,0,success,57.7,0
fara-7b,Cambridge_Dictionary--20,C0,1,cambridge.org,1132,199,198,0,0,0,success,55.9,0
fara-7b,Cambridge_Dictionary--21,C0,1,cambridge.org,823,174,173,0,0,0,success,41.0,0
fara-7b,Cambridge_Dictionary--22,C0,1,cambridge.org,1172,222,221,0,0,0,hit_max_rounds,66.5,0
fara-7b,Cambridge_Dictionary--23,C0,1,cambridge.org,277,59,58,0,0,0,success,52.6,0
fara-7b,Cambridge_Dictionary--24,C0,1,cambridge.org,806,185,184,0,0,0,hit_max_rounds,58.1,0
fara-7b,Cambridge_Dictionary--25,C0,1,cambridge.org,996,193,192,0,0,0,hit_max_rounds,59.3,0
fara-7b,Cambridge_Dictionary--26,C0,1,cambridge.org,758,189,188,0,0,0,agent_error,96.4,0
fara-7b,Cambridge_Dictionary--27,C0,1,cambridge.org,872,167,166,0,0,0,hit_max_rounds,61.7,0
fara-7b,Cambridge_Dictionary--28,C0,1,cambridge.org,973,182,181,0,0,0,hit_max_rounds,57.9,0
fara-7b,Cambridge_Dictionary--29,C0,1,cambridge.org,1030,188,187,0,0,0,hit_max_rounds,62.8,0
fara-7b,Cambridge_Dictionary--3,C0,1,cambridge.org,791,177,176,0,0,0,success,43.2,0
fara-7b,Cambridge_Dictionary--30,C0,1,cambridge.org,901,177,176,0,0,0,hit_max_rounds,57.4,0
fara-7b,Cambridge_Dictionary--31,C0,1,cambridge.org,1100,205,204,0,0,0,hit_max_rounds,63.2,0
fara-7b,Cambridge_Dictionary--32,C0,1,cambridge.org,793,182,181,0,0,0,success,41.7,0
fara-7b,Cambridge_Dictionary--33,C0,1,cambridge.org,940,201,200,0,0,0,hit_max_rounds,60.1,0
fara-7b,Cambridge_Dictionary--34,C0,1,cambridge.org,841,176,175,0,0,0,hit_max_rounds,59.1,0
fara-7b,Cambridge_Dictionary--35,C0,1,cambridge.org,1033,183,182,0,0,0,hit_max_rounds,69.1,0
fara-7b,Cambridge_Dictionary--36,C0,1,cambridge.org,1131,204,203,0,0,0,hit_max_rounds,65.2,0
fara-7b,Cambridge_Dictionary--37,C0,1,cambridge.org,401,60,59,0,0,0,success,51.7,0
fara-7b,Cambridge_Dictionary--38,C0,1,cambridge.org,410,139,138,0,0,0,success,23.3,0
fara-7b,Cambridge_Dictionary--39,C0,1,cambridge.org,1119,214,213,0,0,0,hit_max_rounds,65.2,0
fara-7b,Cambridge_Dictionary--4,C0,1,cambridge.org,949,193,192,0,0,0,success,47.1,0
fara-7b,Cambridge_Dictionary--40,C0,1,cambridge.org,690,170,169,0,0,0,success,38.9,0
fara-7b,Cambridge_Dictionary--41,C0,1,cambridge.org,902,196,195,0,0,0,hit_max_rounds,62.5,0
fara-7b,Cambridge_Dictionary--42,C0,1,cambridge.org,516,168,167,0,0,0,success,38.5,0
fara-7b,Cambridge_Dictionary--5,C0,1,cambridge.org,998,205,204,0,0,0,hit_max_rounds,64.4,0
fara-7b,Cambridge_Dictionary--6,C0,1,cambridge.org,1004,202,201,0,0,0,success,40.1,0
fara-7b,Cambridge_Dictionary--7,C0,1,cambridge.org,960,193,192,0,0,0,hit_max_rounds,65.4,0
fara-7b,Cambridge_Dictionary--8,C0,1,cambridge.org,834,178,177,0,0,0,success,48.2,0
fara-7b,Cambridge_Dictionary--9,C0,1,cambridge.org,912,181,180,0,0,0,hit_max_rounds,64.6,0
fara-7b,Coursera--0,C0,1,coursera.org,611,39,37,0,0,0,success,41.9,0
fara-7b,Coursera--1,C0,1,coursera.org,562,39,37,0,0,0,success,28.5,0
fara-7b,Coursera--10,C0,1,coursera.org,715,39,37,0,0,0,success,44.4,0
fara-7b,Coursera--11,C0,1,coursera.org,844,40,38,0,0,0,hit_max_rounds,63.1,0
fara-7b,Coursera--12,C0,1,coursera.org,563,39,37,0,0,0,success,47.8,0
fara-7b,Coursera--13,C0,1,coursera.org,293,29,27,0,0,0,success,31.4,0
fara-7b,Coursera--14,C0,1,coursera.org,805,40,38,0,0,0,success,31.3,0
fara-7b,Coursera--15,C0,1,coursera.org,955,40,38,0,0,0,hit_max_rounds,62.3,0
fara-7b,Coursera--16,C0,1,coursera.org,1051,40,38,0,0,0,success,45.1,0
fara-7b,Coursera--17,C0,1,coursera.org,567,39,37,0,0,0,hit_max_rounds,59.3,0
fara-7b,Coursera--18,C0,1,coursera.org,625,39,37,0,0,0,success,48.6,0
fara-7b,Coursera--19,C0,1,coursera.org,807,39,37,0,0,0,success,30.3,0
fara-7b,Coursera--2,C0,1,coursera.org,857,39,37,0,0,0,success,46.2,0
fara-7b,Coursera--20,C0,1,coursera.org,728,39,37,0,0,0,hit_max_rounds,65.1,0
fara-7b,Coursera--21,C0,1,coursera.org,824,40,38,0,0,0,success,32.3,0
fara-7b,Coursera--22,C0,1,coursera.org,634,39,37,0,0,0,success,29.2,0
fara-7b,Coursera--23,C0,1,coursera.org,833,39,37,0,0,0,success,31.8,0
fara-7b,Coursera--24,C0,1,coursera.org,571,40,38,0,0,0,success,28.6,0
fara-7b,Coursera--25,C0,1,coursera.org,798,39,37,0,0,0,success,31.4,0
fara-7b,Coursera--26,C0,1,coursera.org,762,47,45,0,0,0,success,31.6,0
fara-7b,Coursera--27,C0,1,coursera.org,555,39,37,0,0,0,success,29.6,0
fara-7b,Coursera--28,C0,1,coursera.org,562,39,37,0,0,0,success,27.8,0
fara-7b,Coursera--29,C0,1,coursera.org,610,44,42,0,0,0,success,45.9,0
fara-7b,Coursera--3,C0,1,coursera.org,604,39,37,0,0,0,success,43.2,0
fara-7b,Coursera--30,C0,1,coursera.org,869,39,37,0,0,0,success,42.0,0
fara-7b,Coursera--31,C0,1,coursera.org,846,39,37,0,0,0,success,37.0,0
fara-7b,Coursera--32,C0,1,coursera.org,700,39,37,0,0,0,success,62.4,0
fara-7b,Coursera--33,C0,1,coursera.org,821,40,38,0,0,0,success,58.5,0
fara-7b,Coursera--34,C0,1,coursera.org,1006,39,37,0,0,0,success,40.0,0
fara-7b,Coursera--35,C0,1,coursera.org,830,39,37,0,0,0,success,43.2,0
fara-7b,Coursera--36,C0,1,coursera.org,892,51,49,0,0,0,success,48.2,0
fara-7b,Coursera--37,C0,1,coursera.org,527,39,37,0,0,0,success,34.8,0
fara-7b,Coursera--38,C0,1,coursera.org,1021,74,72,0,0,0,hit_max_rounds,68.6,0
fara-7b,Coursera--39,C0,1,coursera.org,643,39,37,0,0,0,hit_max_rounds,63.0,0
fara-7b,Coursera--4,C0,1,coursera.org,830,39,37,0,0,0,success,30.5,0
fara-7b,Coursera--40,C0,1,coursera.org,1141,68,66,0,0,0,hit_max_rounds,73.6,0
fara-7b,Coursera--41,C0,1,coursera.org,584,42,40,0,0,0,success,46.6,0
fara-7b,Coursera--5,C0,1,coursera.org,716,43,41,0,0,0,hit_max_rounds,60.9,0
fara-7b,Coursera--6,C0,1,coursera.org,974,40,38,0,0,0,hit_max_rounds,62.1,0
fara-7b,Coursera--7,C0,1,coursera.org,849,39,37,0,0,0,success,50.2,0
fara-7b,Coursera--8,C0,1,coursera.org,904,40,38,0,0,0,success,52.2,0
fara-7b,Coursera--9,C0,1,coursera.org,828,39,37,0,0,0,success,31.7,0
fara-7b,ESPN--0,C0,1,espn.com,645,87,76,0,0,0,success,51.9,0
fara-7b,ESPN--1,C0,1,espn.com,541,67,56,0,0,0,agent_error,78.8,0
fara-7b,ESPN--10,C0,1,espn.com,836,157,146,0,0,0,agent_error,61.3,0
fara-7b,ESPN--11,C0,1,espn.com,488,37,29,0,0,0,success,60.2,0
fara-7b,ESPN--12,C0,1,espn.com,829,154,144,0,0,0,success,60.7,0
fara-7b,ESPN--13,C0,1,espn.com,945,180,171,0,0,0,success,66.0,0
fara-7b,ESPN--14,C0,1,espn.com,515,29,21,0,0,0,hit_max_rounds,59.4,0
fara-7b,ESPN--15,C0,1,espn.com,572,70,59,0,0,0,agent_error,78.3,0
fara-7b,ESPN--16,C0,1,espn.com,741,60,52,0,0,0,hit_max_rounds,64.0,0
fara-7b,ESPN--17,C0,1,espn.com,416,41,32,0,0,0,agent_error,47.8,0
fara-7b,ESPN--18,C0,1,espn.com,732,141,131,0,0,0,hit_max_rounds,61.0,0
fara-7b,ESPN--19,C0,1,espn.com,348,43,35,0,0,0,success,30.3,0
fara-7b,ESPN--2,C0,1,espn.com,806,111,100,0,0,0,success,46.9,0
fara-7b,ESPN--20,C0,1,espn.com,775,93,82,0,0,0,hit_max_rounds,65.4,0
fara-7b,ESPN--21,C0,1,espn.com,747,101,90,0,0,0,success,40.2,0
fara-7b,ESPN--22,C0,1,espn.com,802,98,90,0,0,0,success,56.0,0
fara-7b,ESPN--23,C0,1,espn.com,332,32,24,0,0,0,success,23.9,0
fara-7b,ESPN--24,C0,1,espn.com,1196,133,120,0,0,0,hit_max_rounds,92.4,0
fara-7b,ESPN--25,C0,1,espn.com,493,46,38,0,0,0,success,29.0,0
fara-7b,ESPN--26,C0,1,espn.com,410,78,67,0,0,0,success,62.4,0
fara-7b,ESPN--27,C0,1,espn.com,645,123,114,0,0,0,hit_max_rounds,59.6,0
fara-7b,ESPN--28,C0,1,espn.com,308,30,22,0,0,0,success,19.3,0
fara-7b,ESPN--29,C0,1,espn.com,633,120,111,0,0,0,success,28.6,0
fara-7b,ESPN--3,C0,1,espn.com,640,89,78,0,0,0,success,33.2,0
fara-7b,ESPN--30,C0,1,espn.com,550,95,84,0,0,0,hit_max_rounds,106.5,0
fara-7b,ESPN--31,C0,1,espn.com,2277,333,325,0,0,0,hit_max_rounds,90.7,0
fara-7b,ESPN--32,C0,1,espn.com,677,92,79,0,0,0,success,45.0,0
fara-7b,ESPN--33,C0,1,espn.com,387,41,33,0,0,0,success,27.6,0
fara-7b,ESPN--34,C0,1,espn.com,701,120,110,0,0,0,hit_max_rounds,63.4,0
fara-7b,ESPN--35,C0,1,espn.com,806,122,111,0,0,0,hit_max_rounds,78.9,0
fara-7b,ESPN--36,C0,1,espn.com,482,47,39,0,0,0,success,41.4,0
fara-7b,ESPN--37,C0,1,espn.com,341,30,22,0,0,0,success,23.1,0
fara-7b,ESPN--38,C0,1,espn.com,629,101,90,0,0,0,hit_max_rounds,67.7,0
fara-7b,ESPN--39,C0,1,espn.com,920,110,99,0,0,0,success,64.9,0
fara-7b,ESPN--4,C0,1,espn.com,631,146,136,0,0,0,agent_error,75.5,0
fara-7b,ESPN--40,C0,1,espn.com,644,127,117,0,0,0,success,51.1,0
fara-7b,ESPN--41,C0,1,espn.com,611,106,95,0,0,0,success,28.2,0
fara-7b,ESPN--42,C0,1,espn.com,747,78,67,0,0,0,success,30.7,0
fara-7b,ESPN--43,C0,1,espn.com,762,167,157,0,0,0,hit_max_rounds,68.8,0
fara-7b,ESPN--5,C0,1,espn.com,1232,208,200,0,0,0,success,38.2,0
fara-7b,ESPN--6,C0,1,espn.com,333,32,24,0,0,0,success,24.4,0
fara-7b,ESPN--7,C0,1,espn.com,612,84,73,0,0,0,success,40.4,0
fara-7b,ESPN--8,C0,1,espn.com,1049,84,72,0,0,0,hit_max_rounds,72.3,0
fara-7b,ESPN--9,C0,1,espn.com,634,142,130,0,0,0,hit_max_rounds,60.3,0
fara-7b,GitHub--0,C0,1,github.com,207,5,2,0,0,0,success,23.6,0
fara-7b,GitHub--1,C0,1,github.com,305,6,3,0,0,0,success,50.1,0
fara-7b,GitHub--10,C0,1,github.com,262,9,6,0,0,0,hit_max_rounds,53.1,0
fara-7b,GitHub--11,C0,1,github.com,272,4,1,0,0,0,hit_max_rounds,58.7,0
fara-7b,GitHub--12,C0,1,github.com,326,6,3,0,0,0,success,36.6,0
fara-7b,GitHub--13,C0,1,github.com,324,7,4,0,0,0,success,43.0,0
fara-7b,GitHub--14,C0,1,github.com,580,12,9,0,0,0,hit_max_rounds,62.0,0
fara-7b,GitHub--15,C0,1,github.com,234,5,2,0,0,0,success,30.1,0
fara-7b,GitHub--16,C0,1,github.com,393,12,9,0,0,0,hit_max_rounds,55.1,0
fara-7b,GitHub--17,C0,1,github.com,232,4,1,0,0,0,hit_max_rounds,60.9,0
fara-7b,GitHub--18,C0,1,github.com,373,12,9,0,0,0,success,25.4,0
fara-7b,GitHub--19,C0,1,github.com,212,5,2,0,0,0,success,23.7,0
fara-7b,GitHub--2,C0,1,github.com,320,5,2,0,0,0,success,57.2,0
fara-7b,GitHub--20,C0,1,github.com,360,11,8,0,0,0,success,24.0,0
fara-7b,GitHub--21,C0,1,github.com,224,7,4,0,0,0,hit_max_rounds,56.5,0
fara-7b,GitHub--22,C0,1,github.com,307,6,3,0,0,0,success,38.7,0
fara-7b,GitHub--23,C0,1,github.com,471,9,6,0,0,0,hit_max_rounds,56.7,0
fara-7b,GitHub--24,C0,1,github.com,440,7,4,0,0,0,success,47.3,0
fara-7b,GitHub--25,C0,1,github.com,353,6,3,0,0,0,success,38.5,0
fara-7b,GitHub--26,C0,1,github.com,438,13,10,0,0,0,success,37.9,0
fara-7b,GitHub--27,C0,1,github.com,383,5,2,0,0,0,success,61.7,0
fara-7b,GitHub--28,C0,1,github.com,212,5,2,0,0,0,success,24.8,0
fara-7b,GitHub--29,C0,1,github.com,178,5,2,0,0,0,success,33.3,0
fara-7b,GitHub--3,C0,1,github.com,178,5,2,0,0,0,success,28.2,0
fara-7b,GitHub--30,C0,1,github.com,436,8,5,0,0,0,hit_max_rounds,60.2,0
fara-7b,GitHub--31,C0,1,github.com,450,13,10,0,0,0,success,38.4,0
fara-7b,GitHub--32,C0,1,github.com,320,6,3,0,0,0,success,45.9,0
fara-7b,GitHub--33,C0,1,github.com,427,12,9,0,0,0,success,25.8,0
fara-7b,GitHub--34,C0,1,github.com,239,5,2,0,0,0,success,38.1,0
fara-7b,GitHub--35,C0,1,github.com,442,10,7,0,0,0,success,43.9,0
fara-7b,GitHub--36,C0,1,github.com,318,5,2,0,0,0,success,51.6,0
fara-7b,GitHub--37,C0,1,github.com,278,8,5,0,0,0,success,50.4,0
fara-7b,GitHub--38,C0,1,github.com,359,12,9,0,0,0,success,25.4,0
fara-7b,GitHub--39,C0,1,github.com,391,6,3,0,0,0,success,53.7,0
fara-7b,GitHub--4,C0,1,github.com,347,6,3,0,0,0,success,41.7,0
fara-7b,GitHub--40,C0,1,github.com,190,5,2,0,0,0,success,30.2,0
fara-7b,GitHub--5,C0,1,github.com,349,7,4,0,0,0,success,53.3,0
fara-7b,GitHub--6,C0,1,github.com,332,6,3,0,0,0,success,45.9,0
fara-7b,GitHub--7,C0,1,github.com,383,5,2,0,0,0,success,44.0,0
fara-7b,GitHub--8,C0,1,github.com,328,11,8,0,0,0,success,21.9,0
fara-7b,GitHub--9,C0,1,github.com,223,5,2,0,0,0,success,23.9,0
fara-7b,Google_Flights--0,C0,1,google.com,122,11,8,0,0,0,hit_max_rounds,61.9,0
fara-7b,Google_Flights--1,C0,1,google.com,105,11,8,0,0,0,hit_max_rounds,61.7,0
fara-7b,Google_Flights--10,C0,1,google.com,100,11,8,0,0,0,hit_max_rounds,62.0,0
fara-7b,Google_Flights--11,C0,1,google.com,103,11,8,0,0,0,hit_max_rounds,68.1,0
fara-7b,Google_Flights--12,C0,1,google.com,102,11,8,0,0,0,hit_max_rounds,62.5,0
fara-7b,Google_Flights--13,C0,1,google.com,100,11,8,0,0,0,hit_max_rounds,61.1,0
fara-7b,Google_Flights--14,C0,1,google.com,94,11,8,0,0,0,hit_max_rounds,62.5,0
fara-7b,Google_Flights--15,C0,1,google.com,100,11,8,0,0,0,hit_max_rounds,62.3,0
fara-7b,Google_Flights--16,C0,1,google.com,117,11,8,0,0,0,hit_max_rounds,62.8,0
fara-7b,Google_Flights--17,C0,1,google.com,100,11,8,0,0,0,hit_max_rounds,61.7,0
fara-7b,Google_Flights--18,C0,1,google.com,101,11,8,0,0,0,hit_max_rounds,63.0,0
fara-7b,Google_Flights--19,C0,1,google.com,105,11,8,0,0,0,hit_max_rounds,62.4,0
fara-7b,Google_Flights--2,C0,1,google.com,91,11,8,0,0,0,hit_max_rounds,62.6,0
fara-7b,Google_Flights--20,C0,1,google.com,106,11,8,0,0,0,hit_max_rounds,62.4,0
fara-7b,Google_Flights--21,C0,1,google.com,108,11,8,0,0,0,hit_max_rounds,61.6,0
fara-7b,Google_Flights--22,C0,1,google.com,134,11,8,0,0,0,hit_max_rounds,63.0,0
fara-7b,Google_Flights--23,C0,1,google.com,366,18,15,0,0,0,hit_max_rounds,66.6,0
fara-7b,Google_Flights--24,C0,1,google.com,188,12,9,0,0,0,hit_max_rounds,67.8,0
fara-7b,Google_Flights--25,C0,1,google.com,127,11,8,0,0,0,hit_max_rounds,61.5,0
fara-7b,Google_Flights--26,C0,1,google.com,102,11,8,0,0,0,hit_max_rounds,62.2,0
fara-7b,Google_Flights--27,C0,1,google.com,122,11,8,0,0,0,hit_max_rounds,61.5,0
fara-7b,Google_Flights--28,C0,1,google.com,97,11,8,0,0,0,hit_max_rounds,61.9,0
fara-7b,Google_Flights--29,C0,1,google.com,111,11,8,0,0,0,hit_max_rounds,62.2,0
fara-7b,Google_Flights--3,C0,1,google.com,115,11,8,0,0,0,hit_max_rounds,61.8,0
fara-7b,Google_Flights--30,C0,1,google.com,106,11,8,0,0,0,hit_max_rounds,61.9,0
fara-7b,Google_Flights--31,C0,1,google.com,118,11,8,0,0,0,hit_max_rounds,61.5,0
fara-7b,Google_Flights--32,C0,1,google.com,124,11,8,0,0,0,hit_max_rounds,61.7,0
fara-7b,Google_Flights--33,C0,1,google.com,121,11,8,0,0,0,hit_max_rounds,61.7,0
fara-7b,Google_Flights--34,C0,1,google.com,94,11,8,0,0,0,hit_max_rounds,62.2,0
fara-7b,Google_Flights--35,C0,1,google.com,103,11,8,0,0,0,hit_max_rounds,62.2,0
fara-7b,Google_Flights--36,C0,1,google.com,102,11,8,0,0,0,hit_max_rounds,61.8,0
fara-7b,Google_Flights--37,C0,1,google.com,105,11,8,0,0,0,hit_max_rounds,63.8,0
fara-7b,Google_Flights--38,C0,1,google.com,53,11,8,0,0,0,agent_error,10.7,0
fara-7b,Google_Flights--39,C0,1,google.com,110,11,8,0,0,0,hit_max_rounds,61.1,0
fara-7b,Google_Flights--4,C0,1,google.com,106,11,8,0,0,0,hit_max_rounds,61.3,0
fara-7b,Google_Flights--40,C0,1,google.com,281,12,9,0,0,0,hit_max_rounds,64.2,0
fara-7b,Google_Flights--41,C0,1,google.com,145,11,8,0,0,0,hit_max_rounds,63.5,0
fara-7b,Google_Flights--5,C0,1,google.com,95,11,8,0,0,0,hit_max_rounds,61.5,0
fara-7b,Google_Flights--6,C0,1,google.com,103,11,8,0,0,0,hit_max_rounds,61.7,0
fara-7b,Google_Flights--7,C0,1,google.com,101,11,8,0,0,0,hit_max_rounds,61.9,0
fara-7b,Google_Flights--8,C0,1,google.com,100,11,8,0,0,0,hit_max_rounds,61.6,0
fara-7b,Google_Flights--9,C0,1,google.com,108,11,8,0,0,0,hit_max_rounds,62.2,0
fara-7b,Google_Map--0,C0,1,google.com,613,17,10,0,0,0,success,33.7,0
fara-7b,Google_Map--1,C0,1,google.com,637,14,9,0,0,0,success,39.1,0
fara-7b,Google_Map--10,C0,1,google.com,320,13,8,0,0,0,success,33.2,0
fara-7b,Google_Map--11,C0,1,google.com,1565,113,109,0,0,0,hit_max_rounds,75.1,0
fara-7b,Google_Map--12,C0,1,google.com,385,13,8,0,0,0,success,28.2,0
fara-7b,Google_Map--13,C0,1,google.com,728,14,9,0,0,0,hit_max_rounds,62.1,0
fara-7b,Google_Map--14,C0,1,google.com,603,14,9,0,0,0,success,27.3,0
fara-7b,Google_Map--15,C0,1,google.com,850,19,14,0,0,0,success,52.5,0
fara-7b,Google_Map--16,C0,1,google.com,958,16,11,0,0,0,hit_max_rounds,63.9,0
fara-7b,Google_Map--17,C0,1,google.com,722,17,12,0,0,0,hit_max_rounds,59.4,0
fara-7b,Google_Map--18,C0,1,google.com,422,13,8,0,0,0,success,41.2,0
fara-7b,Google_Map--19,C0,1,google.com,786,15,9,0,0,0,hit_max_rounds,61.0,0
fara-7b,Google_Map--2,C0,1,google.com,584,12,7,0,0,0,success,26.2,0
fara-7b,Google_Map--20,C0,1,google.com,695,17,12,0,0,0,success,33.6,0
fara-7b,Google_Map--21,C0,1,google.com,549,16,9,0,0,0,success,25.7,0
fara-7b,Google_Map--22,C0,1,google.com,414,16,9,0,0,0,success,26.5,0
fara-7b,Google_Map--23,C0,1,google.com,877,71,65,0,0,0,hit_max_rounds,77.8,0
fara-7b,Google_Map--24,C0,1,google.com,445,15,8,0,0,0,success,26.0,0
fara-7b,Google_Map--25,C0,1,google.com,531,12,7,0,0,0,success,47.4,0
fara-7b,Google_Map--26,C0,1,google.com,767,15,10,0,0,0,success,44.0,0
fara-7b,Google_Map--27,C0,1,google.com,264,12,7,0,0,0,success,23.6,0
fara-7b,Google_Map--28,C0,1,google.com,543,20,14,0,0,0,success,98.4,0
fara-7b,Google_Map--29,C0,1,google.com,424,12,7,0,0,0,success,28.0,0
fara-7b,Google_Map--3,C0,1,google.com,919,15,9,0,0,0,hit_max_rounds,61.5,0
fara-7b,Google_Map--30,C0,1,google.com,552,13,8,0,0,0,success,36.7,0
fara-7b,Google_Map--31,C0,1,google.com,568,17,12,0,0,0,success,39.7,0
fara-7b,Google_Map--32,C0,1,google.com,606,12,7,0,0,0,success,33.7,0
fara-7b,Google_Map--33,C0,1,google.com,500,15,10,0,0,0,hit_max_rounds,55.5,0
fara-7b,Google_Map--34,C0,1,google.com,608,15,8,0,0,0,success,26.9,0
fara-7b,Google_Map--35,C0,1,google.com,715,24,19,0,0,0,success,55.8,0
fara-7b,Google_Map--36,C0,1,google.com,464,13,8,0,0,0,success,30.3,0
fara-7b,Google_Map--37,C0,1,google.com,693,13,8,0,0,0,hit_max_rounds,62.8,0
fara-7b,Google_Map--38,C0,1,google.com,484,12,7,0,0,0,success,22.9,0
fara-7b,Google_Map--39,C0,1,google.com,496,13,8,0,0,0,success,48.0,0
fara-7b,Google_Map--4,C0,1,google.com,335,24,21,0,0,0,success,32.6,0
fara-7b,Google_Map--40,C0,1,google.com,645,20,15,0,0,0,hit_max_rounds,68.3,0
fara-7b,Google_Map--5,C0,1,google.com,619,27,22,0,0,0,success,39.6,0
fara-7b,Google_Map--6,C0,1,google.com,449,12,7,0,0,0,success,29.0,0
fara-7b,Google_Map--7,C0,1,google.com,649,15,10,0,0,0,hit_max_rounds,57.7,0
fara-7b,Google_Map--8,C0,1,google.com,495,12,7,0,0,0,success,30.4,0
fara-7b,Google_Map--9,C0,1,google.com,1116,16,10,0,0,0,hit_max_rounds,65.1,0
fara-7b,Google_Search--0,C0,1,google.com,250,12,9,0,0,0,success,22.6,0
fara-7b,Google_Search--1,C0,1,google.com,344,16,13,0,0,0,hit_max_rounds,60.9,0
fara-7b,Google_Search--10,C0,1,google.com,3010,384,379,0,0,0,hit_max_rounds,75.1,0
fara-7b,Google_Search--11,C0,1,google.com,589,26,22,0,0,0,hit_max_rounds,62.7,0
fara-7b,Google_Search--12,C0,1,google.com,937,217,213,0,0,0,success,26.1,0
fara-7b,Google_Search--13,C0,1,google.com,260,12,9,0,0,0,success,22.5,0
fara-7b,Google_Search--14,C0,1,google.com,252,13,10,0,0,0,success,27.6,0
fara-7b,Google_Search--15,C0,1,google.com,434,18,14,0,0,0,hit_max_rounds,59.4,0
fara-7b,Google_Search--16,C0,1,google.com,358,36,32,0,0,0,success,43.0,0
fara-7b,Google_Search--17,C0,1,google.com,356,19,16,0,0,0,hit_max_rounds,56.4,0
fara-7b,Google_Search--18,C0,1,google.com,251,13,10,0,0,0,success,26.7,0
fara-7b,Google_Search--19,C0,1,google.com,437,17,14,0,0,0,hit_max_rounds,59.3,0
fara-7b,Google_Search--2,C0,1,google.com,333,12,9,0,0,0,success,23.9,0
fara-7b,Google_Search--20,C0,1,google.com,288,13,10,0,0,0,success,27.0,0
fara-7b,Google_Search--21,C0,1,google.com,242,12,9,0,0,0,success,23.9,0
fara-7b,Google_Search--22,C0,1,google.com,410,22,18,0,0,0,success,42.7,0
fara-7b,Google_Search--23,C0,1,google.com,353,14,11,0,0,0,success,32.9,0
fara-7b,Google_Search--24,C0,1,google.com,279,12,9,0,0,0,success,23.2,0
fara-7b,Google_Search--25,C0,1,google.com,295,17,14,0,0,0,success,37.2,0
fara-7b,Google_Search--26,C0,1,google.com,430,10,7,0,0,0,hit_max_rounds,57.8,0
fara-7b,Google_Search--27,C0,1,google.com,343,21,17,0,0,0,success,25.7,0
fara-7b,Google_Search--28,C0,1,google.com,468,27,24,0,0,0,success,40.3,0
fara-7b,Google_Search--29,C0,1,google.com,239,12,9,0,0,0,success,22.7,0
fara-7b,Google_Search--3,C0,1,google.com,439,28,25,0,0,0,success,40.9,0
fara-7b,Google_Search--30,C0,1,google.com,221,12,9,0,0,0,success,24.6,0
fara-7b,Google_Search--31,C0,1,google.com,258,12,9,0,0,0,success,22.5,0
fara-7b,Google_Search--32,C0,1,google.com,252,13,10,0,0,0,success,26.1,0
fara-7b,Google_Search--33,C0,1,google.com,698,32,27,0,0,0,hit_max_rounds,62.8,0
fara-7b,Google_Search--34,C0,1,google.com,0,0,0,0,0,0,unknown,,
fara-7b,Google_Search--35,C0,1,google.com,426,20,17,0,0,0,hit_max_rounds,58.4,0
fara-7b,Google_Search--36,C0,1,google.com,362,25,21,0,0,0,success,33.2,0
fara-7b,Google_Search--37,C0,1,google.com,258,12,9,0,0,0,success,32.9,0
fara-7b,Google_Search--38,C0,1,google.com,372,13,10,0,0,0,success,42.8,0
fara-7b,Google_Search--39,C0,1,google.com,247,12,9,0,0,0,success,22.9,0
fara-7b,Google_Search--4,C0,1,google.com,606,31,27,0,0,0,hit_max_rounds,68.3,0
fara-7b,Google_Search--40,C0,1,google.com,297,13,10,0,0,0,success,26.8,0
fara-7b,Google_Search--41,C0,1,google.com,254,13,10,0,0,0,success,27.1,0
fara-7b,Google_Search--42,C0,1,google.com,726,150,147,0,0,0,success,36.9,0
fara-7b,Google_Search--5,C0,1,google.com,299,12,9,0,0,0,success,24.8,0
fara-7b,Google_Search--6,C0,1,google.com,387,58,54,0,0,0,success,29.1,0
fara-7b,Google_Search--7,C0,1,google.com,282,12,9,0,0,0,success,22.7,0
fara-7b,Google_Search--8,C0,1,google.com,669,35,31,0,0,0,success,59.2,0
fara-7b,Google_Search--9,C0,1,google.com,248,20,17,0,0,0,hit_max_rounds,62.0,0
fara-7b,Huggingface--0,C0,1,huggingface.co,383,11,9,0,0,0,success,50.7,0
fara-7b,Huggingface--1,C0,1,huggingface.co,181,12,10,0,0,0,hit_max_rounds,55.1,0
fara-7b,Huggingface--10,C0,1,huggingface.co,438,17,15,0,0,0,agent_error,55.4,0
fara-7b,Huggingface--11,C0,1,huggingface.co,233,11,9,0,0,0,hit_max_rounds,57.4,0
fara-7b,Huggingface--12,C0,1,huggingface.co,212,10,8,0,0,0,success,24.3,0
fara-7b,Huggingface--13,C0,1,huggingface.co,386,23,21,0,0,0,hit_max_rounds,59.5,0
fara-7b,Huggingface--14,C0,1,huggingface.co,129,10,8,0,0,0,success,23.8,0
fara-7b,Huggingface--15,C0,1,huggingface.co,201,10,8,0,0,0,success,48.1,0
fara-7b,Huggingface--16,C0,1,huggingface.co,425,13,11,0,0,0,hit_max_rounds,58.0,0
fara-7b,Huggingface--17,C0,1,huggingface.co,361,12,10,0,0,0,success,24.4,0
fara-7b,Huggingface--18,C0,1,huggingface.co,721,19,17,0,0,0,hit_max_rounds,59.6,0
fara-7b,Huggingface--19,C0,1,huggingface.co,383,11,9,0,0,0,success,50.3,0
fara-7b,Huggingface--2,C0,1,huggingface.co,216,11,9,0,0,0,hit_max_rounds,57.9,0
fara-7b,Huggingface--20,C0,1,huggingface.co,453,11,9,0,0,0,hit_max_rounds,58.6,0
fara-7b,Huggingface--21,C0,1,huggingface.co,336,16,14,0,0,0,success,57.6,0
fara-7b,Huggingface--22,C0,1,huggingface.co,508,15,13,0,0,0,hit_max_rounds,57.2,0
fara-7b,Huggingface--23,C0,1,huggingface.co,313,17,15,0,0,0,hit_max_rounds,60.5,0
fara-7b,Huggingface--24,C0,1,huggingface.co,226,11,9,0,0,0,success,42.0,0
fara-7b,Huggingface--25,C0,1,huggingface.co,501,18,16,0,0,0,hit_max_rounds,57.0,0
fara-7b,Huggingface--26,C0,1,huggingface.co,382,11,9,0,0,0,success,31.4,0
fara-7b,Huggingface--27,C0,1,huggingface.co,187,10,8,0,0,0,success,23.9,0
fara-7b,Huggingface--28,C0,1,huggingface.co,398,16,14,0,0,0,hit_max_rounds,57.9,0
fara-7b,Huggingface--29,C0,1,huggingface.co,356,14,12,0,0,0,success,38.1,0
fara-7b,Huggingface--3,C0,1,huggingface.co,210,10,8,0,0,0,success,46.1,0
fara-7b,Huggingface--30,C0,1,huggingface.co,361,10,8,0,0,0,hit_max_rounds,55.6,0
fara-7b,Huggingface--31,C0,1,huggingface.co,246,11,9,0,0,0,success,24.7,0
fara-7b,Huggingface--32,C0,1,huggingface.co,339,10,8,0,0,0,hit_max_rounds,54.1,0
fara-7b,Huggingface--33,C0,1,huggingface.co,565,23,21,0,0,0,hit_max_rounds,61.5,0
fara-7b,Huggingface--34,C0,1,huggingface.co,553,16,14,0,0,0,hit_max_rounds,59.4,0
fara-7b,Huggingface--35,C0,1,huggingface.co,367,19,17,0,0,0,success,32.2,0
fara-7b,Huggingface--36,C0,1,huggingface.co,380,18,16,0,0,0,hit_max_rounds,57.3,0
fara-7b,Huggingface--37,C0,1,huggingface.co,396,10,8,0,0,0,hit_max_rounds,60.4,0
fara-7b,Huggingface--38,C0,1,huggingface.co,330,17,15,0,0,0,success,46.7,0
fara-7b,Huggingface--39,C0,1,huggingface.co,360,20,18,0,0,0,success,61.3,0
fara-7b,Huggingface--4,C0,1,huggingface.co,225,11,9,0,0,0,hit_max_rounds,57.0,0
fara-7b,Huggingface--40,C0,1,huggingface.co,248,15,11,0,0,0,agent_error,23.6,0
fara-7b,Huggingface--41,C0,1,huggingface.co,399,11,9,0,0,0,success,51.0,0
fara-7b,Huggingface--42,C0,1,huggingface.co,345,10,8,0,0,0,success,38.7,0
fara-7b,Huggingface--5,C0,1,huggingface.co,396,11,9,0,0,0,success,32.0,0
fara-7b,Huggingface--6,C0,1,huggingface.co,607,19,17,0,0,0,agent_error,49.5,0
fara-7b,Huggingface--7,C0,1,huggingface.co,187,10,8,0,0,0,success,23.7,0
fara-7b,Huggingface--8,C0,1,huggingface.co,1986,286,284,0,0,0,success,44.0,0
fara-7b,Huggingface--9,C0,1,huggingface.co,390,11,9,0,0,0,hit_max_rounds,56.6,0
fara-7b,Wolfram_Alpha--0,C0,1,wolframalpha.com,74,3,1,0,0,0,success,26.0,0
fara-7b,Wolfram_Alpha--1,C0,1,wolframalpha.com,139,4,2,0,0,0,success,43.9,0
fara-7b,Wolfram_Alpha--10,C0,1,wolframalpha.com,93,4,2,0,0,0,success,23.7,0
fara-7b,Wolfram_Alpha--11,C0,1,wolframalpha.com,148,4,2,0,0,0,success,29.9,0
fara-7b,Wolfram_Alpha--12,C0,1,wolframalpha.com,1384,219,217,0,0,0,hit_max_rounds,95.5,0
fara-7b,Wolfram_Alpha--13,C0,1,wolframalpha.com,120,4,2,0,0,0,success,24.4,0
fara-7b,Wolfram_Alpha--14,C0,1,wolframalpha.com,149,4,2,0,0,0,hit_max_rounds,56.7,0
fara-7b,Wolfram_Alpha--15,C0,1,wolframalpha.com,161,4,2,0,0,0,success,23.7,0
fara-7b,Wolfram_Alpha--16,C0,1,wolframalpha.com,187,4,2,0,0,0,success,29.6,0
fara-7b,Wolfram_Alpha--17,C0,1,wolframalpha.com,242,4,2,0,0,0,hit_max_rounds,54.6,0
fara-7b,Wolfram_Alpha--18,C0,1,wolframalpha.com,95,4,2,0,0,0,success,29.0,0
fara-7b,Wolfram_Alpha--19,C0,1,wolframalpha.com,767,69,67,0,0,0,hit_max_rounds,68.4,0
fara-7b,Wolfram_Alpha--2,C0,1,wolframalpha.com,52,3,1,0,0,0,success,22.7,0
fara-7b,Wolfram_Alpha--20,C0,1,wolframalpha.com,77,3,1,0,0,0,success,23.4,0
fara-7b,Wolfram_Alpha--21,C0,1,wolframalpha.com,73,3,1,0,0,0,success,24.0,0
fara-7b,Wolfram_Alpha--22,C0,1,wolframalpha.com,96,4,2,0,0,0,success,23.7,0
fara-7b,Wolfram_Alpha--23,C0,1,wolframalpha.com,106,4,2,0,0,0,success,17.1,0
fara-7b,Wolfram_Alpha--24,C0,1,wolframalpha.com,74,3,1,0,0,0,success,22.9,0
fara-7b,Wolfram_Alpha--25,C0,1,wolframalpha.com,262,3,1,0,0,0,hit_max_rounds,56.5,0
fara-7b,Wolfram_Alpha--26,C0,1,wolframalpha.com,145,3,1,0,0,0,hit_max_rounds,52.2,0
fara-7b,Wolfram_Alpha--27,C0,1,wolframalpha.com,188,4,2,0,0,0,hit_max_rounds,54.3,0
fara-7b,Wolfram_Alpha--28,C0,1,wolframalpha.com,230,11,9,0,0,0,success,35.7,0
fara-7b,Wolfram_Alpha--29,C0,1,wolframalpha.com,64,4,2,0,0,0,success,17.1,0
fara-7b,Wolfram_Alpha--3,C0,1,wolframalpha.com,69,3,1,0,0,0,success,23.9,0
fara-7b,Wolfram_Alpha--30,C0,1,wolframalpha.com,146,4,2,0,0,0,success,41.8,0
fara-7b,Wolfram_Alpha--31,C0,1,wolframalpha.com,102,4,2,0,0,0,success,23.3,0
fara-7b,Wolfram_Alpha--32,C0,1,wolframalpha.com,97,4,2,0,0,0,success,25.4,0
fara-7b,Wolfram_Alpha--33,C0,1,wolframalpha.com,91,4,2,0,0,0,success,24.3,0
fara-7b,Wolfram_Alpha--34,C0,1,wolframalpha.com,127,4,2,0,0,0,success,23.3,0
fara-7b,Wolfram_Alpha--35,C0,1,wolframalpha.com,70,3,1,0,0,0,success,22.5,0
fara-7b,Wolfram_Alpha--36,C0,1,wolframalpha.com,30,2,0,0,0,0,agent_error,7.2,0
fara-7b,Wolfram_Alpha--37,C0,1,wolframalpha.com,125,4,2,0,0,0,success,24.5,0
fara-7b,Wolfram_Alpha--38,C0,1,wolframalpha.com,102,3,1,0,0,0,success,23.5,0
fara-7b,Wolfram_Alpha--39,C0,1,wolframalpha.com,144,4,2,0,0,0,success,34.7,0
fara-7b,Wolfram_Alpha--4,C0,1,wolframalpha.com,153,4,2,0,0,0,hit_max_rounds,55.1,0
fara-7b,Wolfram_Alpha--40,C0,1,wolframalpha.com,139,4,2,0,0,0,success,22.8,0
fara-7b,Wolfram_Alpha--41,C0,1,wolframalpha.com,135,4,2,0,0,0,success,22.5,0
fara-7b,Wolfram_Alpha--42,C0,1,wolframalpha.com,151,4,2,0,0,0,success,24.0,0
fara-7b,Wolfram_Alpha--43,C0,1,wolframalpha.com,116,4,2,0,0,0,success,37.4,0
fara-7b,Wolfram_Alpha--44,C0,1,wolframalpha.com,69,3,1,0,0,0,success,24.7,0
fara-7b,Wolfram_Alpha--45,C0,1,wolframalpha.com,206,4,2,0,0,0,success,43.4,0
fara-7b,Wolfram_Alpha--5,C0,1,wolframalpha.com,75,3,1,0,0,0,success,30.5,0
fara-7b,Wolfram_Alpha--6,C0,1,wolframalpha.com,104,4,2,0,0,0,success,23.4,0
fara-7b,Wolfram_Alpha--7,C0,1,wolframalpha.com,556,10,8,0,0,0,hit_max_rounds,61.8,0
fara-7b,Wolfram_Alpha--8,C0,1,wolframalpha.com,195,4,2,0,0,0,success,42.1,0
fara-7b,Wolfram_Alpha--9,C0,1,wolframalpha.com,104,4,2,0,0,0,success,23.9,0
fara-7b,Allrecipes--0,C2,1,allrecipes.com,1164,152,149,0,48,0,hit_max_rounds,70.2,0
fara-7b,Allrecipes--1,C2,1,allrecipes.com,589,108,105,0,20,0,success,31.4,0
fara-7b,Allrecipes--10,C2,1,allrecipes.com,120,41,39,0,10,0,hit_max_rounds,49.3,0
fara-7b,Allrecipes--11,C2,1,allrecipes.com,1079,145,141,0,42,0,success,61.0,0
fara-7b,Allrecipes--12,C2,1,allrecipes.com,1350,157,154,0,57,0,hit_max_rounds,58.5,0
fara-7b,Allrecipes--13,C2,1,allrecipes.com,757,122,119,0,20,0,success,54.4,0
fara-7b,Allrecipes--14,C2,1,allrecipes.com,779,127,124,0,27,0,success,36.2,0
fara-7b,Allrecipes--15,C2,1,allrecipes.com,806,125,122,0,22,0,success,64.5,0
fara-7b,Allrecipes--16,C2,1,allrecipes.com,848,141,138,0,36,0,success,54.3,0
fara-7b,Allrecipes--17,C2,1,allrecipes.com,762,122,119,0,21,0,success,54.2,0
fara-7b,Allrecipes--18,C2,1,allrecipes.com,757,127,124,0,26,0,success,58.1,0
fara-7b,Allrecipes--19,C2,1,allrecipes.com,776,128,125,0,23,0,success,62.0,0
fara-7b,Allrecipes--2,C2,1,allrecipes.com,826,135,132,0,28,0,hit_max_rounds,56.6,0
fara-7b,Allrecipes--20,C2,1,allrecipes.com,758,122,119,0,20,0,hit_max_rounds,56.1,0
fara-7b,Allrecipes--21,C2,1,allrecipes.com,744,127,124,0,25,0,success,51.9,0
fara-7b,Allrecipes--22,C2,1,allrecipes.com,728,121,118,0,19,0,success,55.2,0
fara-7b,Allrecipes--23,C2,1,allrecipes.com,734,120,117,0,20,0,success,43.6,0
fara-7b,Allrecipes--24,C2,1,allrecipes.com,702,117,114,0,20,0,success,35.6,0
fara-7b,Allrecipes--25,C2,1,allrecipes.com,825,131,128,0,24,0,success,59.0,0
fara-7b,Allrecipes--26,C2,1,allrecipes.com,785,121,118,0,23,0,hit_max_rounds,58.6,0
fara-7b,Allrecipes--27,C2,1,allrecipes.com,780,130,127,0,24,0,success,49.6,0
fara-7b,Allrecipes--28,C2,1,allrecipes.com,786,124,121,0,30,0,agent_error,34.0,0
fara-7b,Allrecipes--29,C2,1,allrecipes.com,640,113,110,0,24,0,hit_max_rounds,58.5,0
fara-7b,Allrecipes--3,C2,1,allrecipes.com,775,129,126,0,28,0,success,45.0,0
fara-7b,Allrecipes--30,C2,1,allrecipes.com,1555,147,144,0,72,0,hit_max_rounds,59.4,0
fara-7b,Allrecipes--31,C2,1,allrecipes.com,1522,143,140,0,45,0,unknown,,-9
fara-7b,Allrecipes--32,C2,1,allrecipes.com,694,122,119,0,22,0,success,46.4,0
fara-7b,Allrecipes--33,C2,1,allrecipes.com,822,134,131,0,22,0,success,58.6,0
fara-7b,Allrecipes--34,C2,1,allrecipes.com,629,116,113,0,21,0,success,24.5,0
fara-7b,Allrecipes--35,C2,1,allrecipes.com,789,139,136,0,28,0,success,44.2,0
fara-7b,Allrecipes--36,C2,1,allrecipes.com,957,132,129,0,33,0,success,58.6,0
fara-7b,Allrecipes--37,C2,1,allrecipes.com,860,142,139,0,30,0,success,47.9,0
fara-7b,Allrecipes--38,C2,1,allrecipes.com,593,112,109,0,18,0,success,31.2,0
fara-7b,Allrecipes--39,C2,1,allrecipes.com,887,137,134,0,30,0,hit_max_rounds,55.0,0
fara-7b,Allrecipes--4,C2,1,allrecipes.com,873,139,136,0,29,0,hit_max_rounds,56.5,0
fara-7b,Allrecipes--40,C2,1,allrecipes.com,211,66,63,0,7,0,hit_max_rounds,52.2,0
fara-7b,Allrecipes--41,C2,1,allrecipes.com,394,99,96,0,13,0,success,37.1,0
fara-7b,Allrecipes--42,C2,1,allrecipes.com,659,119,116,0,22,0,success,28.6,0
fara-7b,Allrecipes--43,C2,1,allrecipes.com,1012,129,126,0,38,0,hit_max_rounds,56.7,0
fara-7b,Allrecipes--44,C2,1,allrecipes.com,371,105,102,0,14,0,success,23.6,0
fara-7b,Allrecipes--5,C2,1,allrecipes.com,1073,137,134,0,43,0,success,54.8,0
fara-7b,Allrecipes--6,C2,1,allrecipes.com,664,127,124,0,22,0,success,51.6,0
fara-7b,Allrecipes--7,C2,1,allrecipes.com,853,129,126,0,22,0,hit_max_rounds,58.7,0
fara-7b,Allrecipes--8,C2,1,allrecipes.com,634,122,119,0,18,0,success,25.3,0
fara-7b,Allrecipes--9,C2,1,allrecipes.com,149,57,55,0,3,0,agent_error,38.4,0
fara-7b,Amazon--0,C2,1,amazon.com,347,7,4,0,2,0,hit_max_rounds,49.0,0
fara-7b,Amazon--1,C2,1,amazon.com,642,10,5,0,2,0,hit_max_rounds,57.3,0
fara-7b,Amazon--10,C2,1,amazon.com,722,9,4,0,5,0,hit_max_rounds,63.5,0
fara-7b,Amazon--11,C2,1,amazon.com,746,13,8,0,4,0,hit_max_rounds,63.7,0
fara-7b,Amazon--12,C2,1,amazon.com,807,12,7,0,4,0,hit_max_rounds,57.7,0
fara-7b,Amazon--13,C2,1,amazon.com,885,11,6,0,2,0,hit_max_rounds,62.8,0
fara-7b,Amazon--14,C2,1,amazon.com,925,12,6,0,4,0,hit_max_rounds,62.7,0
fara-7b,Amazon--15,C2,1,amazon.com,1019,9,4,0,4,0,success,57.0,0
fara-7b,Amazon--16,C2,1,amazon.com,842,10,5,0,4,0,hit_max_rounds,58.8,0
fara-7b,Amazon--17,C2,1,amazon.com,342,7,4,0,2,0,hit_max_rounds,49.2,0
fara-7b,Amazon--18,C2,1,amazon.com,598,8,4,0,2,0,success,37.2,0
fara-7b,Amazon--19,C2,1,amazon.com,806,8,4,0,3,0,hit_max_rounds,60.7,0
fara-7b,Amazon--2,C2,1,amazon.com,341,7,4,0,3,0,hit_max_rounds,48.6,0
fara-7b,Amazon--20,C2,1,amazon.com,339,7,4,0,3,0,hit_max_rounds,49.6,0
fara-7b,Amazon--21,C2,1,amazon.com,715,11,6,0,2,0,hit_max_rounds,60.0,0
fara-7b,Amazon--22,C2,1,amazon.com,751,11,6,0,2,0,hit_max_rounds,60.9,0
fara-7b,Amazon--23,C2,1,amazon.com,277,5,3,0,0,0,agent_error,6.1,0
fara-7b,Amazon--24,C2,1,amazon.com,856,12,7,0,3,0,success,37.9,0
fara-7b,Amazon--25,C2,1,amazon.com,675,12,6,0,2,0,hit_max_rounds,56.9,0
fara-7b,Amazon--26,C2,1,amazon.com,861,10,4,0,4,0,success,35.8,0
fara-7b,Amazon--27,C2,1,amazon.com,843,10,5,0,3,0,success,45.1,0
fara-7b,Amazon--28,C2,1,amazon.com,285,5,3,0,0,0,agent_error,5.9,0
fara-7b,Amazon--29,C2,1,amazon.com,816,11,5,0,4,0,success,31.1,0
fara-7b,Amazon--3,C2,1,amazon.com,616,11,6,0,2,0,success,55.5,0
fara-7b,Amazon--30,C2,1,amazon.com,533,10,5,0,3,0,hit_max_rounds,57.7,0
fara-7b,Amazon--31,C2,1,amazon.com,572,13,8,0,3,0,hit_max_rounds,57.7,0
fara-7b,Amazon--32,C2,1,amazon.com,277,5,3,0,0,0,agent_error,6.1,0
fara-7b,Amazon--33,C2,1,amazon.com,733,11,6,0,5,0,success,49.7,0
fara-7b,Amazon--34,C2,1,amazon.com,834,10,5,0,3,0,hit_max_rounds,66.8,0
fara-7b,Amazon--35,C2,1,amazon.com,810,10,5,0,3,0,hit_max_rounds,57.9,0
fara-7b,Amazon--36,C2,1,amazon.com,578,13,8,0,2,0,hit_max_rounds,56.9,0
fara-7b,Amazon--37,C2,1,amazon.com,876,17,10,0,3,0,success,39.6,0
fara-7b,Amazon--38,C2,1,amazon.com,773,10,5,0,3,0,success,31.7,0
fara-7b,Amazon--39,C2,1,amazon.com,1003,12,7,0,2,0,hit_max_rounds,60.5,0
fara-7b,Amazon--4,C2,1,amazon.com,520,9,4,0,2,0,hit_max_rounds,57.9,0
fara-7b,Amazon--40,C2,1,amazon.com,329,7,4,0,3,0,hit_max_rounds,49.1,0
fara-7b,Amazon--5,C2,1,amazon.com,375,9,5,0,2,0,hit_max_rounds,52.6,0
fara-7b,Amazon--6,C2,1,amazon.com,514,9,4,0,2,0,hit_max_rounds,57.0,0
fara-7b,Amazon--7,C2,1,amazon.com,867,10,5,0,3,0,hit_max_rounds,60.2,0
fara-7b,Amazon--8,C2,1,amazon.com,825,12,7,0,3,0,success,58.8,0
fara-7b,Amazon--9,C2,1,amazon.com,808,14,8,0,3,0,success,41.2,0
fara-7b,Apple--0,C2,1,apple.com,52,4,1,0,1,0,agent_error,10.9,0
fara-7b,Apple--1,C2,1,apple.com,66,4,1,0,4,0,hit_max_rounds,51.5,0
fara-7b,Apple--10,C2,1,apple.com,64,4,1,0,7,0,hit_max_rounds,47.4,0
fara-7b,Apple--11,C2,1,apple.com,327,5,1,0,0,0,hit_max_rounds,64.8,0
fara-7b,Apple--12,C2,1,apple.com,163,7,1,0,1,0,hit_max_rounds,53.0,0
fara-7b,Apple--13,C2,1,apple.com,291,3,0,0,0,0,success,50.2,0
fara-7b,Apple--14,C2,1,apple.com,306,5,1,0,0,0,hit_max_rounds,55.8,0
fara-7b,Apple--15,C2,1,apple.com,306,5,1,0,0,0,hit_max_rounds,56.7,0
fara-7b,Apple--16,C2,1,apple.com,150,3,0,0,0,0,success,34.8,0
fara-7b,Apple--17,C2,1,apple.com,274,6,2,0,0,0,hit_max_rounds,53.6,0
fara-7b,Apple--18,C2,1,apple.com,171,5,1,0,0,0,success,36.2,0
fara-7b,Apple--19,C2,1,apple.com,58,4,1,0,4,0,hit_max_rounds,46.0,0
fara-7b,Apple--2,C2,1,apple.com,207,3,0,0,0,0,hit_max_rounds,55.9,0
fara-7b,Apple--20,C2,1,apple.com,231,7,2,0,1,0,hit_max_rounds,58.5,0
fara-7b,Apple--21,C2,1,apple.com,311,5,1,0,0,0,success,47.0,0
fara-7b,Apple--22,C2,1,apple.com,312,8,1,0,0,0,success,57.2,0
fara-7b,Apple--23,C2,1,apple.com,56,4,1,0,3,0,hit_max_rounds,47.0,0
fara-7b,Apple--24,C2,1,apple.com,180,3,0,0,0,0,success,27.8,0
fara-7b,Apple--25,C2,1,apple.com,58,4,1,0,4,0,hit_max_rounds,47.1,0
fara-7b,Apple--26,C2,1,apple.com,62,4,1,0,6,0,hit_max_rounds,47.5,0
fara-7b,Apple--27,C2,1,apple.com,226,4,1,0,0,0,success,42.8,0
fara-7b,Apple--28,C2,1,apple.com,204,4,1,0,1,0,hit_max_rounds,50.9,0
fara-7b,Apple--29,C2,1,apple.com,280,3,0,0,0,0,hit_max_rounds,54.2,0
fara-7b,Apple--3,C2,1,apple.com,137,3,0,0,0,0,success,35.3,0
fara-7b,Apple--30,C2,1,apple.com,309,5,1,0,0,0,success,49.3,0
fara-7b,Apple--31,C2,1,apple.com,56,4,1,0,3,0,hit_max_rounds,46.8,0
fara-7b,Apple--32,C2,1,apple.com,54,4,1,0,2,0,hit_max_rounds,55.9,0
fara-7b,Apple--33,C2,1,apple.com,335,5,1,0,0,0,success,49.1,0
fara-7b,Apple--34,C2,1,apple.com,157,3,0,0,0,0,success,56.5,0
fara-7b,Apple--35,C2,1,apple.com,233,4,1,0,0,0,success,47.7,0
fara-7b,Apple--36,C2,1,apple.com,58,4,1,0,4,0,hit_max_rounds,52.0,0
fara-7b,Apple--37,C2,1,apple.com,150,3,0,0,0,0,success,46.1,0
fara-7b,Apple--38,C2,1,apple.com,163,6,2,0,2,0,hit_max_rounds,54.1,0
fara-7b,Apple--39,C2,1,apple.com,128,9,2,0,1,0,success,34.2,0
fara-7b,Apple--4,C2,1,apple.com,56,4,1,0,3,0,hit_max_rounds,48.8,0
fara-7b,Apple--40,C2,1,apple.com,86,4,1,0,1,0,hit_max_rounds,49.5,0
fara-7b,Apple--41,C2,1,apple.com,60,4,1,0,5,0,hit_max_rounds,48.3,0
fara-7b,Apple--42,C2,1,apple.com,290,8,1,0,1,0,hit_max_rounds,57.9,0
fara-7b,Apple--5,C2,1,apple.com,243,6,2,0,1,0,hit_max_rounds,53.8,0
fara-7b,Apple--6,C2,1,apple.com,132,3,0,0,0,0,success,23.1,0
fara-7b,Apple--7,C2,1,apple.com,149,6,2,0,0,0,hit_max_rounds,64.2,0
fara-7b,Apple--8,C2,1,apple.com,60,4,1,0,5,0,hit_max_rounds,46.7,0
fara-7b,Apple--9,C2,1,apple.com,271,5,1,0,0,0,hit_max_rounds,58.0,0
fara-7b,ArXiv--0,C2,1,arxiv.org,221,5,3,0,0,0,success,35.3,0
fara-7b,ArXiv--1,C2,1,arxiv.org,66,5,3,0,0,0,hit_max_rounds,58.9,0
fara-7b,ArXiv--10,C2,1,arxiv.org,56,9,6,0,0,0,success,29.9,0
fara-7b,ArXiv--11,C2,1,arxiv.org,24,2,1,0,5,0,hit_max_rounds,47.7,0
fara-7b,ArXiv--12,C2,1,arxiv.org,80,9,6,0,0,0,success,36.6,0
fara-7b,ArXiv--13,C2,1,arxiv.org,55,5,3,0,0,0,success,21.5,0
fara-7b,ArXiv--14,C2,1,arxiv.org,95,5,3,0,0,0,success,35.5,0
fara-7b,ArXiv--15,C2,1,arxiv.org,39,5,3,0,0,0,success,29.9,0
fara-7b,ArXiv--16,C2,1,arxiv.org,41,4,2,0,0,0,success,29.1,0
fara-7b,ArXiv--17,C2,1,arxiv.org,95,7,5,0,1,0,hit_max_rounds,58.0,0
fara-7b,ArXiv--18,C2,1,arxiv.org,72,6,4,0,0,0,hit_max_rounds,55.9,0
fara-7b,ArXiv--19,C2,1,arxiv.org,21,3,2,0,3,0,hit_max_rounds,47.5,0
fara-7b,ArXiv--2,C2,1,arxiv.org,109,5,3,0,0,0,success,30.2,0
fara-7b,ArXiv--20,C2,1,arxiv.org,26,3,1,0,1,0,hit_max_rounds,60.0,0
fara-7b,ArXiv--21,C2,1,arxiv.org,75,6,4,0,1,0,hit_max_rounds,55.9,0
fara-7b,ArXiv--22,C2,1,arxiv.org,52,9,6,0,0,0,success,44.3,0
fara-7b,ArXiv--23,C2,1,arxiv.org,34,3,1,0,1,0,success,20.2,0
fara-7b,ArXiv--24,C2,1,arxiv.org,125,5,3,0,0,0,success,50.2,0
fara-7b,ArXiv--25,C2,1,arxiv.org,65,11,8,0,2,0,hit_max_rounds,51.1,0
fara-7b,ArXiv--26,C2,1,arxiv.org,75,5,3,0,0,0,hit_max_rounds,54.6,0
fara-7b,ArXiv--27,C2,1,arxiv.org,22,2,1,0,4,0,hit_max_rounds,47.1,0
fara-7b,ArXiv--28,C2,1,arxiv.org,59,5,3,0,0,0,success,52.5,0
fara-7b,ArXiv--29,C2,1,arxiv.org,110,5,3,0,0,0,success,37.0,0
fara-7b,ArXiv--3,C2,1,arxiv.org,246,5,3,0,0,0,success,25.6,0
fara-7b,ArXiv--30,C2,1,arxiv.org,52,9,6,0,0,0,hit_max_rounds,51.7,0
fara-7b,ArXiv--31,C2,1,arxiv.org,63,5,3,0,0,0,hit_max_rounds,57.0,0
fara-7b,ArXiv--32,C2,1,arxiv.org,32,4,2,0,0,0,success,22.7,0
fara-7b,ArXiv--33,C2,1,arxiv.org,47,6,4,0,1,0,hit_max_rounds,56.6,0
fara-7b,ArXiv--34,C2,1,arxiv.org,59,5,3,0,0,0,hit_max_rounds,56.4,0
fara-7b,ArXiv--35,C2,1,arxiv.org,30,2,0,0,0,0,success,21.9,0
fara-7b,ArXiv--36,C2,1,arxiv.org,71,5,3,0,0,0,success,22.6,0
fara-7b,ArXiv--37,C2,1,arxiv.org,20,2,1,0,3,0,hit_max_rounds,47.3,0
fara-7b,ArXiv--38,C2,1,arxiv.org,20,2,1,0,3,0,hit_max_rounds,47.7,0
fara-7b,ArXiv--39,C2,1,arxiv.org,22,2,1,0,4,0,hit_max_rounds,51.1,0
fara-7b,ArXiv--4,C2,1,arxiv.org,33,2,0,0,0,0,success,21.6,0
fara-7b,ArXiv--40,C2,1,arxiv.org,31,2,0,0,0,0,agent_error,17.0,0
fara-7b,ArXiv--41,C2,1,arxiv.org,45,10,7,0,1,0,hit_max_rounds,49.4,0
fara-7b,ArXiv--42,C2,1,arxiv.org,40,5,3,0,0,0,success,40.0,0
fara-7b,ArXiv--5,C2,1,arxiv.org,220,5,3,0,0,0,success,46.9,0
fara-7b,ArXiv--6,C2,1,arxiv.org,77,6,4,0,0,0,hit_max_rounds,54.8,0
fara-7b,ArXiv--7,C2,1,arxiv.org,24,2,1,0,5,0,hit_max_rounds,46.7,0
fara-7b,ArXiv--8,C2,1,arxiv.org,31,2,0,0,0,0,success,21.5,0
fara-7b,ArXiv--9,C2,1,arxiv.org,22,2,0,0,0,0,success,22.4,0
fara-7b,BBC_News--0,C2,1,bbc.com,155,43,40,0,5,0,unknown,62.7,1
fara-7b,BBC_News--1,C2,1,bbc.com,340,54,51,0,18,0,success,26.1,0
fara-7b,BBC_News--10,C2,1,bbc.com,251,52,49,0,5,0,agent_error,62.3,0
fara-7b,BBC_News--11,C2,1,bbc.com,620,58,54,0,29,0,hit_max_rounds,56.9,0
fara-7b,BBC_News--12,C2,1,bbc.com,408,56,53,0,18,0,success,47.9,0
fara-7b,BBC_News--13,C2,1,bbc.com,310,54,51,0,9,0,success,39.0,0
fara-7b,BBC_News--14,C2,1,bbc.com,154,39,36,0,6,0,hit_max_rounds,51.3,0
fara-7b,BBC_News--15,C2,1,bbc.com,43,13,11,0,1,0,success,13.4,0
fara-7b,BBC_News--16,C2,1,bbc.com,657,66,63,0,34,0,hit_max_rounds,62.9,0
fara-7b,BBC_News--17,C2,1,bbc.com,133,37,34,0,2,0,success,11.3,0
fara-7b,BBC_News--18,C2,1,bbc.com,392,55,52,0,20,0,hit_max_rounds,57.0,0
fara-7b,BBC_News--19,C2,1,bbc.com,557,59,55,0,20,0,success,46.6,0
fara-7b,BBC_News--2,C2,1,bbc.com,299,54,51,0,11,0,hit_max_rounds,67.2,0
fara-7b,BBC_News--20,C2,1,bbc.com,321,52,49,0,19,0,success,26.6,0
fara-7b,BBC_News--21,C2,1,bbc.com,133,37,34,0,2,0,success,11.1,0
fara-7b,BBC_News--22,C2,1,bbc.com,368,58,55,0,11,0,success,33.5,0
fara-7b,BBC_News--23,C2,1,bbc.com,348,53,50,0,19,0,success,48.9,0
fara-7b,BBC_News--24,C2,1,bbc.com,320,56,53,0,18,0,success,35.4,0
fara-7b,BBC_News--25,C2,1,bbc.com,158,39,36,0,8,0,hit_max_rounds,52.3,0
fara-7b,BBC_News--26,C2,1,bbc.com,321,52,49,0,19,0,hit_max_rounds,58.0,0
fara-7b,BBC_News--27,C2,1,bbc.com,444,58,55,0,22,0,hit_max_rounds,55.7,0
fara-7b,BBC_News--28,C2,1,bbc.com,158,39,36,0,7,0,hit_max_rounds,50.8,0
fara-7b,BBC_News--29,C2,1,bbc.com,274,50,47,0,10,0,success,39.1,0
fara-7b,BBC_News--3,C2,1,bbc.com,537,56,52,0,19,0,success,39.1,0
fara-7b,BBC_News--30,C2,1,bbc.com,450,58,55,0,26,0,success,41.3,0
fara-7b,BBC_News--31,C2,1,bbc.com,587,58,54,0,28,0,success,44.4,0
fara-7b,BBC_News--32,C2,1,bbc.com,156,39,36,0,7,0,hit_max_rounds,50.6,0
fara-7b,BBC_News--33,C2,1,bbc.com,269,51,48,0,11,0,success,32.1,0
fara-7b,BBC_News--34,C2,1,bbc.com,396,51,48,0,20,0,success,43.5,0
fara-7b,BBC_News--35,C2,1,bbc.com,323,53,50,0,13,0,success,38.9,0
fara-7b,BBC_News--36,C2,1,bbc.com,318,51,48,0,9,0,success,60.5,0
fara-7b,BBC_News--37,C2,1,bbc.com,385,53,50,0,20,0,success,46.0,0
fara-7b,BBC_News--38,C2,1,bbc.com,617,57,54,0,33,0,hit_max_rounds,62.8,0
fara-7b,BBC_News--39,C2,1,bbc.com,303,42,38,0,5,0,hit_max_rounds,237.5,0
fara-7b,BBC_News--4,C2,1,bbc.com,263,40,37,0,3,0,hit_max_rounds,62.4,0
fara-7b,BBC_News--40,C2,1,bbc.com,157,40,37,0,6,0,hit_max_rounds,55.9,0
fara-7b,BBC_News--41,C2,1,bbc.com,644,60,56,0,26,0,hit_max_rounds,56.6,0
fara-7b,BBC_News--5,C2,1,bbc.com,252,52,49,0,14,0,hit_max_rounds,54.2,0
fara-7b,BBC_News--6,C2,1,bbc.com,341,55,52,0,11,0,success,82.4,0
fara-7b,BBC_News--7,C2,1,bbc.com,486,60,57,0,20,0,success,38.9,0
fara-7b,BBC_News--8,C2,1,bbc.com,375,59,56,0,15,0,hit_max_rounds,55.1,0
fara-7b,BBC_News--9,C2,1,bbc.com,341,53,50,0,19,0,success,26.3,0
fara-7b,Booking--0,C2,1,booking.com,340,38,33,0,7,0,hit_max_rounds,55.6,0
fara-7b,Booking--1,C2,1,booking.com,323,35,30,0,7,0,hit_max_rounds,55.9,0
fara-7b,Booking--10,C2,1,booking.com,18,2,1,0,4,0,hit_max_rounds,47.6,0
fara-7b,Booking--11,C2,1,booking.com,334,36,31,0,7,0,hit_max_rounds,56.1,0
fara-7b,Booking--12,C2,1,booking.com,313,36,31,0,7,0,hit_max_rounds,56.9,0
fara-7b,Booking--13,C2,1,booking.com,353,37,32,0,8,0,hit_max_rounds,57.0,0
fara-7b,Booking--14,C2,1,booking.com,333,33,28,0,7,0,hit_max_rounds,63.5,0
fara-7b,Booking--15,C2,1,booking.com,321,36,31,0,7,0,hit_max_rounds,56.1,0
fara-7b,Booking--16,C2,1,booking.com,350,38,33,0,8,0,hit_max_rounds,56.1,0
fara-7b,Booking--17,C2,1,booking.com,331,36,31,0,8,0,hit_max_rounds,57.0,0
fara-7b,Booking--18,C2,1,booking.com,18,2,1,0,4,0,hit_max_rounds,47.9,0
fara-7b,Booking--19,C2,1,booking.com,164,10,6,0,4,0,hit_max_rounds,49.9,0
fara-7b,Booking--2,C2,1,booking.com,380,36,31,0,8,0,hit_max_rounds,54.6,0
fara-7b,Booking--20,C2,1,booking.com,476,42,36,0,15,0,hit_max_rounds,55.9,0
fara-7b,Booking--21,C2,1,booking.com,154,10,7,0,1,0,agent_error,12.8,0
fara-7b,Booking--22,C2,1,booking.com,330,36,31,0,8,0,success,42.4,0
fara-7b,Booking--23,C2,1,booking.com,25,2,1,0,8,0,hit_max_rounds,49.1,0
fara-7b,Booking--24,C2,1,booking.com,306,36,31,0,7,0,hit_max_rounds,58.0,0
fara-7b,Booking--25,C2,1,booking.com,335,36,31,0,8,0,hit_max_rounds,55.9,0
fara-7b,Booking--26,C2,1,booking.com,328,36,31,0,8,0,hit_max_rounds,56.0,0
fara-7b,Booking--27,C2,1,booking.com,316,36,31,0,7,0,success,48.6,0
fara-7b,Booking--28,C2,1,booking.com,327,36,31,0,8,0,success,48.7,0
fara-7b,Booking--29,C2,1,booking.com,345,36,31,0,8,0,hit_max_rounds,54.4,0
fara-7b,Booking--3,C2,1,booking.com,323,36,31,0,7,0,hit_max_rounds,58.1,0
fara-7b,Booking--30,C2,1,booking.com,342,36,31,0,8,0,hit_max_rounds,55.1,0
fara-7b,Booking--31,C2,1,booking.com,288,30,25,0,3,0,hit_max_rounds,56.3,0
fara-7b,Booking--32,C2,1,booking.com,18,2,1,0,5,0,hit_max_rounds,47.3,0
fara-7b,Booking--33,C2,1,booking.com,186,14,10,0,5,0,hit_max_rounds,49.0,0
fara-7b,Booking--34,C2,1,booking.com,174,13,9,0,4,0,hit_max_rounds,49.0,0
fara-7b,Booking--35,C2,1,booking.com,586,39,32,0,7,0,hit_max_rounds,56.6,0
fara-7b,Booking--36,C2,1,booking.com,330,36,31,0,7,0,hit_max_rounds,56.6,0
fara-7b,Booking--37,C2,1,booking.com,323,36,31,0,7,0,hit_max_rounds,56.2,0
fara-7b,Booking--38,C2,1,booking.com,16,2,1,0,3,0,hit_max_rounds,48.6,0
fara-7b,Booking--39,C2,1,booking.com,347,36,31,0,8,0,hit_max_rounds,56.3,0
fara-7b,Booking--4,C2,1,booking.com,333,33,28,0,8,0,hit_max_rounds,70.6,0
fara-7b,Booking--40,C2,1,booking.com,319,37,32,0,7,0,success,42.4,0
fara-7b,Booking--41,C2,1,booking.com,177,14,10,0,4,0,success,43.1,0
fara-7b,Booking--42,C2,1,booking.com,166,10,7,0,8,0,hit_max_rounds,50.1,0
fara-7b,Booking--43,C2,1,booking.com,167,12,8,0,4,0,hit_max_rounds,47.8,0
fara-7b,Booking--5,C2,1,booking.com,345,36,31,0,8,0,agent_error,52.9,0
fara-7b,Booking--6,C2,1,booking.com,15,2,1,0,3,0,hit_max_rounds,46.9,0
fara-7b,Booking--7,C2,1,booking.com,371,37,32,0,9,0,hit_max_rounds,52.8,0
fara-7b,Booking--8,C2,1,booking.com,332,36,31,0,7,0,hit_max_rounds,54.5,0
fara-7b,Booking--9,C2,1,booking.com,162,10,6,0,3,0,hit_max_rounds,47.6,0
fara-7b,Cambridge_Dictionary--0,C2,1,cambridge.org,86,18,17,0,4,0,hit_max_rounds,54.9,0
fara-7b,Cambridge_Dictionary--1,C2,1,cambridge.org,80,18,17,0,1,0,success,49.2,0
fara-7b,Cambridge_Dictionary--10,C2,1,cambridge.org,225,81,80,0,19,0,success,31.3,0
fara-7b,Cambridge_Dictionary--11,C2,1,cambridge.org,244,87,86,0,20,0,success,37.2,0
fara-7b,Cambridge_Dictionary--12,C2,1,cambridge.org,229,83,82,0,24,0,hit_max_rounds,52.9,0
fara-7b,Cambridge_Dictionary--13,C2,1,cambridge.org,248,87,86,0,22,0,hit_max_rounds,58.5,0
fara-7b,Cambridge_Dictionary--14,C2,1,cambridge.org,204,78,77,0,17,0,agent_error,33.0,0
fara-7b,Cambridge_Dictionary--15,C2,1,cambridge.org,237,86,85,0,19,0,success,30.2,0
fara-7b,Cambridge_Dictionary--16,C2,1,cambridge.org,236,80,79,0,25,0,hit_max_rounds,55.6,0
fara-7b,Cambridge_Dictionary--17,C2,1,cambridge.org,223,81,80,0,21,0,hit_max_rounds,51.8,0
fara-7b,Cambridge_Dictionary--18,C2,1,cambridge.org,236,83,82,0,26,0,hit_max_rounds,52.5,0
fara-7b,Cambridge_Dictionary--19,C2,1,cambridge.org,353,85,84,0,34,0,success,38.2,0
fara-7b,Cambridge_Dictionary--2,C2,1,cambridge.org,229,81,80,0,22,0,hit_max_rounds,56.2,0
fara-7b,Cambridge_Dictionary--20,C2,1,cambridge.org,360,90,89,0,37,0,hit_max_rounds,56.5,0
fara-7b,Cambridge_Dictionary--21,C2,1,cambridge.org,221,83,82,0,20,0,success,29.5,0
fara-7b,Cambridge_Dictionary--22,C2,1,cambridge.org,227,83,82,0,23,0,hit_max_rounds,53.5,0
fara-7b,Cambridge_Dictionary--23,C2,1,cambridge.org,243,86,85,0,22,0,hit_max_rounds,56.3,0
fara-7b,Cambridge_Dictionary--24,C2,1,cambridge.org,219,83,82,0,20,0,success,30.3,0
fara-7b,Cambridge_Dictionary--25,C2,1,cambridge.org,363,87,86,0,33,0,hit_max_rounds,57.9,0
fara-7b,Cambridge_Dictionary--26,C2,1,cambridge.org,347,89,88,0,33,0,success,38.4,0
fara-7b,Cambridge_Dictionary--27,C2,1,cambridge.org,254,87,86,0,23,0,hit_max_rounds,54.7,0
fara-7b,Cambridge_Dictionary--28,C2,1,cambridge.org,219,81,80,0,22,0,hit_max_rounds,56.1,0
fara-7b,Cambridge_Dictionary--29,C2,1,cambridge.org,327,89,88,0,33,0,hit_max_rounds,55.4,0
fara-7b,Cambridge_Dictionary--3,C2,1,cambridge.org,239,82,81,0,28,0,hit_max_rounds,55.5,0
fara-7b,Cambridge_Dictionary--30,C2,1,cambridge.org,231,83,82,0,23,0,hit_max_rounds,53.2,0
fara-7b,Cambridge_Dictionary--31,C2,1,cambridge.org,240,83,82,0,27,0,hit_max_rounds,51.5,0
fara-7b,Cambridge_Dictionary--32,C2,1,cambridge.org,238,85,84,0,23,0,hit_max_rounds,54.4,0
fara-7b,Cambridge_Dictionary--33,C2,1,cambridge.org,263,51,50,0,1,0,success,33.0,0
fara-7b,Cambridge_Dictionary--34,C2,1,cambridge.org,225,83,82,0,22,0,hit_max_rounds,54.7,0
fara-7b,Cambridge_Dictionary--35,C2,1,cambridge.org,344,90,89,0,36,0,hit_max_rounds,53.9,0
fara-7b,Cambridge_Dictionary--36,C2,1,cambridge.org,260,85,84,0,25,0,hit_max_rounds,54.5,0
fara-7b,Cambridge_Dictionary--37,C2,1,cambridge.org,398,57,56,0,2,0,success,51.8,0
fara-7b,Cambridge_Dictionary--38,C2,1,cambridge.org,244,81,80,0,25,0,hit_max_rounds,52.6,0
fara-7b,Cambridge_Dictionary--39,C2,1,cambridge.org,350,89,88,0,42,0,hit_max_rounds,54.4,0
fara-7b,Cambridge_Dictionary--4,C2,1,cambridge.org,325,86,85,0,36,0,hit_max_rounds,56.1,0
fara-7b,Cambridge_Dictionary--40,C2,1,cambridge.org,353,89,88,0,34,0,success,53.3,0
fara-7b,Cambridge_Dictionary--41,C2,1,cambridge.org,342,86,85,0,33,0,hit_max_rounds,56.6,0
fara-7b,Cambridge_Dictionary--42,C2,1,cambridge.org,227,83,82,0,19,0,success,37.3,0
fara-7b,Cambridge_Dictionary--5,C2,1,cambridge.org,245,84,83,0,23,0,hit_max_rounds,53.9,0
fara-7b,Cambridge_Dictionary--6,C2,1,cambridge.org,221,81,80,0,21,0,hit_max_rounds,51.7,0
fara-7b,Cambridge_Dictionary--7,C2,1,cambridge.org,227,82,81,0,25,0,hit_max_rounds,54.9,0
fara-7b,Cambridge_Dictionary--8,C2,1,cambridge.org,715,94,93,0,57,0,hit_max_rounds,56.0,0
fara-7b,Cambridge_Dictionary--9,C2,1,cambridge.org,246,87,86,0,22,0,hit_max_rounds,59.3,0
fara-7b,Coursera--0,C2,1,coursera.org,669,38,36,0,1,0,success,50.2,0
fara-7b,Coursera--1,C2,1,coursera.org,841,38,36,0,2,0,success,34.5,0
fara-7b,Coursera--10,C2,1,coursera.org,568,38,36,0,1,0,success,30.4,0
fara-7b,Coursera--11,C2,1,coursera.org,575,38,36,0,1,0,success,28.7,0
fara-7b,Coursera--12,C2,1,coursera.org,813,38,36,0,2,0,success,32.7,0
fara-7b,Coursera--13,C2,1,coursera.org,839,39,37,0,2,0,success,46.5,0
fara-7b,Coursera--14,C2,1,coursera.org,822,39,37,0,2,0,success,30.5,0
fara-7b,Coursera--15,C2,1,coursera.org,807,38,36,0,2,0,success,37.0,0
fara-7b,Coursera--16,C2,1,coursera.org,1023,39,37,0,3,0,success,39.6,0
fara-7b,Coursera--17,C2,1,coursera.org,587,38,36,0,1,0,hit_max_rounds,59.5,0
fara-7b,Coursera--18,C2,1,coursera.org,579,38,36,0,1,0,success,36.2,0
fara-7b,Coursera--19,C2,1,coursera.org,860,38,36,0,2,0,success,54.6,0
fara-7b,Coursera--2,C2,1,coursera.org,838,38,36,0,2,0,success,37.4,0
fara-7b,Coursera--20,C2,1,coursera.org,593,38,36,0,1,0,success,54.9,0
fara-7b,Coursera--21,C2,1,coursera.org,823,39,37,0,2,0,success,31.1,0
fara-7b,Coursera--22,C2,1,coursera.org,926,38,36,0,2,0,hit_max_rounds,65.5,0
fara-7b,Coursera--23,C2,1,coursera.org,827,38,36,0,2,0,success,50.1,0
fara-7b,Coursera--24,C2,1,coursera.org,912,39,37,0,2,0,hit_max_rounds,64.9,0
fara-7b,Coursera--25,C2,1,coursera.org,812,38,36,0,2,0,success,37.3,0
fara-7b,Coursera--26,C2,1,coursera.org,826,38,36,0,2,0,success,30.3,0
fara-7b,Coursera--27,C2,1,coursera.org,836,38,36,0,2,0,success,38.6,0
fara-7b,Coursera--28,C2,1,coursera.org,287,29,28,0,5,0,hit_max_rounds,51.4,0
fara-7b,Coursera--29,C2,1,coursera.org,543,42,40,0,1,0,success,34.0,0
fara-7b,Coursera--3,C2,1,coursera.org,663,38,36,0,1,0,success,55.1,0
fara-7b,Coursera--30,C2,1,coursera.org,832,38,36,0,2,0,success,38.6,0
fara-7b,Coursera--31,C2,1,coursera.org,837,38,36,0,2,0,success,39.8,0
fara-7b,Coursera--32,C2,1,coursera.org,634,38,36,0,1,0,success,49.5,0
fara-7b,Coursera--33,C2,1,coursera.org,832,38,36,0,2,0,success,38.2,0
fara-7b,Coursera--34,C2,1,coursera.org,999,38,36,0,3,0,success,40.6,0
fara-7b,Coursera--35,C2,1,coursera.org,848,38,36,0,2,0,success,59.3,0
fara-7b,Coursera--36,C2,1,coursera.org,786,44,42,0,4,0,success,35.5,0
fara-7b,Coursera--37,C2,1,coursera.org,558,38,36,0,1,0,success,30.9,0
fara-7b,Coursera--38,C2,1,coursera.org,650,60,58,0,7,0,hit_max_rounds,59.0,0
fara-7b,Coursera--39,C2,1,coursera.org,674,38,36,0,1,0,hit_max_rounds,62.6,0
fara-7b,Coursera--4,C2,1,coursera.org,829,38,36,0,2,0,success,40.3,0
fara-7b,Coursera--40,C2,1,coursera.org,889,61,59,0,9,0,success,63.7,0
fara-7b,Coursera--41,C2,1,coursera.org,514,40,38,0,3,0,success,38.4,0
fara-7b,Coursera--5,C2,1,coursera.org,637,38,36,0,1,0,success,36.7,0
fara-7b,Coursera--6,C2,1,coursera.org,962,38,36,0,2,0,hit_max_rounds,62.2,0
fara-7b,Coursera--7,C2,1,coursera.org,872,39,37,0,2,0,success,38.4,0
fara-7b,Coursera--8,C2,1,coursera.org,846,38,36,0,2,0,success,58.3,0
fara-7b,Coursera--9,C2,1,coursera.org,825,38,36,0,2,0,success,35.0,0
fara-7b,ESPN--0,C2,1,espn.com,137,24,16,0,6,0,hit_max_rounds,49.4,0
fara-7b,ESPN--1,C2,1,espn.com,261,45,36,0,17,0,hit_max_rounds,60.2,0
fara-7b,ESPN--10,C2,1,espn.com,135,24,16,0,5,0,hit_max_rounds,50.9,0
fara-7b,ESPN--11,C2,1,espn.com,130,23,15,0,3,0,hit_max_rounds,51.7,0
fara-7b,ESPN--12,C2,1,espn.com,263,44,35,0,19,0,hit_max_rounds,52.2,0
fara-7b,ESPN--13,C2,1,espn.com,224,40,32,0,22,0,hit_max_rounds,56.7,0
fara-7b,ESPN--14,C2,1,espn.com,282,44,35,0,21,0,hit_max_rounds,59.6,0
fara-7b,ESPN--15,C2,1,espn.com,136,23,15,0,6,0,hit_max_rounds,50.7,0
fara-7b,ESPN--16,C2,1,espn.com,141,24,16,0,8,0,hit_max_rounds,50.5,0
fara-7b,ESPN--17,C2,1,espn.com,225,40,32,0,23,0,hit_max_rounds,51.8,0
fara-7b,ESPN--18,C2,1,espn.com,133,24,16,0,4,0,hit_max_rounds,49.6,0
fara-7b,ESPN--19,C2,1,espn.com,283,41,33,0,36,0,hit_max_rounds,53.7,0
fara-7b,ESPN--2,C2,1,espn.com,136,23,15,0,6,0,hit_max_rounds,52.8,0
fara-7b,ESPN--20,C2,1,espn.com,270,43,34,0,19,0,hit_max_rounds,58.7,0
fara-7b,ESPN--21,C2,1,espn.com,138,23,15,0,7,0,hit_max_rounds,50.4,0
fara-7b,ESPN--22,C2,1,espn.com,138,25,17,0,5,0,hit_max_rounds,54.4,0
fara-7b,ESPN--23,C2,1,espn.com,266,44,35,0,19,0,hit_max_rounds,56.0,0
fara-7b,ESPN--24,C2,1,espn.com,139,24,16,0,7,0,hit_max_rounds,50.3,0
fara-7b,ESPN--25,C2,1,espn.com,139,24,16,0,7,0,hit_max_rounds,50.6,0
fara-7b,ESPN--26,C2,1,espn.com,131,24,16,0,3,0,hit_max_rounds,51.1,0
fara-7b,ESPN--27,C2,1,espn.com,290,42,33,0,30,0,hit_max_rounds,55.1,0
fara-7b,ESPN--28,C2,1,espn.com,207,40,32,0,18,0,hit_max_rounds,51.9,0
fara-7b,ESPN--29,C2,1,espn.com,139,24,16,0,7,0,hit_max_rounds,51.2,0
fara-7b,ESPN--3,C2,1,espn.com,134,23,15,0,5,0,hit_max_rounds,50.7,0
fara-7b,ESPN--30,C2,1,espn.com,290,40,30,0,4,0,agent_error,39.4,0
fara-7b,ESPN--31,C2,1,espn.com,134,24,16,0,4,0,hit_max_rounds,50.1,0
fara-7b,ESPN--32,C2,1,espn.com,132,23,15,0,4,0,hit_max_rounds,48.7,0
fara-7b,ESPN--33,C2,1,espn.com,264,41,33,0,32,0,hit_max_rounds,53.6,0
fara-7b,ESPN--34,C2,1,espn.com,190,40,32,0,15,0,hit_max_rounds,56.1,0
fara-7b,ESPN--35,C2,1,espn.com,321,42,32,0,31,0,hit_max_rounds,61.7,0
fara-7b,ESPN--36,C2,1,espn.com,140,23,15,0,8,0,hit_max_rounds,50.0,0
fara-7b,ESPN--37,C2,1,espn.com,191,38,30,0,14,0,hit_max_rounds,55.7,0
fara-7b,ESPN--38,C2,1,espn.com,216,40,32,0,22,0,hit_max_rounds,51.5,0
fara-7b,ESPN--39,C2,1,espn.com,135,23,15,0,5,0,hit_max_rounds,51.1,0
fara-7b,ESPN--4,C2,1,espn.com,309,45,36,0,25,0,hit_max_rounds,61.7,0
fara-7b,ESPN--40,C2,1,espn.com,227,40,32,0,24,0,hit_max_rounds,51.1,0
fara-7b,ESPN--41,C2,1,espn.com,128,24,16,0,2,0,hit_max_rounds,51.9,0
fara-7b,ESPN--42,C2,1,espn.com,135,24,16,0,5,0,hit_max_rounds,48.8,0
fara-7b,ESPN--43,C2,1,espn.com,131,24,16,0,3,0,hit_max_rounds,50.8,0
fara-7b,ESPN--5,C2,1,espn.com,136,23,15,0,6,0,hit_max_rounds,51.7,0
fara-7b,ESPN--6,C2,1,espn.com,143,24,16,0,9,0,hit_max_rounds,51.4,0
fara-7b,ESPN--7,C2,1,espn.com,136,23,15,0,6,0,hit_max_rounds,50.9,0
fara-7b,ESPN--8,C2,1,espn.com,139,24,16,0,7,0,hit_max_rounds,49.8,0
fara-7b,ESPN--9,C2,1,espn.com,216,42,34,0,18,0,hit_max_rounds,56.8,0
fara-7b,GitHub--0,C2,1,github.com,208,5,2,0,0,0,success,29.4,0
fara-7b,GitHub--1,C2,1,github.com,294,5,2,0,0,0,success,46.3,0
fara-7b,GitHub--10,C2,1,github.com,243,7,4,0,0,0,hit_max_rounds,54.1,0
fara-7b,GitHub--11,C2,1,github.com,260,4,1,0,0,0,hit_max_rounds,59.7,0
fara-7b,GitHub--12,C2,1,github.com,328,6,3,0,0,0,success,45.0,0
fara-7b,GitHub--13,C2,1,github.com,373,7,4,0,0,0,success,41.9,0
fara-7b,GitHub--14,C2,1,github.com,336,7,4,0,0,0,success,54.0,0
fara-7b,GitHub--15,C2,1,github.com,409,7,4,0,0,0,success,31.5,0
fara-7b,GitHub--16,C2,1,github.com,159,5,2,0,4,0,hit_max_rounds,48.4,0
fara-7b,GitHub--17,C2,1,github.com,246,6,3,0,2,0,hit_max_rounds,58.8,0
fara-7b,GitHub--18,C2,1,github.com,169,5,2,0,7,0,hit_max_rounds,51.8,0
fara-7b,GitHub--19,C2,1,github.com,239,5,2,0,0,0,success,23.9,0
fara-7b,GitHub--2,C2,1,github.com,156,5,2,0,3,0,hit_max_rounds,48.5,0
fara-7b,GitHub--20,C2,1,github.com,166,5,2,0,2,0,hit_max_rounds,50.1,0
fara-7b,GitHub--21,C2,1,github.com,188,6,3,0,2,0,success,52.0,0
fara-7b,GitHub--22,C2,1,github.com,283,6,3,0,0,0,success,38.4,0
fara-7b,GitHub--23,C2,1,github.com,466,9,6,0,0,0,hit_max_rounds,56.3,0
fara-7b,GitHub--24,C2,1,github.com,411,6,3,0,0,0,hit_max_rounds,53.9,0
fara-7b,GitHub--25,C2,1,github.com,337,6,3,0,0,0,success,31.5,0
fara-7b,GitHub--26,C2,1,github.com,158,5,2,0,4,0,hit_max_rounds,47.6,0
fara-7b,GitHub--27,C2,1,github.com,238,4,1,0,0,0,hit_max_rounds,58.9,0
fara-7b,GitHub--28,C2,1,github.com,212,5,2,0,0,0,success,24.8,0
fara-7b,GitHub--29,C2,1,github.com,185,7,4,0,0,0,success,22.4,0
fara-7b,GitHub--3,C2,1,github.com,178,5,2,0,0,0,success,28.2,0
fara-7b,GitHub--30,C2,1,github.com,362,8,5,0,1,0,hit_max_rounds,58.6,0
fara-7b,GitHub--31,C2,1,github.com,156,5,2,0,3,0,agent_error,22.5,0
fara-7b,GitHub--32,C2,1,github.com,320,5,2,0,0,0,hit_max_rounds,60.0,0
fara-7b,GitHub--33,C2,1,github.com,167,5,2,0,4,0,hit_max_rounds,48.7,0
fara-7b,GitHub--34,C2,1,github.com,210,5,2,0,0,0,success,30.6,0
fara-7b,GitHub--35,C2,1,github.com,179,5,2,0,4,0,hit_max_rounds,50.4,0
fara-7b,GitHub--36,C2,1,github.com,213,6,3,0,2,0,hit_max_rounds,57.2,0
fara-7b,GitHub--37,C2,1,github.com,295,6,3,0,1,0,hit_max_rounds,52.5,0
fara-7b,GitHub--38,C2,1,github.com,162,5,2,0,5,0,hit_max_rounds,47.9,0
fara-7b,GitHub--39,C2,1,github.com,322,6,3,0,0,0,success,45.8,0
fara-7b,GitHub--4,C2,1,github.com,316,5,2,0,0,0,success,49.4,0
fara-7b,GitHub--40,C2,1,github.com,189,5,2,0,0,0,success,30.1,0
fara-7b,GitHub--5,C2,1,github.com,246,6,3,0,0,0,success,50.7,0
fara-7b,GitHub--6,C2,1,github.com,328,6,3,0,0,0,success,46.7,0
fara-7b,GitHub--7,C2,1,github.com,380,5,2,0,0,0,success,44.4,0
fara-7b,GitHub--8,C2,1,github.com,160,5,2,0,5,0,hit_max_rounds,48.9,0
fara-7b,GitHub--9,C2,1,github.com,320,6,3,0,0,0,hit_max_rounds,58.5,0
fara-7b,Google_Flights--0,C2,1,google.com,125,11,8,0,0,0,hit_max_rounds,61.7,0
fara-7b,Google_Flights--1,C2,1,google.com,106,11,8,0,0,0,hit_max_rounds,61.8,0
fara-7b,Google_Flights--10,C2,1,google.com,115,11,8,0,0,0,hit_max_rounds,62.4,0
fara-7b,Google_Flights--11,C2,1,google.com,101,11,8,0,0,0,hit_max_rounds,62.1,0
fara-7b,Google_Flights--12,C2,1,google.com,103,11,8,0,0,0,hit_max_rounds,60.8,0
fara-7b,Google_Flights--13,C2,1,google.com,101,11,8,0,0,0,hit_max_rounds,61.4,0
fara-7b,Google_Flights--14,C2,1,google.com,94,11,8,0,0,0,hit_max_rounds,61.8,0
fara-7b,Google_Flights--15,C2,1,google.com,121,11,8,0,0,0,hit_max_rounds,62.6,0
fara-7b,Google_Flights--16,C2,1,google.com,117,11,8,0,0,0,hit_max_rounds,61.8,0
fara-7b,Google_Flights--17,C2,1,google.com,101,11,8,0,0,0,hit_max_rounds,60.6,0
fara-7b,Google_Flights--18,C2,1,google.com,100,11,8,0,0,0,hit_max_rounds,60.6,0
fara-7b,Google_Flights--19,C2,1,google.com,106,11,8,0,0,0,hit_max_rounds,61.3,0
fara-7b,Google_Flights--2,C2,1,google.com,91,11,8,0,0,0,hit_max_rounds,62.5,0
fara-7b,Google_Flights--20,C2,1,google.com,107,11,8,0,0,0,hit_max_rounds,62.6,0
fara-7b,Google_Flights--21,C2,1,google.com,107,11,8,0,0,0,hit_max_rounds,61.2,0
fara-7b,Google_Flights--22,C2,1,google.com,117,11,8,0,0,0,hit_max_rounds,62.0,0
fara-7b,Google_Flights--23,C2,1,google.com,256,12,9,0,0,0,hit_max_rounds,66.7,0
fara-7b,Google_Flights--24,C2,1,google.com,194,12,9,0,0,0,hit_max_rounds,65.4,0
fara-7b,Google_Flights--25,C2,1,google.com,128,11,8,0,0,0,hit_max_rounds,61.4,0
fara-7b,Google_Flights--26,C2,1,google.com,102,11,8,0,0,0,hit_max_rounds,62.6,0
fara-7b,Google_Flights--27,C2,1,google.com,122,11,8,0,0,0,hit_max_rounds,61.4,0
fara-7b,Google_Flights--28,C2,1,google.com,103,11,8,0,0,0,hit_max_rounds,61.8,0
fara-7b,Google_Flights--29,C2,1,google.com,110,11,8,0,0,0,hit_max_rounds,62.1,0
fara-7b,Google_Flights--3,C2,1,google.com,121,11,8,0,0,0,hit_max_rounds,62.7,0
fara-7b,Google_Flights--30,C2,1,google.com,107,11,8,0,0,0,hit_max_rounds,61.5,0
fara-7b,Google_Flights--31,C2,1,google.com,116,11,8,0,0,0,hit_max_rounds,61.3,0
fara-7b,Google_Flights--32,C2,1,google.com,120,11,8,0,0,0,hit_max_rounds,61.6,0
fara-7b,Google_Flights--33,C2,1,google.com,118,11,8,0,0,0,hit_max_rounds,61.7,0
fara-7b,Google_Flights--34,C2,1,google.com,100,11,8,0,0,0,hit_max_rounds,62.3,0
fara-7b,Google_Flights--35,C2,1,google.com,109,11,8,0,0,0,hit_max_rounds,61.5,0
fara-7b,Google_Flights--36,C2,1,google.com,112,11,8,0,0,0,hit_max_rounds,62.0,0
fara-7b,Google_Flights--37,C2,1,google.com,108,11,8,0,0,0,hit_max_rounds,61.8,0
fara-7b,Google_Flights--38,C2,1,google.com,104,11,8,0,0,0,hit_max_rounds,61.8,0
fara-7b,Google_Flights--39,C2,1,google.com,147,11,8,0,0,0,hit_max_rounds,61.5,0
fara-7b,Google_Flights--4,C2,1,google.com,106,11,8,0,0,0,hit_max_rounds,60.5,0
fara-7b,Google_Flights--40,C2,1,google.com,318,12,9,0,0,0,hit_max_rounds,64.2,0
fara-7b,Google_Flights--41,C2,1,google.com,144,11,8,0,0,0,hit_max_rounds,61.5,0
fara-7b,Google_Flights--5,C2,1,google.com,94,11,8,0,0,0,hit_max_rounds,61.1,0
fara-7b,Google_Flights--6,C2,1,google.com,118,11,8,0,0,0,hit_max_rounds,62.5,0
fara-7b,Google_Flights--7,C2,1,google.com,102,11,8,0,0,0,hit_max_rounds,61.2,0
fara-7b,Google_Flights--8,C2,1,google.com,99,11,8,0,0,0,hit_max_rounds,61.4,0
fara-7b,Google_Flights--9,C2,1,google.com,108,11,8,0,0,0,hit_max_rounds,61.6,0
fara-7b,Google_Map--0,C2,1,google.com,512,15,8,0,0,0,success,36.3,0
fara-7b,Google_Map--1,C2,1,google.com,573,14,9,0,2,0,success,89.1,0
fara-7b,Google_Map--10,C2,1,google.com,419,13,8,0,0,0,success,55.4,0
fara-7b,Google_Map--11,C2,1,google.com,509,17,10,0,2,0,success,44.2,0
fara-7b,Google_Map--12,C2,1,google.com,555,13,8,0,0,0,success,43.2,0
fara-7b,Google_Map--13,C2,1,google.com,955,15,10,0,1,0,hit_max_rounds,66.7,0
fara-7b,Google_Map--14,C2,1,google.com,613,14,9,0,0,0,success,26.7,0
fara-7b,Google_Map--15,C2,1,google.com,967,19,14,0,0,0,hit_max_rounds,63.5,0
fara-7b,Google_Map--16,C2,1,google.com,949,16,11,0,2,0,hit_max_rounds,64.4,0
fara-7b,Google_Map--17,C2,1,google.com,647,14,9,0,0,0,hit_max_rounds,60.7,0
fara-7b,Google_Map--18,C2,1,google.com,440,13,8,0,0,0,success,46.6,0
fara-7b,Google_Map--19,C2,1,google.com,752,14,9,0,0,0,hit_max_rounds,65.8,0
fara-7b,Google_Map--2,C2,1,google.com,526,12,7,0,0,0,success,27.6,0
fara-7b,Google_Map--20,C2,1,google.com,780,17,12,0,0,0,success,36.8,0
fara-7b,Google_Map--21,C2,1,google.com,549,14,9,0,0,0,success,25.6,0
fara-7b,Google_Map--22,C2,1,google.com,412,14,9,0,0,0,success,29.6,0
fara-7b,Google_Map--23,C2,1,google.com,275,13,8,0,6,0,hit_max_rounds,52.9,0
fara-7b,Google_Map--24,C2,1,google.com,475,13,8,0,0,0,success,51.1,0
fara-7b,Google_Map--25,C2,1,google.com,544,14,9,0,0,0,success,25.5,0
fara-7b,Google_Map--26,C2,1,google.com,607,19,14,0,0,0,success,44.5,0
fara-7b,Google_Map--27,C2,1,google.com,755,13,8,0,0,0,success,39.5,0
fara-7b,Google_Map--28,C2,1,google.com,337,13,8,0,2,0,hit_max_rounds,56.5,0
fara-7b,Google_Map--29,C2,1,google.com,179,10,7,0,8,0,hit_max_rounds,50.5,0
fara-7b,Google_Map--3,C2,1,google.com,1002,18,13,0,0,0,hit_max_rounds,68.4,0
fara-7b,Google_Map--30,C2,1,google.com,660,14,9,0,0,0,success,33.3,0
fara-7b,Google_Map--31,C2,1,google.com,522,17,12,0,0,0,success,38.6,0
fara-7b,Google_Map--32,C2,1,google.com,932,15,10,0,0,0,hit_max_rounds,66.1,0
fara-7b,Google_Map--33,C2,1,google.com,483,15,10,0,0,0,hit_max_rounds,58.5,0
fara-7b,Google_Map--34,C2,1,google.com,679,15,8,0,0,0,success,37.2,0
fara-7b,Google_Map--35,C2,1,google.com,386,13,8,0,0,0,success,36.9,0
fara-7b,Google_Map--36,C2,1,google.com,464,13,8,0,0,0,success,35.7,0
fara-7b,Google_Map--37,C2,1,google.com,760,14,9,0,0,0,success,54.4,0
fara-7b,Google_Map--38,C2,1,google.com,453,12,7,0,0,0,success,29.0,0
fara-7b,Google_Map--39,C2,1,google.com,454,13,8,0,0,0,success,41.2,0
fara-7b,Google_Map--4,C2,1,google.com,564,14,9,0,0,0,hit_max_rounds,64.4,0
fara-7b,Google_Map--40,C2,1,google.com,324,13,8,0,7,0,hit_max_rounds,54.8,0
fara-7b,Google_Map--5,C2,1,google.com,1049,15,10,0,0,0,hit_max_rounds,64.7,0
fara-7b,Google_Map--6,C2,1,google.com,442,12,7,0,0,0,success,36.2,0
fara-7b,Google_Map--7,C2,1,google.com,590,15,10,0,0,0,success,29.1,0
fara-7b,Google_Map--8,C2,1,google.com,426,13,8,0,0,0,success,25.7,0
fara-7b,Google_Map--9,C2,1,google.com,700,15,8,0,0,0,success,32.6,0
fara-7b,Google_Search--0,C2,1,google.com,123,7,4,0,4,0,hit_max_rounds,54.5,0
fara-7b,Google_Search--1,C2,1,google.com,91,7,4,0,2,0,hit_max_rounds,51.4,0
fara-7b,Google_Search--10,C2,1,google.com,65,6,3,0,3,0,hit_max_rounds,51.4,0
fara-7b,Google_Search--11,C2,1,google.com,94,6,3,0,3,0,hit_max_rounds,51.4,0
fara-7b,Google_Search--12,C2,1,google.com,65,6,3,0,4,0,hit_max_rounds,48.8,0
fara-7b,Google_Search--13,C2,1,google.com,73,6,3,0,8,0,hit_max_rounds,48.9,0
fara-7b,Google_Search--14,C2,1,google.com,154,7,4,0,5,0,hit_max_rounds,55.0,0
fara-7b,Google_Search--15,C2,1,google.com,59,6,3,0,1,0,hit_max_rounds,48.4,0
fara-7b,Google_Search--16,C2,1,google.com,73,6,3,0,8,0,hit_max_rounds,49.0,0
fara-7b,Google_Search--17,C2,1,google.com,60,6,3,0,1,0,hit_max_rounds,47.2,0
fara-7b,Google_Search--18,C2,1,google.com,88,7,4,0,1,0,success,25.3,0
fara-7b,Google_Search--19,C2,1,google.com,65,6,3,0,4,0,hit_max_rounds,50.1,0
fara-7b,Google_Search--2,C2,1,google.com,90,7,4,0,7,0,hit_max_rounds,52.4,0
fara-7b,Google_Search--20,C2,1,google.com,88,7,4,0,1,0,success,24.6,0
fara-7b,Google_Search--21,C2,1,google.com,95,7,4,0,5,0,hit_max_rounds,52.7,0
fara-7b,Google_Search--22,C2,1,google.com,100,6,3,0,6,0,hit_max_rounds,49.6,0
fara-7b,Google_Search--23,C2,1,google.com,91,8,5,0,1,0,success,31.3,0
fara-7b,Google_Search--24,C2,1,google.com,61,6,3,0,2,0,success,21.0,0
fara-7b,Google_Search--25,C2,1,google.com,69,6,3,0,6,0,hit_max_rounds,48.3,0
fara-7b,Google_Search--26,C2,1,google.com,96,6,3,0,4,0,hit_max_rounds,49.3,0
fara-7b,Google_Search--27,C2,1,google.com,73,6,3,0,8,0,hit_max_rounds,49.6,0
fara-7b,Google_Search--28,C2,1,google.com,97,7,4,0,6,0,agent_error,48.0,0
fara-7b,Google_Search--29,C2,1,google.com,75,6,3,0,8,0,hit_max_rounds,49.7,0
fara-7b,Google_Search--3,C2,1,google.com,95,7,4,0,5,0,hit_max_rounds,52.0,0
fara-7b,Google_Search--30,C2,1,google.com,71,6,3,0,7,0,hit_max_rounds,49.6,0
fara-7b,Google_Search--31,C2,1,google.com,76,6,3,0,8,0,hit_max_rounds,49.4,0
fara-7b,Google_Search--32,C2,1,google.com,87,7,4,0,1,0,success,24.4,0
fara-7b,Google_Search--33,C2,1,google.com,88,7,4,0,1,0,hit_max_rounds,51.6,0
fara-7b,Google_Search--34,C2,1,google.com,73,6,3,0,8,0,hit_max_rounds,48.4,0
fara-7b,Google_Search--35,C2,1,google.com,79,6,3,0,1,0,agent_error,71.9,0
fara-7b,Google_Search--36,C2,1,google.com,67,6,3,0,5,0,hit_max_rounds,48.1,0
fara-7b,Google_Search--37,C2,1,google.com,126,6,3,0,4,0,hit_max_rounds,50.0,0
fara-7b,Google_Search--38,C2,1,google.com,92,6,3,0,3,0,hit_max_rounds,48.4,0
fara-7b,Google_Search--39,C2,1,google.com,71,6,3,0,7,0,hit_max_rounds,49.2,0
fara-7b,Google_Search--4,C2,1,google.com,60,6,3,0,1,0,hit_max_rounds,47.1,0
fara-7b,Google_Search--40,C2,1,google.com,117,7,4,0,1,0,success,30.9,0
fara-7b,Google_Search--41,C2,1,google.com,102,7,4,0,7,0,hit_max_rounds,52.2,0
fara-7b,Google_Search--42,C2,1,google.com,101,7,4,0,4,0,hit_max_rounds,55.9,0
fara-7b,Google_Search--5,C2,1,google.com,102,6,3,0,7,0,hit_max_rounds,48.4,0
fara-7b,Google_Search--6,C2,1,google.com,75,6,3,0,8,0,hit_max_rounds,47.5,0
fara-7b,Google_Search--7,C2,1,google.com,72,6,3,0,7,0,hit_max_rounds,51.1,0
fara-7b,Google_Search--8,C2,1,google.com,69,6,3,0,6,0,hit_max_rounds,49.0,0
fara-7b,Google_Search--9,C2,1,google.com,95,7,4,0,5,0,hit_max_rounds,54.0,0
fara-7b,Huggingface--0,C2,1,huggingface.co,252,8,6,0,2,0,agent_error,38.5,0
fara-7b,Huggingface--1,C2,1,huggingface.co,212,9,7,0,3,0,hit_max_rounds,60.1,0
fara-7b,Huggingface--10,C2,1,huggingface.co,208,8,6,0,3,0,hit_max_rounds,60.9,0
fara-7b,Huggingface--11,C2,1,huggingface.co,109,8,6,0,7,0,hit_max_rounds,50.9,0
fara-7b,Huggingface--12,C2,1,huggingface.co,205,7,5,0,2,0,success,24.4,0
fara-7b,Huggingface--13,C2,1,huggingface.co,113,8,6,0,9,0,hit_max_rounds,49.5,0
fara-7b,Huggingface--14,C2,1,huggingface.co,120,7,5,0,2,0,success,23.9,0
fara-7b,Huggingface--15,C2,1,huggingface.co,217,8,6,0,2,0,hit_max_rounds,55.3,0
fara-7b,Huggingface--16,C2,1,huggingface.co,411,8,6,0,3,0,success,50.8,0
fara-7b,Huggingface--17,C2,1,huggingface.co,388,8,6,0,3,0,success,43.5,0
fara-7b,Huggingface--18,C2,1,huggingface.co,387,12,10,0,5,0,hit_max_rounds,60.7,0
fara-7b,Huggingface--19,C2,1,huggingface.co,386,8,6,0,4,0,success,56.2,0
fara-7b,Huggingface--2,C2,1,huggingface.co,226,8,6,0,2,0,hit_max_rounds,61.4,0
fara-7b,Huggingface--20,C2,1,huggingface.co,207,8,6,0,2,0,hit_max_rounds,55.8,0
fara-7b,Huggingface--21,C2,1,huggingface.co,137,8,6,0,7,0,hit_max_rounds,54.7,0
fara-7b,Huggingface--22,C2,1,huggingface.co,107,8,6,0,6,0,hit_max_rounds,51.0,0
fara-7b,Huggingface--23,C2,1,huggingface.co,335,12,10,0,6,0,hit_max_rounds,52.5,0
fara-7b,Huggingface--24,C2,1,huggingface.co,214,8,6,0,2,0,success,42.4,0
fara-7b,Huggingface--25,C2,1,huggingface.co,334,7,5,0,4,0,success,58.7,0
fara-7b,Huggingface--26,C2,1,huggingface.co,361,8,6,0,3,0,success,30.9,0
fara-7b,Huggingface--27,C2,1,huggingface.co,176,7,5,0,2,0,success,30.2,0
fara-7b,Huggingface--28,C2,1,huggingface.co,351,7,5,0,4,0,success,37.6,0
fara-7b,Huggingface--29,C2,1,huggingface.co,345,11,9,0,3,0,success,37.6,0
fara-7b,Huggingface--3,C2,1,huggingface.co,205,7,5,0,2,0,success,46.3,0
fara-7b,Huggingface--30,C2,1,huggingface.co,205,8,6,0,2,0,agent_error,21.1,0
fara-7b,Huggingface--31,C2,1,huggingface.co,232,8,6,0,2,0,success,30.6,0
fara-7b,Huggingface--32,C2,1,huggingface.co,325,7,5,0,2,0,hit_max_rounds,52.8,0
fara-7b,Huggingface--33,C2,1,huggingface.co,177,9,7,0,8,0,hit_max_rounds,53.3,0
fara-7b,Huggingface--34,C2,1,huggingface.co,107,8,6,0,6,0,hit_max_rounds,49.7,0
fara-7b,Huggingface--35,C2,1,huggingface.co,99,8,6,0,2,0,hit_max_rounds,51.7,0
fara-7b,Huggingface--36,C2,1,huggingface.co,120,7,5,0,2,0,success,24.2,0
fara-7b,Huggingface--37,C2,1,huggingface.co,388,8,6,0,7,0,hit_max_rounds,59.7,0
fara-7b,Huggingface--38,C2,1,huggingface.co,179,8,6,0,7,0,hit_max_rounds,58.7,0
fara-7b,Huggingface--39,C2,1,huggingface.co,315,9,7,0,8,0,hit_max_rounds,56.3,0
fara-7b,Huggingface--4,C2,1,huggingface.co,206,8,6,0,2,0,hit_max_rounds,54.8,0
fara-7b,Huggingface--40,C2,1,huggingface.co,164,9,7,0,3,0,success,24.3,0
fara-7b,Huggingface--41,C2,1,huggingface.co,400,9,7,0,3,0,success,49.0,0
fara-7b,Huggingface--42,C2,1,huggingface.co,322,7,5,0,3,0,success,31.0,0
fara-7b,Huggingface--5,C2,1,huggingface.co,383,8,6,0,3,0,success,31.8,0
fara-7b,Huggingface--6,C2,1,huggingface.co,363,12,10,0,5,0,hit_max_rounds,58.7,0
fara-7b,Huggingface--7,C2,1,huggingface.co,176,7,5,0,2,0,success,23.5,0
fara-7b,Huggingface--8,C2,1,huggingface.co,369,10,8,0,5,0,hit_max_rounds,53.1,0
fara-7b,Huggingface--9,C2,1,huggingface.co,360,9,6,0,3,0,success,54.3,0
fara-7b,Wolfram_Alpha--0,C2,1,wolframalpha.com,76,3,1,0,0,0,success,22.5,0
fara-7b,Wolfram_Alpha--1,C2,1,wolframalpha.com,130,3,1,0,0,0,success,24.5,0
fara-7b,Wolfram_Alpha--10,C2,1,wolframalpha.com,91,4,2,0,0,0,success,22.2,0
fara-7b,Wolfram_Alpha--11,C2,1,wolframalpha.com,147,4,2,0,0,0,success,30.0,0
fara-7b,Wolfram_Alpha--12,C2,1,wolframalpha.com,39,3,1,0,4,0,hit_max_rounds,51.7,0
fara-7b,Wolfram_Alpha--13,C2,1,wolframalpha.com,121,4,2,0,0,0,success,23.9,0
fara-7b,Wolfram_Alpha--14,C2,1,wolframalpha.com,195,4,2,0,0,0,success,58.2,0
fara-7b,Wolfram_Alpha--15,C2,1,wolframalpha.com,167,4,2,0,0,0,success,23.1,0
fara-7b,Wolfram_Alpha--16,C2,1,wolframalpha.com,188,4,2,0,0,0,success,24.3,0
fara-7b,Wolfram_Alpha--17,C2,1,wolframalpha.com,118,4,2,0,0,0,success,24.2,0
fara-7b,Wolfram_Alpha--18,C2,1,wolframalpha.com,59,3,1,0,0,0,success,30.5,0
fara-7b,Wolfram_Alpha--19,C2,1,wolframalpha.com,167,5,3,0,3,0,hit_max_rounds,54.8,0
fara-7b,Wolfram_Alpha--2,C2,1,wolframalpha.com,52,3,1,0,0,0,success,22.7,0
fara-7b,Wolfram_Alpha--20,C2,1,wolframalpha.com,120,3,1,0,0,0,success,30.3,0
fara-7b,Wolfram_Alpha--21,C2,1,wolframalpha.com,73,3,1,0,0,0,success,30.3,0
fara-7b,Wolfram_Alpha--22,C2,1,wolframalpha.com,96,4,2,0,0,0,success,23.8,0
fara-7b,Wolfram_Alpha--23,C2,1,wolframalpha.com,130,4,2,0,0,0,success,16.9,0
fara-7b,Wolfram_Alpha--24,C2,1,wolframalpha.com,89,3,1,0,0,0,success,24.1,0
fara-7b,Wolfram_Alpha--25,C2,1,wolframalpha.com,233,4,2,0,0,0,hit_max_rounds,55.0,0
fara-7b,Wolfram_Alpha--26,C2,1,wolframalpha.com,150,4,2,0,2,0,hit_max_rounds,53.4,0
fara-7b,Wolfram_Alpha--27,C2,1,wolframalpha.com,142,4,2,0,0,0,success,23.9,0
fara-7b,Wolfram_Alpha--28,C2,1,wolframalpha.com,33,3,1,0,1,0,success,22.9,0
fara-7b,Wolfram_Alpha--29,C2,1,wolframalpha.com,71,4,2,0,0,0,success,23.4,0
fara-7b,Wolfram_Alpha--3,C2,1,wolframalpha.com,72,3,1,0,0,0,success,23.3,0
fara-7b,Wolfram_Alpha--30,C2,1,wolframalpha.com,88,5,3,0,2,0,success,49.1,0
fara-7b,Wolfram_Alpha--31,C2,1,wolframalpha.com,105,4,2,0,0,0,success,23.4,0
fara-7b,Wolfram_Alpha--32,C2,1,wolframalpha.com,90,4,2,0,0,0,success,26.2,0
fara-7b,Wolfram_Alpha--33,C2,1,wolframalpha.com,87,4,2,0,0,0,success,24.0,0
fara-7b,Wolfram_Alpha--34,C2,1,wolframalpha.com,136,4,2,0,0,0,success,22.3,0
fara-7b,Wolfram_Alpha--35,C2,1,wolframalpha.com,70,3,1,0,0,0,success,22.4,0
fara-7b,Wolfram_Alpha--36,C2,1,wolframalpha.com,107,3,1,0,0,0,success,23.8,0
fara-7b,Wolfram_Alpha--37,C2,1,wolframalpha.com,125,4,2,0,0,0,success,23.6,0
fara-7b,Wolfram_Alpha--38,C2,1,wolframalpha.com,95,3,1,0,0,0,success,23.7,0
fara-7b,Wolfram_Alpha--39,C2,1,wolframalpha.com,149,4,2,0,0,0,success,34.9,0
fara-7b,Wolfram_Alpha--4,C2,1,wolframalpha.com,84,4,2,0,0,0,success,39.7,0
fara-7b,Wolfram_Alpha--40,C2,1,wolframalpha.com,170,4,2,0,0,0,hit_max_rounds,53.5,0
fara-7b,Wolfram_Alpha--41,C2,1,wolframalpha.com,150,4,2,0,0,0,success,23.1,0
fara-7b,Wolfram_Alpha--42,C2,1,wolframalpha.com,154,4,2,0,0,0,success,24.1,0
fara-7b,Wolfram_Alpha--43,C2,1,wolframalpha.com,139,4,2,0,0,0,success,54.3,0
fara-7b,Wolfram_Alpha--44,C2,1,wolframalpha.com,148,3,1,0,0,0,success,30.3,0
fara-7b,Wolfram_Alpha--45,C2,1,wolframalpha.com,204,4,2,0,0,0,success,43.1,0
fara-7b,Wolfram_Alpha--5,C2,1,wolframalpha.com,77,3,1,0,0,0,success,35.6,0
fara-7b,Wolfram_Alpha--6,C2,1,wolframalpha.com,95,4,2,0,0,0,success,23.3,0
fara-7b,Wolfram_Alpha--7,C2,1,wolframalpha.com,206,4,2,0,0,0,success,24.0,0
fara-7b,Wolfram_Alpha--8,C2,1,wolframalpha.com,101,3,1,0,0,0,success,23.1,0
fara-7b,Wolfram_Alpha--9,C2,1,wolframalpha.com,103,4,2,0,0,0,success,22.3,0
fara-7b,Allrecipes--0,C5,1,allrecipes.com,1188,222,219,0,0,0,success,54.1,0
fara-7b,Allrecipes--1,C5,1,allrecipes.com,1185,224,221,0,0,0,success,31.8,0
fara-7b,Allrecipes--10,C5,1,allrecipes.com,593,62,59,0,0,0,hit_max_rounds,63.1,0
fara-7b,Allrecipes--11,C5,1,allrecipes.com,1129,224,221,0,0,0,success,31.8,0
fara-7b,Allrecipes--12,C5,1,allrecipes.com,1409,245,242,0,0,0,success,50.9,0
fara-7b,Allrecipes--13,C5,1,allrecipes.com,1442,253,250,0,0,0,success,58.4,0
fara-7b,Allrecipes--14,C5,1,allrecipes.com,1172,245,242,0,0,0,success,31.0,0
fara-7b,Allrecipes--15,C5,1,allrecipes.com,1070,207,204,0,0,0,success,44.3,0
fara-7b,Allrecipes--16,C5,1,allrecipes.com,1152,218,215,0,0,0,success,43.9,0
fara-7b,Allrecipes--17,C5,1,allrecipes.com,1215,229,226,0,0,0,success,49.1,0
fara-7b,Allrecipes--18,C5,1,allrecipes.com,1342,235,232,0,0,0,success,51.0,0
fara-7b,Allrecipes--19,C5,1,allrecipes.com,1161,236,233,0,0,0,success,49.8,0
fara-7b,Allrecipes--2,C5,1,allrecipes.com,1364,227,224,0,0,0,hit_max_rounds,57.8,0
fara-7b,Allrecipes--20,C5,1,allrecipes.com,1215,217,214,0,0,0,success,49.1,0
fara-7b,Allrecipes--21,C5,1,allrecipes.com,1190,231,228,0,0,0,success,37.8,0
fara-7b,Allrecipes--22,C5,1,allrecipes.com,1329,246,243,0,0,0,hit_max_rounds,60.3,0
fara-7b,Allrecipes--23,C5,1,allrecipes.com,1261,236,233,0,0,0,success,50.7,0
fara-7b,Allrecipes--24,C5,1,allrecipes.com,999,204,201,0,0,0,success,36.1,0
fara-7b,Allrecipes--25,C5,1,allrecipes.com,1527,265,262,0,0,0,success,57.6,0
fara-7b,Allrecipes--26,C5,1,allrecipes.com,1240,231,228,0,0,0,success,50.4,0
fara-7b,Allrecipes--27,C5,1,allrecipes.com,1096,219,216,0,0,0,success,51.1,0
fara-7b,Allrecipes--28,C5,1,allrecipes.com,1270,236,233,0,0,0,success,33.2,0
fara-7b,Allrecipes--29,C5,1,allrecipes.com,1098,204,201,0,0,0,success,49.3,0
fara-7b,Allrecipes--3,C5,1,allrecipes.com,1201,237,234,0,0,0,success,38.9,0
fara-7b,Allrecipes--30,C5,1,allrecipes.com,1692,286,282,0,0,0,hit_max_rounds,59.3,0
fara-7b,Allrecipes--31,C5,1,allrecipes.com,1309,248,245,0,0,0,hit_max_rounds,64.6,0
fara-7b,Allrecipes--32,C5,1,allrecipes.com,1184,241,238,0,0,0,success,38.5,0
fara-7b,Allrecipes--33,C5,1,allrecipes.com,1678,278,275,0,0,0,success,52.1,0
fara-7b,Allrecipes--34,C5,1,allrecipes.com,1066,216,213,0,0,0,success,25.0,0
fara-7b,Allrecipes--35,C5,1,allrecipes.com,879,185,182,0,0,0,success,24.3,0
fara-7b,Allrecipes--36,C5,1,allrecipes.com,1160,222,219,0,0,0,success,53.6,0
fara-7b,Allrecipes--37,C5,1,allrecipes.com,1115,237,234,0,0,0,success,44.7,0
fara-7b,Allrecipes--38,C5,1,allrecipes.com,1063,228,225,0,0,0,success,25.1,0
fara-7b,Allrecipes--39,C5,1,allrecipes.com,1209,232,229,0,0,0,hit_max_rounds,64.0,0
fara-7b,Allrecipes--4,C5,1,allrecipes.com,1275,228,225,0,0,0,hit_max_rounds,54.9,0
fara-7b,Allrecipes--40,C5,1,allrecipes.com,235,80,77,0,0,0,success,51.7,0
fara-7b,Allrecipes--41,C5,1,allrecipes.com,785,204,201,0,0,0,success,39.9,0
fara-7b,Allrecipes--42,C5,1,allrecipes.com,1126,223,220,0,0,0,success,25.2,0
fara-7b,Allrecipes--43,C5,1,allrecipes.com,1076,207,204,0,0,0,hit_max_rounds,55.4,0
fara-7b,Allrecipes--44,C5,1,allrecipes.com,749,210,207,0,0,0,success,26.6,0
fara-7b,Allrecipes--5,C5,1,allrecipes.com,1390,236,233,0,0,0,success,56.0,0
fara-7b,Allrecipes--6,C5,1,allrecipes.com,1203,220,217,0,0,0,success,58.2,0
fara-7b,Allrecipes--7,C5,1,allrecipes.com,1392,246,243,0,0,0,hit_max_rounds,56.7,0
fara-7b,Allrecipes--8,C5,1,allrecipes.com,1068,230,227,0,0,0,success,25.4,0
fara-7b,Allrecipes--9,C5,1,allrecipes.com,1249,233,230,0,0,0,hit_max_rounds,56.0,0
fara-7b,Amazon--0,C5,1,amazon.com,901,38,33,0,0,0,success,32.7,0
fara-7b,Amazon--1,C5,1,amazon.com,805,54,49,0,0,0,hit_max_rounds,55.2,0
fara-7b,Amazon--10,C5,1,amazon.com,849,30,26,0,0,0,hit_max_rounds,58.4,0
fara-7b,Amazon--11,C5,1,amazon.com,976,31,26,0,0,0,hit_max_rounds,63.3,0
fara-7b,Amazon--12,C5,1,amazon.com,1240,63,57,0,0,0,hit_max_rounds,59.3,0
fara-7b,Amazon--13,C5,1,amazon.com,1140,33,28,0,0,0,hit_max_rounds,59.6,0
fara-7b,Amazon--14,C5,1,amazon.com,752,34,29,0,0,0,hit_max_rounds,57.9,0
fara-7b,Amazon--15,C5,1,amazon.com,1142,31,26,0,0,0,success,61.5,0
fara-7b,Amazon--16,C5,1,amazon.com,1309,57,52,0,0,0,hit_max_rounds,60.5,0
fara-7b,Amazon--17,C5,1,amazon.com,1081,38,33,0,0,0,hit_max_rounds,61.1,0
fara-7b,Amazon--18,C5,1,amazon.com,589,30,26,0,0,0,success,30.0,0
fara-7b,Amazon--19,C5,1,amazon.com,604,30,25,0,0,0,hit_max_rounds,56.8,0
fara-7b,Amazon--2,C5,1,amazon.com,1061,40,34,0,0,0,hit_max_rounds,53.0,0
fara-7b,Amazon--20,C5,1,amazon.com,1065,39,33,0,0,0,hit_max_rounds,58.1,0
fara-7b,Amazon--21,C5,1,amazon.com,1313,32,26,0,0,0,hit_max_rounds,55.8,0
fara-7b,Amazon--22,C5,1,amazon.com,727,33,28,0,0,0,hit_max_rounds,58.2,0
fara-7b,Amazon--23,C5,1,amazon.com,836,32,27,0,0,0,hit_max_rounds,56.4,0
fara-7b,Amazon--24,C5,1,amazon.com,839,32,27,0,0,0,hit_max_rounds,58.9,0
fara-7b,Amazon--25,C5,1,amazon.com,733,29,24,0,0,0,hit_max_rounds,60.1,0
fara-7b,Amazon--26,C5,1,amazon.com,1026,55,50,0,0,0,success,35.6,0
fara-7b,Amazon--27,C5,1,amazon.com,692,30,25,0,0,0,unknown,,-9
fara-7b,Amazon--28,C5,1,amazon.com,1160,30,25,0,0,0,hit_max_rounds,57.7,0
fara-7b,Amazon--29,C5,1,amazon.com,1206,31,25,0,0,0,hit_max_rounds,65.8,0
fara-7b,Amazon--3,C5,1,amazon.com,1491,75,70,0,0,0,hit_max_rounds,62.8,0
fara-7b,Amazon--30,C5,1,amazon.com,1003,40,35,0,0,0,hit_max_rounds,53.7,0
fara-7b,Amazon--31,C5,1,amazon.com,916,31,26,0,0,0,hit_max_rounds,58.1,0
fara-7b,Amazon--32,C5,1,amazon.com,1069,33,28,0,0,0,hit_max_rounds,56.6,0
fara-7b,Amazon--33,C5,1,amazon.com,937,31,26,0,0,0,hit_max_rounds,56.7,0
fara-7b,Amazon--34,C5,1,amazon.com,1020,30,25,0,0,0,hit_max_rounds,59.2,0
fara-7b,Amazon--35,C5,1,amazon.com,972,30,24,0,0,0,success,41.2,0
fara-7b,Amazon--36,C5,1,amazon.com,1132,29,24,0,0,0,hit_max_rounds,63.2,0
fara-7b,Amazon--37,C5,1,amazon.com,910,29,24,0,0,0,success,40.4,0
fara-7b,Amazon--38,C5,1,amazon.com,946,30,25,0,0,0,success,60.1,0
fara-7b,Amazon--39,C5,1,amazon.com,1165,31,25,0,0,0,success,54.5,0
fara-7b,Amazon--4,C5,1,amazon.com,614,52,47,0,0,0,hit_max_rounds,59.3,0
fara-7b,Amazon--40,C5,1,amazon.com,903,35,29,0,0,0,hit_max_rounds,58.0,0
fara-7b,Amazon--5,C5,1,amazon.com,680,11,8,0,0,0,hit_max_rounds,62.8,0
fara-7b,Amazon--6,C5,1,amazon.com,1013,33,28,0,0,0,hit_max_rounds,53.9,0
fara-7b,Amazon--7,C5,1,amazon.com,744,29,24,0,0,0,hit_max_rounds,60.3,0
fara-7b,Amazon--8,C5,1,amazon.com,1048,52,47,0,0,0,hit_max_rounds,64.6,0
fara-7b,Amazon--9,C5,1,amazon.com,1237,37,32,0,0,0,hit_max_rounds,61.5,0
fara-7b,Apple--0,C5,1,apple.com,246,3,0,0,0,0,success,47.9,0
fara-7b,Apple--1,C5,1,apple.com,515,14,7,0,0,0,hit_max_rounds,53.0,0
fara-7b,Apple--10,C5,1,apple.com,265,10,7,0,0,0,success,22.4,0
fara-7b,Apple--11,C5,1,apple.com,352,5,1,0,0,0,hit_max_rounds,55.3,0
fara-7b,Apple--12,C5,1,apple.com,306,14,8,0,0,0,success,50.9,0
fara-7b,Apple--13,C5,1,apple.com,359,10,7,0,0,0,success,29.0,0
fara-7b,Apple--14,C5,1,apple.com,320,5,1,0,0,0,hit_max_rounds,55.6,0
fara-7b,Apple--15,C5,1,apple.com,330,6,2,0,0,0,hit_max_rounds,57.9,0
fara-7b,Apple--16,C5,1,apple.com,150,3,0,0,0,0,success,34.4,0
fara-7b,Apple--17,C5,1,apple.com,243,6,2,0,0,0,hit_max_rounds,54.3,0
fara-7b,Apple--18,C5,1,apple.com,277,5,1,0,0,0,success,58.9,0
fara-7b,Apple--19,C5,1,apple.com,396,11,8,0,0,0,hit_max_rounds,55.3,0
fara-7b,Apple--2,C5,1,apple.com,190,3,0,0,0,0,success,48.7,0
fara-7b,Apple--20,C5,1,apple.com,641,58,55,0,0,0,success,26.0,0
fara-7b,Apple--21,C5,1,apple.com,536,10,6,0,0,0,hit_max_rounds,58.0,0
fara-7b,Apple--22,C5,1,apple.com,121,4,1,0,0,0,hit_max_rounds,53.2,0
fara-7b,Apple--23,C5,1,apple.com,195,3,0,0,0,0,success,50.6,0
fara-7b,Apple--24,C5,1,apple.com,194,3,0,0,0,0,success,29.3,0
fara-7b,Apple--25,C5,1,apple.com,384,10,6,0,0,0,hit_max_rounds,57.5,0
fara-7b,Apple--26,C5,1,apple.com,414,8,5,0,0,0,hit_max_rounds,55.9,0
fara-7b,Apple--27,C5,1,apple.com,196,4,1,0,0,0,success,47.8,0
fara-7b,Apple--28,C5,1,apple.com,258,4,1,0,0,0,hit_max_rounds,54.1,0
fara-7b,Apple--29,C5,1,apple.com,276,3,0,0,0,0,hit_max_rounds,53.3,0
fara-7b,Apple--3,C5,1,apple.com,308,11,8,0,0,0,hit_max_rounds,54.9,0
fara-7b,Apple--30,C5,1,apple.com,317,5,1,0,0,0,success,47.4,0
fara-7b,Apple--31,C5,1,apple.com,387,8,5,0,0,0,success,40.3,0
fara-7b,Apple--32,C5,1,apple.com,136,4,1,0,0,0,hit_max_rounds,57.1,0
fara-7b,Apple--33,C5,1,apple.com,298,3,0,0,0,0,hit_max_rounds,52.9,0
fara-7b,Apple--34,C5,1,apple.com,151,3,0,0,0,0,success,38.0,0
fara-7b,Apple--35,C5,1,apple.com,406,6,2,0,0,0,hit_max_rounds,59.4,0
fara-7b,Apple--36,C5,1,apple.com,234,12,1,0,0,0,hit_max_rounds,52.9,0
fara-7b,Apple--37,C5,1,apple.com,174,3,0,0,0,0,hit_max_rounds,56.0,0
fara-7b,Apple--38,C5,1,apple.com,371,11,8,0,0,0,success,25.7,0
fara-7b,Apple--39,C5,1,apple.com,131,8,1,0,0,0,hit_max_rounds,59.4,0
fara-7b,Apple--4,C5,1,apple.com,316,5,1,0,0,0,hit_max_rounds,56.1,0
fara-7b,Apple--40,C5,1,apple.com,114,3,0,0,0,0,hit_max_rounds,49.8,0
fara-7b,Apple--41,C5,1,apple.com,329,5,1,0,0,0,hit_max_rounds,58.0,0
fara-7b,Apple--42,C5,1,apple.com,154,7,0,0,0,0,hit_max_rounds,52.9,0
fara-7b,Apple--5,C5,1,apple.com,394,11,8,0,0,0,success,55.7,0
fara-7b,Apple--6,C5,1,apple.com,115,3,0,0,0,0,hit_max_rounds,52.0,0
fara-7b,Apple--7,C5,1,apple.com,157,6,2,0,0,0,hit_max_rounds,52.2,0
fara-7b,Apple--8,C5,1,apple.com,345,10,7,0,0,0,hit_max_rounds,58.5,0
fara-7b,Apple--9,C5,1,apple.com,289,6,2,0,0,0,hit_max_rounds,57.6,0
fara-7b,ArXiv--0,C5,1,arxiv.org,33,2,0,0,0,0,success,30.2,0
fara-7b,ArXiv--1,C5,1,arxiv.org,31,2,0,0,0,0,hit_max_rounds,57.1,0
fara-7b,ArXiv--10,C5,1,arxiv.org,58,9,6,0,0,0,success,29.4,0
fara-7b,ArXiv--11,C5,1,arxiv.org,68,9,6,0,0,0,success,35.5,0
fara-7b,ArXiv--12,C5,1,arxiv.org,77,9,6,0,0,0,success,35.8,0
fara-7b,ArXiv--13,C5,1,arxiv.org,77,5,3,0,0,0,success,28.5,0
fara-7b,ArXiv--14,C5,1,arxiv.org,37,5,3,0,0,0,success,50.1,0
fara-7b,ArXiv--15,C5,1,arxiv.org,36,5,3,0,0,0,hit_max_rounds,58.7,0
fara-7b,ArXiv--16,C5,1,arxiv.org,41,4,2,0,0,0,success,28.7,0
fara-7b,ArXiv--17,C5,1,arxiv.org,249,13,11,0,0,0,success,53.9,0
fara-7b,ArXiv--18,C5,1,arxiv.org,42,4,2,0,0,0,hit_max_rounds,54.3,0
fara-7b,ArXiv--19,C5,1,arxiv.org,129,15,14,0,0,0,success,56.3,0
fara-7b,ArXiv--2,C5,1,arxiv.org,104,5,3,0,0,0,success,30.4,0
fara-7b,ArXiv--20,C5,1,arxiv.org,40,4,2,0,0,0,success,37.4,0
fara-7b,ArXiv--21,C5,1,arxiv.org,243,10,8,0,0,0,hit_max_rounds,48.8,0
fara-7b,ArXiv--22,C5,1,arxiv.org,48,9,6,0,0,0,success,30.5,0
fara-7b,ArXiv--23,C5,1,arxiv.org,96,5,3,0,0,0,hit_max_rounds,60.4,0
fara-7b,ArXiv--24,C5,1,arxiv.org,98,5,3,0,0,0,success,48.2,0
fara-7b,ArXiv--25,C5,1,arxiv.org,225,16,13,0,0,0,hit_max_rounds,58.3,0
fara-7b,ArXiv--26,C5,1,arxiv.org,58,5,3,0,0,0,hit_max_rounds,56.9,0
fara-7b,ArXiv--27,C5,1,arxiv.org,172,8,7,0,0,0,success,20.6,0
fara-7b,ArXiv--28,C5,1,arxiv.org,282,5,3,0,0,0,success,46.4,0
fara-7b,ArXiv--29,C5,1,arxiv.org,38,5,3,0,0,0,success,28.8,0
fara-7b,ArXiv--3,C5,1,arxiv.org,250,9,8,0,0,0,hit_max_rounds,54.7,0
fara-7b,ArXiv--30,C5,1,arxiv.org,48,9,6,0,0,0,success,34.4,0
fara-7b,ArXiv--31,C5,1,arxiv.org,65,5,3,0,0,0,hit_max_rounds,56.0,0
fara-7b,ArXiv--32,C5,1,arxiv.org,42,4,2,0,0,0,success,22.6,0
fara-7b,ArXiv--33,C5,1,arxiv.org,214,11,9,0,0,0,success,30.8,0
fara-7b,ArXiv--34,C5,1,arxiv.org,281,5,3,0,0,0,success,52.7,0
fara-7b,ArXiv--35,C5,1,arxiv.org,32,2,0,0,0,0,success,21.3,0
fara-7b,ArXiv--36,C5,1,arxiv.org,33,2,0,0,0,0,hit_max_rounds,56.0,0
fara-7b,ArXiv--37,C5,1,arxiv.org,238,17,14,0,0,0,success,25.2,0
fara-7b,ArXiv--38,C5,1,arxiv.org,239,16,14,0,0,0,success,28.9,0
fara-7b,ArXiv--39,C5,1,arxiv.org,298,6,5,0,0,0,hit_max_rounds,53.0,0
fara-7b,ArXiv--4,C5,1,arxiv.org,31,2,0,0,0,0,success,21.3,0
fara-7b,ArXiv--40,C5,1,arxiv.org,44,4,2,0,0,0,success,39.9,0
fara-7b,ArXiv--41,C5,1,arxiv.org,428,58,55,0,0,0,hit_max_rounds,58.9,0
fara-7b,ArXiv--42,C5,1,arxiv.org,74,6,4,0,0,0,success,51.4,0
fara-7b,ArXiv--5,C5,1,arxiv.org,40,5,3,0,0,0,hit_max_rounds,64.9,0
fara-7b,ArXiv--6,C5,1,arxiv.org,245,12,10,0,0,0,hit_max_rounds,57.1,0
fara-7b,ArXiv--7,C5,1,arxiv.org,255,10,8,0,0,0,hit_max_rounds,56.9,0
fara-7b,ArXiv--8,C5,1,arxiv.org,36,2,0,0,0,0,success,21.2,0
fara-7b,ArXiv--9,C5,1,arxiv.org,30,2,0,0,0,0,success,21.6,0
fara-7b,BBC_News--0,C5,1,bbc.com,780,112,109,0,0,0,success,38.5,0
fara-7b,BBC_News--1,C5,1,bbc.com,658,128,125,0,0,0,success,53.0,0
fara-7b,BBC_News--10,C5,1,bbc.com,635,105,102,0,0,0,hit_max_rounds,58.8,0
fara-7b,BBC_News--11,C5,1,bbc.com,818,81,77,0,0,0,success,48.3,0
fara-7b,BBC_News--12,C5,1,bbc.com,822,157,154,0,0,0,success,56.0,0
fara-7b,BBC_News--13,C5,1,bbc.com,210,44,41,0,0,0,success,25.3,0
fara-7b,BBC_News--14,C5,1,bbc.com,567,85,82,0,0,0,success,28.0,0
fara-7b,BBC_News--15,C5,1,bbc.com,599,111,108,0,0,0,success,27.6,0
fara-7b,BBC_News--16,C5,1,bbc.com,1323,176,173,0,0,0,hit_max_rounds,68.0,0
fara-7b,BBC_News--17,C5,1,bbc.com,438,64,61,0,0,0,success,27.4,0
fara-7b,BBC_News--18,C5,1,bbc.com,516,75,72,0,0,0,success,51.6,0
fara-7b,BBC_News--19,C5,1,bbc.com,418,62,59,0,0,0,success,45.3,0
fara-7b,BBC_News--2,C5,1,bbc.com,1088,170,167,0,0,0,hit_max_rounds,66.2,0
fara-7b,BBC_News--20,C5,1,bbc.com,634,114,111,0,0,0,success,59.8,0
fara-7b,BBC_News--21,C5,1,bbc.com,293,94,91,0,0,0,success,19.8,0
fara-7b,BBC_News--22,C5,1,bbc.com,149,37,34,0,0,0,success,24.4,0
fara-7b,BBC_News--23,C5,1,bbc.com,888,114,111,0,0,0,success,66.8,0
fara-7b,BBC_News--24,C5,1,bbc.com,1066,136,133,0,0,0,hit_max_rounds,63.8,0
fara-7b,BBC_News--25,C5,1,bbc.com,880,126,122,0,0,0,success,61.5,0
fara-7b,BBC_News--26,C5,1,bbc.com,598,122,119,0,0,0,success,33.1,0
fara-7b,BBC_News--27,C5,1,bbc.com,891,115,112,0,0,0,hit_max_rounds,66.1,0
fara-7b,BBC_News--28,C5,1,bbc.com,386,49,46,0,0,0,success,30.8,0
fara-7b,BBC_News--29,C5,1,bbc.com,451,109,106,0,0,0,success,31.6,0
fara-7b,BBC_News--3,C5,1,bbc.com,671,71,67,0,0,0,success,48.9,0
fara-7b,BBC_News--30,C5,1,bbc.com,769,132,129,0,0,0,hit_max_rounds,57.6,0
fara-7b,BBC_News--31,C5,1,bbc.com,676,76,72,0,0,0,success,47.8,0
fara-7b,BBC_News--32,C5,1,bbc.com,603,67,64,0,0,0,success,42.3,0
fara-7b,BBC_News--33,C5,1,bbc.com,423,97,94,0,0,0,success,44.0,0
fara-7b,BBC_News--34,C5,1,bbc.com,957,138,135,0,0,0,success,53.9,0
fara-7b,BBC_News--35,C5,1,bbc.com,530,94,91,0,0,0,success,50.3,0
fara-7b,BBC_News--36,C5,1,bbc.com,411,101,98,0,0,0,success,25.7,0
fara-7b,BBC_News--37,C5,1,bbc.com,696,131,128,0,0,0,success,43.3,0
fara-7b,BBC_News--38,C5,1,bbc.com,925,140,135,0,0,0,hit_max_rounds,65.8,0
fara-7b,BBC_News--39,C5,1,bbc.com,666,112,108,0,0,0,hit_max_rounds,57.5,0
fara-7b,BBC_News--4,C5,1,bbc.com,672,106,103,0,0,0,hit_max_rounds,60.5,0
fara-7b,BBC_News--40,C5,1,bbc.com,571,114,111,0,0,0,hit_max_rounds,63.4,0
fara-7b,BBC_News--41,C5,1,bbc.com,400,48,44,0,0,0,success,56.7,0
fara-7b,BBC_News--5,C5,1,bbc.com,539,51,48,0,0,0,hit_max_rounds,61.7,0
fara-7b,BBC_News--6,C5,1,bbc.com,596,125,122,0,0,0,success,32.3,0
fara-7b,BBC_News--7,C5,1,bbc.com,719,122,119,0,0,0,success,52.4,0
fara-7b,BBC_News--8,C5,1,bbc.com,553,114,111,0,0,0,hit_max_rounds,64.1,0
fara-7b,BBC_News--9,C5,1,bbc.com,664,97,94,0,0,0,success,29.8,0
fara-7b,Booking--0,C5,1,booking.com,396,46,40,0,0,0,hit_max_rounds,59.2,0
fara-7b,Booking--1,C5,1,booking.com,370,49,44,0,0,0,hit_max_rounds,59.9,0
fara-7b,Booking--10,C5,1,booking.com,376,48,43,0,0,0,hit_max_rounds,57.8,0
fara-7b,Booking--11,C5,1,booking.com,363,45,40,0,0,0,hit_max_rounds,58.8,0
fara-7b,Booking--12,C5,1,booking.com,348,44,39,0,0,0,hit_max_rounds,56.6,0
fara-7b,Booking--13,C5,1,booking.com,435,48,42,0,0,0,hit_max_rounds,59.9,0
fara-7b,Booking--14,C5,1,booking.com,459,52,46,0,0,0,hit_max_rounds,58.9,0
fara-7b,Booking--15,C5,1,booking.com,367,46,41,0,0,0,hit_max_rounds,57.0,0
fara-7b,Booking--16,C5,1,booking.com,403,46,40,0,0,0,hit_max_rounds,59.0,0
fara-7b,Booking--17,C5,1,booking.com,431,48,42,0,0,0,hit_max_rounds,57.8,0
fara-7b,Booking--18,C5,1,booking.com,370,48,43,0,0,0,hit_max_rounds,59.0,0
fara-7b,Booking--19,C5,1,booking.com,7,1,0,0,0,0,agent_error,6.0,0
fara-7b,Booking--2,C5,1,booking.com,351,43,38,0,0,0,hit_max_rounds,57.0,0
fara-7b,Booking--20,C5,1,booking.com,381,48,43,0,0,0,hit_max_rounds,57.8,0
fara-7b,Booking--21,C5,1,booking.com,349,27,26,0,0,0,hit_max_rounds,64.5,0
fara-7b,Booking--22,C5,1,booking.com,384,44,38,0,0,0,success,40.3,0
fara-7b,Booking--23,C5,1,booking.com,483,25,19,0,0,0,hit_max_rounds,64.9,0
fara-7b,Booking--24,C5,1,booking.com,648,55,48,0,0,0,hit_max_rounds,64.0,0
fara-7b,Booking--25,C5,1,booking.com,355,44,39,0,0,0,hit_max_rounds,65.7,0
fara-7b,Booking--26,C5,1,booking.com,347,43,38,0,0,0,hit_max_rounds,58.7,0
fara-7b,Booking--27,C5,1,booking.com,1671,73,65,0,0,0,hit_max_rounds,79.8,0
fara-7b,Booking--28,C5,1,booking.com,409,47,41,0,0,0,success,40.4,0
fara-7b,Booking--29,C5,1,booking.com,374,49,44,0,0,0,hit_max_rounds,59.4,0
fara-7b,Booking--3,C5,1,booking.com,396,43,37,0,0,0,hit_max_rounds,58.5,0
fara-7b,Booking--30,C5,1,booking.com,595,53,47,0,0,0,hit_max_rounds,64.2,0
fara-7b,Booking--31,C5,1,booking.com,350,44,39,0,0,0,success,44.5,0
fara-7b,Booking--32,C5,1,booking.com,351,43,38,0,0,0,hit_max_rounds,57.3,0
fara-7b,Booking--33,C5,1,booking.com,531,25,17,0,0,0,success,46.6,0
fara-7b,Booking--34,C5,1,booking.com,364,42,37,0,0,0,hit_max_rounds,59.1,0
fara-7b,Booking--35,C5,1,booking.com,350,18,14,0,0,0,success,31.4,0
fara-7b,Booking--36,C5,1,booking.com,7,1,0,0,0,0,agent_error,6.3,0
fara-7b,Booking--37,C5,1,booking.com,385,48,43,0,0,0,hit_max_rounds,61.2,0
fara-7b,Booking--38,C5,1,booking.com,348,43,38,0,0,0,hit_max_rounds,59.5,0
fara-7b,Booking--39,C5,1,booking.com,376,48,43,0,0,0,hit_max_rounds,63.7,0
fara-7b,Booking--4,C5,1,booking.com,356,44,39,0,0,0,hit_max_rounds,54.7,0
fara-7b,Booking--40,C5,1,booking.com,1112,110,104,0,0,0,hit_max_rounds,86.2,0
fara-7b,Booking--41,C5,1,booking.com,7,1,0,0,0,0,agent_error,5.6,0
fara-7b,Booking--42,C5,1,booking.com,581,29,23,0,0,0,hit_max_rounds,65.3,0
fara-7b,Booking--43,C5,1,booking.com,846,95,91,0,0,0,hit_max_rounds,81.9,0
fara-7b,Booking--5,C5,1,booking.com,336,41,36,0,0,0,hit_max_rounds,57.4,0
fara-7b,Booking--6,C5,1,booking.com,707,61,55,0,0,0,hit_max_rounds,50.8,0
fara-7b,Booking--7,C5,1,booking.com,580,52,46,0,0,0,hit_max_rounds,62.0,0
fara-7b,Booking--8,C5,1,booking.com,451,51,45,0,0,0,hit_max_rounds,58.7,0
fara-7b,Booking--9,C5,1,booking.com,447,51,45,0,0,0,hit_max_rounds,59.6,0
fara-7b,Cambridge_Dictionary--0,C5,1,cambridge.org,1346,261,260,0,0,0,hit_max_rounds,74.5,0
fara-7b,Cambridge_Dictionary--1,C5,1,cambridge.org,999,198,197,0,0,0,success,60.8,0
fara-7b,Cambridge_Dictionary--10,C5,1,cambridge.org,953,178,177,0,0,0,success,53.5,0
fara-7b,Cambridge_Dictionary--11,C5,1,cambridge.org,925,194,193,0,0,0,success,53.6,0
fara-7b,Cambridge_Dictionary--12,C5,1,cambridge.org,1013,200,199,0,0,0,hit_max_rounds,60.7,0
fara-7b,Cambridge_Dictionary--13,C5,1,cambridge.org,849,186,185,0,0,0,hit_max_rounds,70.0,0
fara-7b,Cambridge_Dictionary--14,C5,1,cambridge.org,1008,196,195,0,0,0,hit_max_rounds,62.2,0
fara-7b,Cambridge_Dictionary--15,C5,1,cambridge.org,940,180,179,0,0,0,success,49.2,0
fara-7b,Cambridge_Dictionary--16,C5,1,cambridge.org,542,171,170,0,0,0,success,26.1,0
fara-7b,Cambridge_Dictionary--17,C5,1,cambridge.org,920,185,184,0,0,0,hit_max_rounds,62.6,0
fara-7b,Cambridge_Dictionary--18,C5,1,cambridge.org,1187,209,208,0,0,0,hit_max_rounds,60.9,0
fara-7b,Cambridge_Dictionary--19,C5,1,cambridge.org,715,184,183,0,0,0,success,32.2,0
fara-7b,Cambridge_Dictionary--2,C5,1,cambridge.org,1006,201,200,0,0,0,agent_error,119.7,0
fara-7b,Cambridge_Dictionary--20,C5,1,cambridge.org,774,180,179,0,0,0,success,41.8,0
fara-7b,Cambridge_Dictionary--21,C5,1,cambridge.org,639,162,161,0,0,0,success,45.4,0
fara-7b,Cambridge_Dictionary--22,C5,1,cambridge.org,634,179,178,0,0,0,agent_error,88.2,0
fara-7b,Cambridge_Dictionary--23,C5,1,cambridge.org,771,169,168,0,0,0,hit_max_rounds,58.6,0
fara-7b,Cambridge_Dictionary--24,C5,1,cambridge.org,764,173,172,0,0,0,hit_max_rounds,56.2,0
fara-7b,Cambridge_Dictionary--25,C5,1,cambridge.org,972,195,194,0,0,0,agent_error,43.6,0
fara-7b,Cambridge_Dictionary--26,C5,1,cambridge.org,798,165,164,0,0,0,success,40.1,0
fara-7b,Cambridge_Dictionary--27,C5,1,cambridge.org,969,199,198,0,0,0,success,54.5,0
fara-7b,Cambridge_Dictionary--28,C5,1,cambridge.org,1058,188,187,0,0,0,hit_max_rounds,60.8,0
fara-7b,Cambridge_Dictionary--29,C5,1,cambridge.org,759,169,168,0,0,0,hit_max_rounds,50.8,0
fara-7b,Cambridge_Dictionary--3,C5,1,cambridge.org,769,187,186,0,0,0,success,53.4,0
fara-7b,Cambridge_Dictionary--30,C5,1,cambridge.org,791,169,168,0,0,0,hit_max_rounds,59.5,0
fara-7b,Cambridge_Dictionary--31,C5,1,cambridge.org,1014,199,198,0,0,0,success,53.8,0
fara-7b,Cambridge_Dictionary--32,C5,1,cambridge.org,860,180,179,0,0,0,success,48.6,0
fara-7b,Cambridge_Dictionary--33,C5,1,cambridge.org,840,175,174,0,0,0,hit_max_rounds,57.4,0
fara-7b,Cambridge_Dictionary--34,C5,1,cambridge.org,1025,185,184,0,0,0,hit_max_rounds,59.5,0
fara-7b,Cambridge_Dictionary--35,C5,1,cambridge.org,933,165,164,0,0,0,unknown,,-9
fara-7b,Cambridge_Dictionary--36,C5,1,cambridge.org,1108,179,178,0,0,0,hit_max_rounds,61.1,0
fara-7b,Cambridge_Dictionary--37,C5,1,cambridge.org,1026,191,190,0,0,0,hit_max_rounds,62.2,0
fara-7b,Cambridge_Dictionary--38,C5,1,cambridge.org,912,186,185,0,0,0,hit_max_rounds,62.6,0
fara-7b,Cambridge_Dictionary--39,C5,1,cambridge.org,1101,197,196,0,0,0,hit_max_rounds,61.9,0
fara-7b,Cambridge_Dictionary--4,C5,1,cambridge.org,803,167,166,0,0,0,success,51.7,0
fara-7b,Cambridge_Dictionary--40,C5,1,cambridge.org,927,200,199,0,0,0,success,47.3,0
fara-7b,Cambridge_Dictionary--41,C5,1,cambridge.org,853,190,189,0,0,0,hit_max_rounds,58.3,0
fara-7b,Cambridge_Dictionary--42,C5,1,cambridge.org,531,174,173,0,0,0,success,37.4,0
fara-7b,Cambridge_Dictionary--5,C5,1,cambridge.org,766,156,155,0,0,0,unknown,,-9
fara-7b,Cambridge_Dictionary--6,C5,1,cambridge.org,860,180,179,0,0,0,success,40.4,0
fara-7b,Cambridge_Dictionary--7,C5,1,cambridge.org,911,181,180,0,0,0,hit_max_rounds,63.0,0
fara-7b,Cambridge_Dictionary--8,C5,1,cambridge.org,866,185,184,0,0,0,success,40.4,0
fara-7b,Cambridge_Dictionary--9,C5,1,cambridge.org,1192,198,197,0,0,0,success,65.3,0
fara-7b,Coursera--0,C5,1,coursera.org,622,40,38,0,0,0,success,42.6,0
fara-7b,Coursera--1,C5,1,coursera.org,829,39,37,0,0,0,success,38.2,0
fara-7b,Coursera--10,C5,1,coursera.org,609,39,37,0,0,0,success,27.7,0
fara-7b,Coursera--11,C5,1,coursera.org,627,39,37,0,0,0,hit_max_rounds,58.6,0
fara-7b,Coursera--12,C5,1,coursera.org,1188,39,37,0,0,0,hit_max_rounds,61.9,0
fara-7b,Coursera--13,C5,1,coursera.org,960,40,38,0,0,0,hit_max_rounds,67.9,0
fara-7b,Coursera--14,C5,1,coursera.org,620,40,38,0,0,0,success,27.5,0
fara-7b,Coursera--15,C5,1,coursera.org,871,40,38,0,0,0,hit_max_rounds,63.4,0
fara-7b,Coursera--16,C5,1,coursera.org,1059,40,38,0,0,0,success,44.5,0
fara-7b,Coursera--17,C5,1,coursera.org,465,37,35,0,0,0,hit_max_rounds,56.6,0
fara-7b,Coursera--18,C5,1,coursera.org,821,40,38,0,0,0,success,35.7,0
fara-7b,Coursera--19,C5,1,coursera.org,823,39,37,0,0,0,success,30.9,0
fara-7b,Coursera--2,C5,1,coursera.org,832,39,37,0,0,0,success,41.2,0
fara-7b,Coursera--20,C5,1,coursera.org,646,39,37,0,0,0,success,58.7,0
fara-7b,Coursera--21,C5,1,coursera.org,874,39,37,0,0,0,success,56.5,0
fara-7b,Coursera--22,C5,1,coursera.org,876,39,37,0,0,0,success,39.4,0
fara-7b,Coursera--23,C5,1,coursera.org,812,39,37,0,0,0,success,38.7,0
fara-7b,Coursera--24,C5,1,coursera.org,872,40,38,0,0,0,success,56.8,0
fara-7b,Coursera--25,C5,1,coursera.org,818,39,37,0,0,0,success,35.6,0
fara-7b,Coursera--26,C5,1,coursera.org,704,47,45,0,0,0,success,33.0,0
fara-7b,Coursera--27,C5,1,coursera.org,563,40,38,0,0,0,success,30.4,0
fara-7b,Coursera--28,C5,1,coursera.org,622,39,37,0,0,0,success,53.9,0
fara-7b,Coursera--29,C5,1,coursera.org,570,39,37,0,0,0,success,56.4,0
fara-7b,Coursera--3,C5,1,coursera.org,670,39,37,0,0,0,success,62.2,0
fara-7b,Coursera--30,C5,1,coursera.org,829,39,37,0,0,0,success,48.2,0
fara-7b,Coursera--31,C5,1,coursera.org,831,39,37,0,0,0,success,55.4,0
fara-7b,Coursera--32,C5,1,coursera.org,605,39,37,0,0,0,success,51.6,0
fara-7b,Coursera--33,C5,1,coursera.org,948,40,38,0,0,0,hit_max_rounds,72.8,0
fara-7b,Coursera--34,C5,1,coursera.org,1023,39,37,0,0,0,success,60.8,0
fara-7b,Coursera--35,C5,1,coursera.org,843,39,37,0,0,0,success,44.1,0
fara-7b,Coursera--36,C5,1,coursera.org,906,41,39,0,0,0,hit_max_rounds,63.9,0
fara-7b,Coursera--37,C5,1,coursera.org,518,39,37,0,0,0,success,35.8,0
fara-7b,Coursera--38,C5,1,coursera.org,1252,74,72,0,0,0,hit_max_rounds,74.4,0
fara-7b,Coursera--39,C5,1,coursera.org,1244,48,46,0,0,0,hit_max_rounds,72.6,0
fara-7b,Coursera--4,C5,1,coursera.org,625,39,37,0,0,0,hit_max_rounds,62.3,0
fara-7b,Coursera--40,C5,1,coursera.org,1094,66,64,0,0,0,success,71.7,0
fara-7b,Coursera--41,C5,1,coursera.org,616,50,48,0,0,0,success,50.5,0
fara-7b,Coursera--5,C5,1,coursera.org,1039,45,43,0,0,0,success,61.9,0
fara-7b,Coursera--6,C5,1,coursera.org,928,39,37,0,0,0,hit_max_rounds,61.3,0
fara-7b,Coursera--7,C5,1,coursera.org,799,39,37,0,0,0,success,40.5,0
fara-7b,Coursera--8,C5,1,coursera.org,614,39,37,0,0,0,hit_max_rounds,62.4,0
fara-7b,Coursera--9,C5,1,coursera.org,788,39,37,0,0,0,success,31.4,0
fara-7b,ESPN--0,C5,1,espn.com,770,108,97,0,0,0,success,43.7,0
fara-7b,ESPN--1,C5,1,espn.com,982,143,132,0,0,0,hit_max_rounds,68.7,0
fara-7b,ESPN--10,C5,1,espn.com,1679,199,186,0,0,0,success,51.4,0
fara-7b,ESPN--11,C5,1,espn.com,477,42,34,0,0,0,success,38.4,0
fara-7b,ESPN--12,C5,1,espn.com,485,117,107,0,0,0,success,36.0,0
fara-7b,ESPN--13,C5,1,espn.com,867,163,154,0,0,0,success,50.1,0
fara-7b,ESPN--14,C5,1,espn.com,871,155,145,0,0,0,hit_max_rounds,61.3,0
fara-7b,ESPN--15,C5,1,espn.com,342,30,22,0,0,0,success,24.8,0
fara-7b,ESPN--16,C5,1,espn.com,667,49,41,0,0,0,hit_max_rounds,60.5,0
fara-7b,ESPN--17,C5,1,espn.com,661,90,79,0,0,0,success,173.1,0
fara-7b,ESPN--18,C5,1,espn.com,1230,217,202,0,0,0,hit_max_rounds,74.3,0
fara-7b,ESPN--19,C5,1,espn.com,368,41,33,0,0,0,success,28.4,0
fara-7b,ESPN--2,C5,1,espn.com,1987,256,242,0,0,0,hit_max_rounds,119.6,0
fara-7b,ESPN--20,C5,1,espn.com,369,27,19,0,0,0,hit_max_rounds,55.2,0
fara-7b,ESPN--21,C5,1,espn.com,672,98,86,0,0,0,agent_error,77.4,0
fara-7b,ESPN--22,C5,1,espn.com,491,43,35,0,0,0,success,33.0,0
fara-7b,ESPN--23,C5,1,espn.com,735,139,129,0,0,0,success,34.5,0
fara-7b,ESPN--24,C5,1,espn.com,1180,150,137,0,0,0,success,70.7,0
fara-7b,ESPN--25,C5,1,espn.com,519,85,77,0,0,0,success,30.5,0
fara-7b,ESPN--26,C5,1,espn.com,1530,275,262,0,0,0,agent_error,85.2,0
fara-7b,ESPN--27,C5,1,espn.com,644,156,147,0,0,0,hit_max_rounds,69.5,0
fara-7b,ESPN--28,C5,1,espn.com,1939,245,234,0,0,0,hit_max_rounds,80.7,0
fara-7b,ESPN--29,C5,1,espn.com,1048,178,164,0,0,0,success,43.6,0
fara-7b,ESPN--3,C5,1,espn.com,732,109,96,0,0,0,success,31.9,0
fara-7b,ESPN--30,C5,1,espn.com,930,180,169,0,0,0,hit_max_rounds,93.7,0
fara-7b,ESPN--31,C5,1,espn.com,3183,391,383,0,0,0,hit_max_rounds,96.4,0
fara-7b,ESPN--32,C5,1,espn.com,1012,175,162,0,0,0,success,43.4,0
fara-7b,ESPN--33,C5,1,espn.com,716,112,104,0,0,0,success,27.5,0
fara-7b,ESPN--34,C5,1,espn.com,775,123,112,0,0,0,success,58.7,0
fara-7b,ESPN--35,C5,1,espn.com,767,139,128,0,0,0,agent_error,54.7,0
fara-7b,ESPN--36,C5,1,espn.com,212,40,32,0,0,0,success,12.0,0
fara-7b,ESPN--37,C5,1,espn.com,349,31,23,0,0,0,success,23.7,0
fara-7b,ESPN--38,C5,1,espn.com,615,112,104,0,0,0,hit_max_rounds,68.6,0
fara-7b,ESPN--39,C5,1,espn.com,1362,211,200,0,0,0,success,61.6,0
fara-7b,ESPN--4,C5,1,espn.com,1203,194,181,0,0,0,hit_max_rounds,66.3,0
fara-7b,ESPN--40,C5,1,espn.com,768,124,114,0,0,0,hit_max_rounds,67.7,0
fara-7b,ESPN--41,C5,1,espn.com,770,130,119,0,0,0,success,28.6,0
fara-7b,ESPN--42,C5,1,espn.com,818,88,77,0,0,0,success,31.7,0
fara-7b,ESPN--43,C5,1,espn.com,631,58,48,0,0,0,success,34.9,0
fara-7b,ESPN--5,C5,1,espn.com,916,153,140,0,0,0,success,34.5,0
fara-7b,ESPN--6,C5,1,espn.com,330,31,23,0,0,0,success,24.5,0
fara-7b,ESPN--7,C5,1,espn.com,359,31,23,0,0,0,success,23.8,0
fara-7b,ESPN--8,C5,1,espn.com,788,109,98,0,0,0,success,37.5,0
fara-7b,ESPN--9,C5,1,espn.com,661,126,114,0,0,0,hit_max_rounds,93.8,0
fara-7b,GitHub--0,C5,1,github.com,221,5,2,0,0,0,success,36.9,0
fara-7b,GitHub--1,C5,1,github.com,221,4,1,0,0,0,success,50.9,0
fara-7b,GitHub--10,C5,1,github.com,376,9,6,0,0,0,hit_max_rounds,54.3,0
fara-7b,GitHub--11,C5,1,github.com,273,4,1,0,0,0,hit_max_rounds,60.8,0
fara-7b,GitHub--12,C5,1,github.com,325,6,3,0,0,0,success,35.9,0
fara-7b,GitHub--13,C5,1,github.com,450,11,8,0,0,0,hit_max_rounds,54.4,0
fara-7b,GitHub--14,C5,1,github.com,361,7,4,0,0,0,success,57.9,0
fara-7b,GitHub--15,C5,1,github.com,216,5,2,0,0,0,hit_max_rounds,54.1,0
fara-7b,GitHub--16,C5,1,github.com,422,13,10,0,0,0,hit_max_rounds,55.6,0
fara-7b,GitHub--17,C5,1,github.com,304,7,4,0,0,0,success,30.9,0
fara-7b,GitHub--18,C5,1,github.com,462,10,7,0,0,0,success,29.6,0
fara-7b,GitHub--19,C5,1,github.com,246,5,2,0,0,0,success,23.3,0
fara-7b,GitHub--2,C5,1,github.com,279,5,2,0,0,0,hit_max_rounds,57.8,0
fara-7b,GitHub--20,C5,1,github.com,372,13,9,0,0,0,success,55.0,0
fara-7b,GitHub--21,C5,1,github.com,373,14,11,0,0,0,success,31.0,0
fara-7b,GitHub--22,C5,1,github.com,287,6,3,0,0,0,hit_max_rounds,52.2,0
fara-7b,GitHub--23,C5,1,github.com,475,9,6,0,0,0,hit_max_rounds,55.8,0
fara-7b,GitHub--24,C5,1,github.com,449,7,4,0,0,0,success,46.0,0
fara-7b,GitHub--25,C5,1,github.com,222,5,2,0,0,0,success,29.7,0
fara-7b,GitHub--26,C5,1,github.com,418,13,10,0,0,0,success,26.8,0
fara-7b,GitHub--27,C5,1,github.com,227,4,1,0,0,0,hit_max_rounds,56.8,0
fara-7b,GitHub--28,C5,1,github.com,227,5,2,0,0,0,success,23.7,0
fara-7b,GitHub--29,C5,1,github.com,188,7,4,0,0,0,success,21.9,0
fara-7b,GitHub--3,C5,1,github.com,179,5,2,0,0,0,success,27.6,0
fara-7b,GitHub--30,C5,1,github.com,433,6,3,0,0,0,hit_max_rounds,59.0,0
fara-7b,GitHub--31,C5,1,github.com,698,19,16,0,0,0,hit_max_rounds,64.6,0
fara-7b,GitHub--32,C5,1,github.com,369,5,2,0,0,0,hit_max_rounds,62.2,0
fara-7b,GitHub--33,C5,1,github.com,386,12,9,0,0,0,success,25.4,0
fara-7b,GitHub--34,C5,1,github.com,212,5,2,0,0,0,success,43.8,0
fara-7b,GitHub--35,C5,1,github.com,453,10,7,0,0,0,success,44.0,0
fara-7b,GitHub--36,C5,1,github.com,275,7,4,0,0,0,hit_max_rounds,58.6,0
fara-7b,GitHub--37,C5,1,github.com,417,13,9,0,0,0,success,25.6,0
fara-7b,GitHub--38,C5,1,github.com,354,12,9,0,0,0,success,24.5,0
fara-7b,GitHub--39,C5,1,github.com,527,14,11,0,0,0,hit_max_rounds,59.0,0
fara-7b,GitHub--4,C5,1,github.com,366,6,3,0,0,0,success,35.9,0
fara-7b,GitHub--40,C5,1,github.com,185,5,2,0,0,0,success,29.8,0
fara-7b,GitHub--5,C5,1,github.com,222,4,1,0,0,0,success,54.8,0
fara-7b,GitHub--6,C5,1,github.com,360,6,3,0,0,0,hit_max_rounds,57.4,0
fara-7b,GitHub--7,C5,1,github.com,381,5,2,0,0,0,success,43.8,0
fara-7b,GitHub--8,C5,1,github.com,312,11,8,0,0,0,success,21.6,0
fara-7b,GitHub--9,C5,1,github.com,464,12,9,0,0,0,hit_max_rounds,60.7,0
fara-7b,Google_Flights--0,C5,1,google.com,123,11,8,0,0,0,hit_max_rounds,60.8,0
fara-7b,Google_Flights--1,C5,1,google.com,104,11,8,0,0,0,hit_max_rounds,60.3,0
fara-7b,Google_Flights--10,C5,1,google.com,114,11,8,0,0,0,hit_max_rounds,61.6,0
fara-7b,Google_Flights--11,C5,1,google.com,102,11,8,0,0,0,hit_max_rounds,60.5,0
fara-7b,Google_Flights--12,C5,1,google.com,95,11,8,0,0,0,hit_max_rounds,60.9,0
fara-7b,Google_Flights--13,C5,1,google.com,100,11,8,0,0,0,hit_max_rounds,60.4,0
fara-7b,Google_Flights--14,C5,1,google.com,96,11,8,0,0,0,hit_max_rounds,61.0,0
fara-7b,Google_Flights--15,C5,1,google.com,118,11,8,0,0,0,hit_max_rounds,61.9,0
fara-7b,Google_Flights--16,C5,1,google.com,112,11,8,0,0,0,hit_max_rounds,60.8,0
fara-7b,Google_Flights--17,C5,1,google.com,101,11,8,0,0,0,hit_max_rounds,60.7,0
fara-7b,Google_Flights--18,C5,1,google.com,191,12,9,0,0,0,hit_max_rounds,65.9,0
fara-7b,Google_Flights--19,C5,1,google.com,106,11,8,0,0,0,hit_max_rounds,61.3,0
fara-7b,Google_Flights--2,C5,1,google.com,91,11,8,0,0,0,hit_max_rounds,61.4,0
fara-7b,Google_Flights--20,C5,1,google.com,107,11,8,0,0,0,hit_max_rounds,62.3,0
fara-7b,Google_Flights--21,C5,1,google.com,107,11,8,0,0,0,hit_max_rounds,61.3,0
fara-7b,Google_Flights--22,C5,1,google.com,112,11,8,0,0,0,hit_max_rounds,61.8,0
fara-7b,Google_Flights--23,C5,1,google.com,106,11,8,0,0,0,hit_max_rounds,61.5,0
fara-7b,Google_Flights--24,C5,1,google.com,222,12,9,0,0,0,hit_max_rounds,63.3,0
fara-7b,Google_Flights--25,C5,1,google.com,127,11,8,0,0,0,hit_max_rounds,60.1,0
fara-7b,Google_Flights--26,C5,1,google.com,103,11,8,0,0,0,hit_max_rounds,60.9,0
fara-7b,Google_Flights--27,C5,1,google.com,124,11,8,0,0,0,hit_max_rounds,61.1,0
fara-7b,Google_Flights--28,C5,1,google.com,104,11,8,0,0,0,hit_max_rounds,62.4,0
fara-7b,Google_Flights--29,C5,1,google.com,124,11,8,0,0,0,hit_max_rounds,62.1,0
fara-7b,Google_Flights--3,C5,1,google.com,117,11,8,0,0,0,hit_max_rounds,60.8,0
fara-7b,Google_Flights--30,C5,1,google.com,120,11,8,0,0,0,hit_max_rounds,60.3,0
fara-7b,Google_Flights--31,C5,1,google.com,116,11,8,0,0,0,hit_max_rounds,61.4,0
fara-7b,Google_Flights--32,C5,1,google.com,124,11,8,0,0,0,hit_max_rounds,61.1,0
fara-7b,Google_Flights--33,C5,1,google.com,119,11,8,0,0,0,hit_max_rounds,61.0,0
fara-7b,Google_Flights--34,C5,1,google.com,95,11,8,0,0,0,hit_max_rounds,61.2,0
fara-7b,Google_Flights--35,C5,1,google.com,109,11,8,0,0,0,hit_max_rounds,60.5,0
fara-7b,Google_Flights--36,C5,1,google.com,113,11,8,0,0,0,hit_max_rounds,61.0,0
fara-7b,Google_Flights--37,C5,1,google.com,103,11,8,0,0,0,hit_max_rounds,61.6,0
fara-7b,Google_Flights--38,C5,1,google.com,105,11,8,0,0,0,hit_max_rounds,62.6,0
fara-7b,Google_Flights--39,C5,1,google.com,133,11,8,0,0,0,hit_max_rounds,60.6,0
fara-7b,Google_Flights--4,C5,1,google.com,107,11,8,0,0,0,hit_max_rounds,60.4,0
fara-7b,Google_Flights--40,C5,1,google.com,282,12,9,0,0,0,success,49.5,0
fara-7b,Google_Flights--41,C5,1,google.com,127,11,8,0,0,0,hit_max_rounds,60.9,0
fara-7b,Google_Flights--5,C5,1,google.com,94,11,8,0,0,0,hit_max_rounds,61.1,0
fara-7b,Google_Flights--6,C5,1,google.com,104,11,8,0,0,0,hit_max_rounds,60.8,0
fara-7b,Google_Flights--7,C5,1,google.com,101,11,8,0,0,0,hit_max_rounds,61.1,0
fara-7b,Google_Flights--8,C5,1,google.com,116,11,8,0,0,0,hit_max_rounds,61.9,0
fara-7b,Google_Flights--9,C5,1,google.com,95,11,8,0,0,0,hit_max_rounds,61.3,0
fara-7b,Google_Map--0,C5,1,google.com,623,14,9,0,0,0,success,42.6,0
fara-7b,Google_Map--1,C5,1,google.com,777,131,125,0,0,0,success,30.8,0
fara-7b,Google_Map--10,C5,1,google.com,412,13,8,0,0,0,success,25.3,0
fara-7b,Google_Map--11,C5,1,google.com,562,18,15,0,0,0,hit_max_rounds,58.6,0
fara-7b,Google_Map--12,C5,1,google.com,453,15,8,0,0,0,success,25.2,0
fara-7b,Google_Map--13,C5,1,google.com,768,16,9,0,0,0,hit_max_rounds,68.8,0
fara-7b,Google_Map--14,C5,1,google.com,532,14,9,0,0,0,success,26.2,0
fara-7b,Google_Map--15,C5,1,google.com,963,17,12,0,0,0,success,60.2,0
fara-7b,Google_Map--16,C5,1,google.com,651,14,9,0,0,0,unknown,,-9
fara-7b,Google_Map--17,C5,1,google.com,909,15,10,0,0,0,hit_max_rounds,58.5,0
fara-7b,Google_Map--18,C5,1,google.com,423,13,8,0,0,0,success,40.3,0
fara-7b,Google_Map--19,C5,1,google.com,683,15,10,0,0,0,hit_max_rounds,61.2,0
fara-7b,Google_Map--2,C5,1,google.com,556,12,7,0,0,0,success,28.0,0
fara-7b,Google_Map--20,C5,1,google.com,609,17,12,0,0,0,success,35.9,0
fara-7b,Google_Map--21,C5,1,google.com,729,23,17,0,0,0,success,41.3,0
fara-7b,Google_Map--22,C5,1,google.com,422,14,9,0,0,0,success,25.3,0
fara-7b,Google_Map--23,C5,1,google.com,534,14,9,0,0,0,success,33.3,0
fara-7b,Google_Map--24,C5,1,google.com,574,15,8,0,0,0,success,43.4,0
fara-7b,Google_Map--25,C5,1,google.com,556,14,9,0,0,0,success,35.6,0
fara-7b,Google_Map--26,C5,1,google.com,587,16,11,0,0,0,success,37.1,0
fara-7b,Google_Map--27,C5,1,google.com,584,14,7,0,0,0,success,25.1,0
fara-7b,Google_Map--28,C5,1,google.com,518,20,14,0,0,0,success,80.8,0
fara-7b,Google_Map--29,C5,1,google.com,456,12,7,0,0,0,success,29.9,0
fara-7b,Google_Map--3,C5,1,google.com,948,17,12,0,0,0,hit_max_rounds,65.9,0
fara-7b,Google_Map--30,C5,1,google.com,559,13,8,0,0,0,success,33.1,0
fara-7b,Google_Map--31,C5,1,google.com,495,17,12,0,0,0,success,39.6,0
fara-7b,Google_Map--32,C5,1,google.com,888,18,12,0,0,0,hit_max_rounds,57.7,0
fara-7b,Google_Map--33,C5,1,google.com,478,15,10,0,0,0,success,59.9,0
fara-7b,Google_Map--34,C5,1,google.com,539,13,8,0,0,0,success,26.0,0
fara-7b,Google_Map--35,C5,1,google.com,519,14,9,0,0,0,success,28.3,0
fara-7b,Google_Map--36,C5,1,google.com,455,13,8,0,0,0,success,26.3,0
fara-7b,Google_Map--37,C5,1,google.com,924,20,15,0,0,0,hit_max_rounds,64.0,0
fara-7b,Google_Map--38,C5,1,google.com,491,12,7,0,0,0,success,21.6,0
fara-7b,Google_Map--39,C5,1,google.com,395,13,8,0,0,0,success,26.8,0
fara-7b,Google_Map--4,C5,1,google.com,798,22,16,0,0,0,success,61.5,0
fara-7b,Google_Map--40,C5,1,google.com,483,19,15,0,0,0,hit_max_rounds,59.5,0
fara-7b,Google_Map--5,C5,1,google.com,719,17,12,0,0,0,hit_max_rounds,62.1,0
fara-7b,Google_Map--6,C5,1,google.com,362,12,7,0,0,0,success,24.2,0
fara-7b,Google_Map--7,C5,1,google.com,574,15,10,0,0,0,success,46.0,0
fara-7b,Google_Map--8,C5,1,google.com,528,13,8,0,0,0,success,31.1,0
fara-7b,Google_Map--9,C5,1,google.com,578,13,8,0,0,0,success,25.7,0
fara-7b,Google_Search--0,C5,1,google.com,214,12,9,0,0,0,success,22.1,0
fara-7b,Google_Search--1,C5,1,google.com,341,16,13,0,0,0,hit_max_rounds,60.7,0
fara-7b,Google_Search--10,C5,1,google.com,2055,324,319,0,0,0,hit_max_rounds,70.9,0
fara-7b,Google_Search--11,C5,1,google.com,525,13,10,0,0,0,hit_max_rounds,59.5,0
fara-7b,Google_Search--12,C5,1,google.com,1217,252,248,0,0,0,success,25.9,0
fara-7b,Google_Search--13,C5,1,google.com,269,12,9,0,0,0,success,22.3,0
fara-7b,Google_Search--14,C5,1,google.com,287,16,13,0,0,0,hit_max_rounds,59.3,0
fara-7b,Google_Search--15,C5,1,google.com,300,21,16,0,0,0,hit_max_rounds,60.1,0
fara-7b,Google_Search--16,C5,1,google.com,308,26,22,0,0,0,success,28.5,0
fara-7b,Google_Search--17,C5,1,google.com,228,12,9,0,0,0,success,16.4,0
fara-7b,Google_Search--18,C5,1,google.com,318,13,10,0,0,0,success,26.6,0
fara-7b,Google_Search--19,C5,1,google.com,349,11,8,0,0,0,hit_max_rounds,75.1,0
fara-7b,Google_Search--2,C5,1,google.com,344,13,10,0,0,0,success,26.0,0
fara-7b,Google_Search--20,C5,1,google.com,281,14,11,0,0,0,success,25.0,0
fara-7b,Google_Search--21,C5,1,google.com,268,13,10,0,0,0,success,29.4,0
fara-7b,Google_Search--22,C5,1,google.com,433,22,18,0,0,0,success,53.3,0
fara-7b,Google_Search--23,C5,1,google.com,318,14,11,0,0,0,success,33.2,0
fara-7b,Google_Search--24,C5,1,google.com,278,12,9,0,0,0,success,22.1,0
fara-7b,Google_Search--25,C5,1,google.com,1279,240,237,0,0,0,success,29.8,0
fara-7b,Google_Search--26,C5,1,google.com,357,10,7,0,0,0,agent_error,51.8,0
fara-7b,Google_Search--27,C5,1,google.com,474,21,17,0,0,0,success,25.6,0
fara-7b,Google_Search--28,C5,1,google.com,1310,244,240,0,0,0,success,48.9,0
fara-7b,Google_Search--29,C5,1,google.com,334,15,12,0,0,0,hit_max_rounds,56.1,0
fara-7b,Google_Search--3,C5,1,google.com,445,25,22,0,0,0,hit_max_rounds,65.1,0
fara-7b,Google_Search--30,C5,1,google.com,222,12,9,0,0,0,success,24.5,0
fara-7b,Google_Search--31,C5,1,google.com,266,12,9,0,0,0,success,22.2,0
fara-7b,Google_Search--32,C5,1,google.com,253,13,10,0,0,0,success,26.1,0
fara-7b,Google_Search--33,C5,1,google.com,537,18,15,0,0,0,agent_error,62.3,0
fara-7b,Google_Search--34,C5,1,google.com,243,12,9,0,0,0,success,21.5,0
fara-7b,Google_Search--35,C5,1,google.com,283,10,7,0,0,0,hit_max_rounds,57.2,0
fara-7b,Google_Search--36,C5,1,google.com,325,25,21,0,0,0,success,32.4,0
fara-7b,Google_Search--37,C5,1,google.com,338,14,11,0,0,0,hit_max_rounds,61.1,0
fara-7b,Google_Search--38,C5,1,google.com,337,14,11,0,0,0,hit_max_rounds,55.4,0
fara-7b,Google_Search--39,C5,1,google.com,401,42,39,0,0,0,success,42.7,0
fara-7b,Google_Search--4,C5,1,google.com,428,14,11,0,0,0,hit_max_rounds,53.2,0
fara-7b,Google_Search--40,C5,1,google.com,285,13,10,0,0,0,success,26.2,0
fara-7b,Google_Search--41,C5,1,google.com,269,14,11,0,0,0,success,26.2,0
fara-7b,Google_Search--42,C5,1,google.com,521,23,20,0,0,0,success,62.0,0
fara-7b,Google_Search--5,C5,1,google.com,521,31,28,0,0,0,hit_max_rounds,49.2,0
fara-7b,Google_Search--6,C5,1,google.com,378,58,54,0,0,0,success,27.4,0
fara-7b,Google_Search--7,C5,1,google.com,256,12,9,0,0,0,success,22.6,0
fara-7b,Google_Search--8,C5,1,google.com,689,32,28,0,0,0,hit_max_rounds,72.4,0
fara-7b,Google_Search--9,C5,1,google.com,548,28,25,0,0,0,hit_max_rounds,61.6,0
fara-7b,Huggingface--0,C5,1,huggingface.co,382,11,9,0,0,0,success,43.1,0
fara-7b,Huggingface--1,C5,1,huggingface.co,191,13,11,0,0,0,hit_max_rounds,55.0,0
fara-7b,Huggingface--10,C5,1,huggingface.co,303,16,14,0,0,0,hit_max_rounds,57.5,0
fara-7b,Huggingface--11,C5,1,huggingface.co,239,11,9,0,0,0,success,30.9,0
fara-7b,Huggingface--12,C5,1,huggingface.co,212,10,8,0,0,0,success,24.1,0
fara-7b,Huggingface--13,C5,1,huggingface.co,391,23,21,0,0,0,hit_max_rounds,59.4,0
fara-7b,Huggingface--14,C5,1,huggingface.co,128,10,8,0,0,0,success,22.9,0
fara-7b,Huggingface--15,C5,1,huggingface.co,225,11,9,0,0,0,hit_max_rounds,55.7,0
fara-7b,Huggingface--16,C5,1,huggingface.co,418,12,10,0,0,0,hit_max_rounds,57.4,0
fara-7b,Huggingface--17,C5,1,huggingface.co,392,13,11,0,0,0,success,43.5,0
fara-7b,Huggingface--18,C5,1,huggingface.co,569,15,13,0,0,0,hit_max_rounds,56.2,0
fara-7b,Huggingface--19,C5,1,huggingface.co,448,13,11,0,0,0,hit_max_rounds,55.0,0
fara-7b,Huggingface--2,C5,1,huggingface.co,255,11,9,0,0,0,hit_max_rounds,55.7,0
fara-7b,Huggingface--20,C5,1,huggingface.co,230,11,9,0,0,0,hit_max_rounds,54.3,0
fara-7b,Huggingface--21,C5,1,huggingface.co,422,24,22,0,0,0,hit_max_rounds,60.1,0
fara-7b,Huggingface--22,C5,1,huggingface.co,121,10,8,0,0,0,agent_error,12.6,0
fara-7b,Huggingface--23,C5,1,huggingface.co,536,15,13,0,0,0,hit_max_rounds,54.1,0
fara-7b,Huggingface--24,C5,1,huggingface.co,219,11,9,0,0,0,success,42.6,0
fara-7b,Huggingface--25,C5,1,huggingface.co,389,21,19,0,0,0,hit_max_rounds,57.3,0
fara-7b,Huggingface--26,C5,1,huggingface.co,263,11,9,0,0,0,success,58.6,0
fara-7b,Huggingface--27,C5,1,huggingface.co,338,15,13,0,0,0,hit_max_rounds,53.1,0
fara-7b,Huggingface--28,C5,1,huggingface.co,435,11,9,0,0,0,hit_max_rounds,55.9,0
fara-7b,Huggingface--29,C5,1,huggingface.co,401,11,9,0,0,0,success,32.3,0
fara-7b,Huggingface--3,C5,1,huggingface.co,195,10,8,0,0,0,success,59.6,0
fara-7b,Huggingface--30,C5,1,huggingface.co,251,11,9,0,0,0,hit_max_rounds,59.4,0
fara-7b,Huggingface--31,C5,1,huggingface.co,244,11,9,0,0,0,success,24.1,0
fara-7b,Huggingface--32,C5,1,huggingface.co,327,10,8,0,0,0,hit_max_rounds,54.9,0
fara-7b,Huggingface--33,C5,1,huggingface.co,466,22,20,0,0,0,hit_max_rounds,54.1,0
fara-7b,Huggingface--34,C5,1,huggingface.co,525,16,14,0,0,0,hit_max_rounds,62.3,0
fara-7b,Huggingface--35,C5,1,huggingface.co,496,16,13,0,0,0,success,42.8,0
fara-7b,Huggingface--36,C5,1,huggingface.co,128,10,8,0,0,0,success,29.5,0
fara-7b,Huggingface--37,C5,1,huggingface.co,356,12,9,0,0,0,hit_max_rounds,56.7,0
fara-7b,Huggingface--38,C5,1,huggingface.co,588,18,16,0,0,0,success,59.6,0
fara-7b,Huggingface--39,C5,1,huggingface.co,369,10,8,0,0,0,hit_max_rounds,58.3,0
fara-7b,Huggingface--4,C5,1,huggingface.co,581,18,16,0,0,0,hit_max_rounds,60.4,0
fara-7b,Huggingface--40,C5,1,huggingface.co,174,12,10,0,0,0,success,23.1,0
fara-7b,Huggingface--41,C5,1,huggingface.co,371,11,9,0,0,0,hit_max_rounds,39.9,0
fara-7b,Huggingface--42,C5,1,huggingface.co,355,10,8,0,0,0,success,30.9,0
fara-7b,Huggingface--5,C5,1,huggingface.co,395,11,9,0,0,0,success,31.1,0
fara-7b,Huggingface--6,C5,1,huggingface.co,687,19,15,0,0,0,agent_error,49.9,0
fara-7b,Huggingface--7,C5,1,huggingface.co,189,10,8,0,0,0,success,23.3,0
fara-7b,Huggingface--8,C5,1,huggingface.co,283,17,15,0,0,0,success,23.1,0
fara-7b,Huggingface--9,C5,1,huggingface.co,390,11,9,0,0,0,success,41.8,0
fara-7b,Wolfram_Alpha--0,C5,1,wolframalpha.com,65,2,0,0,0,0,success,24.1,0
fara-7b,Wolfram_Alpha--1,C5,1,wolframalpha.com,220,9,7,0,0,0,success,25.1,0
fara-7b,Wolfram_Alpha--10,C5,1,wolframalpha.com,101,3,1,0,0,0,success,28.8,0
fara-7b,Wolfram_Alpha--11,C5,1,wolframalpha.com,149,4,2,0,0,0,success,23.0,0
fara-7b,Wolfram_Alpha--12,C5,1,wolframalpha.com,1218,191,189,0,0,0,hit_max_rounds,68.9,0
fara-7b,Wolfram_Alpha--13,C5,1,wolframalpha.com,118,4,2,0,0,0,hit_max_rounds,52.7,0
fara-7b,Wolfram_Alpha--14,C5,1,wolframalpha.com,309,11,9,0,0,0,success,46.2,0
fara-7b,Wolfram_Alpha--15,C5,1,wolframalpha.com,149,3,1,0,0,0,success,23.4,0
fara-7b,Wolfram_Alpha--16,C5,1,wolframalpha.com,187,4,2,0,0,0,success,24.1,0
fara-7b,Wolfram_Alpha--17,C5,1,wolframalpha.com,223,4,2,0,0,0,success,48.4,0
fara-7b,Wolfram_Alpha--18,C5,1,wolframalpha.com,87,3,1,0,0,0,success,24.0,0
fara-7b,Wolfram_Alpha--19,C5,1,wolframalpha.com,655,68,66,0,0,0,hit_max_rounds,63.5,0
fara-7b,Wolfram_Alpha--2,C5,1,wolframalpha.com,43,2,0,0,0,0,success,24.5,0
fara-7b,Wolfram_Alpha--20,C5,1,wolframalpha.com,68,2,0,0,0,0,success,23.8,0
fara-7b,Wolfram_Alpha--21,C5,1,wolframalpha.com,73,3,1,0,0,0,success,23.2,0
fara-7b,Wolfram_Alpha--22,C5,1,wolframalpha.com,87,3,1,0,0,0,success,22.7,0
fara-7b,Wolfram_Alpha--23,C5,1,wolframalpha.com,99,3,1,0,0,0,success,17.2,0
fara-7b,Wolfram_Alpha--24,C5,1,wolframalpha.com,76,3,1,0,0,0,success,22.1,0
fara-7b,Wolfram_Alpha--25,C5,1,wolframalpha.com,233,3,1,0,0,0,hit_max_rounds,56.8,0
fara-7b,Wolfram_Alpha--26,C5,1,wolframalpha.com,120,2,0,0,0,0,success,48.5,0
fara-7b,Wolfram_Alpha--27,C5,1,wolframalpha.com,136,3,1,0,0,0,success,23.8,0
fara-7b,Wolfram_Alpha--28,C5,1,wolframalpha.com,73,3,1,0,0,0,success,24.1,0
fara-7b,Wolfram_Alpha--29,C5,1,wolframalpha.com,66,3,1,0,0,0,success,24.3,0
fara-7b,Wolfram_Alpha--3,C5,1,wolframalpha.com,70,3,1,0,0,0,success,22.5,0
fara-7b,Wolfram_Alpha--30,C5,1,wolframalpha.com,154,4,2,0,0,0,success,24.0,0
fara-7b,Wolfram_Alpha--31,C5,1,wolframalpha.com,104,4,2,0,0,0,success,22.8,0
fara-7b,Wolfram_Alpha--32,C5,1,wolframalpha.com,86,3,1,0,0,0,success,25.6,0
fara-7b,Wolfram_Alpha--33,C5,1,wolframalpha.com,93,4,2,0,0,0,success,23.5,0
fara-7b,Wolfram_Alpha--34,C5,1,wolframalpha.com,140,4,2,0,0,0,success,22.2,0
fara-7b,Wolfram_Alpha--35,C5,1,wolframalpha.com,69,3,1,0,0,0,success,21.7,0
fara-7b,Wolfram_Alpha--36,C5,1,wolframalpha.com,107,3,1,0,0,0,success,23.4,0
fara-7b,Wolfram_Alpha--37,C5,1,wolframalpha.com,125,4,2,0,0,0,success,23.3,0
fara-7b,Wolfram_Alpha--38,C5,1,wolframalpha.com,95,3,1,0,0,0,success,23.7,0
fara-7b,Wolfram_Alpha--39,C5,1,wolframalpha.com,116,2,0,0,0,0,success,24.1,0
fara-7b,Wolfram_Alpha--4,C5,1,wolframalpha.com,75,3,1,0,0,0,success,40.1,0
fara-7b,Wolfram_Alpha--40,C5,1,wolframalpha.com,147,4,2,0,0,0,success,23.7,0
fara-7b,Wolfram_Alpha--41,C5,1,wolframalpha.com,136,3,1,0,0,0,success,23.5,0
fara-7b,Wolfram_Alpha--42,C5,1,wolframalpha.com,154,4,2,0,0,0,success,23.2,0
fara-7b,Wolfram_Alpha--43,C5,1,wolframalpha.com,116,4,2,0,0,0,success,42.6,0
fara-7b,Wolfram_Alpha--44,C5,1,wolframalpha.com,69,3,1,0,0,0,success,24.5,0
fara-7b,Wolfram_Alpha--45,C5,1,wolframalpha.com,280,3,1,0,0,0,hit_max_rounds,56.4,0
fara-7b,Wolfram_Alpha--5,C5,1,wolframalpha.com,75,3,1,0,0,0,success,30.2,0
fara-7b,Wolfram_Alpha--6,C5,1,wolframalpha.com,96,3,1,0,0,0,success,24.1,0
fara-7b,Wolfram_Alpha--7,C5,1,wolframalpha.com,218,4,2,0,0,0,success,23.8,0
fara-7b,Wolfram_Alpha--8,C5,1,wolframalpha.com,240,3,1,0,0,0,success,49.8,0
fara-7b,Wolfram_Alpha--9,C5,1,wolframalpha.com,95,3,1,0,0,0,success,23.7,0
fara-7b,Allrecipes--0,C7,1,allrecipes.com,869,143,140,0,29,0,hit_max_rounds,57.1,0
fara-7b,Allrecipes--1,C7,1,allrecipes.com,615,114,111,0,21,0,success,30.4,0
fara-7b,Allrecipes--10,C7,1,allrecipes.com,134,48,46,0,11,0,hit_max_rounds,49.8,0
fara-7b,Allrecipes--11,C7,1,allrecipes.com,746,124,121,0,25,0,success,36.5,0
fara-7b,Allrecipes--12,C7,1,allrecipes.com,746,127,124,0,24,0,success,42.9,0
fara-7b,Allrecipes--13,C7,1,allrecipes.com,1038,149,146,0,37,0,success,58.5,0
fara-7b,Allrecipes--14,C7,1,allrecipes.com,988,137,134,0,40,0,hit_max_rounds,56.9,0
fara-7b,Allrecipes--15,C7,1,allrecipes.com,776,127,124,0,26,0,success,50.8,0
fara-7b,Allrecipes--16,C7,1,allrecipes.com,899,134,131,0,27,0,success,57.0,0
fara-7b,Allrecipes--17,C7,1,allrecipes.com,771,131,128,0,24,0,success,49.1,0
fara-7b,Allrecipes--18,C7,1,allrecipes.com,882,126,123,0,34,0,success,57.4,0
fara-7b,Allrecipes--19,C7,1,allrecipes.com,1312,140,137,0,59,0,hit_max_rounds,61.5,0
fara-7b,Allrecipes--2,C7,1,allrecipes.com,924,128,125,0,40,0,hit_max_rounds,55.9,0
fara-7b,Allrecipes--20,C7,1,allrecipes.com,816,127,124,0,22,0,hit_max_rounds,55.8,0
fara-7b,Allrecipes--21,C7,1,allrecipes.com,702,126,123,0,22,0,success,43.9,0
fara-7b,Allrecipes--22,C7,1,allrecipes.com,836,131,128,0,25,0,hit_max_rounds,57.3,0
fara-7b,Allrecipes--23,C7,1,allrecipes.com,757,125,122,0,25,0,success,49.1,0
fara-7b,Allrecipes--24,C7,1,allrecipes.com,703,122,119,0,23,0,success,30.8,0
fara-7b,Allrecipes--25,C7,1,allrecipes.com,797,122,119,0,24,0,hit_max_rounds,53.3,0
fara-7b,Allrecipes--26,C7,1,allrecipes.com,839,128,125,0,25,0,success,57.6,0
fara-7b,Allrecipes--27,C7,1,allrecipes.com,660,124,121,0,21,0,success,25.1,0
fara-7b,Allrecipes--28,C7,1,allrecipes.com,991,135,132,0,34,0,hit_max_rounds,55.8,0
fara-7b,Allrecipes--29,C7,1,allrecipes.com,658,115,112,0,23,0,hit_max_rounds,56.8,0
fara-7b,Allrecipes--3,C7,1,allrecipes.com,850,144,141,0,30,1,success,38.4,0
fara-7b,Allrecipes--30,C7,1,allrecipes.com,1199,140,136,0,54,0,hit_max_rounds,58.7,0
fara-7b,Allrecipes--31,C7,1,allrecipes.com,1361,146,143,0,57,0,success,52.4,0
fara-7b,Allrecipes--32,C7,1,allrecipes.com,738,128,125,0,22,0,success,56.5,0
fara-7b,Allrecipes--33,C7,1,allrecipes.com,1024,141,138,0,35,0,success,56.8,0
fara-7b,Allrecipes--34,C7,1,allrecipes.com,673,128,125,0,22,0,success,29.2,0
fara-7b,Allrecipes--35,C7,1,allrecipes.com,646,117,114,0,26,0,success,24.2,0
fara-7b,Allrecipes--36,C7,1,allrecipes.com,804,129,126,0,21,0,success,53.9,0
fara-7b,Allrecipes--37,C7,1,allrecipes.com,782,144,141,0,27,0,success,41.8,0
fara-7b,Allrecipes--38,C7,1,allrecipes.com,667,124,121,0,23,0,success,25.9,0
fara-7b,Allrecipes--39,C7,1,allrecipes.com,828,133,130,0,32,0,hit_max_rounds,53.7,0
fara-7b,Allrecipes--4,C7,1,allrecipes.com,747,137,134,0,26,0,success,43.6,0
fara-7b,Allrecipes--40,C7,1,allrecipes.com,244,79,76,0,6,0,hit_max_rounds,57.9,0
fara-7b,Allrecipes--41,C7,1,allrecipes.com,402,105,102,0,14,0,success,28.6,0
fara-7b,Allrecipes--42,C7,1,allrecipes.com,678,122,119,0,23,0,success,24.4,0
fara-7b,Allrecipes--43,C7,1,allrecipes.com,894,134,131,0,31,0,hit_max_rounds,56.3,0
fara-7b,Allrecipes--44,C7,1,allrecipes.com,386,102,99,0,14,0,success,27.1,0
fara-7b,Allrecipes--5,C7,1,allrecipes.com,768,130,127,0,24,0,success,49.9,0
fara-7b,Allrecipes--6,C7,1,allrecipes.com,651,116,113,0,22,0,success,49.9,0
fara-7b,Allrecipes--7,C7,1,allrecipes.com,827,129,126,0,30,0,hit_max_rounds,64.9,0
fara-7b,Allrecipes--8,C7,1,allrecipes.com,652,120,117,0,23,0,success,24.4,0
fara-7b,Allrecipes--9,C7,1,allrecipes.com,740,128,125,0,22,0,success,48.1,0
fara-7b,Amazon--0,C7,1,amazon.com,842,9,4,0,5,0,success,43.8,0
fara-7b,Amazon--1,C7,1,amazon.com,650,10,5,0,2,0,hit_max_rounds,57.0,0
fara-7b,Amazon--10,C7,1,amazon.com,688,10,5,0,5,0,hit_max_rounds,63.8,0
fara-7b,Amazon--11,C7,1,amazon.com,875,12,7,0,4,0,hit_max_rounds,62.9,0
fara-7b,Amazon--12,C7,1,amazon.com,819,12,7,0,4,0,hit_max_rounds,59.1,0
fara-7b,Amazon--13,C7,1,amazon.com,975,10,5,0,3,0,hit_max_rounds,60.8,0
fara-7b,Amazon--14,C7,1,amazon.com,712,9,4,0,3,0,success,29.6,0
fara-7b,Amazon--15,C7,1,amazon.com,1028,10,5,0,4,0,hit_max_rounds,60.7,0
fara-7b,Amazon--16,C7,1,amazon.com,842,10,5,0,3,0,hit_max_rounds,57.3,0
fara-7b,Amazon--17,C7,1,amazon.com,342,7,4,0,2,0,hit_max_rounds,48.9,0
fara-7b,Amazon--18,C7,1,amazon.com,569,8,4,0,2,0,success,36.2,0
fara-7b,Amazon--19,C7,1,amazon.com,922,7,3,0,6,0,hit_max_rounds,65.1,0
fara-7b,Amazon--2,C7,1,amazon.com,973,11,6,0,5,0,success,60.0,0
fara-7b,Amazon--20,C7,1,amazon.com,336,7,4,0,3,0,hit_max_rounds,49.7,0
fara-7b,Amazon--21,C7,1,amazon.com,961,14,8,0,3,0,hit_max_rounds,60.5,0
fara-7b,Amazon--22,C7,1,amazon.com,948,14,9,0,2,0,hit_max_rounds,59.0,0
fara-7b,Amazon--23,C7,1,amazon.com,281,5,3,0,0,0,agent_error,5.8,0
fara-7b,Amazon--24,C7,1,amazon.com,1087,12,7,0,4,0,success,57.2,0
fara-7b,Amazon--25,C7,1,amazon.com,715,11,6,0,2,0,hit_max_rounds,60.6,0
fara-7b,Amazon--26,C7,1,amazon.com,1198,12,6,0,4,0,hit_max_rounds,64.3,0
fara-7b,Amazon--27,C7,1,amazon.com,1017,10,5,0,4,0,hit_max_rounds,61.2,0
fara-7b,Amazon--28,C7,1,amazon.com,284,5,3,0,0,0,agent_error,5.8,0
fara-7b,Amazon--29,C7,1,amazon.com,613,11,5,0,2,0,hit_max_rounds,59.1,0
fara-7b,Amazon--3,C7,1,amazon.com,611,11,6,0,2,0,success,53.8,0
fara-7b,Amazon--30,C7,1,amazon.com,524,10,5,0,3,0,hit_max_rounds,58.2,0
fara-7b,Amazon--31,C7,1,amazon.com,577,10,5,0,2,0,hit_max_rounds,56.2,0
fara-7b,Amazon--32,C7,1,amazon.com,273,5,3,0,0,0,agent_error,6.2,0
fara-7b,Amazon--33,C7,1,amazon.com,667,9,4,0,3,0,success,48.4,0
fara-7b,Amazon--34,C7,1,amazon.com,886,13,8,0,3,0,success,47.9,0
fara-7b,Amazon--35,C7,1,amazon.com,907,12,6,0,3,0,hit_max_rounds,61.3,0
fara-7b,Amazon--36,C7,1,amazon.com,783,11,6,0,3,0,hit_max_rounds,60.0,0
fara-7b,Amazon--37,C7,1,amazon.com,802,11,5,0,3,0,success,33.2,0
fara-7b,Amazon--38,C7,1,amazon.com,643,11,6,0,1,0,success,38.6,0
fara-7b,Amazon--39,C7,1,amazon.com,760,10,5,0,3,0,success,31.3,0
fara-7b,Amazon--4,C7,1,amazon.com,532,11,6,0,2,0,hit_max_rounds,54.7,0
fara-7b,Amazon--40,C7,1,amazon.com,343,7,4,0,3,0,hit_max_rounds,48.6,0
fara-7b,Amazon--5,C7,1,amazon.com,386,9,5,0,3,0,hit_max_rounds,51.7,0
fara-7b,Amazon--6,C7,1,amazon.com,843,11,6,0,4,0,hit_max_rounds,62.9,0
fara-7b,Amazon--7,C7,1,amazon.com,863,10,5,0,3,0,hit_max_rounds,60.3,0
fara-7b,Amazon--8,C7,1,amazon.com,807,13,8,0,3,0,hit_max_rounds,60.1,0
fara-7b,Amazon--9,C7,1,amazon.com,794,12,6,0,3,0,success,39.8,0
fara-7b,Apple--0,C7,1,apple.com,247,3,0,0,0,0,success,49.2,0
fara-7b,Apple--1,C7,1,apple.com,67,4,1,0,4,0,hit_max_rounds,50.7,0
fara-7b,Apple--10,C7,1,apple.com,285,3,0,0,0,0,success,54.4,0
fara-7b,Apple--11,C7,1,apple.com,264,3,0,0,0,0,hit_max_rounds,54.8,0
fara-7b,Apple--12,C7,1,apple.com,164,7,1,0,1,0,hit_max_rounds,53.4,0
fara-7b,Apple--13,C7,1,apple.com,54,4,1,0,2,0,hit_max_rounds,47.0,0
fara-7b,Apple--14,C7,1,apple.com,300,5,1,0,0,0,hit_max_rounds,57.3,0
fara-7b,Apple--15,C7,1,apple.com,58,4,1,0,4,0,hit_max_rounds,47.2,0
fara-7b,Apple--16,C7,1,apple.com,54,4,1,0,2,0,agent_error,17.4,0
fara-7b,Apple--17,C7,1,apple.com,270,6,2,0,0,0,hit_max_rounds,53.5,0
fara-7b,Apple--18,C7,1,apple.com,171,5,1,0,0,0,success,36.4,0
fara-7b,Apple--19,C7,1,apple.com,58,4,1,0,4,0,hit_max_rounds,45.5,0
fara-7b,Apple--2,C7,1,apple.com,60,4,1,0,5,0,hit_max_rounds,48.1,0
fara-7b,Apple--20,C7,1,apple.com,215,6,2,0,1,0,hit_max_rounds,55.8,0
fara-7b,Apple--21,C7,1,apple.com,309,5,1,0,0,0,success,42.2,0
fara-7b,Apple--22,C7,1,apple.com,142,5,2,0,0,0,hit_max_rounds,53.8,0
fara-7b,Apple--23,C7,1,apple.com,56,4,1,0,3,0,hit_max_rounds,46.7,0
fara-7b,Apple--24,C7,1,apple.com,180,3,0,0,0,0,success,27.9,0
fara-7b,Apple--25,C7,1,apple.com,162,5,1,0,0,0,hit_max_rounds,57.6,0
fara-7b,Apple--26,C7,1,apple.com,62,4,1,0,6,0,hit_max_rounds,47.6,0
fara-7b,Apple--27,C7,1,apple.com,345,5,1,0,0,0,hit_max_rounds,58.5,0
fara-7b,Apple--28,C7,1,apple.com,222,4,1,0,1,0,hit_max_rounds,51.0,0
fara-7b,Apple--29,C7,1,apple.com,289,3,0,0,0,0,hit_max_rounds,53.6,0
fara-7b,Apple--3,C7,1,apple.com,154,4,1,0,1,0,success,46.0,0
fara-7b,Apple--30,C7,1,apple.com,317,5,1,0,0,0,success,44.7,0
fara-7b,Apple--31,C7,1,apple.com,56,4,1,0,3,0,hit_max_rounds,47.0,0
fara-7b,Apple--32,C7,1,apple.com,54,4,1,0,2,0,hit_max_rounds,50.7,0
fara-7b,Apple--33,C7,1,apple.com,284,3,0,0,0,0,hit_max_rounds,54.4,0
fara-7b,Apple--34,C7,1,apple.com,160,4,1,0,1,0,success,48.8,0
fara-7b,Apple--35,C7,1,apple.com,176,5,1,0,0,0,success,27.9,0
fara-7b,Apple--36,C7,1,apple.com,58,4,1,0,4,0,hit_max_rounds,58.4,0
fara-7b,Apple--37,C7,1,apple.com,136,3,0,0,0,0,success,34.8,0
fara-7b,Apple--38,C7,1,apple.com,158,6,2,0,2,0,hit_max_rounds,52.5,0
fara-7b,Apple--39,C7,1,apple.com,125,9,2,0,1,0,success,34.0,0
fara-7b,Apple--4,C7,1,apple.com,56,4,1,0,3,0,hit_max_rounds,49.0,0
fara-7b,Apple--40,C7,1,apple.com,77,4,1,0,1,0,hit_max_rounds,50.0,0
fara-7b,Apple--41,C7,1,apple.com,60,4,1,0,5,0,hit_max_rounds,47.0,0
fara-7b,Apple--42,C7,1,apple.com,250,7,1,0,1,0,hit_max_rounds,58.4,0
fara-7b,Apple--5,C7,1,apple.com,255,6,2,0,2,0,success,52.9,0
fara-7b,Apple--6,C7,1,apple.com,147,3,0,0,0,0,success,23.1,0
fara-7b,Apple--7,C7,1,apple.com,150,6,2,0,0,0,hit_max_rounds,53.7,0
fara-7b,Apple--8,C7,1,apple.com,60,4,1,0,5,0,hit_max_rounds,47.8,0
fara-7b,Apple--9,C7,1,apple.com,349,10,5,0,0,0,hit_max_rounds,57.9,0
fara-7b,ArXiv--0,C7,1,arxiv.org,219,5,3,0,0,0,success,34.8,0
fara-7b,ArXiv--1,C7,1,arxiv.org,66,5,3,0,0,0,hit_max_rounds,58.9,0
fara-7b,ArXiv--10,C7,1,arxiv.org,53,9,6,0,0,0,success,29.4,0
fara-7b,ArXiv--11,C7,1,arxiv.org,24,2,1,0,5,0,hit_max_rounds,46.9,0
fara-7b,ArXiv--12,C7,1,arxiv.org,74,9,6,0,0,0,success,36.5,0
fara-7b,ArXiv--13,C7,1,arxiv.org,55,5,3,0,0,0,success,21.7,0
fara-7b,ArXiv--14,C7,1,arxiv.org,63,5,3,0,0,0,success,42.9,0
fara-7b,ArXiv--15,C7,1,arxiv.org,175,5,3,0,0,0,hit_max_rounds,57.5,0
fara-7b,ArXiv--16,C7,1,arxiv.org,41,4,2,0,0,0,success,28.9,0
fara-7b,ArXiv--17,C7,1,arxiv.org,79,7,5,0,1,0,hit_max_rounds,55.4,0
fara-7b,ArXiv--18,C7,1,arxiv.org,73,6,4,0,0,0,hit_max_rounds,52.6,0
fara-7b,ArXiv--19,C7,1,arxiv.org,21,3,2,0,3,0,hit_max_rounds,47.7,0
fara-7b,ArXiv--2,C7,1,arxiv.org,109,5,3,0,0,0,success,27.9,0
fara-7b,ArXiv--20,C7,1,arxiv.org,172,6,4,0,0,0,hit_max_rounds,57.9,0
fara-7b,ArXiv--21,C7,1,arxiv.org,74,6,4,0,1,0,hit_max_rounds,55.0,0
fara-7b,ArXiv--22,C7,1,arxiv.org,50,9,6,0,0,0,success,42.4,0
fara-7b,ArXiv--23,C7,1,arxiv.org,34,3,1,0,1,0,success,20.4,0
fara-7b,ArXiv--24,C7,1,arxiv.org,128,5,3,0,0,0,hit_max_rounds,55.4,0
fara-7b,ArXiv--25,C7,1,arxiv.org,65,11,8,0,2,0,hit_max_rounds,52.1,0
fara-7b,ArXiv--26,C7,1,arxiv.org,79,5,3,0,0,0,hit_max_rounds,53.9,0
fara-7b,ArXiv--27,C7,1,arxiv.org,22,2,1,0,4,0,hit_max_rounds,47.3,0
fara-7b,ArXiv--28,C7,1,arxiv.org,282,5,3,0,0,0,success,41.2,0
fara-7b,ArXiv--29,C7,1,arxiv.org,62,5,3,0,0,0,success,37.1,0
fara-7b,ArXiv--3,C7,1,arxiv.org,248,5,3,0,0,0,success,26.9,0
fara-7b,ArXiv--30,C7,1,arxiv.org,49,9,6,0,0,0,hit_max_rounds,51.9,0
fara-7b,ArXiv--31,C7,1,arxiv.org,69,5,3,0,0,0,hit_max_rounds,57.3,0
fara-7b,ArXiv--32,C7,1,arxiv.org,32,4,2,0,0,0,success,22.8,0
fara-7b,ArXiv--33,C7,1,arxiv.org,48,6,4,0,1,0,hit_max_rounds,56.7,0
fara-7b,ArXiv--34,C7,1,arxiv.org,18,2,1,0,2,0,hit_max_rounds,54.0,0
fara-7b,ArXiv--35,C7,1,arxiv.org,30,2,0,0,0,0,success,21.9,0
fara-7b,ArXiv--36,C7,1,arxiv.org,22,2,1,0,3,0,agent_error,48.6,0
fara-7b,ArXiv--37,C7,1,arxiv.org,20,2,1,0,3,0,hit_max_rounds,47.3,0
fara-7b,ArXiv--38,C7,1,arxiv.org,20,2,1,0,3,0,hit_max_rounds,47.4,0
fara-7b,ArXiv--39,C7,1,arxiv.org,22,2,1,0,4,0,hit_max_rounds,51.4,0
fara-7b,ArXiv--4,C7,1,arxiv.org,33,2,0,0,0,0,success,21.1,0
fara-7b,ArXiv--40,C7,1,arxiv.org,31,2,0,0,0,0,agent_error,16.9,0
fara-7b,ArXiv--41,C7,1,arxiv.org,45,10,7,0,1,0,hit_max_rounds,49.1,0
fara-7b,ArXiv--42,C7,1,arxiv.org,56,6,4,0,0,0,success,37.1,0
fara-7b,ArXiv--5,C7,1,arxiv.org,222,5,3,0,0,0,success,46.7,0
fara-7b,ArXiv--6,C7,1,arxiv.org,77,6,4,0,0,0,hit_max_rounds,54.7,0
fara-7b,ArXiv--7,C7,1,arxiv.org,24,2,1,0,5,0,hit_max_rounds,46.9,0
fara-7b,ArXiv--8,C7,1,arxiv.org,31,2,0,0,0,0,success,21.2,0
fara-7b,ArXiv--9,C7,1,arxiv.org,22,2,0,0,0,0,success,22.1,0
fara-7b,BBC_News--0,C7,1,bbc.com,505,61,58,0,26,0,hit_max_rounds,60.3,0
fara-7b,BBC_News--1,C7,1,bbc.com,344,55,52,0,20,0,success,27.0,0
fara-7b,BBC_News--10,C7,1,bbc.com,502,58,55,0,27,0,hit_max_rounds,59.3,0
fara-7b,BBC_News--11,C7,1,bbc.com,651,57,53,0,24,0,hit_max_rounds,57.5,0
fara-7b,BBC_News--12,C7,1,bbc.com,497,60,57,0,29,0,hit_max_rounds,60.9,0
fara-7b,BBC_News--13,C7,1,bbc.com,227,44,41,0,8,0,success,27.1,0
fara-7b,BBC_News--14,C7,1,bbc.com,529,59,56,0,26,0,hit_max_rounds,58.4,0
fara-7b,BBC_News--15,C7,1,bbc.com,134,37,34,0,2,0,success,11.6,0
fara-7b,BBC_News--16,C7,1,bbc.com,406,59,56,0,25,0,hit_max_rounds,55.1,0
fara-7b,BBC_News--17,C7,1,bbc.com,134,37,34,0,2,0,success,10.5,0
fara-7b,BBC_News--18,C7,1,bbc.com,313,53,50,0,14,0,hit_max_rounds,56.0,0
fara-7b,BBC_News--19,C7,1,bbc.com,155,39,36,0,6,0,agent_error,36.0,0
fara-7b,BBC_News--2,C7,1,bbc.com,386,55,52,0,22,0,hit_max_rounds,57.4,0
fara-7b,BBC_News--20,C7,1,bbc.com,426,61,58,0,22,0,success,49.9,0
fara-7b,BBC_News--21,C7,1,bbc.com,158,37,34,0,2,0,success,23.5,0
fara-7b,BBC_News--22,C7,1,bbc.com,298,55,52,0,12,0,success,26.1,0
fara-7b,BBC_News--23,C7,1,bbc.com,239,52,49,0,10,0,success,32.5,0
fara-7b,BBC_News--24,C7,1,bbc.com,590,62,58,0,32,0,success,40.5,0
fara-7b,BBC_News--25,C7,1,bbc.com,616,63,59,0,27,0,success,45.8,0
fara-7b,BBC_News--26,C7,1,bbc.com,317,52,49,0,14,0,hit_max_rounds,56.7,0
fara-7b,BBC_News--27,C7,1,bbc.com,295,55,52,0,14,0,hit_max_rounds,51.7,0
fara-7b,BBC_News--28,C7,1,bbc.com,487,65,62,0,21,0,hit_max_rounds,57.4,0
fara-7b,BBC_News--29,C7,1,bbc.com,440,52,49,0,23,0,hit_max_rounds,60.0,0
fara-7b,BBC_News--3,C7,1,bbc.com,611,58,54,0,16,0,success,56.9,0
fara-7b,BBC_News--30,C7,1,bbc.com,513,59,56,0,28,0,success,62.4,0
fara-7b,BBC_News--31,C7,1,bbc.com,640,58,54,0,27,0,hit_max_rounds,60.3,0
fara-7b,BBC_News--32,C7,1,bbc.com,163,37,34,0,2,0,success,32.9,0
fara-7b,BBC_News--33,C7,1,bbc.com,312,51,48,0,9,0,success,38.2,0
fara-7b,BBC_News--34,C7,1,bbc.com,397,52,49,0,19,0,success,52.6,0
fara-7b,BBC_News--35,C7,1,bbc.com,325,52,49,0,11,0,success,49.8,0
fara-7b,BBC_News--36,C7,1,bbc.com,272,51,48,0,9,0,success,25.6,0
fara-7b,BBC_News--37,C7,1,bbc.com,324,53,50,0,14,0,hit_max_rounds,56.1,0
fara-7b,BBC_News--38,C7,1,bbc.com,514,58,55,0,18,0,hit_max_rounds,61.0,0
fara-7b,BBC_News--39,C7,1,bbc.com,345,53,49,0,12,0,hit_max_rounds,57.0,0
fara-7b,BBC_News--4,C7,1,bbc.com,164,41,38,0,8,0,hit_max_rounds,51.2,0
fara-7b,BBC_News--40,C7,1,bbc.com,275,56,53,0,10,0,success,52.4,0
fara-7b,BBC_News--41,C7,1,bbc.com,605,59,55,0,25,0,hit_max_rounds,58.8,0
fara-7b,BBC_News--5,C7,1,bbc.com,320,46,43,0,16,0,hit_max_rounds,56.9,0
fara-7b,BBC_News--6,C7,1,bbc.com,326,55,52,0,11,0,success,23.2,0
fara-7b,BBC_News--7,C7,1,bbc.com,385,57,54,0,20,0,success,25.3,0
fara-7b,BBC_News--8,C7,1,bbc.com,416,59,56,0,20,0,hit_max_rounds,61.2,0
fara-7b,BBC_News--9,C7,1,bbc.com,155,39,36,0,6,0,agent_error,29.8,0
fara-7b,Booking--0,C7,1,booking.com,256,27,23,0,6,2,agent_error,15.7,0
fara-7b,Booking--1,C7,1,booking.com,304,33,29,0,7,2,hit_max_rounds,58.6,0
fara-7b,Booking--10,C7,1,booking.com,201,14,10,0,6,2,hit_max_rounds,50.0,0
fara-7b,Booking--11,C7,1,booking.com,304,33,29,0,8,2,success,43.7,0
fara-7b,Booking--12,C7,1,booking.com,285,32,28,0,7,2,hit_max_rounds,57.8,0
fara-7b,Booking--13,C7,1,booking.com,311,32,28,0,8,2,hit_max_rounds,58.1,0
fara-7b,Booking--14,C7,1,booking.com,309,32,28,0,8,2,hit_max_rounds,54.6,0
fara-7b,Booking--15,C7,1,booking.com,293,33,29,0,7,2,hit_max_rounds,57.5,0
fara-7b,Booking--16,C7,1,booking.com,314,31,27,0,8,2,hit_max_rounds,57.2,0
fara-7b,Booking--17,C7,1,booking.com,293,32,28,0,7,2,hit_max_rounds,57.2,0
fara-7b,Booking--18,C7,1,booking.com,217,14,10,0,6,2,hit_max_rounds,49.8,0
fara-7b,Booking--19,C7,1,booking.com,261,29,25,0,9,2,hit_max_rounds,52.4,0
fara-7b,Booking--2,C7,1,booking.com,348,34,30,0,8,2,hit_max_rounds,55.1,0
fara-7b,Booking--20,C7,1,booking.com,299,32,28,0,8,2,success,50.5,0
fara-7b,Booking--21,C7,1,booking.com,10,2,1,0,1,0,agent_error,11.6,0
fara-7b,Booking--22,C7,1,booking.com,284,33,29,0,7,2,success,44.2,0
fara-7b,Booking--23,C7,1,booking.com,25,2,1,0,8,0,hit_max_rounds,49.5,0
fara-7b,Booking--24,C7,1,booking.com,284,27,23,0,3,2,hit_max_rounds,59.5,0
fara-7b,Booking--25,C7,1,booking.com,310,33,29,0,8,2,hit_max_rounds,55.0,0
fara-7b,Booking--26,C7,1,booking.com,294,32,28,0,8,2,hit_max_rounds,56.3,0
fara-7b,Booking--27,C7,1,booking.com,296,33,29,0,7,2,hit_max_rounds,57.9,0
fara-7b,Booking--28,C7,1,booking.com,420,36,31,0,15,4,hit_max_rounds,54.7,0
fara-7b,Booking--29,C7,1,booking.com,289,33,29,0,8,2,hit_max_rounds,54.1,0
fara-7b,Booking--3,C7,1,booking.com,310,32,28,0,8,2,hit_max_rounds,59.3,0
fara-7b,Booking--30,C7,1,booking.com,291,33,29,0,8,2,success,37.9,0
fara-7b,Booking--31,C7,1,booking.com,263,27,23,0,3,2,hit_max_rounds,53.6,0
fara-7b,Booking--32,C7,1,booking.com,20,2,1,0,5,0,hit_max_rounds,46.7,0
fara-7b,Booking--33,C7,1,booking.com,250,24,20,0,9,2,hit_max_rounds,50.6,0
fara-7b,Booking--34,C7,1,booking.com,257,29,25,0,10,2,hit_max_rounds,50.8,0
fara-7b,Booking--35,C7,1,booking.com,309,30,25,0,4,2,unknown,,-9
fara-7b,Booking--36,C7,1,booking.com,299,32,28,0,8,2,success,49.3,0
fara-7b,Booking--37,C7,1,booking.com,277,29,25,0,3,2,hit_max_rounds,56.7,0
fara-7b,Booking--38,C7,1,booking.com,15,2,1,0,3,0,hit_max_rounds,48.7,0
fara-7b,Booking--39,C7,1,booking.com,286,32,28,0,7,2,success,40.2,0
fara-7b,Booking--4,C7,1,booking.com,310,31,27,0,8,2,hit_max_rounds,61.7,0
fara-7b,Booking--40,C7,1,booking.com,283,32,28,0,7,2,success,42.8,0
fara-7b,Booking--41,C7,1,booking.com,231,21,17,0,8,2,success,43.5,0
fara-7b,Booking--42,C7,1,booking.com,245,23,19,0,11,2,hit_max_rounds,52.2,0
fara-7b,Booking--43,C7,1,booking.com,201,15,11,0,6,2,hit_max_rounds,49.3,0
fara-7b,Booking--5,C7,1,booking.com,311,32,28,0,8,2,hit_max_rounds,57.9,0
fara-7b,Booking--6,C7,1,booking.com,197,12,8,0,3,2,hit_max_rounds,49.1,0
fara-7b,Booking--7,C7,1,booking.com,334,34,29,0,9,2,hit_max_rounds,53.3,0
fara-7b,Booking--8,C7,1,booking.com,303,33,29,0,8,2,hit_max_rounds,56.9,0
fara-7b,Booking--9,C7,1,booking.com,15,2,1,0,3,0,hit_max_rounds,46.2,0
fara-7b,Cambridge_Dictionary--0,C7,1,cambridge.org,170,20,19,0,0,6,success,26.3,0
fara-7b,Cambridge_Dictionary--1,C7,1,cambridge.org,156,20,19,0,0,6,success,24.5,0
fara-7b,Cambridge_Dictionary--10,C7,1,cambridge.org,103,19,18,0,0,5,success,23.7,0
fara-7b,Cambridge_Dictionary--11,C7,1,cambridge.org,107,19,18,0,0,5,success,24.5,0
fara-7b,Cambridge_Dictionary--12,C7,1,cambridge.org,87,17,16,0,0,4,success,24.3,0
fara-7b,Cambridge_Dictionary--13,C7,1,cambridge.org,126,19,18,0,0,6,success,42.4,0
fara-7b,Cambridge_Dictionary--14,C7,1,cambridge.org,93,17,16,0,0,5,success,23.9,0
fara-7b,Cambridge_Dictionary--15,C7,1,cambridge.org,103,18,17,0,0,5,success,23.6,0
fara-7b,Cambridge_Dictionary--16,C7,1,cambridge.org,95,18,17,0,0,5,success,25.4,0
fara-7b,Cambridge_Dictionary--17,C7,1,cambridge.org,96,18,17,0,0,5,success,23.6,0
fara-7b,Cambridge_Dictionary--18,C7,1,cambridge.org,158,20,19,0,0,8,success,25.0,0
fara-7b,Cambridge_Dictionary--19,C7,1,cambridge.org,152,22,21,0,1,6,success,25.4,0
fara-7b,Cambridge_Dictionary--2,C7,1,cambridge.org,96,17,16,0,0,4,success,31.6,0
fara-7b,Cambridge_Dictionary--20,C7,1,cambridge.org,114,19,18,0,0,4,success,42.7,0
fara-7b,Cambridge_Dictionary--21,C7,1,cambridge.org,175,20,19,0,1,11,hit_max_rounds,58.4,0
fara-7b,Cambridge_Dictionary--22,C7,1,cambridge.org,105,18,17,0,0,5,success,23.8,0
fara-7b,Cambridge_Dictionary--23,C7,1,cambridge.org,108,19,18,0,0,4,success,24.4,0
fara-7b,Cambridge_Dictionary--24,C7,1,cambridge.org,105,19,18,0,0,5,success,24.3,0
fara-7b,Cambridge_Dictionary--25,C7,1,cambridge.org,108,19,18,0,0,5,success,25.6,0
fara-7b,Cambridge_Dictionary--26,C7,1,cambridge.org,109,19,18,0,0,5,success,23.5,0
fara-7b,Cambridge_Dictionary--27,C7,1,cambridge.org,108,17,16,0,0,4,success,25.0,0
fara-7b,Cambridge_Dictionary--28,C7,1,cambridge.org,121,18,17,0,0,7,success,24.3,0
fara-7b,Cambridge_Dictionary--29,C7,1,cambridge.org,220,19,18,0,0,9,hit_max_rounds,58.8,0
fara-7b,Cambridge_Dictionary--3,C7,1,cambridge.org,111,18,17,0,0,5,success,43.3,0
fara-7b,Cambridge_Dictionary--30,C7,1,cambridge.org,121,18,17,0,0,6,success,48.9,0
fara-7b,Cambridge_Dictionary--31,C7,1,cambridge.org,184,19,18,0,0,12,hit_max_rounds,57.2,0
fara-7b,Cambridge_Dictionary--32,C7,1,cambridge.org,132,20,19,0,2,7,hit_max_rounds,54.5,0
fara-7b,Cambridge_Dictionary--33,C7,1,cambridge.org,174,19,18,0,0,13,hit_max_rounds,55.5,0
fara-7b,Cambridge_Dictionary--34,C7,1,cambridge.org,168,19,18,0,0,12,hit_max_rounds,54.8,0
fara-7b,Cambridge_Dictionary--35,C7,1,cambridge.org,79,19,18,0,0,2,agent_error,7.8,0
fara-7b,Cambridge_Dictionary--36,C7,1,cambridge.org,135,19,18,0,1,9,success,32.6,0
fara-7b,Cambridge_Dictionary--37,C7,1,cambridge.org,164,19,18,0,0,10,success,45.4,0
fara-7b,Cambridge_Dictionary--38,C7,1,cambridge.org,172,19,18,0,0,9,hit_max_rounds,58.8,0
fara-7b,Cambridge_Dictionary--39,C7,1,cambridge.org,163,18,17,0,0,7,hit_max_rounds,57.5,0
fara-7b,Cambridge_Dictionary--4,C7,1,cambridge.org,103,18,17,0,0,5,success,29.1,0
fara-7b,Cambridge_Dictionary--40,C7,1,cambridge.org,123,19,18,0,0,5,success,38.6,0
fara-7b,Cambridge_Dictionary--41,C7,1,cambridge.org,71,18,17,0,3,2,hit_max_rounds,49.8,0
fara-7b,Cambridge_Dictionary--42,C7,1,cambridge.org,191,18,17,0,0,5,success,24.3,0
fara-7b,Cambridge_Dictionary--5,C7,1,cambridge.org,102,18,17,0,0,5,success,31.9,0
fara-7b,Cambridge_Dictionary--6,C7,1,cambridge.org,120,19,18,0,0,4,hit_max_rounds,56.0,0
fara-7b,Cambridge_Dictionary--7,C7,1,cambridge.org,104,19,18,0,0,5,success,24.3,0
fara-7b,Cambridge_Dictionary--8,C7,1,cambridge.org,92,17,16,0,0,4,success,31.1,0
fara-7b,Cambridge_Dictionary--9,C7,1,cambridge.org,113,19,18,0,0,5,success,24.7,0
fara-7b,Coursera--0,C7,1,coursera.org,471,10,9,0,0,3,success,36.6,0
fara-7b,Coursera--1,C7,1,coursera.org,429,9,8,0,0,3,success,27.7,0
fara-7b,Coursera--10,C7,1,coursera.org,446,10,9,0,0,3,success,46.1,0
fara-7b,Coursera--11,C7,1,coursera.org,320,9,8,0,0,2,success,32.4,0
fara-7b,Coursera--12,C7,1,coursera.org,437,9,8,0,0,3,success,28.3,0
fara-7b,Coursera--13,C7,1,coursera.org,446,10,9,0,0,3,success,40.3,0
fara-7b,Coursera--14,C7,1,coursera.org,433,10,9,0,0,3,success,25.9,0
fara-7b,Coursera--15,C7,1,coursera.org,443,10,9,0,0,3,hit_max_rounds,56.8,0
fara-7b,Coursera--16,C7,1,coursera.org,505,10,9,0,0,4,success,35.1,0
fara-7b,Coursera--17,C7,1,coursera.org,374,10,9,0,0,2,hit_max_rounds,59.2,0
fara-7b,Coursera--18,C7,1,coursera.org,443,10,9,0,0,3,success,46.0,0
fara-7b,Coursera--19,C7,1,coursera.org,423,9,8,0,0,3,success,26.2,0
fara-7b,Coursera--2,C7,1,coursera.org,539,10,9,0,0,3,success,48.6,0
fara-7b,Coursera--20,C7,1,coursera.org,408,9,8,0,0,2,hit_max_rounds,62.9,0
fara-7b,Coursera--21,C7,1,coursera.org,294,9,8,0,0,2,success,25.0,0
fara-7b,Coursera--22,C7,1,coursera.org,300,10,9,0,0,2,success,27.1,0
fara-7b,Coursera--23,C7,1,coursera.org,430,9,8,0,0,3,success,26.5,0
fara-7b,Coursera--24,C7,1,coursera.org,459,10,9,0,0,3,hit_max_rounds,58.7,0
fara-7b,Coursera--25,C7,1,coursera.org,451,10,9,0,0,3,success,35.7,0
fara-7b,Coursera--26,C7,1,coursera.org,179,9,8,0,5,1,hit_max_rounds,54.7,0
fara-7b,Coursera--27,C7,1,coursera.org,353,10,9,0,0,2,success,26.8,0
fara-7b,Coursera--28,C7,1,coursera.org,240,10,9,0,7,2,hit_max_rounds,52.7,0
fara-7b,Coursera--29,C7,1,coursera.org,306,11,10,0,0,2,success,46.3,0
fara-7b,Coursera--3,C7,1,coursera.org,307,9,8,0,0,2,success,46.3,0
fara-7b,Coursera--30,C7,1,coursera.org,448,9,8,0,0,3,success,40.3,0
fara-7b,Coursera--31,C7,1,coursera.org,437,9,8,0,0,3,success,32.9,0
fara-7b,Coursera--32,C7,1,coursera.org,382,9,8,0,0,2,success,55.5,0
fara-7b,Coursera--33,C7,1,coursera.org,437,9,8,0,0,3,success,38.9,0
fara-7b,Coursera--34,C7,1,coursera.org,491,9,8,0,0,4,success,38.2,0
fara-7b,Coursera--35,C7,1,coursera.org,441,9,8,0,0,3,hit_max_rounds,57.8,0
fara-7b,Coursera--36,C7,1,coursera.org,526,13,12,0,3,5,hit_max_rounds,67.5,0
fara-7b,Coursera--37,C7,1,coursera.org,280,9,8,0,0,2,success,32.3,0
fara-7b,Coursera--38,C7,1,coursera.org,537,21,20,0,8,5,hit_max_rounds,62.0,0
fara-7b,Coursera--39,C7,1,coursera.org,453,9,8,0,0,3,hit_max_rounds,61.3,0
fara-7b,Coursera--4,C7,1,coursera.org,513,9,8,0,0,4,success,42.6,0
fara-7b,Coursera--40,C7,1,coursera.org,397,19,18,0,1,3,success,58.9,0
fara-7b,Coursera--41,C7,1,coursera.org,283,11,10,0,2,2,hit_max_rounds,52.7,0
fara-7b,Coursera--5,C7,1,coursera.org,354,9,8,0,0,2,success,46.5,0
fara-7b,Coursera--6,C7,1,coursera.org,428,9,8,0,0,3,success,26.0,0
fara-7b,Coursera--7,C7,1,coursera.org,304,10,9,0,0,2,success,26.2,0
fara-7b,Coursera--8,C7,1,coursera.org,521,10,9,0,0,3,success,56.7,0
fara-7b,Coursera--9,C7,1,coursera.org,432,9,8,0,0,3,success,28.1,0
fara-7b,ESPN--0,C7,1,espn.com,135,23,15,0,6,0,hit_max_rounds,49.4,0
fara-7b,ESPN--1,C7,1,espn.com,277,44,35,0,17,0,hit_max_rounds,58.8,0
fara-7b,ESPN--10,C7,1,espn.com,139,24,16,0,5,0,hit_max_rounds,50.7,0
fara-7b,ESPN--11,C7,1,espn.com,135,24,16,0,3,0,hit_max_rounds,52.0,0
fara-7b,ESPN--12,C7,1,espn.com,231,40,31,0,14,0,success,22.6,0
fara-7b,ESPN--13,C7,1,espn.com,236,43,35,0,21,0,hit_max_rounds,59.2,0
fara-7b,ESPN--14,C7,1,espn.com,322,48,39,0,28,0,hit_max_rounds,71.5,0
fara-7b,ESPN--15,C7,1,espn.com,140,23,15,0,6,0,hit_max_rounds,51.3,0
fara-7b,ESPN--16,C7,1,espn.com,140,23,15,0,8,0,hit_max_rounds,50.9,0
fara-7b,ESPN--17,C7,1,espn.com,220,40,32,0,21,0,hit_max_rounds,53.8,0
fara-7b,ESPN--18,C7,1,espn.com,150,28,20,0,7,0,hit_max_rounds,51.6,0
fara-7b,ESPN--19,C7,1,espn.com,565,69,57,0,34,0,hit_max_rounds,58.3,0
fara-7b,ESPN--2,C7,1,espn.com,141,23,15,0,6,0,hit_max_rounds,53.7,0
fara-7b,ESPN--20,C7,1,espn.com,298,44,35,0,19,0,hit_max_rounds,57.3,0
fara-7b,ESPN--21,C7,1,espn.com,142,23,15,0,7,0,hit_max_rounds,50.4,0
fara-7b,ESPN--22,C7,1,espn.com,132,23,15,0,4,0,hit_max_rounds,54.2,0
fara-7b,ESPN--23,C7,1,espn.com,218,40,32,0,21,0,hit_max_rounds,51.1,0
fara-7b,ESPN--24,C7,1,espn.com,139,24,16,0,7,0,hit_max_rounds,50.8,0
fara-7b,ESPN--25,C7,1,espn.com,141,23,15,0,6,0,hit_max_rounds,50.7,0
fara-7b,ESPN--26,C7,1,espn.com,148,28,20,0,6,0,hit_max_rounds,58.0,0
fara-7b,ESPN--27,C7,1,espn.com,282,47,39,0,29,0,hit_max_rounds,56.7,0
fara-7b,ESPN--28,C7,1,espn.com,209,40,32,0,18,0,hit_max_rounds,50.6,0
fara-7b,ESPN--29,C7,1,espn.com,142,23,15,0,7,0,hit_max_rounds,52.1,0
fara-7b,ESPN--3,C7,1,espn.com,142,23,15,0,5,0,hit_max_rounds,50.2,0
fara-7b,ESPN--30,C7,1,espn.com,518,56,45,0,18,0,hit_max_rounds,64.0,0
fara-7b,ESPN--31,C7,1,espn.com,136,23,15,0,4,0,hit_max_rounds,50.1,0
fara-7b,ESPN--32,C7,1,espn.com,128,23,15,0,4,0,hit_max_rounds,48.9,0
fara-7b,ESPN--33,C7,1,espn.com,292,41,33,0,37,0,hit_max_rounds,53.5,0
fara-7b,ESPN--34,C7,1,espn.com,213,43,35,0,18,0,hit_max_rounds,62.5,0
fara-7b,ESPN--35,C7,1,espn.com,279,46,37,0,18,0,hit_max_rounds,79.9,0
fara-7b,ESPN--36,C7,1,espn.com,140,24,16,0,8,0,hit_max_rounds,50.8,0
fara-7b,ESPN--37,C7,1,espn.com,130,24,16,0,4,0,hit_max_rounds,49.8,0
fara-7b,ESPN--38,C7,1,espn.com,202,40,32,0,18,0,hit_max_rounds,53.3,0
fara-7b,ESPN--39,C7,1,espn.com,135,24,16,0,5,0,hit_max_rounds,50.3,0
fara-7b,ESPN--4,C7,1,espn.com,662,75,62,0,29,0,success,51.0,0
fara-7b,ESPN--40,C7,1,espn.com,215,40,32,0,21,0,hit_max_rounds,52.3,0
fara-7b,ESPN--41,C7,1,espn.com,130,24,16,0,2,0,hit_max_rounds,50.6,0
fara-7b,ESPN--42,C7,1,espn.com,131,23,15,0,5,0,hit_max_rounds,49.8,0
fara-7b,ESPN--43,C7,1,espn.com,145,28,20,0,5,0,hit_max_rounds,52.8,0
fara-7b,ESPN--5,C7,1,espn.com,145,23,15,0,6,0,hit_max_rounds,51.2,0
fara-7b,ESPN--6,C7,1,espn.com,146,23,15,0,9,0,hit_max_rounds,51.0,0
fara-7b,ESPN--7,C7,1,espn.com,144,23,15,0,6,0,hit_max_rounds,50.5,0
fara-7b,ESPN--8,C7,1,espn.com,193,37,29,0,17,0,hit_max_rounds,58.9,0
fara-7b,ESPN--9,C7,1,espn.com,255,44,35,0,16,0,hit_max_rounds,53.6,0
fara-7b,GitHub--0,C7,1,github.com,263,5,2,0,0,0,success,36.9,0
fara-7b,GitHub--1,C7,1,github.com,283,5,2,0,0,0,success,45.0,0
fara-7b,GitHub--10,C7,1,github.com,244,7,4,0,0,0,hit_max_rounds,53.5,0
fara-7b,GitHub--11,C7,1,github.com,258,4,1,0,0,0,hit_max_rounds,59.8,0
fara-7b,GitHub--12,C7,1,github.com,326,6,3,0,0,0,success,36.1,0
fara-7b,GitHub--13,C7,1,github.com,304,5,2,0,0,0,success,40.4,0
fara-7b,GitHub--14,C7,1,github.com,296,7,4,0,0,0,hit_max_rounds,54.1,0
fara-7b,GitHub--15,C7,1,github.com,305,7,4,0,0,0,success,37.0,0
fara-7b,GitHub--16,C7,1,github.com,159,5,2,0,4,0,hit_max_rounds,47.9,0
fara-7b,GitHub--17,C7,1,github.com,262,6,3,0,1,0,hit_max_rounds,58.4,0
fara-7b,GitHub--18,C7,1,github.com,170,5,2,0,7,0,hit_max_rounds,51.2,0
fara-7b,GitHub--19,C7,1,github.com,257,5,2,0,0,0,success,24.0,0
fara-7b,GitHub--2,C7,1,github.com,157,5,2,0,3,0,hit_max_rounds,49.5,0
fara-7b,GitHub--20,C7,1,github.com,167,5,2,0,2,0,hit_max_rounds,49.9,0
fara-7b,GitHub--21,C7,1,github.com,189,6,3,0,2,0,success,52.4,0
fara-7b,GitHub--22,C7,1,github.com,306,6,3,0,0,0,success,39.3,0
fara-7b,GitHub--23,C7,1,github.com,472,9,6,0,0,0,hit_max_rounds,55.9,0
fara-7b,GitHub--24,C7,1,github.com,416,6,3,0,0,0,hit_max_rounds,56.7,0
fara-7b,GitHub--25,C7,1,github.com,359,6,3,0,0,0,success,38.3,0
fara-7b,GitHub--26,C7,1,github.com,159,5,2,0,4,0,hit_max_rounds,48.0,0
fara-7b,GitHub--27,C7,1,github.com,270,5,2,0,0,0,success,38.0,0
fara-7b,GitHub--28,C7,1,github.com,213,5,2,0,0,0,success,24.5,0
fara-7b,GitHub--29,C7,1,github.com,179,5,2,0,0,0,success,21.7,0
fara-7b,GitHub--3,C7,1,github.com,186,5,2,0,2,0,success,57.3,0
fara-7b,GitHub--30,C7,1,github.com,371,8,5,0,1,0,hit_max_rounds,57.7,0
fara-7b,GitHub--31,C7,1,github.com,157,5,2,0,3,0,agent_error,22.6,0
fara-7b,GitHub--32,C7,1,github.com,285,5,2,0,0,0,success,32.9,0
fara-7b,GitHub--33,C7,1,github.com,167,5,2,0,4,0,hit_max_rounds,49.9,0
fara-7b,GitHub--34,C7,1,github.com,215,5,2,0,0,0,success,29.8,0
fara-7b,GitHub--35,C7,1,github.com,175,5,2,0,4,0,hit_max_rounds,50.6,0
fara-7b,GitHub--36,C7,1,github.com,243,6,3,0,5,0,hit_max_rounds,53.8,0
fara-7b,GitHub--37,C7,1,github.com,296,6,3,0,2,0,hit_max_rounds,53.3,0
fara-7b,GitHub--38,C7,1,github.com,161,5,2,0,5,0,hit_max_rounds,47.7,0
fara-7b,GitHub--39,C7,1,github.com,330,6,3,0,0,0,success,45.3,0
fara-7b,GitHub--4,C7,1,github.com,317,5,2,0,0,0,success,49.5,0
fara-7b,GitHub--40,C7,1,github.com,192,5,2,0,0,0,success,30.4,0
fara-7b,GitHub--5,C7,1,github.com,225,5,2,0,0,0,hit_max_rounds,59.2,0
fara-7b,GitHub--6,C7,1,github.com,336,6,3,0,0,0,success,46.3,0
fara-7b,GitHub--7,C7,1,github.com,355,5,2,0,0,0,success,37.8,0
fara-7b,GitHub--8,C7,1,github.com,161,5,2,0,5,0,hit_max_rounds,48.3,0
fara-7b,GitHub--9,C7,1,github.com,369,6,3,0,0,0,hit_max_rounds,59.2,0
fara-7b,Google_Flights--0,C7,1,google.com,122,11,8,0,0,0,hit_max_rounds,61.7,0
fara-7b,Google_Flights--1,C7,1,google.com,106,11,8,0,0,0,hit_max_rounds,61.5,0
fara-7b,Google_Flights--10,C7,1,google.com,101,11,8,0,0,0,hit_max_rounds,61.5,0
fara-7b,Google_Flights--11,C7,1,google.com,99,11,8,0,0,0,hit_max_rounds,62.0,0
fara-7b,Google_Flights--12,C7,1,google.com,103,11,8,0,0,0,hit_max_rounds,60.9,0
fara-7b,Google_Flights--13,C7,1,google.com,102,11,8,0,0,0,hit_max_rounds,61.4,0
fara-7b,Google_Flights--14,C7,1,google.com,94,11,8,0,0,0,hit_max_rounds,61.6,0
fara-7b,Google_Flights--15,C7,1,google.com,118,11,8,0,0,0,hit_max_rounds,61.3,0
fara-7b,Google_Flights--16,C7,1,google.com,116,11,8,0,0,0,hit_max_rounds,62.0,0
fara-7b,Google_Flights--17,C7,1,google.com,100,11,8,0,0,0,hit_max_rounds,61.7,0
fara-7b,Google_Flights--18,C7,1,google.com,101,11,8,0,0,0,hit_max_rounds,61.4,0
fara-7b,Google_Flights--19,C7,1,google.com,105,11,8,0,0,0,hit_max_rounds,61.5,0
fara-7b,Google_Flights--2,C7,1,google.com,85,11,8,0,0,0,hit_max_rounds,61.9,0
fara-7b,Google_Flights--20,C7,1,google.com,104,11,8,0,0,0,hit_max_rounds,61.6,0
fara-7b,Google_Flights--21,C7,1,google.com,108,11,8,0,0,0,hit_max_rounds,60.9,0
fara-7b,Google_Flights--22,C7,1,google.com,116,11,8,0,0,0,hit_max_rounds,61.9,0
fara-7b,Google_Flights--23,C7,1,google.com,108,11,8,0,0,0,hit_max_rounds,63.1,0
fara-7b,Google_Flights--24,C7,1,google.com,264,17,12,0,0,0,hit_max_rounds,65.6,0
fara-7b,Google_Flights--25,C7,1,google.com,126,11,8,0,0,0,hit_max_rounds,61.9,0
fara-7b,Google_Flights--26,C7,1,google.com,102,11,8,0,0,0,hit_max_rounds,61.4,0
fara-7b,Google_Flights--27,C7,1,google.com,104,11,8,0,0,0,hit_max_rounds,61.8,0
fara-7b,Google_Flights--28,C7,1,google.com,91,11,8,0,0,0,hit_max_rounds,60.8,0
fara-7b,Google_Flights--29,C7,1,google.com,124,11,8,0,0,0,hit_max_rounds,61.0,0
fara-7b,Google_Flights--3,C7,1,google.com,274,12,9,0,0,0,hit_max_rounds,66.1,0
fara-7b,Google_Flights--30,C7,1,google.com,310,12,9,0,0,0,hit_max_rounds,64.8,0
fara-7b,Google_Flights--31,C7,1,google.com,116,11,8,0,0,0,hit_max_rounds,60.9,0
fara-7b,Google_Flights--32,C7,1,google.com,122,11,8,0,0,0,hit_max_rounds,61.8,0
fara-7b,Google_Flights--33,C7,1,google.com,118,11,8,0,0,0,hit_max_rounds,61.6,0
fara-7b,Google_Flights--34,C7,1,google.com,95,11,8,0,0,0,hit_max_rounds,61.5,0
fara-7b,Google_Flights--35,C7,1,google.com,109,11,8,0,0,0,hit_max_rounds,61.7,0
fara-7b,Google_Flights--36,C7,1,google.com,113,11,8,0,0,0,hit_max_rounds,60.9,0
fara-7b,Google_Flights--37,C7,1,google.com,108,11,8,0,0,0,hit_max_rounds,61.6,0
fara-7b,Google_Flights--38,C7,1,google.com,53,11,8,0,0,0,agent_error,14.2,0
fara-7b,Google_Flights--39,C7,1,google.com,133,11,8,0,0,0,hit_max_rounds,59.7,0
fara-7b,Google_Flights--4,C7,1,google.com,106,11,8,0,0,0,hit_max_rounds,60.8,0
fara-7b,Google_Flights--40,C7,1,google.com,213,12,9,0,0,0,hit_max_rounds,65.8,0
fara-7b,Google_Flights--41,C7,1,google.com,128,11,8,0,0,0,hit_max_rounds,62.4,0
fara-7b,Google_Flights--5,C7,1,google.com,95,11,8,0,0,0,hit_max_rounds,60.9,0
fara-7b,Google_Flights--6,C7,1,google.com,118,11,8,0,0,0,hit_max_rounds,61.9,0
fara-7b,Google_Flights--7,C7,1,google.com,104,11,8,0,0,0,hit_max_rounds,61.9,0
fara-7b,Google_Flights--8,C7,1,google.com,100,11,8,0,0,0,hit_max_rounds,61.1,0
fara-7b,Google_Flights--9,C7,1,google.com,94,11,8,0,0,0,hit_max_rounds,60.9,0
fara-7b,Google_Map--0,C7,1,google.com,708,15,10,0,0,0,success,59.3,0
fara-7b,Google_Map--1,C7,1,google.com,453,14,9,0,6,0,hit_max_rounds,86.2,0
fara-7b,Google_Map--10,C7,1,google.com,423,13,8,0,0,0,success,55.0,0
fara-7b,Google_Map--11,C7,1,google.com,895,15,10,0,2,0,success,51.6,0
fara-7b,Google_Map--12,C7,1,google.com,483,13,8,0,0,0,success,29.5,0
fara-7b,Google_Map--13,C7,1,google.com,985,14,9,0,0,0,hit_max_rounds,60.6,0
fara-7b,Google_Map--14,C7,1,google.com,631,14,9,0,0,0,success,26.6,0
fara-7b,Google_Map--15,C7,1,google.com,870,19,14,0,0,0,success,52.7,0
fara-7b,Google_Map--16,C7,1,google.com,691,14,9,0,0,0,hit_max_rounds,60.4,0
fara-7b,Google_Map--17,C7,1,google.com,1148,14,9,0,0,0,hit_max_rounds,66.8,0
fara-7b,Google_Map--18,C7,1,google.com,423,13,8,0,0,0,success,39.9,0
fara-7b,Google_Map--19,C7,1,google.com,713,16,11,0,1,0,hit_max_rounds,64.2,0
fara-7b,Google_Map--2,C7,1,google.com,523,12,7,0,0,0,success,28.0,0
fara-7b,Google_Map--20,C7,1,google.com,670,17,12,0,0,0,success,33.2,0
fara-7b,Google_Map--21,C7,1,google.com,387,15,9,0,0,0,success,31.7,0
fara-7b,Google_Map--22,C7,1,google.com,444,16,9,0,0,0,success,25.7,0
fara-7b,Google_Map--23,C7,1,google.com,588,15,10,0,1,0,success,52.8,0
fara-7b,Google_Map--24,C7,1,google.com,519,15,10,0,1,0,success,32.8,0
fara-7b,Google_Map--25,C7,1,google.com,553,14,9,0,0,0,success,25.9,0
fara-7b,Google_Map--26,C7,1,google.com,825,17,12,0,1,0,agent_error,114.7,0
fara-7b,Google_Map--27,C7,1,google.com,1061,19,13,0,1,0,success,56.3,0
fara-7b,Google_Map--28,C7,1,google.com,415,14,9,0,3,0,hit_max_rounds,58.2,0
fara-7b,Google_Map--29,C7,1,google.com,174,10,7,0,8,0,hit_max_rounds,50.9,0
fara-7b,Google_Map--3,C7,1,google.com,447,14,9,0,0,0,success,29.4,0
fara-7b,Google_Map--30,C7,1,google.com,521,13,8,0,0,0,success,38.9,0
fara-7b,Google_Map--31,C7,1,google.com,495,17,12,0,0,0,success,32.5,0
fara-7b,Google_Map--32,C7,1,google.com,570,12,7,0,0,0,success,29.2,0
fara-7b,Google_Map--33,C7,1,google.com,267,13,8,0,2,0,hit_max_rounds,54.3,0
fara-7b,Google_Map--34,C7,1,google.com,589,13,8,0,0,0,success,36.5,0
fara-7b,Google_Map--35,C7,1,google.com,495,14,9,0,0,0,success,28.8,0
fara-7b,Google_Map--36,C7,1,google.com,487,13,8,0,0,0,success,29.5,0
fara-7b,Google_Map--37,C7,1,google.com,608,17,12,0,1,0,hit_max_rounds,64.9,0
fara-7b,Google_Map--38,C7,1,google.com,532,14,7,0,0,0,success,40.6,0
fara-7b,Google_Map--39,C7,1,google.com,453,13,8,0,0,0,success,44.6,0
fara-7b,Google_Map--4,C7,1,google.com,277,13,8,0,7,0,hit_max_rounds,54.6,0
fara-7b,Google_Map--40,C7,1,google.com,280,13,8,0,8,0,hit_max_rounds,55.0,0
fara-7b,Google_Map--5,C7,1,google.com,447,15,10,0,6,0,hit_max_rounds,55.0,0
fara-7b,Google_Map--6,C7,1,google.com,430,14,7,0,0,0,success,25.7,0
fara-7b,Google_Map--7,C7,1,google.com,582,15,10,0,1,0,hit_max_rounds,90.1,0
fara-7b,Google_Map--8,C7,1,google.com,869,15,9,0,0,0,success,58.5,0
fara-7b,Google_Map--9,C7,1,google.com,1087,15,10,0,1,0,hit_max_rounds,60.8,0
fara-7b,Google_Search--0,C7,1,google.com,97,7,4,0,4,0,hit_max_rounds,54.9,0
fara-7b,Google_Search--1,C7,1,google.com,88,7,4,0,2,0,hit_max_rounds,51.6,0
fara-7b,Google_Search--10,C7,1,google.com,96,6,3,0,3,0,hit_max_rounds,48.9,0
fara-7b,Google_Search--11,C7,1,google.com,68,6,3,0,5,0,hit_max_rounds,48.3,0
fara-7b,Google_Search--12,C7,1,google.com,76,6,3,0,8,0,hit_max_rounds,47.8,0
fara-7b,Google_Search--13,C7,1,google.com,73,6,3,0,8,0,hit_max_rounds,48.7,0
fara-7b,Google_Search--14,C7,1,google.com,147,7,4,0,4,0,hit_max_rounds,58.5,0
fara-7b,Google_Search--15,C7,1,google.com,88,6,3,0,1,0,hit_max_rounds,48.4,0
fara-7b,Google_Search--16,C7,1,google.com,69,6,3,0,5,0,agent_error,33.5,0
fara-7b,Google_Search--17,C7,1,google.com,61,6,3,0,1,0,hit_max_rounds,48.1,0
fara-7b,Google_Search--18,C7,1,google.com,91,7,4,0,1,0,success,24.4,0
fara-7b,Google_Search--19,C7,1,google.com,62,6,3,0,2,0,hit_max_rounds,47.6,0
fara-7b,Google_Search--2,C7,1,google.com,75,6,3,0,8,0,hit_max_rounds,48.8,0
fara-7b,Google_Search--20,C7,1,google.com,65,6,3,0,3,0,success,26.0,0
fara-7b,Google_Search--21,C7,1,google.com,127,6,3,0,5,0,hit_max_rounds,50.5,0
fara-7b,Google_Search--22,C7,1,google.com,76,6,3,0,8,0,hit_max_rounds,49.7,0
fara-7b,Google_Search--23,C7,1,google.com,87,7,4,0,2,0,success,30.1,0
fara-7b,Google_Search--24,C7,1,google.com,89,7,4,0,1,0,success,24.4,0
fara-7b,Google_Search--25,C7,1,google.com,121,6,3,0,2,0,hit_max_rounds,49.6,0
fara-7b,Google_Search--26,C7,1,google.com,105,6,3,0,5,0,hit_max_rounds,49.6,0
fara-7b,Google_Search--27,C7,1,google.com,74,6,3,0,8,0,hit_max_rounds,49.6,0
fara-7b,Google_Search--28,C7,1,google.com,98,7,4,0,5,0,success,51.9,0
fara-7b,Google_Search--29,C7,1,google.com,66,6,3,0,3,0,success,26.4,0
fara-7b,Google_Search--3,C7,1,google.com,96,6,3,0,3,0,hit_max_rounds,54.5,0
fara-7b,Google_Search--30,C7,1,google.com,75,6,3,0,8,0,hit_max_rounds,50.6,0
fara-7b,Google_Search--31,C7,1,google.com,68,6,3,0,4,0,success,32.1,0
fara-7b,Google_Search--32,C7,1,google.com,92,7,4,0,1,0,success,25.2,0
fara-7b,Google_Search--33,C7,1,google.com,64,6,3,0,2,0,hit_max_rounds,47.9,0
fara-7b,Google_Search--34,C7,1,google.com,73,6,3,0,7,0,hit_max_rounds,48.5,0
fara-7b,Google_Search--35,C7,1,google.com,76,6,3,0,8,0,hit_max_rounds,49.8,0
fara-7b,Google_Search--36,C7,1,google.com,69,6,3,0,5,0,hit_max_rounds,48.0,0
fara-7b,Google_Search--37,C7,1,google.com,72,6,3,0,6,0,hit_max_rounds,49.3,0
fara-7b,Google_Search--38,C7,1,google.com,92,7,4,0,2,0,hit_max_rounds,52.4,0
fara-7b,Google_Search--39,C7,1,google.com,72,6,3,0,5,0,hit_max_rounds,48.7,0
fara-7b,Google_Search--4,C7,1,google.com,66,6,3,0,3,0,hit_max_rounds,48.3,0
fara-7b,Google_Search--40,C7,1,google.com,103,7,4,0,6,0,hit_max_rounds,54.1,0
fara-7b,Google_Search--41,C7,1,google.com,103,7,4,0,7,0,hit_max_rounds,52.8,0
fara-7b,Google_Search--42,C7,1,google.com,102,7,4,0,7,0,hit_max_rounds,54.4,0
fara-7b,Google_Search--5,C7,1,google.com,65,6,3,0,4,0,hit_max_rounds,47.9,0
fara-7b,Google_Search--6,C7,1,google.com,103,6,3,0,4,0,hit_max_rounds,50.6,0
fara-7b,Google_Search--7,C7,1,google.com,73,6,3,0,7,0,hit_max_rounds,51.4,0
fara-7b,Google_Search--8,C7,1,google.com,67,6,3,0,4,0,agent_error,28.9,0
fara-7b,Google_Search--9,C7,1,google.com,89,7,4,0,2,0,success,37.0,0
fara-7b,Huggingface--0,C7,1,huggingface.co,228,8,6,0,2,0,hit_max_rounds,55.5,0
fara-7b,Huggingface--1,C7,1,huggingface.co,215,9,7,0,4,0,hit_max_rounds,58.1,0
fara-7b,Huggingface--10,C7,1,huggingface.co,209,8,6,0,5,0,hit_max_rounds,58.0,0
fara-7b,Huggingface--11,C7,1,huggingface.co,109,8,6,0,7,0,hit_max_rounds,50.7,0
fara-7b,Huggingface--12,C7,1,huggingface.co,202,7,5,0,2,0,success,24.4,0
fara-7b,Huggingface--13,C7,1,huggingface.co,113,8,6,0,9,0,hit_max_rounds,49.9,0
fara-7b,Huggingface--14,C7,1,huggingface.co,120,7,5,0,2,0,success,23.8,0
fara-7b,Huggingface--15,C7,1,huggingface.co,217,8,6,0,2,0,hit_max_rounds,54.8,0
fara-7b,Huggingface--16,C7,1,huggingface.co,387,8,6,0,3,0,success,54.8,0
fara-7b,Huggingface--17,C7,1,huggingface.co,406,9,7,0,3,0,success,43.0,0
fara-7b,Huggingface--18,C7,1,huggingface.co,416,13,11,0,7,0,hit_max_rounds,59.4,0
fara-7b,Huggingface--19,C7,1,huggingface.co,421,8,6,0,5,0,hit_max_rounds,56.7,0
fara-7b,Huggingface--2,C7,1,huggingface.co,264,8,6,0,3,0,hit_max_rounds,57.2,0
fara-7b,Huggingface--20,C7,1,huggingface.co,230,8,6,0,2,0,success,23.8,0
fara-7b,Huggingface--21,C7,1,huggingface.co,136,8,6,0,7,0,hit_max_rounds,54.7,0
fara-7b,Huggingface--22,C7,1,huggingface.co,107,8,6,0,6,0,hit_max_rounds,50.8,0
fara-7b,Huggingface--23,C7,1,huggingface.co,335,12,10,0,6,0,hit_max_rounds,52.2,0
fara-7b,Huggingface--24,C7,1,huggingface.co,215,8,6,0,2,0,success,31.0,0
fara-7b,Huggingface--25,C7,1,huggingface.co,359,7,5,0,4,0,success,57.7,0
fara-7b,Huggingface--26,C7,1,huggingface.co,360,8,6,0,3,0,success,31.0,0
fara-7b,Huggingface--27,C7,1,huggingface.co,176,7,5,0,2,0,success,29.8,0
fara-7b,Huggingface--28,C7,1,huggingface.co,355,7,5,0,4,0,success,37.8,0
fara-7b,Huggingface--29,C7,1,huggingface.co,267,7,5,0,3,0,success,48.1,0
fara-7b,Huggingface--3,C7,1,huggingface.co,184,7,5,0,2,0,success,46.1,0
fara-7b,Huggingface--30,C7,1,huggingface.co,222,8,6,0,3,0,hit_max_rounds,56.2,0
fara-7b,Huggingface--31,C7,1,huggingface.co,232,8,6,0,2,0,success,30.1,0
fara-7b,Huggingface--32,C7,1,huggingface.co,326,7,5,0,2,0,hit_max_rounds,53.0,0
fara-7b,Huggingface--33,C7,1,huggingface.co,177,9,7,0,8,0,hit_max_rounds,53.9,0
fara-7b,Huggingface--34,C7,1,huggingface.co,107,8,6,0,6,0,hit_max_rounds,49.3,0
fara-7b,Huggingface--35,C7,1,huggingface.co,99,8,6,0,2,0,hit_max_rounds,51.3,0
fara-7b,Huggingface--36,C7,1,huggingface.co,120,7,5,0,2,0,success,24.1,0
fara-7b,Huggingface--37,C7,1,huggingface.co,390,8,6,0,7,0,hit_max_rounds,60.0,0
fara-7b,Huggingface--38,C7,1,huggingface.co,179,8,6,0,7,0,hit_max_rounds,58.1,0
fara-7b,Huggingface--39,C7,1,huggingface.co,353,8,6,0,8,0,hit_max_rounds,56.7,0
fara-7b,Huggingface--4,C7,1,huggingface.co,213,9,7,0,3,0,hit_max_rounds,56.4,0
fara-7b,Huggingface--40,C7,1,huggingface.co,164,9,7,0,3,0,success,23.7,0
fara-7b,Huggingface--41,C7,1,huggingface.co,222,8,6,0,2,0,success,47.5,0
fara-7b,Huggingface--42,C7,1,huggingface.co,322,7,5,0,3,0,success,30.5,0
fara-7b,Huggingface--5,C7,1,huggingface.co,384,8,6,0,3,0,success,31.5,0
fara-7b,Huggingface--6,C7,1,huggingface.co,336,12,10,0,5,0,hit_max_rounds,53.8,0
fara-7b,Huggingface--7,C7,1,huggingface.co,176,7,5,0,2,0,success,23.1,0
fara-7b,Huggingface--8,C7,1,huggingface.co,390,10,8,0,5,0,success,53.1,0
fara-7b,Huggingface--9,C7,1,huggingface.co,360,9,6,0,3,0,hit_max_rounds,54.7,0
fara-7b,Wolfram_Alpha--0,C7,1,wolframalpha.com,104,3,1,0,0,0,success,30.3,0
fara-7b,Wolfram_Alpha--1,C7,1,wolframalpha.com,41,2,1,0,6,0,hit_max_rounds,49.2,0
fara-7b,Wolfram_Alpha--10,C7,1,wolframalpha.com,94,4,2,0,0,0,success,23.0,0
fara-7b,Wolfram_Alpha--11,C7,1,wolframalpha.com,209,4,2,0,0,0,success,57.3,0
fara-7b,Wolfram_Alpha--12,C7,1,wolframalpha.com,37,3,1,0,3,0,hit_max_rounds,50.7,0
fara-7b,Wolfram_Alpha--13,C7,1,wolframalpha.com,0,0,0,0,0,0,unknown,,
fara-7b,Wolfram_Alpha--14,C7,1,wolframalpha.com,169,4,2,0,0,0,hit_max_rounds,56.2,0
fara-7b,Wolfram_Alpha--15,C7,1,wolframalpha.com,167,4,2,0,0,0,success,23.5,0
fara-7b,Wolfram_Alpha--16,C7,1,wolframalpha.com,187,4,2,0,0,0,success,24.1,0
fara-7b,Wolfram_Alpha--17,C7,1,wolframalpha.com,125,4,2,0,0,0,success,24.0,0
fara-7b,Wolfram_Alpha--18,C7,1,wolframalpha.com,59,3,1,0,0,0,success,30.5,0
fara-7b,Wolfram_Alpha--19,C7,1,wolframalpha.com,305,4,2,0,0,0,hit_max_rounds,59.7,0
fara-7b,Wolfram_Alpha--2,C7,1,wolframalpha.com,52,3,1,0,0,0,success,23.3,0
fara-7b,Wolfram_Alpha--20,C7,1,wolframalpha.com,82,3,1,0,0,0,success,24.7,0
fara-7b,Wolfram_Alpha--21,C7,1,wolframalpha.com,73,3,1,0,0,0,success,30.4,0
fara-7b,Wolfram_Alpha--22,C7,1,wolframalpha.com,96,4,2,0,0,0,success,23.0,0
fara-7b,Wolfram_Alpha--23,C7,1,wolframalpha.com,124,4,2,0,0,0,success,23.7,0
fara-7b,Wolfram_Alpha--24,C7,1,wolframalpha.com,76,3,1,0,0,0,success,22.2,0
fara-7b,Wolfram_Alpha--25,C7,1,wolframalpha.com,258,5,3,0,1,0,hit_max_rounds,55.5,0
fara-7b,Wolfram_Alpha--26,C7,1,wolframalpha.com,137,3,1,0,0,0,hit_max_rounds,53.3,0
fara-7b,Wolfram_Alpha--27,C7,1,wolframalpha.com,183,4,2,0,0,0,success,23.4,0
fara-7b,Wolfram_Alpha--28,C7,1,wolframalpha.com,32,3,1,0,1,0,success,23.0,0
fara-7b,Wolfram_Alpha--29,C7,1,wolframalpha.com,64,4,2,0,0,0,success,17.0,0
fara-7b,Wolfram_Alpha--3,C7,1,wolframalpha.com,77,3,1,0,0,0,success,29.2,0
fara-7b,Wolfram_Alpha--30,C7,1,wolframalpha.com,154,5,3,0,2,0,hit_max_rounds,55.1,0
fara-7b,Wolfram_Alpha--31,C7,1,wolframalpha.com,105,4,2,0,0,0,success,23.0,0
fara-7b,Wolfram_Alpha--32,C7,1,wolframalpha.com,97,4,2,0,0,0,success,25.9,0
fara-7b,Wolfram_Alpha--33,C7,1,wolframalpha.com,92,4,2,0,0,0,success,23.9,0
fara-7b,Wolfram_Alpha--34,C7,1,wolframalpha.com,138,4,2,0,0,0,success,22.4,0
fara-7b,Wolfram_Alpha--35,C7,1,wolframalpha.com,70,3,1,0,0,0,success,22.5,0
fara-7b,Wolfram_Alpha--36,C7,1,wolframalpha.com,107,3,1,0,0,0,success,23.8,0
fara-7b,Wolfram_Alpha--37,C7,1,wolframalpha.com,120,4,2,0,0,0,success,23.7,0
fara-7b,Wolfram_Alpha--38,C7,1,wolframalpha.com,98,3,1,0,0,0,success,23.4,0
fara-7b,Wolfram_Alpha--39,C7,1,wolframalpha.com,148,4,2,0,0,0,success,24.3,0
fara-7b,Wolfram_Alpha--4,C7,1,wolframalpha.com,87,5,3,0,1,0,hit_max_rounds,52.6,0
fara-7b,Wolfram_Alpha--40,C7,1,wolframalpha.com,139,4,2,0,0,0,success,22.6,0
fara-7b,Wolfram_Alpha--41,C7,1,wolframalpha.com,151,4,2,0,0,0,success,23.5,0
fara-7b,Wolfram_Alpha--42,C7,1,wolframalpha.com,132,4,2,0,0,0,success,23.8,0
fara-7b,Wolfram_Alpha--43,C7,1,wolframalpha.com,116,4,2,0,0,0,success,43.6,0
fara-7b,Wolfram_Alpha--44,C7,1,wolframalpha.com,83,3,1,0,0,0,success,22.4,0
fara-7b,Wolfram_Alpha--45,C7,1,wolframalpha.com,189,5,3,0,3,0,hit_max_rounds,53.1,0
fara-7b,Wolfram_Alpha--5,C7,1,wolframalpha.com,75,3,1,0,0,0,success,30.7,0
fara-7b,Wolfram_Alpha--6,C7,1,wolframalpha.com,94,4,2,0,0,0,success,23.4,0
fara-7b,Wolfram_Alpha--7,C7,1,wolframalpha.com,225,4,2,0,0,0,success,24.6,0
fara-7b,Wolfram_Alpha--8,C7,1,wolframalpha.com,150,4,2,0,0,0,success,30.8,0
fara-7b,Wolfram_Alpha--9,C7,1,wolframalpha.com,103,4,2,0,0,0,success,24.2,0
fara-7b,Allrecipes--0,C8,1,allrecipes.com,776,143,140,0,28,1,success,42.7,0
fara-7b,Allrecipes--1,C8,1,allrecipes.com,635,119,116,0,25,0,success,30.1,0
fara-7b,Allrecipes--10,C8,1,allrecipes.com,1064,268,264,0,28,0,success,55.2,0
fara-7b,Allrecipes--11,C8,1,allrecipes.com,724,125,122,0,26,0,success,36.2,0
fara-7b,Allrecipes--12,C8,1,allrecipes.com,726,125,122,0,26,0,success,46.1,0
fara-7b,Allrecipes--13,C8,1,allrecipes.com,797,128,125,0,25,0,success,50.8,0
fara-7b,Allrecipes--14,C8,1,allrecipes.com,775,132,129,0,28,0,success,37.6,0
fara-7b,Allrecipes--15,C8,1,allrecipes.com,826,132,129,0,27,0,success,57.7,0
fara-7b,Allrecipes--16,C8,1,allrecipes.com,765,132,129,0,28,0,success,36.9,0
fara-7b,Allrecipes--17,C8,1,allrecipes.com,909,135,132,0,34,0,success,50.0,0
fara-7b,Allrecipes--18,C8,1,allrecipes.com,790,131,128,0,39,0,success,57.3,0
fara-7b,Allrecipes--19,C8,1,allrecipes.com,762,126,123,0,25,0,success,42.9,0
fara-7b,Allrecipes--2,C8,1,allrecipes.com,1133,127,124,0,52,0,hit_max_rounds,58.2,0
fara-7b,Allrecipes--20,C8,1,allrecipes.com,898,145,142,0,29,1,hit_max_rounds,54.6,0
fara-7b,Allrecipes--21,C8,1,allrecipes.com,775,135,132,0,28,0,success,37.8,0
fara-7b,Allrecipes--22,C8,1,allrecipes.com,805,122,119,0,26,0,hit_max_rounds,54.7,0
fara-7b,Allrecipes--23,C8,1,allrecipes.com,808,133,130,0,22,0,success,54.9,0
fara-7b,Allrecipes--24,C8,1,allrecipes.com,718,120,117,0,25,0,success,37.4,0
fara-7b,Allrecipes--25,C8,1,allrecipes.com,774,127,124,0,27,0,success,48.2,0
fara-7b,Allrecipes--26,C8,1,allrecipes.com,830,133,130,0,25,0,success,56.8,0
fara-7b,Allrecipes--27,C8,1,allrecipes.com,710,114,111,0,28,0,success,34.8,0
fara-7b,Allrecipes--28,C8,1,allrecipes.com,913,135,132,0,33,0,success,56.3,0
fara-7b,Allrecipes--29,C8,1,allrecipes.com,975,135,131,0,41,0,hit_max_rounds,59.7,0
fara-7b,Allrecipes--3,C8,1,allrecipes.com,686,128,125,0,25,0,success,31.0,0
fara-7b,Allrecipes--30,C8,1,allrecipes.com,1045,147,143,0,46,0,hit_max_rounds,56.2,0
fara-7b,Allrecipes--31,C8,1,allrecipes.com,743,135,132,0,22,1,success,49.1,0
fara-7b,Allrecipes--32,C8,1,allrecipes.com,1146,142,138,0,46,0,hit_max_rounds,56.9,0
fara-7b,Allrecipes--33,C8,1,allrecipes.com,789,133,130,0,22,0,success,51.0,0
fara-7b,Allrecipes--34,C8,1,allrecipes.com,640,122,119,0,24,0,success,23.9,0
fara-7b,Allrecipes--35,C8,1,allrecipes.com,662,122,119,0,22,0,success,24.6,0
fara-7b,Allrecipes--36,C8,1,allrecipes.com,790,126,123,0,25,0,success,53.1,0
fara-7b,Allrecipes--37,C8,1,allrecipes.com,730,134,131,0,28,0,success,37.9,0
fara-7b,Allrecipes--38,C8,1,allrecipes.com,661,117,114,0,24,0,success,24.7,0
fara-7b,Allrecipes--39,C8,1,allrecipes.com,826,136,133,0,26,0,hit_max_rounds,61.8,0
fara-7b,Allrecipes--4,C8,1,allrecipes.com,725,135,132,0,29,0,success,30.9,0
fara-7b,Allrecipes--40,C8,1,allrecipes.com,230,76,73,0,5,0,success,27.4,0
fara-7b,Allrecipes--41,C8,1,allrecipes.com,666,120,116,0,32,0,hit_max_rounds,53.7,0
fara-7b,Allrecipes--42,C8,1,allrecipes.com,687,127,124,0,29,0,success,24.2,0
fara-7b,Allrecipes--43,C8,1,allrecipes.com,1029,138,135,0,39,0,hit_max_rounds,71.9,0
fara-7b,Allrecipes--44,C8,1,allrecipes.com,366,99,96,0,12,0,success,26.5,0
fara-7b,Allrecipes--5,C8,1,allrecipes.com,775,132,129,0,23,1,success,52.0,0
fara-7b,Allrecipes--6,C8,1,allrecipes.com,680,118,115,0,29,0,success,49.2,0
fara-7b,Allrecipes--7,C8,1,allrecipes.com,1013,149,146,0,35,0,success,57.9,0
fara-7b,Allrecipes--8,C8,1,allrecipes.com,652,122,119,0,24,0,success,24.4,0
fara-7b,Allrecipes--9,C8,1,allrecipes.com,784,141,138,0,29,0,success,44.5,0
fara-7b,Amazon--0,C8,1,amazon.com,1110,14,9,0,5,0,hit_max_rounds,71.6,0
fara-7b,Amazon--1,C8,1,amazon.com,405,9,5,0,0,0,agent_error,26.4,0
fara-7b,Amazon--10,C8,1,amazon.com,625,7,3,0,3,0,success,33.7,0
fara-7b,Amazon--11,C8,1,amazon.com,853,9,4,0,4,0,hit_max_rounds,62.7,0
fara-7b,Amazon--12,C8,1,amazon.com,798,10,5,0,3,0,hit_max_rounds,60.0,0
fara-7b,Amazon--13,C8,1,amazon.com,703,10,5,0,2,0,hit_max_rounds,60.0,0
fara-7b,Amazon--14,C8,1,amazon.com,809,15,9,0,3,0,success,46.2,0
fara-7b,Amazon--15,C8,1,amazon.com,628,10,5,0,2,0,hit_max_rounds,55.7,0
fara-7b,Amazon--16,C8,1,amazon.com,933,10,5,0,3,0,hit_max_rounds,57.9,0
fara-7b,Amazon--17,C8,1,amazon.com,871,13,8,0,3,0,hit_max_rounds,59.5,0
fara-7b,Amazon--18,C8,1,amazon.com,585,8,4,0,2,0,success,36.9,0
fara-7b,Amazon--19,C8,1,amazon.com,531,8,4,0,2,0,hit_max_rounds,57.3,0
fara-7b,Amazon--2,C8,1,amazon.com,1066,10,5,0,5,0,hit_max_rounds,60.2,0
fara-7b,Amazon--20,C8,1,amazon.com,647,11,6,0,2,0,hit_max_rounds,56.2,0
fara-7b,Amazon--21,C8,1,amazon.com,947,12,5,0,3,0,hit_max_rounds,73.5,0
fara-7b,Amazon--22,C8,1,amazon.com,1018,11,5,0,4,0,hit_max_rounds,59.1,0
fara-7b,Amazon--23,C8,1,amazon.com,812,12,6,0,4,0,hit_max_rounds,57.9,0
fara-7b,Amazon--24,C8,1,amazon.com,663,11,6,0,2,0,hit_max_rounds,56.3,0
fara-7b,Amazon--25,C8,1,amazon.com,704,10,5,0,2,0,hit_max_rounds,57.5,0
fara-7b,Amazon--26,C8,1,amazon.com,899,12,7,0,2,0,hit_max_rounds,75.8,0
fara-7b,Amazon--27,C8,1,amazon.com,802,11,6,0,3,0,success,42.7,0
fara-7b,Amazon--28,C8,1,amazon.com,799,10,5,0,3,0,success,31.0,0
fara-7b,Amazon--29,C8,1,amazon.com,616,12,7,0,2,0,hit_max_rounds,58.7,0
fara-7b,Amazon--3,C8,1,amazon.com,874,11,6,0,3,0,hit_max_rounds,61.4,0
fara-7b,Amazon--30,C8,1,amazon.com,842,15,10,0,2,0,hit_max_rounds,60.8,0
fara-7b,Amazon--31,C8,1,amazon.com,654,11,6,0,3,0,hit_max_rounds,66.6,0
fara-7b,Amazon--32,C8,1,amazon.com,887,10,5,0,3,0,success,51.1,0
fara-7b,Amazon--33,C8,1,amazon.com,637,9,4,0,3,0,success,45.9,0
fara-7b,Amazon--34,C8,1,amazon.com,1130,11,5,0,6,0,hit_max_rounds,64.6,0
fara-7b,Amazon--35,C8,1,amazon.com,938,11,6,0,3,0,hit_max_rounds,54.5,0
fara-7b,Amazon--36,C8,1,amazon.com,677,12,7,0,2,0,hit_max_rounds,61.0,0
fara-7b,Amazon--37,C8,1,amazon.com,837,13,8,0,3,0,success,48.5,0
fara-7b,Amazon--38,C8,1,amazon.com,943,11,5,0,4,0,hit_max_rounds,64.1,0
fara-7b,Amazon--39,C8,1,amazon.com,866,14,8,0,3,0,success,25.2,0
fara-7b,Amazon--4,C8,1,amazon.com,813,11,6,0,3,0,hit_max_rounds,60.0,0
fara-7b,Amazon--40,C8,1,amazon.com,1024,11,5,0,14,0,hit_max_rounds,59.1,0
fara-7b,Amazon--5,C8,1,amazon.com,373,8,4,0,1,0,hit_max_rounds,49.1,0
fara-7b,Amazon--6,C8,1,amazon.com,492,9,4,0,2,0,hit_max_rounds,54.0,0
fara-7b,Amazon--7,C8,1,amazon.com,913,10,5,0,3,0,hit_max_rounds,60.7,0
fara-7b,Amazon--8,C8,1,amazon.com,852,11,6,0,3,0,hit_max_rounds,58.9,0
fara-7b,Amazon--9,C8,1,amazon.com,769,11,5,0,3,0,success,39.4,0
fara-7b,Apple--0,C8,1,apple.com,257,3,0,0,0,0,hit_max_rounds,55.5,0
fara-7b,Apple--1,C8,1,apple.com,220,6,0,0,0,0,hit_max_rounds,55.8,0
fara-7b,Apple--10,C8,1,apple.com,273,3,0,0,0,0,hit_max_rounds,53.2,0
fara-7b,Apple--11,C8,1,apple.com,215,3,0,0,0,0,hit_max_rounds,52.8,0
fara-7b,Apple--12,C8,1,apple.com,275,12,4,0,0,0,hit_max_rounds,53.5,0
fara-7b,Apple--13,C8,1,apple.com,210,3,0,0,0,0,hit_max_rounds,48.0,0
fara-7b,Apple--14,C8,1,apple.com,303,5,1,0,0,0,hit_max_rounds,56.9,0
fara-7b,Apple--15,C8,1,apple.com,296,5,1,0,0,0,hit_max_rounds,56.7,0
fara-7b,Apple--16,C8,1,apple.com,147,3,0,0,0,0,success,34.2,0
fara-7b,Apple--17,C8,1,apple.com,136,3,0,0,0,0,hit_max_rounds,56.6,0
fara-7b,Apple--18,C8,1,apple.com,221,5,1,0,0,0,hit_max_rounds,54.6,0
fara-7b,Apple--19,C8,1,apple.com,198,4,1,0,0,0,hit_max_rounds,51.3,0
fara-7b,Apple--2,C8,1,apple.com,147,3,0,0,0,0,hit_max_rounds,50.4,0
fara-7b,Apple--20,C8,1,apple.com,102,3,0,0,0,0,hit_max_rounds,54.0,0
fara-7b,Apple--21,C8,1,apple.com,320,5,1,0,0,0,success,48.0,0
fara-7b,Apple--22,C8,1,apple.com,185,4,1,0,0,0,hit_max_rounds,50.4,0
fara-7b,Apple--23,C8,1,apple.com,211,3,0,0,0,0,success,55.5,0
fara-7b,Apple--24,C8,1,apple.com,179,3,0,0,0,0,success,23.6,0
fara-7b,Apple--25,C8,1,apple.com,214,8,1,0,0,0,hit_max_rounds,54.4,0
fara-7b,Apple--26,C8,1,apple.com,183,3,0,0,0,0,hit_max_rounds,49.0,0
fara-7b,Apple--27,C8,1,apple.com,203,4,1,0,0,0,success,47.9,0
fara-7b,Apple--28,C8,1,apple.com,49,3,0,0,0,0,hit_max_rounds,53.0,0
fara-7b,Apple--29,C8,1,apple.com,272,3,0,0,0,0,hit_max_rounds,53.7,0
fara-7b,Apple--3,C8,1,apple.com,152,3,0,0,0,0,success,35.1,0
fara-7b,Apple--30,C8,1,apple.com,316,5,1,0,0,0,hit_max_rounds,54.4,0
fara-7b,Apple--31,C8,1,apple.com,129,3,0,0,0,0,success,31.4,0
fara-7b,Apple--32,C8,1,apple.com,195,4,1,0,0,0,hit_max_rounds,53.4,0
fara-7b,Apple--33,C8,1,apple.com,274,3,0,0,0,0,hit_max_rounds,52.2,0
fara-7b,Apple--34,C8,1,apple.com,135,5,2,0,0,0,hit_max_rounds,61.0,0
fara-7b,Apple--35,C8,1,apple.com,184,5,1,0,0,0,success,42.1,0
fara-7b,Apple--36,C8,1,apple.com,237,11,1,0,0,0,hit_max_rounds,54.4,0
fara-7b,Apple--37,C8,1,apple.com,172,4,1,0,0,0,hit_max_rounds,53.0,0
fara-7b,Apple--38,C8,1,apple.com,204,6,2,0,0,0,hit_max_rounds,52.0,0
fara-7b,Apple--39,C8,1,apple.com,90,4,1,0,0,0,hit_max_rounds,54.7,0
fara-7b,Apple--4,C8,1,apple.com,297,5,1,0,0,0,hit_max_rounds,55.5,0
fara-7b,Apple--40,C8,1,apple.com,49,3,0,0,0,0,hit_max_rounds,52.2,0
fara-7b,Apple--41,C8,1,apple.com,49,3,0,0,0,0,hit_max_rounds,52.7,0
fara-7b,Apple--42,C8,1,apple.com,153,3,0,0,0,0,hit_max_rounds,54.3,0
fara-7b,Apple--5,C8,1,apple.com,272,5,1,0,0,0,hit_max_rounds,55.0,0
fara-7b,Apple--6,C8,1,apple.com,133,3,0,0,0,0,success,28.3,0
fara-7b,Apple--7,C8,1,apple.com,116,4,1,0,0,0,hit_max_rounds,51.8,0
fara-7b,Apple--8,C8,1,apple.com,183,3,0,0,0,0,success,50.9,0
fara-7b,Apple--9,C8,1,apple.com,265,5,1,0,0,0,hit_max_rounds,55.7,0
fara-7b,ArXiv--0,C8,1,arxiv.org,221,5,3,0,0,0,success,35.5,0
fara-7b,ArXiv--1,C8,1,arxiv.org,179,5,3,0,0,0,success,59.7,0
fara-7b,ArXiv--10,C8,1,arxiv.org,58,9,6,0,0,0,success,29.3,0
fara-7b,ArXiv--11,C8,1,arxiv.org,61,9,6,0,0,0,success,35.5,0
fara-7b,ArXiv--12,C8,1,arxiv.org,84,9,6,0,0,0,success,49.9,0
fara-7b,ArXiv--13,C8,1,arxiv.org,57,5,3,0,0,0,success,21.9,0
fara-7b,ArXiv--14,C8,1,arxiv.org,72,5,3,0,0,0,success,61.7,0
fara-7b,ArXiv--15,C8,1,arxiv.org,46,5,3,0,0,0,success,43.0,0
fara-7b,ArXiv--16,C8,1,arxiv.org,41,4,2,0,0,0,success,34.7,0
fara-7b,ArXiv--17,C8,1,arxiv.org,79,6,4,0,0,0,hit_max_rounds,57.7,0
fara-7b,ArXiv--18,C8,1,arxiv.org,71,6,4,0,0,0,hit_max_rounds,58.2,0
fara-7b,ArXiv--19,C8,1,arxiv.org,16,2,1,0,1,0,hit_max_rounds,34.9,0
fara-7b,ArXiv--2,C8,1,arxiv.org,107,5,3,0,0,0,success,30.1,0
fara-7b,ArXiv--20,C8,1,arxiv.org,159,5,3,0,0,0,success,48.2,0
fara-7b,ArXiv--21,C8,1,arxiv.org,75,5,3,0,0,0,hit_max_rounds,56.0,0
fara-7b,ArXiv--22,C8,1,arxiv.org,51,9,6,0,0,0,success,44.8,0
fara-7b,ArXiv--23,C8,1,arxiv.org,87,5,3,0,0,0,hit_max_rounds,56.7,0
fara-7b,ArXiv--24,C8,1,arxiv.org,127,5,3,0,0,0,success,51.1,0
fara-7b,ArXiv--25,C8,1,arxiv.org,75,10,7,0,1,0,hit_max_rounds,54.4,0
fara-7b,ArXiv--26,C8,1,arxiv.org,85,6,4,0,0,0,hit_max_rounds,66.6,0
fara-7b,ArXiv--27,C8,1,arxiv.org,61,5,3,0,0,0,hit_max_rounds,42.2,0
fara-7b,ArXiv--28,C8,1,arxiv.org,91,8,6,0,0,0,agent_error,218.5,0
fara-7b,ArXiv--29,C8,1,arxiv.org,101,5,3,0,0,0,success,37.4,0
fara-7b,ArXiv--3,C8,1,arxiv.org,394,5,3,0,0,0,success,56.6,0
fara-7b,ArXiv--30,C8,1,arxiv.org,50,9,6,0,0,0,success,51.4,0
fara-7b,ArXiv--31,C8,1,arxiv.org,66,5,3,0,0,0,hit_max_rounds,61.2,0
fara-7b,ArXiv--32,C8,1,arxiv.org,32,4,2,0,0,0,success,28.8,0
fara-7b,ArXiv--33,C8,1,arxiv.org,35,2,0,0,0,0,hit_max_rounds,44.3,0
fara-7b,ArXiv--34,C8,1,arxiv.org,29,4,2,0,0,0,hit_max_rounds,61.8,0
fara-7b,ArXiv--35,C8,1,arxiv.org,30,2,0,0,0,0,success,21.9,0
fara-7b,ArXiv--36,C8,1,arxiv.org,15,1,0,0,0,0,success,21.6,0
fara-7b,ArXiv--37,C8,1,arxiv.org,83,10,7,0,0,0,success,52.6,0
fara-7b,ArXiv--38,C8,1,arxiv.org,16,2,1,0,1,0,hit_max_rounds,40.9,0
fara-7b,ArXiv--39,C8,1,arxiv.org,89,8,6,0,0,0,success,41.9,0
fara-7b,ArXiv--4,C8,1,arxiv.org,33,2,0,0,0,0,success,21.1,0
fara-7b,ArXiv--40,C8,1,arxiv.org,31,2,0,0,0,0,agent_error,17.9,0
fara-7b,ArXiv--41,C8,1,arxiv.org,48,10,7,0,1,0,hit_max_rounds,40.6,0
fara-7b,ArXiv--42,C8,1,arxiv.org,42,5,3,0,0,0,success,52.6,0
fara-7b,ArXiv--5,C8,1,arxiv.org,243,5,3,0,0,0,hit_max_rounds,57.5,0
fara-7b,ArXiv--6,C8,1,arxiv.org,95,6,4,0,0,0,hit_max_rounds,57.4,0
fara-7b,ArXiv--7,C8,1,arxiv.org,149,5,3,0,0,0,success,34.6,0
fara-7b,ArXiv--8,C8,1,arxiv.org,31,2,0,0,0,0,success,21.0,0
fara-7b,ArXiv--9,C8,1,arxiv.org,22,2,0,0,0,0,success,22.1,0
fara-7b,BBC_News--0,C8,1,bbc.com,715,61,58,0,37,0,hit_max_rounds,66.7,0
fara-7b,BBC_News--1,C8,1,bbc.com,373,54,51,0,18,0,success,35.6,0
fara-7b,BBC_News--10,C8,1,bbc.com,373,53,50,0,9,0,hit_max_rounds,72.1,0
fara-7b,BBC_News--11,C8,1,bbc.com,593,55,51,0,20,0,hit_max_rounds,56.8,0
fara-7b,BBC_News--12,C8,1,bbc.com,466,58,55,0,18,0,hit_max_rounds,78.3,0
fara-7b,BBC_News--13,C8,1,bbc.com,435,66,61,0,18,0,success,47.4,0
fara-7b,BBC_News--14,C8,1,bbc.com,570,60,57,0,29,0,hit_max_rounds,73.7,0
fara-7b,BBC_News--15,C8,1,bbc.com,134,37,34,0,2,0,success,11.7,0
fara-7b,BBC_News--16,C8,1,bbc.com,57,18,16,0,2,0,hit_max_rounds,43.9,0
fara-7b,BBC_News--17,C8,1,bbc.com,138,37,34,0,2,0,success,10.8,0
fara-7b,BBC_News--18,C8,1,bbc.com,388,50,47,0,16,0,hit_max_rounds,67.1,0
fara-7b,BBC_News--19,C8,1,bbc.com,136,37,34,0,2,0,success,11.3,0
fara-7b,BBC_News--2,C8,1,bbc.com,315,55,52,0,11,0,hit_max_rounds,58.6,0
fara-7b,BBC_News--20,C8,1,bbc.com,357,52,49,0,15,0,success,55.3,0
fara-7b,BBC_News--21,C8,1,bbc.com,134,37,34,0,2,0,success,11.2,0
fara-7b,BBC_News--22,C8,1,bbc.com,314,58,55,0,9,0,success,43.3,0
fara-7b,BBC_News--23,C8,1,bbc.com,137,37,34,0,2,0,success,20.6,0
fara-7b,BBC_News--24,C8,1,bbc.com,586,61,57,0,23,0,success,68.8,0
fara-7b,BBC_News--25,C8,1,bbc.com,756,67,63,0,32,0,success,55.6,0
fara-7b,BBC_News--26,C8,1,bbc.com,467,52,49,0,16,0,hit_max_rounds,74.3,0
fara-7b,BBC_News--27,C8,1,bbc.com,169,37,34,0,2,0,hit_max_rounds,59.1,0
fara-7b,BBC_News--28,C8,1,bbc.com,625,60,57,0,34,0,hit_max_rounds,64.8,0
fara-7b,BBC_News--29,C8,1,bbc.com,334,51,48,0,10,0,hit_max_rounds,58.9,0
fara-7b,BBC_News--3,C8,1,bbc.com,558,57,53,0,20,0,success,39.7,0
fara-7b,BBC_News--30,C8,1,bbc.com,296,55,52,0,14,0,success,46.3,0
fara-7b,BBC_News--31,C8,1,bbc.com,519,56,52,0,16,0,hit_max_rounds,57.6,0
fara-7b,BBC_News--32,C8,1,bbc.com,416,56,53,0,20,0,success,45.6,0
fara-7b,BBC_News--33,C8,1,bbc.com,267,51,48,0,9,0,success,27.6,0
fara-7b,BBC_News--34,C8,1,bbc.com,388,54,51,0,17,0,success,41.9,0
fara-7b,BBC_News--35,C8,1,bbc.com,514,54,51,0,26,0,hit_max_rounds,58.7,0
fara-7b,BBC_News--36,C8,1,bbc.com,280,52,49,0,11,0,success,32.8,0
fara-7b,BBC_News--37,C8,1,bbc.com,462,56,53,0,18,0,hit_max_rounds,59.1,0
fara-7b,BBC_News--38,C8,1,bbc.com,377,56,53,0,14,0,success,48.5,0
fara-7b,BBC_News--39,C8,1,bbc.com,488,57,53,0,13,0,hit_max_rounds,56.3,0
fara-7b,BBC_News--4,C8,1,bbc.com,497,59,56,0,25,0,hit_max_rounds,65.2,0
fara-7b,BBC_News--40,C8,1,bbc.com,137,37,34,0,2,0,success,58.5,0
fara-7b,BBC_News--41,C8,1,bbc.com,134,37,34,0,2,0,success,11.6,0
fara-7b,BBC_News--5,C8,1,bbc.com,352,50,47,0,10,0,hit_max_rounds,56.9,0
fara-7b,BBC_News--6,C8,1,bbc.com,327,55,52,0,11,0,success,27.1,0
fara-7b,BBC_News--7,C8,1,bbc.com,473,58,55,0,19,0,success,40.5,0
fara-7b,BBC_News--8,C8,1,bbc.com,654,64,61,0,28,0,hit_max_rounds,69.9,0
fara-7b,BBC_News--9,C8,1,bbc.com,400,59,56,0,18,0,success,26.9,0
fara-7b,Booking--0,C8,1,booking.com,308,31,27,0,8,2,hit_max_rounds,59.2,0
fara-7b,Booking--1,C8,1,booking.com,7,1,0,0,0,0,agent_error,5.2,0
fara-7b,Booking--10,C8,1,booking.com,307,30,26,0,7,2,hit_max_rounds,57.5,0
fara-7b,Booking--11,C8,1,booking.com,298,32,28,0,7,2,hit_max_rounds,58.7,0
fara-7b,Booking--12,C8,1,booking.com,294,32,28,0,8,2,success,43.5,0
fara-7b,Booking--13,C8,1,booking.com,298,31,27,0,7,2,hit_max_rounds,58.3,0
fara-7b,Booking--14,C8,1,booking.com,297,32,28,0,7,2,hit_max_rounds,57.2,0
fara-7b,Booking--15,C8,1,booking.com,315,32,28,0,7,2,hit_max_rounds,58.3,0
fara-7b,Booking--16,C8,1,booking.com,297,34,30,0,8,2,hit_max_rounds,56.2,0
fara-7b,Booking--17,C8,1,booking.com,313,32,28,0,8,2,hit_max_rounds,56.6,0
fara-7b,Booking--18,C8,1,booking.com,537,42,36,0,11,4,hit_max_rounds,61.5,0
fara-7b,Booking--19,C8,1,booking.com,295,32,28,0,8,2,hit_max_rounds,55.1,0
fara-7b,Booking--2,C8,1,booking.com,357,33,29,0,7,2,hit_max_rounds,56.2,0
fara-7b,Booking--20,C8,1,booking.com,278,33,29,0,7,2,hit_max_rounds,55.1,0
fara-7b,Booking--21,C8,1,booking.com,452,35,30,0,14,4,hit_max_rounds,61.7,0
fara-7b,Booking--22,C8,1,booking.com,287,33,29,0,7,2,success,38.1,0
fara-7b,Booking--23,C8,1,booking.com,278,33,29,0,7,2,hit_max_rounds,54.8,0
fara-7b,Booking--24,C8,1,booking.com,312,33,29,0,8,2,hit_max_rounds,58.6,0
fara-7b,Booking--25,C8,1,booking.com,303,32,28,0,7,2,hit_max_rounds,54.5,0
fara-7b,Booking--26,C8,1,booking.com,314,32,28,0,8,2,hit_max_rounds,57.7,0
fara-7b,Booking--27,C8,1,booking.com,309,34,30,0,8,2,hit_max_rounds,59.5,0
fara-7b,Booking--28,C8,1,booking.com,289,33,29,0,8,2,success,43.7,0
fara-7b,Booking--29,C8,1,booking.com,294,33,29,0,8,2,hit_max_rounds,57.6,0
fara-7b,Booking--3,C8,1,booking.com,305,31,27,0,7,2,hit_max_rounds,58.8,0
fara-7b,Booking--30,C8,1,booking.com,290,33,29,0,7,2,hit_max_rounds,54.4,0
fara-7b,Booking--31,C8,1,booking.com,300,32,28,0,7,2,hit_max_rounds,57.3,0
fara-7b,Booking--32,C8,1,booking.com,290,32,28,0,7,2,hit_max_rounds,54.4,0
fara-7b,Booking--33,C8,1,booking.com,462,37,30,0,8,3,success,45.7,0
fara-7b,Booking--34,C8,1,booking.com,303,33,29,0,8,2,hit_max_rounds,56.9,0
fara-7b,Booking--35,C8,1,booking.com,528,37,30,0,8,3,hit_max_rounds,58.8,0
fara-7b,Booking--36,C8,1,booking.com,298,32,28,0,7,2,hit_max_rounds,55.6,0
fara-7b,Booking--37,C8,1,booking.com,162,12,9,0,2,2,agent_error,8.1,0
fara-7b,Booking--38,C8,1,booking.com,301,32,28,0,7,2,hit_max_rounds,54.8,0
fara-7b,Booking--39,C8,1,booking.com,324,33,28,0,8,2,hit_max_rounds,57.4,0
fara-7b,Booking--4,C8,1,booking.com,298,32,28,0,7,2,hit_max_rounds,61.1,0
fara-7b,Booking--40,C8,1,booking.com,299,32,28,0,7,2,hit_max_rounds,55.1,0
fara-7b,Booking--41,C8,1,booking.com,306,34,30,0,7,2,hit_max_rounds,52.4,0
fara-7b,Booking--42,C8,1,booking.com,295,33,29,0,7,2,hit_max_rounds,55.1,0
fara-7b,Booking--43,C8,1,booking.com,239,27,23,0,3,2,hit_max_rounds,43.9,0
fara-7b,Booking--5,C8,1,booking.com,294,32,28,0,8,2,hit_max_rounds,55.3,0
fara-7b,Booking--6,C8,1,booking.com,300,33,29,0,7,2,hit_max_rounds,56.8,0
fara-7b,Booking--7,C8,1,booking.com,315,33,29,0,7,2,hit_max_rounds,59.9,0
fara-7b,Booking--8,C8,1,booking.com,294,31,27,0,7,2,hit_max_rounds,57.3,0
fara-7b,Booking--9,C8,1,booking.com,329,32,28,0,8,2,hit_max_rounds,57.8,0
fara-7b,Cambridge_Dictionary--0,C8,1,cambridge.org,98,17,16,0,0,6,success,25.6,0
fara-7b,Cambridge_Dictionary--1,C8,1,cambridge.org,106,19,18,0,0,4,success,24.7,0
fara-7b,Cambridge_Dictionary--10,C8,1,cambridge.org,100,18,17,0,0,4,success,23.7,0
fara-7b,Cambridge_Dictionary--11,C8,1,cambridge.org,106,19,18,0,0,4,success,23.9,0
fara-7b,Cambridge_Dictionary--12,C8,1,cambridge.org,111,20,19,0,0,5,success,24.4,0
fara-7b,Cambridge_Dictionary--13,C8,1,cambridge.org,106,19,18,0,0,4,success,34.7,0
fara-7b,Cambridge_Dictionary--14,C8,1,cambridge.org,122,19,18,0,0,4,success,24.2,0
fara-7b,Cambridge_Dictionary--15,C8,1,cambridge.org,103,19,18,0,0,4,success,25.5,0
fara-7b,Cambridge_Dictionary--16,C8,1,cambridge.org,104,18,17,0,0,4,success,29.4,0
fara-7b,Cambridge_Dictionary--17,C8,1,cambridge.org,114,19,18,0,0,4,success,23.4,0
fara-7b,Cambridge_Dictionary--18,C8,1,cambridge.org,125,18,17,0,0,7,success,23.9,0
fara-7b,Cambridge_Dictionary--19,C8,1,cambridge.org,116,21,20,0,1,4,success,25.7,0
fara-7b,Cambridge_Dictionary--2,C8,1,cambridge.org,112,19,18,0,0,4,success,32.6,0
fara-7b,Cambridge_Dictionary--20,C8,1,cambridge.org,89,17,16,0,0,4,success,24.2,0
fara-7b,Cambridge_Dictionary--21,C8,1,cambridge.org,149,17,16,0,0,6,success,55.7,0
fara-7b,Cambridge_Dictionary--22,C8,1,cambridge.org,103,19,18,0,0,4,success,24.7,0
fara-7b,Cambridge_Dictionary--23,C8,1,cambridge.org,92,17,16,0,0,5,success,24.4,0
fara-7b,Cambridge_Dictionary--24,C8,1,cambridge.org,103,19,18,0,0,4,success,24.9,0
fara-7b,Cambridge_Dictionary--25,C8,1,cambridge.org,107,19,18,0,0,4,success,25.5,0
fara-7b,Cambridge_Dictionary--26,C8,1,cambridge.org,106,19,18,0,0,5,success,23.3,0
fara-7b,Cambridge_Dictionary--27,C8,1,cambridge.org,93,17,16,0,0,4,success,24.2,0
fara-7b,Cambridge_Dictionary--28,C8,1,cambridge.org,114,17,16,0,0,7,success,24.2,0
fara-7b,Cambridge_Dictionary--29,C8,1,cambridge.org,277,20,19,0,0,9,hit_max_rounds,57.6,0
fara-7b,Cambridge_Dictionary--3,C8,1,cambridge.org,136,19,18,0,0,7,hit_max_rounds,58.0,0
fara-7b,Cambridge_Dictionary--30,C8,1,cambridge.org,161,19,18,0,0,11,success,56.4,0
fara-7b,Cambridge_Dictionary--31,C8,1,cambridge.org,196,20,19,0,0,11,success,44.9,0
fara-7b,Cambridge_Dictionary--32,C8,1,cambridge.org,113,18,17,0,0,7,hit_max_rounds,58.5,0
fara-7b,Cambridge_Dictionary--33,C8,1,cambridge.org,186,19,18,0,0,12,success,55.4,0
fara-7b,Cambridge_Dictionary--34,C8,1,cambridge.org,144,18,17,0,0,11,hit_max_rounds,54.0,0
fara-7b,Cambridge_Dictionary--35,C8,1,cambridge.org,144,18,17,0,0,8,success,48.8,0
fara-7b,Cambridge_Dictionary--36,C8,1,cambridge.org,0,0,0,0,0,0,unknown,,
fara-7b,Cambridge_Dictionary--37,C8,1,cambridge.org,179,20,19,0,0,10,hit_max_rounds,54.1,0
fara-7b,Cambridge_Dictionary--38,C8,1,cambridge.org,183,21,20,0,1,8,hit_max_rounds,59.8,0
fara-7b,Cambridge_Dictionary--39,C8,1,cambridge.org,181,19,18,0,0,7,hit_max_rounds,58.0,0
fara-7b,Cambridge_Dictionary--4,C8,1,cambridge.org,91,17,16,0,0,5,success,23.1,0
fara-7b,Cambridge_Dictionary--40,C8,1,cambridge.org,134,20,19,0,0,5,success,24.2,0
fara-7b,Cambridge_Dictionary--41,C8,1,cambridge.org,151,20,19,0,0,6,hit_max_rounds,55.7,0
fara-7b,Cambridge_Dictionary--42,C8,1,cambridge.org,149,19,18,0,0,6,success,23.9,0
fara-7b,Cambridge_Dictionary--5,C8,1,cambridge.org,96,17,16,0,0,4,success,31.3,0
fara-7b,Cambridge_Dictionary--6,C8,1,cambridge.org,132,19,18,0,2,6,hit_max_rounds,60.7,0
fara-7b,Cambridge_Dictionary--7,C8,1,cambridge.org,131,18,17,0,0,5,success,24.8,0
fara-7b,Cambridge_Dictionary--8,C8,1,cambridge.org,140,20,19,0,0,6,success,31.0,0
fara-7b,Cambridge_Dictionary--9,C8,1,cambridge.org,95,17,16,0,0,4,success,24.8,0
fara-7b,Coursera--0,C8,1,coursera.org,435,10,9,0,0,3,success,28.9,0
fara-7b,Coursera--1,C8,1,coursera.org,300,9,8,0,0,2,success,27.4,0
fara-7b,Coursera--10,C8,1,coursera.org,394,10,9,0,0,2,success,44.4,0
fara-7b,Coursera--11,C8,1,coursera.org,319,9,8,0,0,2,success,27.0,0
fara-7b,Coursera--12,C8,1,coursera.org,448,9,8,0,0,3,success,38.8,0
fara-7b,Coursera--13,C8,1,coursera.org,449,10,9,0,0,3,success,47.8,0
fara-7b,Coursera--14,C8,1,coursera.org,343,10,9,0,0,2,success,34.6,0
fara-7b,Coursera--15,C8,1,coursera.org,459,10,9,0,0,3,hit_max_rounds,57.9,0
fara-7b,Coursera--16,C8,1,coursera.org,439,10,9,0,0,3,success,44.0,0
fara-7b,Coursera--17,C8,1,coursera.org,304,9,8,0,0,2,hit_max_rounds,55.9,0
fara-7b,Coursera--18,C8,1,coursera.org,432,10,9,0,0,3,success,37.1,0
fara-7b,Coursera--19,C8,1,coursera.org,434,9,8,0,0,3,success,27.5,0
fara-7b,Coursera--2,C8,1,coursera.org,444,9,8,0,0,3,success,34.6,0
fara-7b,Coursera--20,C8,1,coursera.org,441,9,8,0,0,3,success,40.7,0
fara-7b,Coursera--21,C8,1,coursera.org,432,9,8,0,0,3,success,28.0,0
fara-7b,Coursera--22,C8,1,coursera.org,445,9,8,0,0,3,hit_max_rounds,61.0,0
fara-7b,Coursera--23,C8,1,coursera.org,429,9,8,0,0,3,success,27.2,0
fara-7b,Coursera--24,C8,1,coursera.org,356,9,8,0,0,2,success,33.3,0
fara-7b,Coursera--25,C8,1,coursera.org,424,9,8,0,0,3,success,27.9,0
fara-7b,Coursera--26,C8,1,coursera.org,432,9,8,0,0,3,success,28.6,0
fara-7b,Coursera--27,C8,1,coursera.org,446,10,9,0,0,3,success,39.7,0
fara-7b,Coursera--28,C8,1,coursera.org,434,9,8,0,0,3,success,57.9,0
fara-7b,Coursera--29,C8,1,coursera.org,241,10,9,0,0,1,hit_max_rounds,52.1,0
fara-7b,Coursera--3,C8,1,coursera.org,314,9,8,0,0,2,hit_max_rounds,62.4,0
fara-7b,Coursera--30,C8,1,coursera.org,438,9,8,0,0,3,success,34.5,0
fara-7b,Coursera--31,C8,1,coursera.org,431,9,8,0,0,3,success,33.4,0
fara-7b,Coursera--32,C8,1,coursera.org,376,9,8,0,0,2,success,60.6,0
fara-7b,Coursera--33,C8,1,coursera.org,349,9,8,0,0,2,success,52.7,0
fara-7b,Coursera--34,C8,1,coursera.org,492,9,8,0,0,4,success,34.0,0
fara-7b,Coursera--35,C8,1,coursera.org,450,9,8,0,0,3,hit_max_rounds,56.9,0
fara-7b,Coursera--36,C8,1,coursera.org,485,12,11,0,0,3,hit_max_rounds,57.1,0
fara-7b,Coursera--37,C8,1,coursera.org,266,9,8,0,0,2,success,33.1,0
fara-7b,Coursera--38,C8,1,coursera.org,311,19,18,0,1,2,hit_max_rounds,45.5,0
fara-7b,Coursera--39,C8,1,coursera.org,468,9,8,0,0,3,hit_max_rounds,63.0,0
fara-7b,Coursera--4,C8,1,coursera.org,554,10,9,0,0,4,hit_max_rounds,58.2,0
fara-7b,Coursera--40,C8,1,coursera.org,528,19,18,0,2,5,hit_max_rounds,61.2,0
fara-7b,Coursera--41,C8,1,coursera.org,252,11,10,0,2,2,success,49.2,0
fara-7b,Coursera--5,C8,1,coursera.org,524,9,8,0,0,3,success,50.2,0
fara-7b,Coursera--6,C8,1,coursera.org,507,10,9,0,0,3,success,57.7,0
fara-7b,Coursera--7,C8,1,coursera.org,299,10,9,0,0,2,success,26.2,0
fara-7b,Coursera--8,C8,1,coursera.org,305,9,8,0,0,2,success,31.3,0
fara-7b,Coursera--9,C8,1,coursera.org,434,9,8,0,0,3,success,28.5,0
fara-7b,ESPN--0,C8,1,espn.com,221,45,37,0,17,0,hit_max_rounds,58.6,0
fara-7b,ESPN--1,C8,1,espn.com,316,63,54,0,15,0,hit_max_rounds,63.1,0
fara-7b,ESPN--10,C8,1,espn.com,268,46,37,0,15,0,hit_max_rounds,55.3,0
fara-7b,ESPN--11,C8,1,espn.com,266,46,37,0,15,0,hit_max_rounds,60.3,0
fara-7b,ESPN--12,C8,1,espn.com,82,14,10,0,1,0,success,23.4,0
fara-7b,ESPN--13,C8,1,espn.com,223,45,37,0,18,0,success,46.2,0
fara-7b,ESPN--14,C8,1,espn.com,203,45,37,0,14,0,hit_max_rounds,60.3,0
fara-7b,ESPN--15,C8,1,espn.com,600,70,57,0,28,0,hit_max_rounds,63.6,0
fara-7b,ESPN--16,C8,1,espn.com,299,46,37,0,18,0,hit_max_rounds,59.2,0
fara-7b,ESPN--17,C8,1,espn.com,281,46,37,0,18,0,hit_max_rounds,42.2,0
fara-7b,ESPN--18,C8,1,espn.com,194,39,31,0,14,0,success,18.5,0
fara-7b,ESPN--19,C8,1,espn.com,547,66,54,0,23,0,hit_max_rounds,213.6,0
fara-7b,ESPN--2,C8,1,espn.com,531,74,60,0,28,0,hit_max_rounds,60.4,0
fara-7b,ESPN--20,C8,1,espn.com,291,46,37,0,17,0,hit_max_rounds,60.7,0
fara-7b,ESPN--21,C8,1,espn.com,305,51,42,0,17,0,hit_max_rounds,61.7,0
fara-7b,ESPN--22,C8,1,espn.com,594,65,53,0,28,0,success,43.9,0
fara-7b,ESPN--23,C8,1,espn.com,171,37,28,0,6,0,hit_max_rounds,39.9,0
fara-7b,ESPN--24,C8,1,espn.com,279,46,37,0,17,0,hit_max_rounds,59.6,0
fara-7b,ESPN--25,C8,1,espn.com,335,62,47,0,18,0,hit_max_rounds,58.1,0
fara-7b,ESPN--26,C8,1,espn.com,251,48,40,0,18,0,hit_max_rounds,59.3,0
fara-7b,ESPN--27,C8,1,espn.com,245,46,37,0,14,0,hit_max_rounds,56.4,0
fara-7b,ESPN--28,C8,1,espn.com,703,66,54,0,32,0,hit_max_rounds,58.5,0
fara-7b,ESPN--29,C8,1,espn.com,219,45,37,0,16,0,hit_max_rounds,52.3,0
fara-7b,ESPN--3,C8,1,espn.com,429,84,71,0,13,0,success,51.3,0
fara-7b,ESPN--30,C8,1,espn.com,679,83,71,0,38,0,hit_max_rounds,66.1,0
fara-7b,ESPN--31,C8,1,espn.com,217,45,37,0,17,0,hit_max_rounds,45.2,0
fara-7b,ESPN--32,C8,1,espn.com,936,90,74,0,53,0,hit_max_rounds,67.3,0
fara-7b,ESPN--33,C8,1,espn.com,263,46,37,0,14,0,hit_max_rounds,52.1,0
fara-7b,ESPN--34,C8,1,espn.com,221,48,40,0,14,0,hit_max_rounds,60.1,0
fara-7b,ESPN--35,C8,1,espn.com,680,48,37,0,20,0,hit_max_rounds,64.5,0
fara-7b,ESPN--36,C8,1,espn.com,223,40,31,0,10,0,agent_error,29.4,0
fara-7b,ESPN--37,C8,1,espn.com,202,45,37,0,14,0,hit_max_rounds,43.2,0
fara-7b,ESPN--38,C8,1,espn.com,271,46,37,0,14,0,hit_max_rounds,59.8,0
fara-7b,ESPN--39,C8,1,espn.com,224,45,37,0,18,0,hit_max_rounds,46.2,0
fara-7b,ESPN--4,C8,1,espn.com,120,22,14,0,1,0,agent_error,8.2,0
fara-7b,ESPN--40,C8,1,espn.com,381,58,47,0,18,0,hit_max_rounds,58.5,0
fara-7b,ESPN--41,C8,1,espn.com,378,48,39,0,27,0,hit_max_rounds,58.9,0
fara-7b,ESPN--42,C8,1,espn.com,201,45,37,0,14,0,hit_max_rounds,61.1,0
fara-7b,ESPN--43,C8,1,espn.com,225,45,37,0,18,0,hit_max_rounds,50.2,0
fara-7b,ESPN--5,C8,1,espn.com,384,62,47,0,31,0,hit_max_rounds,49.9,0
fara-7b,ESPN--6,C8,1,espn.com,437,66,53,0,21,0,hit_max_rounds,50.8,0
fara-7b,ESPN--7,C8,1,espn.com,340,57,46,0,20,0,agent_error,57.6,0
fara-7b,ESPN--8,C8,1,espn.com,332,51,42,0,21,0,hit_max_rounds,59.7,0
fara-7b,ESPN--9,C8,1,espn.com,262,46,37,0,18,0,hit_max_rounds,55.4,0
fara-7b,GitHub--0,C8,1,github.com,212,5,2,0,0,0,success,28.7,0
fara-7b,GitHub--1,C8,1,github.com,245,6,3,0,0,0,hit_max_rounds,57.5,0
fara-7b,GitHub--10,C8,1,github.com,245,7,4,0,0,0,success,46.0,0
fara-7b,GitHub--11,C8,1,github.com,300,5,2,0,0,0,hit_max_rounds,62.9,0
fara-7b,GitHub--12,C8,1,github.com,322,6,3,0,0,0,success,37.0,0
fara-7b,GitHub--13,C8,1,github.com,305,7,4,0,0,0,success,49.7,0
fara-7b,GitHub--14,C8,1,github.com,296,8,5,0,1,0,hit_max_rounds,55.6,0
fara-7b,GitHub--15,C8,1,github.com,366,7,4,0,0,0,success,37.4,0
fara-7b,GitHub--16,C8,1,github.com,285,8,3,0,0,0,hit_max_rounds,56.1,0
fara-7b,GitHub--17,C8,1,github.com,234,4,1,0,0,0,hit_max_rounds,60.0,0
fara-7b,GitHub--18,C8,1,github.com,221,5,2,0,0,0,success,29.3,0
fara-7b,GitHub--19,C8,1,github.com,237,5,2,0,0,0,success,23.4,0
fara-7b,GitHub--2,C8,1,github.com,166,4,1,0,0,0,hit_max_rounds,52.5,0
fara-7b,GitHub--20,C8,1,github.com,275,5,2,0,0,0,hit_max_rounds,46.4,0
fara-7b,GitHub--21,C8,1,github.com,203,7,4,0,0,0,success,50.1,0
fara-7b,GitHub--22,C8,1,github.com,283,6,3,0,0,0,success,37.4,0
fara-7b,GitHub--23,C8,1,github.com,306,5,2,0,0,0,hit_max_rounds,55.8,0
fara-7b,GitHub--24,C8,1,github.com,412,6,3,0,0,0,hit_max_rounds,54.5,0
fara-7b,GitHub--25,C8,1,github.com,345,6,3,0,0,0,success,32.2,0
fara-7b,GitHub--26,C8,1,github.com,321,6,3,0,0,0,success,47.4,0
fara-7b,GitHub--27,C8,1,github.com,243,4,1,0,0,0,hit_max_rounds,58.7,0
fara-7b,GitHub--28,C8,1,github.com,257,5,2,0,0,0,success,25.2,0
fara-7b,GitHub--29,C8,1,github.com,179,5,2,0,0,0,success,22.3,0
fara-7b,GitHub--3,C8,1,github.com,178,5,2,0,0,0,success,21.9,0
fara-7b,GitHub--30,C8,1,github.com,406,8,5,0,1,0,hit_max_rounds,60.4,0
fara-7b,GitHub--31,C8,1,github.com,434,6,3,0,0,0,success,36.9,0
fara-7b,GitHub--32,C8,1,github.com,210,5,2,0,0,0,hit_max_rounds,52.6,0
fara-7b,GitHub--33,C8,1,github.com,181,5,2,0,0,0,success,22.6,0
fara-7b,GitHub--34,C8,1,github.com,210,5,2,0,0,0,success,45.9,0
fara-7b,GitHub--35,C8,1,github.com,319,7,4,0,0,0,success,32.0,0
fara-7b,GitHub--36,C8,1,github.com,334,6,3,0,0,0,success,46.0,0
fara-7b,GitHub--37,C8,1,github.com,318,6,2,0,0,0,hit_max_rounds,54.7,0
fara-7b,GitHub--38,C8,1,github.com,217,5,2,0,0,0,success,24.3,0
fara-7b,GitHub--39,C8,1,github.com,254,5,2,0,0,0,hit_max_rounds,55.2,0
fara-7b,GitHub--4,C8,1,github.com,357,6,3,0,0,0,success,48.3,0
fara-7b,GitHub--40,C8,1,github.com,190,5,2,0,0,0,success,30.2,0
fara-7b,GitHub--5,C8,1,github.com,245,5,2,0,0,0,success,52.1,0
fara-7b,GitHub--6,C8,1,github.com,362,7,4,0,0,0,hit_max_rounds,58.8,0
fara-7b,GitHub--7,C8,1,github.com,382,5,2,0,0,0,success,52.2,0
fara-7b,GitHub--8,C8,1,github.com,228,5,2,0,0,0,hit_max_rounds,52.5,0
fara-7b,GitHub--9,C8,1,github.com,224,5,2,0,0,0,success,24.0,0
fara-7b,Google_Flights--0,C8,1,google.com,122,11,8,0,0,0,hit_max_rounds,61.6,0
fara-7b,Google_Flights--1,C8,1,google.com,105,11,8,0,0,0,hit_max_rounds,61.4,0
fara-7b,Google_Flights--10,C8,1,google.com,101,11,8,0,0,0,hit_max_rounds,61.6,0
fara-7b,Google_Flights--11,C8,1,google.com,103,11,8,0,0,0,hit_max_rounds,61.0,0
fara-7b,Google_Flights--12,C8,1,google.com,94,11,8,0,0,0,hit_max_rounds,61.8,0
fara-7b,Google_Flights--13,C8,1,google.com,100,11,8,0,0,0,hit_max_rounds,60.6,0
fara-7b,Google_Flights--14,C8,1,google.com,97,11,8,0,0,0,hit_max_rounds,61.0,0
fara-7b,Google_Flights--15,C8,1,google.com,118,11,8,0,0,0,hit_max_rounds,61.1,0
fara-7b,Google_Flights--16,C8,1,google.com,110,11,8,0,0,0,hit_max_rounds,61.3,0
fara-7b,Google_Flights--17,C8,1,google.com,101,11,8,0,0,0,hit_max_rounds,60.8,0
fara-7b,Google_Flights--18,C8,1,google.com,100,11,8,0,0,0,hit_max_rounds,61.3,0
fara-7b,Google_Flights--19,C8,1,google.com,107,11,8,0,0,0,hit_max_rounds,60.3,0
fara-7b,Google_Flights--2,C8,1,google.com,88,11,8,0,0,0,hit_max_rounds,61.6,0
fara-7b,Google_Flights--20,C8,1,google.com,103,11,8,0,0,0,hit_max_rounds,61.8,0
fara-7b,Google_Flights--21,C8,1,google.com,107,11,8,0,0,0,hit_max_rounds,61.4,0
fara-7b,Google_Flights--22,C8,1,google.com,166,11,8,0,0,0,hit_max_rounds,63.9,0
fara-7b,Google_Flights--23,C8,1,google.com,202,12,9,0,0,0,hit_max_rounds,62.9,0
fara-7b,Google_Flights--24,C8,1,google.com,100,11,8,0,0,0,hit_max_rounds,61.9,0
fara-7b,Google_Flights--25,C8,1,google.com,128,11,8,0,0,0,hit_max_rounds,61.1,0
fara-7b,Google_Flights--26,C8,1,google.com,102,11,8,0,0,0,hit_max_rounds,61.8,0
fara-7b,Google_Flights--27,C8,1,google.com,126,11,8,0,0,0,hit_max_rounds,61.1,0
fara-7b,Google_Flights--28,C8,1,google.com,92,11,8,0,0,0,hit_max_rounds,61.4,0
fara-7b,Google_Flights--29,C8,1,google.com,112,11,8,0,0,0,hit_max_rounds,61.5,0
fara-7b,Google_Flights--3,C8,1,google.com,249,13,10,0,0,0,hit_max_rounds,65.3,0
fara-7b,Google_Flights--30,C8,1,google.com,106,11,8,0,0,0,hit_max_rounds,61.5,0
fara-7b,Google_Flights--31,C8,1,google.com,117,11,8,0,0,0,hit_max_rounds,61.6,0
fara-7b,Google_Flights--32,C8,1,google.com,120,11,8,0,0,0,hit_max_rounds,61.3,0
fara-7b,Google_Flights--33,C8,1,google.com,120,11,8,0,0,0,hit_max_rounds,61.0,0
fara-7b,Google_Flights--34,C8,1,google.com,96,11,8,0,0,0,hit_max_rounds,61.4,0
fara-7b,Google_Flights--35,C8,1,google.com,110,11,8,0,0,0,hit_max_rounds,61.1,0
fara-7b,Google_Flights--36,C8,1,google.com,108,11,8,0,0,0,hit_max_rounds,61.4,0
fara-7b,Google_Flights--37,C8,1,google.com,109,11,8,0,0,0,hit_max_rounds,62.1,0
fara-7b,Google_Flights--38,C8,1,google.com,98,11,8,0,0,0,hit_max_rounds,61.3,0
fara-7b,Google_Flights--39,C8,1,google.com,129,11,8,0,0,0,hit_max_rounds,61.5,0
fara-7b,Google_Flights--4,C8,1,google.com,107,11,8,0,0,0,hit_max_rounds,61.5,0
fara-7b,Google_Flights--40,C8,1,google.com,327,12,9,0,0,0,hit_max_rounds,62.9,0
fara-7b,Google_Flights--41,C8,1,google.com,126,11,8,0,0,0,hit_max_rounds,60.9,0
fara-7b,Google_Flights--5,C8,1,google.com,96,11,8,0,0,0,hit_max_rounds,60.5,0
fara-7b,Google_Flights--6,C8,1,google.com,102,11,8,0,0,0,hit_max_rounds,61.7,0
fara-7b,Google_Flights--7,C8,1,google.com,101,11,8,0,0,0,hit_max_rounds,61.4,0
fara-7b,Google_Flights--8,C8,1,google.com,119,11,8,0,0,0,hit_max_rounds,61.5,0
fara-7b,Google_Flights--9,C8,1,google.com,95,11,8,0,0,0,hit_max_rounds,60.8,0
fara-7b,Google_Map--0,C8,1,google.com,768,12,7,24,0,0,hit_max_rounds,64.6,0
fara-7b,Google_Map--1,C8,1,google.com,360,13,8,31,0,0,success,29.2,0
fara-7b,Google_Map--10,C8,1,google.com,311,12,7,17,0,0,hit_max_rounds,46.3,0
fara-7b,Google_Map--11,C8,1,google.com,530,12,7,105,0,0,hit_max_rounds,68.7,0
fara-7b,Google_Map--12,C8,1,google.com,321,12,7,20,0,0,hit_max_rounds,67.2,0
fara-7b,Google_Map--13,C8,1,google.com,467,12,7,89,0,0,hit_max_rounds,63.7,0
fara-7b,Google_Map--14,C8,1,google.com,325,12,7,23,0,0,hit_max_rounds,59.7,0
fara-7b,Google_Map--15,C8,1,google.com,350,12,7,39,0,0,hit_max_rounds,59.2,0
fara-7b,Google_Map--16,C8,1,google.com,286,12,7,9,0,0,agent_error,19.0,0
fara-7b,Google_Map--17,C8,1,google.com,452,12,7,84,0,0,hit_max_rounds,60.4,0
fara-7b,Google_Map--18,C8,1,google.com,436,18,12,0,1,0,success,53.4,0
fara-7b,Google_Map--19,C8,1,google.com,380,14,7,46,0,0,hit_max_rounds,62.7,0
fara-7b,Google_Map--2,C8,1,google.com,335,12,7,29,0,0,hit_max_rounds,59.3,0
fara-7b,Google_Map--20,C8,1,google.com,517,13,8,55,0,0,success,54.1,0
fara-7b,Google_Map--21,C8,1,google.com,327,12,7,27,0,0,hit_max_rounds,53.1,0
fara-7b,Google_Map--22,C8,1,google.com,351,12,7,37,0,0,hit_max_rounds,64.1,0
fara-7b,Google_Map--23,C8,1,google.com,771,14,9,43,0,0,hit_max_rounds,64.5,0
fara-7b,Google_Map--24,C8,1,google.com,405,13,8,4,0,0,hit_max_rounds,61.3,0
fara-7b,Google_Map--25,C8,1,google.com,442,13,7,31,0,0,hit_max_rounds,65.5,0
fara-7b,Google_Map--26,C8,1,google.com,495,20,14,7,1,0,hit_max_rounds,66.4,0
fara-7b,Google_Map--27,C8,1,google.com,411,13,7,12,0,0,hit_max_rounds,52.8,0
fara-7b,Google_Map--28,C8,1,google.com,342,12,7,25,0,0,hit_max_rounds,52.5,0
fara-7b,Google_Map--29,C8,1,google.com,321,12,7,26,0,0,hit_max_rounds,39.6,0
fara-7b,Google_Map--3,C8,1,google.com,471,25,17,6,2,0,agent_error,58.8,0
fara-7b,Google_Map--30,C8,1,google.com,415,12,7,60,0,0,hit_max_rounds,59.3,0
fara-7b,Google_Map--31,C8,1,google.com,319,13,7,7,0,0,success,51.7,0
fara-7b,Google_Map--32,C8,1,google.com,505,18,12,21,1,0,hit_max_rounds,64.9,0
fara-7b,Google_Map--33,C8,1,google.com,311,12,7,12,0,0,hit_max_rounds,57.1,0
fara-7b,Google_Map--34,C8,1,google.com,331,14,7,8,0,0,agent_error,33.7,0
fara-7b,Google_Map--35,C8,1,google.com,343,14,7,29,0,0,hit_max_rounds,46.8,0
fara-7b,Google_Map--36,C8,1,google.com,359,12,7,22,0,0,hit_max_rounds,62.3,0
fara-7b,Google_Map--37,C8,1,google.com,473,13,8,43,0,0,hit_max_rounds,63.2,0
fara-7b,Google_Map--38,C8,1,google.com,349,12,7,22,0,0,hit_max_rounds,59.7,0
fara-7b,Google_Map--39,C8,1,google.com,451,13,8,3,0,0,success,47.2,0
fara-7b,Google_Map--4,C8,1,google.com,627,14,9,39,0,0,hit_max_rounds,61.9,0
fara-7b,Google_Map--40,C8,1,google.com,363,12,7,43,0,0,hit_max_rounds,53.6,0
fara-7b,Google_Map--5,C8,1,google.com,305,14,7,9,0,0,hit_max_rounds,46.4,0
fara-7b,Google_Map--6,C8,1,google.com,590,14,9,44,0,0,hit_max_rounds,53.7,0
fara-7b,Google_Map--7,C8,1,google.com,516,18,12,24,1,0,hit_max_rounds,69.0,0
fara-7b,Google_Map--8,C8,1,google.com,359,12,7,19,0,0,success,57.3,0
fara-7b,Google_Map--9,C8,1,google.com,394,12,7,57,0,0,hit_max_rounds,51.6,0
fara-7b,Google_Search--0,C8,1,google.com,76,5,2,1,0,0,hit_max_rounds,32.7,0
fara-7b,Google_Search--1,C8,1,google.com,75,5,2,1,0,0,hit_max_rounds,48.0,0
fara-7b,Google_Search--10,C8,1,google.com,75,5,2,1,0,0,hit_max_rounds,46.2,0
fara-7b,Google_Search--11,C8,1,google.com,57,5,2,0,0,0,hit_max_rounds,30.1,0
fara-7b,Google_Search--12,C8,1,google.com,76,5,2,1,0,0,hit_max_rounds,49.5,0
fara-7b,Google_Search--13,C8,1,google.com,56,5,2,0,0,0,hit_max_rounds,36.0,0
fara-7b,Google_Search--14,C8,1,google.com,75,5,2,1,0,0,hit_max_rounds,49.8,0
fara-7b,Google_Search--15,C8,1,google.com,93,7,3,0,0,0,hit_max_rounds,49.5,0
fara-7b,Google_Search--16,C8,1,google.com,75,5,2,1,0,0,hit_max_rounds,41.6,0
fara-7b,Google_Search--17,C8,1,google.com,75,5,2,1,0,0,hit_max_rounds,48.0,0
fara-7b,Google_Search--18,C8,1,google.com,132,5,2,2,0,0,hit_max_rounds,36.5,0
fara-7b,Google_Search--19,C8,1,google.com,76,5,2,1,0,0,hit_max_rounds,48.9,0
fara-7b,Google_Search--2,C8,1,google.com,77,5,2,1,0,0,hit_max_rounds,51.4,0
fara-7b,Google_Search--20,C8,1,google.com,107,5,2,1,0,0,hit_max_rounds,41.5,0
fara-7b,Google_Search--21,C8,1,google.com,128,6,2,2,0,0,hit_max_rounds,44.1,0
fara-7b,Google_Search--22,C8,1,google.com,57,5,2,0,0,0,hit_max_rounds,24.4,0
fara-7b,Google_Search--23,C8,1,google.com,130,6,3,2,0,0,hit_max_rounds,52.6,0
fara-7b,Google_Search--24,C8,1,google.com,56,5,2,0,0,0,success,14.5,0
fara-7b,Google_Search--25,C8,1,google.com,56,5,2,0,0,0,hit_max_rounds,24.1,0
fara-7b,Google_Search--26,C8,1,google.com,60,5,2,0,0,0,agent_error,15.5,0
fara-7b,Google_Search--27,C8,1,google.com,77,5,2,1,0,0,hit_max_rounds,44.1,0
fara-7b,Google_Search--28,C8,1,google.com,175,5,2,3,0,0,hit_max_rounds,53.4,0
fara-7b,Google_Search--29,C8,1,google.com,58,5,2,0,0,0,success,17.1,0
fara-7b,Google_Search--3,C8,1,google.com,128,5,2,2,0,0,hit_max_rounds,51.6,0
fara-7b,Google_Search--30,C8,1,google.com,59,5,2,0,0,0,hit_max_rounds,30.7,0
fara-7b,Google_Search--31,C8,1,google.com,56,5,2,0,0,0,hit_max_rounds,26.9,0
fara-7b,Google_Search--32,C8,1,google.com,176,5,2,3,0,0,hit_max_rounds,53.5,0
fara-7b,Google_Search--33,C8,1,google.com,56,5,2,0,0,0,hit_max_rounds,47.7,0
fara-7b,Google_Search--34,C8,1,google.com,162,6,2,3,0,0,hit_max_rounds,53.0,0
fara-7b,Google_Search--35,C8,1,google.com,58,5,2,0,0,0,hit_max_rounds,34.5,0
fara-7b,Google_Search--36,C8,1,google.com,56,5,2,0,0,0,hit_max_rounds,24.4,0
fara-7b,Google_Search--37,C8,1,google.com,125,5,2,2,0,0,hit_max_rounds,51.3,0
fara-7b,Google_Search--38,C8,1,google.com,76,5,2,1,0,0,hit_max_rounds,50.9,0
fara-7b,Google_Search--39,C8,1,google.com,72,5,2,1,0,0,hit_max_rounds,40.5,0
fara-7b,Google_Search--4,C8,1,google.com,92,5,2,1,0,0,hit_max_rounds,47.1,0
fara-7b,Google_Search--40,C8,1,google.com,108,5,2,1,0,0,success,31.8,0
fara-7b,Google_Search--41,C8,1,google.com,107,5,2,1,0,0,hit_max_rounds,32.0,0
fara-7b,Google_Search--42,C8,1,google.com,124,5,2,2,0,0,hit_max_rounds,35.6,0
fara-7b,Google_Search--5,C8,1,google.com,58,5,2,0,0,0,hit_max_rounds,26.8,0
fara-7b,Google_Search--6,C8,1,google.com,126,5,2,2,0,0,hit_max_rounds,37.2,0
fara-7b,Google_Search--7,C8,1,google.com,109,5,2,1,0,0,hit_max_rounds,32.9,0
fara-7b,Google_Search--8,C8,1,google.com,135,5,2,2,0,0,hit_max_rounds,51.9,0
fara-7b,Google_Search--9,C8,1,google.com,76,5,2,1,0,0,hit_max_rounds,50.6,0
fara-7b,Huggingface--0,C8,1,huggingface.co,229,8,6,0,2,0,hit_max_rounds,55.1,0
fara-7b,Huggingface--1,C8,1,huggingface.co,168,9,7,0,3,0,hit_max_rounds,55.3,0
fara-7b,Huggingface--10,C8,1,huggingface.co,222,7,5,0,3,0,hit_max_rounds,60.9,0
fara-7b,Huggingface--11,C8,1,huggingface.co,221,8,6,0,2,0,success,24.5,0
fara-7b,Huggingface--12,C8,1,huggingface.co,202,7,5,0,2,0,success,24.3,0
fara-7b,Huggingface--13,C8,1,huggingface.co,363,7,5,0,5,0,hit_max_rounds,55.6,0
fara-7b,Huggingface--14,C8,1,huggingface.co,120,7,5,0,2,0,success,23.6,0
fara-7b,Huggingface--15,C8,1,huggingface.co,217,8,6,0,2,0,hit_max_rounds,55.1,0
fara-7b,Huggingface--16,C8,1,huggingface.co,375,8,6,0,3,0,success,37.3,0
fara-7b,Huggingface--17,C8,1,huggingface.co,364,9,6,0,3,0,success,30.3,0
fara-7b,Huggingface--18,C8,1,huggingface.co,364,14,12,0,5,0,hit_max_rounds,59.0,0
fara-7b,Huggingface--19,C8,1,huggingface.co,418,9,6,0,3,0,hit_max_rounds,55.6,0
fara-7b,Huggingface--2,C8,1,huggingface.co,430,12,10,0,4,0,hit_max_rounds,61.2,0
fara-7b,Huggingface--20,C8,1,huggingface.co,374,8,6,0,3,0,success,47.6,0
fara-7b,Huggingface--21,C8,1,huggingface.co,450,12,10,0,8,0,hit_max_rounds,63.8,0
fara-7b,Huggingface--22,C8,1,huggingface.co,345,7,5,0,6,0,hit_max_rounds,59.6,0
fara-7b,Huggingface--23,C8,1,huggingface.co,421,12,10,0,5,0,hit_max_rounds,55.9,0
fara-7b,Huggingface--24,C8,1,huggingface.co,215,8,6,0,2,0,success,48.2,0
fara-7b,Huggingface--25,C8,1,huggingface.co,381,11,9,0,7,0,hit_max_rounds,58.7,0
fara-7b,Huggingface--26,C8,1,huggingface.co,360,8,6,0,3,0,success,31.4,0
fara-7b,Huggingface--27,C8,1,huggingface.co,176,7,5,0,2,0,success,30.1,0
fara-7b,Huggingface--28,C8,1,huggingface.co,356,7,5,0,3,0,hit_max_rounds,56.5,0
fara-7b,Huggingface--29,C8,1,huggingface.co,345,11,9,0,3,0,success,39.0,0
fara-7b,Huggingface--3,C8,1,huggingface.co,204,7,5,0,2,0,success,60.2,0
fara-7b,Huggingface--30,C8,1,huggingface.co,207,8,6,0,2,0,hit_max_rounds,54.7,0
fara-7b,Huggingface--31,C8,1,huggingface.co,232,8,6,0,2,0,success,30.2,0
fara-7b,Huggingface--32,C8,1,huggingface.co,453,8,5,0,5,0,hit_max_rounds,57.3,0
fara-7b,Huggingface--33,C8,1,huggingface.co,164,8,6,0,3,0,hit_max_rounds,52.8,0
fara-7b,Huggingface--34,C8,1,huggingface.co,471,12,10,0,8,0,hit_max_rounds,60.3,0
fara-7b,Huggingface--35,C8,1,huggingface.co,145,7,5,0,4,0,hit_max_rounds,49.6,0
fara-7b,Huggingface--36,C8,1,huggingface.co,120,7,5,0,2,0,success,24.0,0
fara-7b,Huggingface--37,C8,1,huggingface.co,361,8,6,0,3,0,success,31.3,0
fara-7b,Huggingface--38,C8,1,huggingface.co,392,8,6,0,6,0,hit_max_rounds,60.8,0
fara-7b,Huggingface--39,C8,1,huggingface.co,187,7,5,0,8,0,hit_max_rounds,59.2,0
fara-7b,Huggingface--4,C8,1,huggingface.co,209,8,6,0,2,0,hit_max_rounds,56.6,0
fara-7b,Huggingface--40,C8,1,huggingface.co,169,9,7,0,3,0,success,30.2,0
fara-7b,Huggingface--41,C8,1,huggingface.co,376,12,10,0,3,0,success,36.7,0
fara-7b,Huggingface--42,C8,1,huggingface.co,335,7,5,0,3,0,success,31.0,0
fara-7b,Huggingface--5,C8,1,huggingface.co,385,8,6,0,3,0,success,31.9,0
fara-7b,Huggingface--6,C8,1,huggingface.co,372,11,9,0,4,0,hit_max_rounds,61.3,0
fara-7b,Huggingface--7,C8,1,huggingface.co,176,7,5,0,2,0,success,23.4,0
fara-7b,Huggingface--8,C8,1,huggingface.co,330,11,9,0,2,0,success,23.7,0
fara-7b,Huggingface--9,C8,1,huggingface.co,224,8,6,0,3,0,hit_max_rounds,54.8,0
fara-7b,Wolfram_Alpha--0,C8,1,wolframalpha.com,76,3,1,0,0,0,success,21.9,0
fara-7b,Wolfram_Alpha--1,C8,1,wolframalpha.com,139,4,2,0,0,0,success,24.5,0
fara-7b,Wolfram_Alpha--10,C8,1,wolframalpha.com,109,4,2,0,0,0,success,22.8,0
fara-7b,Wolfram_Alpha--11,C8,1,wolframalpha.com,156,4,2,0,0,0,hit_max_rounds,54.6,0
fara-7b,Wolfram_Alpha--12,C8,1,wolframalpha.com,168,4,2,0,0,0,hit_max_rounds,52.8,0
fara-7b,Wolfram_Alpha--13,C8,1,wolframalpha.com,117,4,2,0,0,0,success,23.8,0
fara-7b,Wolfram_Alpha--14,C8,1,wolframalpha.com,170,4,2,0,0,0,success,55.4,0
fara-7b,Wolfram_Alpha--15,C8,1,wolframalpha.com,169,4,2,0,0,0,success,23.2,0
fara-7b,Wolfram_Alpha--16,C8,1,wolframalpha.com,159,4,2,0,0,0,success,23.5,0
fara-7b,Wolfram_Alpha--17,C8,1,wolframalpha.com,231,4,2,0,0,0,success,55.7,0
fara-7b,Wolfram_Alpha--18,C8,1,wolframalpha.com,95,4,2,0,0,0,success,34.9,0
fara-7b,Wolfram_Alpha--19,C8,1,wolframalpha.com,217,4,2,0,0,0,hit_max_rounds,49.6,0
fara-7b,Wolfram_Alpha--2,C8,1,wolframalpha.com,52,3,1,0,0,0,success,23.4,0
fara-7b,Wolfram_Alpha--20,C8,1,wolframalpha.com,115,3,1,0,0,0,success,29.0,0
fara-7b,Wolfram_Alpha--21,C8,1,wolframalpha.com,73,3,1,0,0,0,success,23.6,0
fara-7b,Wolfram_Alpha--22,C8,1,wolframalpha.com,96,4,2,0,0,0,success,23.0,0
fara-7b,Wolfram_Alpha--23,C8,1,wolframalpha.com,114,4,2,0,0,0,success,17.1,0
fara-7b,Wolfram_Alpha--24,C8,1,wolframalpha.com,85,3,1,0,0,0,success,23.4,0
fara-7b,Wolfram_Alpha--25,C8,1,wolframalpha.com,244,4,2,0,0,0,hit_max_rounds,52.2,0
fara-7b,Wolfram_Alpha--26,C8,1,wolframalpha.com,149,3,1,0,0,0,hit_max_rounds,54.3,0
fara-7b,Wolfram_Alpha--27,C8,1,wolframalpha.com,128,4,2,0,0,0,success,23.3,0
fara-7b,Wolfram_Alpha--28,C8,1,wolframalpha.com,95,4,2,0,0,0,success,27.8,0
fara-7b,Wolfram_Alpha--29,C8,1,wolframalpha.com,71,4,2,0,0,0,success,24.0,0
fara-7b,Wolfram_Alpha--3,C8,1,wolframalpha.com,71,4,2,0,0,0,success,23.2,0
fara-7b,Wolfram_Alpha--30,C8,1,wolframalpha.com,144,4,2,0,0,0,hit_max_rounds,55.7,0
fara-7b,Wolfram_Alpha--31,C8,1,wolframalpha.com,105,4,2,0,0,0,success,23.1,0
fara-7b,Wolfram_Alpha--32,C8,1,wolframalpha.com,96,4,2,0,0,0,success,25.6,0
fara-7b,Wolfram_Alpha--33,C8,1,wolframalpha.com,71,4,2,0,0,0,success,23.6,0
fara-7b,Wolfram_Alpha--34,C8,1,wolframalpha.com,118,4,2,0,0,0,success,22.4,0
fara-7b,Wolfram_Alpha--35,C8,1,wolframalpha.com,69,3,1,0,0,0,success,22.3,0
fara-7b,Wolfram_Alpha--36,C8,1,wolframalpha.com,107,3,1,0,0,0,success,23.2,0
fara-7b,Wolfram_Alpha--37,C8,1,wolframalpha.com,120,4,2,0,0,0,success,24.0,0
fara-7b,Wolfram_Alpha--38,C8,1,wolframalpha.com,95,3,1,0,0,0,success,22.7,0
fara-7b,Wolfram_Alpha--39,C8,1,wolframalpha.com,149,4,2,0,0,0,success,23.9,0
fara-7b,Wolfram_Alpha--4,C8,1,wolframalpha.com,261,4,2,0,0,0,hit_max_rounds,59.5,0
fara-7b,Wolfram_Alpha--40,C8,1,wolframalpha.com,139,4,2,0,0,0,success,22.9,0
fara-7b,Wolfram_Alpha--41,C8,1,wolframalpha.com,138,4,2,0,0,0,success,22.2,0
fara-7b,Wolfram_Alpha--42,C8,1,wolframalpha.com,152,4,2,0,0,0,success,24.0,0
fara-7b,Wolfram_Alpha--43,C8,1,wolframalpha.com,117,4,2,0,0,0,hit_max_rounds,55.0,0
fara-7b,Wolfram_Alpha--44,C8,1,wolframalpha.com,90,3,1,0,0,0,success,23.8,0
fara-7b,Wolfram_Alpha--45,C8,1,wolframalpha.com,205,4,2,0,0,0,success,42.0,0
fara-7b,Wolfram_Alpha--5,C8,1,wolframalpha.com,73,3,1,0,0,0,success,29.9,0
fara-7b,Wolfram_Alpha--6,C8,1,wolframalpha.com,95,4,2,0,0,0,success,23.1,0
fara-7b,Wolfram_Alpha--7,C8,1,wolframalpha.com,218,4,2,0,0,0,success,24.7,0
fara-7b,Wolfram_Alpha--8,C8,1,wolframalpha.com,107,3,1,0,0,0,success,23.4,0
fara-7b,Wolfram_Alpha--9,C8,1,wolframalpha.com,103,4,2,0,0,0,success,22.2,0
