agent,task,condition,success_delta_pp,records_delta_pct,unique_hosts_delta_pct,third_party_hosts_delta_pct,rq3_blocks_search_delta_pct,rq3_blocks_offdomain_delta_pct,rq3_blocks_cmp_delta_pct,duration_seconds_delta_pct
browser-use,Allrecipes--0,C2,0.0,-93.97590361445783,-90.2654867256637,-90.9090909090909,0.0,inf,0.0,44.29708222811669
browser-use,Allrecipes--0,C5,0.0,-44.126506024096386,-87.61061946902655,-88.18181818181819,0.0,0.0,0.0,22.015915119363385
browser-use,Allrecipes--0,C7,0.0,-91.1144578313253,-90.2654867256637,-90.9090909090909,0.0,inf,0.0,13.26259946949602
browser-use,Allrecipes--0,C8,0.0,-88.25301204819277,-89.38053097345133,-90.0,inf,inf,0.0,-35.0132625994695
browser-use,Allrecipes--1,C2,0.0,-95.24271844660194,-89.42307692307693,-90.0990099009901,0.0,inf,0.0,58.94039735099339
browser-use,Allrecipes--1,C5,0.0,-22.815533980582526,0.0,1.9801980198019802,0.0,0.0,0.0,-4.194260485651212
browser-use,Allrecipes--1,C7,0.0,-96.01941747572815,-87.5,-88.11881188118812,0.0,inf,0.0,-35.32008830022074
browser-use,Allrecipes--1,C8,0.0,-37.76699029126214,1.9230769230769231,1.9801980198019802,0.0,inf,0.0,-41.50110375275938
browser-use,Allrecipes--10,C2,0.0,-92.28953579858378,-86.40776699029125,-87.37864077669903,0.0,inf,0.0,18.07407407407408
browser-use,Allrecipes--10,C5,-100.0,-53.73721479150275,-83.49514563106796,-83.49514563106796,0.0,0.0,0.0,143.70370370370372
browser-use,Allrecipes--10,C7,0.0,-92.6829268292683,-88.3495145631068,-88.3495145631068,0.0,inf,0.0,-48.148148148148145
browser-use,Allrecipes--10,C8,0.0,-80.88119590873329,-30.097087378640776,-30.097087378640776,0.0,inf,inf,-58.51851851851851
browser-use,Allrecipes--11,C2,0.0,-39.83115886415963,-12.408759124087592,-12.686567164179104,0.0,inf,0.0,-27.27272727272727
browser-use,Allrecipes--11,C5,0.0,-88.871834228703,-91.97080291970804,-92.53731343283582,0.0,0.0,0.0,-36.53516295025729
browser-use,Allrecipes--11,C7,0.0,14.735226400613968,5.839416058394161,5.970149253731343,0.0,inf,0.0,-33.44768439108062
browser-use,Allrecipes--11,C8,0.0,-33.000767459708364,-7.2992700729927,-7.462686567164178,0.0,inf,0.0,-20.754716981132066
browser-use,Allrecipes--12,C2,0.0,-21.331945889698233,-21.875,-22.400000000000002,0.0,inf,0.0,-6.060606060606057
browser-use,Allrecipes--12,C5,0.0,-81.99791883454735,-90.625,-91.2,0.0,0.0,0.0,71.46464646464648
browser-use,Allrecipes--12,C7,0.0,19.87513007284079,2.34375,2.4,0.0,inf,0.0,8.83838383838384
browser-use,Allrecipes--12,C8,0.0,-6.763787721123829,0.78125,0.8,0.0,inf,0.0,-21.969696969696976
browser-use,Allrecipes--13,C2,0.0,73.30264672036823,7.936507936507936,8.130081300813007,0.0,inf,0.0,12.530120481927717
browser-use,Allrecipes--13,C5,0.0,-88.26237054085155,-93.65079365079364,-94.3089430894309,0.0,0.0,0.0,-21.445783132530117
browser-use,Allrecipes--13,C7,0.0,12.888377445339472,-6.349206349206349,-6.504065040650407,0.0,inf,0.0,-12.771084337349393
browser-use,Allrecipes--13,C8,0.0,3.33716915995397,0.0,0.0,0.0,inf,0.0,-11.807228915662646
browser-use,Allrecipes--14,C2,0.0,-9.957805907172995,-4.724409448818897,-4.838709677419355,0.0,inf,0.0,11.40350877192982
browser-use,Allrecipes--14,C5,0.0,-52.82700421940928,-87.4015748031496,-87.90322580645162,0.0,0.0,0.0,90.35087719298242
browser-use,Allrecipes--14,C7,0.0,18.31223628691983,4.724409448818897,4.838709677419355,0.0,inf,0.0,17.543859649122805
browser-use,Allrecipes--14,C8,0.0,-20.0,-3.937007874015748,-4.032258064516129,0.0,inf,0.0,35.08771929824561
browser-use,Allrecipes--15,C2,0.0,-30.46875,-14.728682170542637,-15.079365079365079,0.0,inf,0.0,-2.380952380952381
browser-use,Allrecipes--15,C5,0.0,-79.79910714285714,-90.69767441860465,-91.26984126984127,0.0,0.0,0.0,44.99999999999999
browser-use,Allrecipes--15,C7,0.0,-3.3482142857142856,-3.10077519379845,-3.1746031746031744,0.0,inf,0.0,-26.666666666666668
browser-use,Allrecipes--15,C8,0.0,27.120535714285715,-1.550387596899225,-1.5873015873015872,0.0,inf,0.0,0.476190476190483
browser-use,Allrecipes--16,C2,0.0,-33.49282296650718,-9.022556390977442,-9.230769230769232,0.0,inf,0.0,-36.53846153846153
browser-use,Allrecipes--16,C5,0.0,-55.183413078149925,-89.47368421052632,-90.0,0.0,0.0,0.0,-25.854700854700845
browser-use,Allrecipes--16,C7,0.0,12.679425837320574,-4.511278195488721,-4.615384615384616,0.0,inf,0.0,-11.111111111111102
browser-use,Allrecipes--16,C8,0.0,-22.08931419457735,-6.015037593984962,-6.153846153846154,0.0,inf,0.0,-16.025641025641026
browser-use,Allrecipes--17,C2,0.0,-86.14931237721022,-91.30434782608695,-91.77215189873418,0.0,inf,0.0,36.05313092979127
browser-use,Allrecipes--17,C5,0.0,-44.4007858546169,-90.06211180124224,-90.50632911392405,0.0,0.0,0.0,-32.827324478178376
browser-use,Allrecipes--17,C7,0.0,-90.6679764243615,-93.16770186335404,-93.67088607594937,0.0,inf,0.0,23.908918406072093
browser-use,Allrecipes--17,C8,0.0,-11.19842829076621,-19.25465838509317,-19.62025316455696,0.0,inf,0.0,-19.734345351043654
browser-use,Allrecipes--18,C2,0.0,-19.880715705765407,-3.597122302158273,-3.6764705882352944,0.0,inf,0.0,11.255411255411245
browser-use,Allrecipes--18,C5,0.0,-86.94499668654738,-91.36690647482014,-91.91176470588235,0.0,0.0,0.0,28.78787878787878
browser-use,Allrecipes--18,C7,0.0,-24.254473161033797,-10.79136690647482,-11.029411764705882,0.0,inf,0.0,-4.761904761904768
browser-use,Allrecipes--18,C8,0.0,-24.3870112657389,0.0,0.0,0.0,inf,0.0,-14.069264069264067
browser-use,Allrecipes--19,C2,0.0,-24.931002759889605,2.7522935779816518,2.8301886792452833,0.0,inf,0.0,27.272727272727295
browser-use,Allrecipes--19,C5,0.0,-81.50873965041399,-86.23853211009175,-86.79245283018868,0.0,0.0,0.0,44.62809917355373
browser-use,Allrecipes--19,C7,0.0,-5.059797608095677,0.9174311926605505,0.9433962264150944,0.0,inf,0.0,-3.0303030303030147
browser-use,Allrecipes--19,C8,0.0,1.1959521619135236,9.174311926605505,9.433962264150944,0.0,inf,0.0,-9.641873278236915
browser-use,Allrecipes--2,C2,0.0,-93.42188488298545,-91.04477611940298,-91.6030534351145,0.0,inf,0.0,-36.645962732919266
browser-use,Allrecipes--2,C5,0.0,-28.46299810246679,-22.388059701492537,-21.374045801526716,0.0,0.0,0.0,7.6086956521739
browser-use,Allrecipes--2,C7,0.0,-93.35863377609108,-90.29850746268657,-90.83969465648855,0.0,inf,0.0,-36.024844720496894
browser-use,Allrecipes--2,C8,0.0,-32.44781783681214,-8.208955223880597,-8.396946564885496,0.0,inf,0.0,-35.71428571428572
browser-use,Allrecipes--20,C2,0.0,-13.151364764267989,-9.836065573770492,-10.084033613445378,0.0,inf,0.0,18.959107806691456
browser-use,Allrecipes--20,C5,0.0,-31.141439205955336,-82.78688524590164,-83.19327731092437,0.0,0.0,0.0,145.72490706319704
browser-use,Allrecipes--20,C7,0.0,-2.481389578163772,-3.278688524590164,-3.361344537815126,0.0,inf,0.0,42.007434944237936
browser-use,Allrecipes--20,C8,0.0,-4.962779156327544,-2.459016393442623,-2.5210084033613445,0.0,inf,0.0,-18.58736059479554
browser-use,Allrecipes--21,C2,0.0,48.267008985879336,10.0,10.256410256410255,0.0,inf,0.0,81.19266055045871
browser-use,Allrecipes--21,C5,0.0,-31.70731707317073,-88.33333333333333,-88.88888888888889,0.0,0.0,0.0,169.26605504587158
browser-use,Allrecipes--21,C7,0.0,35.68677792041078,15.0,15.384615384615385,0.0,inf,0.0,65.13761467889908
browser-use,Allrecipes--21,C8,0.0,-4.7496790757381255,-3.3333333333333335,-3.418803418803419,0.0,inf,0.0,5.963302752293581
browser-use,Allrecipes--22,C2,0.0,17.599999999999998,-1.5151515151515151,-1.550387596899225,0.0,inf,0.0,31.11702127659573
browser-use,Allrecipes--22,C5,0.0,-56.64,-87.12121212121212,-87.59689922480621,0.0,0.0,0.0,55.85106382978723
browser-use,Allrecipes--22,C7,0.0,-16.16,-6.8181818181818175,-6.976744186046512,0.0,inf,0.0,-9.840425531914901
browser-use,Allrecipes--22,C8,0.0,-8.799999999999999,-9.848484848484848,-10.077519379844961,0.0,inf,0.0,11.170212765957436
browser-use,Allrecipes--23,C2,0.0,13.982300884955754,3.8834951456310676,4.0,0.0,inf,0.0,23.275862068965523
browser-use,Allrecipes--23,C5,0.0,-69.5575221238938,-85.43689320388349,-86.0,0.0,0.0,0.0,48.56321839080462
browser-use,Allrecipes--23,C7,0.0,171.50442477876106,30.097087378640776,31.0,0.0,inf,0.0,34.19540229885059
browser-use,Allrecipes--23,C8,0.0,117.69911504424779,22.330097087378643,23.0,0.0,inf,0.0,23.850574712643695
browser-use,Allrecipes--24,C2,0.0,4.754601226993866,3.6036036036036037,3.7037037037037033,0.0,inf,0.0,-0.8849557522124019
browser-use,Allrecipes--24,C5,0.0,-10.122699386503067,-85.58558558558559,-86.11111111111111,0.0,0.0,0.0,56.63716814159291
browser-use,Allrecipes--24,C7,0.0,40.95092024539878,13.513513513513514,13.88888888888889,0.0,inf,0.0,35.84070796460176
browser-use,Allrecipes--24,C8,0.0,7.515337423312883,0.9009009009009009,0.9259259259259258,0.0,inf,0.0,-19.469026548672574
browser-use,Allrecipes--25,C2,0.0,-21.15732368896926,-9.62962962962963,-9.848484848484848,0.0,inf,0.0,-25.708061002178646
browser-use,Allrecipes--25,C5,0.0,-83.99638336347198,-91.11111111111111,-91.66666666666666,0.0,0.0,0.0,25.49019607843138
browser-use,Allrecipes--25,C7,0.0,-19.981916817359853,-9.62962962962963,-9.848484848484848,0.0,inf,0.0,-8.061002178649227
browser-use,Allrecipes--25,C8,0.0,-15.913200723327305,-8.148148148148149,-8.333333333333332,0.0,inf,0.0,5.228758169934638
browser-use,Allrecipes--26,C2,0.0,49.584487534626035,11.403508771929824,11.711711711711711,0.0,inf,0.0,22.413793103448292
browser-use,Allrecipes--26,C5,0.0,-76.86980609418282,-89.47368421052632,-90.09009009009009,0.0,0.0,0.0,10.344827586206902
browser-use,Allrecipes--26,C7,0.0,29.362880886426595,10.526315789473683,10.81081081081081,0.0,inf,0.0,-9.770114942528732
browser-use,Allrecipes--26,C8,0.0,60.664819944598335,13.157894736842104,13.513513513513514,0.0,inf,0.0,7.471264367816096
browser-use,Allrecipes--27,C2,0.0,2.6402640264026402,-8.148148148148149,-8.333333333333332,0.0,inf,0.0,8.252427184466015
browser-use,Allrecipes--27,C5,0.0,-77.33773377337734,-91.11111111111111,-91.66666666666666,0.0,0.0,0.0,57.76699029126212
browser-use,Allrecipes--27,C7,0.0,-12.761276127612762,-11.851851851851853,-12.121212121212121,0.0,inf,0.0,6.067961165048543
browser-use,Allrecipes--27,C8,0.0,-8.47084708470847,-11.11111111111111,-11.363636363636363,0.0,inf,0.0,10.436893203883487
browser-use,Allrecipes--28,C2,0.0,-17.307692307692307,-8.333333333333332,-8.527131782945736,0.0,inf,0.0,-11.111111111111116
browser-use,Allrecipes--28,C5,0.0,-82.12669683257919,-90.9090909090909,-91.47286821705426,0.0,0.0,0.0,64.22764227642277
browser-use,Allrecipes--28,C7,0.0,-12.330316742081449,-5.303030303030303,-5.426356589147287,0.0,inf,0.0,-11.3821138211382
browser-use,Allrecipes--28,C8,0.0,-4.411764705882353,-8.333333333333332,-8.527131782945736,inf,inf,0.0,-10.298102981029803
browser-use,Allrecipes--29,C2,0.0,8.537490720118782,-1.5384615384615385,-1.574803149606299,0.0,inf,0.0,6.3596491228070136
browser-use,Allrecipes--29,C5,0.0,-86.0430586488493,-90.76923076923077,-91.33858267716536,0.0,0.0,0.0,-29.166666666666675
browser-use,Allrecipes--29,C7,0.0,-6.087602078693393,6.923076923076923,7.086614173228346,0.0,inf,0.0,-12.06140350877193
browser-use,Allrecipes--29,C8,0.0,-4.157386785449146,3.076923076923077,3.149606299212598,0.0,inf,0.0,1.0964912280701753
browser-use,Allrecipes--3,C2,0.0,23.08868501529052,7.339449541284404,7.547169811320755,0.0,inf,0.0,0.0
browser-use,Allrecipes--3,C5,0.0,-81.34556574923548,-88.9908256880734,-89.62264150943396,0.0,0.0,0.0,23.50119904076738
browser-use,Allrecipes--3,C7,0.0,27.675840978593275,15.59633027522936,16.037735849056602,0.0,inf,0.0,-22.78177458033573
browser-use,Allrecipes--3,C8,0.0,19.418960244648318,15.59633027522936,16.037735849056602,0.0,inf,0.0,-26.37889688249401
browser-use,Allrecipes--30,C2,0.0,-35.984848484848484,-17.1875,-17.599999999999998,0.0,inf,0.0,-17.33333333333333
browser-use,Allrecipes--30,C5,0.0,-68.3080808080808,-89.0625,-89.60000000000001,0.0,0.0,0.0,-22.888888888888882
browser-use,Allrecipes--30,C7,0.0,-36.80555555555556,-3.125,-3.2,0.0,inf,0.0,-4.8888888888888955
browser-use,Allrecipes--30,C8,0.0,2.7777777777777777,-2.34375,-2.4,0.0,inf,0.0,1.999999999999997
browser-use,Allrecipes--31,C2,0.0,96.66666666666667,33.33333333333333,34.31372549019608,0.0,inf,0.0,15.517241379310336
browser-use,Allrecipes--31,C5,0.0,-29.841269841269842,-83.80952380952381,-84.31372549019608,0.0,0.0,0.0,-7.881773399014786
browser-use,Allrecipes--31,C7,0.0,73.33333333333333,25.71428571428571,26.47058823529412,0.0,inf,0.0,25.12315270935959
browser-use,Allrecipes--31,C8,0.0,98.09523809523809,15.238095238095239,15.686274509803921,0.0,inf,0.0,-14.285714285714295
browser-use,Allrecipes--32,C2,0.0,-8.281829419035846,-5.691056910569105,-5.833333333333333,0.0,inf,0.0,13.85767790262172
browser-use,Allrecipes--32,C5,0.0,-81.08776266996291,-90.2439024390244,-90.83333333333333,0.0,0.0,0.0,95.88014981273407
browser-use,Allrecipes--32,C7,0.0,-17.058096415327565,-5.691056910569105,-5.833333333333333,0.0,inf,0.0,-10.486891385767795
browser-use,Allrecipes--32,C8,0.0,-16.440049443757726,-4.878048780487805,-5.0,0.0,inf,0.0,-26.217228464419478
browser-use,Allrecipes--33,C2,0.0,-20.095238095238095,-11.450381679389313,-11.71875,0.0,inf,0.0,-31.14035087719299
browser-use,Allrecipes--33,C5,0.0,-47.333333333333336,-87.78625954198473,-88.28125,0.0,0.0,0.0,46.491228070175424
browser-use,Allrecipes--33,C7,0.0,4.666666666666667,6.870229007633588,7.03125,0.0,inf,0.0,-17.763157894736846
browser-use,Allrecipes--33,C8,0.0,-16.19047619047619,-9.16030534351145,-9.375,0.0,inf,0.0,-24.12280701754386
browser-use,Allrecipes--34,C2,0.0,-2.457956015523933,8.620689655172415,8.849557522123893,0.0,inf,0.0,69.54545454545453
browser-use,Allrecipes--34,C5,0.0,-76.58473479948253,-91.37931034482759,-92.03539823008849,0.0,0.0,0.0,47.272727272727266
browser-use,Allrecipes--34,C7,0.0,12.548512289780078,3.4482758620689653,3.5398230088495577,0.0,inf,0.0,22.272727272727266
browser-use,Allrecipes--34,C8,0.0,3.8809831824062093,6.0344827586206895,6.1946902654867255,0.0,inf,0.0,55.00000000000001
browser-use,Allrecipes--35,C2,0.0,-4.4186046511627906,-27.932960893854748,-28.40909090909091,0.0,inf,0.0,28.828828828828833
browser-use,Allrecipes--35,C5,0.0,-34.031007751937985,-91.06145251396647,-91.47727272727273,0.0,0.0,0.0,79.57957957957959
browser-use,Allrecipes--35,C7,0.0,-30.077519379844965,-30.726256983240223,-31.25,0.0,inf,0.0,-24.92492492492492
browser-use,Allrecipes--35,C8,0.0,-19.612403100775193,-23.463687150837988,-23.863636363636363,0.0,inf,0.0,-8.708708708708706
browser-use,Allrecipes--36,C2,0.0,-29.426860564585116,-13.23529411764706,-13.533834586466165,0.0,inf,0.0,-26.797385620915044
browser-use,Allrecipes--36,C5,0.0,-55.00427715996579,-88.97058823529412,-89.47368421052632,0.0,0.0,0.0,95.09803921568627
browser-use,Allrecipes--36,C7,0.0,-2.1385799828913603,-9.558823529411764,-9.774436090225564,0.0,inf,0.0,9.15032679738561
browser-use,Allrecipes--36,C8,0.0,-10.26518391787853,-6.61764705882353,-6.7669172932330826,0.0,inf,0.0,27.45098039215686
browser-use,Allrecipes--37,C2,0.0,-19.52428146679881,-7.575757575757576,-7.751937984496124,0.0,inf,0.0,-20.62350119904077
browser-use,Allrecipes--37,C5,0.0,-81.26858275520317,-92.42424242424242,-93.02325581395348,0.0,0.0,0.0,-32.13429256594725
browser-use,Allrecipes--37,C7,0.0,-20.317145688800792,-4.545454545454546,-4.651162790697675,0.0,inf,0.0,-35.011990407673856
browser-use,Allrecipes--37,C8,0.0,-26.26362735381566,-9.848484848484848,-10.077519379844961,0.0,inf,0.0,-30.69544364508394
browser-use,Allrecipes--38,C2,0.0,-17.3374613003096,-22.516556291390728,-22.972972972972975,0.0,inf,0.0,-30.561797752808996
browser-use,Allrecipes--38,C5,0.0,-84.00412796697626,-92.05298013245033,-92.56756756756756,0.0,0.0,0.0,33.25842696629213
browser-use,Allrecipes--38,C7,0.0,-26.625386996904027,-22.516556291390728,-22.972972972972975,0.0,inf,0.0,-50.33707865168539
browser-use,Allrecipes--38,C8,0.0,-35.91331269349845,-27.81456953642384,-28.37837837837838,0.0,inf,0.0,-32.58426966292135
browser-use,Allrecipes--39,C2,0.0,36.056338028169016,6.4,6.557377049180328,0.0,inf,0.0,15.439429928741092
browser-use,Allrecipes--39,C5,0.0,-83.56807511737088,-90.4,-90.98360655737704,0.0,0.0,0.0,28.978622327790966
browser-use,Allrecipes--39,C7,0.0,-17.934272300469484,-0.8,-0.819672131147541,0.0,inf,0.0,-22.80285035629454
browser-use,Allrecipes--39,C8,0.0,-19.718309859154928,-3.2,-3.278688524590164,0.0,inf,0.0,2.612826603325419
browser-use,Allrecipes--4,C2,0.0,-88.15628815628816,-86.81318681318682,-87.5,0.0,inf,0.0,97.9949874686717
browser-use,Allrecipes--4,C5,0.0,5.25030525030525,-80.21978021978022,-80.68181818181817,0.0,0.0,0.0,68.92230576441105
browser-use,Allrecipes--4,C7,0.0,-82.29548229548229,-83.51648351648352,-84.0909090909091,0.0,inf,0.0,-34.586466165413526
browser-use,Allrecipes--4,C8,0.0,-90.10989010989012,-87.91208791208791,-88.63636363636364,inf,inf,0.0,14.285714285714294
browser-use,Allrecipes--40,C2,0.0,-15.899581589958158,-1.9230769230769231,-1.9801980198019802,0.0,inf,0.0,-16.548463356973997
browser-use,Allrecipes--40,C5,0.0,102.09205020920503,-83.65384615384616,-84.15841584158416,0.0,0.0,0.0,49.408983451536656
browser-use,Allrecipes--40,C7,0.0,-14.853556485355648,-0.9615384615384616,-0.9900990099009901,0.0,inf,0.0,-33.80614657210401
browser-use,Allrecipes--40,C8,0.0,18.619246861924683,2.8846153846153846,2.9702970297029703,0.0,inf,0.0,-31.442080378250587
browser-use,Allrecipes--41,C2,0.0,-96.32107023411372,-92.42424242424242,-92.96875,0.0,inf,0.0,-25.07374631268437
browser-use,Allrecipes--41,C5,0.0,-86.51059085841695,-90.9090909090909,-91.40625,0.0,0.0,0.0,29.79351032448378
browser-use,Allrecipes--41,C7,0.0,-89.85507246376811,-91.66666666666666,-92.1875,0.0,inf,0.0,91.1504424778761
browser-use,Allrecipes--41,C8,0.0,-49.38684503901895,-24.242424242424242,-24.21875,0.0,inf,0.0,19.46902654867257
browser-use,Allrecipes--42,C2,0.0,-2.871794871794872,3.149606299212598,3.225806451612903,0.0,inf,0.0,-18.115942028985508
browser-use,Allrecipes--42,C5,0.0,-54.56410256410257,-88.9763779527559,-89.51612903225806,0.0,0.0,0.0,-11.111111111111114
browser-use,Allrecipes--42,C7,0.0,-24.307692307692307,-7.086614173228346,-7.258064516129033,0.0,inf,0.0,-40.82125603864734
browser-use,Allrecipes--42,C8,0.0,6.564102564102564,-5.511811023622047,-5.64516129032258,0.0,inf,0.0,0.9661835748792237
browser-use,Allrecipes--43,C2,0.0,-53.072625698324025,-19.25925925925926,-19.696969696969695,0.0,inf,0.0,3.563474387527843
browser-use,Allrecipes--43,C5,0.0,-55.865921787709496,-88.14814814814815,-88.63636363636364,0.0,0.0,0.0,44.32071269487751
browser-use,Allrecipes--43,C7,0.0,-1.5163607342378291,-8.88888888888889,-9.090909090909092,0.0,inf,0.0,-2.6726057906458704
browser-use,Allrecipes--43,C8,0.0,-52.35434956105347,-22.962962962962962,-23.484848484848484,0.0,inf,0.0,-25.167037861915365
browser-use,Allrecipes--44,C2,0.0,-2.0599250936329585,-8.571428571428571,-8.823529411764707,0.0,inf,0.0,-42.10526315789473
browser-use,Allrecipes--44,C5,0.0,31.273408239700373,-68.57142857142857,-68.62745098039215,0.0,0.0,0.0,105.88235294117649
browser-use,Allrecipes--44,C7,0.0,6.367041198501873,4.761904761904762,4.901960784313726,0.0,inf,0.0,-9.907120743034044
browser-use,Allrecipes--44,C8,0.0,-2.6217228464419478,2.857142857142857,2.941176470588235,0.0,inf,0.0,-18.885448916408663
browser-use,Allrecipes--5,C2,0.0,-91.65613147914033,-91.07142857142857,-90.82568807339449,0.0,inf,0.0,38.442211055276395
browser-use,Allrecipes--5,C5,0.0,-28.06573957016435,-86.60714285714286,-87.1559633027523,0.0,0.0,0.0,-12.81407035175878
browser-use,Allrecipes--5,C7,0.0,-93.67888748419722,-90.17857142857143,-89.90825688073394,0.0,inf,0.0,-5.025125628140704
browser-use,Allrecipes--5,C8,0.0,8.091024020227561,13.392857142857142,13.761467889908257,0.0,inf,0.0,-1.7587939698492359
browser-use,Allrecipes--6,C2,0.0,-57.692307692307686,-24.342105263157894,-24.832214765100673,0.0,inf,0.0,-20.923520923520925
browser-use,Allrecipes--6,C5,0.0,-80.21255060728745,-46.71052631578947,-45.63758389261745,0.0,0.0,0.0,-36.21933621933621
browser-use,Allrecipes--6,C7,0.0,-95.29352226720647,-92.10526315789474,-92.61744966442953,0.0,inf,0.0,-57.720057720057724
browser-use,Allrecipes--6,C8,0.0,-62.29757085020243,-26.31578947368421,-26.845637583892618,0.0,inf,0.0,-56.132756132756136
browser-use,Allrecipes--7,C2,0.0,-88.53503184713377,-88.28125,-88.8,0.0,inf,0.0,46.65314401622718
browser-use,Allrecipes--7,C5,0.0,-39.39945404913558,-87.5,-88.0,0.0,0.0,0.0,44.82758620689657
browser-use,Allrecipes--7,C7,0.0,-86.98817106460417,-87.5,-88.0,0.0,inf,0.0,44.21906693711967
browser-use,Allrecipes--7,C8,0.0,-37.21565059144677,-9.375,-9.6,0.0,inf,0.0,-28.600405679513173
browser-use,Allrecipes--8,C2,0.0,33.2094175960347,5.691056910569105,5.833333333333333,0.0,inf,0.0,61.338289962825286
browser-use,Allrecipes--8,C5,0.0,-75.8364312267658,-91.869918699187,-92.5,0.0,0.0,0.0,59.85130111524164
browser-use,Allrecipes--8,C7,0.0,10.90458488228005,3.2520325203252036,3.3333333333333335,0.0,inf,0.0,24.907063197026034
browser-use,Allrecipes--8,C8,0.0,-3.717472118959108,-4.878048780487805,-5.0,0.0,inf,0.0,6.691449814126398
browser-use,Allrecipes--9,C2,0.0,-91.63408913213448,-88.28828828828829,-88.88888888888889,0.0,inf,0.0,156.5359477124183
browser-use,Allrecipes--9,C5,0.0,-18.53010164190774,-69.36936936936937,-69.44444444444444,0.0,0.0,0.0,159.80392156862743
browser-use,Allrecipes--9,C7,0.0,-88.58483189992181,-87.38738738738738,-87.96296296296296,0.0,inf,0.0,-17.64705882352942
browser-use,Allrecipes--9,C8,0.0,-93.51055512118843,-89.1891891891892,-89.81481481481481,inf,inf,0.0,101.30718954248366
browser-use,Amazon--0,C2,0.0,-85.61151079136691,-57.14285714285714,-60.0,0.0,inf,0.0,-69.4021101992966
browser-use,Amazon--0,C5,0.0,-2.9804727646454263,85.71428571428571,74.28571428571429,0.0,0.0,0.0,-41.50058616647128
browser-use,Amazon--0,C7,0.0,-90.33915724563207,-68.57142857142857,-71.42857142857143,0.0,inf,0.0,-66.23681125439626
browser-use,Amazon--0,C8,0.0,-39.157245632065774,-62.857142857142854,-74.28571428571429,0.0,inf,0.0,-47.94841735052755
browser-use,Amazon--1,C2,0.0,-48.883374689826304,-81.15942028985508,-86.95652173913044,0.0,inf,0.0,-33.14917127071824
browser-use,Amazon--1,C5,0.0,8.105872622001655,0.0,-5.797101449275362,0.0,0.0,0.0,-25.13812154696133
browser-use,Amazon--1,C7,0.0,-33.49875930521092,-78.26086956521739,-84.05797101449275,0.0,inf,0.0,-12.15469613259669
browser-use,Amazon--1,C8,0.0,-46.40198511166253,-78.26086956521739,-84.05797101449275,0.0,inf,0.0,-34.944751381215475
browser-use,Amazon--10,C2,0.0,-28.178368121442126,-76.92307692307693,-83.33333333333334,0.0,inf,0.0,-11.58645276292335
browser-use,Amazon--10,C5,0.0,35.673624288425046,1.9230769230769231,2.083333333333333,0.0,0.0,0.0,-16.93404634581105
browser-use,Amazon--10,C7,0.0,18.690702087286528,-76.92307692307693,-83.33333333333334,0.0,inf,0.0,4.278074866310158
browser-use,Amazon--10,C8,0.0,-19.25996204933586,-75.0,-81.25,0.0,inf,0.0,-17.290552584670234
browser-use,Amazon--11,C2,0.0,-10.709838107098381,-75.92592592592592,-82.0,0.0,inf,0.0,14.566929133858281
browser-use,Amazon--11,C5,0.0,13.698630136986301,12.962962962962962,14.000000000000002,0.0,0.0,0.0,13.385826771653553
browser-use,Amazon--11,C7,0.0,-11.45703611457036,-72.22222222222221,-78.0,0.0,inf,0.0,5.708661417322846
browser-use,Amazon--11,C8,0.0,-9.838107098381071,-72.22222222222221,-78.0,0.0,inf,0.0,4.921259842519685
browser-use,Amazon--12,C2,0.0,-9.56043956043956,-74.50980392156863,-80.85106382978722,0.0,inf,0.0,10.979228486646871
browser-use,Amazon--12,C5,0.0,7.032967032967033,9.803921568627452,8.51063829787234,0.0,0.0,0.0,24.62908011869435
browser-use,Amazon--12,C7,0.0,-8.35164835164835,-74.50980392156863,-80.85106382978722,0.0,inf,0.0,20.47477744807121
browser-use,Amazon--12,C8,0.0,-2.6373626373626373,-68.62745098039215,-74.46808510638297,0.0,inf,0.0,9.198813056379803
browser-use,Amazon--13,C2,0.0,-13.612004287245444,-73.07692307692307,-79.16666666666666,0.0,inf,0.0,5.911330049261086
browser-use,Amazon--13,C5,0.0,-10.718113612004288,13.461538461538462,14.583333333333334,0.0,0.0,0.0,-8.53858784893267
browser-use,Amazon--13,C7,0.0,6.216505894962487,-71.15384615384616,-77.08333333333334,0.0,inf,0.0,-18.390804597701145
browser-use,Amazon--13,C8,0.0,-17.041800643086816,-71.15384615384616,-77.08333333333334,0.0,inf,0.0,1.9704433497536995
browser-use,Amazon--14,C2,0.0,-12.156862745098039,-74.50980392156863,-80.85106382978722,0.0,inf,0.0,-6.53465346534653
browser-use,Amazon--14,C5,0.0,30.19607843137255,7.8431372549019605,8.51063829787234,0.0,0.0,0.0,16.237623762376245
browser-use,Amazon--14,C7,-100.0,-100.0,-100.0,-100.0,0.0,0.0,0.0,
browser-use,Amazon--14,C8,0.0,20.26143790849673,-74.50980392156863,-80.85106382978722,0.0,inf,0.0,-10.69306930693069
browser-use,Amazon--15,C2,0.0,8.433734939759036,-75.0,-81.25,0.0,inf,0.0,-27.82608695652174
browser-use,Amazon--15,C5,0.0,-13.581599123767798,3.8461538461538463,4.166666666666666,0.0,0.0,0.0,-2.608695652173913
browser-use,Amazon--15,C7,0.0,-13.910186199342824,-73.07692307692307,-79.16666666666666,0.0,inf,0.0,12.695652173913038
browser-use,Amazon--15,C8,0.0,-22.89156626506024,-73.07692307692307,-81.25,0.0,inf,0.0,-11.304347826086957
browser-use,Amazon--16,C2,0.0,-95.37777777777777,-84.84848484848484,-85.48387096774194,0.0,inf,0.0,16.113744075829388
browser-use,Amazon--16,C5,0.0,-32.97777777777778,-7.575757575757576,-8.064516129032258,0.0,0.0,0.0,-33.80726698262243
browser-use,Amazon--16,C7,0.0,-90.75555555555556,-83.33333333333334,-83.87096774193549,0.0,inf,0.0,23.064770932069525
browser-use,Amazon--16,C8,0.0,-12.533333333333333,-75.75757575757575,-80.64516129032258,0.0,inf,0.0,-15.481832543443913
browser-use,Amazon--17,C2,0.0,-2.8301886792452833,-72.22222222222221,-78.0,0.0,inf,0.0,-20.155038759689923
browser-use,Amazon--17,C5,0.0,17.767295597484274,11.11111111111111,12.0,0.0,0.0,0.0,-24.651162790697672
browser-use,Amazon--17,C7,0.0,-9.433962264150944,-75.92592592592592,-82.0,0.0,inf,0.0,-3.5658914728682127
browser-use,Amazon--17,C8,0.0,-0.15723270440251574,-72.22222222222221,-78.0,0.0,inf,0.0,-5.426356589147287
browser-use,Amazon--18,C2,0.0,-17.11079943899018,-72.72727272727273,-78.04878048780488,0.0,inf,0.0,13.7809187279152
browser-use,Amazon--18,C5,0.0,-20.476858345021036,18.181818181818183,19.51219512195122,0.0,0.0,0.0,-4.240282685512365
browser-use,Amazon--18,C7,0.0,-18.2328190743338,-68.18181818181817,-73.17073170731707,0.0,inf,0.0,6.7137809187279105
browser-use,Amazon--18,C8,0.0,-15.848527349228611,-72.72727272727273,-78.04878048780488,0.0,inf,0.0,-23.321554770318027
browser-use,Amazon--19,C2,0.0,-45.743473325766175,-66.66666666666666,-71.42857142857143,0.0,inf,0.0,8.737864077669903
browser-use,Amazon--19,C5,0.0,-49.48921679909194,20.0,19.047619047619047,0.0,0.0,0.0,5.0485436893203905
browser-use,Amazon--19,C7,0.0,-79.56867196367764,-71.11111111111111,-76.19047619047619,0.0,inf,0.0,-34.5631067961165
browser-use,Amazon--19,C8,0.0,9.875141884222474,-71.11111111111111,-78.57142857142857,0.0,inf,0.0,-0.19417475728155617
browser-use,Amazon--2,C2,0.0,-89.21078921078922,-63.888888888888886,-66.66666666666666,0.0,inf,0.0,24.839743589743602
browser-use,Amazon--2,C5,0.0,-69.73026973026974,-19.444444444444446,-19.444444444444446,0.0,0.0,0.0,-21.15384615384615
browser-use,Amazon--2,C7,0.0,-89.5104895104895,-63.888888888888886,-66.66666666666666,0.0,inf,0.0,-36.378205128205124
browser-use,Amazon--2,C8,0.0,-55.24475524475524,-2.7777777777777777,-2.7777777777777777,0.0,inf,0.0,-32.21153846153847
browser-use,Amazon--20,C2,0.0,6.88360450563204,-64.81481481481481,-72.0,0.0,inf,0.0,-0.18115942028985763
browser-use,Amazon--20,C5,0.0,-11.264080100125156,9.25925925925926,10.0,0.0,0.0,0.0,-20.833333333333332
browser-use,Amazon--20,C7,0.0,-23.52941176470588,-77.77777777777779,-84.0,0.0,inf,0.0,1.9927536231883956
browser-use,Amazon--20,C8,0.0,11.639549436795996,-68.51851851851852,-76.0,0.0,inf,0.0,6.521739130434772
browser-use,Amazon--21,C2,0.0,-11.742892459826946,-67.3076923076923,-75.0,0.0,inf,0.0,-12.121212121212121
browser-use,Amazon--21,C5,0.0,19.15945611866502,13.461538461538462,12.5,0.0,0.0,0.0,-29.6969696969697
browser-use,Amazon--21,C7,0.0,13.22620519159456,-76.92307692307693,-83.33333333333334,0.0,inf,0.0,-25.90909090909091
browser-use,Amazon--21,C8,0.0,-10.3831891223733,-71.15384615384616,-77.08333333333334,0.0,inf,0.0,-10.000000000000002
browser-use,Amazon--22,C2,0.0,-36.13109512390088,-73.07692307692307,-81.25,0.0,inf,0.0,-31.317829457364343
browser-use,Amazon--22,C5,0.0,-25.09992006394884,19.230769230769234,18.75,0.0,0.0,0.0,-17.05426356589147
browser-use,Amazon--22,C7,0.0,-23.980815347721823,-75.0,-81.25,0.0,inf,0.0,-18.75968992248062
browser-use,Amazon--22,C8,0.0,-36.69064748201439,-69.23076923076923,-77.08333333333334,0.0,inf,0.0,-40.62015503875969
browser-use,Amazon--23,C2,0.0,-47.13831478537361,-76.36363636363637,-82.0,0.0,inf,0.0,-3.924914675767925
browser-use,Amazon--23,C5,0.0,8.426073131955485,5.454545454545454,8.0,0.0,0.0,0.0,30.37542662116042
browser-use,Amazon--23,C7,0.0,14.467408585055644,-70.9090909090909,-76.0,0.0,inf,0.0,27.13310580204778
browser-use,Amazon--23,C8,0.0,-28.934817170111288,-76.36363636363637,-82.0,0.0,inf,0.0,-5.802047781569963
browser-use,Amazon--24,C2,0.0,-17.46384872080089,-76.36363636363637,-82.35294117647058,0.0,inf,0.0,41.329479768786115
browser-use,Amazon--24,C5,0.0,20.467185761957733,0.0,0.0,0.0,0.0,0.0,47.6878612716763
browser-use,Amazon--24,C7,0.0,-10.567296996662959,-76.36363636363637,-82.35294117647058,0.0,inf,0.0,11.560693641618498
browser-use,Amazon--24,C8,0.0,-36.92992213570634,-76.36363636363637,-82.35294117647058,0.0,inf,0.0,56.93641618497109
browser-use,Amazon--25,C2,0.0,33.6986301369863,-75.47169811320755,-81.63265306122449,0.0,inf,0.0,-33.48909657320872
browser-use,Amazon--25,C5,0.0,-1.7808219178082192,7.547169811320755,8.16326530612245,0.0,0.0,0.0,-7.476635514018698
browser-use,Amazon--25,C7,0.0,-8.767123287671232,-71.69811320754717,-77.55102040816327,0.0,inf,0.0,-21.495327102803742
browser-use,Amazon--25,C8,0.0,-5.47945205479452,-71.69811320754717,-77.55102040816327,0.0,inf,0.0,-16.199376947040506
browser-use,Amazon--26,C2,0.0,-0.49067713444553485,-72.22222222222221,-78.0,0.0,inf,0.0,-7.638888888888887
browser-use,Amazon--26,C5,0.0,-32.28655544651619,-7.4074074074074066,-8.0,0.0,0.0,0.0,-2.9513888888888937
browser-use,Amazon--26,C7,0.0,-15.014720314033367,-68.51851851851852,-76.0,0.0,inf,0.0,-2.430555555555553
browser-use,Amazon--26,C8,0.0,-18.449460255152108,-64.81481481481481,-72.0,0.0,inf,0.0,-34.02777777777778
browser-use,Amazon--27,C2,0.0,-30.345572354211665,-71.15384615384616,-77.08333333333334,0.0,inf,0.0,-12.750455373406194
browser-use,Amazon--27,C5,0.0,-27.213822894168466,11.538461538461538,12.5,0.0,0.0,0.0,-12.932604735883427
browser-use,Amazon--27,C7,0.0,-15.226781857451405,-75.0,-83.33333333333334,0.0,inf,0.0,8.925318761384332
browser-use,Amazon--27,C8,0.0,-14.146868250539956,-73.07692307692307,-81.25,0.0,inf,0.0,-24.954462659380685
browser-use,Amazon--28,C2,0.0,-15.167930660888407,-75.92592592592592,-82.0,0.0,inf,0.0,-8.685446009389677
browser-use,Amazon--28,C5,0.0,-3.0335861321776814,5.555555555555555,4.0,0.0,0.0,0.0,-6.338028169014091
browser-use,Amazon--28,C7,0.0,-15.276273022751896,-77.77777777777779,-84.0,0.0,inf,0.0,-11.502347417840372
browser-use,Amazon--28,C8,0.0,-15.492957746478872,-70.37037037037037,-78.0,0.0,inf,0.0,-4.225352112676066
browser-use,Amazon--29,C2,0.0,-4.710920770877944,-74.50980392156863,-80.85106382978722,0.0,inf,0.0,-8.319467554076539
browser-use,Amazon--29,C5,0.0,-13.383297644539615,19.607843137254903,21.27659574468085,0.0,0.0,0.0,-1.1647254575707202
browser-use,Amazon--29,C7,0.0,-10.599571734475374,-74.50980392156863,-80.85106382978722,0.0,inf,0.0,-4.492512479201335
browser-use,Amazon--29,C8,-100.0,17.987152034261243,-70.58823529411765,-76.59574468085107,0.0,inf,0.0,40.76539101497503
browser-use,Amazon--3,C2,0.0,-14.791403286978507,-71.1864406779661,-76.36363636363637,0.0,inf,0.0,-28.757225433526017
browser-use,Amazon--3,C5,0.0,-88.62199747155499,-79.66101694915254,-78.18181818181819,0.0,0.0,0.0,6.647398843930627
browser-use,Amazon--3,C7,0.0,-87.61061946902655,-74.57627118644068,-74.54545454545455,0.0,inf,0.0,-55.202312138728324
browser-use,Amazon--3,C8,0.0,-97.97724399494311,-88.13559322033898,-89.0909090909091,0.0,inf,0.0,-61.56069364161849
browser-use,Amazon--30,C2,0.0,-6.182380216383308,-72.54901960784314,-78.72340425531915,0.0,inf,0.0,-9.335727109515265
browser-use,Amazon--30,C5,0.0,18.701700154559507,1.9607843137254901,2.127659574468085,0.0,0.0,0.0,3.0520646319569043
browser-use,Amazon--30,C7,0.0,-15.765069551777433,-74.50980392156863,-80.85106382978722,0.0,inf,0.0,-14.362657091561939
browser-use,Amazon--30,C8,0.0,-12.982998454404946,-74.50980392156863,-80.85106382978722,0.0,inf,0.0,-17.235188509874327
browser-use,Amazon--31,C2,0.0,0.11086474501108648,-75.47169811320755,-81.63265306122449,0.0,inf,0.0,-9.225700164744648
browser-use,Amazon--31,C5,0.0,-21.507760532150776,3.7735849056603774,4.081632653061225,0.0,0.0,0.0,-20.09884678747941
browser-use,Amazon--31,C7,0.0,3.8802660753880267,-75.47169811320755,-81.63265306122449,0.0,inf,0.0,-3.6243822075782584
browser-use,Amazon--31,C8,0.0,-37.36141906873614,-75.47169811320755,-81.63265306122449,0.0,inf,0.0,-8.237232289950576
browser-use,Amazon--32,C2,0.0,4.183266932270916,-75.47169811320755,-81.25,0.0,inf,0.0,24.873096446700497
browser-use,Amazon--32,C5,0.0,-6.872509960159362,9.433962264150944,12.5,0.0,0.0,0.0,-10.659898477157368
browser-use,Amazon--32,C7,0.0,-36.354581673306775,-71.69811320754717,-77.08333333333334,0.0,inf,0.0,-5.245346869712354
browser-use,Amazon--32,C8,0.0,-38.147410358565736,-75.47169811320755,-81.25,0.0,inf,0.0,-16.07445008460237
browser-use,Amazon--33,C2,0.0,-3.225806451612903,-74.50980392156863,-80.85106382978722,0.0,inf,0.0,40.82125603864734
browser-use,Amazon--33,C5,0.0,86.95014662756599,3.9215686274509802,4.25531914893617,0.0,0.0,0.0,15.70048309178744
browser-use,Amazon--33,C7,0.0,16.862170087976537,-74.50980392156863,-80.85106382978722,0.0,inf,0.0,19.56521739130435
browser-use,Amazon--33,C8,0.0,-12.756598240469208,-76.47058823529412,-82.97872340425532,0.0,inf,0.0,88.8888888888889
browser-use,Amazon--34,C2,0.0,26.57856093979442,-73.07692307692307,-81.25,0.0,inf,0.0,5.601659751037335
browser-use,Amazon--34,C5,0.0,-1.4684287812041115,1.9230769230769231,2.083333333333333,0.0,0.0,0.0,19.08713692946057
browser-use,Amazon--34,C7,0.0,12.62848751835536,-69.23076923076923,-77.08333333333334,0.0,inf,0.0,-16.59751037344398
browser-use,Amazon--34,C8,0.0,25.25697503671072,-69.23076923076923,-77.08333333333334,0.0,inf,0.0,-5.60165975103735
browser-use,Amazon--35,C2,0.0,54.96264674493063,-71.69811320754717,-79.16666666666666,0.0,inf,0.0,50.245098039215684
browser-use,Amazon--35,C5,0.0,3.3084311632870866,11.320754716981133,14.583333333333334,0.0,0.0,0.0,8.57843137254902
browser-use,Amazon--35,C7,0.0,-9.6051227321238,-73.58490566037736,-81.25,0.0,inf,0.0,-13.480392156862747
browser-use,Amazon--35,C8,0.0,0.21344717182497333,-73.58490566037736,-81.25,0.0,inf,0.0,21.078431372549026
browser-use,Amazon--36,C2,0.0,-18.415841584158414,-76.36363636363637,-82.35294117647058,0.0,inf,0.0,17.3913043478261
browser-use,Amazon--36,C5,0.0,-29.207920792079207,-3.6363636363636362,-3.9215686274509802,0.0,0.0,0.0,11.594202898550728
browser-use,Amazon--36,C7,0.0,-23.762376237623762,-76.36363636363637,-82.35294117647058,0.0,inf,0.0,13.457556935817806
browser-use,Amazon--36,C8,0.0,-13.663366336633665,-76.36363636363637,-82.35294117647058,0.0,inf,0.0,13.250517598343697
browser-use,Amazon--37,C2,0.0,-22.67050912584054,-75.0,-81.25,0.0,inf,0.0,-26.25570776255708
browser-use,Amazon--37,C5,0.0,-11.047070124879923,17.307692307692307,18.75,0.0,0.0,0.0,-17.808219178082187
browser-use,Amazon--37,C7,0.0,-21.709894332372716,-71.15384615384616,-77.08333333333334,0.0,inf,0.0,-5.936073059360718
browser-use,Amazon--37,C8,0.0,-12.87223823246878,-76.92307692307693,-83.33333333333334,0.0,inf,0.0,34.93150684931508
browser-use,Amazon--38,C2,0.0,-12.852664576802509,-73.21428571428571,-78.84615384615384,0.0,inf,0.0,-27.087576374745424
browser-use,Amazon--38,C5,0.0,-1.5673981191222568,-1.7857142857142856,-1.9230769230769231,0.0,0.0,0.0,-21.384928716904277
browser-use,Amazon--38,C7,0.0,-12.852664576802509,-75.0,-80.76923076923077,0.0,inf,0.0,-34.01221995926681
browser-use,Amazon--38,C8,0.0,-13.688610240334379,-73.21428571428571,-78.84615384615384,0.0,inf,0.0,3.258655804480654
browser-use,Amazon--39,C2,0.0,33.82352941176471,-71.69811320754717,-79.59183673469387,0.0,inf,0.0,-21.825396825396826
browser-use,Amazon--39,C5,0.0,51.3235294117647,3.7735849056603774,4.081632653061225,0.0,0.0,0.0,17.857142857142858
browser-use,Amazon--39,C7,0.0,42.64705882352941,-73.58490566037736,-81.63265306122449,0.0,inf,0.0,7.7380952380952355
browser-use,Amazon--39,C8,0.0,57.79411764705882,-69.81132075471697,-75.51020408163265,0.0,inf,0.0,-6.7460317460317425
browser-use,Amazon--4,C2,0.0,-11.846153846153847,-75.47169811320755,-81.63265306122449,0.0,inf,0.0,1.9950124688279232
browser-use,Amazon--4,C5,0.0,14.615384615384617,13.20754716981132,14.285714285714285,0.0,0.0,0.0,-2.743142144638407
browser-use,Amazon--4,C7,0.0,-15.692307692307692,-75.47169811320755,-81.63265306122449,0.0,inf,0.0,13.466334164588526
browser-use,Amazon--4,C8,0.0,3.3846153846153846,-75.47169811320755,-81.63265306122449,0.0,inf,0.0,14.214463840398992
browser-use,Amazon--40,C2,0.0,-14.324817518248176,-74.54545454545455,-82.35294117647058,0.0,inf,0.0,26.510721247563374
browser-use,Amazon--40,C5,0.0,-6.1131386861313874,9.090909090909092,7.8431372549019605,0.0,0.0,0.0,23.976608187134513
browser-use,Amazon--40,C7,0.0,-34.48905109489051,-76.36363636363637,-82.35294117647058,0.0,inf,0.0,11.890838206627684
browser-use,Amazon--40,C8,0.0,-14.5985401459854,-74.54545454545455,-82.35294117647058,0.0,inf,0.0,4.873294346978558
browser-use,Amazon--5,C2,0.0,-89.9789029535865,-77.19298245614034,-77.35849056603774,0.0,inf,0.0,-2.4242424242424154
browser-use,Amazon--5,C5,0.0,-19.936708860759495,-21.052631578947366,-15.09433962264151,0.0,0.0,0.0,37.57575757575757
browser-use,Amazon--5,C7,0.0,-89.9789029535865,-77.19298245614034,-77.35849056603774,0.0,inf,0.0,-51.36363636363637
browser-use,Amazon--5,C8,0.0,-26.265822784810126,-50.877192982456144,-47.16981132075472,inf,inf,0.0,40.00000000000001
browser-use,Amazon--6,C2,0.0,-44.206426484907496,-75.47169811320755,-81.63265306122449,0.0,inf,0.0,-10.854092526690394
browser-use,Amazon--6,C5,0.0,-27.75073028237585,0.0,0.0,0.0,0.0,0.0,-15.480427046263348
browser-use,Amazon--6,C7,0.0,-9.834469328140214,-66.0377358490566,-71.42857142857143,0.0,inf,0.0,3.736654804270452
browser-use,Amazon--6,C8,0.0,-24.732229795520936,-75.47169811320755,-81.63265306122449,0.0,inf,0.0,-15.124555160142346
browser-use,Amazon--7,C2,100.0,inf,inf,inf,0.0,inf,0.0,
browser-use,Amazon--7,C5,100.0,inf,inf,inf,0.0,0.0,0.0,
browser-use,Amazon--7,C7,100.0,inf,inf,inf,0.0,inf,0.0,
browser-use,Amazon--7,C8,100.0,inf,inf,inf,0.0,inf,0.0,
browser-use,Amazon--8,C2,0.0,-22.772277227722775,-75.0,-81.25,0.0,inf,0.0,-22.14022140221402
browser-use,Amazon--8,C5,0.0,-7.213578500707214,5.769230769230769,6.25,0.0,0.0,0.0,-6.642066420664208
browser-use,Amazon--8,C7,0.0,14.71004243281471,-75.0,-81.25,0.0,inf,0.0,-13.837638376383762
browser-use,Amazon--8,C8,0.0,-18.387553041018386,-76.92307692307693,-83.33333333333334,0.0,inf,0.0,-3.5055350553505638
browser-use,Amazon--9,C2,0.0,-12.512716174974567,-77.77777777777779,-84.0,0.0,inf,0.0,-14.915966386554624
browser-use,Amazon--9,C5,0.0,-31.33265513733469,1.8518518518518516,2.0,0.0,0.0,0.0,-17.01680672268908
browser-use,Amazon--9,C7,0.0,-10.376398779247202,-75.92592592592592,-82.0,0.0,inf,0.0,-6.51260504201681
browser-use,Amazon--9,C8,0.0,-12.207527975584945,-75.92592592592592,-82.0,0.0,inf,0.0,-39.28571428571429
browser-use,Apple--0,C2,0.0,38.53211009174312,0.0,0.0,0.0,0.0,0.0,26.10062893081761
browser-use,Apple--0,C5,0.0,25.229357798165136,0.0,0.0,0.0,0.0,0.0,32.075471698113205
browser-use,Apple--0,C7,0.0,-8.715596330275229,0.0,0.0,0.0,0.0,0.0,10.37735849056604
browser-use,Apple--0,C8,0.0,32.11009174311927,25.0,20.0,0.0,0.0,0.0,58.80503144654088
browser-use,Apple--1,C2,0.0,-57.399103139013455,-7.6923076923076925,22.22222222222222,0.0,inf,0.0,-46.017699115044245
browser-use,Apple--1,C5,0.0,241.2556053811659,46.15384615384615,66.66666666666666,0.0,0.0,0.0,20.707964601769916
browser-use,Apple--1,C7,0.0,-80.71748878923766,0.0,22.22222222222222,0.0,inf,0.0,-42.30088495575221
browser-use,Apple--1,C8,0.0,-75.7847533632287,-46.15384615384615,-44.44444444444444,0.0,0.0,0.0,-48.14159292035398
browser-use,Apple--10,C2,0.0,-93.94347240915208,-50.0,-40.0,0.0,inf,0.0,-38.65814696485623
browser-use,Apple--10,C5,0.0,-68.371467025572,-55.00000000000001,-53.333333333333336,0.0,0.0,0.0,-58.46645367412141
browser-use,Apple--10,C7,0.0,-86.94481830417227,-40.0,-26.666666666666668,0.0,inf,0.0,-14.217252396166133
browser-use,Apple--10,C8,0.0,-90.57873485868102,-40.0,-26.666666666666668,inf,inf,0.0,-8.945686900958469
browser-use,Apple--11,C2,0.0,-91.06145251396647,0.0,50.0,0.0,inf,0.0,71.03004291845494
browser-use,Apple--11,C5,0.0,-59.40409683426443,20.0,50.0,0.0,0.0,0.0,-17.167381974248926
browser-use,Apple--11,C7,0.0,-28.305400372439475,0.0,0.0,0.0,0.0,0.0,-24.46351931330472
browser-use,Apple--11,C8,0.0,-55.679702048417134,-20.0,-16.666666666666664,0.0,0.0,0.0,-24.248927038626615
browser-use,Apple--12,C2,0.0,-20.32520325203252,0.0,40.0,0.0,0.0,0.0,-51.6728624535316
browser-use,Apple--12,C5,0.0,30.89430894308943,18.181818181818183,80.0,0.0,0.0,0.0,1.858736059479554
browser-use,Apple--12,C7,0.0,-22.76422764227642,9.090909090909092,120.0,0.0,inf,0.0,188.47583643122675
browser-use,Apple--12,C8,0.0,-1.6260162601626018,0.0,0.0,0.0,0.0,0.0,-44.609665427509285
browser-use,Apple--13,C2,0.0,-94.28857715430861,-67.56756756756756,-67.64705882352942,0.0,inf,0.0,-26.05304212168486
browser-use,Apple--13,C5,0.0,-39.879759519038075,-54.054054054054056,-61.76470588235294,0.0,0.0,0.0,-47.893915756630264
browser-use,Apple--13,C7,0.0,-85.87174348697395,-62.16216216216216,-61.76470588235294,0.0,inf,0.0,-1.560062402496089
browser-use,Apple--13,C8,0.0,-92.08416833667334,-67.56756756756756,-67.64705882352942,inf,inf,0.0,-68.95475819032761
browser-use,Apple--14,C2,0.0,-20.13201320132013,0.0,0.0,0.0,0.0,0.0,8.656716417910443
browser-use,Apple--14,C5,0.0,39.273927392739274,30.0,50.0,0.0,0.0,0.0,7.76119402985075
browser-use,Apple--14,C7,0.0,-86.46864686468648,0.0,50.0,0.0,inf,0.0,119.10447761194033
browser-use,Apple--14,C8,0.0,14.521452145214523,0.0,0.0,0.0,0.0,0.0,19.402985074626866
browser-use,Apple--15,C2,0.0,-85.42372881355932,0.0,50.0,0.0,inf,0.0,137.06293706293704
browser-use,Apple--15,C5,0.0,8.813559322033898,0.0,0.0,0.0,0.0,0.0,34.26573426573425
browser-use,Apple--15,C7,0.0,-84.06779661016948,0.0,50.0,0.0,inf,0.0,140.9090909090909
browser-use,Apple--15,C8,0.0,7.796610169491526,10.0,16.666666666666664,0.0,0.0,0.0,23.776223776223766
browser-use,Apple--16,C2,0.0,12.5,-11.11111111111111,0.0,0.0,0.0,0.0,20.408163265306122
browser-use,Apple--16,C5,0.0,31.61764705882353,11.11111111111111,20.0,0.0,0.0,0.0,15.98639455782314
browser-use,Apple--16,C7,0.0,25.0,33.33333333333333,80.0,0.0,inf,0.0,8.843537414965992
browser-use,Apple--16,C8,0.0,72.79411764705883,11.11111111111111,60.0,0.0,0.0,0.0,22.789115646258516
browser-use,Apple--17,C2,0.0,-13.768115942028986,9.090909090909092,28.57142857142857,0.0,0.0,0.0,8.305647840531561
browser-use,Apple--17,C5,0.0,-6.521739130434782,9.090909090909092,28.57142857142857,0.0,0.0,0.0,13.621262458471763
browser-use,Apple--17,C7,0.0,-19.565217391304348,9.090909090909092,28.57142857142857,0.0,0.0,0.0,47.84053156146179
browser-use,Apple--17,C8,0.0,-67.02898550724638,-27.27272727272727,-28.57142857142857,0.0,0.0,0.0,19.26910299003321
browser-use,Apple--18,C2,0.0,-89.06666666666668,-74.46808510638297,-75.55555555555556,0.0,inf,0.0,-19.851116625310176
browser-use,Apple--18,C5,0.0,-61.6,-74.46808510638297,-77.77777777777779,0.0,0.0,0.0,-30.024813895781634
browser-use,Apple--18,C7,0.0,-74.66666666666667,-72.3404255319149,-73.33333333333333,0.0,inf,0.0,-21.091811414392055
browser-use,Apple--18,C8,0.0,-81.33333333333333,-82.97872340425532,-86.66666666666667,0.0,0.0,0.0,-36.47642679900744
browser-use,Apple--19,C2,0.0,-12.204724409448819,-33.33333333333333,-44.44444444444444,0.0,0.0,0.0,2.4064171122994615
browser-use,Apple--19,C5,0.0,-19.68503937007874,-33.33333333333333,-44.44444444444444,0.0,0.0,0.0,11.764705882352938
browser-use,Apple--19,C7,0.0,42.51968503937008,-16.666666666666664,-33.33333333333333,0.0,0.0,0.0,-5.614973262032089
browser-use,Apple--19,C8,0.0,-28.74015748031496,-33.33333333333333,-44.44444444444444,0.0,0.0,0.0,-21.657754010695182
browser-use,Apple--2,C2,0.0,-16.666666666666664,0.0,0.0,0.0,inf,0.0,11.171171171171176
browser-use,Apple--2,C5,0.0,-18.46846846846847,-11.11111111111111,-16.666666666666664,0.0,0.0,0.0,-16.75675675675675
browser-use,Apple--2,C7,0.0,-24.774774774774773,-11.11111111111111,-16.666666666666664,0.0,0.0,0.0,-32.612612612612615
browser-use,Apple--2,C8,0.0,26.126126126126124,11.11111111111111,0.0,0.0,0.0,0.0,-24.68468468468469
browser-use,Apple--20,C2,0.0,-88.82978723404256,-85.04672897196261,-85.98130841121495,0.0,inf,0.0,-44.207723035952064
browser-use,Apple--20,C5,0.0,-18.768996960486323,-36.44859813084112,-36.44859813084112,0.0,0.0,0.0,-21.038615179760317
browser-use,Apple--20,C7,0.0,-88.75379939209726,-87.85046728971963,-87.85046728971963,0.0,inf,0.0,-13.581890812250318
browser-use,Apple--20,C8,0.0,-55.77507598784195,-85.98130841121495,-85.98130841121495,0.0,inf,0.0,-40.07989347536618
browser-use,Apple--21,C2,0.0,-34.62603878116344,-20.0,-16.666666666666664,0.0,0.0,0.0,-1.4545454545454493
browser-use,Apple--21,C5,0.0,-9.695290858725762,40.0,66.66666666666666,0.0,0.0,0.0,44.72727272727271
browser-use,Apple--21,C7,0.0,-28.53185595567867,-20.0,-16.666666666666664,0.0,0.0,0.0,13.454545454545453
browser-use,Apple--21,C8,0.0,-40.99722991689751,-20.0,-16.666666666666664,0.0,0.0,0.0,-36.36363636363637
browser-use,Apple--22,C2,0.0,-35.625,12.5,16.666666666666664,0.0,0.0,0.0,142.61363636363635
browser-use,Apple--22,C5,0.0,28.125,25.0,0.0,0.0,0.0,0.0,61.931818181818166
browser-use,Apple--22,C7,0.0,-42.5,0.0,0.0,0.0,0.0,0.0,97.1590909090909
browser-use,Apple--22,C8,0.0,-42.5,0.0,0.0,0.0,0.0,0.0,87.49999999999999
browser-use,Apple--23,C2,0.0,0.5494505494505495,0.0,0.0,0.0,0.0,0.0,-27.173913043478258
browser-use,Apple--23,C5,0.0,0.5494505494505495,0.0,0.0,0.0,0.0,0.0,-44.565217391304344
browser-use,Apple--23,C7,0.0,58.24175824175825,11.11111111111111,0.0,0.0,0.0,0.0,1.8115942028985508
browser-use,Apple--23,C8,0.0,-20.32967032967033,-11.11111111111111,-16.666666666666664,0.0,0.0,0.0,-43.47826086956522
browser-use,Apple--24,C2,0.0,-16.615384615384617,-10.0,0.0,0.0,0.0,0.0,-12.500000000000005
browser-use,Apple--24,C5,0.0,2.769230769230769,60.0,100.0,0.0,0.0,0.0,41.477272727272705
browser-use,Apple--24,C7,0.0,-72.0,10.0,66.66666666666666,0.0,inf,0.0,-18.181818181818183
browser-use,Apple--24,C8,0.0,-40.92307692307692,-20.0,-16.666666666666664,0.0,0.0,0.0,-15.056818181818194
browser-use,Apple--25,C2,0.0,44.84848484848485,0.0,16.666666666666664,0.0,0.0,0.0,-36.81318681318681
browser-use,Apple--25,C5,0.0,40.60606060606061,-10.0,0.0,0.0,0.0,0.0,-6.318681318681311
browser-use,Apple--25,C7,0.0,15.151515151515152,-10.0,-16.666666666666664,0.0,0.0,0.0,-12.362637362637363
browser-use,Apple--25,C8,0.0,-9.090909090909092,0.0,0.0,0.0,0.0,0.0,-26.923076923076916
browser-use,Apple--26,C2,0.0,-87.76119402985074,-25.0,0.0,0.0,inf,0.0,18.414322250639376
browser-use,Apple--26,C5,0.0,-22.98507462686567,-8.333333333333332,12.5,0.0,0.0,0.0,-4.347826086956529
browser-use,Apple--26,C7,0.0,6.567164179104477,-16.666666666666664,-25.0,0.0,0.0,0.0,-27.621483375959084
browser-use,Apple--26,C8,0.0,-37.61194029850746,-33.33333333333333,-37.5,0.0,0.0,0.0,-19.18158567774936
browser-use,Apple--27,C2,0.0,-83.33333333333334,-16.666666666666664,12.5,0.0,inf,0.0,135.95890410958907
browser-use,Apple--27,C5,0.0,-10.144927536231885,25.0,50.0,0.0,0.0,0.0,23.630136986301377
browser-use,Apple--27,C7,0.0,-27.173913043478258,-16.666666666666664,-12.5,0.0,0.0,0.0,-8.219178082191776
browser-use,Apple--27,C8,0.0,19.565217391304348,-25.0,-25.0,0.0,0.0,0.0,25.000000000000007
browser-use,Apple--28,C2,0.0,-83.01886792452831,-15.384615384615385,0.0,0.0,inf,0.0,3.030303030303019
browser-use,Apple--28,C5,0.0,49.81132075471698,-30.76923076923077,-40.0,0.0,0.0,0.0,-15.656565656565663
browser-use,Apple--28,C7,0.0,-85.66037735849056,-23.076923076923077,-10.0,0.0,inf,0.0,75.50505050505049
browser-use,Apple--28,C8,0.0,29.433962264150942,-30.76923076923077,-40.0,0.0,0.0,0.0,-6.565656565656569
browser-use,Apple--29,C2,0.0,-4.838709677419355,0.0,0.0,0.0,0.0,0.0,33.33333333333334
browser-use,Apple--29,C5,0.0,-36.45161290322581,0.0,0.0,0.0,0.0,0.0,16.877637130801688
browser-use,Apple--29,C7,0.0,-2.903225806451613,0.0,0.0,0.0,0.0,0.0,25.31645569620253
browser-use,Apple--29,C8,0.0,-67.0967741935484,-12.5,0.0,0.0,0.0,0.0,-4.641350210970455
browser-use,Apple--3,C2,0.0,-97.1195992485911,-95.25862068965517,-95.19650655021834,0.0,inf,0.0,-21.16504854368932
browser-use,Apple--3,C5,0.0,-57.7958672510958,-93.96551724137932,-95.19650655021834,0.0,0.0,0.0,-10.48543689320388
browser-use,Apple--3,C7,0.0,-96.36819035691923,-95.25862068965517,-95.63318777292577,0.0,inf,0.0,44.66019417475729
browser-use,Apple--3,C8,0.0,-94.05134627426425,-96.55172413793103,-97.37991266375546,inf,0.0,0.0,13.39805825242718
browser-use,Apple--30,C2,0.0,-5.538461538461538,-28.57142857142857,-40.0,0.0,0.0,0.0,-3.0136986301369904
browser-use,Apple--30,C5,0.0,-23.384615384615383,-42.857142857142854,-50.0,0.0,0.0,0.0,-13.15068493150685
browser-use,Apple--30,C7,0.0,16.307692307692307,-28.57142857142857,-40.0,0.0,0.0,0.0,0.5479452054794599
browser-use,Apple--30,C8,0.0,-22.153846153846153,-28.57142857142857,-40.0,0.0,0.0,0.0,-17.80821917808219
browser-use,Apple--31,C2,0.0,-73.91304347826086,25.0,80.0,0.0,inf,0.0,181.71641791044777
browser-use,Apple--31,C5,0.0,294.5652173913044,125.0,220.00000000000003,0.0,0.0,0.0,87.3134328358209
browser-use,Apple--31,C7,0.0,23.369565217391305,12.5,20.0,0.0,0.0,0.0,-23.507462686567166
browser-use,Apple--31,C8,0.0,-17.934782608695652,-12.5,0.0,0.0,0.0,0.0,-10.447761194029853
browser-use,Apple--32,C2,0.0,-76.68711656441718,11.11111111111111,50.0,0.0,inf,0.0,-0.673400673400671
browser-use,Apple--32,C5,0.0,0.6134969325153374,33.33333333333333,66.66666666666666,0.0,0.0,0.0,70.70707070707071
browser-use,Apple--32,C7,0.0,-3.6809815950920246,11.11111111111111,16.666666666666664,0.0,0.0,0.0,2.3569023569023546
browser-use,Apple--32,C8,0.0,-43.558282208588956,-11.11111111111111,0.0,0.0,0.0,0.0,31.313131313131315
browser-use,Apple--33,C2,0.0,-79.34936350777934,-23.52941176470588,-14.285714285714285,0.0,inf,0.0,-32.45382585751978
browser-use,Apple--33,C5,0.0,1.6973125884016973,-5.88235294117647,-7.142857142857142,0.0,0.0,0.0,-5.0131926121372
browser-use,Apple--33,C7,0.0,-93.21074964639321,-35.294117647058826,-35.714285714285715,0.0,inf,0.0,87.07124010554091
browser-use,Apple--33,C8,0.0,-88.82602545968882,-35.294117647058826,-28.57142857142857,inf,inf,0.0,40.63324538258575
browser-use,Apple--34,C2,0.0,-57.847533632286996,0.0,22.22222222222222,0.0,inf,0.0,-52.39786856127886
browser-use,Apple--34,C5,0.0,113.45291479820628,25.0,33.33333333333333,0.0,0.0,0.0,-3.9076376554173993
browser-use,Apple--34,C7,0.0,-78.02690582959642,-8.333333333333332,11.11111111111111,0.0,inf,0.0,-32.32682060390763
browser-use,Apple--34,C8,0.0,-18.83408071748879,-16.666666666666664,-33.33333333333333,inf,0.0,0.0,-51.15452930728242
browser-use,Apple--35,C2,0.0,-43.75,25.0,40.0,0.0,0.0,0.0,39.338235294117645
browser-use,Apple--35,C5,0.0,102.08333333333333,62.5,80.0,0.0,0.0,0.0,104.77941176470588
browser-use,Apple--35,C7,0.0,76.04166666666666,37.5,40.0,0.0,0.0,0.0,89.70588235294119
browser-use,Apple--35,C8,0.0,81.25,37.5,40.0,0.0,0.0,0.0,48.89705882352941
browser-use,Apple--36,C2,0.0,-61.065573770491795,-20.0,66.66666666666666,0.0,inf,0.0,-22.25130890052357
browser-use,Apple--36,C5,0.0,-30.327868852459016,-53.333333333333336,-16.666666666666664,0.0,0.0,0.0,4.712041884816746
browser-use,Apple--36,C7,0.0,-25.0,0.0,0.0,0.0,0.0,0.0,9.947643979057585
browser-use,Apple--36,C8,0.0,-25.0,-33.33333333333333,0.0,0.0,0.0,0.0,-16.753926701570684
browser-use,Apple--37,C2,0.0,-94.64033850493652,-35.294117647058826,-33.33333333333333,0.0,inf,0.0,-55.71030640668524
browser-use,Apple--37,C5,0.0,4.231311706629055,0.0,0.0,0.0,0.0,0.0,6.685236768802224
browser-use,Apple--37,C7,0.0,-91.67842031029619,-35.294117647058826,-40.0,0.0,inf,0.0,-41.22562674094707
browser-use,Apple--37,C8,0.0,-89.13963328631876,-35.294117647058826,-33.33333333333333,inf,inf,0.0,-67.1309192200557
browser-use,Apple--38,C2,0.0,-85.65573770491804,-31.57894736842105,-25.0,0.0,inf,0.0,19.34959349593497
browser-use,Apple--38,C5,0.0,-63.52459016393443,-31.57894736842105,-37.5,0.0,0.0,0.0,-21.300813008130085
browser-use,Apple--38,C7,0.0,-93.71584699453553,-42.10526315789473,-37.5,0.0,inf,0.0,12.682926829268288
browser-use,Apple--38,C8,0.0,-81.28415300546447,-63.1578947368421,-68.75,0.0,0.0,0.0,-34.63414634146341
browser-use,Apple--39,C2,0.0,-79.53890489913545,-50.0,-56.25,0.0,0.0,0.0,-37.37574552683896
browser-use,Apple--39,C5,0.0,-30.11527377521614,45.45454545454545,87.5,0.0,0.0,0.0,-56.85884691848907
browser-use,Apple--39,C7,0.0,-77.08933717579251,-31.818181818181817,-25.0,0.0,inf,0.0,-47.31610337972167
browser-use,Apple--39,C8,0.0,-89.62536023054754,-54.54545454545454,-43.75,inf,inf,0.0,-61.431411530815105
browser-use,Apple--4,C2,0.0,-2.0689655172413794,20.0,33.33333333333333,0.0,0.0,0.0,58.65102639296187
browser-use,Apple--4,C5,0.0,168.6206896551724,70.0,133.33333333333331,0.0,0.0,0.0,60.410557184750736
browser-use,Apple--4,C7,0.0,-80.6896551724138,0.0,50.0,0.0,inf,0.0,27.859237536656888
browser-use,Apple--4,C8,0.0,-71.72413793103448,20.0,83.33333333333334,inf,inf,0.0,-26.97947214076247
browser-use,Apple--40,C2,0.0,-26.589595375722542,-36.36363636363637,-44.44444444444444,0.0,0.0,0.0,-39.751552795031046
browser-use,Apple--40,C5,0.0,-24.277456647398843,-27.27272727272727,-44.44444444444444,0.0,0.0,0.0,-30.848861283643892
browser-use,Apple--40,C7,0.0,-42.19653179190752,-36.36363636363637,-44.44444444444444,0.0,0.0,0.0,-34.36853002070393
browser-use,Apple--40,C8,0.0,-10.982658959537572,-36.36363636363637,-44.44444444444444,0.0,0.0,0.0,-23.80952380952381
browser-use,Apple--41,C2,0.0,35.87301587301587,-20.0,-20.0,0.0,0.0,0.0,15.45253863134658
browser-use,Apple--41,C5,0.0,1.2698412698412698,-6.666666666666667,0.0,0.0,0.0,0.0,21.192052980132456
browser-use,Apple--41,C7,0.0,-55.55555555555556,-6.666666666666667,30.0,0.0,inf,0.0,-43.70860927152317
browser-use,Apple--41,C8,0.0,-74.60317460317461,-13.333333333333334,20.0,inf,inf,0.0,-52.75938189845475
browser-use,Apple--42,C2,0.0,-24.363636363636363,-20.0,-28.57142857142857,0.0,0.0,0.0,-22.47619047619047
browser-use,Apple--42,C5,0.0,-40.36363636363636,0.0,0.0,0.0,0.0,0.0,-20.571428571428566
browser-use,Apple--42,C7,0.0,3.272727272727273,0.0,-14.285714285714285,0.0,0.0,0.0,-32.57142857142858
browser-use,Apple--42,C8,0.0,-17.09090909090909,-20.0,-28.57142857142857,0.0,0.0,0.0,-24.952380952380956
browser-use,Apple--5,C2,0.0,-89.90196078431373,-70.73170731707317,-73.17073170731707,0.0,inf,0.0,-1.7676767676767748
browser-use,Apple--5,C5,0.0,-21.666666666666668,19.51219512195122,12.195121951219512,0.0,0.0,0.0,4.797979797979794
browser-use,Apple--5,C7,0.0,-86.47058823529412,-63.41463414634146,-65.85365853658537,0.0,inf,0.0,83.08080808080808
browser-use,Apple--5,C8,0.0,-81.66666666666667,-73.17073170731707,-82.92682926829268,inf,0.0,0.0,-1.2626262626262625
browser-use,Apple--6,C2,0.0,-23.076923076923077,-11.11111111111111,-16.666666666666664,0.0,0.0,0.0,-15.419501133786856
browser-use,Apple--6,C5,0.0,-22.596153846153847,-11.11111111111111,-16.666666666666664,0.0,0.0,0.0,-32.426303854875286
browser-use,Apple--6,C7,0.0,-27.403846153846157,-11.11111111111111,-16.666666666666664,0.0,0.0,0.0,-26.984126984126984
browser-use,Apple--6,C8,0.0,-19.230769230769234,-11.11111111111111,-16.666666666666664,0.0,0.0,0.0,-8.843537414965983
browser-use,Apple--7,C2,0.0,-88.18297331639135,-80.0,-81.81818181818183,0.0,inf,0.0,-0.7473841554559043
browser-use,Apple--7,C5,0.0,2.5412960609911055,-16.363636363636363,-21.818181818181817,0.0,0.0,0.0,-8.669656203288497
browser-use,Apple--7,C7,0.0,-88.43710292249047,-78.18181818181819,-80.0,0.0,inf,0.0,-58.44544095665173
browser-use,Apple--7,C8,0.0,-85.89580686149937,-80.0,-87.27272727272727,inf,inf,0.0,-65.47085201793722
browser-use,Apple--8,C2,0.0,-82.4742268041237,8.333333333333332,33.33333333333333,0.0,inf,0.0,97.36211031175058
browser-use,Apple--8,C5,0.0,106.18556701030928,33.33333333333333,44.44444444444444,0.0,0.0,0.0,-8.393285371702637
browser-use,Apple--8,C7,0.0,-43.986254295532646,8.333333333333332,33.33333333333333,0.0,inf,0.0,51.55875299760192
browser-use,Apple--8,C8,0.0,-35.051546391752574,-25.0,-33.33333333333333,inf,0.0,0.0,-38.36930455635492
browser-use,Apple--9,C2,0.0,-10.9717868338558,-9.090909090909092,-14.285714285714285,0.0,0.0,0.0,29.539295392953928
browser-use,Apple--9,C5,0.0,-16.927899686520377,-9.090909090909092,-14.285714285714285,0.0,0.0,0.0,31.978319783197843
browser-use,Apple--9,C7,0.0,-12.852664576802509,-9.090909090909092,-14.285714285714285,0.0,0.0,0.0,12.73712737127372
browser-use,Apple--9,C8,0.0,-0.6269592476489028,0.0,-14.285714285714285,0.0,0.0,0.0,27.642276422764233
browser-use,ArXiv--0,C2,0.0,19.51219512195122,30.0,50.0,0.0,inf,0.0,-8.121212121212125
browser-use,ArXiv--0,C5,0.0,68.29268292682927,20.0,25.0,0.0,0.0,0.0,6.909090909090912
browser-use,ArXiv--0,C7,0.0,-35.36585365853659,0.0,0.0,0.0,0.0,0.0,-30.06060606060606
browser-use,ArXiv--0,C8,0.0,-4.878048780487805,20.0,25.0,0.0,0.0,0.0,-26.060606060606062
browser-use,ArXiv--1,C2,0.0,-5.357142857142857,0.0,0.0,0.0,0.0,0.0,33.13896987366374
browser-use,ArXiv--1,C5,0.0,8.928571428571429,-16.666666666666664,-20.0,0.0,0.0,0.0,-36.73469387755103
browser-use,ArXiv--1,C7,0.0,-12.5,-16.666666666666664,-20.0,0.0,0.0,0.0,-72.10884353741497
browser-use,ArXiv--1,C8,0.0,-3.571428571428571,0.0,0.0,0.0,0.0,0.0,16.326530612244895
browser-use,ArXiv--10,C2,0.0,-12.295081967213115,-11.11111111111111,-13.333333333333334,0.0,0.0,0.0,-43.33333333333333
browser-use,ArXiv--10,C5,0.0,10.655737704918032,0.0,0.0,0.0,0.0,0.0,84.44444444444443
browser-use,ArXiv--10,C7,0.0,-14.754098360655737,-27.77777777777778,-20.0,0.0,inf,0.0,120.37037037037037
browser-use,ArXiv--10,C8,0.0,-89.34426229508196,-66.66666666666666,-60.0,inf,0.0,0.0,-32.962962962962955
browser-use,ArXiv--11,C2,0.0,-91.76470588235294,-38.88888888888889,-38.88888888888889,0.0,inf,0.0,101.68067226890756
browser-use,ArXiv--11,C5,0.0,0.6722689075630253,66.66666666666666,66.66666666666666,0.0,0.0,0.0,12.885154061624633
browser-use,ArXiv--11,C7,0.0,-76.80672268907564,-5.555555555555555,-16.666666666666664,0.0,0.0,0.0,28.011204481792717
browser-use,ArXiv--11,C8,0.0,-86.72268907563026,-33.33333333333333,-33.33333333333333,inf,inf,0.0,48.17927170868346
browser-use,ArXiv--12,C2,0.0,-25.0,-38.88888888888889,-33.33333333333333,0.0,inf,0.0,24.852071005917146
browser-use,ArXiv--12,C5,0.0,20.161290322580644,0.0,0.0,0.0,0.0,0.0,0.3944773175542322
browser-use,ArXiv--12,C7,0.0,-66.93548387096774,-44.44444444444444,-40.0,0.0,inf,0.0,52.46548323471399
browser-use,ArXiv--12,C8,0.0,-34.67741935483871,-22.22222222222222,-26.666666666666668,inf,0.0,0.0,-25.83826429980276
browser-use,ArXiv--13,C2,0.0,26.08695652173913,0.0,0.0,0.0,0.0,0.0,37.4331550802139
browser-use,ArXiv--13,C5,0.0,6.521739130434782,0.0,0.0,0.0,0.0,0.0,53.475935828877006
browser-use,ArXiv--13,C7,0.0,43.47826086956522,0.0,0.0,0.0,0.0,0.0,58.28877005347594
browser-use,ArXiv--13,C8,0.0,26.08695652173913,0.0,0.0,0.0,0.0,0.0,29.946524064171133
browser-use,ArXiv--14,C2,0.0,-2.631578947368421,0.0,0.0,0.0,0.0,0.0,80.31496062992126
browser-use,ArXiv--14,C5,0.0,10.526315789473683,0.0,0.0,0.0,0.0,0.0,144.88188976377955
browser-use,ArXiv--14,C7,0.0,10.526315789473683,0.0,0.0,0.0,0.0,0.0,56.29921259842522
browser-use,ArXiv--14,C8,0.0,-5.263157894736842,0.0,0.0,0.0,0.0,0.0,16.535433070866155
browser-use,ArXiv--15,C2,0.0,-66.91176470588235,-37.5,-42.857142857142854,0.0,0.0,0.0,-7.518796992481203
browser-use,ArXiv--15,C5,0.0,-42.64705882352941,12.5,7.142857142857142,0.0,0.0,0.0,151.8796992481203
browser-use,ArXiv--15,C7,0.0,-65.44117647058823,-25.0,-28.57142857142857,0.0,0.0,0.0,0.5012531328320874
browser-use,ArXiv--15,C8,0.0,-67.64705882352942,-25.0,-28.57142857142857,0.0,0.0,0.0,-4.010025062656646
browser-use,ArXiv--16,C2,0.0,3.75,-15.384615384615385,-18.181818181818183,0.0,0.0,0.0,88.95027624309392
browser-use,ArXiv--16,C5,0.0,3.75,-15.384615384615385,-18.181818181818183,0.0,0.0,0.0,32.596685082872916
browser-use,ArXiv--16,C7,0.0,2.5,-15.384615384615385,-18.181818181818183,0.0,0.0,0.0,-2.209944751381227
browser-use,ArXiv--16,C8,0.0,5.0,0.0,0.0,0.0,0.0,0.0,-19.337016574585643
browser-use,ArXiv--17,C2,0.0,-84.78632478632478,-42.10526315789473,-41.17647058823529,0.0,inf,0.0,28.296703296703306
browser-use,ArXiv--17,C5,0.0,8.717948717948717,10.526315789473683,11.76470588235294,0.0,0.0,0.0,71.15384615384616
browser-use,ArXiv--17,C7,0.0,-84.27350427350427,-42.10526315789473,-41.17647058823529,0.0,inf,0.0,-15.934065934065927
browser-use,ArXiv--17,C8,0.0,-87.00854700854701,-42.10526315789473,-41.17647058823529,inf,inf,0.0,-44.505494505494504
browser-use,ArXiv--18,C2,0.0,-84.26395939086294,-35.294117647058826,-33.33333333333333,0.0,inf,0.0,-18.13725490196078
browser-use,ArXiv--18,C5,0.0,16.751269035532996,29.411764705882355,46.666666666666664,0.0,0.0,0.0,80.3921568627451
browser-use,ArXiv--18,C7,0.0,-83.92554991539764,-35.294117647058826,-33.33333333333333,0.0,inf,0.0,94.11764705882355
browser-use,ArXiv--18,C8,0.0,-85.95600676818951,-23.52941176470588,-26.666666666666668,0.0,0.0,0.0,16.91176470588237
browser-use,ArXiv--19,C2,0.0,-90.9090909090909,-66.66666666666666,-66.66666666666666,0.0,inf,0.0,72.92161520190022
browser-use,ArXiv--19,C5,0.0,-61.91222570532915,-15.151515151515152,-16.666666666666664,0.0,0.0,0.0,40.14251781472684
browser-use,ArXiv--19,C7,0.0,-94.35736677115987,-69.6969696969697,-70.0,0.0,inf,0.0,21.377672209026127
browser-use,ArXiv--19,C8,0.0,-91.69278996865204,-54.54545454545454,-60.0,0.0,inf,0.0,-44.180522565320665
browser-use,ArXiv--2,C2,0.0,-24.637681159420293,-18.181818181818183,-22.22222222222222,0.0,0.0,0.0,-61.627906976744185
browser-use,ArXiv--2,C5,0.0,-21.73913043478261,-18.181818181818183,-22.22222222222222,0.0,0.0,0.0,-30.23255813953488
browser-use,ArXiv--2,C7,0.0,-21.73913043478261,-18.181818181818183,-22.22222222222222,0.0,0.0,0.0,-44.418604651162795
browser-use,ArXiv--2,C8,0.0,-21.73913043478261,-18.181818181818183,-22.22222222222222,0.0,0.0,0.0,-20.23255813953489
browser-use,ArXiv--20,C2,0.0,-23.14814814814815,30.0,22.22222222222222,0.0,0.0,0.0,46.31268436578172
browser-use,ArXiv--20,C5,0.0,-21.296296296296298,10.0,0.0,0.0,0.0,0.0,97.64011799410031
browser-use,ArXiv--20,C7,0.0,-48.148148148148145,-30.0,-44.44444444444444,0.0,0.0,0.0,3.5398230088495657
browser-use,ArXiv--20,C8,0.0,-25.0,30.0,22.22222222222222,0.0,0.0,0.0,0.0
browser-use,ArXiv--21,C2,0.0,-73.68421052631578,9.090909090909092,11.11111111111111,0.0,0.0,0.0,15.976331360946764
browser-use,ArXiv--21,C5,0.0,-67.76315789473685,9.090909090909092,11.11111111111111,0.0,0.0,0.0,121.30177514792902
browser-use,ArXiv--21,C7,0.0,-74.3421052631579,9.090909090909092,11.11111111111111,0.0,0.0,0.0,-6.213017751479284
browser-use,ArXiv--21,C8,0.0,-74.3421052631579,9.090909090909092,11.11111111111111,0.0,0.0,0.0,23.07692307692309
browser-use,ArXiv--22,C2,0.0,-85.0,-50.0,-47.61904761904761,0.0,inf,0.0,26.38888888888888
browser-use,ArXiv--22,C5,0.0,-4.0625,4.166666666666666,4.761904761904762,0.0,0.0,0.0,-1.041666666666669
browser-use,ArXiv--22,C7,0.0,-84.0625,-33.33333333333333,-38.095238095238095,0.0,0.0,0.0,-49.479166666666664
browser-use,ArXiv--22,C8,0.0,-90.78125,-41.66666666666667,-47.61904761904761,0.0,0.0,0.0,-53.47222222222222
browser-use,ArXiv--23,C2,0.0,-50.943396226415096,-20.0,-16.666666666666664,0.0,0.0,0.0,3.247863247863245
browser-use,ArXiv--23,C5,0.0,-61.63522012578616,-26.666666666666668,-25.0,0.0,0.0,0.0,59.82905982905983
browser-use,ArXiv--23,C7,0.0,-76.72955974842768,-33.33333333333333,-33.33333333333333,0.0,0.0,0.0,-56.23931623931624
browser-use,ArXiv--23,C8,0.0,-70.44025157232704,-20.0,-16.666666666666664,0.0,0.0,0.0,-23.418803418803424
browser-use,ArXiv--24,C2,0.0,-39.35483870967742,36.36363636363637,44.44444444444444,0.0,0.0,0.0,114.56953642384104
browser-use,ArXiv--24,C5,0.0,-41.935483870967744,18.181818181818183,22.22222222222222,0.0,0.0,0.0,79.4701986754967
browser-use,ArXiv--24,C7,0.0,-43.87096774193549,18.181818181818183,22.22222222222222,0.0,0.0,0.0,65.56291390728477
browser-use,ArXiv--24,C8,0.0,-76.12903225806451,9.090909090909092,11.11111111111111,0.0,0.0,0.0,51.98675496688742
browser-use,ArXiv--25,C2,0.0,-57.72357723577236,-9.090909090909092,0.0,0.0,inf,0.0,6.938159879336363
browser-use,ArXiv--25,C5,0.0,262.6016260162602,45.45454545454545,55.55555555555556,0.0,0.0,0.0,-8.748114630467569
browser-use,ArXiv--25,C7,0.0,-23.577235772357724,9.090909090909092,11.11111111111111,0.0,inf,0.0,-56.41025641025641
browser-use,ArXiv--25,C8,0.0,-74.79674796747967,-36.36363636363637,-44.44444444444444,0.0,0.0,0.0,-53.69532428355958
browser-use,ArXiv--26,C2,0.0,-57.30337078651685,33.33333333333333,25.0,0.0,0.0,0.0,18.296529968454262
browser-use,ArXiv--26,C5,0.0,-51.68539325842697,33.33333333333333,25.0,0.0,0.0,0.0,58.0441640378549
browser-use,ArXiv--26,C7,0.0,-56.17977528089888,33.33333333333333,25.0,0.0,0.0,0.0,49.52681388012618
browser-use,ArXiv--26,C8,0.0,-56.17977528089888,33.33333333333333,25.0,0.0,0.0,0.0,28.706624605678225
browser-use,ArXiv--27,C2,0.0,-86.34453781512606,7.6923076923076925,-8.333333333333332,0.0,inf,0.0,-4.137931034482756
browser-use,ArXiv--27,C5,0.0,-83.19327731092437,-38.46153846153847,-41.66666666666667,0.0,0.0,0.0,-13.10344827586207
browser-use,ArXiv--27,C7,0.0,-71.63865546218487,38.46153846153847,25.0,0.0,inf,0.0,127.9310344827586
browser-use,ArXiv--27,C8,0.0,-92.22689075630252,-38.46153846153847,-50.0,inf,0.0,0.0,-28.275862068965512
browser-use,ArXiv--28,C2,0.0,-87.47433264887063,-20.0,-28.57142857142857,0.0,0.0,0.0,42.582417582417584
browser-use,ArXiv--28,C5,0.0,-85.83162217659137,-26.666666666666668,-35.714285714285715,0.0,0.0,0.0,84.89010989010988
browser-use,ArXiv--28,C7,0.0,-73.92197125256673,-26.666666666666668,-35.714285714285715,0.0,0.0,0.0,3.8461538461538423
browser-use,ArXiv--28,C8,0.0,-78.64476386036962,-13.333333333333334,-21.428571428571427,0.0,0.0,0.0,57.96703296703297
browser-use,ArXiv--29,C2,0.0,-84.32601880877742,-23.076923076923077,-33.33333333333333,0.0,0.0,0.0,6.521739130434799
browser-use,ArXiv--29,C5,0.0,-82.13166144200626,-7.6923076923076925,-16.666666666666664,0.0,0.0,0.0,-8.967391304347819
browser-use,ArXiv--29,C7,0.0,-79.3103448275862,-7.6923076923076925,-16.666666666666664,0.0,0.0,0.0,54.34782608695653
browser-use,ArXiv--29,C8,0.0,-78.68338557993731,-7.6923076923076925,-16.666666666666664,0.0,0.0,0.0,23.36956521739131
browser-use,ArXiv--3,C2,0.0,-20.5607476635514,-15.384615384615385,-18.181818181818183,0.0,0.0,0.0,-11.527377521613841
browser-use,ArXiv--3,C5,0.0,-57.009345794392516,-46.15384615384615,-54.54545454545454,0.0,0.0,0.0,-0.2881844380403499
browser-use,ArXiv--3,C7,0.0,-52.336448598130836,-30.76923076923077,-36.36363636363637,0.0,0.0,0.0,-28.530259365994244
browser-use,ArXiv--3,C8,0.0,-18.69158878504673,0.0,0.0,0.0,0.0,0.0,36.599423631123905
browser-use,ArXiv--30,C2,0.0,-9.67741935483871,-11.11111111111111,-13.333333333333334,0.0,0.0,0.0,63.358778625954194
browser-use,ArXiv--30,C5,0.0,259.6774193548387,22.22222222222222,26.666666666666668,0.0,0.0,0.0,46.56488549618321
browser-use,ArXiv--30,C7,0.0,-59.67741935483871,-44.44444444444444,-40.0,0.0,inf,0.0,166.793893129771
browser-use,ArXiv--30,C8,0.0,-59.67741935483871,-22.22222222222222,-26.666666666666668,0.0,0.0,0.0,-12.595419847328248
browser-use,ArXiv--31,C2,0.0,0.0,0.0,0.0,0.0,0.0,0.0,-6.865671641791046
browser-use,ArXiv--31,C5,0.0,7.5,0.0,0.0,0.0,0.0,0.0,9.552238805970157
browser-use,ArXiv--31,C7,0.0,0.0,0.0,0.0,0.0,0.0,0.0,108.05970149253731
browser-use,ArXiv--31,C8,0.0,0.0,0.0,0.0,0.0,0.0,0.0,34.626865671641795
browser-use,ArXiv--32,C2,0.0,32.608695652173914,33.33333333333333,42.857142857142854,0.0,0.0,0.0,26.984126984126984
browser-use,ArXiv--32,C5,0.0,84.78260869565217,44.44444444444444,57.14285714285714,0.0,0.0,0.0,30.7936507936508
browser-use,ArXiv--32,C7,0.0,-6.521739130434782,0.0,0.0,0.0,0.0,0.0,-26.66666666666666
browser-use,ArXiv--32,C8,0.0,-6.521739130434782,0.0,0.0,0.0,0.0,0.0,-6.349206349206349
browser-use,ArXiv--33,C2,0.0,18.6046511627907,-16.666666666666664,-20.0,0.0,0.0,0.0,90.48780487804878
browser-use,ArXiv--33,C5,0.0,0.0,-33.33333333333333,-40.0,0.0,0.0,0.0,-33.170731707317074
browser-use,ArXiv--33,C7,0.0,86.04651162790698,8.333333333333332,10.0,0.0,0.0,0.0,6.585365853658544
browser-use,ArXiv--33,C8,0.0,20.930232558139537,-25.0,-30.0,0.0,0.0,0.0,-52.926829268292686
browser-use,ArXiv--34,C2,0.0,47.16981132075472,30.0,37.5,0.0,0.0,0.0,39.597315436241615
browser-use,ArXiv--34,C5,0.0,5.660377358490567,20.0,25.0,0.0,0.0,0.0,53.35570469798658
browser-use,ArXiv--34,C7,0.0,3.7735849056603774,20.0,25.0,0.0,0.0,0.0,30.872483221476504
browser-use,ArXiv--34,C8,0.0,15.09433962264151,20.0,25.0,0.0,0.0,0.0,334.8993288590604
browser-use,ArXiv--35,C2,0.0,-16.9811320754717,0.0,0.0,0.0,0.0,0.0,74.05405405405408
browser-use,ArXiv--35,C5,0.0,-22.641509433962266,0.0,0.0,0.0,0.0,0.0,-8.648648648648656
browser-use,ArXiv--35,C7,0.0,-16.9811320754717,0.0,0.0,0.0,0.0,0.0,-30.810810810810807
browser-use,ArXiv--35,C8,0.0,-18.867924528301888,0.0,0.0,0.0,0.0,0.0,30.810810810810807
browser-use,ArXiv--36,C2,0.0,5.172413793103448,0.0,0.0,0.0,0.0,0.0,-11.363636363636363
browser-use,ArXiv--36,C5,0.0,10.344827586206897,0.0,0.0,0.0,0.0,0.0,11.590909090909095
browser-use,ArXiv--36,C7,0.0,25.862068965517242,0.0,0.0,0.0,0.0,0.0,2.500000000000003
browser-use,ArXiv--36,C8,0.0,10.344827586206897,8.333333333333332,10.0,0.0,0.0,0.0,161.36363636363635
browser-use,ArXiv--37,C2,0.0,-82.91366906474819,-52.17391304347826,-50.0,0.0,inf,0.0,70.61855670103094
browser-use,ArXiv--37,C5,0.0,-75.35971223021582,-17.391304347826086,-20.0,0.0,0.0,0.0,0.5154639175257806
browser-use,ArXiv--37,C7,0.0,-82.73381294964028,-47.82608695652174,-45.0,0.0,inf,0.0,79.38144329896907
browser-use,ArXiv--37,C8,0.0,-87.41007194244604,-34.78260869565217,-40.0,0.0,0.0,0.0,-15.721649484536067
browser-use,ArXiv--38,C2,0.0,-69.23076923076923,-7.6923076923076925,-16.666666666666664,0.0,inf,0.0,-9.850746268656717
browser-use,ArXiv--38,C5,0.0,318.46153846153845,30.76923076923077,25.0,0.0,0.0,0.0,31.641791044776124
browser-use,ArXiv--38,C7,0.0,1.5384615384615385,7.6923076923076925,0.0,0.0,inf,0.0,100.29850746268656
browser-use,ArXiv--38,C8,0.0,-83.84615384615385,-53.84615384615385,-58.333333333333336,0.0,0.0,0.0,-10.44776119402985
browser-use,ArXiv--39,C2,0.0,-85.14548238897397,-38.095238095238095,-33.33333333333333,0.0,inf,0.0,-5.806451612903226
browser-use,ArXiv--39,C5,0.0,19.90811638591118,0.0,16.666666666666664,0.0,0.0,0.0,-51.354838709677416
browser-use,ArXiv--39,C7,0.0,-83.61408882082695,-38.095238095238095,-38.88888888888889,0.0,inf,0.0,1.8064516129032333
browser-use,ArXiv--39,C8,0.0,-85.60490045941806,-33.33333333333333,-33.33333333333333,inf,0.0,0.0,-16.000000000000007
browser-use,ArXiv--4,C2,0.0,-37.5,-30.0,-37.5,0.0,0.0,0.0,-52.241715399610136
browser-use,ArXiv--4,C5,0.0,-11.11111111111111,20.0,25.0,0.0,0.0,0.0,30.99415204678364
browser-use,ArXiv--4,C7,0.0,-38.88888888888889,-30.0,-37.5,0.0,0.0,0.0,19.2982456140351
browser-use,ArXiv--4,C8,0.0,-43.05555555555556,-30.0,-37.5,0.0,0.0,0.0,-0.7797270955165665
browser-use,ArXiv--40,C2,0.0,26.666666666666668,0.0,0.0,0.0,0.0,0.0,123.55555555555556
browser-use,ArXiv--40,C5,0.0,53.333333333333336,11.11111111111111,14.285714285714285,0.0,0.0,0.0,106.22222222222221
browser-use,ArXiv--40,C7,0.0,44.44444444444444,33.33333333333333,42.857142857142854,0.0,0.0,0.0,145.33333333333334
browser-use,ArXiv--40,C8,0.0,33.33333333333333,33.33333333333333,42.857142857142854,0.0,0.0,0.0,133.77777777777777
browser-use,ArXiv--41,C2,0.0,-84.49744463373084,-35.294117647058826,-33.33333333333333,0.0,inf,0.0,-6.116207951070347
browser-use,ArXiv--41,C5,0.0,13.62862010221465,47.05882352941176,46.666666666666664,0.0,0.0,0.0,55.04587155963302
browser-use,ArXiv--41,C7,0.0,-91.82282793867121,-41.17647058823529,-40.0,0.0,inf,0.0,119.8776758409786
browser-use,ArXiv--41,C8,0.0,-87.73424190800682,-41.17647058823529,-46.666666666666664,0.0,0.0,0.0,45.25993883792048
browser-use,ArXiv--42,C2,0.0,-84.32343234323433,-31.25,-33.33333333333333,0.0,inf,0.0,-51.92582025677602
browser-use,ArXiv--42,C5,0.0,-22.937293729372936,-12.5,-6.666666666666667,0.0,0.0,0.0,-48.074179743223965
browser-use,ArXiv--42,C7,0.0,-84.15841584158416,-31.25,-26.666666666666668,0.0,inf,0.0,-12.838801711840219
browser-use,ArXiv--42,C8,0.0,-94.22442244224423,-31.25,-26.666666666666668,0.0,inf,0.0,-22.824536376604843
browser-use,ArXiv--5,C2,0.0,6.25,0.0,0.0,0.0,0.0,0.0,-21.29817444219067
browser-use,ArXiv--5,C5,0.0,31.25,0.0,0.0,0.0,0.0,0.0,24.746450304259643
browser-use,ArXiv--5,C7,0.0,15.625,0.0,0.0,0.0,0.0,0.0,-24.54361054766733
browser-use,ArXiv--5,C8,0.0,3.125,0.0,0.0,0.0,0.0,0.0,-20.89249492900608
browser-use,ArXiv--6,C2,0.0,-69.7452229299363,-66.66666666666666,-67.64705882352942,0.0,inf,0.0,-53.65126676602085
browser-use,ArXiv--6,C5,0.0,127.38853503184713,-41.66666666666667,-44.11764705882353,0.0,0.0,0.0,-42.026825633383005
browser-use,ArXiv--6,C7,0.0,-67.83439490445859,-63.888888888888886,-64.70588235294117,0.0,inf,0.0,17.58569299552908
browser-use,ArXiv--6,C8,0.0,-78.6624203821656,-63.888888888888886,-67.64705882352942,inf,0.0,0.0,-37.25782414307004
browser-use,ArXiv--7,C2,0.0,35.294117647058826,33.33333333333333,42.857142857142854,0.0,0.0,0.0,52.422907488986795
browser-use,ArXiv--7,C5,0.0,21.568627450980394,-22.22222222222222,-28.57142857142857,0.0,0.0,0.0,289.8678414096916
browser-use,ArXiv--7,C7,0.0,49.01960784313725,22.22222222222222,28.57142857142857,0.0,0.0,0.0,88.54625550660792
browser-use,ArXiv--7,C8,0.0,3.9215686274509802,33.33333333333333,42.857142857142854,0.0,0.0,0.0,27.312775330396473
browser-use,ArXiv--8,C2,0.0,-36.36363636363637,-21.052631578947366,-21.428571428571427,0.0,inf,0.0,14.24657534246576
browser-use,ArXiv--8,C5,0.0,-18.181818181818183,-21.052631578947366,-21.428571428571427,0.0,0.0,0.0,0.8219178082191704
browser-use,ArXiv--8,C7,0.0,-15.454545454545453,-36.84210526315789,-21.428571428571427,0.0,inf,0.0,-17.80821917808219
browser-use,ArXiv--8,C8,0.0,-70.0,-57.89473684210527,-64.28571428571429,0.0,0.0,0.0,-6.575342465753422
browser-use,ArXiv--9,C2,0.0,58.490566037735846,8.333333333333332,10.0,0.0,0.0,0.0,41.616766467065865
browser-use,ArXiv--9,C5,0.0,56.60377358490566,0.0,0.0,0.0,0.0,0.0,54.79041916167666
browser-use,ArXiv--9,C7,0.0,22.641509433962266,0.0,0.0,0.0,0.0,0.0,29.341317365269475
browser-use,ArXiv--9,C8,0.0,64.15094339622641,8.333333333333332,10.0,0.0,0.0,0.0,41.616766467065865
browser-use,BBC_News--0,C2,0.0,-73.91952309985098,-88.59649122807018,-88.28828828828829,0.0,inf,0.0,62.29946524064173
browser-use,BBC_News--0,C5,0.0,9.090909090909092,-36.84210526315789,-37.83783783783784,0.0,0.0,0.0,2.941176470588239
browser-use,BBC_News--0,C7,0.0,-46.050670640834575,-48.24561403508772,-49.549549549549546,0.0,inf,0.0,-13.63636363636364
browser-use,BBC_News--0,C8,0.0,-45.007451564828614,-47.368421052631575,-48.64864864864865,0.0,inf,0.0,8.02139037433155
browser-use,BBC_News--1,C2,0.0,-29.602888086642597,-41.17647058823529,-42.241379310344826,0.0,inf,0.0,-7.625272331154684
browser-use,BBC_News--1,C5,0.0,7.460890493381468,8.403361344537815,8.620689655172415,0.0,0.0,0.0,-21.13289760348583
browser-use,BBC_News--1,C7,0.0,-35.98074608904934,-43.69747899159664,-44.827586206896555,0.0,inf,0.0,-13.943355119825707
browser-use,BBC_News--1,C8,0.0,-37.18411552346571,-44.537815126050425,-45.689655172413794,0.0,inf,0.0,-24.83660130718954
browser-use,BBC_News--10,C2,0.0,15.605095541401273,-57.692307692307686,-57.14285714285714,0.0,inf,0.0,59.5289079229122
browser-use,BBC_News--10,C5,0.0,20.382165605095544,17.307692307692307,18.367346938775512,0.0,0.0,0.0,7.494646680942184
browser-use,BBC_News--10,C7,0.0,61.46496815286624,13.461538461538462,14.285714285714285,0.0,inf,0.0,-17.130620985010705
browser-use,BBC_News--10,C8,0.0,59.554140127388536,13.461538461538462,14.285714285714285,0.0,inf,0.0,-13.276231263383304
browser-use,BBC_News--11,C2,0.0,-94.51575262543757,-38.88888888888889,-38.88888888888889,0.0,inf,0.0,1.6927083333333297
browser-use,BBC_News--11,C5,0.0,-50.52508751458576,316.66666666666663,316.66666666666663,0.0,0.0,0.0,-20.052083333333332
browser-use,BBC_News--11,C7,0.0,-95.21586931155193,-27.77777777777778,-27.77777777777778,0.0,inf,0.0,-60.026041666666664
browser-use,BBC_News--11,C8,0.0,-77.94632438739791,38.88888888888889,38.88888888888889,inf,inf,0.0,-33.33333333333333
browser-use,BBC_News--12,C2,0.0,-89.40936863543789,-8.333333333333332,-16.666666666666664,0.0,inf,0.0,-33.148148148148145
browser-use,BBC_News--12,C5,0.0,-85.33604887983707,-33.33333333333333,-33.33333333333333,0.0,0.0,0.0,-44.25925925925926
browser-use,BBC_News--12,C7,0.0,-79.83706720977597,16.666666666666664,16.666666666666664,0.0,inf,0.0,42.777777777777764
browser-use,BBC_News--12,C8,0.0,-83.5030549898167,-8.333333333333332,-8.333333333333332,inf,inf,0.0,-7.9629629629629575
browser-use,BBC_News--13,C2,0.0,-91.79229480737018,-80.0,-81.42857142857143,0.0,inf,0.0,-47.2992700729927
browser-use,BBC_News--13,C5,0.0,-39.61474036850921,-65.71428571428571,-65.71428571428571,0.0,0.0,0.0,63.35766423357665
browser-use,BBC_News--13,C7,0.0,-79.22948073701842,-68.57142857142857,-68.57142857142857,0.0,inf,0.0,3.9416058394160625
browser-use,BBC_News--13,C8,0.0,-97.73869346733667,-85.71428571428571,-85.71428571428571,inf,inf,0.0,-69.48905109489051
browser-use,BBC_News--14,C2,0.0,-51.952662721893496,-21.875,-22.950819672131146,0.0,inf,0.0,-51.622874806800624
browser-use,BBC_News--14,C5,0.0,-21.420118343195266,31.25,32.78688524590164,0.0,0.0,0.0,-37.557959814528594
browser-use,BBC_News--14,C7,0.0,-82.1301775147929,-76.5625,-77.04918032786885,0.0,inf,0.0,-24.884080370942815
browser-use,BBC_News--14,C8,0.0,-49.23076923076923,-7.8125,-8.19672131147541,0.0,inf,0.0,-30.448222565687793
browser-use,BBC_News--15,C2,0.0,-92.04988308651598,-82.6086956521739,-82.6086956521739,0.0,0.0,0.0,-58.10983397190294
browser-use,BBC_News--15,C5,0.0,-90.33515198752923,-82.6086956521739,-82.6086956521739,0.0,0.0,0.0,-50.44699872286079
browser-use,BBC_News--15,C7,0.0,-90.72486360093531,-85.5072463768116,-85.5072463768116,0.0,0.0,0.0,-49.55300127713921
browser-use,BBC_News--15,C8,0.0,-98.98674980514419,-91.30434782608695,-91.30434782608695,inf,0.0,0.0,-76.11749680715198
browser-use,BBC_News--16,C2,0.0,-84.74025974025975,-85.52631578947368,-84.93150684931507,0.0,inf,0.0,52.16494845360824
browser-use,BBC_News--16,C5,0.0,5.844155844155844,55.26315789473685,57.534246575342465,0.0,0.0,0.0,-21.44329896907216
browser-use,BBC_News--16,C7,0.0,-23.214285714285715,-21.052631578947366,-21.91780821917808,0.0,inf,0.0,-6.39175257731959
browser-use,BBC_News--16,C8,0.0,-29.22077922077922,-17.105263157894736,-17.80821917808219,0.0,inf,0.0,-12.98969072164948
browser-use,BBC_News--17,C2,0.0,-23.809523809523807,-45.28301886792453,-46.601941747572816,0.0,inf,0.0,-24.471830985915492
browser-use,BBC_News--17,C5,0.0,-66.25850340136054,-54.71698113207547,-56.310679611650485,0.0,0.0,0.0,-26.23239436619718
browser-use,BBC_News--17,C7,0.0,-45.714285714285715,-48.113207547169814,-49.51456310679612,0.0,inf,0.0,-47.53521126760563
browser-use,BBC_News--17,C8,0.0,-46.12244897959184,-47.16981132075472,-48.54368932038835,0.0,inf,0.0,-41.02112676056338
browser-use,BBC_News--18,C2,0.0,-84.14023372287144,-86.41975308641975,-85.8974358974359,0.0,inf,0.0,111.44414168937327
browser-use,BBC_News--18,C5,0.0,62.270450751252085,28.39506172839506,29.48717948717949,0.0,0.0,0.0,76.56675749318799
browser-use,BBC_News--18,C7,0.0,-84.14023372287144,-86.41975308641975,-85.8974358974359,0.0,inf,0.0,86.92098092643049
browser-use,BBC_News--18,C8,0.0,-69.78297161936561,-83.9506172839506,-84.61538461538461,inf,inf,0.0,24.79564032697546
browser-use,BBC_News--19,C2,0.0,-88.76772082878954,-70.0,-70.0,0.0,inf,0.0,-21.71651495448635
browser-use,BBC_News--19,C5,0.0,-53.10796074154853,-10.0,-10.0,0.0,0.0,0.0,-17.815344603381018
browser-use,BBC_News--19,C7,0.0,-95.74700109051254,-72.5,-72.5,0.0,inf,0.0,-61.76853055916776
browser-use,BBC_News--19,C8,0.0,-26.28135223555071,107.5,107.5,0.0,inf,inf,-10.403120936280883
browser-use,BBC_News--2,C2,0.0,-90.78947368421053,-55.172413793103445,-58.620689655172406,0.0,inf,0.0,13.861386138613858
browser-use,BBC_News--2,C5,0.0,-80.82706766917293,-58.620689655172406,-58.620689655172406,0.0,0.0,0.0,-23.196605374823204
browser-use,BBC_News--2,C7,0.0,-91.07142857142857,-55.172413793103445,-58.620689655172406,0.0,inf,0.0,-52.475247524752476
browser-use,BBC_News--2,C8,0.0,-78.47744360902256,55.172413793103445,44.827586206896555,0.0,inf,0.0,-50.070721357850076
browser-use,BBC_News--20,C2,0.0,-47.909199522102746,-41.74757281553398,-43.0,0.0,inf,0.0,-4.5130641330166235
browser-use,BBC_News--20,C5,0.0,-24.731182795698924,-25.24271844660194,-26.0,0.0,0.0,0.0,-10.213776722090271
browser-use,BBC_News--20,C7,0.0,-35.722819593787335,-44.66019417475729,-46.0,0.0,inf,0.0,57.24465558194775
browser-use,BBC_News--20,C8,0.0,-70.60931899641577,-59.22330097087378,-61.0,0.0,inf,0.0,-33.729216152019006
browser-use,BBC_News--21,C2,0.0,-39.67479674796748,-34.78260869565217,-35.95505617977528,0.0,inf,0.0,-49.71910112359551
browser-use,BBC_News--21,C5,0.0,-42.113821138211385,-11.956521739130435,-12.359550561797752,0.0,0.0,0.0,-51.96629213483146
browser-use,BBC_News--21,C7,0.0,-64.8780487804878,-50.0,-51.68539325842697,0.0,inf,0.0,-30.61797752808989
browser-use,BBC_News--21,C8,0.0,19.1869918699187,-31.521739130434785,-32.58426966292135,0.0,inf,0.0,-6.179775280898884
browser-use,BBC_News--22,C2,0.0,-30.063291139240505,-43.75,-44.95412844036697,0.0,inf,0.0,-17.47851002865329
browser-use,BBC_News--22,C5,0.0,-13.291139240506327,-10.714285714285714,-11.009174311926607,0.0,0.0,0.0,-24.92836676217765
browser-use,BBC_News--22,C7,0.0,-11.550632911392405,-37.5,-38.53211009174312,0.0,inf,0.0,-34.383954154727796
browser-use,BBC_News--22,C8,0.0,-33.38607594936709,-43.75,-44.95412844036697,0.0,inf,0.0,-11.17478510028653
browser-use,BBC_News--23,C2,0.0,-47.89115646258503,-46.2962962962963,-47.61904761904761,0.0,inf,0.0,86.8766404199475
browser-use,BBC_News--23,C5,0.0,11.83673469387755,13.88888888888889,14.285714285714285,0.0,0.0,0.0,35.43307086614173
browser-use,BBC_News--23,C7,0.0,-4.489795918367347,-38.88888888888889,-40.0,0.0,inf,0.0,64.04199475065616
browser-use,BBC_News--23,C8,0.0,-11.156462585034014,-42.592592592592595,-43.80952380952381,0.0,inf,0.0,-9.4488188976378
browser-use,BBC_News--24,C2,0.0,-8.827785817655572,-48.031496062992126,-49.193548387096776,0.0,inf,0.0,-2.5114155251141423
browser-use,BBC_News--24,C5,0.0,-34.87698986975398,-43.30708661417323,-44.354838709677416,0.0,0.0,0.0,-35.38812785388127
browser-use,BBC_News--24,C7,0.0,-27.785817655571638,-52.75590551181102,-54.03225806451613,0.0,inf,0.0,-24.885844748858446
browser-use,BBC_News--24,C8,0.0,9.84081041968162,-45.66929133858268,-46.774193548387096,0.0,inf,0.0,-2.968036529680359
browser-use,BBC_News--25,C2,0.0,-5.726872246696035,-38.23529411764706,-39.39393939393939,0.0,inf,0.0,24.347826086956516
browser-use,BBC_News--25,C5,0.0,20.411160058737153,-3.9215686274509802,-5.05050505050505,0.0,0.0,0.0,8.115942028985499
browser-use,BBC_News--25,C7,0.0,12.041116005873716,-42.15686274509804,-43.43434343434344,0.0,inf,0.0,66.95652173913044
browser-use,BBC_News--25,C8,0.0,-19.23641703377386,-42.15686274509804,-43.43434343434344,0.0,inf,0.0,24.927536231884062
browser-use,BBC_News--26,C2,0.0,-89.1891891891892,-82.53968253968253,-83.33333333333334,0.0,inf,0.0,-16.89373297002725
browser-use,BBC_News--26,C5,0.0,-35.25264394829612,17.46031746031746,18.333333333333332,0.0,0.0,0.0,-3.269754768392378
browser-use,BBC_News--26,C7,0.0,-63.10223266745005,-80.95238095238095,-81.66666666666667,0.0,inf,0.0,70.29972752043595
browser-use,BBC_News--26,C8,0.0,-81.55111633372502,-71.42857142857143,-71.66666666666667,0.0,inf,0.0,-11.444141689373303
browser-use,BBC_News--27,C2,0.0,-6.321839080459771,-46.788990825688074,-48.113207547169814,0.0,inf,0.0,-22.795698924731187
browser-use,BBC_News--27,C5,0.0,10.53639846743295,-27.522935779816514,-28.30188679245283,0.0,0.0,0.0,-26.021505376344088
browser-use,BBC_News--27,C7,0.0,16.28352490421456,-37.61467889908257,-38.67924528301887,0.0,inf,0.0,-6.881720430107532
browser-use,BBC_News--27,C8,0.0,-31.03448275862069,-45.87155963302752,-47.16981132075472,0.0,inf,0.0,-41.935483870967744
browser-use,BBC_News--28,C2,0.0,-40.182648401826484,-49.137931034482754,-50.442477876106196,0.0,inf,0.0,-33.20754716981133
browser-use,BBC_News--28,C5,0.0,-30.136986301369863,-38.793103448275865,-39.823008849557525,0.0,0.0,0.0,5.849056603773588
browser-use,BBC_News--28,C7,0.0,-42.465753424657535,-53.44827586206896,-54.86725663716814,0.0,inf,0.0,-0.9433962264150944
browser-use,BBC_News--28,C8,0.0,-24.08675799086758,-40.51724137931034,-41.5929203539823,0.0,inf,0.0,-35.84905660377358
browser-use,BBC_News--29,C2,0.0,-71.19113573407202,-88.46153846153845,-88.9763779527559,0.0,inf,0.0,98.12332439678288
browser-use,BBC_News--29,C5,0.0,-6.094182825484765,-17.692307692307693,-18.11023622047244,0.0,0.0,0.0,-13.67292225201071
browser-use,BBC_News--29,C7,0.0,-93.35180055401662,-92.3076923076923,-92.1259842519685,0.0,inf,0.0,89.27613941018767
browser-use,BBC_News--29,C8,0.0,-67.59002770083103,-89.23076923076924,-89.76377952755905,0.0,inf,0.0,26.80965147453083
browser-use,BBC_News--3,C2,0.0,-96.80284191829485,-91.33858267716536,-91.33858267716536,0.0,inf,0.0,146.06060606060603
browser-use,BBC_News--3,C5,0.0,-40.142095914742455,-8.661417322834646,-8.661417322834646,0.0,0.0,0.0,9.898989898989896
browser-use,BBC_News--3,C7,0.0,-41.91829484902309,-48.818897637795274,-48.818897637795274,0.0,inf,0.0,-3.6363636363636305
browser-use,BBC_News--3,C8,0.0,-44.13854351687389,-44.09448818897638,-44.09448818897638,0.0,inf,0.0,-16.96969696969697
browser-use,BBC_News--30,C2,0.0,-93.63295880149812,-91.80327868852459,-91.80327868852459,0.0,inf,0.0,199.99999999999997
browser-use,BBC_News--30,C5,0.0,-45.81772784019975,-79.50819672131148,-80.32786885245902,0.0,0.0,0.0,91.09311740890689
browser-use,BBC_News--30,C7,0.0,-88.01498127340824,-90.1639344262295,-90.98360655737704,0.0,inf,0.0,192.30769230769232
browser-use,BBC_News--30,C8,0.0,-43.570536828963796,-45.08196721311475,-47.540983606557376,0.0,inf,0.0,0.8097165991902806
browser-use,BBC_News--31,C2,0.0,-73.06547619047619,-26.31578947368421,-26.31578947368421,0.0,inf,0.0,-4.37853107344632
browser-use,BBC_News--31,C5,0.0,0.2976190476190476,131.57894736842107,131.57894736842107,0.0,0.0,0.0,-59.6045197740113
browser-use,BBC_News--31,C7,0.0,-94.04761904761905,-36.84210526315789,-36.84210526315789,0.0,inf,0.0,-56.77966101694915
browser-use,BBC_News--31,C8,0.0,-77.52976190476191,5.263157894736842,0.0,0.0,inf,0.0,-43.07909604519774
browser-use,BBC_News--32,C2,0.0,-87.20445062586927,-90.76923076923077,-90.5511811023622,0.0,inf,0.0,99.6904024767802
browser-use,BBC_News--32,C5,0.0,-11.404728789986091,-60.76923076923077,-62.20472440944882,0.0,0.0,0.0,41.795665634674926
browser-use,BBC_News--32,C7,0.0,-85.67454798331016,-90.0,-89.76377952755905,0.0,inf,0.0,18.885448916408677
browser-use,BBC_News--32,C8,0.0,-89.29068150208623,-90.76923076923077,-90.5511811023622,inf,inf,0.0,-28.4829721362229
browser-use,BBC_News--33,C2,0.0,-26.619718309859152,-45.689655172413794,-46.902654867256636,0.0,inf,0.0,17.230769230769237
browser-use,BBC_News--33,C5,0.0,-0.9859154929577465,5.172413793103448,5.3097345132743365,0.0,0.0,0.0,53.230769230769226
browser-use,BBC_News--33,C7,0.0,-13.098591549295774,-44.827586206896555,-46.017699115044245,0.0,inf,0.0,8.000000000000004
browser-use,BBC_News--33,C8,0.0,-43.239436619718305,-46.55172413793103,-47.78761061946903,0.0,inf,0.0,-19.692307692307686
browser-use,BBC_News--34,C2,0.0,-94.2367601246106,-15.384615384615385,-15.384615384615385,0.0,inf,0.0,56.373937677053846
browser-use,BBC_News--34,C5,0.0,153.73831775700936,1069.230769230769,1069.230769230769,0.0,0.0,0.0,33.994334277620396
browser-use,BBC_News--34,C7,0.0,-92.21183800623052,-15.384615384615385,-15.384615384615385,0.0,inf,0.0,88.6685552407932
browser-use,BBC_News--34,C8,0.0,-89.40809968847351,-30.76923076923077,-30.76923076923077,inf,0.0,0.0,-24.079320113314438
browser-use,BBC_News--35,C2,0.0,-39.00343642611684,166.66666666666669,166.66666666666669,0.0,inf,0.0,-3.1976744186046555
browser-use,BBC_News--35,C5,0.0,-71.47766323024055,13.333333333333334,13.333333333333334,0.0,0.0,0.0,12.790697674418603
browser-use,BBC_News--35,C7,0.0,-84.36426116838489,-26.666666666666668,-26.666666666666668,0.0,inf,0.0,111.04651162790698
browser-use,BBC_News--35,C8,0.0,-95.1890034364261,-33.33333333333333,-33.33333333333333,inf,0.0,0.0,-29.069767441860467
browser-use,BBC_News--36,C2,0.0,-85.65022421524664,-90.0990099009901,-90.81632653061224,0.0,inf,0.0,26.70623145400593
browser-use,BBC_News--36,C5,0.0,-86.09865470852019,-85.14851485148515,-84.6938775510204,0.0,0.0,0.0,35.905044510385736
browser-use,BBC_News--36,C7,0.0,-78.47533632286996,-88.11881188118812,-88.77551020408163,0.0,inf,0.0,-6.528189910979236
browser-use,BBC_News--36,C8,0.0,40.582959641255606,-43.56435643564357,-44.89795918367347,0.0,inf,0.0,32.04747774480711
browser-use,BBC_News--37,C2,0.0,-87.2996300863132,-87.09677419354838,-88.17204301075269,0.0,inf,0.0,-9.780439121756485
browser-use,BBC_News--37,C5,0.0,-4.932182490752158,23.655913978494624,23.655913978494624,0.0,0.0,0.0,-32.734530938123754
browser-use,BBC_News--37,C7,0.0,-87.17632552404439,-88.17204301075269,-89.24731182795699,0.0,inf,0.0,-19.960079840319363
browser-use,BBC_News--37,C8,0.0,-88.40937114673243,-84.94623655913979,-84.94623655913979,0.0,inf,0.0,-53.093812375249506
browser-use,BBC_News--38,C2,0.0,-90.19407558733401,-54.83870967741935,-54.83870967741935,0.0,inf,0.0,-37.85310734463277
browser-use,BBC_News--38,C5,0.0,8.273748723186927,125.80645161290323,125.80645161290323,0.0,0.0,0.0,-18.644067796610166
browser-use,BBC_News--38,C7,0.0,-57.40551583248212,-32.25806451612903,-32.25806451612903,0.0,0.0,0.0,47.0809792843691
browser-use,BBC_News--38,C8,0.0,-25.740551583248212,161.29032258064515,161.29032258064515,0.0,inf,0.0,-22.598870056497177
browser-use,BBC_News--39,C2,0.0,-93.86189258312021,-87.83783783783784,-87.83783783783784,0.0,inf,0.0,79.03614457831326
browser-use,BBC_News--39,C5,0.0,-2.3017902813299234,-66.21621621621621,-66.21621621621621,0.0,0.0,0.0,-10.602409638554214
browser-use,BBC_News--39,C7,0.0,-80.56265984654732,-81.08108108108108,-81.08108108108108,0.0,inf,0.0,-19.036144578313248
browser-use,BBC_News--39,C8,0.0,-98.59335038363172,-91.8918918918919,-91.8918918918919,0.0,inf,0.0,-45.06024096385542
browser-use,BBC_News--4,C2,0.0,-92.95977011494253,-84.72222222222221,-85.5072463768116,0.0,inf,0.0,37.63066202090592
browser-use,BBC_News--4,C5,0.0,25.143678160919542,18.055555555555554,18.84057971014493,0.0,0.0,0.0,-33.10104529616725
browser-use,BBC_News--4,C7,0.0,-12.068965517241379,-9.722222222222223,-10.144927536231885,0.0,inf,0.0,-34.84320557491289
browser-use,BBC_News--4,C8,0.0,-30.603448275862068,-6.944444444444445,-7.246376811594203,0.0,inf,0.0,-29.268292682926827
browser-use,BBC_News--40,C2,0.0,-29.401088929219597,-44.339622641509436,-45.63106796116505,0.0,inf,0.0,26.490066225165577
browser-use,BBC_News--40,C5,0.0,-43.19419237749546,-48.113207547169814,-49.51456310679612,0.0,0.0,0.0,-11.258278145695359
browser-use,BBC_News--40,C7,0.0,-28.13067150635209,-40.56603773584906,-41.74757281553398,0.0,inf,0.0,-11.589403973509935
browser-use,BBC_News--40,C8,0.0,-34.66424682395644,-44.339622641509436,-45.63106796116505,0.0,inf,0.0,-13.245033112582782
browser-use,BBC_News--41,C2,0.0,-60.91772151898734,-56.36363636363636,-54.90196078431373,0.0,inf,0.0,-5.867970660146696
browser-use,BBC_News--41,C5,0.0,7.2784810126582276,10.909090909090908,11.76470588235294,0.0,0.0,0.0,2.9339853300733565
browser-use,BBC_News--41,C7,0.0,-9.018987341772151,1.8181818181818181,1.9607843137254901,0.0,inf,0.0,2.200488997555009
browser-use,BBC_News--41,C8,0.0,-97.15189873417721,-85.45454545454545,-86.27450980392157,0.0,inf,0.0,-26.161369193154034
browser-use,BBC_News--5,C2,0.0,-88.57142857142857,-81.03448275862068,-80.0,0.0,inf,0.0,-21.259842519685044
browser-use,BBC_News--5,C5,0.0,-48.44155844155844,-46.55172413793103,-43.63636363636363,0.0,0.0,0.0,35.69553805774279
browser-use,BBC_News--5,C7,0.0,-88.18181818181819,-81.03448275862068,-81.81818181818183,0.0,inf,0.0,53.28083989501311
browser-use,BBC_News--5,C8,0.0,-90.25974025974025,-81.03448275862068,-81.81818181818183,inf,inf,0.0,17.847769028871383
browser-use,BBC_News--6,C2,0.0,-20.62937062937063,-18.181818181818183,-18.91891891891892,0.0,inf,0.0,1.1627906976744213
browser-use,BBC_News--6,C5,0.0,-15.384615384615385,27.27272727272727,28.37837837837838,0.0,0.0,0.0,-23.25581395348837
browser-use,BBC_News--6,C7,0.0,-33.56643356643357,-16.883116883116884,-17.56756756756757,0.0,inf,0.0,-31.782945736434105
browser-use,BBC_News--6,C8,0.0,-32.51748251748251,-19.480519480519483,-20.27027027027027,0.0,inf,0.0,0.3875968992247979
browser-use,BBC_News--7,C2,0.0,-90.9251101321586,-94.71153846153845,-94.71153846153845,0.0,inf,0.0,84.91048593350382
browser-use,BBC_News--7,C5,0.0,-46.43171806167401,-58.65384615384615,-58.65384615384615,0.0,0.0,0.0,-2.557544757033248
browser-use,BBC_News--7,C7,0.0,-87.5770925110132,-91.82692307692307,-92.3076923076923,0.0,inf,0.0,88.7468030690537
browser-use,BBC_News--7,C8,0.0,-97.3568281938326,-93.26923076923077,-93.75,0.0,inf,0.0,57.03324808184143
browser-use,BBC_News--8,C2,0.0,-93.4065934065934,-87.17948717948718,-88.0,0.0,inf,0.0,44.507575757575765
browser-use,BBC_News--8,C5,0.0,-3.708791208791209,-15.384615384615385,-16.0,0.0,0.0,0.0,14.58333333333334
browser-use,BBC_News--8,C7,0.0,-87.63736263736264,-85.8974358974359,-86.66666666666667,0.0,inf,0.0,-42.04545454545454
browser-use,BBC_News--8,C8,0.0,-86.81318681318682,-85.8974358974359,-86.66666666666667,0.0,inf,0.0,-46.780303030303024
browser-use,BBC_News--9,C2,0.0,-85.68181818181819,-62.857142857142854,-62.857142857142854,0.0,inf,0.0,29.776247848537015
browser-use,BBC_News--9,C5,0.0,12.15909090909091,340.0,340.0,0.0,0.0,0.0,-28.399311531841654
browser-use,BBC_News--9,C7,0.0,-89.0909090909091,-65.71428571428571,-65.71428571428571,0.0,inf,0.0,-51.11876075731497
browser-use,BBC_News--9,C8,0.0,-62.04545454545455,125.71428571428571,125.71428571428571,0.0,inf,0.0,-67.98623063683304
browser-use,Booking--0,C2,0.0,-86.90744920993228,-68.57142857142857,-71.42857142857143,0.0,inf,0.0,60.40955631399317
browser-use,Booking--0,C5,0.0,32.27990970654628,20.0,2.857142857142857,0.0,0.0,0.0,54.94880546075085
browser-use,Booking--0,C7,0.0,-76.07223476297969,-65.71428571428571,-68.57142857142857,0.0,inf,0.0,167.91808873720137
browser-use,Booking--0,C8,0.0,6.772009029345373,20.0,5.714285714285714,0.0,inf,inf,66.55290102389077
browser-use,Booking--1,C2,0.0,105.08021390374331,-10.416666666666668,-16.27906976744186,0.0,inf,0.0,-0.8591065292096219
browser-use,Booking--1,C5,0.0,8.288770053475936,-4.166666666666666,-4.651162790697675,0.0,0.0,0.0,0.34364261168384147
browser-use,Booking--1,C7,0.0,-89.3048128342246,-75.0,-74.4186046511628,0.0,inf,0.0,-50.51546391752577
browser-use,Booking--1,C8,0.0,-24.598930481283425,-33.33333333333333,-34.883720930232556,0.0,inf,inf,-19.58762886597939
browser-use,Booking--10,C2,0.0,38.84514435695538,-10.869565217391305,-14.634146341463413,0.0,inf,0.0,-21.2914485165794
browser-use,Booking--10,C5,0.0,-18.37270341207349,-15.217391304347828,-17.073170731707318,0.0,0.0,0.0,-20.94240837696335
browser-use,Booking--10,C7,0.0,49.343832020997375,-26.08695652173913,-31.70731707317073,0.0,inf,inf,3.4904013961605584
browser-use,Booking--10,C8,0.0,-23.097112860892388,-30.434782608695656,-31.70731707317073,0.0,inf,inf,-10.645724258289693
browser-use,Booking--11,C2,0.0,148.87459807073955,17.5,17.142857142857142,0.0,inf,0.0,0.23148148148146833
browser-use,Booking--11,C5,0.0,195.17684887459808,20.0,17.142857142857142,0.0,0.0,0.0,35.41666666666666
browser-use,Booking--11,C7,0.0,78.45659163987139,-10.0,-14.285714285714285,0.0,inf,inf,12.26851851851851
browser-use,Booking--11,C8,0.0,241.4790996784566,-2.5,-5.714285714285714,0.0,inf,inf,30.09259259259259
browser-use,Booking--12,C2,0.0,-93.67588932806325,-77.27272727272727,-75.67567567567568,0.0,inf,0.0,-36.67205169628433
browser-use,Booking--12,C5,0.0,-50.06587615283268,-4.545454545454546,0.0,0.0,0.0,0.0,-30.856219709208403
browser-use,Booking--12,C7,0.0,-93.54413702239789,-75.0,-72.97297297297297,0.0,inf,0.0,-33.44103392568659
browser-use,Booking--12,C8,0.0,8.695652173913043,-13.636363636363635,-13.513513513513514,0.0,inf,inf,-5.492730210016153
browser-use,Booking--13,C2,0.0,-45.931283905967454,-23.91304347826087,-25.0,0.0,inf,0.0,14.570858283433127
browser-use,Booking--13,C5,0.0,-43.58047016274864,-13.043478260869565,-12.5,0.0,0.0,0.0,3.7924151696606754
browser-use,Booking--13,C7,0.0,-82.45931283905968,-69.56521739130434,-67.5,0.0,inf,0.0,52.49500998003993
browser-use,Booking--13,C8,0.0,-49.90958408679928,-30.434782608695656,-30.0,0.0,inf,inf,-19.36127744510979
browser-use,Booking--14,C2,0.0,-70.625,-69.23076923076923,-67.64705882352942,0.0,inf,0.0,82.40740740740739
browser-use,Booking--14,C5,0.0,17.5,12.82051282051282,14.705882352941178,0.0,0.0,0.0,21.0648148148148
browser-use,Booking--14,C7,0.0,170.0,15.384615384615385,17.647058823529413,0.0,inf,inf,32.407407407407405
browser-use,Booking--14,C8,0.0,-9.0625,-17.94871794871795,-17.647058823529413,0.0,inf,inf,31.944444444444436
browser-use,Booking--15,C2,0.0,-96.28975265017668,-80.7017543859649,-80.0,0.0,inf,0.0,25.677830940988827
browser-use,Booking--15,C5,0.0,-70.49469964664311,-26.31578947368421,-26.0,0.0,0.0,0.0,-34.13078149920256
browser-use,Booking--15,C7,0.0,-74.46996466431095,-36.84210526315789,-36.0,0.0,inf,inf,-28.229665071770338
browser-use,Booking--15,C8,0.0,-58.8339222614841,-63.1578947368421,-57.99999999999999,0.0,0.0,0.0,-14.83253588516747
browser-use,Booking--16,C2,0.0,1.0204081632653061,-19.607843137254903,-22.22222222222222,0.0,inf,0.0,-15.58823529411765
browser-use,Booking--16,C5,0.0,9.523809523809524,9.803921568627452,13.333333333333334,0.0,0.0,0.0,-26.61764705882353
browser-use,Booking--16,C7,0.0,-48.29931972789115,-33.33333333333333,-33.33333333333333,0.0,inf,inf,-39.852941176470594
browser-use,Booking--16,C8,0.0,39.965986394557824,-25.49019607843137,-28.888888888888886,0.0,inf,inf,-36.76470588235294
browser-use,Booking--17,C2,0.0,-4.220779220779221,-2.5,-2.857142857142857,0.0,inf,0.0,-23.58156028368794
browser-use,Booking--17,C5,0.0,6.8181818181818175,5.0,5.714285714285714,0.0,0.0,0.0,-14.539007092198574
browser-use,Booking--17,C7,0.0,-87.66233766233766,-72.5,-71.42857142857143,0.0,inf,0.0,-44.85815602836879
browser-use,Booking--17,C8,0.0,-4.870129870129871,-20.0,-20.0,0.0,inf,inf,-28.72340425531914
browser-use,Booking--18,C2,0.0,-47.44027303754266,-22.0,-22.727272727272727,0.0,inf,0.0,-18.562874251497014
browser-use,Booking--18,C5,0.0,-47.098976109215016,-20.0,-20.454545454545457,0.0,0.0,0.0,-3.992015968063872
browser-use,Booking--18,C7,0.0,18.088737201365188,-24.0,-27.27272727272727,0.0,inf,inf,1.3972055888223467
browser-use,Booking--18,C8,0.0,-50.51194539249146,-34.0,-34.090909090909086,0.0,inf,inf,-7.584830339321366
browser-use,Booking--19,C2,0.0,-87.1875,-67.5,-65.71428571428571,0.0,inf,0.0,-12.106537530266346
browser-use,Booking--19,C5,0.0,191.875,37.5,37.142857142857146,0.0,0.0,0.0,44.794188861985475
browser-use,Booking--19,C7,0.0,44.0625,2.5,2.857142857142857,0.0,inf,inf,29.05569007263923
browser-use,Booking--19,C8,0.0,-8.4375,-10.0,-8.571428571428571,0.0,inf,inf,7.990314769975798
browser-use,Booking--2,C2,0.0,-83.0155979202773,-66.66666666666666,-63.888888888888886,0.0,inf,0.0,43.60360360360361
browser-use,Booking--2,C5,0.0,-34.835355285961874,4.761904761904762,8.333333333333332,0.0,0.0,0.0,5.94594594594594
browser-use,Booking--2,C7,0.0,-83.18890814558058,-66.66666666666666,-63.888888888888886,0.0,inf,0.0,-37.11711711711712
browser-use,Booking--2,C8,0.0,-22.357019064124785,-7.142857142857142,-5.555555555555555,0.0,inf,inf,-27.20720720720721
browser-use,Booking--20,C2,0.0,5.177993527508091,-10.0,-11.428571428571429,0.0,inf,0.0,3.203661327231118
browser-use,Booking--20,C5,0.0,6.472491909385113,0.0,0.0,0.0,0.0,0.0,29.519450800915326
browser-use,Booking--20,C7,0.0,126.86084142394822,10.0,8.571428571428571,0.0,inf,inf,29.061784897025163
browser-use,Booking--20,C8,0.0,-76.69902912621359,-75.0,-74.28571428571429,inf,inf,0.0,-8.009153318077802
browser-use,Booking--21,C2,0.0,105.90163934426229,10.256410256410255,5.88235294117647,0.0,inf,0.0,34.70437017994858
browser-use,Booking--21,C5,0.0,12.459016393442624,2.564102564102564,2.941176470588235,0.0,0.0,0.0,24.42159383033419
browser-use,Booking--21,C7,0.0,-84.59016393442623,-74.35897435897436,-73.52941176470588,0.0,inf,0.0,86.11825192802058
browser-use,Booking--21,C8,0.0,-4.590163934426229,-17.94871794871795,-17.647058823529413,0.0,inf,inf,18.251928020565558
browser-use,Booking--22,C2,0.0,-3.5143769968051117,-12.5,-14.285714285714285,0.0,inf,0.0,-11.462450592885384
browser-use,Booking--22,C5,0.0,-0.6389776357827476,12.5,14.285714285714285,0.0,0.0,0.0,-21.541501976284582
browser-use,Booking--22,C7,0.0,99.68051118210862,5.0,5.714285714285714,0.0,inf,inf,-3.5573122529644357
browser-use,Booking--22,C8,0.0,-7.667731629392971,-20.0,-20.0,0.0,inf,inf,-6.719367588932804
browser-use,Booking--23,C2,0.0,-17.11229946524064,-22.22222222222222,-25.0,0.0,inf,0.0,-23.920265780730908
browser-use,Booking--23,C5,0.0,80.21390374331551,11.11111111111111,7.5,0.0,0.0,0.0,-2.159468438538213
browser-use,Booking--23,C7,0.0,130.4812834224599,-24.444444444444443,-30.0,0.0,inf,inf,-1.3289036544850568
browser-use,Booking--23,C8,0.0,-26.737967914438503,-20.0,-20.0,0.0,inf,inf,-21.59468438538206
browser-use,Booking--24,C2,0.0,-13.348946135831383,-59.57446808510638,-57.14285714285714,0.0,inf,0.0,-33.971291866028714
browser-use,Booking--24,C5,0.0,66.51053864168618,4.25531914893617,0.0,0.0,0.0,0.0,-6.69856459330144
browser-use,Booking--24,C7,0.0,-88.52459016393442,-76.59574468085107,-76.19047619047619,0.0,inf,0.0,27.591706539074956
browser-use,Booking--24,C8,0.0,90.86651053864169,-14.893617021276595,-19.047619047619047,0.0,inf,inf,-28.229665071770338
browser-use,Booking--25,C2,0.0,-10.662824207492795,-16.666666666666664,-18.91891891891892,0.0,inf,0.0,-0.454545454545461
browser-use,Booking--25,C5,0.0,49.279538904899134,16.666666666666664,16.216216216216218,0.0,0.0,0.0,7.954545454545454
browser-use,Booking--25,C7,0.0,42.363112391930834,-16.666666666666664,-18.91891891891892,0.0,inf,inf,12.727272727272732
browser-use,Booking--25,C8,0.0,147.55043227665706,-4.761904761904762,-8.108108108108109,0.0,inf,inf,21.818181818181824
browser-use,Booking--26,C2,0.0,21.9435736677116,-4.3478260869565215,-5.128205128205128,0.0,inf,0.0,14.563106796116504
browser-use,Booking--26,C5,0.0,-0.1567398119122257,8.695652173913043,10.256410256410255,0.0,0.0,0.0,18.93203883495145
browser-use,Booking--26,C7,0.0,-52.82131661442007,-21.73913043478261,-17.94871794871795,0.0,inf,inf,5.825242718446598
browser-use,Booking--26,C8,0.0,-25.391849529780565,-15.217391304347828,-12.82051282051282,0.0,inf,inf,25.242718446601938
browser-use,Booking--27,C2,0.0,3.1192660550458715,-10.204081632653061,-11.627906976744185,0.0,inf,0.0,9.57683741648108
browser-use,Booking--27,C5,0.0,-17.98165137614679,-8.16326530612245,-9.30232558139535,0.0,0.0,0.0,-0.4454342984409705
browser-use,Booking--27,C7,0.0,-82.75229357798165,-75.51020408163265,-74.4186046511628,0.0,inf,0.0,61.692650334075715
browser-use,Booking--27,C8,0.0,20.55045871559633,-22.448979591836736,-25.581395348837212,0.0,inf,inf,-7.349665924276164
browser-use,Booking--28,C2,0.0,-47.847682119205295,-32.72727272727273,-34.69387755102041,0.0,inf,0.0,-17.274472168905948
browser-use,Booking--28,C5,0.0,-49.668874172185426,-23.636363636363637,-24.489795918367346,0.0,0.0,0.0,-26.29558541266795
browser-use,Booking--28,C7,0.0,-53.31125827814569,-41.81818181818181,-42.857142857142854,0.0,inf,inf,-26.679462571976963
browser-use,Booking--28,C8,0.0,57.78145695364238,-18.181818181818183,-20.408163265306122,0.0,inf,inf,-7.8694817658349345
browser-use,Booking--29,C2,0.0,3.469640644361834,-18.367346938775512,-21.428571428571427,0.0,inf,0.0,-10.707456978967485
browser-use,Booking--29,C5,0.0,-34.94423791821561,14.285714285714285,19.047619047619047,0.0,0.0,0.0,21.22370936902486
browser-use,Booking--29,C7,0.0,-88.10408921933085,-71.42857142857143,-69.04761904761905,0.0,inf,0.0,-35.94646271510516
browser-use,Booking--29,C8,0.0,-66.4188351920694,-36.734693877551024,-35.714285714285715,0.0,inf,inf,-23.51816443594646
browser-use,Booking--3,C2,0.0,-86.32707774798928,-75.0,-74.35897435897436,0.0,inf,0.0,22.749590834697216
browser-use,Booking--3,C5,0.0,134.85254691689008,20.454545454545457,17.94871794871795,0.0,0.0,0.0,-18.330605564648124
browser-use,Booking--3,C7,0.0,116.62198391420912,-9.090909090909092,-12.82051282051282,0.0,inf,inf,-16.20294599018003
browser-use,Booking--3,C8,0.0,69.16890080428955,-11.363636363636363,-15.384615384615385,0.0,inf,inf,-27.495908346972183
browser-use,Booking--30,C2,0.0,4.778156996587031,-12.5,-14.285714285714285,0.0,inf,0.0,-1.1013215859030838
browser-use,Booking--30,C5,0.0,82.25255972696246,17.5,17.142857142857142,0.0,0.0,0.0,21.806167400881055
browser-use,Booking--30,C7,0.0,-2.7303754266211606,-10.0,-8.571428571428571,0.0,inf,inf,-2.2026431718061676
browser-use,Booking--30,C8,0.0,125.59726962457339,-15.0,-20.0,0.0,inf,inf,36.12334801762114
browser-use,Booking--31,C2,0.0,-29.022704837117473,-23.076923076923077,-26.666666666666668,0.0,inf,0.0,-2.8846153846153846
browser-use,Booking--31,C5,0.0,-31.391905231984207,5.769230769230769,8.88888888888889,0.0,0.0,0.0,0.3846153846153901
browser-use,Booking--31,C7,0.0,7.699901283316881,-28.846153846153843,-31.11111111111111,0.0,inf,inf,0.19230769230769504
browser-use,Booking--31,C8,0.0,-52.22112537018756,-21.153846153846153,-20.0,0.0,inf,inf,10.192307692307686
browser-use,Booking--32,C2,0.0,-57.50332005312085,-30.0,-30.23255813953488,0.0,inf,0.0,-16.216216216216218
browser-use,Booking--32,C5,0.0,-29.61487383798141,-4.0,-2.3255813953488373,0.0,0.0,0.0,-16.036036036036034
browser-use,Booking--32,C7,0.0,66.79946879150066,-20.0,-20.930232558139537,0.0,inf,inf,-0.5405405405405355
browser-use,Booking--32,C8,0.0,0.5312084993359893,-30.0,-32.55813953488372,0.0,inf,inf,-10.270270270270276
browser-use,Booking--33,C2,0.0,-82.89241622574956,-73.33333333333333,-71.05263157894737,0.0,inf,0.0,36.98296836982967
browser-use,Booking--33,C5,0.0,-1.4109347442680775,0.0,0.0,0.0,0.0,0.0,48.661800486618
browser-use,Booking--33,C7,0.0,-13.756613756613756,-26.666666666666668,-28.947368421052634,0.0,inf,inf,36.73965936739659
browser-use,Booking--33,C8,0.0,-15.873015873015872,-24.444444444444443,-26.31578947368421,0.0,inf,inf,-8.029197080291981
browser-use,Booking--34,C2,0.0,-1.5625,-13.636363636363635,-15.384615384615385,0.0,inf,0.0,-25.143953934740885
browser-use,Booking--34,C5,0.0,-0.625,-4.545454545454546,-5.128205128205128,0.0,0.0,0.0,9.404990403071015
browser-use,Booking--34,C7,0.0,-70.3125,-70.45454545454545,-69.23076923076923,0.0,inf,0.0,49.904030710172734
browser-use,Booking--34,C8,0.0,35.9375,-13.636363636363635,-15.384615384615385,0.0,inf,inf,-8.637236084452974
browser-use,Booking--35,C2,0.0,-92.35474006116208,-76.59574468085107,-75.0,0.0,inf,0.0,89.4607843137255
browser-use,Booking--35,C5,0.0,-18.501529051987767,6.382978723404255,7.5,0.0,0.0,0.0,61.0294117647059
browser-use,Booking--35,C7,0.0,-93.88379204892966,-74.46808510638297,-72.5,0.0,inf,0.0,71.07843137254902
browser-use,Booking--35,C8,0.0,-16.972477064220186,-19.148936170212767,-22.5,0.0,inf,inf,6.617647058823536
browser-use,Booking--36,C2,0.0,-47.35099337748344,-36.36363636363637,-38.775510204081634,0.0,inf,0.0,-30.668604651162784
browser-use,Booking--36,C5,0.0,24.00662251655629,-5.454545454545454,-8.16326530612245,0.0,0.0,0.0,-25.145348837209298
browser-use,Booking--36,C7,0.0,-14.23841059602649,-25.454545454545453,-26.53061224489796,0.0,inf,inf,-9.156976744186043
browser-use,Booking--36,C8,0.0,32.94701986754967,-38.18181818181819,-42.857142857142854,0.0,inf,inf,-16.569767441860463
browser-use,Booking--37,C2,0.0,-92.3076923076923,-40.0,-45.0,0.0,inf,0.0,-49.14134742404227
browser-use,Booking--37,C5,0.0,70.0,165.0,130.0,0.0,0.0,0.0,-5.151915455746375
browser-use,Booking--37,C7,0.0,-94.0,-45.0,-50.0,0.0,inf,0.0,-1.4531043593130892
browser-use,Booking--37,C8,0.0,34.0,120.0,90.0,0.0,inf,inf,-30.250990752972267
browser-use,Booking--38,C2,0.0,5.177993527508091,-12.5,-14.285714285714285,0.0,inf,0.0,24.01847575057738
browser-use,Booking--38,C5,0.0,0.3236245954692557,0.0,0.0,0.0,0.0,0.0,-13.163972286374126
browser-use,Booking--38,C7,0.0,-7.119741100323624,-10.0,-8.571428571428571,0.0,inf,inf,0.4618937644341867
browser-use,Booking--38,C8,0.0,-3.8834951456310676,-10.0,-8.571428571428571,0.0,inf,inf,-3.4642032332563515
browser-use,Booking--39,C2,0.0,150.09784735812133,-21.27659574468085,-26.82926829268293,0.0,inf,0.0,2.4489795918367405
browser-use,Booking--39,C5,0.0,107.6320939334638,17.02127659574468,19.51219512195122,0.0,0.0,0.0,38.775510204081634
browser-use,Booking--39,C7,0.0,-45.40117416829745,-27.659574468085108,-26.82926829268293,0.0,inf,inf,-15.91836734693877
browser-use,Booking--39,C8,0.0,-10.95890410958904,-19.148936170212767,-19.51219512195122,0.0,inf,inf,6.122448979591836
browser-use,Booking--4,C2,0.0,-5.714285714285714,-11.363636363636363,-12.82051282051282,0.0,inf,0.0,-4.467353951890036
browser-use,Booking--4,C5,0.0,110.64935064935064,20.454545454545457,23.076923076923077,0.0,0.0,0.0,-19.759450171821307
browser-use,Booking--4,C7,0.0,241.2987012987013,4.545454545454546,2.564102564102564,0.0,inf,inf,-3.2646048109965733
browser-use,Booking--4,C8,0.0,100.77922077922076,-9.090909090909092,-12.82051282051282,0.0,inf,inf,-14.948453608247428
browser-use,Booking--40,C2,0.0,-86.45161290322581,-60.60606060606061,-63.63636363636363,0.0,inf,0.0,-43.80952380952381
browser-use,Booking--40,C5,0.0,171.61290322580643,51.515151515151516,36.36363636363637,0.0,0.0,0.0,-20.190476190476193
browser-use,Booking--40,C7,0.0,-84.83870967741936,-69.6969696969697,-72.72727272727273,0.0,inf,0.0,49.90476190476191
browser-use,Booking--40,C8,0.0,74.51612903225806,3.0303030303030303,-15.151515151515152,0.0,inf,inf,-11.619047619047622
browser-use,Booking--41,C2,0.0,4.693140794223827,-12.5,-14.285714285714285,0.0,inf,0.0,-22.433460076045638
browser-use,Booking--41,C5,0.0,36.8231046931408,2.5,0.0,0.0,0.0,0.0,-10.646387832699622
browser-use,Booking--41,C7,0.0,30.324909747292416,-17.5,-20.0,0.0,inf,inf,4.182509505703414
browser-use,Booking--41,C8,0.0,-0.36101083032490977,-25.0,-25.71428571428571,0.0,inf,inf,-34.980988593155885
browser-use,Booking--42,C2,0.0,24.048442906574394,-14.000000000000002,-15.909090909090908,0.0,inf,0.0,-4.770642201834865
browser-use,Booking--42,C5,0.0,-8.477508650519031,-2.0,-2.272727272727273,0.0,0.0,0.0,-4.770642201834865
browser-use,Booking--42,C7,0.0,-20.588235294117645,-16.0,-15.909090909090908,0.0,inf,inf,-8.256880733944955
browser-use,Booking--42,C8,0.0,37.71626297577855,-10.0,-11.363636363636363,0.0,inf,inf,0.7339449541284377
browser-use,Booking--43,C2,0.0,-26.618705035971225,-26.666666666666668,-26.666666666666668,0.0,inf,0.0,-63.16425120772947
browser-use,Booking--43,C5,0.0,-50.35971223021583,-33.33333333333333,-33.33333333333333,0.0,0.0,0.0,-17.7536231884058
browser-use,Booking--43,C7,0.0,-28.05755395683453,-33.33333333333333,-33.33333333333333,0.0,inf,0.0,-20.289855072463766
browser-use,Booking--43,C8,0.0,-59.71223021582733,-40.0,-40.0,0.0,inf,0.0,-38.76811594202898
browser-use,Booking--5,C2,100.0,inf,inf,inf,0.0,inf,0.0,
browser-use,Booking--5,C5,100.0,inf,inf,inf,0.0,0.0,0.0,
browser-use,Booking--5,C7,100.0,inf,inf,inf,0.0,inf,inf,
browser-use,Booking--5,C8,100.0,inf,inf,inf,0.0,inf,inf,
browser-use,Booking--6,C2,0.0,-51.68539325842697,-11.363636363636363,-8.108108108108109,0.0,inf,0.0,11.496746203904548
browser-use,Booking--6,C5,0.0,-39.325842696629216,0.0,5.405405405405405,0.0,0.0,0.0,-4.9891540130151935
browser-use,Booking--6,C7,0.0,-93.57945425361156,-72.72727272727273,-70.27027027027027,0.0,inf,0.0,59.002169197396945
browser-use,Booking--6,C8,0.0,-54.09309791332263,-22.727272727272727,-18.91891891891892,0.0,inf,inf,-14.75054229934925
browser-use,Booking--7,C2,0.0,-59.47630922693266,-26.0,-25.581395348837212,0.0,inf,0.0,-13.926499032882017
browser-use,Booking--7,C5,0.0,-59.97506234413965,-16.0,-13.953488372093023,0.0,0.0,0.0,-19.5357833655706
browser-use,Booking--7,C7,0.0,-93.64089775561098,-76.0,-74.4186046511628,0.0,inf,0.0,-27.079303675048354
browser-use,Booking--7,C8,0.0,9.226932668329177,-10.0,-9.30232558139535,0.0,inf,inf,-1.3539651837524231
browser-use,Booking--8,C2,0.0,-88.23529411764706,-70.83333333333334,-68.29268292682927,0.0,inf,0.0,-47.28096676737161
browser-use,Booking--8,C5,0.0,42.17772215269087,33.33333333333333,43.90243902439025,0.0,0.0,0.0,-4.078549848942602
browser-use,Booking--8,C7,0.0,-94.86858573216522,-72.91666666666666,-70.73170731707317,0.0,inf,0.0,-48.33836858006042
browser-use,Booking--8,C8,0.0,-63.454317897371716,-33.33333333333333,-31.70731707317073,0.0,inf,inf,-32.93051359516617
browser-use,Booking--9,C2,0.0,-69.03225806451613,-67.5,-65.71428571428571,0.0,inf,0.0,70.34632034632034
browser-use,Booking--9,C5,0.0,3.225806451612903,5.0,5.714285714285714,0.0,0.0,0.0,-7.142857142857152
browser-use,Booking--9,C7,0.0,-69.03225806451613,-65.0,-62.857142857142854,0.0,inf,0.0,66.23376623376622
browser-use,Booking--9,C8,0.0,127.41935483870968,0.0,-2.857142857142857,0.0,inf,inf,-14.069264069264067
browser-use,Cambridge_Dictionary--0,C2,0.0,-17.627118644067796,-2.73972602739726,-2.7777777777777777,0.0,inf,0.0,40.119760479041915
browser-use,Cambridge_Dictionary--0,C5,0.0,-16.271186440677965,1.36986301369863,1.3888888888888888,0.0,0.0,0.0,54.19161676646708
browser-use,Cambridge_Dictionary--0,C7,0.0,-87.45762711864407,-86.3013698630137,-87.5,0.0,inf,0.0,-9.880239520958076
browser-use,Cambridge_Dictionary--0,C8,0.0,-65.08474576271186,-71.23287671232876,-72.22222222222221,0.0,0.0,inf,-47.90419161676647
browser-use,Cambridge_Dictionary--1,C2,0.0,-88.68832731648617,-88.67924528301887,-88.67924528301887,0.0,inf,0.0,97.39884393063582
browser-use,Cambridge_Dictionary--1,C5,0.0,15.282791817087846,16.037735849056602,16.037735849056602,0.0,0.0,0.0,56.0693641618497
browser-use,Cambridge_Dictionary--1,C7,0.0,-88.08664259927798,-89.62264150943396,-89.62264150943396,0.0,inf,0.0,11.849710982658964
browser-use,Cambridge_Dictionary--1,C8,0.0,-56.438026474127554,-76.41509433962264,-76.41509433962264,inf,inf,0.0,66.76300578034682
browser-use,Cambridge_Dictionary--10,C2,0.0,-75.18987341772151,-64.86486486486487,-64.86486486486487,0.0,inf,0.0,67.59656652360513
browser-use,Cambridge_Dictionary--10,C5,0.0,-12.658227848101266,-8.108108108108109,-8.108108108108109,0.0,0.0,0.0,-11.373390557939924
browser-use,Cambridge_Dictionary--10,C7,0.0,-75.9493670886076,-64.86486486486487,-64.86486486486487,0.0,inf,0.0,-33.90557939914164
browser-use,Cambridge_Dictionary--10,C8,0.0,-43.291139240506325,-51.35135135135135,-51.35135135135135,0.0,inf,0.0,-46.137339055793994
browser-use,Cambridge_Dictionary--11,C2,0.0,-87.67482517482517,-90.32258064516128,-90.32258064516128,0.0,inf,0.0,91.82058047493406
browser-use,Cambridge_Dictionary--11,C5,0.0,-50.26223776223776,-12.903225806451612,-12.903225806451612,0.0,0.0,0.0,-38.52242744063324
browser-use,Cambridge_Dictionary--11,C7,0.0,-91.25874125874127,-91.61290322580645,-91.61290322580645,0.0,inf,0.0,-18.733509234828492
browser-use,Cambridge_Dictionary--11,C8,0.0,-61.27622377622378,-36.774193548387096,-36.774193548387096,0.0,inf,0.0,-45.382585751978894
browser-use,Cambridge_Dictionary--12,C2,0.0,-85.16320474777447,-85.8974358974359,-87.01298701298701,0.0,inf,0.0,-33.91304347826087
browser-use,Cambridge_Dictionary--12,C5,0.0,-4.451038575667656,-2.564102564102564,-2.5974025974025974,0.0,0.0,0.0,-20.0
browser-use,Cambridge_Dictionary--12,C7,0.0,-49.85163204747774,-69.23076923076923,-70.12987012987013,0.0,0.0,inf,-46.26086956521739
browser-use,Cambridge_Dictionary--12,C8,0.0,-81.00890207715133,-74.35897435897436,-75.32467532467533,0.0,0.0,inf,-69.21739130434781
browser-use,Cambridge_Dictionary--13,C2,0.0,-36.633663366336634,-6.578947368421052,-6.666666666666667,0.0,inf,0.0,15.531914893617015
browser-use,Cambridge_Dictionary--13,C5,0.0,5.2805280528052805,0.0,0.0,0.0,0.0,0.0,-4.6808510638297935
browser-use,Cambridge_Dictionary--13,C7,0.0,-40.26402640264026,-72.36842105263158,-73.33333333333333,0.0,0.0,inf,-29.78723404255319
browser-use,Cambridge_Dictionary--13,C8,0.0,-61.386138613861384,-72.36842105263158,-73.33333333333333,inf,0.0,inf,-18.085106382978726
browser-use,Cambridge_Dictionary--14,C2,0.0,-21.810699588477366,-4.054054054054054,-4.10958904109589,0.0,inf,0.0,-16.101694915254235
browser-use,Cambridge_Dictionary--14,C5,0.0,-1.646090534979424,-1.3513513513513513,-1.36986301369863,0.0,0.0,0.0,22.31638418079096
browser-use,Cambridge_Dictionary--14,C7,0.0,-57.61316872427984,-71.62162162162163,-72.6027397260274,0.0,0.0,inf,-64.12429378531074
browser-use,Cambridge_Dictionary--14,C8,0.0,-56.79012345679012,-71.62162162162163,-72.6027397260274,0.0,0.0,inf,-60.73446327683616
browser-use,Cambridge_Dictionary--15,C2,0.0,-79.7979797979798,-39.130434782608695,-43.47826086956522,0.0,inf,0.0,75.52742616033757
browser-use,Cambridge_Dictionary--15,C5,0.0,-16.017316017316016,4.3478260869565215,4.3478260869565215,0.0,0.0,0.0,-17.510548523206744
browser-use,Cambridge_Dictionary--15,C7,0.0,-79.22077922077922,-39.130434782608695,-39.130434782608695,0.0,inf,0.0,-46.41350210970464
browser-use,Cambridge_Dictionary--15,C8,0.0,-33.477633477633475,378.2608695652174,378.2608695652174,0.0,inf,0.0,-52.742616033755276
browser-use,Cambridge_Dictionary--16,C2,0.0,-11.26126126126126,-4.10958904109589,-4.166666666666666,0.0,inf,0.0,-5.088495575221248
browser-use,Cambridge_Dictionary--16,C5,0.0,51.35135135135135,6.8493150684931505,6.944444444444445,0.0,0.0,0.0,-1.1061946902654867
browser-use,Cambridge_Dictionary--16,C7,0.0,-82.43243243243244,-86.3013698630137,-87.5,0.0,inf,0.0,58.40707964601768
browser-use,Cambridge_Dictionary--16,C8,0.0,-52.702702702702695,-71.23287671232876,-72.22222222222221,0.0,0.0,inf,-40.48672566371682
browser-use,Cambridge_Dictionary--17,C2,0.0,-87.38461538461539,-84.93150684931507,-86.11111111111111,0.0,inf,0.0,25.240847784200387
browser-use,Cambridge_Dictionary--17,C5,0.0,131.69230769230768,5.47945205479452,5.555555555555555,0.0,0.0,0.0,-36.60886319845857
browser-use,Cambridge_Dictionary--17,C7,0.0,-47.69230769230769,-68.4931506849315,-69.44444444444444,0.0,0.0,inf,-28.901734104046245
browser-use,Cambridge_Dictionary--17,C8,0.0,-79.6923076923077,-72.6027397260274,-73.61111111111111,0.0,0.0,inf,-76.30057803468208
browser-use,Cambridge_Dictionary--18,C2,0.0,-45.14285714285714,-7.894736842105263,-8.0,0.0,inf,0.0,43.150684931506845
browser-use,Cambridge_Dictionary--18,C5,0.0,-26.0,-31.57894736842105,-32.0,0.0,0.0,0.0,70.8904109589041
browser-use,Cambridge_Dictionary--18,C7,0.0,-64.28571428571429,-72.36842105263158,-73.33333333333333,0.0,0.0,inf,-22.26027397260274
browser-use,Cambridge_Dictionary--18,C8,0.0,-53.42857142857142,-55.26315789473685,-56.00000000000001,0.0,inf,inf,12.671232876712327
browser-use,Cambridge_Dictionary--19,C2,0.0,-42.405063291139236,-9.210526315789473,-9.333333333333334,0.0,inf,0.0,32.887700534759375
browser-use,Cambridge_Dictionary--19,C5,0.0,-9.81012658227848,5.263157894736842,5.333333333333334,0.0,0.0,0.0,13.101604278074863
browser-use,Cambridge_Dictionary--19,C7,0.0,-46.51898734177215,-65.78947368421053,-66.66666666666666,0.0,inf,inf,27.540106951871667
browser-use,Cambridge_Dictionary--19,C8,0.0,-64.24050632911393,-68.42105263157895,-69.33333333333334,0.0,inf,inf,8.556149732620328
browser-use,Cambridge_Dictionary--2,C2,0.0,-85.3030303030303,-75.92592592592592,-77.35849056603774,0.0,inf,0.0,-6.442577030812337
browser-use,Cambridge_Dictionary--2,C5,0.0,113.63636363636364,251.85185185185185,258.49056603773585,0.0,0.0,0.0,73.3893557422969
browser-use,Cambridge_Dictionary--2,C7,0.0,-85.60606060606061,-75.92592592592592,-77.35849056603774,0.0,inf,0.0,-9.523809523809538
browser-use,Cambridge_Dictionary--2,C8,0.0,-97.72727272727273,-87.03703703703704,-88.67924528301887,0.0,inf,0.0,-38.93557422969188
browser-use,Cambridge_Dictionary--20,C2,0.0,-44.08284023668639,-10.256410256410255,-10.38961038961039,0.0,inf,0.0,38.39541547277936
browser-use,Cambridge_Dictionary--20,C5,0.0,-34.023668639053255,-2.564102564102564,-2.5974025974025974,0.0,0.0,0.0,-19.19770773638968
browser-use,Cambridge_Dictionary--20,C7,0.0,-88.75739644970415,-87.17948717948718,-88.31168831168831,0.0,inf,0.0,100.85959885386819
browser-use,Cambridge_Dictionary--20,C8,0.0,-69.8224852071006,-73.07692307692307,-74.02597402597402,0.0,0.0,inf,-60.74498567335244
browser-use,Cambridge_Dictionary--21,C2,0.0,-44.8512585812357,-39.66942148760331,-40.0,0.0,inf,0.0,-1.3289036544850568
browser-use,Cambridge_Dictionary--21,C5,0.0,-26.31578947368421,-38.84297520661157,-39.166666666666664,0.0,0.0,0.0,46.51162790697674
browser-use,Cambridge_Dictionary--21,C7,0.0,-77.34553775743707,-82.64462809917356,-83.33333333333334,0.0,0.0,inf,-29.568106312292365
browser-use,Cambridge_Dictionary--21,C8,0.0,-69.79405034324942,-82.64462809917356,-83.33333333333334,0.0,0.0,inf,-47.840531561461795
browser-use,Cambridge_Dictionary--22,C2,0.0,-39.35483870967742,-14.102564102564102,-14.285714285714285,0.0,inf,0.0,-26.47058823529412
browser-use,Cambridge_Dictionary--22,C5,0.0,12.903225806451612,-6.41025641025641,-6.493506493506493,0.0,0.0,0.0,-50.73529411764706
browser-use,Cambridge_Dictionary--22,C7,0.0,-47.096774193548384,-70.51282051282051,-71.42857142857143,0.0,0.0,inf,-36.39705882352941
browser-use,Cambridge_Dictionary--22,C8,0.0,-66.12903225806451,-73.07692307692307,-74.02597402597402,0.0,0.0,inf,-52.75735294117647
browser-use,Cambridge_Dictionary--23,C2,0.0,-80.83333333333333,-85.8974358974359,-87.01298701298701,0.0,inf,0.0,87.79761904761905
browser-use,Cambridge_Dictionary--23,C5,0.0,-48.541666666666664,-2.564102564102564,-2.5974025974025974,0.0,0.0,0.0,30.654761904761894
browser-use,Cambridge_Dictionary--23,C7,0.0,-66.66666666666666,-70.51282051282051,-71.42857142857143,0.0,0.0,inf,-10.714285714285717
browser-use,Cambridge_Dictionary--23,C8,0.0,-78.54166666666667,-73.07692307692307,-74.02597402597402,0.0,0.0,inf,-29.166666666666668
browser-use,Cambridge_Dictionary--24,C2,0.0,-46.865671641791046,-10.666666666666668,-10.81081081081081,0.0,inf,0.0,-35.858585858585855
browser-use,Cambridge_Dictionary--24,C5,0.0,46.56716417910447,25.333333333333336,25.675675675675674,0.0,0.0,0.0,-39.73063973063973
browser-use,Cambridge_Dictionary--24,C7,0.0,-68.65671641791045,-70.66666666666667,-71.62162162162163,0.0,0.0,inf,-79.7979797979798
browser-use,Cambridge_Dictionary--24,C8,0.0,-80.0,-72.0,-72.97297297297297,0.0,0.0,inf,-74.07407407407408
browser-use,Cambridge_Dictionary--25,C2,0.0,-76.57213316892725,-15.853658536585366,-16.049382716049383,0.0,inf,0.0,18.421052631578945
browser-use,Cambridge_Dictionary--25,C5,0.0,-52.28113440197287,-7.317073170731707,-7.4074074074074066,0.0,0.0,0.0,50.78947368421052
browser-use,Cambridge_Dictionary--25,C7,0.0,-87.54623921085081,-74.39024390243902,-75.30864197530865,0.0,0.0,inf,-39.73684210526316
browser-use,Cambridge_Dictionary--25,C8,0.0,-87.422934648582,-74.39024390243902,-75.30864197530865,0.0,0.0,inf,-65.0
browser-use,Cambridge_Dictionary--26,C2,0.0,-37.64988009592326,-37.39837398373984,-37.704918032786885,0.0,inf,0.0,-7.365439093484404
browser-use,Cambridge_Dictionary--26,C5,0.0,-16.30695443645084,-17.073170731707318,-17.21311475409836,0.0,0.0,0.0,37.393767705382444
browser-use,Cambridge_Dictionary--26,C7,0.0,-90.64748201438849,-91.05691056910568,-91.80327868852459,0.0,inf,0.0,-14.16430594900849
browser-use,Cambridge_Dictionary--26,C8,0.0,-69.7841726618705,-82.92682926829268,-83.60655737704919,0.0,0.0,inf,-32.0113314447592
browser-use,Cambridge_Dictionary--27,C2,0.0,-13.087248322147651,-5.263157894736842,-5.333333333333334,0.0,inf,0.0,22.42562929061784
browser-use,Cambridge_Dictionary--27,C5,0.0,62.08053691275168,5.263157894736842,5.333333333333334,0.0,0.0,0.0,-21.052631578947373
browser-use,Cambridge_Dictionary--27,C7,0.0,-65.77181208053692,-72.36842105263158,-73.33333333333333,0.0,0.0,inf,-55.37757437070938
browser-use,Cambridge_Dictionary--27,C8,0.0,-64.09395973154362,-72.36842105263158,-73.33333333333333,0.0,0.0,inf,-28.604118993135017
browser-use,Cambridge_Dictionary--28,C2,0.0,42.94117647058823,-7.59493670886076,-7.6923076923076925,0.0,inf,0.0,61.23595505617977
browser-use,Cambridge_Dictionary--28,C5,0.0,114.11764705882352,-3.79746835443038,-3.8461538461538463,0.0,0.0,0.0,56.74157303370785
browser-use,Cambridge_Dictionary--28,C7,0.0,6.470588235294119,-70.88607594936708,-71.7948717948718,0.0,0.0,inf,6.179775280898864
browser-use,Cambridge_Dictionary--28,C8,0.0,-22.941176470588236,-73.41772151898735,-74.35897435897436,0.0,0.0,inf,18.539325842696634
browser-use,Cambridge_Dictionary--29,C2,0.0,-43.32344213649852,-8.974358974358974,-9.090909090909092,0.0,inf,0.0,-42.99999999999999
browser-use,Cambridge_Dictionary--29,C5,0.0,-27.299703264094955,-3.8461538461538463,-3.896103896103896,0.0,0.0,0.0,-35.49999999999999
browser-use,Cambridge_Dictionary--29,C7,0.0,-37.0919881305638,-71.7948717948718,-72.72727272727273,0.0,0.0,inf,-48.166666666666664
browser-use,Cambridge_Dictionary--29,C8,0.0,-34.124629080118694,-71.7948717948718,-72.72727272727273,0.0,0.0,inf,-38.166666666666664
browser-use,Cambridge_Dictionary--3,C2,0.0,-91.38673557278209,-91.35802469135803,-91.35802469135803,0.0,inf,0.0,-24.509803921568622
browser-use,Cambridge_Dictionary--3,C5,0.0,-78.98363479758828,-79.62962962962963,-79.62962962962963,0.0,0.0,0.0,-32.35294117647058
browser-use,Cambridge_Dictionary--3,C7,0.0,-90.869939707149,-92.5925925925926,-92.5925925925926,0.0,inf,0.0,75.98039215686275
browser-use,Cambridge_Dictionary--3,C8,0.0,-76.57192075796728,-80.24691358024691,-80.24691358024691,0.0,0.0,0.0,-48.28431372549019
browser-use,Cambridge_Dictionary--30,C2,0.0,-69.0909090909091,-85.71428571428571,-86.8421052631579,0.0,inf,0.0,91.29287598944592
browser-use,Cambridge_Dictionary--30,C5,0.0,-8.484848484848486,5.194805194805195,5.263157894736842,0.0,0.0,0.0,17.150395778364118
browser-use,Cambridge_Dictionary--30,C7,0.0,-36.36363636363637,-70.12987012987013,-71.05263157894737,0.0,0.0,inf,50.395778364116104
browser-use,Cambridge_Dictionary--30,C8,0.0,-50.60606060606061,-72.72727272727273,-73.68421052631578,0.0,0.0,inf,29.023746701846964
browser-use,Cambridge_Dictionary--31,C2,0.0,-7.526881720430108,-10.0,-10.126582278481013,0.0,inf,0.0,23.25581395348837
browser-use,Cambridge_Dictionary--31,C5,0.0,17.20430107526882,-18.75,-18.9873417721519,0.0,0.0,0.0,-0.7751937984496096
browser-use,Cambridge_Dictionary--31,C7,0.0,-86.37992831541219,-87.5,-88.60759493670885,0.0,inf,0.0,-45.15503875968992
browser-use,Cambridge_Dictionary--31,C8,0.0,-41.21863799283154,-73.75,-74.68354430379746,0.0,0.0,inf,-43.02325581395349
browser-use,Cambridge_Dictionary--32,C2,0.0,-91.59663865546219,-87.01298701298701,-88.1578947368421,0.0,inf,0.0,-27.27272727272727
browser-use,Cambridge_Dictionary--32,C5,0.0,-33.82352941176471,2.5974025974025974,2.631578947368421,0.0,0.0,0.0,12.566844919786105
browser-use,Cambridge_Dictionary--32,C7,0.0,-92.43697478991596,-87.01298701298701,-88.1578947368421,0.0,inf,0.0,-8.02139037433155
browser-use,Cambridge_Dictionary--32,C8,0.0,-66.17647058823529,-70.12987012987013,-71.05263157894737,0.0,inf,inf,-15.508021390374324
browser-use,Cambridge_Dictionary--33,C2,0.0,-67.1875,-86.07594936708861,-87.17948717948718,0.0,inf,0.0,20.96219931271478
browser-use,Cambridge_Dictionary--33,C5,0.0,-10.9375,-1.2658227848101267,-1.282051282051282,0.0,0.0,0.0,-15.463917525773196
browser-use,Cambridge_Dictionary--33,C7,0.0,-69.375,-86.07594936708861,-87.17948717948718,0.0,inf,0.0,15.292096219931256
browser-use,Cambridge_Dictionary--33,C8,0.0,-60.0,-73.41772151898735,-74.35897435897436,0.0,0.0,inf,-49.484536082474236
browser-use,Cambridge_Dictionary--34,C2,0.0,-37.82051282051282,-6.578947368421052,-6.666666666666667,0.0,inf,0.0,-3.2967032967033045
browser-use,Cambridge_Dictionary--34,C5,0.0,-8.653846153846153,2.631578947368421,2.666666666666667,0.0,0.0,0.0,97.8021978021978
browser-use,Cambridge_Dictionary--34,C7,0.0,-35.8974358974359,-72.36842105263158,-73.33333333333333,0.0,0.0,inf,35.164835164835154
browser-use,Cambridge_Dictionary--34,C8,0.0,-45.83333333333333,-69.73684210526315,-70.66666666666667,0.0,inf,inf,45.05494505494506
browser-use,Cambridge_Dictionary--35,C2,0.0,-36.29893238434164,-8.823529411764707,-8.955223880597014,0.0,inf,0.0,-60.280373831775705
browser-use,Cambridge_Dictionary--35,C5,0.0,5.6939501779359425,11.76470588235294,11.940298507462686,0.0,0.0,0.0,-27.102803738317764
browser-use,Cambridge_Dictionary--35,C7,0.0,-84.69750889679716,-86.76470588235294,-88.05970149253731,0.0,inf,0.0,-32.398753894081
browser-use,Cambridge_Dictionary--35,C8,0.0,-53.380782918149464,-69.11764705882352,-70.1492537313433,0.0,0.0,inf,-37.071651090342684
browser-use,Cambridge_Dictionary--36,C2,0.0,-68.03953871499176,-12.345679012345679,-12.5,0.0,inf,0.0,8.390022675736951
browser-use,Cambridge_Dictionary--36,C5,0.0,19.934102141680395,-17.28395061728395,-17.5,0.0,0.0,0.0,25.623582766439903
browser-use,Cambridge_Dictionary--36,C7,0.0,-78.41845140032949,-74.07407407407408,-75.0,0.0,0.0,inf,-15.419501133786856
browser-use,Cambridge_Dictionary--36,C8,0.0,-77.59472817133442,-74.07407407407408,-75.0,0.0,0.0,inf,-10.657596371882093
browser-use,Cambridge_Dictionary--37,C2,0.0,-46.04810996563574,-19.17808219178082,-19.444444444444446,0.0,inf,0.0,-44.09005628517823
browser-use,Cambridge_Dictionary--37,C5,0.0,149.82817869415808,12.32876712328767,12.5,0.0,0.0,0.0,18.949343339587248
browser-use,Cambridge_Dictionary--37,C7,0.0,-13.745704467353953,-65.75342465753424,-66.66666666666666,0.0,inf,inf,-5.6285178236397755
browser-use,Cambridge_Dictionary--37,C8,0.0,-52.57731958762887,-69.86301369863014,-70.83333333333334,0.0,0.0,inf,-38.64915572232645
browser-use,Cambridge_Dictionary--38,C2,0.0,-82.5,-86.8421052631579,-88.0,0.0,inf,0.0,-19.004524886877842
browser-use,Cambridge_Dictionary--38,C5,0.0,6.785714285714286,0.0,0.0,0.0,0.0,0.0,-9.049773755656108
browser-use,Cambridge_Dictionary--38,C7,0.0,-38.21428571428571,-69.73684210526315,-70.66666666666667,0.0,0.0,inf,-31.447963800904983
browser-use,Cambridge_Dictionary--38,C8,0.0,-36.78571428571429,-71.05263157894737,-72.0,0.0,0.0,inf,-21.945701357466067
browser-use,Cambridge_Dictionary--39,C2,0.0,-87.76223776223776,-82.85714285714286,-82.85714285714286,0.0,inf,0.0,-21.315192743764168
browser-use,Cambridge_Dictionary--39,C5,0.0,-16.55011655011655,-28.57142857142857,-28.57142857142857,0.0,0.0,0.0,39.455782312925166
browser-use,Cambridge_Dictionary--39,C7,0.0,-82.86713286713287,-78.57142857142857,-78.57142857142857,0.0,inf,0.0,-41.49659863945578
browser-use,Cambridge_Dictionary--39,C8,-100.0,-100.0,-100.0,-100.0,0.0,0.0,0.0,
browser-use,Cambridge_Dictionary--4,C2,0.0,-58.55855855855856,-84.93150684931507,-86.11111111111111,0.0,inf,0.0,-35.60767590618337
browser-use,Cambridge_Dictionary--4,C5,0.0,256.3063063063063,10.95890410958904,11.11111111111111,0.0,0.0,0.0,-23.880597014925364
browser-use,Cambridge_Dictionary--4,C7,0.0,-25.675675675675674,-68.4931506849315,-69.44444444444444,0.0,0.0,inf,-23.454157782515992
browser-use,Cambridge_Dictionary--4,C8,0.0,-70.72072072072072,-72.6027397260274,-73.61111111111111,0.0,0.0,inf,-64.81876332622602
browser-use,Cambridge_Dictionary--40,C2,0.0,-55.68181818181818,213.79310344827584,225.0,0.0,inf,0.0,6.388206388206374
browser-use,Cambridge_Dictionary--40,C5,0.0,15.625,472.4137931034483,492.8571428571429,0.0,0.0,0.0,-7.371007371007371
browser-use,Cambridge_Dictionary--40,C7,0.0,-86.2215909090909,-55.172413793103445,-57.14285714285714,0.0,inf,0.0,14.004914004913992
browser-use,Cambridge_Dictionary--40,C8,0.0,-85.22727272727273,-27.586206896551722,-28.57142857142857,0.0,0.0,inf,-40.54054054054055
browser-use,Cambridge_Dictionary--41,C2,0.0,-90.03215434083602,-92.14285714285714,-92.80575539568345,0.0,inf,0.0,-49.158249158249156
browser-use,Cambridge_Dictionary--41,C5,0.0,-9.110396570203644,-70.71428571428572,-71.22302158273382,0.0,0.0,0.0,-38.72053872053872
browser-use,Cambridge_Dictionary--41,C7,0.0,-90.13933547695605,-92.14285714285714,-92.80575539568345,0.0,inf,0.0,-3.3670033670033668
browser-use,Cambridge_Dictionary--41,C8,0.0,-92.39013933547695,-85.0,-85.61151079136691,0.0,0.0,inf,-51.85185185185185
browser-use,Cambridge_Dictionary--42,C2,0.0,-43.82022471910113,-30.555555555555557,-30.8411214953271,0.0,inf,0.0,-16.85649202733485
browser-use,Cambridge_Dictionary--42,C5,0.0,-11.797752808988763,0.9259259259259258,0.9345794392523363,0.0,0.0,0.0,-11.389521640091116
browser-use,Cambridge_Dictionary--42,C7,0.0,-69.10112359550563,-80.55555555555556,-81.30841121495327,0.0,0.0,inf,-36.44646924829157
browser-use,Cambridge_Dictionary--42,C8,0.0,-69.3820224719101,-80.55555555555556,-81.30841121495327,0.0,0.0,inf,-45.558086560364465
browser-use,Cambridge_Dictionary--5,C2,0.0,-95.41809851088202,-93.29608938547486,-93.29608938547486,0.0,inf,0.0,30.4832713754647
browser-use,Cambridge_Dictionary--5,C5,0.0,10.423825887743414,-20.11173184357542,-20.11173184357542,0.0,0.0,0.0,17.28624535315986
browser-use,Cambridge_Dictionary--5,C7,0.0,-88.77434135166094,-92.17877094972067,-92.73743016759776,0.0,inf,0.0,-40.70631970260223
browser-use,Cambridge_Dictionary--5,C8,0.0,-89.3470790378007,-93.85474860335195,-94.41340782122904,inf,inf,0.0,-16.91449814126393
browser-use,Cambridge_Dictionary--6,C2,0.0,-85.55555555555556,-86.8421052631579,-88.0,0.0,inf,0.0,59.91735537190084
browser-use,Cambridge_Dictionary--6,C5,0.0,11.851851851851853,0.0,0.0,0.0,0.0,0.0,-36.15702479338843
browser-use,Cambridge_Dictionary--6,C7,0.0,-58.88888888888889,-72.36842105263158,-73.33333333333333,0.0,0.0,inf,-46.48760330578512
browser-use,Cambridge_Dictionary--6,C8,0.0,-49.629629629629626,-72.36842105263158,-73.33333333333333,0.0,0.0,inf,-39.87603305785123
browser-use,Cambridge_Dictionary--7,C2,0.0,-85.96750369276218,-86.58536585365853,-87.65432098765432,0.0,inf,0.0,-45.802919708029194
browser-use,Cambridge_Dictionary--7,C5,0.0,-46.5288035450517,36.58536585365854,37.03703703703704,0.0,0.0,0.0,-33.21167883211678
browser-use,Cambridge_Dictionary--7,C7,0.0,-75.7754800590842,-71.95121951219512,-72.8395061728395,0.0,0.0,inf,-34.48905109489051
browser-use,Cambridge_Dictionary--7,C8,0.0,-84.19497784342688,-74.39024390243902,-75.30864197530865,0.0,0.0,inf,-59.67153284671532
browser-use,Cambridge_Dictionary--8,C2,0.0,-49.865229110512125,-12.82051282051282,-12.987012987012985,0.0,inf,0.0,-51.8341307814992
browser-use,Cambridge_Dictionary--8,C5,0.0,-3.234501347708895,-2.564102564102564,-2.5974025974025974,0.0,0.0,0.0,-59.4896331738437
browser-use,Cambridge_Dictionary--8,C7,0.0,-64.42048517520216,-71.7948717948718,-72.72727272727273,0.0,0.0,inf,-62.20095693779905
browser-use,Cambridge_Dictionary--8,C8,0.0,-64.42048517520216,-73.07692307692307,-74.02597402597402,0.0,0.0,inf,-56.9377990430622
browser-use,Cambridge_Dictionary--9,C2,0.0,-16.61341853035144,-1.282051282051282,-1.2987012987012987,0.0,inf,0.0,-39.38814531548757
browser-use,Cambridge_Dictionary--9,C5,0.0,-7.987220447284344,7.6923076923076925,7.792207792207792,0.0,0.0,0.0,-12.619502868068825
browser-use,Cambridge_Dictionary--9,C7,0.0,-66.13418530351439,-73.07692307692307,-74.02597402597402,0.0,0.0,inf,-49.139579349904395
browser-use,Cambridge_Dictionary--9,C8,0.0,-64.85623003194888,-73.07692307692307,-74.02597402597402,0.0,0.0,inf,-46.271510516252384
browser-use,Coursera--0,C2,0.0,-76.12293144208037,-26.666666666666668,-28.57142857142857,0.0,inf,0.0,25.59414990859232
browser-use,Coursera--0,C5,0.0,140.66193853427896,40.0,42.857142857142854,0.0,0.0,0.0,17.733089579524687
browser-use,Coursera--0,C7,0.0,-91.01654846335697,-26.666666666666668,-28.57142857142857,0.0,inf,0.0,26.508226691042047
browser-use,Coursera--0,C8,0.0,-82.50591016548464,-33.33333333333333,-35.714285714285715,inf,inf,0.0,-27.05667276051189
browser-use,Coursera--1,C2,0.0,-9.514563106796116,0.0,0.0,0.0,0.0,0.0,-53.5377358490566
browser-use,Coursera--1,C5,0.0,0.9708737864077669,0.0,0.0,0.0,0.0,0.0,3.7735849056603805
browser-use,Coursera--1,C7,0.0,-33.00970873786408,0.0,0.0,0.0,0.0,0.0,-7.547169811320745
browser-use,Coursera--1,C8,0.0,-33.78640776699029,0.0,0.0,0.0,0.0,0.0,6.60377358490567
browser-use,Coursera--10,C2,0.0,-2.109704641350211,0.0,0.0,0.0,0.0,0.0,12.435233160621754
browser-use,Coursera--10,C5,0.0,10.759493670886076,0.0,0.0,0.0,0.0,0.0,19.170984455958546
browser-use,Coursera--10,C7,0.0,-0.21097046413502107,-9.090909090909092,-10.0,0.0,0.0,0.0,-7.772020725388601
browser-use,Coursera--10,C8,0.0,-0.21097046413502107,0.0,0.0,0.0,0.0,0.0,-16.321243523316074
browser-use,Coursera--11,C2,0.0,-1.8306636155606408,0.0,0.0,0.0,0.0,0.0,-6.434316353887397
browser-use,Coursera--11,C5,0.0,1.3729977116704806,0.0,0.0,0.0,0.0,0.0,11.52815013404827
browser-use,Coursera--11,C7,0.0,-0.2288329519450801,0.0,0.0,0.0,0.0,0.0,1.3404825737265416
browser-use,Coursera--11,C8,0.0,-0.9153318077803204,0.0,0.0,0.0,0.0,0.0,-28.954423592493296
browser-use,Coursera--12,C2,0.0,0.0,0.0,0.0,0.0,0.0,0.0,-20.886075949367093
browser-use,Coursera--12,C5,0.0,-0.8333333333333334,0.0,0.0,0.0,0.0,0.0,-21.835443037974688
browser-use,Coursera--12,C7,0.0,32.708333333333336,0.0,0.0,0.0,0.0,0.0,16.772151898734165
browser-use,Coursera--12,C8,0.0,0.0,0.0,0.0,0.0,0.0,0.0,3.797468354430366
browser-use,Coursera--13,C2,0.0,-11.847389558232932,-15.384615384615385,-16.666666666666664,0.0,0.0,0.0,-2.3738872403560958
browser-use,Coursera--13,C5,0.0,-0.2008032128514056,0.0,0.0,0.0,0.0,0.0,6.528189910979215
browser-use,Coursera--13,C7,0.0,-12.048192771084338,-15.384615384615385,-16.666666666666664,0.0,0.0,0.0,-12.759643916913957
browser-use,Coursera--13,C8,0.0,-11.04417670682731,-15.384615384615385,-16.666666666666664,0.0,0.0,0.0,14.540059347181003
browser-use,Coursera--14,C2,0.0,6.622516556291391,-8.333333333333332,-9.090909090909092,0.0,0.0,0.0,39.68750000000001
browser-use,Coursera--14,C5,0.0,9.492273730684326,-8.333333333333332,-9.090909090909092,0.0,0.0,0.0,1.5625
browser-use,Coursera--14,C7,0.0,7.9470198675496695,-8.333333333333332,-9.090909090909092,0.0,0.0,0.0,36.87499999999999
browser-use,Coursera--14,C8,0.0,17.439293598233995,-8.333333333333332,-9.090909090909092,0.0,0.0,0.0,45.62500000000001
browser-use,Coursera--15,C2,0.0,-92.88617886178862,0.0,0.0,0.0,inf,0.0,-33.77777777777778
browser-use,Coursera--15,C5,0.0,-2.0325203252032518,0.0,0.0,0.0,0.0,0.0,-0.6666666666666604
browser-use,Coursera--15,C7,0.0,-90.4471544715447,-9.090909090909092,-10.0,0.0,inf,0.0,72.00000000000001
browser-use,Coursera--15,C8,0.0,-1.2195121951219512,0.0,0.0,0.0,0.0,0.0,-25.555555555555554
browser-use,Coursera--16,C2,0.0,-92.58555133079848,-9.090909090909092,-10.0,0.0,inf,0.0,155.59701492537314
browser-use,Coursera--16,C5,0.0,0.38022813688212925,0.0,0.0,0.0,0.0,0.0,5.22388059701492
browser-use,Coursera--16,C7,0.0,1.3307984790874523,0.0,0.0,0.0,0.0,0.0,34.32835820895522
browser-use,Coursera--16,C8,0.0,-66.92015209125475,-9.090909090909092,-10.0,0.0,0.0,0.0,-20.52238805970149
browser-use,Coursera--17,C2,0.0,2.2222222222222223,0.0,0.0,0.0,0.0,0.0,-9.812108559498947
browser-use,Coursera--17,C5,0.0,-13.086419753086421,0.0,0.0,0.0,0.0,0.0,-18.580375782881
browser-use,Coursera--17,C7,0.0,-8.641975308641975,0.0,0.0,0.0,0.0,0.0,-22.1294363256785
browser-use,Coursera--17,C8,0.0,-9.135802469135802,0.0,0.0,0.0,0.0,0.0,-10.647181628392488
browser-use,Coursera--18,C2,0.0,-90.7514450867052,-9.090909090909092,-10.0,0.0,inf,0.0,2.506963788300832
browser-use,Coursera--18,C5,0.0,-1.9267822736030826,0.0,0.0,0.0,0.0,0.0,0.5571030640668604
browser-use,Coursera--18,C7,0.0,-5.009633911368015,0.0,0.0,0.0,0.0,0.0,18.941504178272993
browser-use,Coursera--18,C8,0.0,-36.99421965317919,0.0,0.0,0.0,0.0,0.0,4.178272980501393
browser-use,Coursera--19,C2,0.0,-2.11864406779661,0.0,0.0,0.0,0.0,0.0,-40.97859327217125
browser-use,Coursera--19,C5,0.0,-2.754237288135593,0.0,0.0,0.0,0.0,0.0,-9.174311926605515
browser-use,Coursera--19,C7,0.0,-78.38983050847457,0.0,0.0,0.0,inf,0.0,86.85015290519877
browser-use,Coursera--19,C8,0.0,0.211864406779661,0.0,0.0,0.0,0.0,0.0,-4.587155963302763
browser-use,Coursera--2,C2,0.0,-89.73305954825463,-9.090909090909092,-10.0,0.0,inf,0.0,125.94752186588923
browser-use,Coursera--2,C5,0.0,-12.320328542094455,0.0,0.0,0.0,0.0,0.0,-31.778425655976676
browser-use,Coursera--2,C7,0.0,-70.02053388090349,36.36363636363637,40.0,0.0,inf,0.0,105.24781341107877
browser-use,Coursera--2,C8,0.0,-7.802874743326489,0.0,0.0,0.0,0.0,0.0,1.1661807580175094
browser-use,Coursera--20,C2,0.0,3.2663316582914574,0.0,0.0,0.0,0.0,0.0,-5.099778270509987
browser-use,Coursera--20,C5,0.0,-9.296482412060302,0.0,0.0,0.0,0.0,0.0,-15.29933481152993
browser-use,Coursera--20,C7,0.0,-90.45226130653266,-9.090909090909092,-10.0,0.0,inf,0.0,-31.92904656319291
browser-use,Coursera--20,C8,0.0,3.2663316582914574,0.0,0.0,0.0,0.0,0.0,-10.421286031042134
browser-use,Coursera--21,C2,0.0,1.9522776572668112,0.0,0.0,0.0,0.0,0.0,-3.8314176245210727
browser-use,Coursera--21,C5,0.0,11.279826464208242,0.0,0.0,0.0,0.0,0.0,43.29501915708811
browser-use,Coursera--21,C7,0.0,9.97830802603037,-9.090909090909092,-10.0,0.0,0.0,0.0,24.904214559386972
browser-use,Coursera--21,C8,0.0,12.147505422993492,0.0,0.0,0.0,0.0,0.0,66.28352490421454
browser-use,Coursera--22,C2,0.0,-89.34782608695652,-15.384615384615385,-16.666666666666664,0.0,inf,0.0,-4.210526315789478
browser-use,Coursera--22,C5,0.0,-2.608695652173913,-15.384615384615385,-16.666666666666664,0.0,0.0,0.0,-14.473684210526317
browser-use,Coursera--22,C7,0.0,-65.65217391304347,7.6923076923076925,8.333333333333332,0.0,inf,0.0,86.05263157894738
browser-use,Coursera--22,C8,0.0,-2.8260869565217392,-15.384615384615385,-16.666666666666664,0.0,0.0,0.0,-22.631578947368425
browser-use,Coursera--23,C2,0.0,2.9723991507431,0.0,0.0,0.0,0.0,0.0,-7.986111111111113
browser-use,Coursera--23,C5,0.0,-1.910828025477707,0.0,0.0,0.0,0.0,0.0,-11.111111111111107
browser-use,Coursera--23,C7,0.0,1.0615711252653928,0.0,0.0,0.0,0.0,0.0,-5.55555555555556
browser-use,Coursera--23,C8,0.0,12.314225053078557,0.0,0.0,0.0,0.0,0.0,65.97222222222221
browser-use,Coursera--24,C2,0.0,-33.52165725047081,0.0,0.0,0.0,0.0,0.0,-6.183368869936031
browser-use,Coursera--24,C5,0.0,-8.286252354048965,0.0,0.0,0.0,0.0,0.0,-17.910447761194025
browser-use,Coursera--24,C7,0.0,-29.75517890772128,0.0,0.0,0.0,0.0,0.0,-10.234541577825155
browser-use,Coursera--24,C8,0.0,-29.566854990583803,9.090909090909092,10.0,0.0,0.0,0.0,-9.594882729211088
browser-use,Coursera--25,C2,0.0,-10.251450676982591,0.0,0.0,0.0,0.0,0.0,-13.689095127610203
browser-use,Coursera--25,C5,0.0,-11.218568665377177,0.0,0.0,0.0,0.0,0.0,-43.1554524361949
browser-use,Coursera--25,C7,0.0,-9.477756286266924,0.0,0.0,0.0,0.0,0.0,-30.626450116009284
browser-use,Coursera--25,C8,0.0,1.3539651837524178,0.0,0.0,0.0,0.0,0.0,18.793503480278424
browser-use,Coursera--26,C2,0.0,10.886075949367088,0.0,0.0,0.0,0.0,0.0,-9.767441860465123
browser-use,Coursera--26,C5,0.0,8.860759493670885,0.0,0.0,0.0,0.0,0.0,-19.06976744186047
browser-use,Coursera--26,C7,0.0,1.0126582278481013,0.0,0.0,0.0,0.0,0.0,-3.720930232558143
browser-use,Coursera--26,C8,0.0,12.91139240506329,0.0,0.0,0.0,0.0,0.0,-17.441860465116278
browser-use,Coursera--27,C2,0.0,0.0,0.0,0.0,0.0,0.0,0.0,23.18339100346022
browser-use,Coursera--27,C5,0.0,-3.4403669724770642,0.0,0.0,0.0,0.0,0.0,-19.031141868512112
browser-use,Coursera--27,C7,0.0,2.064220183486239,0.0,0.0,0.0,0.0,0.0,39.7923875432526
browser-use,Coursera--27,C8,0.0,-0.45871559633027525,0.0,0.0,0.0,0.0,0.0,-18.339100346020754
browser-use,Coursera--28,C2,0.0,-12.039312039312039,-26.666666666666668,-28.57142857142857,0.0,0.0,0.0,-18.134715025906736
browser-use,Coursera--28,C5,0.0,-14.496314496314497,-26.666666666666668,-28.57142857142857,0.0,0.0,0.0,-31.606217616580306
browser-use,Coursera--28,C7,0.0,-14.004914004914005,-26.666666666666668,-28.57142857142857,0.0,0.0,0.0,-21.761658031088086
browser-use,Coursera--28,C8,0.0,-15.233415233415235,-26.666666666666668,-28.57142857142857,0.0,0.0,0.0,-35.924006908462864
browser-use,Coursera--29,C2,0.0,-81.2720848056537,0.0,0.0,0.0,inf,0.0,162.91666666666666
browser-use,Coursera--29,C5,0.0,-6.007067137809187,0.0,0.0,0.0,0.0,0.0,30.0
browser-use,Coursera--29,C7,0.0,-0.35335689045936397,0.0,0.0,0.0,0.0,0.0,3.333333333333336
browser-use,Coursera--29,C8,0.0,26.501766784452297,0.0,0.0,0.0,0.0,0.0,20.000000000000004
browser-use,Coursera--3,C2,0.0,16.292134831460675,0.0,0.0,0.0,0.0,0.0,-2.2222222222222188
browser-use,Coursera--3,C5,0.0,17.696629213483146,0.0,0.0,0.0,0.0,0.0,16.049382716049383
browser-use,Coursera--3,C7,0.0,0.8426966292134831,0.0,0.0,0.0,0.0,0.0,2.2222222222222188
browser-use,Coursera--3,C8,0.0,0.5617977528089888,0.0,0.0,0.0,0.0,0.0,-15.555555555555548
browser-use,Coursera--30,C2,0.0,-1.6666666666666667,-13.333333333333334,-14.285714285714285,0.0,0.0,0.0,-11.568123393316196
browser-use,Coursera--30,C5,0.0,93.51851851851852,40.0,42.857142857142854,0.0,0.0,0.0,60.66838046272495
browser-use,Coursera--30,C7,0.0,-89.62962962962962,-33.33333333333333,-35.714285714285715,0.0,inf,0.0,102.05655526992288
browser-use,Coursera--30,C8,0.0,-15.0,-26.666666666666668,-28.57142857142857,0.0,0.0,0.0,-20.051413881748065
browser-use,Coursera--31,C2,0.0,-12.612612612612612,-26.666666666666668,-28.57142857142857,0.0,0.0,0.0,-19.450800915331808
browser-use,Coursera--31,C5,0.0,-14.054054054054054,-26.666666666666668,-28.57142857142857,0.0,0.0,0.0,-43.47826086956522
browser-use,Coursera--31,C7,0.0,-83.24324324324324,-26.666666666666668,-28.57142857142857,0.0,inf,0.0,-28.832951945080094
browser-use,Coursera--31,C8,0.0,-14.594594594594595,-20.0,-21.428571428571427,inf,0.0,0.0,-28.604118993135017
browser-use,Coursera--32,C2,0.0,1.5706806282722512,0.0,0.0,0.0,0.0,0.0,15.567282321899734
browser-use,Coursera--32,C5,0.0,1.832460732984293,0.0,0.0,0.0,0.0,0.0,18.997361477572568
browser-use,Coursera--32,C7,0.0,1.5706806282722512,0.0,0.0,0.0,0.0,0.0,-1.3192612137203166
browser-use,Coursera--32,C8,0.0,1.3089005235602094,0.0,0.0,0.0,0.0,0.0,-3.430079155672816
browser-use,Coursera--33,C2,0.0,-4.97131931166348,-26.666666666666668,-28.57142857142857,0.0,0.0,0.0,-28.40909090909091
browser-use,Coursera--33,C5,0.0,-33.269598470363285,-26.666666666666668,-28.57142857142857,0.0,0.0,0.0,-24.053030303030294
browser-use,Coursera--33,C7,0.0,-33.07839388145315,-26.666666666666668,-28.57142857142857,0.0,0.0,0.0,-27.840909090909083
browser-use,Coursera--33,C8,0.0,-1.9120458891013385,-26.666666666666668,-28.57142857142857,0.0,0.0,0.0,-23.1060606060606
browser-use,Coursera--34,C2,0.0,-90.98497495826378,-26.666666666666668,-28.57142857142857,0.0,inf,0.0,-11.286681715575622
browser-use,Coursera--34,C5,0.0,-13.35559265442404,-26.666666666666668,-28.57142857142857,0.0,0.0,0.0,-28.668171557562065
browser-use,Coursera--34,C7,0.0,-12.687813021702837,-26.666666666666668,-28.57142857142857,0.0,0.0,0.0,-29.571106094808126
browser-use,Coursera--34,C8,0.0,-12.85475792988314,-20.0,-21.428571428571427,inf,0.0,0.0,-26.185101580135427
browser-use,Coursera--35,C2,0.0,-10.74074074074074,18.181818181818183,20.0,0.0,inf,0.0,-10.443864229765014
browser-use,Coursera--35,C5,0.0,1.6666666666666667,0.0,0.0,0.0,0.0,0.0,18.537859007832903
browser-use,Coursera--35,C7,0.0,-82.96296296296296,0.0,0.0,0.0,inf,0.0,-27.15404699738903
browser-use,Coursera--35,C8,0.0,0.0,9.090909090909092,10.0,inf,0.0,0.0,21.671018276762418
browser-use,Coursera--36,C2,0.0,-2.67639902676399,0.0,0.0,0.0,0.0,0.0,-10.652920962199316
browser-use,Coursera--36,C5,0.0,-1.4598540145985401,0.0,0.0,0.0,0.0,0.0,0.6872852233676952
browser-use,Coursera--36,C7,0.0,-1.70316301703163,0.0,0.0,0.0,0.0,0.0,-21.30584192439863
browser-use,Coursera--36,C8,0.0,-2.9197080291970803,0.0,0.0,0.0,0.0,0.0,-23.367697594501717
browser-use,Coursera--37,C2,0.0,8.12720848056537,0.0,0.0,0.0,0.0,0.0,71.65991902834008
browser-use,Coursera--37,C5,0.0,44.87632508833922,0.0,0.0,0.0,0.0,0.0,55.465587044534416
browser-use,Coursera--37,C7,0.0,-8.12720848056537,-9.090909090909092,-10.0,0.0,0.0,0.0,-21.052631578947366
browser-use,Coursera--37,C8,0.0,2.4734982332155475,0.0,0.0,0.0,0.0,0.0,9.716599190283409
browser-use,Coursera--38,C2,0.0,15.441176470588236,10.0,11.11111111111111,0.0,0.0,0.0,49.68749999999999
browser-use,Coursera--38,C5,0.0,33.455882352941174,30.0,33.33333333333333,0.0,0.0,0.0,21.875
browser-use,Coursera--38,C7,0.0,-0.7352941176470588,0.0,0.0,0.0,0.0,0.0,0.31250000000000444
browser-use,Coursera--38,C8,0.0,62.13235294117647,10.0,11.11111111111111,0.0,0.0,0.0,19.687499999999993
browser-use,Coursera--39,C2,0.0,-82.77777777777777,-26.666666666666668,-28.57142857142857,0.0,inf,0.0,-26.550868486352346
browser-use,Coursera--39,C5,0.0,1.6666666666666667,0.0,0.0,0.0,0.0,0.0,33.746898263027305
browser-use,Coursera--39,C7,0.0,-80.92592592592592,-26.666666666666668,-28.57142857142857,0.0,inf,0.0,93.79652605459057
browser-use,Coursera--39,C8,0.0,-43.51851851851852,-26.666666666666668,-28.57142857142857,0.0,0.0,0.0,-30.769230769230766
browser-use,Coursera--4,C2,0.0,-0.6198347107438017,0.0,0.0,0.0,0.0,0.0,-12.738853503184714
browser-use,Coursera--4,C5,0.0,27.27272727272727,36.36363636363637,40.0,0.0,0.0,0.0,43.94904458598728
browser-use,Coursera--4,C7,0.0,-0.4132231404958678,0.0,0.0,0.0,0.0,0.0,4.458598726114645
browser-use,Coursera--4,C8,0.0,-0.6198347107438017,0.0,0.0,0.0,0.0,0.0,4.140127388535046
browser-use,Coursera--40,C2,0.0,-88.6574074074074,-56.00000000000001,-58.333333333333336,0.0,inf,0.0,8.077994428969355
browser-use,Coursera--40,C5,0.0,98.37962962962963,28.000000000000004,29.166666666666668,0.0,0.0,0.0,87.18662952646241
browser-use,Coursera--40,C7,0.0,-46.06481481481482,-20.0,-20.833333333333336,0.0,inf,0.0,-10.027855153203348
browser-use,Coursera--40,C8,0.0,-45.370370370370374,-20.0,-20.833333333333336,0.0,inf,0.0,40.11142061281337
browser-use,Coursera--41,C2,0.0,-19.122257053291534,9.090909090909092,10.0,0.0,0.0,0.0,12.631578947368412
browser-use,Coursera--41,C5,0.0,-18.495297805642632,9.090909090909092,10.0,0.0,0.0,0.0,10.526315789473683
browser-use,Coursera--41,C7,0.0,0.6269592476489028,9.090909090909092,10.0,0.0,0.0,0.0,101.57894736842104
browser-use,Coursera--41,C8,0.0,-0.9404388714733543,9.090909090909092,10.0,0.0,0.0,0.0,7.894736842105263
browser-use,Coursera--5,C2,0.0,-95.3740157480315,-52.38095238095239,-55.00000000000001,0.0,inf,0.0,-36.55172413793104
browser-use,Coursera--5,C5,0.0,-57.874015748031496,-47.61904761904761,-50.0,0.0,0.0,0.0,-50.0
browser-use,Coursera--5,C7,0.0,-90.6496062992126,-47.61904761904761,-50.0,0.0,inf,0.0,-49.137931034482754
browser-use,Coursera--5,C8,0.0,-58.07086614173228,-47.61904761904761,-50.0,0.0,0.0,0.0,-50.3448275862069
browser-use,Coursera--6,C2,0.0,33.84279475982533,0.0,0.0,0.0,0.0,0.0,22.07792207792208
browser-use,Coursera--6,C5,0.0,-0.6550218340611353,0.0,0.0,0.0,0.0,0.0,14.805194805194812
browser-use,Coursera--6,C7,0.0,-79.6943231441048,0.0,0.0,0.0,inf,0.0,81.55844155844157
browser-use,Coursera--6,C8,0.0,-3.9301310043668125,0.0,0.0,0.0,0.0,0.0,-17.4025974025974
browser-use,Coursera--7,C2,0.0,26.93409742120344,0.0,0.0,0.0,0.0,0.0,1.9704433497536877
browser-use,Coursera--7,C5,0.0,-4.871060171919771,0.0,0.0,0.0,0.0,0.0,-18.472906403940886
browser-use,Coursera--7,C7,0.0,0.0,0.0,0.0,0.0,0.0,0.0,1.9704433497536877
browser-use,Coursera--7,C8,0.0,7.163323782234957,0.0,0.0,0.0,0.0,0.0,5.172413793103452
browser-use,Coursera--8,C2,0.0,-20.43010752688172,-26.666666666666668,-28.57142857142857,0.0,0.0,0.0,-30.83475298126065
browser-use,Coursera--8,C5,0.0,-7.956989247311828,0.0,0.0,0.0,0.0,0.0,-2.3850085178875733
browser-use,Coursera--8,C7,0.0,-18.27956989247312,-26.666666666666668,-28.57142857142857,0.0,0.0,0.0,-17.206132879046
browser-use,Coursera--8,C8,0.0,-16.344086021505376,-26.666666666666668,-28.57142857142857,0.0,0.0,0.0,-39.86371379897786
browser-use,Coursera--9,C2,0.0,-20.784313725490197,0.0,0.0,0.0,0.0,0.0,21.59624413145539
browser-use,Coursera--9,C5,0.0,-5.098039215686274,9.090909090909092,10.0,0.0,0.0,0.0,20.187793427230048
browser-use,Coursera--9,C7,0.0,7.647058823529412,0.0,0.0,0.0,0.0,0.0,12.676056338028166
browser-use,Coursera--9,C8,0.0,-16.862745098039216,0.0,0.0,0.0,0.0,0.0,-5.39906103286386
browser-use,ESPN--0,C2,0.0,-49.73821989528796,-42.857142857142854,-35.294117647058826,0.0,inf,0.0,-26.972010178117046
browser-use,ESPN--0,C5,0.0,196.85863874345551,433.3333333333333,494.11764705882354,0.0,0.0,0.0,-17.8117048346056
browser-use,ESPN--0,C7,0.0,-15.18324607329843,47.61904761904761,35.294117647058826,0.0,inf,0.0,103.3078880407125
browser-use,ESPN--0,C8,0.0,121.98952879581151,176.19047619047618,176.47058823529412,0.0,inf,0.0,-23.664122137404576
browser-use,ESPN--1,C2,0.0,-35.257410296411855,-47.5,-52.293577981651374,0.0,inf,0.0,5.319148936170213
browser-use,ESPN--1,C5,0.0,-2.80811232449298,2.5,3.669724770642202,0.0,0.0,0.0,-0.21276595744681154
browser-use,ESPN--1,C7,0.0,14.664586583463338,-42.5,-48.62385321100918,0.0,inf,0.0,-2.553191489361708
browser-use,ESPN--1,C8,0.0,-25.585023400936034,-59.166666666666664,-63.30275229357798,0.0,inf,0.0,-4.25531914893617
browser-use,ESPN--10,C2,0.0,-36.79727427597956,-53.67647058823529,-58.536585365853654,0.0,inf,0.0,-5.18234165067179
browser-use,ESPN--10,C5,0.0,-21.862578080636002,5.147058823529411,5.691056910569105,0.0,0.0,0.0,-0.5758157389635399
browser-use,ESPN--10,C7,0.0,-21.919363997728563,-47.05882352941176,-52.03252032520326,0.0,inf,0.0,21.305182341650674
browser-use,ESPN--10,C8,0.0,-37.251561612720046,-49.26470588235294,-54.47154471544715,0.0,inf,0.0,-16.314779270633398
browser-use,ESPN--11,C2,0.0,-36.91275167785235,0.0,0.0,0.0,inf,0.0,-36.556603773584904
browser-use,ESPN--11,C5,0.0,-18.120805369127517,61.53846153846154,61.53846153846154,0.0,0.0,0.0,-8.254716981132077
browser-use,ESPN--11,C7,0.0,-75.16778523489933,-23.076923076923077,-23.076923076923077,0.0,inf,0.0,-29.716981132075464
browser-use,ESPN--11,C8,0.0,-65.1006711409396,-15.384615384615385,-15.384615384615385,0.0,0.0,0.0,-19.339622641509425
browser-use,ESPN--12,C2,0.0,-27.36,-57.02479338842975,-62.5,0.0,inf,0.0,-26.610644257703086
browser-use,ESPN--12,C5,0.0,83.2,44.62809917355372,48.214285714285715,0.0,0.0,0.0,27.731092436974787
browser-use,ESPN--12,C7,0.0,-69.12,-65.28925619834712,-69.64285714285714,0.0,inf,0.0,-67.78711484593838
browser-use,ESPN--12,C8,0.0,-22.08,-61.15702479338842,-65.17857142857143,0.0,inf,0.0,35.57422969187674
browser-use,ESPN--13,C2,0.0,-60.204081632653065,-69.18238993710692,-73.33333333333333,0.0,inf,0.0,-5.497382198952883
browser-use,ESPN--13,C5,0.0,-4.421768707482993,-14.465408805031446,-17.333333333333336,0.0,0.0,0.0,25.916230366492144
browser-use,ESPN--13,C7,0.0,-95.69160997732426,-93.71069182389937,-94.0,0.0,inf,0.0,-27.486910994764408
browser-use,ESPN--13,C8,0.0,-57.14285714285714,-61.0062893081761,-65.33333333333333,0.0,inf,0.0,22.77486910994763
browser-use,ESPN--14,C2,0.0,-37.36951983298539,-16.666666666666664,-19.672131147540984,0.0,inf,0.0,0.0
browser-use,ESPN--14,C5,0.0,68.26722338204593,93.05555555555556,111.47540983606557,0.0,0.0,0.0,52.13414634146343
browser-use,ESPN--14,C7,0.0,28.39248434237996,-9.722222222222223,-13.114754098360656,0.0,inf,0.0,22.560975609756117
browser-use,ESPN--14,C8,0.0,-31.315240083507305,-19.444444444444446,-22.950819672131146,0.0,inf,0.0,8.536585365853671
browser-use,ESPN--15,C2,0.0,-67.98679867986799,-77.04918032786885,-75.47169811320755,0.0,inf,0.0,82.66978922716626
browser-use,ESPN--15,C5,0.0,-43.56435643564357,-62.295081967213115,-56.60377358490566,0.0,0.0,0.0,-1.8735362997658176
browser-use,ESPN--15,C7,0.0,-52.8052805280528,-75.40983606557377,-73.58490566037736,0.0,inf,0.0,-43.79391100702576
browser-use,ESPN--15,C8,0.0,0.0,-45.90163934426229,-54.71698113207547,0.0,inf,0.0,3.51288056206089
browser-use,ESPN--16,C2,0.0,-93.72056514913658,-31.25,-31.25,0.0,inf,0.0,75.96371882086166
browser-use,ESPN--16,C5,0.0,122.13500784929356,1068.75,1068.75,0.0,0.0,0.0,65.7596371882086
browser-use,ESPN--16,C7,0.0,-93.56357927786499,-25.0,-25.0,0.0,inf,0.0,81.63265306122447
browser-use,ESPN--16,C8,0.0,-97.95918367346938,-62.5,-62.5,0.0,inf,0.0,-2.9478458049886713
browser-use,ESPN--17,C2,0.0,-94.70672389127324,-71.7948717948718,-69.6969696969697,0.0,inf,0.0,-38.32599118942731
browser-use,ESPN--17,C5,0.0,-53.21888412017167,56.41025641025641,60.60606060606061,0.0,0.0,0.0,-32.819383259911895
browser-use,ESPN--17,C7,0.0,-94.4206008583691,-71.7948717948718,-69.6969696969697,0.0,inf,0.0,-21.365638766519815
browser-use,ESPN--17,C8,0.0,-55.93705293276109,5.128205128205128,-9.090909090909092,0.0,inf,0.0,-26.431718061674008
browser-use,ESPN--18,C2,0.0,-10.895883777239709,-60.3448275862069,-64.48598130841121,0.0,inf,0.0,26.221079691516717
browser-use,ESPN--18,C5,0.0,46.48910411622276,4.310344827586207,4.672897196261682,0.0,0.0,0.0,26.735218508997427
browser-use,ESPN--18,C7,0.0,-40.43583535108959,-60.3448275862069,-65.42056074766354,0.0,inf,0.0,-3.8560411311053984
browser-use,ESPN--18,C8,0.0,-27.845036319612593,-60.3448275862069,-64.48598130841121,0.0,inf,0.0,23.65038560411312
browser-use,ESPN--19,C2,0.0,-91.39981701738334,-92.69662921348315,-93.25842696629213,0.0,inf,0.0,35.477582846003905
browser-use,ESPN--19,C5,0.0,-43.64135407136322,-85.95505617977528,-85.95505617977528,0.0,0.0,0.0,-15.39961013645224
browser-use,ESPN--19,C7,0.0,-90.57639524245197,-93.25842696629213,-93.25842696629213,0.0,inf,0.0,-29.0448343079922
browser-use,ESPN--19,C8,0.0,-98.71912168344006,-96.06741573033707,-96.06741573033707,0.0,inf,0.0,-60.81871345029239
browser-use,ESPN--2,C2,0.0,-48.57621440536013,-32.69230769230769,-38.63636363636363,0.0,inf,0.0,-0.4008016032064043
browser-use,ESPN--2,C5,0.0,115.07537688442211,155.76923076923077,179.54545454545453,0.0,0.0,0.0,35.671342685370746
browser-use,ESPN--2,C7,0.0,-93.46733668341709,-80.76923076923077,-79.54545454545455,0.0,inf,0.0,-41.08216432865731
browser-use,ESPN--2,C8,0.0,-73.36683417085426,-40.38461538461539,-47.72727272727273,0.0,inf,0.0,-33.06613226452906
browser-use,ESPN--20,C2,0.0,-37.98701298701299,-41.17647058823529,-46.15384615384615,0.0,inf,0.0,3.350515463917537
browser-use,ESPN--20,C5,0.0,18.993506493506494,9.803921568627452,10.989010989010989,0.0,0.0,0.0,14.948453608247434
browser-use,ESPN--20,C7,0.0,-47.88961038961039,-69.6078431372549,-74.72527472527473,0.0,inf,0.0,12.886597938144332
browser-use,ESPN--20,C8,0.0,-38.63636363636363,-44.11764705882353,-49.45054945054945,0.0,inf,0.0,-0.5154639175257623
browser-use,ESPN--21,C2,0.0,-35.776397515527954,-51.181102362204726,-56.03448275862068,0.0,inf,0.0,-13.464991023339318
browser-use,ESPN--21,C5,0.0,-22.981366459627328,-48.031496062992126,-50.0,0.0,0.0,0.0,-17.235188509874327
browser-use,ESPN--21,C7,0.0,-32.04968944099379,-53.54330708661418,-58.620689655172406,0.0,inf,0.0,-26.750448833034117
browser-use,ESPN--21,C8,0.0,-58.13664596273293,-74.80314960629921,-79.3103448275862,0.0,inf,0.0,-20.107719928186718
browser-use,ESPN--22,C2,0.0,-87.84810126582279,-80.0,-78.94736842105263,0.0,inf,0.0,30.964467005076145
browser-use,ESPN--22,C5,0.0,-19.49367088607595,6.153846153846154,7.017543859649122,0.0,0.0,0.0,-22.165820642978005
browser-use,ESPN--22,C7,0.0,-87.9746835443038,-81.53846153846153,-80.7017543859649,0.0,inf,0.0,-50.25380710659899
browser-use,ESPN--22,C8,0.0,-81.39240506329114,-52.307692307692314,-59.64912280701754,0.0,inf,0.0,-39.42470389170897
browser-use,ESPN--23,C2,0.0,-77.17908082408876,-76.5625,-75.0,0.0,inf,0.0,-31.97115384615385
browser-use,ESPN--23,C5,0.0,22.345483359746435,20.3125,19.642857142857142,0.0,0.0,0.0,1.6826923076922975
browser-use,ESPN--23,C7,0.0,-77.4960380348653,-75.0,-71.42857142857143,0.0,inf,0.0,17.307692307692296
browser-use,ESPN--23,C8,0.0,-96.98890649762282,-87.5,-87.5,inf,inf,0.0,-9.134615384615396
browser-use,ESPN--24,C2,0.0,-36.32567849686848,-49.63503649635037,-54.83870967741935,0.0,inf,0.0,65.85956416464892
browser-use,ESPN--24,C5,0.0,-23.2776617954071,2.18978102189781,2.4193548387096775,0.0,0.0,0.0,16.949152542372882
browser-use,ESPN--24,C7,0.0,-52.087682672233825,-59.12408759124088,-63.70967741935484,0.0,inf,0.0,-3.1476997578692427
browser-use,ESPN--24,C8,0.0,-31.210855949895617,-50.36496350364964,-55.64516129032258,0.0,inf,0.0,29.782082324455217
browser-use,ESPN--25,C2,0.0,-76.78571428571429,-42.857142857142854,-42.857142857142854,0.0,inf,0.0,-55.53846153846153
browser-use,ESPN--25,C5,0.0,633.9285714285714,804.7619047619047,804.7619047619047,0.0,0.0,0.0,-27.538461538461533
browser-use,ESPN--25,C7,0.0,-38.095238095238095,-38.095238095238095,-38.095238095238095,0.0,inf,0.0,-36.92307692307693
browser-use,ESPN--25,C8,0.0,120.83333333333333,66.66666666666666,14.285714285714285,0.0,inf,0.0,-42.15384615384615
browser-use,ESPN--26,C2,0.0,208.0,84.21052631578947,73.33333333333333,0.0,inf,0.0,77.77777777777779
browser-use,ESPN--26,C5,0.0,421.0,247.3684210526316,286.6666666666667,0.0,0.0,0.0,93.4156378600823
browser-use,ESPN--26,C7,0.0,-49.0,-36.84210526315789,-26.666666666666668,0.0,inf,0.0,227.9835390946502
browser-use,ESPN--26,C8,0.0,28.999999999999996,36.84210526315789,33.33333333333333,0.0,inf,0.0,24.279835390946495
browser-use,ESPN--27,C2,0.0,-49.095022624434385,-62.41610738255034,-66.66666666666666,0.0,inf,0.0,41.607565011820334
browser-use,ESPN--27,C5,0.0,22.850678733031675,5.369127516778524,5.797101449275362,0.0,0.0,0.0,34.042553191489375
browser-use,ESPN--27,C7,0.0,-34.276018099547514,-63.758389261744966,-68.11594202898551,0.0,inf,0.0,50.118203309692674
browser-use,ESPN--27,C8,0.0,-51.01809954751131,-59.73154362416108,-64.4927536231884,0.0,inf,0.0,-22.22222222222222
browser-use,ESPN--28,C2,0.0,-92.37536656891496,-89.0909090909091,-89.0909090909091,0.0,inf,0.0,-48.54981084489282
browser-use,ESPN--28,C5,0.0,-89.14956011730204,-88.18181818181819,-88.18181818181819,0.0,0.0,0.0,-26.607818411097096
browser-use,ESPN--28,C7,0.0,-96.26099706744868,-89.0909090909091,-90.0,0.0,inf,0.0,-52.963430012610345
browser-use,ESPN--28,C8,0.0,-94.35483870967742,-90.0,-90.0,inf,inf,0.0,-40.10088272383354
browser-use,ESPN--29,C2,0.0,-46.11288604898828,-62.5,-67.12328767123287,0.0,inf,0.0,-23.21083172147002
browser-use,ESPN--29,C5,0.0,-24.281150159744406,-10.0,-8.21917808219178,0.0,0.0,0.0,-45.06769825918763
browser-use,ESPN--29,C7,0.0,-51.01171458998935,-64.375,-67.8082191780822,0.0,inf,0.0,-38.297872340425535
browser-use,ESPN--29,C8,0.0,-38.65814696485623,-59.375,-62.328767123287676,0.0,inf,0.0,2.9013539651837523
browser-use,ESPN--3,C2,0.0,-40.38095238095238,-51.2396694214876,-56.36363636363636,0.0,inf,0.0,91.30434782608695
browser-use,ESPN--3,C5,0.0,-8.380952380952381,-1.6528925619834711,-1.8181818181818181,0.0,0.0,0.0,6.521739130434782
browser-use,ESPN--3,C7,0.0,-92.19047619047619,-90.9090909090909,-90.9090909090909,0.0,inf,0.0,185.6521739130435
browser-use,ESPN--3,C8,0.0,-45.14285714285714,-60.33057851239669,-64.54545454545455,0.0,inf,0.0,-23.04347826086957
browser-use,ESPN--30,C2,0.0,-13.317191283292978,-44.06779661016949,-50.98039215686274,0.0,inf,0.0,-53.515625
browser-use,ESPN--30,C5,0.0,-23.002421307506054,6.779661016949152,7.8431372549019605,0.0,0.0,0.0,-11.71875
browser-use,ESPN--30,C7,0.0,-89.83050847457628,-79.66101694915254,-78.43137254901961,0.0,inf,0.0,-61.328125
browser-use,ESPN--30,C8,0.0,10.895883777239709,-5.084745762711865,-9.803921568627452,0.0,inf,0.0,-44.921875
browser-use,ESPN--31,C2,0.0,-86.19718309859155,-80.32786885245902,-79.24528301886792,0.0,inf,0.0,6.6666666666666625
browser-use,ESPN--31,C5,0.0,-5.633802816901409,-19.672131147540984,-22.641509433962266,0.0,0.0,0.0,-14.722222222222225
browser-use,ESPN--31,C7,0.0,-73.52112676056338,-81.9672131147541,-79.24528301886792,0.0,inf,0.0,90.27777777777779
browser-use,ESPN--31,C8,0.0,-67.32394366197182,-80.32786885245902,-79.24528301886792,inf,inf,0.0,56.666666666666664
browser-use,ESPN--32,C2,0.0,-9.515570934256056,-47.65625,-53.04347826086957,0.0,inf,0.0,33.865814696485614
browser-use,ESPN--32,C5,0.0,-48.26989619377163,-51.5625,-54.78260869565217,0.0,0.0,0.0,-33.86581469648562
browser-use,ESPN--32,C7,0.0,-17.99307958477509,-46.875,-53.04347826086957,0.0,inf,0.0,38.65814696485622
browser-use,ESPN--32,C8,0.0,-39.965397923875436,-61.71875,-66.95652173913044,0.0,inf,0.0,24.920127795527158
browser-use,ESPN--33,C2,0.0,-93.43794579172611,-91.869918699187,-92.03539823008849,0.0,inf,0.0,-11.494252873563218
browser-use,ESPN--33,C5,0.0,28.673323823109843,3.2520325203252036,3.5398230088495577,0.0,0.0,0.0,54.71264367816091
browser-use,ESPN--33,C7,0.0,-16.119828815977176,-49.59349593495935,-55.75221238938053,0.0,inf,0.0,4.137931034482753
browser-use,ESPN--33,C8,0.0,-45.36376604850214,-50.40650406504065,-55.75221238938053,inf,inf,0.0,2.98850574712643
browser-use,ESPN--34,C2,0.0,-18.646408839779006,-54.166666666666664,-58.71559633027523,0.0,inf,0.0,57.39436619718311
browser-use,ESPN--34,C5,0.0,-6.49171270718232,-34.166666666666664,-37.61467889908257,0.0,0.0,0.0,33.09859154929577
browser-use,ESPN--34,C7,0.0,-30.801104972375693,-53.333333333333336,-57.798165137614674,0.0,inf,0.0,26.408450704225356
browser-use,ESPN--34,C8,0.0,-20.58011049723757,-55.00000000000001,-59.63302752293578,0.0,inf,0.0,28.87323943661973
browser-use,ESPN--35,C2,0.0,-46.32183908045977,-61.29032258064516,-65.97222222222221,0.0,inf,0.0,-24.791666666666664
browser-use,ESPN--35,C5,0.0,-28.850574712643677,-34.83870967741935,-36.11111111111111,0.0,0.0,0.0,-14.79166666666667
browser-use,ESPN--35,C7,0.0,-46.55172413793103,-61.935483870967744,-66.66666666666666,0.0,inf,0.0,-5.833333333333327
browser-use,ESPN--35,C8,0.0,-45.74712643678161,-60.0,-64.58333333333334,0.0,inf,0.0,-10.416666666666668
browser-use,ESPN--36,C2,0.0,-92.20890410958904,-89.0909090909091,-90.0,0.0,inf,0.0,-33.18284424379232
browser-use,ESPN--36,C5,0.0,-39.55479452054795,-85.45454545454545,-85.45454545454545,0.0,0.0,0.0,7.44920993227992
browser-use,ESPN--36,C7,0.0,-87.67123287671232,-86.36363636363636,-86.36363636363636,0.0,inf,0.0,60.04514672686233
browser-use,ESPN--36,C8,0.0,-71.57534246575342,-58.18181818181818,-68.18181818181817,inf,inf,0.0,-23.702031602708807
browser-use,ESPN--37,C2,0.0,-78.85802469135803,-50.0,-50.0,0.0,inf,0.0,-57.83308931185944
browser-use,ESPN--37,C5,0.0,-76.38888888888889,-62.5,-62.5,0.0,0.0,0.0,-25.47584187408492
browser-use,ESPN--37,C7,0.0,-85.18518518518519,-59.375,-59.375,0.0,inf,0.0,13.469985358711572
browser-use,ESPN--37,C8,0.0,-88.27160493827161,-62.5,-62.5,inf,inf,0.0,-69.98535871156662
browser-use,ESPN--38,C2,0.0,-95.21871820956255,-94.31818181818183,-94.31818181818183,0.0,inf,0.0,-4.241645244215935
browser-use,ESPN--38,C5,0.0,-86.77517802644964,-88.06818181818183,-88.06818181818183,0.0,0.0,0.0,-26.092544987146525
browser-use,ESPN--38,C7,0.0,-89.01322482197355,-93.75,-93.75,0.0,inf,0.0,-17.480719794344466
browser-use,ESPN--38,C8,0.0,-51.67853509664293,-47.72727272727273,-47.72727272727273,0.0,inf,0.0,-40.48843187660668
browser-use,ESPN--39,C2,0.0,-96.32495164410058,-90.19607843137256,-90.10989010989012,0.0,inf,0.0,-39.82869379014989
browser-use,ESPN--39,C5,0.0,-9.961315280464216,-1.9607843137254901,3.296703296703297,0.0,0.0,0.0,73.66167023554601
browser-use,ESPN--39,C7,0.0,-53.094777562862674,-34.31372549019608,-39.56043956043956,0.0,inf,0.0,-20.55674518201285
browser-use,ESPN--39,C8,0.0,-52.804642166344294,-36.27450980392157,-40.65934065934066,0.0,inf,0.0,-11.563169164882238
browser-use,ESPN--4,C2,0.0,-43.84748700173311,-52.41935483870967,-57.52212389380531,0.0,inf,0.0,2.088772845953014
browser-use,ESPN--4,C5,0.0,-3.8128249566724435,-35.483870967741936,-38.05309734513274,0.0,0.0,0.0,-17.493472584856388
browser-use,ESPN--4,C7,0.0,11.611785095320624,-45.16129032258064,-51.32743362831859,0.0,inf,0.0,19.06005221932116
browser-use,ESPN--4,C8,0.0,-66.03119584055459,-72.58064516129032,-77.87610619469027,0.0,inf,0.0,14.099216710182782
browser-use,ESPN--40,C2,0.0,-78.37837837837837,-83.82352941176471,-81.13207547169812,0.0,inf,0.0,6.528189910979215
browser-use,ESPN--40,C5,0.0,137.62993762993761,80.88235294117648,113.20754716981132,0.0,0.0,0.0,-29.080118694362028
browser-use,ESPN--40,C7,0.0,-79.83367983367984,-80.88235294117648,-77.35849056603774,0.0,inf,0.0,11.721068249258147
browser-use,ESPN--40,C8,0.0,-29.313929313929314,-23.52941176470588,-20.754716981132077,0.0,inf,0.0,-51.63204747774481
browser-use,ESPN--41,C2,0.0,-90.20618556701031,-91.52542372881356,-91.66666666666666,0.0,inf,0.0,6.459330143540678
browser-use,ESPN--41,C5,0.0,-3.436426116838488,-17.796610169491526,-19.444444444444446,0.0,0.0,0.0,11.00478468899522
browser-use,ESPN--41,C7,0.0,-84.02061855670104,-89.83050847457628,-89.81481481481481,0.0,inf,0.0,-29.425837320574153
browser-use,ESPN--41,C8,0.0,-45.18900343642612,-57.6271186440678,-62.96296296296296,0.0,inf,0.0,-55.74162679425837
browser-use,ESPN--42,C2,0.0,-89.94708994708994,-82.14285714285714,-81.25,0.0,inf,0.0,167.7304964539007
browser-use,ESPN--42,C5,0.0,0.8818342151675485,7.142857142857142,8.333333333333332,0.0,0.0,0.0,-22.340425531914896
browser-use,ESPN--42,C7,0.0,-93.29805996472663,-82.14285714285714,-81.25,0.0,inf,0.0,136.52482269503548
browser-use,ESPN--42,C8,0.0,-12.16931216931217,-44.642857142857146,-52.083333333333336,0.0,inf,0.0,84.7517730496454
browser-use,ESPN--43,C2,0.0,-96.76113360323887,-92.90780141843972,-93.18181818181817,0.0,inf,0.0,-32.415902140672785
browser-use,ESPN--43,C5,0.0,-44.61538461538462,-59.57446808510638,-65.15151515151516,0.0,0.0,0.0,-41.89602446483181
browser-use,ESPN--43,C7,0.0,-96.2753036437247,-92.90780141843972,-93.18181818181817,0.0,inf,0.0,-7.49235474006117
browser-use,ESPN--43,C8,0.0,-64.21052631578948,-65.24822695035462,-70.45454545454545,0.0,inf,0.0,-53.822629969418955
browser-use,ESPN--5,C2,0.0,-90.14423076923077,-72.09302325581395,-68.57142857142857,0.0,inf,0.0,-17.74193548387097
browser-use,ESPN--5,C5,0.0,134.85576923076923,95.34883720930233,111.42857142857143,0.0,0.0,0.0,74.19354838709675
browser-use,ESPN--5,C7,0.0,-76.6826923076923,-67.44186046511628,-62.857142857142854,0.0,inf,0.0,-12.096774193548386
browser-use,ESPN--5,C8,0.0,-80.52884615384616,-72.09302325581395,-68.57142857142857,inf,inf,0.0,-39.247311827956985
browser-use,ESPN--6,C2,0.0,-86.11521418020679,-89.34426229508196,-89.1891891891892,0.0,inf,0.0,11.803278688524594
browser-use,ESPN--6,C5,0.0,20.6794682422452,16.39344262295082,16.216216216216218,0.0,0.0,0.0,16.557377049180317
browser-use,ESPN--6,C7,0.0,-85.81979320531758,-90.1639344262295,-90.09009009009009,0.0,inf,0.0,23.934426229508187
browser-use,ESPN--6,C8,0.0,-42.245199409158054,-25.40983606557377,-18.01801801801802,0.0,inf,0.0,-37.049180327868854
browser-use,ESPN--7,C2,0.0,-35.22458628841608,-42.201834862385326,-47.95918367346938,0.0,inf,0.0,3.720930232558143
browser-use,ESPN--7,C5,0.0,-8.39243498817967,-21.100917431192663,-25.510204081632654,0.0,0.0,0.0,11.860465116279073
browser-use,ESPN--7,C7,0.0,-32.15130023640662,-70.64220183486239,-75.51020408163265,0.0,inf,0.0,25.581395348837212
browser-use,ESPN--7,C8,0.0,-43.14420803782506,-45.87155963302752,-52.04081632653062,0.0,inf,0.0,-26.51162790697674
browser-use,ESPN--8,C2,0.0,-76.7836919592299,-43.103448275862064,-50.0,0.0,inf,0.0,-41.84210526315789
browser-use,ESPN--8,C5,0.0,-13.363533408833522,129.31034482758622,144.0,0.0,0.0,0.0,53.15789473684212
browser-use,ESPN--8,C7,0.0,-55.03963759909399,0.0,-6.0,0.0,inf,0.0,-0.5263157894736916
browser-use,ESPN--8,C8,0.0,-76.33069082672706,-46.55172413793103,-54.0,0.0,inf,0.0,-30.78947368421052
browser-use,ESPN--9,C2,0.0,-12.790697674418606,-58.46153846153847,-63.02521008403361,0.0,inf,0.0,-4.0238450074515475
browser-use,ESPN--9,C5,0.0,-15.374677002583978,-2.307692307692308,-2.5210084033613445,0.0,0.0,0.0,-40.536512667660205
browser-use,ESPN--9,C7,0.0,-16.5374677002584,-53.84615384615385,-58.82352941176471,0.0,inf,0.0,-26.37853949329359
browser-use,ESPN--9,C8,0.0,-46.64082687338501,-52.307692307692314,-57.14285714285714,0.0,inf,0.0,-38.89716840536512
browser-use,GitHub--0,C2,0.0,36.68639053254438,20.0,28.57142857142857,0.0,0.0,0.0,44.50549450549451
browser-use,GitHub--0,C5,0.0,49.70414201183432,20.0,28.57142857142857,0.0,0.0,0.0,118.13186813186816
browser-use,GitHub--0,C7,0.0,39.64497041420118,20.0,28.57142857142857,0.0,0.0,0.0,21.42857142857144
browser-use,GitHub--0,C8,0.0,-13.609467455621301,0.0,0.0,0.0,0.0,0.0,-30.76923076923077
browser-use,GitHub--1,C2,0.0,-84.71074380165288,-16.666666666666664,0.0,0.0,inf,0.0,119.27710843373495
browser-use,GitHub--1,C5,0.0,-5.785123966942149,-8.333333333333332,-11.11111111111111,0.0,0.0,0.0,14.457831325301212
browser-use,GitHub--1,C7,0.0,3.71900826446281,0.0,0.0,0.0,0.0,0.0,20.883534136546196
browser-use,GitHub--1,C8,0.0,-9.50413223140496,-16.666666666666664,-22.22222222222222,0.0,0.0,0.0,-0.4016064257028027
browser-use,GitHub--10,C2,0.0,-69.96904024767801,-25.0,-7.6923076923076925,0.0,inf,0.0,-42.06773618538325
browser-use,GitHub--10,C5,0.0,122.29102167182661,218.75,292.30769230769226,0.0,0.0,0.0,-37.96791443850268
browser-use,GitHub--10,C7,0.0,41.795665634674926,243.75,323.0769230769231,0.0,inf,0.0,6.773618538324415
browser-use,GitHub--10,C8,0.0,-16.718266253869967,-18.75,-23.076923076923077,inf,0.0,0.0,-50.623885918003566
browser-use,GitHub--11,C2,0.0,-21.96969696969697,10.0,14.285714285714285,0.0,0.0,0.0,-30.372492836676212
browser-use,GitHub--11,C5,0.0,-12.878787878787879,10.0,14.285714285714285,0.0,0.0,0.0,-27.22063037249284
browser-use,GitHub--11,C7,0.0,21.21212121212121,10.0,14.285714285714285,0.0,0.0,0.0,1.7191977077363938
browser-use,GitHub--11,C8,0.0,9.469696969696969,10.0,14.285714285714285,0.0,0.0,0.0,29.226361031518632
browser-use,GitHub--12,C2,0.0,175.91240875912408,30.0,42.857142857142854,0.0,0.0,0.0,113.21839080459772
browser-use,GitHub--12,C5,0.0,113.86861313868613,30.0,42.857142857142854,0.0,0.0,0.0,206.32183908045977
browser-use,GitHub--12,C7,0.0,98.54014598540147,30.0,42.857142857142854,0.0,0.0,0.0,21.264367816091973
browser-use,GitHub--12,C8,0.0,132.1167883211679,10.0,14.285714285714285,0.0,0.0,0.0,63.79310344827588
browser-use,GitHub--13,C2,0.0,7.07070707070707,-8.333333333333332,-11.11111111111111,0.0,0.0,0.0,9.717868338557999
browser-use,GitHub--13,C5,0.0,1.3468013468013467,-8.333333333333332,-11.11111111111111,0.0,0.0,0.0,48.275862068965516
browser-use,GitHub--13,C7,0.0,-13.131313131313133,-16.666666666666664,-22.22222222222222,0.0,0.0,0.0,9.717868338557999
browser-use,GitHub--13,C8,0.0,-22.55892255892256,-16.666666666666664,-22.22222222222222,0.0,0.0,0.0,3.7617554858934263
browser-use,GitHub--14,C2,0.0,-68.66666666666667,-31.25,-23.076923076923077,0.0,inf,0.0,58.55670103092785
browser-use,GitHub--14,C5,0.0,141.0,25.0,30.76923076923077,0.0,0.0,0.0,-12.78350515463918
browser-use,GitHub--14,C7,0.0,-87.0,-31.25,-23.076923076923077,0.0,inf,0.0,21.44329896907216
browser-use,GitHub--14,C8,0.0,-4.666666666666667,-25.0,-30.76923076923077,0.0,0.0,0.0,-31.752577319587626
browser-use,GitHub--15,C2,0.0,-12.67123287671233,0.0,0.0,0.0,0.0,0.0,5.729166666666674
browser-use,GitHub--15,C5,0.0,4.4520547945205475,0.0,0.0,0.0,0.0,0.0,26.56250000000001
browser-use,GitHub--15,C7,0.0,-13.698630136986301,0.0,0.0,0.0,0.0,0.0,38.54166666666668
browser-use,GitHub--15,C8,0.0,-13.013698630136986,0.0,0.0,0.0,0.0,0.0,18.229166666666668
browser-use,GitHub--16,C2,0.0,-57.45614035087719,-13.333333333333334,-9.090909090909092,0.0,inf,0.0,-39.4059405940594
browser-use,GitHub--16,C5,0.0,221.0526315789474,40.0,54.54545454545454,0.0,0.0,0.0,20.39603960396039
browser-use,GitHub--16,C7,0.0,-77.19298245614034,-33.33333333333333,-18.181818181818183,0.0,inf,0.0,44.75247524752474
browser-use,GitHub--16,C8,0.0,-83.77192982456141,-33.33333333333333,-27.27272727272727,0.0,0.0,0.0,-69.3069306930693
browser-use,GitHub--17,C2,0.0,-1.1811023622047243,0.0,0.0,0.0,0.0,0.0,-19.318181818181813
browser-use,GitHub--17,C5,0.0,6.299212598425196,0.0,0.0,0.0,0.0,0.0,33.71212121212121
browser-use,GitHub--17,C7,0.0,-2.7559055118110236,0.0,0.0,0.0,0.0,0.0,23.106060606060613
browser-use,GitHub--17,C8,0.0,5.511811023622047,-8.333333333333332,-11.11111111111111,0.0,0.0,0.0,3.409090909090917
browser-use,GitHub--18,C2,0.0,-8.270676691729323,-9.090909090909092,-12.5,0.0,0.0,0.0,3.0927835051546464
browser-use,GitHub--18,C5,0.0,-0.37593984962406013,0.0,0.0,0.0,0.0,0.0,28.865979381443307
browser-use,GitHub--18,C7,0.0,-0.37593984962406013,0.0,0.0,0.0,0.0,0.0,-5.670103092783495
browser-use,GitHub--18,C8,0.0,1.1278195488721803,0.0,0.0,0.0,0.0,0.0,-9.793814432989684
browser-use,GitHub--19,C2,0.0,66.66666666666666,10.0,14.285714285714285,0.0,0.0,0.0,2.9166666666666634
browser-use,GitHub--19,C5,0.0,51.388888888888886,0.0,0.0,0.0,0.0,0.0,84.58333333333331
browser-use,GitHub--19,C7,0.0,7.638888888888889,0.0,0.0,0.0,0.0,0.0,-8.750000000000007
browser-use,GitHub--19,C8,0.0,91.66666666666666,20.0,28.57142857142857,0.0,0.0,0.0,-11.249999999999998
browser-use,GitHub--2,C2,0.0,39.34426229508197,0.0,0.0,0.0,0.0,0.0,28.73831775700936
browser-use,GitHub--2,C5,0.0,-15.846994535519126,0.0,0.0,0.0,0.0,0.0,6.542056074766365
browser-use,GitHub--2,C7,0.0,-14.207650273224044,0.0,0.0,0.0,0.0,0.0,-15.887850467289713
browser-use,GitHub--2,C8,0.0,-17.48633879781421,0.0,0.0,0.0,0.0,0.0,-33.64485981308411
browser-use,GitHub--20,C2,0.0,-71.12676056338029,-7.6923076923076925,-16.666666666666664,0.0,inf,0.0,-43.346774193548384
browser-use,GitHub--20,C5,0.0,227.46478873239434,38.46153846153847,41.66666666666667,0.0,0.0,0.0,-28.62903225806452
browser-use,GitHub--20,C7,0.0,-62.676056338028175,-15.384615384615385,-25.0,0.0,inf,0.0,-26.612903225806456
browser-use,GitHub--20,C8,0.0,-64.08450704225352,-46.15384615384615,-50.0,0.0,0.0,0.0,-32.05645161290322
browser-use,GitHub--21,C2,0.0,-18.243243243243242,-13.333333333333334,-9.090909090909092,0.0,inf,0.0,-29.07268170426065
browser-use,GitHub--21,C5,0.0,8.783783783783784,0.0,9.090909090909092,0.0,0.0,0.0,32.83208020050126
browser-use,GitHub--21,C7,0.0,-56.08108108108109,-33.33333333333333,-18.181818181818183,0.0,inf,0.0,-31.07769423558897
browser-use,GitHub--21,C8,0.0,-82.77027027027027,-53.333333333333336,-45.45454545454545,0.0,0.0,0.0,-17.794486215538853
browser-use,GitHub--22,C2,0.0,106.7632850241546,-8.333333333333332,-11.11111111111111,0.0,0.0,0.0,28.30188679245282
browser-use,GitHub--22,C5,0.0,41.06280193236715,-16.666666666666664,-22.22222222222222,0.0,0.0,0.0,-3.773584905660375
browser-use,GitHub--22,C7,0.0,92.7536231884058,0.0,0.0,0.0,0.0,0.0,18.238993710691826
browser-use,GitHub--22,C8,0.0,-28.502415458937197,-16.666666666666664,-22.22222222222222,0.0,0.0,0.0,-49.05660377358491
browser-use,GitHub--23,C2,0.0,-95.9332638164755,-54.166666666666664,-52.38095238095239,0.0,inf,0.0,19.694397283531412
browser-use,GitHub--23,C5,0.0,-62.148070907195,-29.166666666666668,-33.33333333333333,0.0,0.0,0.0,-37.86078098471986
browser-use,GitHub--23,C7,0.0,-95.20333680917622,-58.333333333333336,-57.14285714285714,0.0,inf,0.0,-30.730050933786078
browser-use,GitHub--23,C8,0.0,-69.76016684045881,-45.83333333333333,-52.38095238095239,0.0,0.0,0.0,-53.3106960950764
browser-use,GitHub--24,C2,0.0,12.731481481481483,0.0,0.0,0.0,0.0,0.0,11.711711711711718
browser-use,GitHub--24,C5,0.0,3.7037037037037033,14.285714285714285,18.181818181818183,0.0,0.0,0.0,25.225225225225234
browser-use,GitHub--24,C7,0.0,12.037037037037036,0.0,0.0,0.0,0.0,0.0,24.549549549549546
browser-use,GitHub--24,C8,0.0,-15.046296296296296,-14.285714285714285,-18.181818181818183,0.0,0.0,0.0,-0.9009009009008978
browser-use,GitHub--25,C2,0.0,-11.985018726591761,0.0,0.0,0.0,0.0,0.0,-34.29602888086642
browser-use,GitHub--25,C5,0.0,4.868913857677903,18.181818181818183,25.0,0.0,0.0,0.0,9.747292418772561
browser-use,GitHub--25,C7,0.0,-11.235955056179774,0.0,0.0,0.0,0.0,0.0,-34.29602888086642
browser-use,GitHub--25,C8,0.0,2.247191011235955,0.0,0.0,0.0,0.0,0.0,-0.36101083032490205
browser-use,GitHub--26,C2,0.0,-83.15412186379928,-47.368421052631575,-35.714285714285715,0.0,inf,0.0,-9.307875894988065
browser-use,GitHub--26,C5,0.0,0.35842293906810035,-5.263157894736842,-7.142857142857142,0.0,0.0,0.0,-12.887828162291168
browser-use,GitHub--26,C7,0.0,-66.30824372759857,-42.10526315789473,-28.57142857142857,0.0,inf,0.0,-30.07159904534606
browser-use,GitHub--26,C8,0.0,-26.16487455197133,-21.052631578947366,-28.57142857142857,0.0,0.0,0.0,-32.45823389021479
browser-use,GitHub--27,C2,0.0,7.142857142857142,0.0,0.0,0.0,0.0,0.0,-27.312775330396473
browser-use,GitHub--27,C5,0.0,1.948051948051948,0.0,0.0,0.0,0.0,0.0,1.7621145374449434
browser-use,GitHub--27,C7,0.0,64.93506493506493,0.0,0.0,0.0,0.0,0.0,-37.88546255506608
browser-use,GitHub--27,C8,0.0,68.83116883116884,20.0,28.57142857142857,0.0,0.0,0.0,0.4405286343612398
browser-use,GitHub--28,C2,0.0,41.830065359477125,0.0,0.0,0.0,0.0,0.0,188.40579710144928
browser-use,GitHub--28,C5,0.0,63.39869281045751,0.0,0.0,0.0,0.0,0.0,149.75845410628023
browser-use,GitHub--28,C7,0.0,-1.3071895424836601,0.0,0.0,0.0,0.0,0.0,44.92753623188406
browser-use,GitHub--28,C8,0.0,-1.3071895424836601,0.0,0.0,0.0,0.0,0.0,19.32367149758454
browser-use,GitHub--29,C2,0.0,-87.92650918635171,-52.17391304347826,-50.0,0.0,inf,0.0,-54.40251572327044
browser-use,GitHub--29,C5,0.0,-71.5223097112861,-39.130434782608695,-45.0,0.0,0.0,0.0,-56.132075471698116
browser-use,GitHub--29,C7,0.0,-87.4015748031496,-47.82608695652174,-50.0,0.0,inf,0.0,-53.61635220125787
browser-use,GitHub--29,C8,0.0,-79.39632545931758,-60.86956521739131,-70.0,0.0,0.0,0.0,-65.09433962264151
browser-use,GitHub--3,C2,0.0,-82.4074074074074,-28.57142857142857,-18.181818181818183,0.0,inf,0.0,79.51482479784364
browser-use,GitHub--3,C5,0.0,1.8518518518518516,14.285714285714285,18.181818181818183,0.0,0.0,0.0,-2.1563342318059413
browser-use,GitHub--3,C7,0.0,-4.62962962962963,0.0,0.0,0.0,0.0,0.0,-64.15094339622641
browser-use,GitHub--3,C8,0.0,-35.648148148148145,-28.57142857142857,-36.36363636363637,0.0,0.0,0.0,-39.892183288409704
browser-use,GitHub--30,C2,0.0,-9.333333333333334,0.0,0.0,0.0,0.0,0.0,17.980295566502456
browser-use,GitHub--30,C5,0.0,11.333333333333332,0.0,0.0,0.0,0.0,0.0,14.039408866995062
browser-use,GitHub--30,C7,0.0,-18.333333333333332,0.0,0.0,0.0,0.0,0.0,-4.187192118226608
browser-use,GitHub--30,C8,0.0,17.333333333333336,10.0,14.285714285714285,0.0,0.0,0.0,15.024630541871925
browser-use,GitHub--31,C2,0.0,-74.66307277628033,-20.0,-16.666666666666664,0.0,inf,0.0,60.332541567695955
browser-use,GitHub--31,C5,0.0,1.078167115902965,0.0,0.0,0.0,0.0,0.0,25.17814726840855
browser-use,GitHub--31,C7,0.0,-86.79245283018868,-33.33333333333333,-25.0,0.0,inf,0.0,-15.439429928741092
browser-use,GitHub--31,C8,0.0,-20.485175202156334,-20.0,-25.0,inf,0.0,0.0,-9.976247030878866
browser-use,GitHub--32,C2,0.0,-26.704545454545453,9.090909090909092,12.5,0.0,0.0,0.0,-10.45751633986929
browser-use,GitHub--32,C5,0.0,-26.704545454545453,0.0,0.0,0.0,0.0,0.0,7.189542483660116
browser-use,GitHub--32,C7,0.0,-28.40909090909091,0.0,0.0,0.0,0.0,0.0,16.993464052287564
browser-use,GitHub--32,C8,0.0,-7.386363636363637,0.0,0.0,0.0,0.0,0.0,10.784313725490186
browser-use,GitHub--33,C2,0.0,10.059171597633137,10.0,14.285714285714285,0.0,0.0,0.0,-3.0075187969924837
browser-use,GitHub--33,C5,0.0,321.8934911242604,100.0,142.85714285714286,0.0,0.0,0.0,68.42105263157893
browser-use,GitHub--33,C7,0.0,-1.7751479289940828,0.0,0.0,0.0,0.0,0.0,-29.32330827067669
browser-use,GitHub--33,C8,0.0,21.893491124260358,10.0,14.285714285714285,0.0,0.0,0.0,31.578947368421044
browser-use,GitHub--34,C2,0.0,-28.783382789317507,0.0,0.0,0.0,0.0,0.0,-46.239554317548745
browser-use,GitHub--34,C5,0.0,-27.596439169139465,0.0,0.0,0.0,0.0,0.0,-27.29805013927576
browser-use,GitHub--34,C7,0.0,10.385756676557865,0.0,0.0,0.0,0.0,0.0,32.869080779944305
browser-use,GitHub--34,C8,0.0,-14.836795252225517,0.0,0.0,0.0,0.0,0.0,-35.37604456824512
browser-use,GitHub--35,C2,0.0,-68.70748299319727,0.0,28.57142857142857,0.0,inf,0.0,94.53551912568307
browser-use,GitHub--35,C5,0.0,2.0408163265306123,0.0,0.0,0.0,0.0,0.0,-38.25136612021858
browser-use,GitHub--35,C7,0.0,-74.14965986394559,10.0,42.857142857142854,0.0,inf,0.0,266.120218579235
browser-use,GitHub--35,C8,0.0,33.33333333333333,10.0,14.285714285714285,0.0,0.0,0.0,32.78688524590164
browser-use,GitHub--36,C2,0.0,-24.382716049382715,10.0,14.285714285714285,0.0,inf,0.0,33.80681818181818
browser-use,GitHub--36,C5,0.0,-3.7037037037037033,0.0,0.0,0.0,0.0,0.0,9.374999999999991
browser-use,GitHub--36,C7,0.0,-26.851851851851855,0.0,0.0,0.0,0.0,0.0,-14.488636363636367
browser-use,GitHub--36,C8,0.0,-31.790123456790127,0.0,0.0,0.0,0.0,0.0,-33.52272727272728
browser-use,GitHub--37,C2,0.0,-94.9874686716792,-56.00000000000001,-59.09090909090909,0.0,inf,0.0,14.519056261343014
browser-use,GitHub--37,C5,0.0,-67.79448621553885,-36.0,-40.909090909090914,0.0,0.0,0.0,-54.44646098003629
browser-use,GitHub--37,C7,0.0,-87.96992481203007,-52.0,-54.54545454545454,0.0,inf,0.0,31.941923774954628
browser-use,GitHub--37,C8,0.0,-77.06766917293233,-52.0,-59.09090909090909,0.0,0.0,0.0,-70.41742286751361
browser-use,GitHub--38,C2,0.0,58.92857142857143,20.0,28.57142857142857,0.0,0.0,0.0,-40.70175438596492
browser-use,GitHub--38,C5,0.0,66.66666666666666,0.0,0.0,0.0,0.0,0.0,14.035087719298245
browser-use,GitHub--38,C7,0.0,55.952380952380956,20.0,28.57142857142857,0.0,0.0,0.0,-38.94736842105264
browser-use,GitHub--38,C8,0.0,57.738095238095234,20.0,28.57142857142857,0.0,0.0,0.0,-16.140350877192986
browser-use,GitHub--39,C2,0.0,-45.3125,0.0,0.0,0.0,0.0,0.0,-19.68911917098446
browser-use,GitHub--39,C5,0.0,27.34375,0.0,0.0,0.0,0.0,0.0,108.8082901554404
browser-use,GitHub--39,C7,0.0,4.6875,0.0,0.0,0.0,0.0,0.0,63.730569948186535
browser-use,GitHub--39,C8,0.0,2.734375,0.0,0.0,0.0,0.0,0.0,29.015544041450763
browser-use,GitHub--4,C2,0.0,-30.582524271844658,0.0,0.0,0.0,0.0,0.0,-49.523809523809526
browser-use,GitHub--4,C5,0.0,-38.592233009708735,-8.333333333333332,-11.11111111111111,0.0,0.0,0.0,-60.76190476190476
browser-use,GitHub--4,C7,0.0,-29.85436893203883,0.0,0.0,0.0,0.0,0.0,-60.57142857142858
browser-use,GitHub--4,C8,0.0,-30.582524271844658,0.0,0.0,0.0,0.0,0.0,-51.23809523809524
browser-use,GitHub--40,C2,0.0,-4.651162790697675,0.0,0.0,0.0,0.0,0.0,-24.999999999999993
browser-use,GitHub--40,C5,0.0,-2.7906976744186047,0.0,0.0,0.0,0.0,0.0,-28.87323943661972
browser-use,GitHub--40,C7,0.0,-7.441860465116279,0.0,0.0,0.0,0.0,0.0,-8.098591549295765
browser-use,GitHub--40,C8,0.0,-3.255813953488372,0.0,0.0,0.0,0.0,0.0,8.098591549295778
browser-use,GitHub--5,C2,0.0,-23.248407643312103,-28.57142857142857,-36.36363636363637,0.0,0.0,0.0,-32.76353276353276
browser-use,GitHub--5,C5,0.0,6.687898089171974,-14.285714285714285,-18.181818181818183,0.0,0.0,0.0,-20.227920227920233
browser-use,GitHub--5,C7,0.0,-15.92356687898089,-21.428571428571427,-27.27272727272727,0.0,0.0,0.0,-47.008547008547005
browser-use,GitHub--5,C8,0.0,-16.878980891719745,-21.428571428571427,-27.27272727272727,0.0,0.0,0.0,-37.89173789173789
browser-use,GitHub--6,C2,0.0,-52.19298245614035,-16.666666666666664,-22.22222222222222,0.0,0.0,0.0,-42.38683127572017
browser-use,GitHub--6,C5,0.0,-38.377192982456144,-8.333333333333332,-11.11111111111111,0.0,0.0,0.0,-47.53086419753087
browser-use,GitHub--6,C7,0.0,-91.22807017543859,-16.666666666666664,0.0,0.0,inf,0.0,-39.711934156378604
browser-use,GitHub--6,C8,0.0,-45.17543859649123,-8.333333333333332,-11.11111111111111,0.0,0.0,0.0,-44.8559670781893
browser-use,GitHub--7,C2,0.0,-74.39353099730458,-21.428571428571427,-9.090909090909092,0.0,inf,0.0,-21.5223097112861
browser-use,GitHub--7,C5,0.0,127.22371967654986,42.857142857142854,54.54545454545454,0.0,0.0,0.0,36.48293963254592
browser-use,GitHub--7,C7,0.0,-74.93261455525607,-28.57142857142857,-18.181818181818183,0.0,inf,0.0,54.59317585301836
browser-use,GitHub--7,C8,0.0,7.008086253369273,-28.57142857142857,-36.36363636363637,0.0,0.0,0.0,-1.3123359580052494
browser-use,GitHub--8,C2,0.0,-68.83116883116884,-13.333333333333334,0.0,0.0,inf,0.0,1.346801346801354
browser-use,GitHub--8,C5,0.0,137.012987012987,33.33333333333333,41.66666666666667,0.0,0.0,0.0,106.06060606060608
browser-use,GitHub--8,C7,0.0,-68.5064935064935,-13.333333333333334,0.0,0.0,inf,0.0,0.3367003367003415
browser-use,GitHub--8,C8,0.0,-51.94805194805194,-33.33333333333333,-41.66666666666667,0.0,0.0,0.0,-55.55555555555556
browser-use,GitHub--9,C2,0.0,-0.8771929824561403,0.0,0.0,0.0,0.0,0.0,-18.909090909090907
browser-use,GitHub--9,C5,0.0,-31.57894736842105,0.0,0.0,0.0,0.0,0.0,-23.636363636363637
browser-use,GitHub--9,C7,0.0,-0.43859649122807015,0.0,0.0,0.0,0.0,0.0,-19.636363636363633
browser-use,GitHub--9,C8,0.0,-0.8771929824561403,0.0,0.0,0.0,0.0,0.0,0.3636363636363688
browser-use,Google_Flights--0,C2,0.0,-89.22091782283886,-93.29608938547486,-95.40229885057471,0.0,inf,0.0,-0.9638554216867437
browser-use,Google_Flights--0,C5,0.0,-32.97758804695838,-65.92178770949721,-68.39080459770115,0.0,0.0,0.0,13.734939759036152
browser-use,Google_Flights--0,C7,0.0,-61.89967982924226,-77.09497206703911,-78.73563218390804,0.0,inf,inf,44.81927710843374
browser-use,Google_Flights--0,C8,0.0,-58.80469583778015,-78.77094972067039,-80.45977011494253,0.0,inf,inf,-10.843373493975903
browser-use,Google_Flights--1,C2,0.0,-11.242603550295858,5.263157894736842,7.6923076923076925,0.0,inf,0.0,3.911980440097803
browser-use,Google_Flights--1,C5,0.0,144.97041420118344,31.57894736842105,61.53846153846154,0.0,0.0,0.0,51.58924205378974
browser-use,Google_Flights--1,C7,0.0,-46.74556213017752,-21.052631578947366,-30.76923076923077,0.0,0.0,0.0,18.581907090464554
browser-use,Google_Flights--1,C8,0.0,-56.80473372781065,-21.052631578947366,-30.76923076923077,0.0,0.0,0.0,-21.026894865525676
browser-use,Google_Flights--10,C2,0.0,-77.720207253886,-26.08695652173913,-35.294117647058826,0.0,0.0,0.0,15.458937198067629
browser-use,Google_Flights--10,C5,0.0,-61.13989637305699,-4.3478260869565215,-5.88235294117647,0.0,0.0,0.0,45.41062801932368
browser-use,Google_Flights--10,C7,0.0,-77.720207253886,-26.08695652173913,-35.294117647058826,0.0,0.0,0.0,30.193236714975846
browser-use,Google_Flights--10,C8,0.0,-83.24697754749567,-26.08695652173913,-35.294117647058826,0.0,0.0,0.0,15.458937198067629
browser-use,Google_Flights--11,C2,0.0,-43.07692307692308,-41.37931034482759,-52.17391304347826,0.0,0.0,0.0,30.999999999999993
browser-use,Google_Flights--11,C5,0.0,-18.461538461538463,-41.37931034482759,-52.17391304347826,0.0,0.0,0.0,37.75000000000001
browser-use,Google_Flights--11,C7,0.0,-37.43589743589744,-41.37931034482759,-52.17391304347826,0.0,0.0,0.0,20.500000000000007
browser-use,Google_Flights--11,C8,0.0,-37.43589743589744,-48.275862068965516,-60.86956521739131,0.0,0.0,0.0,49.25000000000001
browser-use,Google_Flights--12,C2,0.0,-18.333333333333332,0.0,0.0,0.0,0.0,0.0,9.975669099756693
browser-use,Google_Flights--12,C5,0.0,-7.5,0.0,0.0,0.0,0.0,0.0,-1.9464720194647307
browser-use,Google_Flights--12,C7,0.0,30.0,0.0,0.0,0.0,0.0,0.0,-1.4598540145985435
browser-use,Google_Flights--12,C8,0.0,-20.833333333333336,0.0,0.0,0.0,0.0,0.0,28.710462287104615
browser-use,Google_Flights--13,C2,0.0,32.846715328467155,-17.647058823529413,-27.27272727272727,0.0,inf,0.0,-53.75626043405677
browser-use,Google_Flights--13,C5,0.0,26.277372262773724,11.76470588235294,18.181818181818183,0.0,0.0,0.0,-4.507512520868106
browser-use,Google_Flights--13,C7,0.0,0.0,-5.88235294117647,-9.090909090909092,0.0,inf,0.0,-2.5041736227045077
browser-use,Google_Flights--13,C8,0.0,-15.328467153284672,0.0,0.0,0.0,0.0,0.0,-35.3923205342237
browser-use,Google_Flights--14,C2,0.0,-7.471264367816093,0.0,0.0,0.0,0.0,0.0,-9.044368600682601
browser-use,Google_Flights--14,C5,0.0,83.33333333333334,121.05263157894737,176.9230769230769,0.0,0.0,0.0,6.1433447098976135
browser-use,Google_Flights--14,C7,0.0,-37.35632183908046,-10.526315789473683,-15.384615384615385,0.0,0.0,0.0,-31.569965870307165
browser-use,Google_Flights--14,C8,0.0,-47.701149425287355,-21.052631578947366,-30.76923076923077,0.0,0.0,0.0,-28.156996587030715
browser-use,Google_Flights--15,C2,0.0,-87.73234200743495,-75.60975609756098,-82.85714285714286,0.0,inf,0.0,130.46357615894038
browser-use,Google_Flights--15,C5,0.0,-66.35687732342006,-53.65853658536586,-62.857142857142854,0.0,0.0,0.0,79.4701986754967
browser-use,Google_Flights--15,C7,0.0,-79.92565055762083,-56.09756097560976,-65.71428571428571,0.0,inf,0.0,68.21192052980132
browser-use,Google_Flights--15,C8,0.0,-78.62453531598513,-58.536585365853654,-68.57142857142857,0.0,0.0,0.0,63.245033112582774
browser-use,Google_Flights--16,C2,0.0,-13.91304347826087,0.0,0.0,0.0,0.0,0.0,6.7632850241546
browser-use,Google_Flights--16,C5,0.0,-9.565217391304348,0.0,0.0,0.0,0.0,0.0,-7.246376811594203
browser-use,Google_Flights--16,C7,0.0,42.608695652173914,11.76470588235294,18.181818181818183,0.0,0.0,0.0,24.39613526570049
browser-use,Google_Flights--16,C8,0.0,-9.565217391304348,0.0,0.0,0.0,0.0,0.0,-4.589371980676325
browser-use,Google_Flights--17,C2,0.0,-14.049586776859504,5.88235294117647,9.090909090909092,0.0,inf,0.0,39.20595533498761
browser-use,Google_Flights--17,C5,0.0,438.01652892561987,17.647058823529413,45.45454545454545,0.0,0.0,0.0,41.93548387096776
browser-use,Google_Flights--17,C7,0.0,-8.264462809917356,0.0,0.0,0.0,0.0,0.0,-0.24813895781636308
browser-use,Google_Flights--17,C8,0.0,-1.6528925619834711,0.0,0.0,0.0,0.0,0.0,8.436724565756839
browser-use,Google_Flights--18,C2,0.0,-83.99558498896246,-25.0,-40.0,0.0,inf,0.0,-10.428305400372441
browser-use,Google_Flights--18,C5,0.0,-28.58719646799117,12.5,5.0,0.0,0.0,0.0,-16.573556797020494
browser-use,Google_Flights--18,C7,0.0,-86.75496688741721,-29.166666666666668,-45.0,0.0,0.0,0.0,-21.973929236499075
browser-use,Google_Flights--18,C8,0.0,-86.86534216335541,-29.166666666666668,-45.0,0.0,0.0,0.0,-16.945996275605214
browser-use,Google_Flights--19,C2,0.0,-91.05403011514615,-68.33333333333333,-75.47169811320755,0.0,inf,0.0,42.888402625820554
browser-use,Google_Flights--19,C5,0.0,-92.29406554472985,-75.0,-83.01886792452831,0.0,0.0,0.0,-26.695842450765866
browser-use,Google_Flights--19,C7,0.0,-85.65101860053144,-68.33333333333333,-75.47169811320755,0.0,0.0,0.0,-6.564551422319474
browser-use,Google_Flights--19,C8,0.0,-91.14260407440213,-71.66666666666667,-79.24528301886792,0.0,0.0,0.0,-17.724288840262584
browser-use,Google_Flights--2,C2,0.0,51.041666666666664,0.0,0.0,0.0,0.0,0.0,40.10152284263961
browser-use,Google_Flights--2,C5,0.0,191.66666666666669,26.666666666666668,44.44444444444444,0.0,0.0,0.0,63.959390862944154
browser-use,Google_Flights--2,C7,0.0,90.625,0.0,0.0,0.0,inf,0.0,-31.21827411167512
browser-use,Google_Flights--2,C8,0.0,-8.333333333333332,0.0,0.0,0.0,0.0,0.0,5.583756345177672
browser-use,Google_Flights--20,C2,0.0,46.56488549618321,-17.647058823529413,-27.27272727272727,0.0,inf,0.0,17.131474103585646
browser-use,Google_Flights--20,C5,0.0,467.93893129770987,117.64705882352942,181.8181818181818,0.0,0.0,0.0,55.37848605577689
browser-use,Google_Flights--20,C7,0.0,-21.374045801526716,5.88235294117647,9.090909090909092,0.0,inf,0.0,4.780876494023902
browser-use,Google_Flights--20,C8,0.0,-33.587786259541986,0.0,0.0,0.0,0.0,0.0,-16.13545816733068
browser-use,Google_Flights--21,C2,0.0,-28.92561983471074,0.0,0.0,0.0,0.0,0.0,-22.48908296943231
browser-use,Google_Flights--21,C5,0.0,461.98347107438013,80.0,155.55555555555557,0.0,0.0,0.0,-11.353711790393005
browser-use,Google_Flights--21,C7,0.0,-6.6115702479338845,13.333333333333334,44.44444444444444,0.0,inf,0.0,-43.88646288209607
browser-use,Google_Flights--21,C8,0.0,-65.28925619834712,-46.666666666666664,-55.55555555555556,0.0,inf,0.0,-20.087336244541476
browser-use,Google_Flights--22,C2,0.0,-70.4225352112676,-36.84210526315789,-38.46153846153847,0.0,inf,0.0,-39.92932862190813
browser-use,Google_Flights--22,C5,0.0,383.80281690140845,-10.526315789473683,0.0,0.0,0.0,0.0,55.47703180212014
browser-use,Google_Flights--22,C7,0.0,-34.50704225352113,-10.526315789473683,-15.384615384615385,0.0,0.0,0.0,-24.38162544169612
browser-use,Google_Flights--22,C8,0.0,-63.38028169014085,-26.31578947368421,-23.076923076923077,inf,inf,0.0,-17.137809187279156
browser-use,Google_Flights--23,C2,0.0,-35.03649635036496,-11.76470588235294,-18.181818181818183,0.0,0.0,0.0,-16.222222222222214
browser-use,Google_Flights--23,C5,0.0,-34.306569343065696,-11.76470588235294,-18.181818181818183,0.0,0.0,0.0,-5.777777777777781
browser-use,Google_Flights--23,C7,0.0,22.62773722627737,11.76470588235294,18.181818181818183,0.0,0.0,0.0,10.44444444444445
browser-use,Google_Flights--23,C8,0.0,-35.03649635036496,-11.76470588235294,-18.181818181818183,0.0,0.0,0.0,-17.77777777777778
browser-use,Google_Flights--24,C2,0.0,16.071428571428573,0.0,0.0,0.0,0.0,0.0,1.6985138004246225
browser-use,Google_Flights--24,C5,0.0,68.75,11.76470588235294,18.181818181818183,0.0,0.0,0.0,27.17622080679405
browser-use,Google_Flights--24,C7,0.0,14.285714285714285,0.0,0.0,0.0,0.0,0.0,7.43099787685775
browser-use,Google_Flights--24,C8,0.0,-3.571428571428571,-11.76470588235294,-18.181818181818183,0.0,0.0,0.0,5.095541401273882
browser-use,Google_Flights--25,C2,0.0,-53.153153153153156,-17.391304347826086,-31.57894736842105,0.0,0.0,0.0,0.6493506493506431
browser-use,Google_Flights--25,C5,0.0,-52.25225225225225,-17.391304347826086,-31.57894736842105,0.0,0.0,0.0,15.800865800865793
browser-use,Google_Flights--25,C7,0.0,-68.46846846846847,-17.391304347826086,-31.57894736842105,0.0,inf,0.0,-3.463203463203466
browser-use,Google_Flights--25,C8,0.0,-75.97597597597597,-34.78260869565217,-52.63157894736842,0.0,0.0,0.0,-11.6883116883117
browser-use,Google_Flights--26,C2,0.0,53.84615384615385,11.76470588235294,18.181818181818183,0.0,inf,0.0,-2.826086956521733
browser-use,Google_Flights--26,C5,0.0,62.5,11.76470588235294,18.181818181818183,0.0,0.0,0.0,-3.260869565217391
browser-use,Google_Flights--26,C7,0.0,48.07692307692308,11.76470588235294,18.181818181818183,0.0,0.0,0.0,9.347826086956514
browser-use,Google_Flights--26,C8,0.0,4.807692307692308,-11.76470588235294,-18.181818181818183,0.0,0.0,0.0,-9.782608695652174
browser-use,Google_Flights--27,C2,0.0,-2.6548672566371683,20.0,33.33333333333333,0.0,inf,0.0,48.49094567404425
browser-use,Google_Flights--27,C5,0.0,-15.04424778761062,0.0,0.0,0.0,0.0,0.0,-21.529175050301816
browser-use,Google_Flights--27,C7,0.0,12.389380530973451,0.0,0.0,0.0,0.0,0.0,11.67002012072434
browser-use,Google_Flights--27,C8,0.0,-8.849557522123893,13.333333333333334,22.22222222222222,0.0,0.0,0.0,-16.096579476861166
browser-use,Google_Flights--28,C2,0.0,-66.46464646464646,-17.391304347826086,-23.52941176470588,0.0,0.0,0.0,20.649651972157766
browser-use,Google_Flights--28,C5,0.0,-82.42424242424242,-34.78260869565217,-47.05882352941176,0.0,0.0,0.0,-8.120649651972158
browser-use,Google_Flights--28,C7,0.0,-80.8080808080808,-34.78260869565217,-47.05882352941176,0.0,0.0,0.0,9.9767981438515
browser-use,Google_Flights--28,C8,0.0,-77.97979797979798,-26.08695652173913,-35.294117647058826,0.0,0.0,0.0,-1.392111368909516
browser-use,Google_Flights--29,C2,0.0,-48.93617021276596,-45.83333333333333,-50.0,0.0,inf,0.0,67.36596736596736
browser-use,Google_Flights--29,C5,0.0,-42.02127659574468,-29.166666666666668,-38.88888888888889,0.0,0.0,0.0,-7.459207459207449
browser-use,Google_Flights--29,C7,0.0,-10.106382978723403,-12.5,-16.666666666666664,0.0,inf,0.0,0.4662004662004729
browser-use,Google_Flights--29,C8,0.0,-48.40425531914894,-37.5,-50.0,0.0,0.0,0.0,-21.445221445221435
browser-use,Google_Flights--3,C2,0.0,-81.00628930817611,-71.42857142857143,-78.125,0.0,inf,0.0,58.42911877394636
browser-use,Google_Flights--3,C5,0.0,-85.53459119496856,-77.14285714285715,-84.375,0.0,0.0,0.0,-4.022988505747129
browser-use,Google_Flights--3,C7,0.0,-93.71069182389937,-82.85714285714286,-87.5,0.0,inf,0.0,-23.946360153256705
browser-use,Google_Flights--3,C8,0.0,-74.96855345911949,-71.42857142857143,-76.5625,0.0,0.0,0.0,-43.10344827586207
browser-use,Google_Flights--30,C2,0.0,-85.98014888337468,-78.48101265822784,-84.28571428571429,0.0,0.0,0.0,-32.76353276353276
browser-use,Google_Flights--30,C5,0.0,-83.25062034739454,-75.9493670886076,-81.42857142857143,0.0,0.0,0.0,-25.21367521367522
browser-use,Google_Flights--30,C7,0.0,-84.863523573201,-78.48101265822784,-84.28571428571429,0.0,0.0,0.0,-30.341880341880344
browser-use,Google_Flights--30,C8,0.0,-87.34491315136476,-78.48101265822784,-84.28571428571429,0.0,0.0,0.0,-38.46153846153846
browser-use,Google_Flights--31,C2,0.0,148.4848484848485,17.647058823529413,45.45454545454545,0.0,0.0,0.0,-19.02985074626866
browser-use,Google_Flights--31,C5,0.0,1047.4747474747473,211.76470588235296,318.1818181818182,0.0,0.0,0.0,-16.4179104477612
browser-use,Google_Flights--31,C7,0.0,19.19191919191919,0.0,0.0,0.0,0.0,0.0,-23.88059701492538
browser-use,Google_Flights--31,C8,0.0,-52.52525252525253,-41.17647058823529,-45.45454545454545,0.0,inf,0.0,-56.343283582089555
browser-use,Google_Flights--32,C2,0.0,24.0,-5.263157894736842,-7.6923076923076925,0.0,0.0,0.0,28.90995260663506
browser-use,Google_Flights--32,C5,0.0,-2.2857142857142856,36.84210526315789,53.84615384615385,0.0,0.0,0.0,34.12322274881517
browser-use,Google_Flights--32,C7,0.0,-41.714285714285715,-15.789473684210526,-23.076923076923077,0.0,inf,0.0,29.857819905213255
browser-use,Google_Flights--32,C8,0.0,-49.142857142857146,-21.052631578947366,-30.76923076923077,0.0,0.0,0.0,-13.507109004739343
browser-use,Google_Flights--33,C2,0.0,-18.181818181818183,-10.526315789473683,-15.384615384615385,0.0,0.0,0.0,16.16161616161616
browser-use,Google_Flights--33,C5,0.0,-4.958677685950414,-10.526315789473683,-15.384615384615385,0.0,0.0,0.0,21.212121212121207
browser-use,Google_Flights--33,C7,0.0,-9.917355371900827,-10.526315789473683,-15.384615384615385,0.0,0.0,0.0,18.939393939393938
browser-use,Google_Flights--33,C8,0.0,392.56198347107437,115.78947368421053,169.23076923076923,0.0,inf,0.0,-6.565656565656569
browser-use,Google_Flights--34,C2,0.0,-82.689556509299,-67.3076923076923,-75.55555555555556,0.0,0.0,0.0,-13.382899628252781
browser-use,Google_Flights--34,C5,0.0,-24.74964234620887,15.384615384615385,24.444444444444443,0.0,0.0,0.0,-9.479553903345716
browser-use,Google_Flights--34,C7,0.0,-86.26609442060087,-71.15384615384616,-80.0,0.0,0.0,0.0,-6.877323420074342
browser-use,Google_Flights--34,C8,0.0,-85.97997138769671,-71.15384615384616,-80.0,0.0,0.0,0.0,-5.762081784386607
browser-use,Google_Flights--35,C2,0.0,41.44144144144144,-11.76470588235294,-18.181818181818183,0.0,inf,0.0,-8.450704225352116
browser-use,Google_Flights--35,C5,0.0,2.7027027027027026,0.0,0.0,0.0,0.0,0.0,19.014084507042256
browser-use,Google_Flights--35,C7,0.0,-17.117117117117118,-11.76470588235294,-18.181818181818183,0.0,0.0,0.0,0.23474178403756202
browser-use,Google_Flights--35,C8,0.0,-18.91891891891892,-11.76470588235294,-18.181818181818183,0.0,0.0,0.0,-1.8779342723004795
browser-use,Google_Flights--36,C2,0.0,-84.4621513944223,-70.6896551724138,-77.55102040816327,0.0,0.0,0.0,-5.793450881612101
browser-use,Google_Flights--36,C5,0.0,-86.85258964143426,-70.6896551724138,-77.55102040816327,0.0,0.0,0.0,16.87657430730477
browser-use,Google_Flights--36,C7,0.0,-85.65737051792829,-70.6896551724138,-77.55102040816327,0.0,0.0,0.0,-7.556675062972292
browser-use,Google_Flights--36,C8,0.0,-85.92297476759629,-74.13793103448276,-81.63265306122449,0.0,0.0,0.0,7.304785894206544
browser-use,Google_Flights--37,C2,0.0,-57.14285714285714,-53.84615384615385,-60.0,0.0,inf,0.0,-59.70394736842105
browser-use,Google_Flights--37,C5,0.0,-19.841269841269842,-34.61538461538461,-45.0,0.0,0.0,0.0,-31.578947368421044
browser-use,Google_Flights--37,C7,0.0,-54.761904761904766,-38.46153846153847,-40.0,0.0,inf,0.0,-60.69078947368421
browser-use,Google_Flights--37,C8,0.0,1.5873015873015872,-34.61538461538461,-45.0,0.0,0.0,0.0,-23.684210526315788
browser-use,Google_Flights--38,C2,0.0,-42.10526315789473,-11.76470588235294,-18.181818181818183,0.0,0.0,0.0,-8.918406072106267
browser-use,Google_Flights--38,C5,0.0,-36.25730994152047,-11.76470588235294,-18.181818181818183,0.0,0.0,0.0,-10.815939278937387
browser-use,Google_Flights--38,C7,0.0,-3.508771929824561,11.76470588235294,18.181818181818183,0.0,0.0,0.0,-22.2011385199241
browser-use,Google_Flights--38,C8,0.0,-37.42690058479532,0.0,0.0,0.0,0.0,0.0,-14.421252371916509
browser-use,Google_Flights--39,C2,0.0,-71.89873417721519,-66.66666666666666,-82.75862068965517,0.0,inf,0.0,7.122093023255823
browser-use,Google_Flights--39,C5,0.0,-70.88607594936708,-48.484848484848484,-62.06896551724138,0.0,0.0,0.0,-35.17441860465116
browser-use,Google_Flights--39,C7,0.0,-70.88607594936708,-48.484848484848484,-62.06896551724138,0.0,0.0,0.0,-45.20348837209301
browser-use,Google_Flights--39,C8,0.0,-72.9113924050633,-54.54545454545454,-68.96551724137932,0.0,0.0,0.0,-31.976744186046513
browser-use,Google_Flights--4,C2,0.0,-78.72340425531915,-64.15094339622641,-73.46938775510205,0.0,0.0,0.0,-3.4979423868312813
browser-use,Google_Flights--4,C5,0.0,-70.9726443768997,-56.60377358490566,-65.3061224489796,0.0,0.0,0.0,-15.226337448559669
browser-use,Google_Flights--4,C7,0.0,-83.89057750759878,-67.9245283018868,-77.55102040816327,0.0,0.0,0.0,-5.555555555555562
browser-use,Google_Flights--4,C8,0.0,-87.08206686930092,-67.9245283018868,-77.55102040816327,0.0,0.0,0.0,-12.96296296296297
browser-use,Google_Flights--40,C2,0.0,10.185185185185185,12.5,20.0,0.0,0.0,0.0,-9.533073929961088
browser-use,Google_Flights--40,C5,0.0,40.27777777777778,0.0,0.0,0.0,0.0,0.0,1.5564202334630433
browser-use,Google_Flights--40,C7,0.0,8.333333333333332,12.5,20.0,0.0,0.0,0.0,-6.225680933852132
browser-use,Google_Flights--40,C8,0.0,36.574074074074076,12.5,20.0,0.0,0.0,0.0,10.505836575875485
browser-use,Google_Flights--41,C2,0.0,-72.77397260273972,-54.054054054054056,-66.66666666666666,0.0,0.0,0.0,-7.959183673469385
browser-use,Google_Flights--41,C5,0.0,-83.21917808219177,-54.054054054054056,-66.66666666666666,0.0,0.0,0.0,-8.775510204081627
browser-use,Google_Flights--41,C7,0.0,-74.82876712328768,-48.64864864864865,-60.60606060606061,0.0,0.0,0.0,-19.387755102040817
browser-use,Google_Flights--41,C8,0.0,-84.07534246575342,-54.054054054054056,-66.66666666666666,0.0,0.0,0.0,-0.6122448979591778
browser-use,Google_Flights--5,C2,0.0,-80.94688221709006,-60.86956521739131,-70.0,0.0,inf,0.0,-10.941828254847653
browser-use,Google_Flights--5,C5,0.0,-79.79214780600462,-58.69565217391305,-67.5,0.0,0.0,0.0,-31.024930747922447
browser-use,Google_Flights--5,C7,0.0,-80.71593533487298,-63.04347826086957,-72.5,0.0,0.0,0.0,-24.099722991689756
browser-use,Google_Flights--5,C8,0.0,-88.45265588914549,-63.04347826086957,-72.5,0.0,0.0,0.0,-37.81163434903048
browser-use,Google_Flights--6,C2,0.0,-13.612565445026178,10.526315789473683,15.384615384615385,0.0,inf,0.0,28.44202898550725
browser-use,Google_Flights--6,C5,0.0,-18.32460732984293,-5.263157894736842,-7.6923076923076925,0.0,0.0,0.0,-18.65942028985508
browser-use,Google_Flights--6,C7,0.0,-25.654450261780106,-26.31578947368421,-38.46153846153847,0.0,inf,0.0,34.601449275362306
browser-use,Google_Flights--6,C8,0.0,-45.54973821989529,-10.526315789473683,-15.384615384615385,0.0,0.0,0.0,-19.384057971014496
browser-use,Google_Flights--7,C2,0.0,-54.166666666666664,-41.17647058823529,-45.45454545454545,0.0,inf,0.0,65.03340757238306
browser-use,Google_Flights--7,C5,0.0,431.66666666666663,35.294117647058826,54.54545454545454,0.0,0.0,0.0,45.879732739420945
browser-use,Google_Flights--7,C7,0.0,-12.5,0.0,0.0,0.0,0.0,0.0,3.34075723830735
browser-use,Google_Flights--7,C8,0.0,-18.333333333333332,-11.76470588235294,-18.181818181818183,0.0,0.0,0.0,6.458797327394207
browser-use,Google_Flights--8,C2,0.0,54.44444444444444,0.0,0.0,0.0,0.0,0.0,-7.322654462242569
browser-use,Google_Flights--8,C5,0.0,21.11111111111111,0.0,0.0,0.0,0.0,0.0,26.31578947368421
browser-use,Google_Flights--8,C7,0.0,32.22222222222222,0.0,0.0,0.0,0.0,0.0,21.73913043478261
browser-use,Google_Flights--8,C8,0.0,-6.666666666666667,0.0,0.0,0.0,0.0,0.0,21.510297482837522
browser-use,Google_Flights--9,C2,0.0,63.91752577319587,13.333333333333334,22.22222222222222,0.0,0.0,0.0,13.25581395348838
browser-use,Google_Flights--9,C5,0.0,542.2680412371134,66.66666666666666,111.11111111111111,0.0,0.0,0.0,13.488372093023248
browser-use,Google_Flights--9,C7,0.0,-44.329896907216494,6.666666666666667,33.33333333333333,0.0,inf,0.0,-2.5581395348837246
browser-use,Google_Flights--9,C8,0.0,0.0,13.333333333333334,22.22222222222222,0.0,0.0,0.0,12.32558139534883
browser-use,Google_Map--0,C2,0.0,-64.44058976582826,-19.047619047619047,-28.57142857142857,0.0,0.0,0.0,-61.06060606060606
browser-use,Google_Map--0,C5,0.0,-51.86470078057241,-14.285714285714285,0.0,0.0,0.0,0.0,-40.45454545454546
browser-use,Google_Map--0,C7,0.0,-64.09366869037294,-19.047619047619047,-28.57142857142857,0.0,0.0,0.0,-58.030303030303024
browser-use,Google_Map--0,C8,0.0,-98.438855160451,-61.904761904761905,-71.42857142857143,0.0,inf,0.0,-42.878787878787875
browser-use,Google_Map--1,C2,0.0,-38.907175773535215,-26.08695652173913,-37.5,0.0,0.0,0.0,-54.9520766773163
browser-use,Google_Map--1,C5,0.0,-14.549045424621463,0.0,0.0,0.0,0.0,0.0,-0.9584664536741236
browser-use,Google_Map--1,C7,0.0,-68.40026333113892,-26.08695652173913,-37.5,0.0,0.0,0.0,-50.319488817891376
browser-use,Google_Map--1,C8,0.0,-65.70111915734036,-39.130434782608695,-56.25,inf,0.0,0.0,-59.105431309904155
browser-use,Google_Map--10,C2,0.0,-84.65266558966074,-50.0,-61.111111111111114,0.0,inf,0.0,43.87351778656126
browser-use,Google_Map--10,C5,-100.0,-100.0,-100.0,-100.0,0.0,0.0,0.0,
browser-use,Google_Map--10,C7,0.0,-84.81421647819063,-45.45454545454545,-55.55555555555556,0.0,inf,0.0,33.794466403162055
browser-use,Google_Map--10,C8,0.0,-66.72051696284329,-36.36363636363637,-44.44444444444444,0.0,0.0,0.0,-41.69960474308301
browser-use,Google_Map--11,C2,0.0,-89.14728682170544,-60.0,-67.74193548387096,0.0,inf,0.0,-8.378378378378383
browser-use,Google_Map--11,C5,0.0,-33.77630121816168,-14.285714285714285,-16.129032258064516,0.0,0.0,0.0,-3.243243243243251
browser-use,Google_Map--11,C7,0.0,-95.23809523809523,-62.857142857142854,-70.96774193548387,0.0,inf,0.0,-15.675675675675677
browser-use,Google_Map--11,C8,0.0,-90.36544850498339,-77.14285714285715,-87.09677419354838,0.0,0.0,0.0,48.918918918918926
browser-use,Google_Map--12,C2,0.0,54.166666666666664,-5.88235294117647,-10.0,0.0,inf,0.0,40.816326530612244
browser-use,Google_Map--12,C5,0.0,189.8148148148148,717.6470588235294,1240.0,0.0,0.0,0.0,151.02040816326533
browser-use,Google_Map--12,C7,0.0,49.76851851851852,11.76470588235294,0.0,0.0,inf,0.0,117.68707482993199
browser-use,Google_Map--12,C8,0.0,-11.574074074074074,-5.88235294117647,-10.0,inf,inf,0.0,78.2312925170068
browser-use,Google_Map--13,C2,0.0,7.184750733137831,-11.11111111111111,-35.714285714285715,0.0,inf,0.0,-44.277108433734945
browser-use,Google_Map--13,C5,0.0,5.278592375366569,144.44444444444443,178.57142857142858,0.0,0.0,0.0,-9.48795180722892
browser-use,Google_Map--13,C7,0.0,-92.52199413489735,-38.88888888888889,-50.0,0.0,inf,0.0,8.283132530120481
browser-use,Google_Map--13,C8,0.0,-25.65982404692082,-22.22222222222222,-50.0,inf,0.0,0.0,-44.72891566265061
browser-use,Google_Map--14,C2,0.0,-50.04906771344455,-37.03703703703704,-50.0,0.0,inf,0.0,-2.5710419485791687
browser-use,Google_Map--14,C5,0.0,-9.911678115799804,-37.03703703703704,-35.0,0.0,0.0,0.0,-37.34776725304466
browser-use,Google_Map--14,C7,0.0,-18.940137389597645,-29.629629629629626,-40.0,0.0,0.0,0.0,-36.94181326116374
browser-use,Google_Map--14,C8,0.0,-92.44357212953877,-55.55555555555556,-70.0,inf,inf,0.0,-69.55345060893099
browser-use,Google_Map--15,C2,0.0,23.583180987202926,-47.22222222222222,-62.5,0.0,inf,0.0,49.76415094339623
browser-use,Google_Map--15,C5,0.0,12.065813528336381,-47.22222222222222,-53.125,0.0,0.0,0.0,62.735849056603776
browser-use,Google_Map--15,C7,0.0,5.850091407678245,-44.44444444444444,-59.375,0.0,inf,0.0,-13.443396226415086
browser-use,Google_Map--15,C8,0.0,-85.0091407678245,-63.888888888888886,-78.125,inf,inf,0.0,46.93396226415094
browser-use,Google_Map--16,C2,0.0,-96.7948717948718,-37.5,-50.0,0.0,inf,0.0,5.457746478873242
browser-use,Google_Map--16,C5,0.0,-2.380952380952381,812.5,1075.0,0.0,0.0,0.0,3.697183098591552
browser-use,Google_Map--16,C7,0.0,-96.33699633699634,-31.25,-41.66666666666667,0.0,inf,0.0,-3.169014084507037
browser-use,Google_Map--16,C8,0.0,-98.07692307692307,-43.75,-58.333333333333336,inf,inf,0.0,-61.443661971830984
browser-use,Google_Map--17,C2,0.0,-13.81936887921654,-5.555555555555555,-9.090909090909092,0.0,inf,0.0,-24.631268436578164
browser-use,Google_Map--17,C5,0.0,6.311207834602829,600.0,1000.0,0.0,0.0,0.0,6.194690265486731
browser-use,Google_Map--17,C7,0.0,-95.32100108813928,-33.33333333333333,-27.27272727272727,0.0,inf,0.0,-17.846607669616514
browser-use,Google_Map--17,C8,0.0,-53.53645266594123,-16.666666666666664,-27.27272727272727,inf,inf,0.0,-32.30088495575221
browser-use,Google_Map--18,C2,0.0,-67.61658031088082,-20.0,-9.090909090909092,0.0,0.0,0.0,-33.62637362637363
browser-use,Google_Map--18,C5,0.0,-68.65284974093264,-20.0,-9.090909090909092,0.0,0.0,0.0,-54.06593406593407
browser-use,Google_Map--18,C7,0.0,-38.60103626943005,-20.0,-18.181818181818183,0.0,0.0,0.0,-4.6153846153846185
browser-use,Google_Map--18,C8,0.0,-64.16234887737478,-20.0,-36.36363636363637,inf,0.0,0.0,-20.000000000000004
browser-use,Google_Map--19,C2,0.0,-27.93427230046948,-69.49152542372882,-80.0,0.0,inf,0.0,-63.408393039918124
browser-use,Google_Map--19,C5,0.0,43.779342723004696,-5.084745762711865,-5.454545454545454,0.0,0.0,0.0,-66.17195496417605
browser-use,Google_Map--19,C7,0.0,-94.60093896713614,-81.35593220338984,-87.27272727272727,0.0,inf,0.0,-64.02251791197544
browser-use,Google_Map--19,C8,0.0,-91.43192488262912,-81.35593220338984,-90.9090909090909,inf,inf,0.0,-89.86693961105424
browser-use,Google_Map--2,C2,0.0,-42.77108433734939,-29.411764705882355,-38.46153846153847,0.0,inf,0.0,-29.3398533007335
browser-use,Google_Map--2,C5,0.0,379.51807228915663,-5.88235294117647,-30.76923076923077,0.0,0.0,0.0,-0.7334963325183305
browser-use,Google_Map--2,C7,0.0,158.43373493975903,-5.88235294117647,-30.76923076923077,0.0,0.0,0.0,-32.51833740831295
browser-use,Google_Map--2,C8,0.0,-35.54216867469879,-23.52941176470588,-30.76923076923077,0.0,0.0,0.0,-14.425427872860633
browser-use,Google_Map--20,C2,0.0,-53.510895883777245,-76.71232876712328,-85.29411764705883,0.0,inf,0.0,-39.0168970814132
browser-use,Google_Map--20,C5,0.0,18.159806295399516,-67.12328767123287,-77.94117647058823,0.0,0.0,0.0,-39.32411674347158
browser-use,Google_Map--20,C7,0.0,-88.86198547215496,-84.93150684931507,-89.70588235294117,0.0,inf,0.0,-44.3932411674347
browser-use,Google_Map--20,C8,0.0,-98.18401937046005,-90.41095890410958,-95.58823529411765,inf,0.0,0.0,-70.81413210445469
browser-use,Google_Map--21,C2,0.0,-61.69265033407573,6.25,-16.666666666666664,0.0,inf,0.0,-34.27230046948357
browser-use,Google_Map--21,C5,0.0,-27.728285077951004,6.25,-16.666666666666664,0.0,0.0,0.0,19.483568075117365
browser-use,Google_Map--21,C7,0.0,-33.073496659242764,6.25,-16.666666666666664,0.0,0.0,0.0,-58.45070422535211
browser-use,Google_Map--21,C8,0.0,-84.4097995545657,56.25,58.333333333333336,inf,0.0,0.0,-33.333333333333336
browser-use,Google_Map--22,C2,0.0,-53.24074074074075,-15.384615384615385,-22.22222222222222,0.0,inf,0.0,-49.823321554770324
browser-use,Google_Map--22,C5,0.0,362.037037037037,130.76923076923077,188.88888888888889,0.0,0.0,0.0,9.717314487632509
browser-use,Google_Map--22,C7,0.0,-34.25925925925926,7.6923076923076925,-11.11111111111111,0.0,inf,0.0,-13.074204946996465
browser-use,Google_Map--22,C8,0.0,51.388888888888886,76.92307692307693,111.11111111111111,0.0,inf,0.0,11.130742049469958
browser-use,Google_Map--23,C2,0.0,0.3853564547206166,-5.555555555555555,-9.090909090909092,0.0,inf,0.0,110.95890410958906
browser-use,Google_Map--23,C5,0.0,54.52793834296724,16.666666666666664,27.27272727272727,0.0,0.0,0.0,31.506849315068504
browser-use,Google_Map--23,C7,0.0,5.202312138728324,0.0,-18.181818181818183,0.0,0.0,0.0,46.57534246575344
browser-use,Google_Map--23,C8,0.0,112.52408477842005,-11.11111111111111,-18.181818181818183,inf,0.0,0.0,83.56164383561647
browser-use,Google_Map--24,C2,0.0,-73.26599326599327,-86.89655172413792,-91.42857142857143,0.0,inf,0.0,9.278350515463913
browser-use,Google_Map--24,C5,0.0,-66.86868686868686,-88.27586206896552,-92.85714285714286,0.0,0.0,0.0,-50.51546391752577
browser-use,Google_Map--24,C7,0.0,-69.0909090909091,-88.27586206896552,-92.85714285714286,0.0,0.0,0.0,-35.05154639175258
browser-use,Google_Map--24,C8,0.0,-71.78451178451178,-89.65517241379311,-94.28571428571428,inf,0.0,0.0,-59.941089837997055
browser-use,Google_Map--25,C2,0.0,-80.38379530916845,-56.00000000000001,-66.66666666666666,0.0,inf,0.0,-30.8584686774942
browser-use,Google_Map--25,C5,0.0,69.08315565031982,44.0,52.38095238095239,0.0,0.0,0.0,44.779582366589324
browser-use,Google_Map--25,C7,0.0,-60.5543710021322,-40.0,-57.14285714285714,0.0,inf,0.0,-37.81902552204176
browser-use,Google_Map--25,C8,0.0,-72.49466950959487,-8.0,-9.523809523809524,inf,inf,0.0,-9.512761020881673
browser-use,Google_Map--26,C2,0.0,33.988212180746565,0.0,0.0,0.0,0.0,0.0,10.582010582010582
browser-use,Google_Map--26,C5,0.0,95.87426326129666,0.0,0.0,0.0,0.0,0.0,10.582010582010582
browser-use,Google_Map--26,C7,0.0,25.343811394891947,0.0,0.0,0.0,0.0,0.0,-7.4074074074074
browser-use,Google_Map--26,C8,0.0,40.078585461689585,-12.5,-22.22222222222222,inf,0.0,0.0,14.550264550264552
browser-use,Google_Map--27,C2,0.0,-61.35593220338983,-11.11111111111111,0.0,0.0,0.0,0.0,-65.5
browser-use,Google_Map--27,C5,0.0,-22.28813559322034,16.666666666666664,55.55555555555556,0.0,0.0,0.0,-21.500000000000004
browser-use,Google_Map--27,C7,0.0,-96.69491525423729,-44.44444444444444,-33.33333333333333,0.0,inf,0.0,13.750000000000002
browser-use,Google_Map--27,C8,0.0,-75.9322033898305,105.55555555555556,266.66666666666663,0.0,inf,0.0,-10.0
browser-use,Google_Map--28,C2,0.0,4.057971014492753,0.0,0.0,0.0,0.0,0.0,-17.845117845117848
browser-use,Google_Map--28,C5,0.0,22.318840579710145,13.333333333333334,28.57142857142857,0.0,0.0,0.0,80.80808080808082
browser-use,Google_Map--28,C7,0.0,86.08695652173914,-6.666666666666667,0.0,0.0,0.0,0.0,63.2996632996633
browser-use,Google_Map--28,C8,0.0,2.608695652173913,0.0,0.0,0.0,0.0,0.0,13.804713804713797
browser-use,Google_Map--29,C2,0.0,-87.02928870292888,-29.411764705882355,-38.46153846153847,0.0,inf,0.0,1.4513788098693758
browser-use,Google_Map--29,C5,0.0,48.39609483960948,29.411764705882355,15.384615384615385,0.0,0.0,0.0,-42.52539912917271
browser-use,Google_Map--29,C7,0.0,-86.33193863319386,-23.52941176470588,-30.76923076923077,0.0,inf,0.0,-33.9622641509434
browser-use,Google_Map--29,C8,0.0,-88.98186889818689,-52.94117647058824,-69.23076923076923,0.0,0.0,0.0,-64.29608127721336
browser-use,Google_Map--3,C2,0.0,-34.7972972972973,-11.11111111111111,-27.27272727272727,0.0,inf,0.0,64.04833836858005
browser-use,Google_Map--3,C5,0.0,10.135135135135135,11.11111111111111,0.0,0.0,0.0,0.0,23.564954682779447
browser-use,Google_Map--3,C7,0.0,25.506756756756754,0.0,0.0,0.0,inf,0.0,3.021148036253776
browser-use,Google_Map--3,C8,0.0,27.87162162162162,-22.22222222222222,-36.36363636363637,inf,0.0,0.0,7.854984894259823
browser-use,Google_Map--30,C2,0.0,-45.426829268292686,-51.42857142857142,-67.74193548387096,0.0,inf,0.0,-49.22118380062305
browser-use,Google_Map--30,C5,0.0,97.5609756097561,322.8571428571429,345.16129032258067,0.0,0.0,0.0,19.626168224299057
browser-use,Google_Map--30,C7,0.0,38.109756097560975,-42.857142857142854,-64.51612903225806,0.0,inf,0.0,6.697819314641739
browser-use,Google_Map--30,C8,0.0,-82.77439024390245,-71.42857142857143,-87.09677419354838,inf,0.0,0.0,-65.57632398753894
browser-use,Google_Map--31,C2,0.0,37.89237668161435,20.0,37.5,0.0,0.0,0.0,16.35514018691589
browser-use,Google_Map--31,C5,0.0,43.946188340807176,0.0,0.0,0.0,0.0,0.0,53.271028037383175
browser-use,Google_Map--31,C7,0.0,43.946188340807176,26.666666666666668,25.0,0.0,0.0,0.0,10.747663551401873
browser-use,Google_Map--31,C8,0.0,198.65470852017935,26.666666666666668,12.5,inf,0.0,0.0,127.57009345794394
browser-use,Google_Map--32,C2,0.0,14.786418400876233,18.75,33.33333333333333,0.0,0.0,0.0,-10.537190082644631
browser-use,Google_Map--32,C5,0.0,-10.843373493975903,0.0,0.0,0.0,0.0,0.0,18.18181818181819
browser-use,Google_Map--32,C7,0.0,-61.77437020810515,6.25,11.11111111111111,0.0,inf,0.0,-21.07438016528925
browser-use,Google_Map--32,C8,0.0,-58.817086527929895,0.0,0.0,inf,inf,0.0,-40.289256198347104
browser-use,Google_Map--33,C2,0.0,-75.0,-35.0,-43.75,0.0,inf,0.0,-6.853146853146861
browser-use,Google_Map--33,C5,0.0,-55.412371134020624,30.0,37.5,0.0,0.0,0.0,15.244755244755254
browser-use,Google_Map--33,C7,0.0,-88.4020618556701,-45.0,-56.25,0.0,inf,0.0,-2.097902097902098
browser-use,Google_Map--33,C8,0.0,-81.44329896907216,-50.0,-75.0,inf,inf,0.0,-66.57342657342657
browser-use,Google_Map--34,C2,0.0,-46.17196702002356,5.88235294117647,-15.384615384615385,0.0,inf,0.0,-6.3063063063063005
browser-use,Google_Map--34,C5,0.0,9.540636042402827,311.7647058823529,407.6923076923077,0.0,0.0,0.0,63.73873873873875
browser-use,Google_Map--34,C7,0.0,-95.64193168433451,-41.17647058823529,-53.84615384615385,0.0,inf,0.0,-36.93693693693694
browser-use,Google_Map--34,C8,0.0,-83.9811542991755,152.94117647058823,200.0,inf,inf,0.0,-43.69369369369369
browser-use,Google_Map--35,C2,0.0,-90.61930783242259,-60.0,-66.66666666666666,0.0,inf,0.0,7.821229050279342
browser-use,Google_Map--35,C5,0.0,-37.15846994535519,-20.0,-16.666666666666664,0.0,0.0,0.0,114.80446927374305
browser-use,Google_Map--35,C7,0.0,-91.16575591985429,-56.666666666666664,-62.5,0.0,inf,0.0,121.22905027932964
browser-use,Google_Map--35,C8,0.0,-85.42805100182149,-50.0,-54.166666666666664,0.0,0.0,0.0,-8.659217877094957
browser-use,Google_Map--36,C2,0.0,24.104234527687296,-23.809523809523807,-47.05882352941176,0.0,inf,0.0,-17.115384615384613
browser-use,Google_Map--36,C5,0.0,110.09771986970685,-23.809523809523807,-29.411764705882355,0.0,0.0,0.0,0.19230769230769504
browser-use,Google_Map--36,C7,0.0,126.7100977198697,-23.809523809523807,-47.05882352941176,0.0,inf,0.0,1.7307692307692282
browser-use,Google_Map--36,C8,0.0,137.13355048859935,-33.33333333333333,-58.82352941176471,inf,0.0,0.0,-10.576923076923077
browser-use,Google_Map--37,C2,0.0,-42.3785594639866,-18.181818181818183,-26.666666666666668,0.0,inf,0.0,-0.3372681281618815
browser-use,Google_Map--37,C5,0.0,-14.824120603015075,-27.27272727272727,-20.0,0.0,0.0,0.0,-34.738617200674526
browser-use,Google_Map--37,C7,0.0,-95.81239530988275,-45.45454545454545,-46.666666666666664,0.0,inf,0.0,32.71500843170321
browser-use,Google_Map--37,C8,0.0,-68.67671691792296,-31.818181818181817,-46.666666666666664,inf,inf,0.0,-29.17369308600337
browser-use,Google_Map--38,C2,0.0,1.4591439688715953,-45.714285714285715,-64.28571428571429,0.0,inf,0.0,-1.2232415902140847
browser-use,Google_Map--38,C5,0.0,-17.217898832684824,-54.285714285714285,-67.85714285714286,0.0,0.0,0.0,-48.47094801223242
browser-use,Google_Map--38,C7,0.0,-59.33852140077821,-54.285714285714285,-67.85714285714286,0.0,0.0,0.0,-78.59327217125383
browser-use,Google_Map--38,C8,0.0,-97.85992217898833,-74.28571428571429,-82.14285714285714,inf,inf,0.0,-35.62691131498471
browser-use,Google_Map--39,C2,100.0,35.41666666666667,-5.88235294117647,-10.0,0.0,inf,0.0,-61.264534883720934
browser-use,Google_Map--39,C5,100.0,-20.694444444444443,0.0,0.0,0.0,0.0,0.0,-73.83720930232558
browser-use,Google_Map--39,C7,100.0,-36.388888888888886,-5.88235294117647,0.0,0.0,0.0,0.0,-71.51162790697674
browser-use,Google_Map--39,C8,100.0,-6.388888888888888,-17.647058823529413,-30.0,inf,0.0,0.0,-75.50872093023256
browser-use,Google_Map--4,C2,0.0,-83.203125,-52.17391304347826,-58.82352941176471,0.0,inf,0.0,-34.71615720524017
browser-use,Google_Map--4,C5,0.0,69.53125,13.043478260869565,17.647058823529413,0.0,0.0,0.0,-4.585152838427935
browser-use,Google_Map--4,C7,0.0,-87.890625,-60.86956521739131,-70.58823529411765,0.0,inf,0.0,-24.235807860262
browser-use,Google_Map--4,C8,0.0,-50.0,-8.695652173913043,-11.76470588235294,0.0,0.0,0.0,-25.545851528384272
browser-use,Google_Map--40,C2,0.0,18.60036832412523,-48.78048780487805,-61.111111111111114,0.0,inf,0.0,33.8235294117647
browser-use,Google_Map--40,C5,0.0,38.12154696132597,4.878048780487805,8.333333333333332,0.0,0.0,0.0,45.22058823529412
browser-use,Google_Map--40,C7,0.0,-90.97605893186004,-73.17073170731707,-80.55555555555556,0.0,inf,0.0,15.441176470588234
browser-use,Google_Map--40,C8,0.0,-96.86924493554328,-78.04878048780488,-86.11111111111111,0.0,inf,0.0,-60.845588235294116
browser-use,Google_Map--5,C2,0.0,-88.96396396396396,-41.66666666666667,-46.666666666666664,0.0,inf,0.0,-44.71299093655589
browser-use,Google_Map--5,C5,0.0,-24.774774774774773,4.166666666666666,20.0,0.0,0.0,0.0,-33.08157099697886
browser-use,Google_Map--5,C7,0.0,-96.84684684684684,-54.166666666666664,-53.333333333333336,0.0,inf,0.0,11.329305135951662
browser-use,Google_Map--5,C8,0.0,-94.06906906906907,-54.166666666666664,-66.66666666666666,inf,inf,0.0,-29.90936555891239
browser-use,Google_Map--6,C2,0.0,-56.48535564853556,-58.06451612903226,-66.66666666666666,0.0,inf,0.0,46.51162790697673
browser-use,Google_Map--6,C5,0.0,347.69874476987445,225.80645161290326,259.25925925925924,0.0,0.0,0.0,23.64341085271317
browser-use,Google_Map--6,C7,0.0,-59.83263598326359,-61.29032258064516,-70.37037037037037,0.0,inf,0.0,40.89147286821706
browser-use,Google_Map--6,C8,0.0,72.38493723849372,141.93548387096774,162.96296296296296,0.0,inf,inf,-24.6124031007752
browser-use,Google_Map--7,C2,0.0,-90.71883530482256,-45.45454545454545,-38.46153846153847,0.0,inf,0.0,10.027855153203348
browser-use,Google_Map--7,C5,0.0,-41.94722474977252,-27.27272727272727,-7.6923076923076925,0.0,0.0,0.0,79.10863509749304
browser-use,Google_Map--7,C7,0.0,-92.08371246587808,-54.54545454545454,-53.84615384615385,0.0,inf,0.0,59.88857938718664
browser-use,Google_Map--7,C8,0.0,-95.1774340309372,-63.63636363636363,-69.23076923076923,0.0,0.0,0.0,-29.805013927576603
browser-use,Google_Map--8,C2,0.0,-66.26984126984127,-10.0,-15.384615384615385,0.0,inf,0.0,3.609022556390986
browser-use,Google_Map--8,C5,0.0,-62.698412698412696,-20.0,-30.76923076923077,0.0,0.0,0.0,-30.526315789473678
browser-use,Google_Map--8,C7,0.0,-55.63492063492064,-15.0,-23.076923076923077,0.0,inf,0.0,-40.75187969924812
browser-use,Google_Map--8,C8,0.0,-65.23809523809524,-30.0,-38.46153846153847,inf,inf,0.0,-59.09774436090225
browser-use,Google_Map--9,C2,0.0,-94.34850863422291,-42.10526315789473,-53.333333333333336,0.0,inf,0.0,-57.16694772344013
browser-use,Google_Map--9,C5,0.0,67.50392464678178,105.26315789473684,113.33333333333333,0.0,0.0,0.0,-20.40472175379426
browser-use,Google_Map--9,C7,0.0,-92.62166405023548,-42.10526315789473,-53.333333333333336,0.0,inf,0.0,-37.43676222596964
browser-use,Google_Map--9,C8,0.0,-43.79905808477237,-5.263157894736842,-40.0,inf,inf,0.0,-54.30016863406407
browser-use,Google_Search--0,C2,0.0,-27.27272727272727,0.0,0.0,0.0,inf,0.0,53.8011695906433
browser-use,Google_Search--0,C5,0.0,337.06293706293707,75.0,112.5,0.0,0.0,0.0,-14.814814814814806
browser-use,Google_Search--0,C7,0.0,-37.76223776223776,-8.333333333333332,-12.5,0.0,inf,0.0,-47.368421052631575
browser-use,Google_Search--0,C8,0.0,-30.76923076923077,-8.333333333333332,-12.5,0.0,0.0,0.0,-51.6569200779727
browser-use,Google_Search--1,C2,0.0,-84.83333333333334,-26.666666666666668,-36.36363636363637,0.0,inf,0.0,-67.18377088305489
browser-use,Google_Search--1,C5,0.0,-20.666666666666668,6.666666666666667,9.090909090909092,0.0,0.0,0.0,-23.3890214797136
browser-use,Google_Search--1,C7,0.0,-76.0,6.666666666666667,-9.090909090909092,0.0,inf,0.0,-17.06443914081145
browser-use,Google_Search--1,C8,0.0,-88.33333333333333,-46.666666666666664,-63.63636363636363,0.0,0.0,0.0,-58.233890214797135
browser-use,Google_Search--10,C2,0.0,-97.79569892473118,-95.92592592592592,-97.34848484848484,0.0,inf,0.0,44.74789915966387
browser-use,Google_Search--10,C5,0.0,55.26881720430108,11.11111111111111,11.363636363636363,0.0,0.0,0.0,44.74789915966387
browser-use,Google_Search--10,C7,0.0,-26.881720430107524,-48.148148148148145,-48.484848484848484,0.0,inf,inf,14.495798319327728
browser-use,Google_Search--10,C8,0.0,-29.08602150537634,-43.333333333333336,-43.56060606060606,0.0,inf,inf,25.630252100840327
browser-use,Google_Search--11,C2,0.0,-94.0609951845907,-56.00000000000001,-65.0,0.0,inf,0.0,-55.439642324888226
browser-use,Google_Search--11,C5,0.0,-3.5313001605136436,0.0,0.0,0.0,0.0,0.0,5.067064083457535
browser-use,Google_Search--11,C7,0.0,-93.57945425361156,-52.0,-60.0,0.0,inf,0.0,-55.14157973174366
browser-use,Google_Search--11,C8,0.0,-19.903691813804173,84.0,100.0,0.0,0.0,inf,-39.493293591654236
browser-use,Google_Search--12,C2,0.0,-34.59119496855346,0.0,0.0,0.0,inf,0.0,-46.58298465829847
browser-use,Google_Search--12,C5,0.0,609.433962264151,950.0,1412.5,0.0,0.0,0.0,-4.463040446304048
browser-use,Google_Search--12,C7,0.0,-40.25157232704403,0.0,0.0,0.0,inf,0.0,-11.436541143654118
browser-use,Google_Search--12,C8,0.0,-42.76729559748428,-25.0,-37.5,inf,0.0,0.0,-25.10460251046025
browser-use,Google_Search--13,C2,0.0,-83.7248322147651,-27.77777777777778,-35.714285714285715,0.0,inf,0.0,-29.584352078239608
browser-use,Google_Search--13,C5,0.0,10.40268456375839,0.0,0.0,0.0,0.0,0.0,82.88508557457213
browser-use,Google_Search--13,C7,0.0,-91.61073825503355,-33.33333333333333,-42.857142857142854,0.0,inf,0.0,-6.601466992665027
browser-use,Google_Search--13,C8,0.0,-95.63758389261746,-38.88888888888889,-50.0,inf,inf,0.0,-38.87530562347188
browser-use,Google_Search--14,C2,0.0,-85.16746411483254,-42.10526315789473,-53.333333333333336,0.0,inf,0.0,-4.841149773071098
browser-use,Google_Search--14,C5,0.0,69.05901116427432,500.0,626.6666666666666,0.0,0.0,0.0,19.213313161875952
browser-use,Google_Search--14,C7,0.0,-83.89154704944178,-36.84210526315789,-46.666666666666664,0.0,inf,0.0,10.590015128593041
browser-use,Google_Search--14,C8,0.0,-88.51674641148325,-47.368421052631575,-73.33333333333333,inf,0.0,0.0,-60.5143721633888
browser-use,Google_Search--15,C2,0.0,-90.68100358422939,-16.666666666666664,-14.285714285714285,0.0,inf,0.0,44.044321329639885
browser-use,Google_Search--15,C5,0.0,-29.749103942652326,16.666666666666664,28.57142857142857,0.0,0.0,0.0,-40.7202216066482
browser-use,Google_Search--15,C7,0.0,-93.54838709677419,-33.33333333333333,-42.857142857142854,0.0,inf,0.0,-70.6371191135734
browser-use,Google_Search--15,C8,0.0,-91.39784946236558,-41.66666666666667,-57.14285714285714,0.0,inf,0.0,52.3545706371191
browser-use,Google_Search--16,C2,0.0,-94.47619047619048,-57.14285714285714,-70.58823529411765,0.0,inf,0.0,-68.72294372294373
browser-use,Google_Search--16,C5,0.0,135.23809523809524,-19.047619047619047,-23.52941176470588,0.0,0.0,0.0,-28.571428571428577
browser-use,Google_Search--16,C7,0.0,-90.47619047619048,-42.857142857142854,-52.94117647058824,0.0,inf,0.0,-59.307359307359306
browser-use,Google_Search--16,C8,0.0,-97.71428571428571,-71.42857142857143,-88.23529411764706,0.0,0.0,0.0,-58.44155844155845
browser-use,Google_Search--17,C2,0.0,-90.7,-62.5,-69.23076923076923,0.0,inf,0.0,32.31357552581263
browser-use,Google_Search--17,C5,0.0,-1.0,6.25,7.6923076923076925,0.0,0.0,0.0,-22.179732313575514
browser-use,Google_Search--17,C7,0.0,-91.4,-68.75,-76.92307692307693,0.0,inf,0.0,-34.799235181644356
browser-use,Google_Search--17,C8,0.0,-89.2,-75.0,-84.61538461538461,0.0,0.0,0.0,-60.61185468451242
browser-use,Google_Search--18,C2,0.0,-88.86486486486487,-42.10526315789473,-53.333333333333336,0.0,inf,0.0,-35.919055649241145
browser-use,Google_Search--18,C5,0.0,-20.864864864864867,0.0,0.0,0.0,0.0,0.0,-18.549747048903882
browser-use,Google_Search--18,C7,0.0,-90.27027027027027,-42.10526315789473,-53.333333333333336,0.0,inf,0.0,-50.252951096121414
browser-use,Google_Search--18,C8,0.0,-76.10810810810811,-52.63157894736842,-66.66666666666666,0.0,0.0,0.0,-25.29510961214165
browser-use,Google_Search--19,C2,0.0,-73.05699481865285,-21.428571428571427,-30.0,0.0,inf,0.0,49.99999999999999
browser-use,Google_Search--19,C5,0.0,15.803108808290157,0.0,0.0,0.0,0.0,0.0,-9.917355371900822
browser-use,Google_Search--19,C7,0.0,-73.31606217616581,-21.428571428571427,-30.0,0.0,inf,0.0,-18.801652892561986
browser-use,Google_Search--19,C8,0.0,-16.321243523316063,-28.57142857142857,-40.0,0.0,0.0,0.0,-44.628099173553714
browser-use,Google_Search--2,C2,-100.0,-100.0,-100.0,-100.0,0.0,0.0,0.0,
browser-use,Google_Search--2,C5,0.0,41.452991452991455,215.0,262.5,0.0,0.0,0.0,143.09210526315792
browser-use,Google_Search--2,C7,0.0,-58.4045584045584,20.0,25.0,0.0,inf,0.0,-30.263157894736842
browser-use,Google_Search--2,C8,0.0,-77.20797720797721,55.00000000000001,68.75,0.0,inf,0.0,-4.605263157894733
browser-use,Google_Search--20,C2,0.0,-85.49618320610686,-42.10526315789473,-53.333333333333336,0.0,inf,0.0,-45.30685920577617
browser-use,Google_Search--20,C5,0.0,-77.40458015267176,-36.84210526315789,-46.666666666666664,0.0,0.0,0.0,-10.28880866425992
browser-use,Google_Search--20,C7,0.0,-83.81679389312977,-36.84210526315789,-46.666666666666664,0.0,inf,0.0,40.25270758122745
browser-use,Google_Search--20,C8,0.0,-92.67175572519083,-52.63157894736842,-66.66666666666666,inf,0.0,0.0,-53.429602888086634
browser-use,Google_Search--21,C2,0.0,-42.51497005988024,-7.142857142857142,12.5,0.0,inf,0.0,-44.565217391304344
browser-use,Google_Search--21,C5,0.0,258.6826347305389,21.428571428571427,62.5,0.0,0.0,0.0,-39.85507246376812
browser-use,Google_Search--21,C7,0.0,-41.91616766467065,-7.142857142857142,12.5,0.0,inf,0.0,-42.210144927536234
browser-use,Google_Search--21,C8,0.0,-59.88023952095808,-21.428571428571427,-37.5,inf,inf,0.0,-56.34057971014492
browser-use,Google_Search--22,C2,0.0,-5.7034220532319395,0.0,0.0,0.0,inf,0.0,14.82412060301509
browser-use,Google_Search--22,C5,0.0,235.74144486692018,-21.73913043478261,7.6923076923076925,0.0,0.0,0.0,-11.557788944723605
browser-use,Google_Search--22,C7,0.0,-29.277566539923956,13.043478260869565,23.076923076923077,0.0,inf,0.0,48.99497487437186
browser-use,Google_Search--22,C8,0.0,-93.5361216730038,-69.56521739130434,-84.61538461538461,0.0,inf,0.0,-45.47738693467336
browser-use,Google_Search--23,C2,0.0,-51.35135135135135,-7.6923076923076925,-11.11111111111111,0.0,inf,0.0,-63.57142857142857
browser-use,Google_Search--23,C5,0.0,-18.91891891891892,-7.6923076923076925,-11.11111111111111,0.0,0.0,0.0,-11.999999999999998
browser-use,Google_Search--23,C7,0.0,-21.62162162162162,15.384615384615385,0.0,0.0,inf,0.0,-0.4285714285714245
browser-use,Google_Search--23,C8,0.0,-56.21621621621622,-30.76923076923077,-44.44444444444444,inf,0.0,0.0,-65.71428571428571
browser-use,Google_Search--24,C2,0.0,-81.83556405353728,-29.411764705882355,-38.46153846153847,0.0,inf,0.0,-34.46808510638298
browser-use,Google_Search--24,C5,0.0,-57.55258126195029,-5.88235294117647,-23.076923076923077,0.0,0.0,0.0,-40.63829787234043
browser-use,Google_Search--24,C7,0.0,-82.98279158699809,-35.294117647058826,-46.15384615384615,0.0,inf,0.0,-46.38297872340426
browser-use,Google_Search--24,C8,0.0,-81.07074569789675,-41.17647058823529,-53.84615384615385,inf,0.0,0.0,9.14893617021276
browser-use,Google_Search--25,C2,0.0,-34.64052287581699,-34.78260869565217,-42.10526315789473,0.0,inf,0.0,91.0891089108911
browser-use,Google_Search--25,C5,0.0,109.15032679738562,217.39130434782606,247.3684210526316,0.0,0.0,0.0,-28.46534653465347
browser-use,Google_Search--25,C7,0.0,-36.60130718954248,-34.78260869565217,-42.10526315789473,0.0,inf,0.0,-23.76237623762376
browser-use,Google_Search--25,C8,0.0,122.22222222222223,126.08695652173914,147.36842105263156,0.0,inf,0.0,5.445544554455452
browser-use,Google_Search--26,C2,0.0,-84.70209339774557,-18.75,-25.0,0.0,inf,0.0,-56.96022727272728
browser-use,Google_Search--26,C5,0.0,-27.858293075684383,-6.25,-8.333333333333332,0.0,0.0,0.0,-49.857954545454554
browser-use,Google_Search--26,C7,0.0,-92.27053140096618,-25.0,-33.33333333333333,0.0,inf,0.0,-48.295454545454554
browser-use,Google_Search--26,C8,0.0,-97.74557165861513,-62.5,-83.33333333333334,inf,0.0,0.0,-51.70454545454546
browser-use,Google_Search--27,C2,0.0,-59.16230366492147,-64.1025641025641,-75.0,0.0,inf,0.0,-35.785288270377734
browser-use,Google_Search--27,C5,0.0,-7.853403141361256,-35.8974358974359,-40.625,0.0,0.0,0.0,-43.93638170974155
browser-use,Google_Search--27,C7,0.0,-76.17801047120419,-69.23076923076923,-75.0,0.0,inf,0.0,-30.616302186878723
browser-use,Google_Search--27,C8,0.0,-81.15183246073299,-71.7948717948718,-84.375,inf,inf,0.0,-29.025844930417488
browser-use,Google_Search--28,C2,0.0,-92.88135593220339,-94.97907949790795,-96.58119658119658,0.0,inf,0.0,-14.164904862579272
browser-use,Google_Search--28,C5,0.0,-19.59322033898305,-23.84937238493724,-24.358974358974358,0.0,0.0,0.0,7.399577167019028
browser-use,Google_Search--28,C7,0.0,-93.55932203389831,-94.56066945606695,-96.15384615384616,0.0,inf,0.0,-30.23255813953488
browser-use,Google_Search--28,C8,0.0,-98.57627118644068,-96.23430962343096,-97.86324786324786,0.0,inf,0.0,-47.35729386892177
browser-use,Google_Search--29,C2,0.0,-86.23595505617978,-51.724137931034484,-56.52173913043478,0.0,inf,0.0,13.549337260677449
browser-use,Google_Search--29,C5,0.0,-70.50561797752809,-48.275862068965516,-52.17391304347826,0.0,0.0,0.0,-13.402061855670114
browser-use,Google_Search--29,C7,0.0,-85.53370786516854,-55.172413793103445,-60.86956521739131,0.0,inf,0.0,3.6818851251840936
browser-use,Google_Search--29,C8,0.0,-79.91573033707866,-68.96551724137932,-78.26086956521739,0.0,0.0,0.0,-56.11192930780561
browser-use,Google_Search--3,C2,0.0,-70.27027027027027,-76.5625,-85.0,0.0,inf,0.0,7.471264367816096
browser-use,Google_Search--3,C5,0.0,-63.899613899613904,-76.5625,-81.66666666666667,0.0,0.0,0.0,14.942528735632193
browser-use,Google_Search--3,C7,0.0,-80.3088803088803,-82.8125,-88.33333333333333,0.0,inf,0.0,0.8620689655172536
browser-use,Google_Search--3,C8,0.0,-94.98069498069498,-84.375,-90.0,inf,inf,0.0,-34.91379310344828
browser-use,Google_Search--30,C2,0.0,-81.04265402843602,-72.72727272727273,-82.75862068965517,0.0,inf,0.0,-2.4566473988439346
browser-use,Google_Search--30,C5,0.0,266.3507109004739,9.090909090909092,6.896551724137931,0.0,0.0,0.0,-42.052023121387286
browser-use,Google_Search--30,C7,0.0,-81.51658767772511,-66.66666666666666,-75.86206896551724,0.0,inf,0.0,-59.6820809248555
browser-use,Google_Search--30,C8,0.0,-85.78199052132702,-75.75757575757575,-86.20689655172413,0.0,0.0,0.0,-47.6878612716763
browser-use,Google_Search--31,C2,0.0,-82.83185840707965,-25.0,-33.33333333333333,0.0,inf,0.0,-64.73988439306359
browser-use,Google_Search--31,C5,0.0,28.49557522123894,18.75,25.0,0.0,0.0,0.0,-23.468208092485547
browser-use,Google_Search--31,C7,0.0,-83.36283185840708,-18.75,-25.0,0.0,inf,0.0,-32.48554913294798
browser-use,Google_Search--31,C8,0.0,-72.38938053097344,-50.0,-66.66666666666666,0.0,0.0,0.0,-54.56647398843931
browser-use,Google_Search--32,C2,0.0,-94.109396914446,-27.77777777777778,-35.714285714285715,0.0,inf,0.0,-39.53098827470687
browser-use,Google_Search--32,C5,0.0,-26.367461430575034,-5.555555555555555,-7.142857142857142,0.0,0.0,0.0,-4.522613065326637
browser-use,Google_Search--32,C7,0.0,-94.81065918653576,-44.44444444444444,-57.14285714285714,0.0,inf,0.0,5.695142378559461
browser-use,Google_Search--32,C8,0.0,-79.66339410939692,-55.55555555555556,-71.42857142857143,0.0,0.0,0.0,-51.256281407035175
browser-use,Google_Search--33,C2,0.0,-46.13970588235294,9.090909090909092,14.285714285714285,0.0,inf,0.0,93.35548172757476
browser-use,Google_Search--33,C5,0.0,-29.963235294117645,36.36363636363637,57.14285714285714,0.0,0.0,0.0,76.74418604651163
browser-use,Google_Search--33,C7,0.0,-58.45588235294118,27.27272727272727,28.57142857142857,0.0,inf,0.0,71.42857142857143
browser-use,Google_Search--33,C8,0.0,-27.573529411764707,27.27272727272727,42.857142857142854,inf,inf,0.0,12.956810631229231
browser-use,Google_Search--34,C2,0.0,-87.79443254817987,-21.428571428571427,-30.0,0.0,inf,0.0,124.57627118644068
browser-use,Google_Search--34,C5,0.0,-44.11134903640257,250.0,350.0,0.0,0.0,0.0,179.09604519774012
browser-use,Google_Search--34,C7,0.0,-68.52248394004282,14.285714285714285,0.0,0.0,inf,0.0,106.49717514124293
browser-use,Google_Search--34,C8,0.0,-85.65310492505354,-35.714285714285715,-50.0,0.0,0.0,0.0,-22.03389830508474
browser-use,Google_Search--35,C2,0.0,-30.20231213872832,-60.14492753623188,-62.40601503759399,0.0,inf,0.0,16.995073891625612
browser-use,Google_Search--35,C5,0.0,-37.861271676300575,-58.69565217391305,-60.902255639097746,0.0,0.0,0.0,14.039408866995062
browser-use,Google_Search--35,C7,0.0,-85.54913294797689,-90.57971014492753,-93.98496240601504,0.0,inf,0.0,74.63054187192118
browser-use,Google_Search--35,C8,0.0,-27.74566473988439,-44.20289855072464,-45.86466165413533,0.0,inf,0.0,10.591133004926101
browser-use,Google_Search--36,C2,0.0,-77.0935960591133,-52.0,-60.0,0.0,inf,0.0,-11.666666666666664
browser-use,Google_Search--36,C5,0.0,-41.37931034482759,20.0,25.0,0.0,0.0,0.0,42.22222222222223
browser-use,Google_Search--36,C7,0.0,-75.1231527093596,-56.00000000000001,-65.0,0.0,inf,0.0,8.611111111111116
browser-use,Google_Search--36,C8,0.0,-19.950738916256157,-68.0,-80.0,0.0,0.0,0.0,14.999999999999996
browser-use,Google_Search--37,C2,0.0,-93.5361216730038,-61.29032258064516,-70.37037037037037,0.0,inf,0.0,13.400576368876074
browser-use,Google_Search--37,C5,0.0,-22.306717363751584,-35.483870967741936,-40.74074074074074,0.0,0.0,0.0,-40.922190201729116
browser-use,Google_Search--37,C7,0.0,-88.08618504435995,-61.29032258064516,-70.37037037037037,0.0,inf,0.0,1.7291066282420584
browser-use,Google_Search--37,C8,0.0,-84.79087452471484,-64.51612903225806,-81.48148148148148,inf,inf,0.0,-34.293948126801155
browser-use,Google_Search--38,C2,0.0,-82.45283018867924,-35.294117647058826,-46.15384615384615,0.0,inf,0.0,54.126213592233
browser-use,Google_Search--38,C5,0.0,12.452830188679245,-5.88235294117647,-7.6923076923076925,0.0,0.0,0.0,6.067961165048543
browser-use,Google_Search--38,C7,0.0,-82.45283018867924,-29.411764705882355,-38.46153846153847,0.0,inf,0.0,-24.029126213592235
browser-use,Google_Search--38,C8,0.0,-86.0377358490566,-35.294117647058826,-61.53846153846154,inf,inf,0.0,-38.10679611650486
browser-use,Google_Search--39,C2,0.0,-89.50695322376738,-60.0,-68.0,0.0,inf,0.0,-1.2288786482334826
browser-use,Google_Search--39,C5,0.0,50.821744627054365,466.6666666666667,560.0,0.0,0.0,0.0,-31.029185867895542
browser-use,Google_Search--39,C7,0.0,-88.49557522123894,-63.33333333333333,-72.0,0.0,inf,0.0,-52.38095238095237
browser-use,Google_Search--39,C8,0.0,-90.89759797724399,-66.66666666666666,-84.0,inf,0.0,0.0,-64.36251920122888
browser-use,Google_Search--4,C2,0.0,-95.81151832460732,-50.0,-66.66666666666666,0.0,inf,0.0,-16.941529235382312
browser-use,Google_Search--4,C5,0.0,-41.012216404886566,625.0,825.0,0.0,0.0,0.0,-33.28335832083958
browser-use,Google_Search--4,C7,0.0,-94.9389179755672,-43.75,-58.333333333333336,0.0,inf,0.0,16.64167916041978
browser-use,Google_Search--4,C8,0.0,-97.90575916230367,-62.5,-83.33333333333334,0.0,inf,0.0,-69.41529235382309
browser-use,Google_Search--40,C2,0.0,-89.44,-47.368421052631575,-53.84615384615385,0.0,inf,0.0,79.12621359223299
browser-use,Google_Search--40,C5,0.0,59.36,73.68421052631578,107.6923076923077,0.0,0.0,0.0,-2.9126213592233077
browser-use,Google_Search--40,C7,0.0,-92.64,-47.368421052631575,-53.84615384615385,0.0,inf,0.0,-10.922330097087379
browser-use,Google_Search--40,C8,0.0,-87.83999999999999,-57.89473684210527,-69.23076923076923,inf,0.0,0.0,-35.67961165048544
browser-use,Google_Search--41,C2,0.0,-81.40350877192982,-65.51724137931035,-73.91304347826086,0.0,inf,0.0,85.44474393530996
browser-use,Google_Search--41,C5,0.0,270.17543859649123,51.724137931034484,73.91304347826086,0.0,0.0,0.0,21.832884097035045
browser-use,Google_Search--41,C7,0.0,-82.45614035087719,-62.06896551724138,-69.56521739130434,0.0,inf,0.0,14.824797843665769
browser-use,Google_Search--41,C8,0.0,-74.73684210526315,-65.51724137931035,-82.6086956521739,inf,inf,0.0,-30.727762803234505
browser-use,Google_Search--42,C2,0.0,-89.66223132036848,-54.83870967741935,-68.0,0.0,inf,0.0,16.845878136200728
browser-use,Google_Search--42,C5,0.0,74.30910951893551,700.0,872.0000000000001,0.0,0.0,0.0,27.060931899641595
browser-use,Google_Search--42,C7,0.0,-89.35516888433982,-58.06451612903226,-72.0,0.0,inf,0.0,-41.21863799283154
browser-use,Google_Search--42,C8,0.0,-92.93756397134084,-74.19354838709677,-84.0,inf,0.0,0.0,24.55197132616488
browser-use,Google_Search--5,C2,0.0,-69.61770623742454,-75.0,-83.63636363636363,0.0,inf,0.0,-44.148936170212764
browser-use,Google_Search--5,C5,0.0,-37.82696177062374,-26.666666666666668,-27.27272727272727,0.0,0.0,0.0,11.170212765957455
browser-use,Google_Search--5,C7,0.0,-69.41649899396378,-75.0,-83.63636363636363,0.0,inf,0.0,13.120567375886521
browser-use,Google_Search--5,C8,0.0,-96.17706237424547,-86.66666666666667,-92.72727272727272,0.0,inf,0.0,-3.9007092198581486
browser-use,Google_Search--6,C2,0.0,-66.48865153538051,-12.5,-22.727272727272727,0.0,inf,0.0,-1.9108280254777004
browser-use,Google_Search--6,C5,0.0,60.34712950600801,-25.0,-13.636363636363635,0.0,0.0,0.0,-56.36942675159236
browser-use,Google_Search--6,C7,0.0,-88.91855807743659,-68.75,-77.27272727272727,0.0,inf,0.0,-48.56687898089172
browser-use,Google_Search--6,C8,0.0,-82.9105473965287,-46.875,-54.54545454545454,inf,0.0,0.0,-49.52229299363057
browser-use,Google_Search--7,C2,0.0,-94.23868312757202,-38.88888888888889,-50.0,0.0,inf,0.0,24.81389578163772
browser-use,Google_Search--7,C5,0.0,14.951989026063101,38.88888888888889,50.0,0.0,0.0,0.0,47.642679900744426
browser-use,Google_Search--7,C7,0.0,-87.10562414266117,-38.88888888888889,-50.0,0.0,inf,0.0,57.32009925558314
browser-use,Google_Search--7,C8,0.0,-65.02057613168725,-44.44444444444444,-57.14285714285714,0.0,0.0,0.0,-10.17369727047145
browser-use,Google_Search--8,C2,0.0,-74.00611620795107,-54.166666666666664,-65.0,0.0,inf,0.0,-41.87866927592955
browser-use,Google_Search--8,C5,0.0,14.678899082568808,-4.166666666666666,-5.0,0.0,0.0,0.0,0.782778864970643
browser-use,Google_Search--8,C7,0.0,13.455657492354739,-12.5,-15.0,0.0,inf,0.0,-4.696673189823872
browser-use,Google_Search--8,C8,0.0,0.9174311926605505,-8.333333333333332,-10.0,0.0,inf,0.0,-22.3091976516634
browser-use,Google_Search--9,C2,0.0,-75.27559055118111,-28.57142857142857,-47.05882352941176,0.0,inf,0.0,-53.32409972299169
browser-use,Google_Search--9,C5,0.0,51.023622047244096,261.9047619047619,323.5294117647059,0.0,0.0,0.0,-16.4819944598338
browser-use,Google_Search--9,C7,0.0,-93.22834645669292,-42.857142857142854,-52.94117647058824,0.0,inf,0.0,7.063711911357333
browser-use,Google_Search--9,C8,0.0,-96.06299212598425,-52.38095238095239,-64.70588235294117,inf,inf,0.0,-38.9196675900277
browser-use,Huggingface--0,C2,0.0,-8.131868131868131,-15.0,-16.666666666666664,0.0,inf,0.0,23.723723723723744
browser-use,Huggingface--0,C5,0.0,-12.307692307692308,-20.0,-22.22222222222222,0.0,0.0,0.0,-3.603603603603591
browser-use,Huggingface--0,C7,0.0,-47.25274725274725,-35.0,-38.88888888888889,0.0,inf,0.0,0.0
browser-use,Huggingface--0,C8,0.0,-62.637362637362635,-40.0,-44.44444444444444,0.0,inf,0.0,48.94894894894897
browser-use,Huggingface--1,C2,0.0,-87.02928870292888,-53.84615384615385,-58.333333333333336,0.0,inf,0.0,-46.5
browser-use,Huggingface--1,C5,0.0,-62.62203626220363,-30.76923076923077,-33.33333333333333,0.0,0.0,0.0,-37.33333333333333
browser-use,Huggingface--1,C7,0.0,-93.44490934449094,-65.38461538461539,-66.66666666666666,0.0,inf,0.0,-27.000000000000007
browser-use,Huggingface--1,C8,0.0,-28.03347280334728,-34.61538461538461,-41.66666666666667,0.0,inf,0.0,-42.66666666666667
browser-use,Huggingface--10,C2,0.0,7.1065989847715745,35.714285714285715,21.428571428571427,0.0,inf,0.0,-55.40355677154582
browser-use,Huggingface--10,C5,0.0,-28.680203045685282,-7.142857142857142,-7.142857142857142,0.0,0.0,0.0,-56.771545827633375
browser-use,Huggingface--10,C7,0.0,23.85786802030457,28.57142857142857,14.285714285714285,0.0,inf,0.0,-40.76607387140903
browser-use,Huggingface--10,C8,0.0,-10.152284263959391,14.285714285714285,0.0,0.0,inf,0.0,-64.2954856361149
browser-use,Huggingface--11,C2,0.0,-30.260047281323878,-22.22222222222222,-25.0,0.0,inf,0.0,-12.146892655367223
browser-use,Huggingface--11,C5,0.0,4.7281323877068555,0.0,0.0,0.0,0.0,0.0,40.39548022598872
browser-use,Huggingface--11,C7,0.0,-6.619385342789598,-27.77777777777778,-31.25,0.0,inf,0.0,-26.55367231638418
browser-use,Huggingface--11,C8,0.0,-20.094562647754138,-27.77777777777778,-31.25,0.0,inf,0.0,-45.19774011299435
browser-use,Huggingface--12,C2,0.0,-22.39685658153242,-35.0,-38.88888888888889,0.0,inf,0.0,-4.3137254901960835
browser-use,Huggingface--12,C5,0.0,-9.823182711198427,-25.0,-27.77777777777778,0.0,0.0,0.0,-16.078431372549026
browser-use,Huggingface--12,C7,0.0,-56.188605108055015,-25.0,-27.77777777777778,0.0,inf,0.0,-18.039215686274517
browser-use,Huggingface--12,C8,0.0,-57.95677799607073,-25.0,-27.77777777777778,0.0,inf,0.0,-16.274509803921564
browser-use,Huggingface--13,C2,0.0,-52.41228070175439,-18.181818181818183,-19.047619047619047,0.0,inf,0.0,-50.4885993485342
browser-use,Huggingface--13,C5,0.0,77.85087719298247,-9.090909090909092,-4.761904761904762,0.0,0.0,0.0,17.10097719869708
browser-use,Huggingface--13,C7,0.0,-89.25438596491229,-50.0,-52.38095238095239,0.0,inf,0.0,25.895765472312704
browser-use,Huggingface--13,C8,0.0,-70.6140350877193,-45.45454545454545,-47.61904761904761,0.0,inf,0.0,-29.641693811074916
browser-use,Huggingface--14,C2,0.0,-78.3410138248848,-50.0,-52.63157894736842,0.0,inf,0.0,75.12195121951218
browser-use,Huggingface--14,C5,0.0,-2.3041474654377883,-10.0,-15.789473684210526,0.0,0.0,0.0,89.26829268292681
browser-use,Huggingface--14,C7,0.0,-82.02764976958525,-45.0,-52.63157894736842,0.0,inf,0.0,204.39024390243904
browser-use,Huggingface--14,C8,0.0,-39.1705069124424,-40.0,-47.368421052631575,0.0,inf,0.0,-4.878048780487805
browser-use,Huggingface--15,C2,0.0,-2.857142857142857,-18.75,-21.428571428571427,0.0,inf,0.0,-11.7948717948718
browser-use,Huggingface--15,C5,0.0,12.380952380952381,0.0,0.0,0.0,0.0,0.0,-3.3333333333333264
browser-use,Huggingface--15,C7,0.0,-23.809523809523807,-18.75,-21.428571428571427,0.0,inf,0.0,-17.692307692307686
browser-use,Huggingface--15,C8,0.0,-15.714285714285714,-18.75,-21.428571428571427,0.0,inf,0.0,-18.97435897435897
browser-use,Huggingface--16,C2,0.0,-3.1630170316301705,-25.0,-28.57142857142857,0.0,inf,0.0,25.096525096525095
browser-use,Huggingface--16,C5,0.0,-13.86861313868613,0.0,0.0,0.0,0.0,0.0,-28.57142857142857
browser-use,Huggingface--16,C7,0.0,-4.622871046228711,-18.75,-21.428571428571427,0.0,inf,0.0,64.0926640926641
browser-use,Huggingface--16,C8,0.0,-18.004866180048662,-18.75,-21.428571428571427,0.0,inf,0.0,-34.74903474903475
browser-use,Huggingface--17,C2,0.0,-46.81318681318681,-23.52941176470588,-26.666666666666668,0.0,inf,0.0,-23.31002331002331
browser-use,Huggingface--17,C5,0.0,-39.120879120879124,-5.88235294117647,-6.666666666666667,0.0,0.0,0.0,1.3986013986014019
browser-use,Huggingface--17,C7,0.0,-5.714285714285714,-17.647058823529413,-26.666666666666668,0.0,inf,0.0,-37.06293706293706
browser-use,Huggingface--17,C8,0.0,-5.274725274725275,-23.52941176470588,-26.666666666666668,0.0,inf,0.0,-3.729603729603733
browser-use,Huggingface--18,C2,0.0,-92.16867469879519,-64.28571428571429,-66.66666666666666,0.0,inf,0.0,-41.8467583497053
browser-use,Huggingface--18,C5,0.0,8.835341365461847,-3.571428571428571,-3.7037037037037033,0.0,0.0,0.0,36.9351669941061
browser-use,Huggingface--18,C7,0.0,-88.75502008032129,-60.71428571428571,-62.96296296296296,0.0,inf,0.0,-9.233791748526514
browser-use,Huggingface--18,C8,0.0,-61.44578313253012,-46.42857142857143,-48.148148148148145,0.0,inf,0.0,-13.359528487229857
browser-use,Huggingface--19,C2,0.0,-94.70827679782904,-57.14285714285714,-57.89473684210527,0.0,inf,0.0,42.28329809725159
browser-use,Huggingface--19,C5,0.0,-52.51017639077341,-28.57142857142857,-31.57894736842105,0.0,0.0,0.0,-30.443974630021142
browser-use,Huggingface--19,C7,0.0,-86.97421981004071,-42.857142857142854,-42.10526315789473,0.0,inf,0.0,-31.501057082452434
browser-use,Huggingface--19,C8,0.0,-69.74219810040707,-38.095238095238095,-42.10526315789473,0.0,inf,0.0,-6.976744186046506
browser-use,Huggingface--2,C2,0.0,-52.324431256182,-29.411764705882355,-33.33333333333333,0.0,inf,0.0,7.63723150357996
browser-use,Huggingface--2,C5,0.0,-79.82195845697329,-11.76470588235294,-13.333333333333334,0.0,0.0,0.0,10.023866348448694
browser-use,Huggingface--2,C7,0.0,-8.902077151335313,-17.647058823529413,-20.0,0.0,inf,0.0,26.491646778042966
browser-use,Huggingface--2,C8,0.0,-32.838773491592484,-29.411764705882355,-33.33333333333333,0.0,inf,0.0,11.933174224343675
browser-use,Huggingface--20,C2,0.0,-14.46280991735537,-18.75,-21.428571428571427,0.0,inf,0.0,-17.125984251968497
browser-use,Huggingface--20,C5,0.0,59.917355371900825,0.0,0.0,0.0,0.0,0.0,-31.496062992125985
browser-use,Huggingface--20,C7,0.0,-4.132231404958678,-18.75,-21.428571428571427,0.0,inf,0.0,1.574803149606308
browser-use,Huggingface--20,C8,0.0,-4.545454545454546,-18.75,-21.428571428571427,0.0,inf,0.0,-17.322834645669285
browser-use,Huggingface--21,C2,0.0,-87.6750700280112,-50.0,-52.38095238095239,0.0,inf,0.0,-11.3953488372093
browser-use,Huggingface--21,C5,0.0,-54.061624649859944,-9.090909090909092,-9.523809523809524,0.0,0.0,0.0,16.51162790697675
browser-use,Huggingface--21,C7,0.0,-93.55742296918767,-59.09090909090909,-61.904761904761905,0.0,inf,0.0,11.162790697674412
browser-use,Huggingface--21,C8,0.0,-79.97198879551821,-31.818181818181817,-33.33333333333333,0.0,inf,0.0,-34.18604651162791
browser-use,Huggingface--22,C2,0.0,-88.20058997050147,-56.52173913043478,-59.09090909090909,0.0,inf,0.0,25.60975609756097
browser-use,Huggingface--22,C5,0.0,12.684365781710916,4.3478260869565215,4.545454545454546,0.0,0.0,0.0,-25.60975609756097
browser-use,Huggingface--22,C7,0.0,-88.20058997050147,-52.17391304347826,-54.54545454545454,0.0,inf,0.0,-52.264808362369344
browser-use,Huggingface--22,C8,0.0,-56.932153392330385,-34.78260869565217,-36.36363636363637,inf,inf,0.0,-62.36933797909408
browser-use,Huggingface--23,C2,0.0,-47.23788049605411,-43.47826086956522,-47.61904761904761,0.0,inf,0.0,-51.515151515151516
browser-use,Huggingface--23,C5,0.0,15.558060879368659,-30.434782608695656,-33.33333333333333,0.0,0.0,0.0,-37.21212121212121
browser-use,Huggingface--23,C7,0.0,-21.08229988726043,-47.82608695652174,-52.38095238095239,0.0,inf,0.0,-40.84848484848485
browser-use,Huggingface--23,C8,0.0,-20.40586245772266,-47.82608695652174,-52.38095238095239,0.0,inf,0.0,-48.96969696969697
browser-use,Huggingface--24,C2,0.0,-6.572769953051644,-18.75,-21.428571428571427,0.0,inf,0.0,0.5494505494505573
browser-use,Huggingface--24,C5,0.0,-1.4084507042253522,0.0,0.0,0.0,0.0,0.0,-7.6923076923076845
browser-use,Huggingface--24,C7,0.0,13.615023474178404,-18.75,-21.428571428571427,0.0,inf,0.0,-31.04395604395604
browser-use,Huggingface--24,C8,0.0,-6.103286384976526,-18.75,-21.428571428571427,0.0,inf,0.0,-25.274725274725274
browser-use,Huggingface--25,C2,0.0,-91.05504587155964,-42.10526315789473,-44.44444444444444,0.0,inf,0.0,114.873417721519
browser-use,Huggingface--25,C5,0.0,-26.376146788990823,0.0,0.0,0.0,0.0,0.0,28.797468354430382
browser-use,Huggingface--25,C7,0.0,-90.59633027522935,-42.10526315789473,-44.44444444444444,0.0,inf,0.0,-12.658227848101264
browser-use,Huggingface--25,C8,0.0,-55.96330275229357,-26.31578947368421,-33.33333333333333,0.0,inf,0.0,-18.037974683544313
browser-use,Huggingface--26,C2,0.0,-77.14987714987716,-47.61904761904761,-47.368421052631575,0.0,inf,0.0,-42.378559463986605
browser-use,Huggingface--26,C5,0.0,18.181818181818183,-28.57142857142857,-31.57894736842105,0.0,0.0,0.0,-34.505862646566165
browser-use,Huggingface--26,C7,0.0,15.47911547911548,-19.047619047619047,-21.052631578947366,0.0,inf,0.0,-49.58123953098828
browser-use,Huggingface--26,C8,0.0,0.2457002457002457,-23.809523809523807,-26.31578947368421,0.0,inf,0.0,-43.88609715242882
browser-use,Huggingface--27,C2,0.0,-31.08108108108108,-23.52941176470588,-20.0,0.0,inf,0.0,-46.07218683651805
browser-use,Huggingface--27,C5,0.0,113.96396396396395,5.88235294117647,0.0,0.0,0.0,0.0,-21.231422505307854
browser-use,Huggingface--27,C7,0.0,65.31531531531532,5.88235294117647,6.666666666666667,0.0,inf,0.0,-28.874734607218688
browser-use,Huggingface--27,C8,0.0,-22.07207207207207,-23.52941176470588,-20.0,0.0,inf,0.0,-8.280254777070061
browser-use,Huggingface--28,C2,0.0,-77.01421800947867,-38.88888888888889,-37.5,0.0,inf,0.0,140.31250000000003
browser-use,Huggingface--28,C5,0.0,-9.715639810426541,-11.11111111111111,-12.5,0.0,0.0,0.0,-24.375000000000004
browser-use,Huggingface--28,C7,0.0,6.161137440758294,-11.11111111111111,-12.5,0.0,inf,0.0,20.3125
browser-use,Huggingface--28,C8,0.0,-10.66350710900474,-33.33333333333333,-37.5,0.0,inf,0.0,-19.687500000000004
browser-use,Huggingface--29,C2,0.0,-93.91979301423027,-56.52173913043478,-59.09090909090909,0.0,inf,0.0,31.658291457286413
browser-use,Huggingface--29,C5,0.0,-39.19793014230272,-17.391304347826086,-22.727272727272727,0.0,0.0,0.0,-4.355108877721945
browser-use,Huggingface--29,C7,0.0,-88.09831824062096,-56.52173913043478,-59.09090909090909,0.0,inf,0.0,-44.38860971524288
browser-use,Huggingface--29,C8,0.0,-51.61707632600259,-26.08695652173913,-31.818181818181817,0.0,inf,0.0,-26.13065326633166
browser-use,Huggingface--3,C2,0.0,-5.777777777777778,-18.75,-21.428571428571427,0.0,inf,0.0,28.673835125448033
browser-use,Huggingface--3,C5,0.0,19.11111111111111,0.0,0.0,0.0,0.0,0.0,6.451612903225809
browser-use,Huggingface--3,C7,0.0,-6.222222222222222,-18.75,-21.428571428571427,0.0,inf,0.0,-0.7168458781361982
browser-use,Huggingface--3,C8,0.0,-6.222222222222222,-18.75,-21.428571428571427,0.0,inf,0.0,-2.150537634408595
browser-use,Huggingface--30,C2,0.0,-31.438127090301005,-18.75,-21.428571428571427,0.0,inf,0.0,-35.64547206165704
browser-use,Huggingface--30,C5,0.0,-22.40802675585284,0.0,0.0,0.0,0.0,0.0,-15.414258188824665
browser-use,Huggingface--30,C7,0.0,21.73913043478261,-18.75,-21.428571428571427,0.0,inf,0.0,-12.716763005780349
browser-use,Huggingface--30,C8,0.0,-16.387959866220736,-18.75,-21.428571428571427,0.0,inf,0.0,-39.30635838150289
browser-use,Huggingface--31,C2,0.0,-20.97902097902098,-27.77777777777778,-31.25,0.0,inf,0.0,18.49865951742629
browser-use,Huggingface--31,C5,0.0,50.6993006993007,-11.11111111111111,-12.5,0.0,0.0,0.0,28.686327077747997
browser-use,Huggingface--31,C7,0.0,70.62937062937063,-11.11111111111111,-12.5,0.0,inf,0.0,-10.187667560321708
browser-use,Huggingface--31,C8,0.0,-6.643356643356643,-27.77777777777778,-31.25,0.0,inf,0.0,26.273458445040227
browser-use,Huggingface--32,C2,0.0,-37.37658674188998,-9.090909090909092,-10.0,0.0,inf,0.0,-8.933717579250725
browser-use,Huggingface--32,C5,0.0,-12.129760225669958,-18.181818181818183,-20.0,0.0,0.0,0.0,55.04322766570603
browser-use,Huggingface--32,C7,0.0,-29.055007052186177,-27.27272727272727,-30.0,0.0,inf,0.0,27.95389048991353
browser-use,Huggingface--32,C8,0.0,-36.38928067700987,-27.27272727272727,-30.0,0.0,inf,0.0,-2.0172910662824286
browser-use,Huggingface--33,C2,0.0,-82.84132841328413,-29.411764705882355,-35.294117647058826,0.0,inf,0.0,-18.567639257294438
browser-use,Huggingface--33,C5,0.0,4.981549815498155,47.05882352941176,41.17647058823529,0.0,0.0,0.0,68.70026525198938
browser-use,Huggingface--33,C7,0.0,-38.74538745387454,-11.76470588235294,-17.647058823529413,0.0,inf,0.0,11.140583554376645
browser-use,Huggingface--33,C8,0.0,-75.64575645756457,-23.52941176470588,-35.294117647058826,0.0,inf,0.0,-34.217506631299734
browser-use,Huggingface--34,C2,0.0,-88.67924528301887,-52.17391304347826,-54.54545454545454,0.0,inf,0.0,76.20320855614976
browser-use,Huggingface--34,C5,0.0,5.306603773584905,0.0,-4.545454545454546,0.0,0.0,0.0,-7.754010695187162
browser-use,Huggingface--34,C7,0.0,-88.79716981132076,-52.17391304347826,-54.54545454545454,0.0,inf,0.0,102.94117647058827
browser-use,Huggingface--34,C8,0.0,-47.40566037735849,-26.08695652173913,-31.818181818181817,0.0,inf,0.0,-35.026737967914436
browser-use,Huggingface--35,C2,0.0,-8.088235294117647,-17.647058823529413,-21.428571428571427,0.0,inf,0.0,-32.154340836012864
browser-use,Huggingface--35,C5,0.0,-2.5735294117647056,0.0,0.0,0.0,0.0,0.0,-28.938906752411576
browser-use,Huggingface--35,C7,0.0,-4.411764705882353,-17.647058823529413,-21.428571428571427,0.0,inf,0.0,-7.073954983922838
browser-use,Huggingface--35,C8,0.0,-5.514705882352941,-17.647058823529413,-21.428571428571427,0.0,inf,0.0,-22.18649517684888
browser-use,Huggingface--36,C2,0.0,-78.3625730994152,-41.17647058823529,-43.75,0.0,inf,0.0,-17.964071856287426
browser-use,Huggingface--36,C5,0.0,1.1695906432748537,0.0,0.0,0.0,0.0,0.0,15.56886227544911
browser-use,Huggingface--36,C7,0.0,-43.859649122807014,-29.411764705882355,-31.25,0.0,inf,0.0,116.16766467065871
browser-use,Huggingface--36,C8,0.0,-41.52046783625731,-29.411764705882355,-31.25,inf,inf,0.0,23.65269461077844
browser-use,Huggingface--37,C2,0.0,-79.96146435452793,-40.909090909090914,-40.0,0.0,inf,0.0,65.82914572864323
browser-use,Huggingface--37,C5,0.0,-10.01926782273603,-9.090909090909092,-20.0,0.0,0.0,0.0,13.065326633165839
browser-use,Huggingface--37,C7,0.0,-82.08092485549133,-50.0,-50.0,0.0,inf,0.0,-25.628140703517577
browser-use,Huggingface--37,C8,0.0,-45.08670520231214,-31.818181818181817,-45.0,0.0,inf,0.0,-35.427135678391956
browser-use,Huggingface--38,C2,0.0,-93.02649930264994,-57.692307692307686,-60.0,0.0,inf,0.0,-12.189616252821668
browser-use,Huggingface--38,C5,0.0,-47.69874476987448,-11.538461538461538,-12.0,0.0,0.0,0.0,1.8058690744921093
browser-use,Huggingface--38,C7,0.0,-94.42119944211994,-61.53846153846154,-64.0,0.0,inf,0.0,22.79909706546276
browser-use,Huggingface--38,C8,0.0,-68.6192468619247,-34.61538461538461,-36.0,0.0,inf,0.0,37.69751693002259
browser-use,Huggingface--39,C2,0.0,3.0534351145038165,-39.130434782608695,-40.909090909090914,0.0,inf,0.0,-14.329738058551623
browser-use,Huggingface--39,C5,0.0,37.786259541984734,-13.043478260869565,-13.636363636363635,0.0,0.0,0.0,-22.496147919876744
browser-use,Huggingface--39,C7,0.0,-81.67938931297711,-56.52173913043478,-59.09090909090909,0.0,inf,0.0,-42.835130970724194
browser-use,Huggingface--39,C8,0.0,-39.69465648854962,-34.78260869565217,-36.36363636363637,0.0,inf,0.0,-48.69029275808938
browser-use,Huggingface--4,C2,0.0,9.772727272727273,0.0,0.0,0.0,inf,0.0,-24.28571428571428
browser-use,Huggingface--4,C5,0.0,6.136363636363637,5.88235294117647,6.666666666666667,0.0,0.0,0.0,15.714285714285719
browser-use,Huggingface--4,C7,0.0,-20.681818181818183,-5.88235294117647,-6.666666666666667,0.0,inf,0.0,-25.91836734693878
browser-use,Huggingface--4,C8,0.0,-6.59090909090909,-23.52941176470588,-26.666666666666668,0.0,inf,0.0,16.938775510204078
browser-use,Huggingface--40,C2,0.0,-42.26190476190476,-29.411764705882355,-31.25,0.0,inf,0.0,138.76221498371336
browser-use,Huggingface--40,C5,0.0,25.0,11.76470588235294,12.5,0.0,0.0,0.0,20.19543973941368
browser-use,Huggingface--40,C7,0.0,-70.83333333333334,-41.17647058823529,-43.75,0.0,inf,0.0,16.61237785016286
browser-use,Huggingface--40,C8,0.0,-16.071428571428573,-23.52941176470588,-25.0,0.0,inf,0.0,-51.465798045602604
browser-use,Huggingface--41,C2,0.0,-13.263157894736842,-15.0,-16.666666666666664,0.0,inf,0.0,-39.956331877729255
browser-use,Huggingface--41,C5,0.0,56.00000000000001,5.0,11.11111111111111,0.0,0.0,0.0,-17.90393013100436
browser-use,Huggingface--41,C7,0.0,-89.26315789473685,-40.0,-38.88888888888889,0.0,inf,0.0,33.84279475982533
browser-use,Huggingface--41,C8,0.0,-30.736842105263158,-35.0,-38.88888888888889,0.0,inf,0.0,-44.32314410480349
browser-use,Huggingface--42,C2,0.0,-93.717277486911,-60.86956521739131,-63.63636363636363,0.0,inf,0.0,-14.743589743589745
browser-use,Huggingface--42,C5,0.0,27.748691099476442,4.3478260869565215,0.0,0.0,0.0,0.0,-6.6666666666666705
browser-use,Huggingface--42,C7,0.0,-60.07853403141361,-39.130434782608695,-45.45454545454545,0.0,inf,0.0,-68.71794871794872
browser-use,Huggingface--42,C8,0.0,-46.07329842931937,-21.73913043478261,-27.27272727272727,0.0,inf,0.0,-58.97435897435898
browser-use,Huggingface--5,C2,0.0,-20.265151515151516,-26.08695652173913,-28.57142857142857,0.0,inf,0.0,-46.59949622166247
browser-use,Huggingface--5,C5,0.0,-14.393939393939394,-21.73913043478261,-23.809523809523807,0.0,0.0,0.0,4.785894206549115
browser-use,Huggingface--5,C7,0.0,-17.992424242424242,-30.434782608695656,-33.33333333333333,0.0,inf,0.0,-7.304785894206563
browser-use,Huggingface--5,C8,0.0,-21.401515151515152,-17.391304347826086,-19.047619047619047,0.0,inf,0.0,-0.25188916876574663
browser-use,Huggingface--6,C2,0.0,-89.15929203539822,-50.0,-50.0,0.0,inf,0.0,2.666666666666667
browser-use,Huggingface--6,C5,0.0,6.637168141592921,0.0,0.0,0.0,0.0,0.0,54.666666666666664
browser-use,Huggingface--6,C7,0.0,-89.38053097345133,-50.0,-50.0,0.0,inf,0.0,0.7999999999999924
browser-use,Huggingface--6,C8,0.0,-16.150442477876105,-25.0,-27.77777777777778,0.0,inf,0.0,-12.53333333333334
browser-use,Huggingface--7,C2,0.0,107.31707317073172,-7.142857142857142,-23.076923076923077,0.0,inf,0.0,-13.712374581939793
browser-use,Huggingface--7,C5,0.0,-1.8292682926829267,-7.142857142857142,-7.6923076923076925,0.0,0.0,0.0,14.715719063545146
browser-use,Huggingface--7,C7,0.0,109.14634146341464,-7.142857142857142,-23.076923076923077,0.0,inf,0.0,15.050167224080269
browser-use,Huggingface--7,C8,0.0,-7.926829268292683,-21.428571428571427,-23.076923076923077,0.0,inf,0.0,-21.73913043478261
browser-use,Huggingface--8,C2,0.0,-89.64757709251101,-59.375,-62.5,0.0,inf,0.0,81.9371727748691
browser-use,Huggingface--8,C5,0.0,4.5154185022026425,-3.125,-3.125,0.0,0.0,0.0,34.55497382198951
browser-use,Huggingface--8,C7,0.0,-89.97797356828194,-65.625,-65.625,0.0,inf,0.0,56.54450261780103
browser-use,Huggingface--8,C8,0.0,-90.96916299559471,-65.625,-65.625,inf,inf,0.0,20.680628272251305
browser-use,Huggingface--9,C2,0.0,-9.482758620689655,-18.75,-21.428571428571427,0.0,inf,0.0,-2.752293577981658
browser-use,Huggingface--9,C5,0.0,-6.896551724137931,0.0,0.0,0.0,0.0,0.0,6.727828746177357
browser-use,Huggingface--9,C7,0.0,-9.482758620689655,-18.75,-21.428571428571427,0.0,inf,0.0,29.051987767584098
browser-use,Huggingface--9,C8,0.0,-3.8793103448275863,-6.25,-7.142857142857142,0.0,inf,0.0,-2.4464831804281473
browser-use,Wolfram_Alpha--0,C2,0.0,-64.26666666666667,0.0,-8.333333333333332,0.0,inf,0.0,-53.73493975903615
browser-use,Wolfram_Alpha--0,C5,0.0,-97.86666666666667,-58.333333333333336,-58.333333333333336,0.0,0.0,0.0,-92.04819277108435
browser-use,Wolfram_Alpha--0,C7,0.0,-98.13333333333333,-58.333333333333336,-58.333333333333336,0.0,0.0,0.0,-91.56626506024097
browser-use,Wolfram_Alpha--0,C8,0.0,-81.6,-16.666666666666664,-16.666666666666664,inf,0.0,0.0,-50.602409638554214
browser-use,Wolfram_Alpha--1,C2,0.0,-91.19217081850533,-93.0635838150289,-93.0635838150289,0.0,inf,0.0,62.95454545454546
browser-use,Wolfram_Alpha--1,C5,0.0,-33.718861209964416,-86.70520231213872,-86.70520231213872,0.0,0.0,0.0,40.454545454545446
browser-use,Wolfram_Alpha--1,C7,0.0,-92.34875444839858,-93.0635838150289,-93.0635838150289,0.0,inf,0.0,75.68181818181817
browser-use,Wolfram_Alpha--1,C8,0.0,-92.70462633451957,-93.64161849710982,-93.64161849710982,inf,inf,0.0,5.681818181818182
browser-use,Wolfram_Alpha--10,C2,0.0,-80.95238095238095,-26.666666666666668,-26.666666666666668,0.0,inf,0.0,28.81619937694704
browser-use,Wolfram_Alpha--10,C5,0.0,12.925170068027212,26.666666666666668,26.666666666666668,0.0,0.0,0.0,-20.716510903426798
browser-use,Wolfram_Alpha--10,C7,0.0,-84.01360544217688,-20.0,-20.0,0.0,inf,0.0,14.953271028037374
browser-use,Wolfram_Alpha--10,C8,0.0,-90.47619047619048,-46.666666666666664,-46.666666666666664,0.0,inf,0.0,-46.728971962616825
browser-use,Wolfram_Alpha--11,C2,0.0,-88.10916179337231,-28.57142857142857,-28.57142857142857,0.0,inf,0.0,-37.094682230869
browser-use,Wolfram_Alpha--11,C5,0.0,60.81871345029239,121.42857142857142,121.42857142857142,0.0,0.0,0.0,8.94941634241246
browser-use,Wolfram_Alpha--11,C7,0.0,-89.08382066276803,-21.428571428571427,-21.428571428571427,0.0,inf,0.0,-48.249027237354085
browser-use,Wolfram_Alpha--11,C8,0.0,-95.90643274853801,-42.857142857142854,-42.857142857142854,inf,inf,0.0,-71.98443579766537
browser-use,Wolfram_Alpha--12,C2,0.0,-72.91066282420749,-14.285714285714285,-14.285714285714285,0.0,inf,0.0,-27.90697674418604
browser-use,Wolfram_Alpha--12,C5,0.0,101.15273775216139,64.28571428571429,64.28571428571429,0.0,0.0,0.0,45.66596194503173
browser-use,Wolfram_Alpha--12,C7,0.0,-87.03170028818444,-14.285714285714285,-14.285714285714285,0.0,inf,0.0,-11.416490486257926
browser-use,Wolfram_Alpha--12,C8,0.0,-96.25360230547551,-50.0,-50.0,0.0,inf,0.0,-38.05496828752642
browser-use,Wolfram_Alpha--13,C2,0.0,-84.55008488964346,-84.05797101449275,-84.05797101449275,0.0,inf,0.0,-48.721804511278194
browser-use,Wolfram_Alpha--13,C5,0.0,-11.884550084889643,-52.17391304347826,-52.17391304347826,0.0,0.0,0.0,-49.924812030075195
browser-use,Wolfram_Alpha--13,C7,0.0,-82.34295415959252,-84.05797101449275,-84.05797101449275,0.0,inf,0.0,-37.44360902255639
browser-use,Wolfram_Alpha--13,C8,0.0,-97.28353140916808,-89.85507246376811,-89.85507246376811,0.0,inf,0.0,-42.70676691729323
browser-use,Wolfram_Alpha--14,C2,0.0,-71.29629629629629,-6.25,-6.25,0.0,inf,0.0,62.52587991718428
browser-use,Wolfram_Alpha--14,C5,0.0,17.40740740740741,37.5,37.5,0.0,0.0,0.0,49.89648033126296
browser-use,Wolfram_Alpha--14,C7,0.0,-89.81481481481481,-31.25,-31.25,0.0,inf,0.0,19.875776397515533
browser-use,Wolfram_Alpha--14,C8,0.0,-95.92592592592592,-50.0,-50.0,inf,inf,0.0,-24.016563146997917
browser-use,Wolfram_Alpha--15,C2,0.0,-87.48091603053435,-52.63157894736842,-52.63157894736842,0.0,0.0,0.0,-52.64227642276423
browser-use,Wolfram_Alpha--15,C5,0.0,-13.129770992366414,-15.789473684210526,-15.789473684210526,0.0,0.0,0.0,-38.82113821138212
browser-use,Wolfram_Alpha--15,C7,0.0,-85.34351145038168,-36.84210526315789,-42.10526315789473,0.0,inf,0.0,-36.585365853658544
browser-use,Wolfram_Alpha--15,C8,0.0,-88.70229007633587,-47.368421052631575,-47.368421052631575,inf,0.0,0.0,-14.024390243902449
browser-use,Wolfram_Alpha--16,C2,0.0,-83.21917808219177,-45.45454545454545,-45.45454545454545,0.0,inf,0.0,-6.040268456375845
browser-use,Wolfram_Alpha--16,C5,0.0,-2.73972602739726,-31.818181818181817,-31.818181818181817,0.0,0.0,0.0,-3.1319910514541514
browser-use,Wolfram_Alpha--16,C7,0.0,-81.33561643835617,-54.54545454545454,-54.54545454545454,0.0,inf,0.0,63.758389261744966
browser-use,Wolfram_Alpha--16,C8,0.0,-98.45890410958904,-77.27272727272727,-77.27272727272727,0.0,0.0,0.0,-80.76062639821029
browser-use,Wolfram_Alpha--17,C2,0.0,-93.08270676691728,-44.44444444444444,-44.44444444444444,0.0,inf,0.0,-13.995485327313762
browser-use,Wolfram_Alpha--17,C5,0.0,-11.578947368421053,0.0,0.0,0.0,0.0,0.0,-18.058690744920995
browser-use,Wolfram_Alpha--17,C7,0.0,-84.51127819548873,-33.33333333333333,-33.33333333333333,0.0,inf,0.0,67.0428893905192
browser-use,Wolfram_Alpha--17,C8,0.0,-90.22556390977444,0.0,0.0,inf,inf,0.0,6.997742663656889
browser-use,Wolfram_Alpha--18,C2,0.0,-82.58527827648115,-40.909090909090914,-45.45454545454545,0.0,inf,0.0,-54.61741424802111
browser-use,Wolfram_Alpha--18,C5,0.0,25.673249551166965,0.0,0.0,0.0,0.0,0.0,-5.804749340369382
browser-use,Wolfram_Alpha--18,C7,0.0,-82.04667863554758,-50.0,-50.0,0.0,inf,0.0,-7.783641160949857
browser-use,Wolfram_Alpha--18,C8,0.0,-89.5870736086176,-40.909090909090914,-40.909090909090914,0.0,0.0,0.0,-60.68601583113457
browser-use,Wolfram_Alpha--19,C2,0.0,-87.00980392156863,-23.076923076923077,-23.076923076923077,0.0,inf,0.0,38.934426229508205
browser-use,Wolfram_Alpha--19,C5,0.0,81.61764705882352,207.6923076923077,207.6923076923077,0.0,0.0,0.0,34.22131147540984
browser-use,Wolfram_Alpha--19,C7,0.0,-87.99019607843137,-15.384615384615385,-15.384615384615385,0.0,inf,0.0,73.36065573770492
browser-use,Wolfram_Alpha--19,C8,0.0,-95.58823529411765,-46.15384615384615,-46.15384615384615,inf,0.0,0.0,-52.86885245901639
browser-use,Wolfram_Alpha--2,C2,0.0,775.0,40.0,40.0,0.0,0.0,0.0,149.15254237288133
browser-use,Wolfram_Alpha--2,C5,0.0,12037.5,660.0,620.0,0.0,0.0,0.0,1094.915254237288
browser-use,Wolfram_Alpha--2,C7,0.0,12.5,0.0,0.0,0.0,0.0,0.0,74.57627118644068
browser-use,Wolfram_Alpha--2,C8,0.0,850.0,60.0,20.0,inf,0.0,0.0,591.5254237288135
browser-use,Wolfram_Alpha--20,C2,0.0,-85.0,-37.5,-16.666666666666664,0.0,0.0,0.0,-81.84818481848185
browser-use,Wolfram_Alpha--20,C5,0.0,-85.0,-37.5,-16.666666666666664,0.0,0.0,0.0,-73.26732673267328
browser-use,Wolfram_Alpha--20,C7,0.0,-85.0,-37.5,-16.666666666666664,0.0,0.0,0.0,-83.16831683168317
browser-use,Wolfram_Alpha--20,C8,0.0,-85.0,-37.5,-16.666666666666664,0.0,0.0,0.0,-82.17821782178217
browser-use,Wolfram_Alpha--21,C2,0.0,-77.77777777777779,-41.17647058823529,-46.666666666666664,0.0,0.0,0.0,-4.232804232804218
browser-use,Wolfram_Alpha--21,C5,0.0,69.08212560386472,64.70588235294117,86.66666666666667,0.0,0.0,0.0,79.36507936507937
browser-use,Wolfram_Alpha--21,C7,0.0,-97.82608695652173,-70.58823529411765,-66.66666666666666,0.0,0.0,0.0,-84.39153439153439
browser-use,Wolfram_Alpha--21,C8,0.0,-87.68115942028986,-52.94117647058824,-60.0,0.0,0.0,0.0,-18.253968253968253
browser-use,Wolfram_Alpha--22,C2,0.0,-69.0909090909091,-23.076923076923077,-23.076923076923077,0.0,inf,0.0,-12.337662337662339
browser-use,Wolfram_Alpha--22,C5,0.0,147.63636363636363,38.46153846153847,38.46153846153847,0.0,0.0,0.0,85.71428571428572
browser-use,Wolfram_Alpha--22,C7,0.0,-96.72727272727273,-61.53846153846154,-61.53846153846154,0.0,0.0,0.0,-84.09090909090908
browser-use,Wolfram_Alpha--22,C8,0.0,-32.36363636363636,-23.076923076923077,-23.076923076923077,inf,0.0,0.0,-8.116883116883116
browser-use,Wolfram_Alpha--23,C2,0.0,39.285714285714285,0.0,0.0,0.0,0.0,0.0,5.993690851735023
browser-use,Wolfram_Alpha--23,C5,0.0,20.0,-9.090909090909092,-11.11111111111111,0.0,0.0,0.0,20.50473186119875
browser-use,Wolfram_Alpha--23,C7,0.0,59.285714285714285,9.090909090909092,11.11111111111111,0.0,inf,0.0,31.545741324921146
browser-use,Wolfram_Alpha--23,C8,0.0,-7.142857142857142,0.0,0.0,0.0,0.0,0.0,40.69400630914827
browser-use,Wolfram_Alpha--24,C2,0.0,75.0,20.0,25.0,0.0,0.0,0.0,95.96412556053812
browser-use,Wolfram_Alpha--24,C5,0.0,-89.77272727272727,-50.0,-37.5,0.0,0.0,0.0,-55.15695067264574
browser-use,Wolfram_Alpha--24,C7,0.0,-89.77272727272727,-50.0,-37.5,0.0,0.0,0.0,-65.02242152466367
browser-use,Wolfram_Alpha--24,C8,0.0,-90.9090909090909,-50.0,-37.5,0.0,0.0,0.0,-73.54260089686098
browser-use,Wolfram_Alpha--25,C2,0.0,10.38961038961039,11.11111111111111,11.11111111111111,0.0,inf,0.0,9.745762711864394
browser-use,Wolfram_Alpha--25,C5,0.0,-88.31168831168831,-44.44444444444444,-44.44444444444444,0.0,0.0,0.0,-72.03389830508475
browser-use,Wolfram_Alpha--25,C7,0.0,192.2077922077922,33.33333333333333,11.11111111111111,0.0,inf,0.0,91.52542372881356
browser-use,Wolfram_Alpha--25,C8,0.0,-88.31168831168831,-44.44444444444444,-44.44444444444444,0.0,0.0,0.0,-38.983050847457626
browser-use,Wolfram_Alpha--26,C2,0.0,844.4444444444445,100.0,100.0,0.0,inf,0.0,31.07344632768362
browser-use,Wolfram_Alpha--26,C5,0.0,1833.3333333333333,240.0,240.0,0.0,0.0,0.0,170.05649717514123
browser-use,Wolfram_Alpha--26,C7,0.0,900.0,100.0,100.0,0.0,inf,0.0,70.62146892655367
browser-use,Wolfram_Alpha--26,C8,0.0,677.7777777777777,80.0,80.0,0.0,0.0,0.0,70.05649717514125
browser-use,Wolfram_Alpha--27,C2,0.0,-83.92070484581498,-89.28571428571429,-89.28571428571429,0.0,inf,0.0,-53.92491467576792
browser-use,Wolfram_Alpha--27,C5,0.0,44.93392070484582,52.85714285714286,52.85714285714286,0.0,0.0,0.0,-0.3412969283276499
browser-use,Wolfram_Alpha--27,C7,0.0,-89.75770925110133,-92.14285714285714,-92.14285714285714,0.0,inf,0.0,-43.515358361774744
browser-use,Wolfram_Alpha--27,C8,0.0,-84.69162995594714,-93.57142857142857,-93.57142857142857,0.0,0.0,0.0,-47.610921501706486
browser-use,Wolfram_Alpha--28,C2,0.0,-40.0,30.0,30.0,0.0,inf,0.0,-36.7311072056239
browser-use,Wolfram_Alpha--28,C5,0.0,336.875,180.0,180.0,0.0,0.0,0.0,14.411247803163437
browser-use,Wolfram_Alpha--28,C7,0.0,-39.375,20.0,20.0,0.0,inf,0.0,-30.404217926186288
browser-use,Wolfram_Alpha--28,C8,0.0,-77.5,-20.0,-20.0,0.0,0.0,0.0,-52.54833040421792
browser-use,Wolfram_Alpha--29,C2,0.0,-73.94366197183099,-15.384615384615385,-18.181818181818183,0.0,inf,0.0,79.94579945799461
browser-use,Wolfram_Alpha--29,C5,0.0,-12.676056338028168,-23.076923076923077,-27.27272727272727,0.0,0.0,0.0,-39.29539295392954
browser-use,Wolfram_Alpha--29,C7,0.0,-48.59154929577465,-23.076923076923077,-27.27272727272727,0.0,0.0,0.0,-36.58536585365854
browser-use,Wolfram_Alpha--29,C8,0.0,-49.29577464788733,-23.076923076923077,-27.27272727272727,0.0,0.0,0.0,-36.58536585365854
browser-use,Wolfram_Alpha--3,C2,0.0,31.343283582089555,10.0,25.0,0.0,inf,0.0,32.04633204633207
browser-use,Wolfram_Alpha--3,C5,0.0,25.37313432835821,0.0,0.0,0.0,0.0,0.0,54.054054054054056
browser-use,Wolfram_Alpha--3,C7,0.0,91.04477611940298,20.0,25.0,0.0,0.0,0.0,13.513513513513514
browser-use,Wolfram_Alpha--3,C8,0.0,10.44776119402985,0.0,25.0,inf,0.0,0.0,14.285714285714299
browser-use,Wolfram_Alpha--30,C2,0.0,-83.58974358974359,-7.6923076923076925,-7.6923076923076925,0.0,inf,0.0,1.3513513513513513
browser-use,Wolfram_Alpha--30,C5,0.0,20.0,176.9230769230769,176.9230769230769,0.0,0.0,0.0,-42.97297297297297
browser-use,Wolfram_Alpha--30,C7,0.0,-90.42735042735043,-15.384615384615385,-15.384615384615385,0.0,inf,0.0,-28.78378378378378
browser-use,Wolfram_Alpha--30,C8,0.0,-97.09401709401709,-53.84615384615385,-53.84615384615385,0.0,0.0,0.0,-49.32432432432432
browser-use,Wolfram_Alpha--31,C2,0.0,-4.123711340206185,-18.181818181818183,-22.22222222222222,0.0,0.0,0.0,26.31578947368421
browser-use,Wolfram_Alpha--31,C5,0.0,19.587628865979383,0.0,0.0,0.0,0.0,0.0,73.68421052631578
browser-use,Wolfram_Alpha--31,C7,0.0,-2.0618556701030926,0.0,0.0,0.0,0.0,0.0,80.45112781954886
browser-use,Wolfram_Alpha--31,C8,0.0,-2.0618556701030926,0.0,0.0,0.0,0.0,0.0,86.46616541353383
browser-use,Wolfram_Alpha--32,C2,0.0,-6.837606837606838,-7.6923076923076925,-9.090909090909092,0.0,inf,0.0,-20.94763092269327
browser-use,Wolfram_Alpha--32,C5,0.0,-3.418803418803419,-15.384615384615385,-18.181818181818183,0.0,0.0,0.0,26.683291770573554
browser-use,Wolfram_Alpha--32,C7,0.0,-63.24786324786324,-15.384615384615385,-9.090909090909092,0.0,inf,0.0,100.24937655860349
browser-use,Wolfram_Alpha--32,C8,0.0,106.83760683760684,138.46153846153845,163.63636363636365,0.0,0.0,0.0,-18.703241895261844
browser-use,Wolfram_Alpha--33,C2,0.0,12.264150943396226,0.0,0.0,0.0,0.0,0.0,-3.164556962025316
browser-use,Wolfram_Alpha--33,C5,0.0,102.8301886792453,9.090909090909092,11.11111111111111,0.0,0.0,0.0,73.10126582278481
browser-use,Wolfram_Alpha--33,C7,0.0,30.18867924528302,9.090909090909092,11.11111111111111,0.0,inf,0.0,78.79746835443036
browser-use,Wolfram_Alpha--33,C8,0.0,0.9433962264150944,0.0,0.0,0.0,0.0,0.0,7.594936708860754
browser-use,Wolfram_Alpha--34,C2,0.0,0.5988023952095809,0.0,0.0,0.0,0.0,0.0,-10.669975186104212
browser-use,Wolfram_Alpha--34,C5,0.0,-7.18562874251497,0.0,0.0,0.0,0.0,0.0,-25.558312655086844
browser-use,Wolfram_Alpha--34,C7,0.0,31.137724550898206,18.181818181818183,22.22222222222222,0.0,0.0,0.0,28.039702233250637
browser-use,Wolfram_Alpha--34,C8,0.0,-3.592814371257485,0.0,0.0,0.0,0.0,0.0,-25.06203473945409
browser-use,Wolfram_Alpha--35,C2,0.0,-32.52032520325203,-25.0,-10.0,0.0,0.0,0.0,-14.6039603960396
browser-use,Wolfram_Alpha--35,C5,0.0,664.2276422764228,58.333333333333336,90.0,0.0,0.0,0.0,70.54455445544556
browser-use,Wolfram_Alpha--35,C7,0.0,-59.34959349593496,-33.33333333333333,-40.0,0.0,0.0,0.0,-43.81188118811881
browser-use,Wolfram_Alpha--35,C8,0.0,-69.91869918699187,-16.666666666666664,0.0,inf,0.0,0.0,5.6930693069307035
browser-use,Wolfram_Alpha--36,C2,0.0,-8.16326530612245,22.22222222222222,11.11111111111111,0.0,inf,0.0,-40.630182421227204
browser-use,Wolfram_Alpha--36,C5,0.0,550.0,100.0,77.77777777777779,0.0,0.0,0.0,-21.558872305140962
browser-use,Wolfram_Alpha--36,C7,0.0,-5.1020408163265305,0.0,0.0,0.0,0.0,0.0,-8.623548922056377
browser-use,Wolfram_Alpha--36,C8,0.0,-1.0204081632653061,11.11111111111111,11.11111111111111,inf,0.0,0.0,-47.09784411276949
browser-use,Wolfram_Alpha--37,C2,0.0,14.049586776859504,-27.77777777777778,-27.77777777777778,0.0,inf,0.0,-43.669724770642205
browser-use,Wolfram_Alpha--37,C5,0.0,-92.56198347107438,-72.22222222222221,-72.22222222222221,0.0,0.0,0.0,-93.76146788990826
browser-use,Wolfram_Alpha--37,C7,0.0,-11.570247933884298,-27.77777777777778,-27.77777777777778,0.0,inf,0.0,-17.614678899082573
browser-use,Wolfram_Alpha--37,C8,0.0,-30.57851239669421,-44.44444444444444,-44.44444444444444,inf,0.0,0.0,-39.633027522935784
browser-use,Wolfram_Alpha--38,C2,0.0,-80.74866310160428,-21.428571428571427,-16.666666666666664,0.0,inf,0.0,20.67796610169492
browser-use,Wolfram_Alpha--38,C5,0.0,266.3101604278075,35.714285714285715,41.66666666666667,0.0,0.0,0.0,8.644067796610159
browser-use,Wolfram_Alpha--38,C7,0.0,-28.87700534759358,-14.285714285714285,-16.666666666666664,0.0,inf,0.0,15.593220338983055
browser-use,Wolfram_Alpha--38,C8,0.0,-39.57219251336899,-28.57142857142857,-33.33333333333333,0.0,0.0,0.0,-24.91525423728814
browser-use,Wolfram_Alpha--39,C2,0.0,-32.74021352313167,0.0,0.0,0.0,0.0,0.0,35.3305785123967
browser-use,Wolfram_Alpha--39,C5,0.0,1.7793594306049825,0.0,0.0,0.0,0.0,0.0,-37.190082644628106
browser-use,Wolfram_Alpha--39,C7,0.0,-54.44839857651246,0.0,0.0,0.0,0.0,0.0,-18.388429752066113
browser-use,Wolfram_Alpha--39,C8,0.0,-14.23487544483986,0.0,0.0,0.0,0.0,0.0,15.909090909090914
browser-use,Wolfram_Alpha--4,C2,0.0,-82.75862068965517,-7.142857142857142,-7.142857142857142,0.0,inf,0.0,-40.406976744186046
browser-use,Wolfram_Alpha--4,C5,0.0,6.130268199233716,28.57142857142857,28.57142857142857,0.0,0.0,0.0,-29.79651162790698
browser-use,Wolfram_Alpha--4,C7,0.0,-92.33716475095785,-28.57142857142857,-28.57142857142857,0.0,inf,0.0,-51.30813953488372
browser-use,Wolfram_Alpha--4,C8,0.0,-77.39463601532567,-28.57142857142857,-28.57142857142857,inf,0.0,0.0,-41.860465116279066
browser-use,Wolfram_Alpha--40,C2,0.0,-85.21341463414635,-7.142857142857142,-7.142857142857142,0.0,inf,0.0,1.0840108401083972
browser-use,Wolfram_Alpha--40,C5,0.0,-2.8963414634146343,64.28571428571429,64.28571428571429,0.0,0.0,0.0,82.38482384823848
browser-use,Wolfram_Alpha--40,C7,0.0,-84.14634146341463,-14.285714285714285,-14.285714285714285,0.0,inf,0.0,19.241192411924125
browser-use,Wolfram_Alpha--40,C8,0.0,-95.73170731707317,-28.57142857142857,-28.57142857142857,0.0,inf,0.0,-28.726287262872624
browser-use,Wolfram_Alpha--41,C2,0.0,-93.359375,-72.22222222222221,-72.22222222222221,0.0,inf,0.0,-12.939001848428836
browser-use,Wolfram_Alpha--41,C5,0.0,-73.046875,-63.888888888888886,-63.888888888888886,0.0,0.0,0.0,-26.24768946395564
browser-use,Wolfram_Alpha--41,C7,0.0,-83.3984375,-72.22222222222221,-72.22222222222221,0.0,inf,0.0,-60.628465804066536
browser-use,Wolfram_Alpha--41,C8,0.0,-85.15625,-69.44444444444444,-69.44444444444444,inf,inf,0.0,-6.284658040665432
browser-use,Wolfram_Alpha--42,C2,0.0,0.0,0.0,0.0,0.0,0.0,0.0,11.111111111111114
browser-use,Wolfram_Alpha--42,C5,0.0,-11.11111111111111,0.0,0.0,0.0,0.0,0.0,82.53968253968254
browser-use,Wolfram_Alpha--42,C7,0.0,0.0,0.0,0.0,0.0,0.0,0.0,73.01587301587303
browser-use,Wolfram_Alpha--42,C8,0.0,11.11111111111111,0.0,0.0,0.0,0.0,0.0,460.3174603174603
browser-use,Wolfram_Alpha--43,C2,0.0,-73.95348837209302,-29.411764705882355,-29.411764705882355,0.0,inf,0.0,-7.317073170731706
browser-use,Wolfram_Alpha--43,C5,0.0,140.46511627906978,100.0,100.0,0.0,0.0,0.0,-30.0187617260788
browser-use,Wolfram_Alpha--43,C7,0.0,-33.95348837209302,-23.52941176470588,-23.52941176470588,0.0,inf,0.0,23.076923076923073
browser-use,Wolfram_Alpha--43,C8,0.0,-70.69767441860465,-47.05882352941176,-47.05882352941176,0.0,0.0,0.0,-48.592870544090054
browser-use,Wolfram_Alpha--44,C2,0.0,-82.92682926829268,-16.666666666666664,-16.666666666666664,0.0,inf,0.0,1.4669926650366782
browser-use,Wolfram_Alpha--44,C5,0.0,8.818011257035648,25.0,25.0,0.0,0.0,0.0,-2.444987775061125
browser-use,Wolfram_Alpha--44,C7,0.0,-98.49906191369607,-58.333333333333336,-58.333333333333336,0.0,0.0,0.0,-63.08068459657701
browser-use,Wolfram_Alpha--44,C8,0.0,-98.49906191369607,-58.333333333333336,-58.333333333333336,0.0,0.0,0.0,-46.69926650366748
browser-use,Wolfram_Alpha--45,C2,0.0,-64.59143968871595,-47.61904761904761,-47.61904761904761,0.0,inf,0.0,14.808917197452226
browser-use,Wolfram_Alpha--45,C5,0.0,398.44357976653697,595.2380952380953,595.2380952380953,0.0,0.0,0.0,5.0955414012738895
browser-use,Wolfram_Alpha--45,C7,0.0,-60.311284046692606,-47.61904761904761,-47.61904761904761,0.0,inf,0.0,-17.83439490445859
browser-use,Wolfram_Alpha--45,C8,0.0,-70.03891050583657,-57.14285714285714,-57.14285714285714,inf,0.0,0.0,-45.859872611464965
browser-use,Wolfram_Alpha--5,C2,0.0,-40.87591240875913,-16.666666666666664,-20.0,0.0,0.0,0.0,8.368200836820085
browser-use,Wolfram_Alpha--5,C5,0.0,-45.98540145985402,-25.0,-30.0,0.0,0.0,0.0,61.08786610878663
browser-use,Wolfram_Alpha--5,C7,0.0,-43.79562043795621,-16.666666666666664,-20.0,0.0,0.0,0.0,-25.10460251046025
browser-use,Wolfram_Alpha--5,C8,0.0,-35.76642335766424,-16.666666666666664,-20.0,0.0,0.0,0.0,16.317991631799174
browser-use,Wolfram_Alpha--6,C2,0.0,-76.63551401869158,-30.0,-12.5,0.0,0.0,0.0,25.50790067720091
browser-use,Wolfram_Alpha--6,C5,0.0,-0.9345794392523363,0.0,0.0,0.0,0.0,0.0,-3.6117381489841858
browser-use,Wolfram_Alpha--6,C7,0.0,-16.822429906542055,10.0,25.0,0.0,inf,0.0,-21.670428893905182
browser-use,Wolfram_Alpha--6,C8,0.0,15.887850467289718,0.0,0.0,0.0,0.0,0.0,22.573363431151243
browser-use,Wolfram_Alpha--7,C2,0.0,-94.27710843373494,-50.0,-50.0,0.0,inf,0.0,-50.90909090909091
browser-use,Wolfram_Alpha--7,C5,0.0,-98.04216867469879,-75.0,-75.0,0.0,0.0,0.0,-19.999999999999996
browser-use,Wolfram_Alpha--7,C7,0.0,-93.22289156626506,-50.0,-50.0,0.0,inf,0.0,-12.167832167832172
browser-use,Wolfram_Alpha--7,C8,0.0,-85.2409638554217,-30.0,-30.0,inf,0.0,0.0,-48.25174825174825
browser-use,Wolfram_Alpha--8,C2,0.0,1075.0,140.0,140.0,0.0,inf,0.0,412.9411764705883
browser-use,Wolfram_Alpha--8,C5,0.0,5712.5,340.0,340.0,0.0,0.0,0.0,454.11764705882354
browser-use,Wolfram_Alpha--8,C7,0.0,1212.5,140.0,140.0,0.0,inf,0.0,856.4705882352941
browser-use,Wolfram_Alpha--8,C8,0.0,837.5,160.0,160.0,inf,0.0,0.0,338.82352941176464
browser-use,Wolfram_Alpha--9,C2,0.0,-77.83018867924528,-23.52941176470588,-23.52941176470588,0.0,inf,0.0,-19.117647058823522
browser-use,Wolfram_Alpha--9,C5,0.0,112.73584905660377,123.52941176470588,123.52941176470588,0.0,0.0,0.0,-0.7352941176470519
browser-use,Wolfram_Alpha--9,C7,0.0,-77.83018867924528,-29.411764705882355,-29.411764705882355,0.0,inf,0.0,-26.715686274509803
browser-use,Wolfram_Alpha--9,C8,0.0,-24.528301886792452,41.17647058823529,41.17647058823529,inf,inf,0.0,-51.470588235294116
fara-7b,Allrecipes--0,C2,-100.0,83.01886792452831,21.6,22.131147540983605,0.0,inf,0.0,177.4703557312253
fara-7b,Allrecipes--0,C5,0.0,86.79245283018868,77.60000000000001,79.50819672131148,0.0,0.0,0.0,113.83399209486167
fara-7b,Allrecipes--0,C7,-100.0,36.63522012578616,14.399999999999999,14.754098360655737,0.0,inf,0.0,125.69169960474309
fara-7b,Allrecipes--0,C8,0.0,22.0125786163522,14.399999999999999,14.754098360655737,0.0,inf,inf,68.77470355731225
fara-7b,Allrecipes--1,C2,0.0,-49.70111016225449,-48.81516587677725,-49.519230769230774,0.0,inf,0.0,-41.088180112570356
fara-7b,Allrecipes--1,C5,0.0,1.1955593509820666,6.161137440758294,6.25,0.0,0.0,0.0,-40.33771106941838
fara-7b,Allrecipes--1,C7,0.0,-47.48078565328779,-45.97156398104265,-46.63461538461539,0.0,inf,0.0,-42.964352720450286
fara-7b,Allrecipes--1,C8,0.0,-45.77284372331341,-43.60189573459716,-44.230769230769226,0.0,inf,0.0,-43.52720450281426
fara-7b,Allrecipes--10,C2,0.0,-81.81818181818183,-48.10126582278481,-48.68421052631579,0.0,inf,0.0,-23.919753086419753
fara-7b,Allrecipes--10,C5,0.0,-10.151515151515152,-21.518987341772153,-22.36842105263158,0.0,0.0,0.0,-2.6234567901234502
fara-7b,Allrecipes--10,C7,0.0,-79.6969696969697,-39.24050632911392,-39.473684210526315,0.0,inf,0.0,-23.14814814814815
fara-7b,Allrecipes--10,C8,100.0,61.212121212121204,239.2405063291139,247.3684210526316,0.0,inf,0.0,-14.814814814814806
fara-7b,Allrecipes--11,C2,100.0,-22.262247838616712,-39.58333333333333,-40.50632911392405,0.0,inf,0.0,-2.0866773675762396
fara-7b,Allrecipes--11,C5,100.0,-18.659942363112393,-6.666666666666667,-6.751054852320674,0.0,0.0,0.0,-48.95666131621187
fara-7b,Allrecipes--11,C7,100.0,-46.2536023054755,-48.333333333333336,-48.9451476793249,0.0,inf,0.0,-41.41252006420545
fara-7b,Allrecipes--11,C8,100.0,-47.83861671469741,-47.91666666666667,-48.52320675105485,0.0,inf,0.0,-41.89406099518458
fara-7b,Allrecipes--12,C2,0.0,17.4934725848564,-24.519230769230766,-24.878048780487806,0.0,inf,0.0,71.55425219941348
fara-7b,Allrecipes--12,C5,100.0,22.628372497824195,17.78846153846154,18.048780487804876,0.0,0.0,0.0,49.26686217008797
fara-7b,Allrecipes--12,C7,100.0,-35.0739773716275,-38.94230769230769,-39.51219512195122,0.0,inf,0.0,25.806451612903214
fara-7b,Allrecipes--12,C8,100.0,-36.81462140992167,-39.90384615384615,-40.487804878048784,0.0,inf,0.0,35.19061583577712
fara-7b,Allrecipes--13,C2,100.0,-46.350106307583275,-47.863247863247864,-48.484848484848484,0.0,inf,0.0,-9.030100334448159
fara-7b,Allrecipes--13,C5,100.0,2.1970233876683203,8.11965811965812,8.225108225108226,0.0,0.0,0.0,-2.341137123745817
fara-7b,Allrecipes--13,C7,100.0,-26.43515237420269,-36.324786324786324,-36.79653679653679,0.0,inf,0.0,-2.1739130434782563
fara-7b,Allrecipes--13,C8,100.0,-43.515237420269315,-45.2991452991453,-45.887445887445885,0.0,inf,0.0,-15.050167224080269
fara-7b,Allrecipes--14,C2,0.0,-30.25962399283796,-45.95744680851064,-46.55172413793103,0.0,inf,0.0,13.479623824451426
fara-7b,Allrecipes--14,C5,0.0,4.923903312444047,4.25531914893617,4.310344827586207,0.0,0.0,0.0,-2.8213166144200583
fara-7b,Allrecipes--14,C7,-100.0,-11.548791405550581,-41.702127659574465,-42.241379310344826,0.0,inf,0.0,78.36990595611285
fara-7b,Allrecipes--14,C8,0.0,-30.617726051924798,-43.829787234042556,-44.396551724137936,0.0,inf,0.0,17.86833855799374
fara-7b,Allrecipes--15,C2,100.0,-38.42627960275019,-44.93392070484582,-45.535714285714285,0.0,inf,0.0,12.369337979094079
fara-7b,Allrecipes--15,C5,100.0,-18.258212375859433,-8.81057268722467,-8.928571428571429,0.0,0.0,0.0,-22.82229965156795
fara-7b,Allrecipes--15,C7,100.0,-40.71810542398778,-44.052863436123346,-44.642857142857146,0.0,inf,0.0,-11.498257839721257
fara-7b,Allrecipes--15,C8,100.0,-36.898395721925134,-41.85022026431718,-42.410714285714285,0.0,inf,0.0,0.5226480836237007
fara-7b,Allrecipes--16,C2,100.0,-20.821661998132587,-5.369127516778524,-5.47945205479452,0.0,inf,0.0,-5.892547660311967
fara-7b,Allrecipes--16,C5,100.0,7.563025210084033,46.308724832214764,47.26027397260274,0.0,0.0,0.0,-23.916811091854427
fara-7b,Allrecipes--16,C7,100.0,-16.059757236227824,-10.06711409395973,-10.273972602739725,0.0,inf,0.0,-1.2131715771230551
fara-7b,Allrecipes--16,C8,100.0,-28.57142857142857,-11.409395973154362,-11.643835616438356,0.0,inf,0.0,-36.04852686308493
fara-7b,Allrecipes--17,C2,0.0,-16.630196936542667,-26.060606060606062,-26.543209876543212,0.0,inf,0.0,7.539682539682549
fara-7b,Allrecipes--17,C5,0.0,32.93216630196937,38.78787878787879,39.50617283950617,0.0,0.0,0.0,-2.5793650793650738
fara-7b,Allrecipes--17,C7,0.0,-15.645514223194748,-20.606060606060606,-20.98765432098765,0.0,inf,0.0,-2.5793650793650738
fara-7b,Allrecipes--17,C8,0.0,-0.5470459518599562,-18.181818181818183,-18.51851851851852,0.0,inf,0.0,-0.7936507936507908
fara-7b,Allrecipes--18,C2,100.0,-5.375,-36.18090452261307,-36.734693877551024,0.0,inf,0.0,3.9355992844364986
fara-7b,Allrecipes--18,C5,100.0,67.75,18.090452261306535,18.367346938775512,0.0,0.0,0.0,-8.765652951699462
fara-7b,Allrecipes--18,C7,100.0,10.25,-36.68341708542713,-37.244897959183675,0.0,inf,0.0,2.683363148479428
fara-7b,Allrecipes--18,C8,100.0,-1.25,-34.17085427135678,-34.69387755102041,0.0,inf,0.0,2.50447227191413
fara-7b,Allrecipes--19,C2,100.0,-36.7047308319739,-44.58874458874459,-45.17543859649123,0.0,inf,0.0,11.913357400722024
fara-7b,Allrecipes--19,C5,100.0,-5.30179445350734,2.1645021645021645,2.1929824561403506,0.0,0.0,0.0,-10.108303249097476
fara-7b,Allrecipes--19,C7,0.0,7.01468189233279,-39.39393939393939,-39.91228070175439,0.0,inf,0.0,11.01083032490975
fara-7b,Allrecipes--19,C8,100.0,-37.84665579119086,-45.45454545454545,-46.05263157894737,0.0,inf,0.0,-22.56317689530686
fara-7b,Allrecipes--2,C2,0.0,-5.057471264367816,-11.18421052631579,-11.409395973154362,0.0,inf,0.0,1.7985611510791366
fara-7b,Allrecipes--2,C5,0.0,56.7816091954023,49.34210526315789,50.33557046979866,0.0,0.0,0.0,3.956834532374093
fara-7b,Allrecipes--2,C7,0.0,6.206896551724138,-15.789473684210526,-16.10738255033557,0.0,inf,0.0,0.5395683453237359
fara-7b,Allrecipes--2,C8,0.0,30.22988505747126,-16.447368421052634,-16.778523489932887,0.0,inf,0.0,4.676258992805757
fara-7b,Allrecipes--20,C2,0.0,-25.9765625,-29.069767441860467,-29.585798816568047,0.0,inf,0.0,-4.915254237288133
fara-7b,Allrecipes--20,C5,100.0,18.65234375,26.16279069767442,26.627218934911244,0.0,0.0,0.0,-16.77966101694915
fara-7b,Allrecipes--20,C7,0.0,-20.3125,-26.16279069767442,-26.627218934911244,0.0,inf,0.0,-5.423728813559327
fara-7b,Allrecipes--20,C8,0.0,-12.3046875,-15.69767441860465,-15.976331360946746,0.0,inf,inf,-7.457627118644066
fara-7b,Allrecipes--21,C2,0.0,-35.751295336787564,-40.09433962264151,-40.66985645933015,0.0,inf,0.0,3.1809145129224685
fara-7b,Allrecipes--21,C5,0.0,2.763385146804836,8.962264150943396,9.090909090909092,0.0,0.0,0.0,-24.85089463220676
fara-7b,Allrecipes--21,C7,0.0,-39.37823834196891,-40.56603773584906,-41.14832535885167,0.0,inf,0.0,-12.72365805168986
fara-7b,Allrecipes--21,C8,0.0,-33.074265975820374,-36.32075471698113,-36.84210526315789,0.0,inf,0.0,-24.85089463220676
fara-7b,Allrecipes--22,C2,0.0,-33.27222731439047,-36.31578947368421,-36.898395721925134,0.0,inf,0.0,9.523809523809533
fara-7b,Allrecipes--22,C5,-100.0,21.814848762603116,29.47368421052631,29.946524064171122,0.0,0.0,0.0,19.64285714285714
fara-7b,Allrecipes--22,C7,-100.0,-23.373052245646196,-31.05263157894737,-31.550802139037433,0.0,inf,0.0,13.69047619047619
fara-7b,Allrecipes--22,C8,-100.0,-26.214482126489457,-35.78947368421053,-36.36363636363637,0.0,inf,0.0,8.53174603174604
fara-7b,Allrecipes--23,C2,100.0,-17.34234234234234,-28.143712574850298,-28.65853658536585,0.0,inf,0.0,-20.0
fara-7b,Allrecipes--23,C5,100.0,42.0045045045045,41.31736526946108,42.073170731707314,0.0,0.0,0.0,-6.972477064220178
fara-7b,Allrecipes--23,C7,100.0,-14.752252252252251,-25.149700598802394,-25.609756097560975,0.0,inf,0.0,-9.908256880733942
fara-7b,Allrecipes--23,C8,100.0,-9.00900900900901,-20.35928143712575,-20.73170731707317,0.0,inf,0.0,0.7339449541284377
fara-7b,Allrecipes--24,C2,0.0,-10.230179028132993,-21.476510067114095,-21.91780821917808,0.0,inf,0.0,-2.4657534246575303
fara-7b,Allrecipes--24,C5,0.0,27.74936061381074,36.91275167785235,37.67123287671233,0.0,0.0,0.0,-1.0958904109589003
fara-7b,Allrecipes--24,C7,0.0,-10.10230179028133,-18.120805369127517,-18.493150684931507,0.0,inf,0.0,-15.61643835616438
fara-7b,Allrecipes--24,C8,0.0,-8.184143222506394,-19.463087248322147,-19.863013698630137,0.0,inf,0.0,2.4657534246575303
fara-7b,Allrecipes--25,C2,0.0,-31.592039800995025,-36.407766990291265,-36.94581280788177,0.0,inf,0.0,-9.37019969278033
fara-7b,Allrecipes--25,C5,0.0,26.616915422885572,28.640776699029125,29.064039408866993,0.0,0.0,0.0,-11.52073732718893
fara-7b,Allrecipes--25,C7,-100.0,-33.91376451077944,-40.77669902912621,-41.37931034482759,0.0,inf,0.0,-18.12596006144393
fara-7b,Allrecipes--25,C8,0.0,-35.82089552238806,-38.349514563106794,-38.91625615763547,0.0,inf,0.0,-25.960061443932403
fara-7b,Allrecipes--26,C2,-100.0,-17.019027484143763,-32.02247191011236,-32.57142857142858,0.0,inf,0.0,4.270462633451954
fara-7b,Allrecipes--26,C5,0.0,31.07822410147992,29.775280898876407,30.28571428571429,0.0,0.0,0.0,-10.320284697508903
fara-7b,Allrecipes--26,C7,0.0,-11.310782241014799,-28.08988764044944,-28.57142857142857,0.0,inf,0.0,2.4911032028469724
fara-7b,Allrecipes--26,C8,0.0,-12.26215644820296,-25.280898876404496,-25.71428571428571,0.0,inf,0.0,1.0676156583629792
fara-7b,Allrecipes--27,C2,0.0,-17.547568710359407,-34.01015228426396,-34.5360824742268,0.0,inf,0.0,85.7677902621723
fara-7b,Allrecipes--27,C5,0.0,15.856236786469344,11.16751269035533,11.34020618556701,0.0,0.0,0.0,91.38576779026218
fara-7b,Allrecipes--27,C7,0.0,-30.23255813953488,-37.055837563451774,-37.628865979381445,0.0,inf,0.0,-5.992509363295873
fara-7b,Allrecipes--27,C8,0.0,-24.947145877378436,-42.13197969543147,-42.78350515463917,0.0,inf,0.0,30.337078651685385
fara-7b,Allrecipes--28,C2,-100.0,-27.69089236430543,-41.509433962264154,-42.10526315789473,0.0,inf,0.0,3.6585365853658622
fara-7b,Allrecipes--28,C5,0.0,16.83532658693652,11.320754716981133,11.483253588516746,0.0,0.0,0.0,1.2195121951219685
fara-7b,Allrecipes--28,C7,-100.0,-8.831646734130635,-36.32075471698113,-36.84210526315789,0.0,inf,0.0,70.1219512195122
fara-7b,Allrecipes--28,C8,0.0,-16.007359705611776,-36.32075471698113,-36.84210526315789,0.0,inf,0.0,71.64634146341464
fara-7b,Allrecipes--29,C2,-100.0,-25.32088681446908,-32.33532934131736,-32.926829268292686,0.0,inf,0.0,16.30218687872764
fara-7b,Allrecipes--29,C5,0.0,28.121353558926486,22.15568862275449,22.5609756097561,0.0,0.0,0.0,-1.9880715705765408
fara-7b,Allrecipes--29,C7,-100.0,-23.22053675612602,-31.137724550898206,-31.70731707317073,0.0,inf,0.0,12.922465208747516
fara-7b,Allrecipes--29,C8,-100.0,13.768961493582262,-19.16167664670659,-20.121951219512198,0.0,inf,0.0,18.687872763419495
fara-7b,Allrecipes--3,C2,0.0,-13.600891861761427,-25.0,-25.443786982248522,0.0,inf,0.0,18.110236220472437
fara-7b,Allrecipes--3,C5,0.0,33.8907469342252,37.7906976744186,38.46153846153847,0.0,0.0,0.0,2.0997375328083914
fara-7b,Allrecipes--3,C7,0.0,-5.2396878483835,-16.27906976744186,-16.56804733727811,0.0,inf,inf,0.7874015748031421
fara-7b,Allrecipes--3,C8,0.0,-23.522853957636567,-25.581395348837212,-26.035502958579883,0.0,inf,0.0,-18.635170603674545
fara-7b,Allrecipes--30,C2,0.0,20.917573872472783,-31.944444444444443,-32.3943661971831,0.0,inf,0.0,-0.3355704697986625
fara-7b,Allrecipes--30,C5,0.0,31.57076205287714,32.407407407407405,32.3943661971831,0.0,0.0,0.0,-0.5033557046979937
fara-7b,Allrecipes--30,C7,0.0,-6.765163297045102,-35.18518518518518,-36.15023474178404,0.0,inf,0.0,-1.5100671140939574
fara-7b,Allrecipes--30,C8,0.0,-18.740279937791602,-31.944444444444443,-32.863849765258216,0.0,inf,0.0,-5.7046979865771785
fara-7b,Allrecipes--31,C2,0.0,28.65595942519019,-36.44444444444444,-36.93693693693694,0.0,inf,0.0,
fara-7b,Allrecipes--31,C5,0.0,10.650887573964498,10.222222222222223,10.36036036036036,0.0,0.0,0.0,15.563506261180674
fara-7b,Allrecipes--31,C7,100.0,15.046491969568892,-35.11111111111111,-35.585585585585584,0.0,inf,0.0,-6.2611806797853315
fara-7b,Allrecipes--31,C8,100.0,-37.19357565511412,-40.0,-40.54054054054054,0.0,inf,inf,-12.164579606440066
fara-7b,Allrecipes--32,C2,0.0,-36.446886446886445,-39.90147783251231,-40.5,0.0,inf,0.0,6.178489702517152
fara-7b,Allrecipes--32,C5,0.0,8.424908424908425,18.7192118226601,19.0,0.0,0.0,0.0,-11.89931350114417
fara-7b,Allrecipes--32,C7,0.0,-32.417582417582416,-36.94581280788177,-37.5,0.0,inf,0.0,29.29061784897024
fara-7b,Allrecipes--32,C8,-100.0,4.945054945054945,-30.049261083743843,-31.0,0.0,inf,0.0,30.20594965675056
fara-7b,Allrecipes--33,C2,0.0,-5.190311418685121,-12.418300653594772,-12.666666666666668,0.0,inf,0.0,3.716814159292038
fara-7b,Allrecipes--33,C5,0.0,93.54094579008074,81.69934640522875,83.33333333333334,0.0,0.0,0.0,-7.7876106194690236
fara-7b,Allrecipes--33,C7,0.0,18.108419838523645,-7.8431372549019605,-8.0,0.0,inf,0.0,0.5309734513274286
fara-7b,Allrecipes--33,C8,0.0,-8.996539792387544,-13.071895424836603,-13.333333333333334,0.0,inf,0.0,-9.734513274336283
fara-7b,Allrecipes--34,C2,0.0,-43.025362318840585,-46.2962962962963,-46.948356807511736,0.0,inf,0.0,-18.874172185430464
fara-7b,Allrecipes--34,C5,0.0,-3.4420289855072466,0.0,0.0,0.0,0.0,0.0,-17.218543046357617
fara-7b,Allrecipes--34,C7,0.0,-39.039855072463766,-40.74074074074074,-41.31455399061033,0.0,inf,0.0,-3.3112582781456954
fara-7b,Allrecipes--34,C8,0.0,-42.028985507246375,-43.51851851851852,-44.13145539906103,0.0,inf,0.0,-20.860927152317885
fara-7b,Allrecipes--35,C2,0.0,-29.237668161434975,-30.5,-30.96446700507614,0.0,inf,0.0,0.6833712984054767
fara-7b,Allrecipes--35,C5,0.0,-21.16591928251121,-7.5,-7.614213197969544,0.0,0.0,0.0,-44.64692482915717
fara-7b,Allrecipes--35,C7,0.0,-42.062780269058294,-41.5,-42.13197969543147,0.0,inf,0.0,-44.874715261959
fara-7b,Allrecipes--35,C8,0.0,-40.62780269058296,-39.0,-39.59390862944163,0.0,inf,0.0,-43.9635535307517
fara-7b,Allrecipes--36,C2,0.0,-22.760290556900724,-43.103448275862064,-43.66812227074236,0.0,inf,0.0,5.39568345323741
fara-7b,Allrecipes--36,C5,0.0,-6.376109765940274,-4.310344827586207,-4.366812227074235,0.0,0.0,0.0,-3.597122302158273
fara-7b,Allrecipes--36,C7,0.0,-35.1089588377724,-44.396551724137936,-44.97816593886463,0.0,inf,0.0,-3.0575539568345373
fara-7b,Allrecipes--36,C8,0.0,-36.23890234059726,-45.689655172413794,-46.288209606986904,0.0,inf,0.0,-4.496402877697841
fara-7b,Allrecipes--37,C2,0.0,-3.6954087346024638,-16.95906432748538,-17.261904761904763,0.0,inf,0.0,30.51771117166211
fara-7b,Allrecipes--37,C5,0.0,24.86002239641657,38.59649122807017,39.285714285714285,0.0,0.0,0.0,21.798365122615802
fara-7b,Allrecipes--37,C7,0.0,-12.430011198208286,-15.789473684210526,-16.071428571428573,0.0,inf,0.0,13.896457765667558
fara-7b,Allrecipes--37,C8,0.0,-18.253079507278834,-21.637426900584796,-22.023809523809522,0.0,inf,0.0,3.2697547683923585
fara-7b,Allrecipes--38,C2,0.0,-52.824184566428,-44.554455445544555,-45.22613065326633,0.0,inf,0.0,-6.3063063063063005
fara-7b,Allrecipes--38,C5,0.0,-15.433571996817822,12.871287128712872,13.06532663316583,0.0,0.0,0.0,-24.624624624624612
fara-7b,Allrecipes--38,C7,0.0,-46.93715194908512,-38.613861386138616,-39.19597989949749,0.0,inf,0.0,-22.22222222222222
fara-7b,Allrecipes--38,C8,0.0,-47.41447891805887,-42.07920792079208,-42.71356783919598,0.0,inf,0.0,-25.82582582582582
fara-7b,Allrecipes--39,C2,0.0,60.98003629764065,158.49056603773585,162.7450980392157,0.0,inf,0.0,-3.508771929824561
fara-7b,Allrecipes--39,C5,0.0,119.41923774954628,337.73584905660374,349.01960784313724,0.0,0.0,0.0,12.280701754385964
fara-7b,Allrecipes--39,C7,0.0,50.27223230490018,150.9433962264151,154.90196078431373,0.0,inf,0.0,-5.789473684210521
fara-7b,Allrecipes--39,C8,0.0,49.9092558983666,156.60377358490567,160.7843137254902,0.0,inf,0.0,8.421052631578943
fara-7b,Allrecipes--4,C2,-100.0,-30.49363057324841,-39.03508771929825,-39.55555555555556,0.0,inf,0.0,45.24421593830334
fara-7b,Allrecipes--4,C5,-100.0,1.5127388535031847,0.0,0.0,0.0,0.0,0.0,41.131105398457585
fara-7b,Allrecipes--4,C7,0.0,-40.52547770700637,-39.91228070175439,-40.44444444444444,0.0,inf,0.0,12.082262210796923
fara-7b,Allrecipes--4,C8,0.0,-42.27707006369427,-40.78947368421053,-41.333333333333336,0.0,inf,0.0,-20.565552699228792
fara-7b,Allrecipes--40,C2,0.0,-17.898832684824903,-21.428571428571427,-22.22222222222222,0.0,inf,0.0,-0.19120458891012299
fara-7b,Allrecipes--40,C5,100.0,-8.560311284046692,-4.761904761904762,-4.938271604938271,0.0,0.0,0.0,-1.1472275334607922
fara-7b,Allrecipes--40,C7,0.0,-5.058365758754864,-5.952380952380952,-6.172839506172839,0.0,inf,0.0,10.707456978967498
fara-7b,Allrecipes--40,C8,100.0,-10.505836575875486,-9.523809523809524,-9.876543209876543,0.0,inf,0.0,-47.60994263862332
fara-7b,Allrecipes--41,C2,0.0,-56.79824561403509,-54.794520547945204,-55.55555555555556,0.0,inf,0.0,-2.6246719160104988
fara-7b,Allrecipes--41,C5,0.0,-13.925438596491228,-6.8493150684931505,-6.944444444444445,0.0,0.0,0.0,4.72440944881889
fara-7b,Allrecipes--41,C7,0.0,-55.92105263157895,-52.054794520547944,-52.77777777777778,0.0,inf,0.0,-24.934383202099735
fara-7b,Allrecipes--41,C8,-100.0,-26.973684210526315,-45.20547945205479,-46.2962962962963,0.0,inf,0.0,40.94488188976378
fara-7b,Allrecipes--42,C2,0.0,-4.9062049062049065,-18.493150684931507,-18.88111888111888,0.0,inf,0.0,13.94422310756972
fara-7b,Allrecipes--42,C5,0.0,62.48196248196248,52.73972602739726,53.84615384615385,0.0,0.0,0.0,0.3984063745019835
fara-7b,Allrecipes--42,C7,0.0,-2.1645021645021645,-16.43835616438356,-16.783216783216783,0.0,inf,0.0,-2.788844621513955
fara-7b,Allrecipes--42,C8,0.0,-0.8658008658008658,-13.013698630136986,-13.286713286713287,0.0,inf,0.0,-3.585657370517937
fara-7b,Allrecipes--43,C2,0.0,14.092446448703495,-16.7741935483871,-17.105263157894736,0.0,inf,0.0,2.9038112522686053
fara-7b,Allrecipes--43,C5,0.0,21.307779030439683,33.5483870967742,34.21052631578947,0.0,0.0,0.0,0.5444646098003578
fara-7b,Allrecipes--43,C7,0.0,0.7891770011273956,-13.548387096774196,-13.815789473684212,0.0,inf,0.0,2.177858439201444
fara-7b,Allrecipes--43,C8,0.0,16.00901916572717,-10.967741935483872,-11.18421052631579,0.0,inf,0.0,30.490018148820337
fara-7b,Allrecipes--44,C2,0.0,-49.59239130434783,-38.95348837209303,-39.64497041420118,0.0,inf,0.0,-24.115755627009644
fara-7b,Allrecipes--44,C5,0.0,1.766304347826087,22.093023255813954,22.485207100591715,0.0,0.0,0.0,-14.469453376205788
fara-7b,Allrecipes--44,C7,0.0,-47.55434782608695,-40.69767441860465,-41.42011834319527,0.0,inf,0.0,-12.861736334405144
fara-7b,Allrecipes--44,C8,0.0,-50.27173913043478,-42.44186046511628,-43.19526627218935,0.0,inf,0.0,-14.790996784565921
fara-7b,Allrecipes--5,C2,0.0,-2.7198549410698094,-35.981308411214954,-36.492890995260666,0.0,inf,0.0,-6.164383561643838
fara-7b,Allrecipes--5,C5,0.0,26.019945602901178,10.2803738317757,10.42654028436019,0.0,0.0,0.0,-4.109589041095888
fara-7b,Allrecipes--5,C7,0.0,-30.371713508612874,-39.25233644859813,-39.81042654028436,0.0,inf,0.0,-14.554794520547945
fara-7b,Allrecipes--5,C8,0.0,-29.73708068902992,-38.31775700934579,-38.862559241706165,0.0,inf,inf,-10.958904109589039
fara-7b,Allrecipes--6,C2,0.0,-12.631578947368421,-9.285714285714286,-9.48905109489051,0.0,inf,0.0,27.407407407407412
fara-7b,Allrecipes--6,C5,0.0,58.28947368421053,57.14285714285714,58.3941605839416,0.0,0.0,0.0,43.70370370370371
fara-7b,Allrecipes--6,C7,0.0,-14.342105263157896,-17.142857142857142,-17.51824817518248,0.0,inf,0.0,23.209876543209873
fara-7b,Allrecipes--6,C8,0.0,-10.526315789473683,-15.714285714285714,-16.05839416058394,0.0,inf,0.0,21.481481481481488
fara-7b,Allrecipes--7,C2,0.0,-34.53568687643899,-46.25,-46.835443037974684,0.0,inf,0.0,-8.9922480620155
fara-7b,Allrecipes--7,C5,0.0,6.830391404451267,2.5,2.5316455696202533,0.0,0.0,0.0,-12.093023255813948
fara-7b,Allrecipes--7,C7,0.0,-36.5310821181888,-46.25,-46.835443037974684,0.0,inf,0.0,0.6201550387596988
fara-7b,Allrecipes--7,C8,100.0,-22.256331542594012,-37.916666666666664,-38.39662447257383,0.0,inf,0.0,-10.232558139534886
fara-7b,Allrecipes--8,C2,0.0,-11.944444444444445,-19.205298013245034,-19.594594594594593,0.0,inf,0.0,5.857740585774067
fara-7b,Allrecipes--8,C5,0.0,48.333333333333336,52.317880794701985,53.37837837837838,0.0,0.0,0.0,6.2761506276150625
fara-7b,Allrecipes--8,C7,0.0,-9.444444444444445,-20.52980132450331,-20.945945945945947,0.0,inf,0.0,2.0920502092050213
fara-7b,Allrecipes--8,C8,0.0,-9.444444444444445,-19.205298013245034,-19.594594594594593,0.0,inf,0.0,2.0920502092050213
fara-7b,Allrecipes--9,C2,-100.0,-86.70829616413917,-76.25,-76.79324894514767,0.0,inf,0.0,-17.062634989200863
fara-7b,Allrecipes--9,C5,-100.0,11.418376449598574,-2.9166666666666665,-2.9535864978902953,0.0,0.0,0.0,20.95032397408208
fara-7b,Allrecipes--9,C7,0.0,-33.98751115075825,-46.666666666666664,-47.257383966244724,0.0,inf,0.0,3.887688984881219
fara-7b,Allrecipes--9,C8,0.0,-30.06244424620874,-41.25,-41.77215189873418,0.0,inf,0.0,-3.887688984881204
fara-7b,Amazon--0,C2,0.0,-73.1839258114374,-86.27450980392157,-91.30434782608695,0.0,inf,0.0,-22.83464566929134
fara-7b,Amazon--0,C5,100.0,-30.370942812983,-25.49019607843137,-28.26086956521739,0.0,0.0,0.0,-48.50393700787401
fara-7b,Amazon--0,C7,100.0,-34.93044822256569,-82.35294117647058,-91.30434782608695,0.0,inf,0.0,-31.0236220472441
fara-7b,Amazon--0,C8,0.0,-14.219474497681608,-72.54901960784314,-80.43478260869566,0.0,inf,0.0,12.755905511811013
fara-7b,Amazon--1,C2,0.0,-18.424396442185515,-81.13207547169812,-89.58333333333334,0.0,inf,0.0,1.4159292035398179
fara-7b,Amazon--1,C5,0.0,2.2871664548919948,1.8867924528301887,2.083333333333333,0.0,0.0,0.0,-2.3008849557522075
fara-7b,Amazon--1,C7,0.0,-17.407878017789074,-81.13207547169812,-89.58333333333334,0.0,inf,0.0,0.8849557522123894
fara-7b,Amazon--1,C8,0.0,-48.53875476493011,-83.01886792452831,-89.58333333333334,0.0,0.0,0.0,-53.27433628318584
fara-7b,Amazon--10,C2,0.0,26.444833625218916,-80.85106382978722,-90.69767441860465,0.0,inf,0.0,5.481727574750826
fara-7b,Amazon--10,C5,0.0,48.68651488616462,-36.17021276595745,-39.53488372093023,0.0,0.0,0.0,-2.9900332225913693
fara-7b,Amazon--10,C7,0.0,20.490367775831874,-78.72340425531915,-88.37209302325581,0.0,inf,0.0,5.980066445182715
fara-7b,Amazon--10,C8,100.0,9.457092819614711,-85.1063829787234,-93.02325581395348,0.0,inf,0.0,-44.01993355481728
fara-7b,Amazon--11,C2,0.0,-19.525350593311757,-75.0,-82.97872340425532,0.0,inf,0.0,-4.354354354354342
fara-7b,Amazon--11,C5,0.0,5.285868392664509,-40.38461538461539,-44.680851063829785,0.0,0.0,0.0,-4.9549549549549505
fara-7b,Amazon--11,C7,0.0,-5.609492988133765,-76.92307692307693,-85.1063829787234,0.0,inf,0.0,-5.55555555555555
fara-7b,Amazon--11,C8,0.0,-7.982740021574973,-82.6923076923077,-91.48936170212765,0.0,inf,0.0,-5.855855855855843
fara-7b,Amazon--12,C2,0.0,-29.581151832460733,-67.56756756756756,-77.41935483870968,0.0,inf,0.0,-7.679999999999995
fara-7b,Amazon--12,C5,0.0,8.202443280977311,70.27027027027027,83.87096774193549,0.0,0.0,0.0,-5.1200000000000045
fara-7b,Amazon--12,C7,0.0,-28.534031413612563,-67.56756756756756,-77.41935483870968,0.0,inf,0.0,-5.439999999999998
fara-7b,Amazon--12,C8,0.0,-30.36649214659686,-72.97297297297297,-83.87096774193549,0.0,inf,0.0,-4.0
fara-7b,Amazon--13,C2,0.0,8.588957055214724,-64.51612903225806,-76.92307692307693,0.0,inf,0.0,-7.237813884785828
fara-7b,Amazon--13,C5,0.0,39.87730061349693,6.451612903225806,7.6923076923076925,0.0,0.0,0.0,-11.964549483013295
fara-7b,Amazon--13,C7,0.0,19.631901840490798,-67.74193548387096,-80.76923076923077,0.0,inf,0.0,-10.192023633678
fara-7b,Amazon--13,C8,0.0,-13.742331288343559,-67.74193548387096,-80.76923076923077,0.0,inf,0.0,-11.373707533234862
fara-7b,Amazon--14,C2,-100.0,9.988109393579073,-75.51020408163265,-86.36363636363636,0.0,inf,0.0,109.00000000000001
fara-7b,Amazon--14,C5,-100.0,-10.582639714625445,-30.612244897959183,-34.090909090909086,0.0,0.0,0.0,93.0
fara-7b,Amazon--14,C7,0.0,-15.338882282996433,-81.63265306122449,-90.9090909090909,0.0,inf,0.0,-1.3333333333333286
fara-7b,Amazon--14,C8,0.0,-3.804994054696789,-69.38775510204081,-79.54545454545455,0.0,inf,0.0,54.000000000000014
fara-7b,Amazon--15,C2,100.0,43.52112676056338,-82.35294117647058,-91.30434782608695,0.0,inf,0.0,-0.5235602094240789
fara-7b,Amazon--15,C5,100.0,60.84507042253521,-39.21568627450981,-43.47826086956522,0.0,0.0,0.0,7.329842931937177
fara-7b,Amazon--15,C7,0.0,44.7887323943662,-80.3921568627451,-89.13043478260869,0.0,inf,0.0,5.933682373472959
fara-7b,Amazon--15,C8,0.0,-11.549295774647888,-80.3921568627451,-89.13043478260869,0.0,inf,0.0,-2.792321116928437
fara-7b,Amazon--16,C2,0.0,-5.18018018018018,-73.68421052631578,-84.375,0.0,inf,0.0,-2.8099173553719057
fara-7b,Amazon--16,C5,0.0,47.409909909909906,50.0,62.5,0.0,0.0,0.0,0.0
fara-7b,Amazon--16,C7,0.0,-5.18018018018018,-73.68421052631578,-84.375,0.0,inf,0.0,-5.289256198347112
fara-7b,Amazon--16,C8,0.0,5.0675675675675675,-73.68421052631578,-84.375,0.0,inf,0.0,-4.2975206611570265
fara-7b,Amazon--17,C2,0.0,-66.3716814159292,-86.53846153846155,-91.66666666666666,0.0,inf,0.0,-21.15384615384615
fara-7b,Amazon--17,C5,0.0,6.293018682399214,-26.923076923076923,-31.25,0.0,0.0,0.0,-2.0833333333333286
fara-7b,Amazon--17,C7,0.0,-66.3716814159292,-86.53846153846155,-91.66666666666666,0.0,inf,0.0,-21.634615384615387
fara-7b,Amazon--17,C8,0.0,-14.355948869223207,-75.0,-83.33333333333334,0.0,inf,0.0,-4.647435897435895
fara-7b,Amazon--18,C2,0.0,-22.135416666666664,-70.37037037037037,-82.6086956521739,0.0,inf,0.0,-18.241758241758234
fara-7b,Amazon--18,C5,0.0,-23.307291666666664,11.11111111111111,13.043478260869565,0.0,0.0,0.0,-34.065934065934066
fara-7b,Amazon--18,C7,0.0,-25.911458333333332,-70.37037037037037,-82.6086956521739,0.0,inf,0.0,-20.439560439560434
fara-7b,Amazon--18,C8,0.0,-23.828125,-70.37037037037037,-82.6086956521739,0.0,inf,0.0,-18.901098901098905
fara-7b,Amazon--19,C2,0.0,-23.164918970448046,-82.97872340425532,-90.69767441860465,0.0,inf,0.0,-8.169440242057476
fara-7b,Amazon--19,C5,0.0,-42.42135367016206,-36.17021276595745,-41.86046511627907,0.0,0.0,0.0,-14.069591527987892
fara-7b,Amazon--19,C7,0.0,-12.106768350810295,-85.1063829787234,-93.02325581395348,0.0,inf,0.0,-1.5128593040847202
fara-7b,Amazon--19,C8,0.0,-49.380362249761674,-82.97872340425532,-90.69767441860465,0.0,inf,0.0,-13.313161875945534
fara-7b,Amazon--2,C2,0.0,-75.39682539682539,-82.92682926829268,-88.88888888888889,0.0,inf,0.0,-24.062499999999996
fara-7b,Amazon--2,C5,0.0,-23.448773448773448,-2.4390243902439024,-5.555555555555555,0.0,0.0,0.0,-17.1875
fara-7b,Amazon--2,C7,100.0,-29.797979797979796,-73.17073170731707,-83.33333333333334,0.0,inf,0.0,-6.25
fara-7b,Amazon--2,C8,0.0,-23.08802308802309,-75.60975609756098,-86.11111111111111,0.0,inf,0.0,-5.937499999999996
fara-7b,Amazon--20,C2,0.0,-33.7890625,-87.71929824561403,-92.3076923076923,0.0,inf,0.0,-19.611021069692057
fara-7b,Amazon--20,C5,0.0,108.0078125,-31.57894736842105,-36.53846153846153,0.0,0.0,0.0,-5.834683954619127
fara-7b,Amazon--20,C7,0.0,-34.375,-87.71929824561403,-92.3076923076923,0.0,inf,0.0,-19.448946515397083
fara-7b,Amazon--20,C8,0.0,26.3671875,-80.7017543859649,-88.46153846153845,0.0,inf,0.0,-8.914100486223662
fara-7b,Amazon--21,C2,-100.0,-3.3783783783783785,-77.08333333333334,-86.04651162790698,0.0,inf,0.0,57.89473684210527
fara-7b,Amazon--21,C5,-100.0,77.43243243243244,-33.33333333333333,-39.53488372093023,0.0,0.0,0.0,46.84210526315788
fara-7b,Amazon--21,C7,-100.0,29.864864864864867,-70.83333333333334,-81.3953488372093,0.0,inf,0.0,59.210526315789465
fara-7b,Amazon--21,C8,-100.0,27.972972972972972,-75.0,-88.37209302325581,0.0,inf,0.0,93.42105263157895
fara-7b,Amazon--22,C2,-100.0,-19.936034115138593,-63.33333333333333,-75.0,0.0,inf,0.0,-5.581395348837211
fara-7b,Amazon--22,C5,-100.0,-22.494669509594882,10.0,16.666666666666664,0.0,0.0,0.0,-9.767441860465112
fara-7b,Amazon--22,C7,-100.0,1.0660980810234542,-53.333333333333336,-62.5,0.0,inf,0.0,-8.527131782945736
fara-7b,Amazon--22,C8,-100.0,8.528784648187633,-63.33333333333333,-79.16666666666666,0.0,inf,0.0,-8.372093023255811
fara-7b,Amazon--23,C2,-100.0,-76.8974145120934,-83.33333333333334,-88.0,0.0,0.0,0.0,-90.22435897435898
fara-7b,Amazon--23,C5,-100.0,-30.275229357798167,6.666666666666667,8.0,0.0,0.0,0.0,-9.615384615384617
fara-7b,Amazon--23,C7,-100.0,-76.56380316930776,-83.33333333333334,-88.0,0.0,0.0,0.0,-90.7051282051282
fara-7b,Amazon--23,C8,-100.0,-32.27689741451209,-60.0,-76.0,0.0,inf,0.0,-7.211538461538463
fara-7b,Amazon--24,C2,100.0,-23.366159355416293,-76.47058823529412,-84.78260869565217,0.0,inf,0.0,-41.69230769230769
fara-7b,Amazon--24,C5,0.0,-24.888093106535365,-37.254901960784316,-41.30434782608695,0.0,0.0,0.0,-9.384615384615387
fara-7b,Amazon--24,C7,100.0,-2.685765443151298,-76.47058823529412,-84.78260869565217,0.0,inf,0.0,-11.999999999999995
fara-7b,Amazon--24,C8,0.0,-40.644583706356315,-78.43137254901961,-86.95652173913044,0.0,inf,0.0,-13.384615384615389
fara-7b,Amazon--25,C2,-100.0,-39.94661921708185,-75.0,-86.04651162790698,0.0,inf,0.0,-8.225806451612906
fara-7b,Amazon--25,C5,-100.0,-34.786476868327405,-39.58333333333333,-44.18604651162791,0.0,0.0,0.0,-3.064516129032256
fara-7b,Amazon--25,C7,-100.0,-36.387900355871885,-77.08333333333334,-86.04651162790698,0.0,inf,0.0,-2.2580645161290303
fara-7b,Amazon--25,C8,-100.0,-37.36654804270463,-79.16666666666666,-88.37209302325581,0.0,inf,0.0,-7.258064516129033
fara-7b,Amazon--26,C2,100.0,4.111245465538089,-70.58823529411765,-85.71428571428571,0.0,inf,0.0,-42.90271132376397
fara-7b,Amazon--26,C5,100.0,24.062877871825876,61.76470588235294,78.57142857142857,0.0,0.0,0.0,-43.22169059011164
fara-7b,Amazon--26,C7,0.0,44.86094316807739,-64.70588235294117,-78.57142857142857,0.0,inf,0.0,2.55183413078149
fara-7b,Amazon--26,C8,0.0,8.706166868198308,-64.70588235294117,-75.0,0.0,inf,0.0,20.893141945773515
fara-7b,Amazon--27,C2,100.0,-13.09278350515464,-80.3921568627451,-88.88888888888889,0.0,inf,0.0,-38.13443072702332
fara-7b,Amazon--27,C5,0.0,-28.659793814432987,-41.17647058823529,-44.44444444444444,0.0,0.0,0.0,
fara-7b,Amazon--27,C7,0.0,4.845360824742269,-80.3921568627451,-88.88888888888889,0.0,inf,0.0,-16.049382716049383
fara-7b,Amazon--27,C8,100.0,-17.31958762886598,-78.43137254901961,-86.66666666666667,0.0,inf,0.0,-41.426611796982165
fara-7b,Amazon--28,C2,0.0,-78.93569844789357,-83.87096774193549,-88.0,0.0,0.0,0.0,-91.5593705293276
fara-7b,Amazon--28,C5,0.0,-14.264597191426459,-3.225806451612903,0.0,0.0,0.0,0.0,-17.453505007153076
fara-7b,Amazon--28,C7,0.0,-79.00960827790095,-83.87096774193549,-88.0,0.0,0.0,0.0,-91.70243204577969
fara-7b,Amazon--28,C8,100.0,-40.946045824094604,-67.74193548387096,-80.0,0.0,inf,0.0,-55.65092989985694
fara-7b,Amazon--29,C2,100.0,9.53020134228188,-78.43137254901961,-89.13043478260869,0.0,inf,0.0,-49.01639344262295
fara-7b,Amazon--29,C5,0.0,61.87919463087248,-39.21568627450981,-45.65217391304348,0.0,0.0,0.0,7.868852459016389
fara-7b,Amazon--29,C7,0.0,-17.71812080536913,-78.43137254901961,-89.13043478260869,0.0,inf,0.0,-3.1147540983606534
fara-7b,Amazon--29,C8,0.0,-17.315436241610737,-76.47058823529412,-84.78260869565217,0.0,inf,0.0,-3.770491803278684
fara-7b,Amazon--3,C2,0.0,-44.60431654676259,-86.07594936708861,-91.78082191780823,0.0,inf,0.0,-13.685847589424569
fara-7b,Amazon--3,C5,-100.0,34.08273381294964,-5.063291139240507,-4.10958904109589,0.0,0.0,0.0,-2.332814930015552
fara-7b,Amazon--3,C7,0.0,-45.05395683453237,-86.07594936708861,-91.78082191780823,0.0,inf,0.0,-16.32970451010887
fara-7b,Amazon--3,C8,-100.0,-21.402877697841728,-86.07594936708861,-91.78082191780823,0.0,inf,0.0,-4.510108864696732
fara-7b,Amazon--30,C2,0.0,-19.119878603945374,-80.0,-88.88888888888889,0.0,inf,0.0,-6.9354838709677376
fara-7b,Amazon--30,C5,0.0,52.20030349013657,-20.0,-22.22222222222222,0.0,0.0,0.0,-13.387096774193544
fara-7b,Amazon--30,C7,0.0,-20.485584218512898,-80.0,-88.88888888888889,0.0,inf,0.0,-6.129032258064512
fara-7b,Amazon--30,C8,0.0,27.769347496206375,-70.0,-77.77777777777779,0.0,inf,0.0,-1.9354838709677464
fara-7b,Amazon--31,C2,0.0,-19.094766619519092,-73.46938775510205,-81.81818181818183,0.0,inf,0.0,-1.5358361774744003
fara-7b,Amazon--31,C5,0.0,29.56152758132956,-36.734693877551024,-40.909090909090914,0.0,0.0,0.0,-0.8532423208191127
fara-7b,Amazon--31,C7,0.0,-18.387553041018386,-79.59183673469387,-88.63636363636364,0.0,inf,0.0,-4.0955631399317385
fara-7b,Amazon--31,C8,0.0,-7.4964639321074955,-77.55102040816327,-86.36363636363636,0.0,inf,0.0,13.651877133105788
fara-7b,Amazon--32,C2,-100.0,-73.79375591296122,-83.87096774193549,-88.46153846153845,0.0,0.0,0.0,-90.0326797385621
fara-7b,Amazon--32,C5,-100.0,1.1352885525070955,6.451612903225806,7.6923076923076925,0.0,0.0,0.0,-7.516339869281048
fara-7b,Amazon--32,C7,-100.0,-74.17218543046357,-83.87096774193549,-88.46153846153845,0.0,0.0,0.0,-89.86928104575162
fara-7b,Amazon--32,C8,0.0,-16.08325449385052,-67.74193548387096,-80.76923076923077,0.0,inf,0.0,-16.50326797385621
fara-7b,Amazon--33,C2,0.0,-10.609756097560975,-77.08333333333334,-86.04651162790698,0.0,inf,0.0,-21.360759493670887
fara-7b,Amazon--33,C5,-100.0,14.268292682926829,-35.41666666666667,-39.53488372093023,0.0,0.0,0.0,-10.284810126582277
fara-7b,Amazon--33,C7,0.0,-18.658536585365855,-81.25,-90.69767441860465,0.0,inf,0.0,-23.417721518987346
fara-7b,Amazon--33,C8,0.0,-22.317073170731707,-81.25,-90.69767441860465,0.0,inf,0.0,-27.373417721518994
fara-7b,Amazon--34,C2,0.0,-27.161572052401745,-68.75,-81.48148148148148,0.0,inf,0.0,3.08641975308642
fara-7b,Amazon--34,C5,0.0,-10.91703056768559,-6.25,-7.4074074074074066,0.0,0.0,0.0,-8.641975308641966
fara-7b,Amazon--34,C7,100.0,-22.62008733624454,-59.375,-70.37037037037037,0.0,inf,0.0,-26.080246913580247
fara-7b,Amazon--34,C8,0.0,-1.3100436681222707,-65.625,-81.48148148148148,0.0,inf,0.0,-0.3086419753086464
fara-7b,Amazon--35,C2,0.0,-22.783603431839847,-66.66666666666666,-79.16666666666666,0.0,inf,0.0,-7.360000000000003
fara-7b,Amazon--35,C5,100.0,-7.340324118207817,0.0,0.0,0.0,0.0,0.0,-34.07999999999999
fara-7b,Amazon--35,C7,0.0,-13.536701620591037,-60.0,-75.0,0.0,inf,0.0,-1.9200000000000046
fara-7b,Amazon--35,C8,0.0,-10.581506196377502,-63.33333333333333,-75.0,0.0,inf,0.0,-12.8
fara-7b,Amazon--36,C2,0.0,-20.165745856353592,-59.375,-70.37037037037037,0.0,inf,0.0,-1.7271157167530224
fara-7b,Amazon--36,C5,0.0,56.353591160220994,-9.375,-11.11111111111111,0.0,0.0,0.0,9.153713298791025
fara-7b,Amazon--36,C7,0.0,8.149171270718233,-65.625,-77.77777777777779,0.0,inf,0.0,3.62694300518135
fara-7b,Amazon--36,C8,0.0,-6.49171270718232,-62.5,-74.07407407407408,0.0,inf,0.0,5.354058721934372
fara-7b,Amazon--37,C2,0.0,-9.690721649484537,-50.0,-64.28571428571429,0.0,inf,0.0,-19.34826883910387
fara-7b,Amazon--37,C5,0.0,-6.185567010309279,-14.705882352941178,-14.285714285714285,0.0,0.0,0.0,-17.71894093686355
fara-7b,Amazon--37,C7,0.0,-17.31958762886598,-67.64705882352942,-82.14285714285714,0.0,inf,0.0,-32.382892057026474
fara-7b,Amazon--37,C8,0.0,-13.711340206185568,-61.76470588235294,-71.42857142857143,0.0,inf,0.0,-1.2219959266802474
fara-7b,Amazon--38,C2,0.0,-33.13148788927336,-82.75862068965517,-90.56603773584906,0.0,inf,0.0,-47.25457570715474
fara-7b,Amazon--38,C5,0.0,-18.166089965397923,-48.275862068965516,-52.83018867924528,0.0,0.0,0.0,0.0
fara-7b,Amazon--38,C7,0.0,-44.37716262975779,-81.03448275862068,-88.67924528301887,0.0,inf,0.0,-35.77371048252912
fara-7b,Amazon--38,C8,-100.0,-18.425605536332178,-81.03448275862068,-90.56603773584906,0.0,inf,0.0,6.65557404326122
fara-7b,Amazon--39,C2,0.0,34.45040214477212,-58.620689655172406,-70.83333333333334,0.0,inf,0.0,-1.785714285714288
fara-7b,Amazon--39,C5,100.0,56.166219839142094,6.896551724137931,4.166666666666666,0.0,0.0,0.0,-11.525974025974028
fara-7b,Amazon--39,C7,100.0,1.876675603217158,-65.51724137931035,-79.16666666666666,0.0,inf,0.0,-49.188311688311686
fara-7b,Amazon--39,C8,100.0,16.0857908847185,-51.724137931034484,-66.66666666666666,0.0,inf,0.0,-59.09090909090909
fara-7b,Amazon--4,C2,0.0,-20.489296636085626,-70.0,-84.0,0.0,inf,0.0,-3.98009950248756
fara-7b,Amazon--4,C5,0.0,-6.116207951070336,73.33333333333333,88.0,0.0,0.0,0.0,-1.658374792703151
fara-7b,Amazon--4,C7,0.0,-18.654434250764528,-63.33333333333333,-76.0,0.0,inf,0.0,-9.286898839137637
fara-7b,Amazon--4,C8,0.0,24.31192660550459,-63.33333333333333,-76.0,0.0,inf,0.0,-0.49751243781094057
fara-7b,Amazon--40,C2,-100.0,-63.40378197997776,-86.27450980392157,-91.30434782608695,0.0,inf,0.0,29.551451187335097
fara-7b,Amazon--40,C5,-100.0,0.44493882091212456,-31.372549019607842,-36.95652173913043,0.0,0.0,0.0,53.03430079155673
fara-7b,Amazon--40,C7,-100.0,-61.846496106785324,-86.27450980392157,-91.30434782608695,0.0,inf,0.0,28.232189973614787
fara-7b,Amazon--40,C8,-100.0,13.904338153503893,-78.43137254901961,-89.13043478260869,0.0,inf,0.0,55.93667546174144
fara-7b,Amazon--5,C2,0.0,-34.78260869565217,-18.181818181818183,-37.5,0.0,inf,0.0,-10.847457627118642
fara-7b,Amazon--5,C5,0.0,18.26086956521739,0.0,0.0,0.0,0.0,0.0,6.44067796610169
fara-7b,Amazon--5,C7,0.0,-32.869565217391305,-18.181818181818183,-37.5,0.0,inf,0.0,-12.372881355932199
fara-7b,Amazon--5,C8,0.0,-35.130434782608695,-27.27272727272727,-50.0,0.0,inf,0.0,-16.77966101694915
fara-7b,Amazon--6,C2,0.0,-21.286370597243494,-83.33333333333334,-91.83673469387756,0.0,inf,0.0,-6.862745098039221
fara-7b,Amazon--6,C5,0.0,55.13016845329249,-38.88888888888889,-42.857142857142854,0.0,0.0,0.0,-11.928104575163404
fara-7b,Amazon--6,C7,0.0,29.096477794793262,-79.62962962962963,-87.75510204081633,0.0,inf,0.0,2.7777777777777706
fara-7b,Amazon--6,C8,0.0,-24.655436447166924,-83.33333333333334,-91.83673469387756,0.0,inf,0.0,-11.764705882352946
fara-7b,Amazon--7,C2,0.0,-18.28463713477851,-67.74193548387096,-80.76923076923077,0.0,inf,0.0,-4.29252782193958
fara-7b,Amazon--7,C5,0.0,-29.87747408105561,-6.451612903225806,-7.6923076923076925,0.0,0.0,0.0,-4.133545310015901
fara-7b,Amazon--7,C7,0.0,-18.661639962299716,-67.74193548387096,-80.76923076923077,0.0,inf,0.0,-4.133545310015901
fara-7b,Amazon--7,C8,0.0,-13.949104618284638,-67.74193548387096,-80.76923076923077,0.0,inf,0.0,-3.4976152623211383
fara-7b,Amazon--8,C2,100.0,-24.588665447897622,-78.18181818181819,-86.0,0.0,inf,0.0,-8.837209302325585
fara-7b,Amazon--8,C5,0.0,-4.204753199268739,-5.454545454545454,-6.0,0.0,0.0,0.0,0.15503875968991368
fara-7b,Amazon--8,C7,0.0,-26.23400365630713,-76.36363636363637,-84.0,0.0,inf,0.0,-6.821705426356586
fara-7b,Amazon--8,C8,0.0,-22.120658135283364,-80.0,-88.0,0.0,inf,0.0,-8.682170542635662
fara-7b,Amazon--9,C2,100.0,-42.32690935046396,-60.0,-71.42857142857143,0.0,inf,0.0,-53.70786516853933
fara-7b,Amazon--9,C5,0.0,-11.705924339757317,5.714285714285714,14.285714285714285,0.0,0.0,0.0,-30.89887640449438
fara-7b,Amazon--9,C7,100.0,-43.326195574589576,-65.71428571428571,-78.57142857142857,0.0,inf,0.0,-55.28089887640449
fara-7b,Amazon--9,C8,100.0,-45.11063526052819,-68.57142857142857,-82.14285714285714,0.0,inf,0.0,-55.73033707865168
fara-7b,Apple--0,C2,-100.0,-80.1526717557252,33.33333333333333,inf,0.0,inf,0.0,-80.0
fara-7b,Apple--0,C5,0.0,-6.106870229007633,0.0,0.0,0.0,0.0,0.0,-12.110091743119268
fara-7b,Apple--0,C7,0.0,-5.7251908396946565,0.0,0.0,0.0,0.0,0.0,-9.724770642201829
fara-7b,Apple--0,C8,-100.0,-1.9083969465648856,0.0,0.0,0.0,0.0,0.0,1.834862385321101
fara-7b,Apple--1,C2,0.0,-86.27858627858627,-63.63636363636363,-83.33333333333334,0.0,inf,0.0,-8.035714285714286
fara-7b,Apple--1,C5,0.0,7.0686070686070686,27.27272727272727,16.666666666666664,0.0,0.0,0.0,-5.357142857142857
fara-7b,Apple--1,C7,0.0,-86.07068607068608,-63.63636363636363,-83.33333333333334,0.0,inf,0.0,-9.46428571428571
fara-7b,Apple--1,C8,0.0,-54.26195426195426,-45.45454545454545,-100.0,0.0,0.0,0.0,-0.3571428571428622
fara-7b,Apple--10,C2,-100.0,-80.48780487804879,-69.23076923076923,-85.71428571428571,0.0,inf,0.0,53.398058252427184
fara-7b,Apple--10,C5,0.0,-19.20731707317073,-23.076923076923077,0.0,0.0,0.0,0.0,-27.508090614886733
fara-7b,Apple--10,C7,0.0,-13.109756097560975,-76.92307692307693,-100.0,0.0,0.0,0.0,76.05177993527509
fara-7b,Apple--10,C8,-100.0,-16.76829268292683,-76.92307692307693,-100.0,0.0,0.0,0.0,72.16828478964403
fara-7b,Apple--11,C2,0.0,42.79475982532751,66.66666666666666,inf,0.0,0.0,0.0,15.508021390374324
fara-7b,Apple--11,C5,0.0,53.7117903930131,66.66666666666666,inf,0.0,0.0,0.0,-1.4260249554367277
fara-7b,Apple--11,C7,0.0,15.283842794759824,0.0,0.0,0.0,0.0,0.0,-2.3172905525846774
fara-7b,Apple--11,C8,0.0,-6.11353711790393,0.0,0.0,0.0,0.0,0.0,-5.882352941176478
fara-7b,Apple--12,C2,-100.0,-56.53333333333334,-36.36363636363637,-87.5,0.0,inf,0.0,-6.854130052724075
fara-7b,Apple--12,C5,0.0,-18.4,27.27272727272727,0.0,0.0,0.0,0.0,-10.54481546572935
fara-7b,Apple--12,C7,-100.0,-56.266666666666666,-36.36363636363637,-87.5,0.0,inf,0.0,-6.151142355008787
fara-7b,Apple--12,C8,-100.0,-26.666666666666668,9.090909090909092,-50.0,0.0,0.0,0.0,-5.975395430579963
fara-7b,Apple--13,C2,100.0,-20.491803278688526,-66.66666666666666,-100.0,0.0,0.0,0.0,-6.8645640074211425
fara-7b,Apple--13,C5,100.0,-1.912568306010929,11.11111111111111,16.666666666666664,0.0,0.0,0.0,-46.19666048237477
fara-7b,Apple--13,C7,0.0,-85.24590163934425,-55.55555555555556,-83.33333333333334,0.0,inf,0.0,-12.801484230055657
fara-7b,Apple--13,C8,0.0,-42.62295081967213,-66.66666666666666,-100.0,0.0,0.0,0.0,-10.946196660482373
fara-7b,Apple--14,C2,0.0,-24.257425742574256,-50.0,-83.33333333333334,0.0,0.0,0.0,-1.2389380530973502
fara-7b,Apple--14,C5,0.0,-20.792079207920793,-50.0,-83.33333333333334,0.0,0.0,0.0,-1.5929203539822985
fara-7b,Apple--14,C7,0.0,-25.742574257425744,-50.0,-83.33333333333334,0.0,0.0,0.0,1.4159292035398179
fara-7b,Apple--14,C8,0.0,-25.0,-50.0,-83.33333333333334,0.0,0.0,0.0,0.7079646017699089
fara-7b,Apple--15,C2,0.0,0.32786885245901637,0.0,0.0,0.0,0.0,0.0,0.889679715302491
fara-7b,Apple--15,C5,0.0,8.19672131147541,20.0,100.0,0.0,0.0,0.0,3.024911032028462
fara-7b,Apple--15,C7,0.0,-80.98360655737706,-20.0,0.0,0.0,inf,0.0,-16.01423487544484
fara-7b,Apple--15,C8,0.0,-2.9508196721311477,0.0,0.0,0.0,0.0,0.0,0.889679715302491
fara-7b,Apple--16,C2,0.0,7.142857142857142,0.0,0.0,0.0,0.0,0.0,1.1627906976744147
fara-7b,Apple--16,C5,0.0,7.142857142857142,0.0,0.0,0.0,0.0,0.0,0.0
fara-7b,Apple--16,C7,-100.0,-61.42857142857143,33.33333333333333,inf,0.0,inf,0.0,-49.418604651162795
fara-7b,Apple--16,C8,0.0,5.0,0.0,0.0,0.0,0.0,0.0,-0.5813953488371969
fara-7b,Apple--17,C2,0.0,9.163346613545817,0.0,0.0,0.0,0.0,0.0,-1.651376146788988
fara-7b,Apple--17,C5,0.0,-3.187250996015936,0.0,0.0,0.0,0.0,0.0,-0.3669724770642254
fara-7b,Apple--17,C7,0.0,7.569721115537849,0.0,0.0,0.0,0.0,0.0,-1.834862385321101
fara-7b,Apple--17,C8,0.0,-45.81673306772908,-50.0,-100.0,0.0,0.0,0.0,3.853211009174314
fara-7b,Apple--18,C2,0.0,66.01941747572816,25.0,0.0,0.0,0.0,0.0,4.624277456647403
fara-7b,Apple--18,C5,0.0,168.93203883495144,25.0,0.0,0.0,0.0,0.0,70.23121387283236
fara-7b,Apple--18,C7,0.0,66.01941747572816,25.0,0.0,0.0,0.0,0.0,5.202312138728315
fara-7b,Apple--18,C8,-100.0,114.5631067961165,25.0,0.0,0.0,0.0,0.0,57.80346820809248
fara-7b,Apple--19,C2,0.0,-88.84615384615384,-93.10344827586206,-98.18181818181819,0.0,inf,0.0,-20.415224913494807
fara-7b,Apple--19,C5,0.0,-23.846153846153847,-81.03448275862068,-85.45454545454545,0.0,0.0,0.0,-4.325259515570934
fara-7b,Apple--19,C7,0.0,-88.84615384615384,-93.10344827586206,-98.18181818181819,0.0,inf,0.0,-21.280276816608993
fara-7b,Apple--19,C8,0.0,-61.92307692307693,-93.10344827586206,-98.18181818181819,0.0,0.0,0.0,-11.245674740484429
fara-7b,Apple--2,C2,0.0,-63.49206349206349,-75.0,-100.0,0.0,0.0,0.0,-5.574324324324332
fara-7b,Apple--2,C5,100.0,-66.49029982363317,-75.0,-100.0,0.0,0.0,0.0,-17.736486486486484
fara-7b,Apple--2,C7,0.0,-89.41798941798942,-66.66666666666666,-87.5,0.0,inf,0.0,-18.750000000000004
fara-7b,Apple--2,C8,0.0,-74.07407407407408,-75.0,-100.0,0.0,0.0,0.0,-14.864864864864872
fara-7b,Apple--20,C2,0.0,42.592592592592595,40.0,0.0,0.0,inf,0.0,4.464285714285714
fara-7b,Apple--20,C5,100.0,295.679012345679,1060.0,2650.0,0.0,0.0,0.0,-53.57142857142857
fara-7b,Apple--20,C7,0.0,32.71604938271605,20.0,0.0,0.0,inf,0.0,-0.3571428571428622
fara-7b,Apple--20,C8,0.0,-37.03703703703704,-40.0,-100.0,0.0,0.0,0.0,-3.571428571428571
fara-7b,Apple--21,C2,0.0,0.0,0.0,0.0,0.0,0.0,0.0,12.440191387559816
fara-7b,Apple--21,C5,-100.0,72.34726688102894,100.0,500.0,0.0,0.0,0.0,38.755980861244026
fara-7b,Apple--21,C7,0.0,-0.6430868167202572,0.0,0.0,0.0,0.0,0.0,0.9569377990430759
fara-7b,Apple--21,C8,0.0,2.8938906752411575,0.0,0.0,0.0,0.0,0.0,14.832535885167472
fara-7b,Apple--22,C2,0.0,188.88888888888889,100.0,0.0,0.0,0.0,0.0,22.74678111587983
fara-7b,Apple--22,C5,-100.0,12.037037037037036,0.0,0.0,0.0,0.0,0.0,14.163090128755368
fara-7b,Apple--22,C7,-100.0,31.48148148148148,25.0,100.0,0.0,0.0,0.0,15.450643776824025
fara-7b,Apple--22,C8,-100.0,71.29629629629629,0.0,0.0,0.0,0.0,0.0,8.154506437768234
fara-7b,Apple--23,C2,0.0,-88.59470468431772,-50.0,-80.0,0.0,inf,0.0,-15.619389587073613
fara-7b,Apple--23,C5,100.0,-60.28513238289206,-62.5,-100.0,0.0,0.0,0.0,-9.15619389587074
fara-7b,Apple--23,C7,0.0,-88.59470468431772,-50.0,-80.0,0.0,inf,0.0,-16.15798922800718
fara-7b,Apple--23,C8,100.0,-57.0264765784114,-62.5,-100.0,0.0,0.0,0.0,-0.3590664272890536
fara-7b,Apple--24,C2,0.0,-8.16326530612245,0.0,0.0,0.0,0.0,0.0,-2.7972027972027997
fara-7b,Apple--24,C5,0.0,-1.0204081632653061,0.0,0.0,0.0,0.0,0.0,2.447552447552445
fara-7b,Apple--24,C7,0.0,-8.16326530612245,0.0,0.0,0.0,0.0,0.0,-2.4475524475524573
fara-7b,Apple--24,C8,0.0,-8.673469387755102,0.0,0.0,0.0,0.0,0.0,-17.482517482517483
fara-7b,Apple--25,C2,0.0,-64.19753086419753,-20.0,0.0,0.0,inf,0.0,-16.0427807486631
fara-7b,Apple--25,C5,0.0,137.03703703703704,100.0,500.0,0.0,0.0,0.0,2.4955436720142576
fara-7b,Apple--25,C7,0.0,0.0,0.0,0.0,0.0,0.0,0.0,2.6737967914438503
fara-7b,Apple--25,C8,0.0,32.098765432098766,60.0,0.0,0.0,0.0,0.0,-3.030303030303035
fara-7b,Apple--26,C2,0.0,-85.2731591448931,-50.0,-80.0,0.0,inf,0.0,-15.480427046263348
fara-7b,Apple--26,C5,0.0,-1.66270783847981,0.0,0.0,0.0,0.0,0.0,-0.5338078291815023
fara-7b,Apple--26,C7,0.0,-85.2731591448931,-50.0,-80.0,0.0,inf,0.0,-15.302491103202847
fara-7b,Apple--26,C8,0.0,-56.53206650831354,-62.5,-100.0,0.0,0.0,0.0,-12.811387900355875
fara-7b,Apple--27,C2,0.0,-9.6,-20.0,0.0,0.0,0.0,0.0,-13.36032388663968
fara-7b,Apple--27,C5,0.0,-21.6,-20.0,0.0,0.0,0.0,0.0,-3.2388663967611366
fara-7b,Apple--27,C7,-100.0,38.0,0.0,0.0,0.0,0.0,0.0,18.421052631578952
fara-7b,Apple--27,C8,0.0,-18.8,-20.0,0.0,0.0,0.0,0.0,-3.0364372469635628
fara-7b,Apple--28,C2,0.0,-19.367588932806324,0.0,0.0,0.0,inf,0.0,-6.776556776556782
fara-7b,Apple--28,C5,0.0,1.9762845849802373,0.0,0.0,0.0,0.0,0.0,-0.9157509157509158
fara-7b,Apple--28,C7,0.0,-12.25296442687747,0.0,0.0,0.0,inf,0.0,-6.593406593406597
fara-7b,Apple--28,C8,0.0,-80.63241106719367,-25.0,-100.0,0.0,0.0,0.0,-2.930402930402933
fara-7b,Apple--29,C2,0.0,-2.4390243902439024,0.0,0.0,0.0,0.0,0.0,-0.5504587155963251
fara-7b,Apple--29,C5,0.0,-3.8327526132404177,0.0,0.0,0.0,0.0,0.0,-2.2018348623853266
fara-7b,Apple--29,C7,0.0,0.6968641114982579,0.0,0.0,0.0,0.0,0.0,-1.651376146788988
fara-7b,Apple--29,C8,0.0,-5.2264808362369335,0.0,0.0,0.0,0.0,0.0,-1.4678899082568755
fara-7b,Apple--3,C2,100.0,-52.264808362369344,-70.0,-100.0,0.0,0.0,0.0,-35.81818181818182
fara-7b,Apple--3,C5,0.0,7.317073170731707,10.0,14.285714285714285,0.0,0.0,0.0,-0.1818181818181844
fara-7b,Apple--3,C7,100.0,-46.34146341463415,-60.0,-85.71428571428571,0.0,inf,0.0,-16.363636363636363
fara-7b,Apple--3,C8,100.0,-47.038327526132406,-70.0,-100.0,0.0,0.0,0.0,-36.18181818181818
fara-7b,Apple--30,C2,0.0,-2.8301886792452833,0.0,0.0,0.0,0.0,0.0,1.0245901639344264
fara-7b,Apple--30,C5,0.0,-0.3144654088050315,0.0,0.0,0.0,0.0,0.0,-2.8688524590163906
fara-7b,Apple--30,C7,0.0,-0.3144654088050315,0.0,0.0,0.0,0.0,0.0,-8.401639344262284
fara-7b,Apple--30,C8,-100.0,-0.628930817610063,0.0,0.0,0.0,0.0,0.0,11.475409836065577
fara-7b,Apple--31,C2,-100.0,-83.33333333333334,-50.0,-80.0,0.0,inf,0.0,39.70149253731343
fara-7b,Apple--31,C5,0.0,15.178571428571427,0.0,0.0,0.0,0.0,0.0,20.29850746268656
fara-7b,Apple--31,C7,-100.0,-83.33333333333334,-50.0,-80.0,0.0,inf,0.0,40.298507462686565
fara-7b,Apple--31,C8,0.0,-61.60714285714286,-62.5,-100.0,0.0,0.0,0.0,-6.268656716417914
fara-7b,Apple--32,C2,0.0,-55.73770491803278,0.0,0.0,0.0,inf,0.0,0.5395683453237359
fara-7b,Apple--32,C5,0.0,11.475409836065573,0.0,0.0,0.0,0.0,0.0,2.697841726618705
fara-7b,Apple--32,C7,0.0,-55.73770491803278,0.0,0.0,0.0,inf,0.0,-8.812949640287766
fara-7b,Apple--32,C8,0.0,59.83606557377049,0.0,0.0,0.0,0.0,0.0,-3.956834532374106
fara-7b,Apple--33,C2,100.0,15.916955017301039,66.66666666666666,inf,0.0,0.0,0.0,-7.879924953095677
fara-7b,Apple--33,C5,0.0,3.1141868512110724,0.0,0.0,0.0,0.0,0.0,-0.7504690431519674
fara-7b,Apple--33,C7,0.0,-1.7301038062283738,0.0,0.0,0.0,0.0,0.0,2.06378986866792
fara-7b,Apple--33,C8,0.0,-5.190311418685121,0.0,0.0,0.0,0.0,0.0,-2.063789868667907
fara-7b,Apple--34,C2,100.0,-79.923273657289,-96.29629629629629,-100.0,0.0,0.0,0.0,-6.919275123558489
fara-7b,Apple--34,C5,100.0,-80.69053708439897,-96.29629629629629,-100.0,0.0,0.0,0.0,-37.39703459637562
fara-7b,Apple--34,C7,100.0,-79.53964194373401,-95.06172839506173,-98.71794871794873,0.0,inf,0.0,-19.604612850082383
fara-7b,Apple--34,C8,0.0,-82.73657289002557,-93.82716049382715,-97.43589743589743,0.0,0.0,0.0,0.49423393739702987
fara-7b,Apple--35,C2,0.0,-18.24561403508772,-20.0,0.0,0.0,0.0,0.0,36.67621776504299
fara-7b,Apple--35,C5,-100.0,42.45614035087719,20.0,100.0,0.0,0.0,0.0,70.20057306590259
fara-7b,Apple--35,C7,0.0,-38.24561403508772,0.0,0.0,0.0,0.0,0.0,-20.05730659025788
fara-7b,Apple--35,C8,0.0,-35.43859649122807,0.0,0.0,0.0,0.0,0.0,20.630372492836685
fara-7b,Apple--36,C2,0.0,-74.44933920704845,-63.63636363636363,0.0,0.0,inf,0.0,-4.235727440147325
fara-7b,Apple--36,C5,0.0,3.0837004405286343,9.090909090909092,0.0,0.0,0.0,0.0,-2.5782688766114155
fara-7b,Apple--36,C7,0.0,-74.44933920704845,-63.63636363636363,0.0,0.0,inf,0.0,7.550644567219155
fara-7b,Apple--36,C8,0.0,4.405286343612335,0.0,0.0,0.0,0.0,0.0,0.18416206261510393
fara-7b,Apple--37,C2,0.0,-6.25,0.0,0.0,0.0,0.0,0.0,-1.9148936170212734
fara-7b,Apple--37,C5,-100.0,8.75,0.0,0.0,0.0,0.0,0.0,19.148936170212767
fara-7b,Apple--37,C7,0.0,-15.0,0.0,0.0,0.0,0.0,0.0,-25.957446808510642
fara-7b,Apple--37,C8,-100.0,7.5,33.33333333333333,inf,0.0,0.0,0.0,12.76595744680851
fara-7b,Apple--38,C2,-100.0,-46.381578947368425,-45.45454545454545,-75.0,0.0,inf,0.0,120.81632653061224
fara-7b,Apple--38,C5,0.0,22.039473684210524,0.0,0.0,0.0,0.0,0.0,4.897959183673466
fara-7b,Apple--38,C7,-100.0,-48.026315789473685,-45.45454545454545,-75.0,0.0,inf,0.0,114.28571428571428
fara-7b,Apple--38,C8,-100.0,-32.89473684210527,-45.45454545454545,-75.0,0.0,0.0,0.0,112.24489795918366
fara-7b,Apple--39,C2,0.0,-68.07980049875312,-30.76923076923077,-66.66666666666666,0.0,inf,0.0,-36.90036900369004
fara-7b,Apple--39,C5,-100.0,-67.33167082294264,-38.46153846153847,-83.33333333333334,0.0,0.0,0.0,9.594095940959402
fara-7b,Apple--39,C7,0.0,-68.82793017456359,-30.76923076923077,-66.66666666666666,0.0,inf,0.0,-37.26937269372694
fara-7b,Apple--39,C8,-100.0,-77.55610972568579,-69.23076923076923,-83.33333333333334,0.0,0.0,0.0,0.9225092250922509
fara-7b,Apple--4,C2,0.0,-82.10862619808307,-20.0,0.0,0.0,inf,0.0,-8.955223880597023
fara-7b,Apple--4,C5,0.0,0.9584664536741214,0.0,0.0,0.0,0.0,0.0,4.664179104477611
fara-7b,Apple--4,C7,0.0,-82.10862619808307,-20.0,0.0,0.0,inf,0.0,-8.58208955223881
fara-7b,Apple--4,C8,0.0,-5.111821086261981,0.0,0.0,0.0,0.0,0.0,3.5447761194029823
fara-7b,Apple--40,C2,0.0,-28.333333333333332,33.33333333333333,inf,0.0,inf,0.0,-3.8834951456310676
fara-7b,Apple--40,C5,0.0,-5.0,0.0,0.0,0.0,0.0,0.0,-3.300970873786413
fara-7b,Apple--40,C7,0.0,-35.833333333333336,33.33333333333333,inf,0.0,inf,0.0,-2.912621359223301
fara-7b,Apple--40,C8,0.0,-59.166666666666664,0.0,0.0,0.0,0.0,0.0,1.3592233009708794
fara-7b,Apple--41,C2,0.0,-82.03592814371258,-20.0,0.0,0.0,inf,0.0,-12.500000000000009
fara-7b,Apple--41,C5,0.0,-1.4970059880239521,0.0,0.0,0.0,0.0,0.0,5.072463768115937
fara-7b,Apple--41,C7,0.0,-82.03592814371258,-20.0,0.0,0.0,inf,0.0,-14.85507246376812
fara-7b,Apple--41,C8,0.0,-85.32934131736528,-40.0,-100.0,0.0,0.0,0.0,-4.528985507246377
fara-7b,Apple--42,C2,0.0,-22.872340425531913,-27.27272727272727,-87.5,0.0,inf,0.0,3.5778175313059033
fara-7b,Apple--42,C5,0.0,-59.04255319148937,-36.36363636363637,-100.0,0.0,0.0,0.0,-5.366726296958856
fara-7b,Apple--42,C7,0.0,-33.51063829787234,-36.36363636363637,-87.5,0.0,inf,0.0,4.47227191413238
fara-7b,Apple--42,C8,0.0,-59.308510638297875,-72.72727272727273,-100.0,0.0,0.0,0.0,-2.862254025044725
fara-7b,Apple--5,C2,-100.0,-9.66542750929368,-40.0,-71.42857142857143,0.0,inf,0.0,151.4018691588785
fara-7b,Apple--5,C5,0.0,46.468401486988846,10.0,14.285714285714285,0.0,0.0,0.0,160.28037383177573
fara-7b,Apple--5,C7,0.0,-5.204460966542751,-40.0,-71.42857142857143,0.0,inf,0.0,147.196261682243
fara-7b,Apple--5,C8,-100.0,1.1152416356877324,-50.0,-85.71428571428571,0.0,0.0,0.0,157.00934579439254
fara-7b,Apple--6,C2,0.0,-8.96551724137931,0.0,0.0,0.0,0.0,0.0,-17.79359430604982
fara-7b,Apple--6,C5,-100.0,-20.689655172413794,0.0,0.0,0.0,0.0,0.0,85.05338078291814
fara-7b,Apple--6,C7,0.0,1.3793103448275863,0.0,0.0,0.0,0.0,0.0,-17.79359430604982
fara-7b,Apple--6,C8,0.0,-8.275862068965518,0.0,0.0,0.0,0.0,0.0,0.7117437722419904
fara-7b,Apple--7,C2,-100.0,-44.40298507462687,-40.0,-71.42857142857143,0.0,0.0,0.0,15.884476534296038
fara-7b,Apple--7,C5,-100.0,-41.417910447761194,-40.0,-71.42857142857143,0.0,0.0,0.0,-5.776173285198548
fara-7b,Apple--7,C7,-100.0,-44.02985074626866,-40.0,-71.42857142857143,0.0,0.0,0.0,-3.068592057761725
fara-7b,Apple--7,C8,-100.0,-56.71641791044776,-60.0,-85.71428571428571,0.0,0.0,0.0,-6.498194945848377
fara-7b,Apple--8,C2,0.0,-71.42857142857143,33.33333333333333,inf,0.0,inf,0.0,-12.71028037383177
fara-7b,Apple--8,C5,0.0,64.28571428571429,233.33333333333334,inf,0.0,0.0,0.0,9.345794392523365
fara-7b,Apple--8,C7,0.0,-71.42857142857143,33.33333333333333,inf,0.0,inf,0.0,-10.65420560747664
fara-7b,Apple--8,C8,100.0,-12.857142857142856,0.0,0.0,0.0,0.0,0.0,-4.859813084112153
fara-7b,Apple--9,C2,0.0,-10.264900662251655,-50.0,-85.71428571428571,0.0,0.0,0.0,2.1126760563380333
fara-7b,Apple--9,C5,0.0,-4.304635761589404,-40.0,-71.42857142857143,0.0,0.0,0.0,1.4084507042253596
fara-7b,Apple--9,C7,0.0,15.562913907284766,0.0,-28.57142857142857,0.0,0.0,0.0,1.9366197183098617
fara-7b,Apple--9,C8,0.0,-12.251655629139073,-50.0,-85.71428571428571,0.0,0.0,0.0,-1.9366197183098492
fara-7b,ArXiv--0,C2,0.0,301.8181818181818,0.0,0.0,0.0,0.0,0.0,56.88888888888888
fara-7b,ArXiv--0,C5,0.0,-40.0,-60.0,-100.0,0.0,0.0,0.0,34.22222222222222
fara-7b,ArXiv--0,C7,0.0,298.1818181818182,0.0,0.0,0.0,0.0,0.0,54.66666666666665
fara-7b,ArXiv--0,C8,0.0,301.8181818181818,0.0,0.0,0.0,0.0,0.0,57.77777777777777
fara-7b,ArXiv--1,C2,0.0,-73.17073170731707,-61.53846153846154,-72.72727272727273,0.0,0.0,0.0,-2.159468438538213
fara-7b,ArXiv--1,C5,0.0,-87.39837398373984,-84.61538461538461,-100.0,0.0,0.0,0.0,-5.14950166112957
fara-7b,ArXiv--1,C7,0.0,-73.17073170731707,-61.53846153846154,-72.72727272727273,0.0,0.0,0.0,-2.159468438538213
fara-7b,ArXiv--1,C8,100.0,-27.235772357723576,-61.53846153846154,-72.72727272727273,0.0,0.0,0.0,-0.830564784053156
fara-7b,ArXiv--10,C2,0.0,-6.666666666666667,0.0,0.0,0.0,0.0,0.0,3.819444444444437
fara-7b,ArXiv--10,C5,0.0,-3.3333333333333335,0.0,0.0,0.0,0.0,0.0,2.083333333333326
fara-7b,ArXiv--10,C7,0.0,-11.666666666666666,0.0,0.0,0.0,0.0,0.0,2.083333333333326
fara-7b,ArXiv--10,C8,0.0,-3.3333333333333335,0.0,0.0,0.0,0.0,0.0,1.7361111111111112
fara-7b,ArXiv--11,C2,-100.0,-88.62559241706161,-87.5,-92.3076923076923,0.0,inf,0.0,92.33870967741936
fara-7b,ArXiv--11,C5,0.0,-67.77251184834124,-43.75,-53.84615384615385,0.0,0.0,0.0,43.14516129032258
fara-7b,ArXiv--11,C7,-100.0,-88.62559241706161,-87.5,-92.3076923076923,0.0,inf,0.0,89.11290322580643
fara-7b,ArXiv--11,C8,0.0,-71.09004739336493,-43.75,-53.84615384615385,0.0,0.0,0.0,43.14516129032258
fara-7b,ArXiv--12,C2,0.0,-6.976744186046512,0.0,0.0,0.0,0.0,0.0,-30.81285444234404
fara-7b,ArXiv--12,C5,0.0,-10.465116279069768,0.0,0.0,0.0,0.0,0.0,-32.32514177693762
fara-7b,ArXiv--12,C7,0.0,-13.953488372093023,0.0,0.0,0.0,0.0,0.0,-31.00189035916824
fara-7b,ArXiv--12,C8,0.0,-2.3255813953488373,0.0,0.0,0.0,0.0,0.0,-5.671077504725898
fara-7b,ArXiv--13,C2,0.0,266.66666666666663,400.0,inf,0.0,0.0,0.0,-18.25095057034221
fara-7b,ArXiv--13,C5,0.0,413.33333333333337,400.0,inf,0.0,0.0,0.0,8.36501901140684
fara-7b,ArXiv--13,C7,0.0,266.66666666666663,400.0,inf,0.0,0.0,0.0,-17.490494296577953
fara-7b,ArXiv--13,C8,0.0,280.0,400.0,inf,0.0,0.0,0.0,-16.730038022813694
fara-7b,ArXiv--14,C2,0.0,533.3333333333333,400.0,inf,0.0,0.0,0.0,67.45283018867924
fara-7b,ArXiv--14,C5,0.0,146.66666666666666,400.0,inf,0.0,0.0,0.0,136.32075471698116
fara-7b,ArXiv--14,C7,0.0,320.0,400.0,inf,0.0,0.0,0.0,102.35849056603774
fara-7b,ArXiv--14,C8,0.0,380.0,400.0,inf,0.0,0.0,0.0,191.03773584905662
fara-7b,ArXiv--15,C2,0.0,178.57142857142858,400.0,inf,0.0,0.0,0.0,6.028368794326239
fara-7b,ArXiv--15,C5,-100.0,157.14285714285714,400.0,inf,0.0,0.0,0.0,108.15602836879434
fara-7b,ArXiv--15,C7,-100.0,1150.0,400.0,inf,0.0,0.0,0.0,103.90070921985817
fara-7b,ArXiv--15,C8,0.0,228.57142857142856,400.0,inf,0.0,0.0,0.0,52.48226950354611
fara-7b,ArXiv--16,C2,0.0,-2.380952380952381,0.0,0.0,0.0,0.0,0.0,0.6920415224913594
fara-7b,ArXiv--16,C5,0.0,-2.380952380952381,0.0,0.0,0.0,0.0,0.0,-0.6920415224913471
fara-7b,ArXiv--16,C7,0.0,-2.380952380952381,0.0,0.0,0.0,0.0,0.0,0.0
fara-7b,ArXiv--16,C8,0.0,-2.380952380952381,0.0,0.0,0.0,0.0,0.0,20.06920415224915
fara-7b,ArXiv--17,C2,-100.0,-47.51381215469613,-12.5,-28.57142857142857,0.0,inf,0.0,28.03532008830023
fara-7b,ArXiv--17,C5,0.0,37.569060773480665,62.5,57.14285714285714,0.0,0.0,0.0,18.98454746136866
fara-7b,ArXiv--17,C7,-100.0,-56.353591160220994,-12.5,-28.57142857142857,0.0,inf,0.0,22.295805739514353
fara-7b,ArXiv--17,C8,-100.0,-56.353591160220994,-25.0,-42.857142857142854,0.0,0.0,0.0,27.373068432671094
fara-7b,ArXiv--18,C2,0.0,323.5294117647059,500.0,inf,0.0,0.0,0.0,119.2156862745098
fara-7b,ArXiv--18,C5,0.0,147.05882352941177,300.0,inf,0.0,0.0,0.0,112.94117647058823
fara-7b,ArXiv--18,C7,0.0,329.4117647058823,500.0,inf,0.0,0.0,0.0,106.27450980392157
fara-7b,ArXiv--18,C8,0.0,317.6470588235294,500.0,inf,0.0,0.0,0.0,128.23529411764707
fara-7b,ArXiv--19,C2,0.0,-93.39622641509435,-88.46153846153845,-91.66666666666666,0.0,inf,0.0,-20.302013422818792
fara-7b,ArXiv--19,C5,100.0,-59.43396226415094,-42.30769230769231,-41.66666666666667,0.0,0.0,0.0,-5.53691275167786
fara-7b,ArXiv--19,C7,0.0,-93.39622641509435,-88.46153846153845,-91.66666666666666,0.0,inf,0.0,-19.96644295302013
fara-7b,ArXiv--19,C8,0.0,-94.9685534591195,-92.3076923076923,-95.83333333333334,0.0,inf,0.0,-41.44295302013423
fara-7b,ArXiv--2,C2,0.0,21.11111111111111,0.0,0.0,0.0,0.0,0.0,-1.6286644951140066
fara-7b,ArXiv--2,C5,0.0,15.555555555555555,0.0,0.0,0.0,0.0,0.0,-0.9771986970684062
fara-7b,ArXiv--2,C7,0.0,21.11111111111111,0.0,0.0,0.0,0.0,0.0,-9.120521172638439
fara-7b,ArXiv--2,C8,0.0,18.88888888888889,0.0,0.0,0.0,0.0,0.0,-1.9543973941368011
fara-7b,ArXiv--20,C2,-100.0,73.33333333333333,200.0,inf,0.0,inf,0.0,167.8571428571429
fara-7b,ArXiv--20,C5,0.0,166.66666666666669,300.0,inf,0.0,0.0,0.0,66.96428571428572
fara-7b,ArXiv--20,C7,-100.0,1046.6666666666667,500.0,inf,0.0,0.0,0.0,158.48214285714286
fara-7b,ArXiv--20,C8,0.0,960.0,400.0,inf,0.0,0.0,0.0,115.17857142857146
fara-7b,ArXiv--21,C2,0.0,-77.20364741641338,0.0,-20.0,0.0,inf,0.0,7.499999999999997
fara-7b,ArXiv--21,C5,0.0,-26.13981762917933,66.66666666666666,60.0,0.0,0.0,0.0,-6.153846153846159
fara-7b,ArXiv--21,C7,0.0,-77.50759878419453,0.0,-20.0,0.0,inf,0.0,5.769230769230769
fara-7b,ArXiv--21,C8,0.0,-77.20364741641338,-16.666666666666664,-40.0,0.0,0.0,0.0,7.6923076923076925
fara-7b,ArXiv--22,C2,0.0,-24.637681159420293,0.0,0.0,0.0,0.0,0.0,-9.775967413441963
fara-7b,ArXiv--22,C5,0.0,-30.434782608695656,0.0,0.0,0.0,0.0,0.0,-37.88187372708758
fara-7b,ArXiv--22,C7,0.0,-27.536231884057973,0.0,0.0,0.0,0.0,0.0,-13.645621181262735
fara-7b,ArXiv--22,C8,0.0,-26.08695652173913,0.0,0.0,0.0,0.0,0.0,-8.75763747454176
fara-7b,ArXiv--23,C2,100.0,-89.03225806451613,-75.0,-90.0,0.0,inf,0.0,-64.99133448873484
fara-7b,ArXiv--23,C5,0.0,-69.03225806451613,-58.333333333333336,-70.0,0.0,0.0,0.0,4.679376083188901
fara-7b,ArXiv--23,C7,100.0,-89.03225806451613,-75.0,-90.0,0.0,inf,0.0,-64.64471403812826
fara-7b,ArXiv--23,C8,0.0,-71.93548387096774,-58.333333333333336,-70.0,0.0,0.0,0.0,-1.733102253032929
fara-7b,ArXiv--24,C2,0.0,26.262626262626267,0.0,0.0,0.0,0.0,0.0,7.264957264957278
fara-7b,ArXiv--24,C5,0.0,-1.0101010101010102,0.0,0.0,0.0,0.0,0.0,2.991452991453004
fara-7b,ArXiv--24,C7,-100.0,29.292929292929294,0.0,0.0,0.0,0.0,0.0,18.376068376068382
fara-7b,ArXiv--24,C8,0.0,28.28282828282828,0.0,0.0,0.0,0.0,0.0,9.188034188034196
fara-7b,ArXiv--25,C2,0.0,-72.1030042918455,-31.25,-38.46153846153847,0.0,inf,0.0,-8.093525179856115
fara-7b,ArXiv--25,C5,0.0,-3.4334763948497855,0.0,0.0,0.0,0.0,0.0,4.856115107913661
fara-7b,ArXiv--25,C7,0.0,-72.1030042918455,-31.25,-38.46153846153847,0.0,inf,0.0,-6.294964028776978
fara-7b,ArXiv--25,C8,0.0,-67.81115879828327,-37.5,-46.15384615384615,0.0,inf,0.0,-2.158273381294969
fara-7b,ArXiv--26,C2,-100.0,114.28571428571428,150.0,inf,0.0,0.0,0.0,56.44699140401147
fara-7b,ArXiv--26,C5,-100.0,65.71428571428571,150.0,inf,0.0,0.0,0.0,63.03724928366763
fara-7b,ArXiv--26,C7,-100.0,125.71428571428571,150.0,inf,0.0,0.0,0.0,54.44126074498568
fara-7b,ArXiv--26,C8,-100.0,142.85714285714286,200.0,inf,0.0,0.0,0.0,90.83094555873924
fara-7b,ArXiv--27,C2,-100.0,-90.04524886877829,-66.66666666666666,-80.0,0.0,inf,0.0,25.265957446808514
fara-7b,ArXiv--27,C5,0.0,-22.171945701357465,33.33333333333333,40.0,0.0,0.0,0.0,-45.212765957446805
fara-7b,ArXiv--27,C7,-100.0,-90.04524886877829,-66.66666666666666,-80.0,0.0,inf,0.0,25.79787234042552
fara-7b,ArXiv--27,C8,-100.0,-72.39819004524887,-16.666666666666664,-40.0,0.0,0.0,0.0,12.234042553191493
fara-7b,ArXiv--28,C2,0.0,293.3333333333333,400.0,inf,0.0,0.0,0.0,24.407582938388618
fara-7b,ArXiv--28,C5,0.0,1780.0,400.0,inf,0.0,0.0,0.0,9.95260663507108
fara-7b,ArXiv--28,C7,0.0,1780.0,400.0,inf,0.0,0.0,0.0,-2.3696682464454977
fara-7b,ArXiv--28,C8,-100.0,506.66666666666663,700.0,inf,0.0,0.0,0.0,417.7725118483412
fara-7b,ArXiv--29,C2,100.0,-52.78969957081545,-16.666666666666664,-40.0,0.0,0.0,0.0,-35.20140105078809
fara-7b,ArXiv--29,C5,100.0,-83.69098712446352,-16.666666666666664,-40.0,0.0,0.0,0.0,-49.56217162872154
fara-7b,ArXiv--29,C7,100.0,-73.39055793991416,-16.666666666666664,-40.0,0.0,0.0,0.0,-35.02626970227671
fara-7b,ArXiv--29,C8,100.0,-56.65236051502146,-16.666666666666664,-40.0,0.0,0.0,0.0,-34.500875656742565
fara-7b,ArXiv--3,C2,0.0,-4.280155642023346,0.0,0.0,0.0,0.0,0.0,-50.09746588693956
fara-7b,ArXiv--3,C5,-100.0,-2.7237354085603114,80.0,166.66666666666669,0.0,0.0,0.0,6.627680311890851
fara-7b,ArXiv--3,C7,0.0,-3.501945525291829,0.0,0.0,0.0,0.0,0.0,-47.563352826510716
fara-7b,ArXiv--3,C8,0.0,53.30739299610895,0.0,0.0,0.0,0.0,0.0,10.331384015594551
fara-7b,ArXiv--30,C2,-100.0,-3.7037037037037033,0.0,0.0,0.0,0.0,0.0,44.817927170868344
fara-7b,ArXiv--30,C5,0.0,-11.11111111111111,0.0,0.0,0.0,0.0,0.0,-3.6414565826330647
fara-7b,ArXiv--30,C7,-100.0,-9.25925925925926,0.0,0.0,0.0,0.0,0.0,45.37815126050418
fara-7b,ArXiv--30,C8,0.0,-7.4074074074074066,0.0,0.0,0.0,0.0,0.0,43.97759103641455
fara-7b,ArXiv--31,C2,0.0,320.0,400.0,inf,0.0,0.0,0.0,9.195402298850569
fara-7b,ArXiv--31,C5,0.0,333.33333333333337,400.0,inf,0.0,0.0,0.0,7.279693486590033
fara-7b,ArXiv--31,C7,0.0,360.0,400.0,inf,0.0,0.0,0.0,9.770114942528723
fara-7b,ArXiv--31,C8,0.0,340.0,400.0,inf,0.0,0.0,0.0,17.241379310344826
fara-7b,ArXiv--32,C2,0.0,-3.0303030303030303,0.0,0.0,0.0,0.0,0.0,0.0
fara-7b,ArXiv--32,C5,0.0,27.27272727272727,0.0,0.0,0.0,0.0,0.0,-0.4405286343612241
fara-7b,ArXiv--32,C7,0.0,-3.0303030303030303,0.0,0.0,0.0,0.0,0.0,0.4405286343612398
fara-7b,ArXiv--32,C8,0.0,-3.0303030303030303,0.0,0.0,0.0,0.0,0.0,26.87224669603525
fara-7b,ArXiv--33,C2,-100.0,-74.8663101604278,-25.0,-33.33333333333333,0.0,inf,0.0,131.96721311475412
fara-7b,ArXiv--33,C5,0.0,14.43850267379679,37.5,50.0,0.0,0.0,0.0,26.229508196721323
fara-7b,ArXiv--33,C7,-100.0,-74.33155080213903,-25.0,-33.33333333333333,0.0,inf,0.0,132.3770491803279
fara-7b,ArXiv--33,C8,-100.0,-81.28342245989305,-75.0,-100.0,0.0,0.0,0.0,81.55737704918032
fara-7b,ArXiv--34,C2,-100.0,293.3333333333333,400.0,inf,0.0,0.0,0.0,29.061784897025163
fara-7b,ArXiv--34,C5,0.0,1773.3333333333335,400.0,inf,0.0,0.0,0.0,20.594965675057207
fara-7b,ArXiv--34,C7,-100.0,20.0,100.0,inf,0.0,inf,0.0,23.56979405034324
fara-7b,ArXiv--34,C8,-100.0,93.33333333333333,300.0,inf,0.0,0.0,0.0,41.41876430205948
fara-7b,ArXiv--35,C2,0.0,36.36363636363637,0.0,0.0,0.0,0.0,0.0,0.45871559633026543
fara-7b,ArXiv--35,C5,0.0,45.45454545454545,0.0,0.0,0.0,0.0,0.0,-2.2935779816513757
fara-7b,ArXiv--35,C7,0.0,36.36363636363637,0.0,0.0,0.0,0.0,0.0,0.45871559633026543
fara-7b,ArXiv--35,C8,0.0,36.36363636363637,0.0,0.0,0.0,0.0,0.0,0.45871559633026543
fara-7b,ArXiv--36,C2,100.0,343.75,400.0,inf,0.0,0.0,0.0,-59.570661896243294
fara-7b,ArXiv--36,C5,0.0,106.25,100.0,0.0,0.0,0.0,0.0,0.1788908765652977
fara-7b,ArXiv--36,C7,0.0,37.5,100.0,inf,0.0,inf,0.0,-13.059033989266542
fara-7b,ArXiv--36,C8,100.0,-6.25,0.0,0.0,0.0,0.0,0.0,-61.359570661896235
fara-7b,ArXiv--37,C2,-100.0,-92.5925925925926,-88.23529411764706,-92.85714285714286,0.0,inf,0.0,86.95652173913042
fara-7b,ArXiv--37,C5,0.0,-11.851851851851853,0.0,0.0,0.0,0.0,0.0,-0.39525691699605303
fara-7b,ArXiv--37,C7,-100.0,-92.5925925925926,-88.23529411764706,-92.85714285714286,0.0,inf,0.0,86.95652173913042
fara-7b,ArXiv--37,C8,0.0,-69.25925925925925,-41.17647058823529,-50.0,0.0,0.0,0.0,107.90513833992095
fara-7b,ArXiv--38,C2,-100.0,-92.39543726235742,-88.23529411764706,-93.33333333333333,0.0,inf,0.0,61.14864864864865
fara-7b,ArXiv--38,C5,0.0,-9.125475285171103,-5.88235294117647,-6.666666666666667,0.0,0.0,0.0,-2.3648648648648742
fara-7b,ArXiv--38,C7,-100.0,-92.39543726235742,-88.23529411764706,-93.33333333333333,0.0,inf,0.0,60.13513513513512
fara-7b,ArXiv--38,C8,-100.0,-93.91634980988593,-88.23529411764706,-93.33333333333333,0.0,inf,0.0,38.17567567567566
fara-7b,ArXiv--39,C2,0.0,-94.11764705882352,-66.66666666666666,-80.0,0.0,inf,0.0,-6.921675774134786
fara-7b,ArXiv--39,C5,0.0,-20.32085561497326,0.0,0.0,0.0,0.0,0.0,-3.460837887067393
fara-7b,ArXiv--39,C7,0.0,-94.11764705882352,-66.66666666666666,-80.0,0.0,inf,0.0,-6.375227686703097
fara-7b,ArXiv--39,C8,100.0,-76.20320855614973,33.33333333333333,20.0,0.0,0.0,0.0,-23.67941712204007
fara-7b,ArXiv--4,C2,0.0,3.125,0.0,0.0,0.0,0.0,0.0,0.46511627906977404
fara-7b,ArXiv--4,C5,0.0,-3.125,0.0,0.0,0.0,0.0,0.0,-0.9302325581395315
fara-7b,ArXiv--4,C7,0.0,3.125,0.0,0.0,0.0,0.0,0.0,-1.860465116279063
fara-7b,ArXiv--4,C8,0.0,3.125,0.0,0.0,0.0,0.0,0.0,-1.860465116279063
fara-7b,ArXiv--40,C2,-100.0,-8.823529411764707,0.0,0.0,0.0,0.0,0.0,-64.87603305785123
fara-7b,ArXiv--40,C5,0.0,29.411764705882355,100.0,inf,0.0,0.0,0.0,-17.56198347107438
fara-7b,ArXiv--40,C7,-100.0,-8.823529411764707,0.0,0.0,0.0,0.0,0.0,-65.08264462809917
fara-7b,ArXiv--40,C8,-100.0,-8.823529411764707,0.0,0.0,0.0,0.0,0.0,-63.01652892561984
fara-7b,ArXiv--41,C2,0.0,-89.31116389548693,-81.48148148148148,-86.27450980392157,0.0,inf,0.0,-14.384748700173317
fara-7b,ArXiv--41,C5,0.0,1.66270783847981,7.4074074074074066,7.8431372549019605,0.0,0.0,0.0,2.0797227036395074
fara-7b,ArXiv--41,C7,0.0,-89.31116389548693,-81.48148148148148,-86.27450980392157,0.0,inf,0.0,-14.904679376083191
fara-7b,ArXiv--41,C8,0.0,-88.59857482185272,-81.48148148148148,-86.27450980392157,0.0,inf,0.0,-29.636048526863085
fara-7b,ArXiv--42,C2,100.0,166.66666666666669,400.0,inf,0.0,0.0,0.0,-31.271477663230247
fara-7b,ArXiv--42,C5,100.0,393.3333333333333,500.0,inf,0.0,0.0,0.0,-11.683848797250866
fara-7b,ArXiv--42,C7,100.0,273.3333333333333,500.0,inf,0.0,0.0,0.0,-36.25429553264605
fara-7b,ArXiv--42,C8,100.0,180.0,400.0,inf,0.0,0.0,0.0,-9.621993127147768
fara-7b,ArXiv--5,C2,0.0,-38.028169014084504,0.0,0.0,0.0,0.0,0.0,-3.0991735537190084
fara-7b,ArXiv--5,C5,-100.0,-88.73239436619718,0.0,0.0,0.0,0.0,0.0,34.09090909090911
fara-7b,ArXiv--5,C7,0.0,-37.46478873239437,0.0,0.0,0.0,0.0,0.0,-3.512396694214867
fara-7b,ArXiv--5,C8,-100.0,-31.549295774647888,0.0,0.0,0.0,0.0,0.0,18.801652892561986
fara-7b,ArXiv--6,C2,0.0,450.0,500.0,inf,0.0,0.0,0.0,3.396226415094334
fara-7b,ArXiv--6,C5,0.0,1650.0,1100.0,inf,0.0,0.0,0.0,7.735849056603776
fara-7b,ArXiv--6,C7,0.0,450.0,500.0,inf,0.0,0.0,0.0,3.2075471698113263
fara-7b,ArXiv--6,C8,0.0,578.5714285714286,500.0,inf,0.0,0.0,0.0,8.301886792452827
fara-7b,ArXiv--7,C2,0.0,-89.51965065502183,-66.66666666666666,-80.0,0.0,inf,0.0,-17.051509769094128
fara-7b,ArXiv--7,C5,0.0,11.353711790393014,66.66666666666666,60.0,0.0,0.0,0.0,1.0657193605683863
fara-7b,ArXiv--7,C7,0.0,-89.51965065502183,-66.66666666666666,-80.0,0.0,inf,0.0,-16.69626998223801
fara-7b,ArXiv--7,C8,100.0,-34.93449781659388,-16.666666666666664,-40.0,0.0,0.0,0.0,-38.54351687388987
fara-7b,ArXiv--8,C2,0.0,-8.823529411764707,0.0,0.0,0.0,0.0,0.0,-19.47565543071161
fara-7b,ArXiv--8,C5,0.0,5.88235294117647,0.0,0.0,0.0,0.0,0.0,-20.59925093632959
fara-7b,ArXiv--8,C7,0.0,-8.823529411764707,0.0,0.0,0.0,0.0,0.0,-20.59925093632959
fara-7b,ArXiv--8,C8,0.0,-8.823529411764707,0.0,0.0,0.0,0.0,0.0,-21.34831460674157
fara-7b,ArXiv--9,C2,0.0,0.0,0.0,0.0,0.0,0.0,0.0,1.818181818181812
fara-7b,ArXiv--9,C5,0.0,36.36363636363637,0.0,0.0,0.0,0.0,0.0,-1.818181818181812
fara-7b,ArXiv--9,C7,0.0,0.0,0.0,0.0,0.0,0.0,0.0,0.454545454545461
fara-7b,ArXiv--9,C8,0.0,0.0,0.0,0.0,0.0,0.0,0.0,0.454545454545461
fara-7b,BBC_News--0,C2,-100.0,-74.7557003257329,-62.93103448275862,-64.60176991150442,0.0,inf,0.0,77.6203966005666
fara-7b,BBC_News--0,C5,0.0,27.035830618892508,-3.4482758620689653,-3.5398230088495577,0.0,0.0,0.0,9.065155807365448
fara-7b,BBC_News--0,C7,-100.0,-17.75244299674267,-47.41379310344828,-48.67256637168141,0.0,inf,0.0,70.8215297450425
fara-7b,BBC_News--0,C8,-100.0,16.449511400651463,-47.41379310344828,-48.67256637168141,0.0,inf,0.0,88.9518413597734
fara-7b,BBC_News--1,C2,0.0,-46.287519747235386,-56.451612903225815,-57.85123966942148,0.0,inf,0.0,-47.48490945674044
fara-7b,BBC_News--1,C5,0.0,3.949447077409163,3.225806451612903,3.3057851239669422,0.0,0.0,0.0,6.639839034205225
fara-7b,BBC_News--1,C7,0.0,-45.65560821484992,-55.64516129032258,-57.02479338842975,0.0,inf,0.0,-45.674044265593565
fara-7b,BBC_News--1,C8,0.0,-41.07424960505529,-56.451612903225815,-57.85123966942148,0.0,inf,0.0,-28.37022132796781
fara-7b,BBC_News--10,C2,0.0,-61.26543209876543,-48.51485148514851,-50.0,0.0,inf,0.0,3.66056572379367
fara-7b,BBC_News--10,C5,0.0,-2.006172839506173,3.9603960396039604,4.081632653061225,0.0,0.0,0.0,-2.163061564059907
fara-7b,BBC_News--10,C7,0.0,-22.530864197530864,-42.57425742574257,-43.87755102040816,0.0,inf,0.0,-1.3311148086522535
fara-7b,BBC_News--10,C8,0.0,-42.43827160493827,-47.524752475247524,-48.97959183673469,0.0,inf,0.0,19.966722129783683
fara-7b,BBC_News--11,C2,0.0,-44.24460431654676,-47.27272727272727,-49.056603773584904,0.0,inf,0.0,-24.934036939313984
fara-7b,BBC_News--11,C5,100.0,-26.43884892086331,-26.36363636363636,-27.358490566037734,0.0,0.0,0.0,-36.27968337730871
fara-7b,BBC_News--11,C7,0.0,-41.456834532374096,-48.18181818181818,-50.0,0.0,inf,0.0,-24.14248021108179
fara-7b,BBC_News--11,C8,0.0,-46.672661870503596,-50.0,-51.886792452830186,0.0,inf,0.0,-25.06596306068602
fara-7b,BBC_News--12,C2,0.0,-29.896907216494846,-38.46153846153847,-39.77272727272727,0.0,inf,0.0,-10.46728971962617
fara-7b,BBC_News--12,C5,0.0,41.23711340206185,72.52747252747253,75.0,0.0,0.0,0.0,4.672897196261682
fara-7b,BBC_News--12,C7,-100.0,-14.604810996563575,-34.065934065934066,-35.22727272727273,0.0,inf,0.0,13.831775700934577
fara-7b,BBC_News--12,C8,-100.0,-19.93127147766323,-36.26373626373626,-37.5,0.0,inf,0.0,46.35514018691588
fara-7b,BBC_News--13,C2,0.0,-28.735632183908045,-47.05882352941176,-48.484848484848484,0.0,inf,0.0,2.0942408376963275
fara-7b,BBC_News--13,C5,0.0,-51.724137931034484,-56.86274509803921,-58.58585858585859,0.0,0.0,0.0,-33.769633507853406
fara-7b,BBC_News--13,C7,0.0,-47.81609195402299,-56.86274509803921,-58.58585858585859,0.0,inf,0.0,-29.05759162303665
fara-7b,BBC_News--13,C8,0.0,0.0,-35.294117647058826,-38.38383838383838,0.0,inf,0.0,24.08376963350784
fara-7b,BBC_News--14,C2,-100.0,-75.12116316639742,-64.22018348623854,-66.0377358490566,0.0,inf,0.0,73.89830508474576
fara-7b,BBC_News--14,C5,0.0,-8.40064620355412,-22.018348623853214,-22.641509433962266,0.0,0.0,0.0,-5.084745762711865
fara-7b,BBC_News--14,C7,-100.0,-14.539579967689823,-45.87155963302752,-47.16981132075472,0.0,inf,0.0,97.96610169491525
fara-7b,BBC_News--14,C8,-100.0,-7.915993537964459,-44.95412844036697,-46.22641509433962,0.0,inf,0.0,149.83050847457628
fara-7b,BBC_News--15,C2,0.0,-67.66917293233082,-64.86486486486487,-67.64705882352942,0.0,inf,0.0,20.720720720720728
fara-7b,BBC_News--15,C5,0.0,350.37593984962405,200.0,217.6470588235294,0.0,0.0,0.0,148.64864864864867
fara-7b,BBC_News--15,C7,0.0,0.7518796992481203,0.0,0.0,0.0,inf,0.0,4.504504504504505
fara-7b,BBC_News--15,C8,0.0,0.7518796992481203,0.0,0.0,0.0,inf,0.0,5.405405405405403
fara-7b,BBC_News--16,C2,0.0,-32.89070480081716,-32.6530612244898,-33.68421052631579,0.0,inf,0.0,2.6101141924959244
fara-7b,BBC_News--16,C5,0.0,35.13789581205312,79.59183673469387,82.10526315789474,0.0,0.0,0.0,10.929853181076679
fara-7b,BBC_News--16,C7,0.0,-58.5291113381001,-39.795918367346935,-41.05263157894737,0.0,inf,0.0,-10.114192495921689
fara-7b,BBC_News--16,C8,0.0,-94.17773237997957,-81.63265306122449,-83.15789473684211,0.0,inf,0.0,-28.38499184339315
fara-7b,BBC_News--17,C2,0.0,1.5267175572519083,0.0,0.0,0.0,inf,0.0,4.62962962962963
fara-7b,BBC_News--17,C5,0.0,234.35114503816794,72.97297297297297,79.41176470588235,0.0,0.0,0.0,153.70370370370367
fara-7b,BBC_News--17,C7,0.0,2.2900763358778624,0.0,0.0,0.0,inf,0.0,-2.7777777777777843
fara-7b,BBC_News--17,C8,0.0,5.343511450381679,0.0,0.0,0.0,inf,0.0,0.0
fara-7b,BBC_News--18,C2,-100.0,-34.5575959933222,-40.21739130434783,-41.57303370786517,0.0,inf,0.0,24.454148471615728
fara-7b,BBC_News--18,C5,0.0,-13.856427378964941,-18.478260869565215,-19.101123595505616,0.0,0.0,0.0,12.663755458515293
fara-7b,BBC_News--18,C7,-100.0,-47.74624373956594,-42.391304347826086,-43.82022471910113,0.0,inf,0.0,22.27074235807861
fara-7b,BBC_News--18,C8,-100.0,-35.2253756260434,-45.65217391304348,-47.19101123595505,0.0,inf,0.0,46.50655021834061
fara-7b,BBC_News--19,C2,100.0,54.72222222222223,9.25925925925926,7.8431372549019605,0.0,inf,0.0,-26.614173228346456
fara-7b,BBC_News--19,C5,100.0,16.11111111111111,14.814814814814813,15.686274509803921,0.0,0.0,0.0,-28.661417322834648
fara-7b,BBC_News--19,C7,0.0,-56.94444444444444,-27.77777777777778,-29.411764705882355,0.0,inf,0.0,-43.30708661417323
fara-7b,BBC_News--19,C8,100.0,-62.22222222222222,-31.48148148148148,-33.33333333333333,0.0,inf,0.0,-82.20472440944883
fara-7b,BBC_News--2,C2,0.0,-57.285714285714285,-54.621848739495796,-56.03448275862068,0.0,inf,0.0,8.562197092084013
fara-7b,BBC_News--2,C5,0.0,55.42857142857143,42.857142857142854,43.96551724137931,0.0,0.0,0.0,6.946688206785144
fara-7b,BBC_News--2,C7,0.0,-44.857142857142854,-53.78151260504202,-55.172413793103445,0.0,inf,0.0,-7.269789983844912
fara-7b,BBC_News--2,C8,0.0,-55.00000000000001,-53.78151260504202,-55.172413793103445,0.0,inf,0.0,-5.331179321486264
fara-7b,BBC_News--20,C2,0.0,-44.463667820069205,-40.909090909090914,-42.35294117647059,0.0,inf,0.0,-44.58333333333333
fara-7b,BBC_News--20,C5,0.0,9.688581314878892,29.545454545454547,30.58823529411765,0.0,0.0,0.0,24.583333333333325
fara-7b,BBC_News--20,C7,0.0,-26.297577854671278,-30.681818181818183,-31.76470588235294,0.0,inf,0.0,3.9583333333333304
fara-7b,BBC_News--20,C8,0.0,-38.23529411764706,-40.909090909090914,-42.35294117647059,0.0,inf,0.0,15.208333333333327
fara-7b,BBC_News--21,C2,0.0,-48.249027237354085,-36.206896551724135,-38.18181818181819,0.0,inf,0.0,-59.78260869565217
fara-7b,BBC_News--21,C5,0.0,14.007782101167315,62.06896551724138,65.45454545454545,0.0,0.0,0.0,-28.260869565217394
fara-7b,BBC_News--21,C7,0.0,-38.52140077821012,-36.206896551724135,-38.18181818181819,0.0,inf,0.0,-14.85507246376812
fara-7b,BBC_News--21,C8,0.0,-47.85992217898833,-36.206896551724135,-38.18181818181819,0.0,inf,0.0,-59.420289855072475
fara-7b,BBC_News--22,C2,0.0,-10.24390243902439,-40.20618556701031,-41.48936170212766,0.0,inf,0.0,3.076923076923077
fara-7b,BBC_News--22,C5,0.0,-63.65853658536585,-61.855670103092784,-63.829787234042556,0.0,0.0,0.0,-24.923076923076927
fara-7b,BBC_News--22,C7,0.0,-27.31707317073171,-43.29896907216495,-44.680851063829785,0.0,inf,0.0,-19.692307692307686
fara-7b,BBC_News--22,C8,0.0,-23.414634146341466,-40.20618556701031,-41.48936170212766,0.0,inf,0.0,33.23076923076922
fara-7b,BBC_News--23,C2,0.0,-60.8548931383577,-49.523809523809526,-50.98039215686274,0.0,inf,0.0,-20.09803921568628
fara-7b,BBC_News--23,C5,0.0,-0.11248593925759282,8.571428571428571,8.823529411764707,0.0,0.0,0.0,9.15032679738561
fara-7b,BBC_News--23,C7,0.0,-73.11586051743532,-50.476190476190474,-51.9607843137255,0.0,inf,0.0,-46.89542483660131
fara-7b,BBC_News--23,C8,0.0,-84.58942632170978,-64.76190476190476,-66.66666666666666,0.0,inf,0.0,-66.33986928104575
fara-7b,BBC_News--24,C2,100.0,-72.6962457337884,-54.83870967741935,-56.19834710743802,0.0,inf,0.0,-53.421052631578945
fara-7b,BBC_News--24,C5,0.0,-9.044368600682594,9.67741935483871,9.917355371900827,0.0,0.0,0.0,-16.05263157894737
fara-7b,BBC_News--24,C7,100.0,-49.658703071672356,-50.0,-52.066115702479344,0.0,inf,0.0,-46.71052631578947
fara-7b,BBC_News--24,C8,100.0,-50.0,-50.806451612903224,-52.892561983471076,0.0,inf,0.0,-9.473684210526319
fara-7b,BBC_News--25,C2,-100.0,-85.13640639698966,-72.3404255319149,-73.72262773722628,0.0,inf,0.0,1.7509727626459117
fara-7b,BBC_News--25,C5,0.0,-17.215428033866413,-10.638297872340425,-10.948905109489052,0.0,0.0,0.0,19.64980544747082
fara-7b,BBC_News--25,C7,0.0,-42.05079962370649,-55.319148936170215,-56.934306569343065,0.0,inf,0.0,-10.894941634241247
fara-7b,BBC_News--25,C8,0.0,-28.88052681091251,-52.4822695035461,-54.01459854014598,0.0,inf,0.0,8.17120622568094
fara-7b,BBC_News--26,C2,-100.0,-65.85106382978724,-60.60606060606061,-61.71875,0.0,inf,0.0,16.46586345381527
fara-7b,BBC_News--26,C5,0.0,-36.38297872340426,-7.575757575757576,-7.03125,0.0,0.0,0.0,-33.53413654618473
fara-7b,BBC_News--26,C7,-100.0,-66.27659574468086,-60.60606060606061,-61.71875,0.0,inf,0.0,13.855421686746999
fara-7b,BBC_News--26,C8,-100.0,-50.31914893617021,-60.60606060606061,-61.71875,0.0,inf,0.0,49.19678714859438
fara-7b,BBC_News--27,C2,-100.0,-31.797235023041477,-50.427350427350426,-51.75438596491229,0.0,inf,0.0,11.177644710578845
fara-7b,BBC_News--27,C5,-100.0,36.86635944700461,-1.7094017094017095,-1.7543859649122806,0.0,0.0,0.0,31.936127744510962
fara-7b,BBC_News--27,C7,-100.0,-54.68509984639017,-52.991452991452995,-54.385964912280706,0.0,inf,0.0,3.1936127744511005
fara-7b,BBC_News--27,C8,-100.0,-74.03993855606758,-68.37606837606837,-70.17543859649122,0.0,inf,0.0,17.964071856287426
fara-7b,BBC_News--28,C2,-100.0,-74.51612903225806,-61.76470588235294,-63.63636363636363,0.0,inf,0.0,34.39153439153439
fara-7b,BBC_News--28,C5,0.0,-37.74193548387097,-51.9607843137255,-53.535353535353536,0.0,0.0,0.0,-18.51851851851851
fara-7b,BBC_News--28,C7,-100.0,-21.451612903225804,-36.27450980392157,-37.37373737373738,0.0,inf,0.0,51.85185185185186
fara-7b,BBC_News--28,C8,-100.0,0.8064516129032258,-41.17647058823529,-42.42424242424242,0.0,inf,0.0,71.42857142857143
fara-7b,BBC_News--29,C2,0.0,-39.111111111111114,-48.97959183673469,-50.526315789473685,0.0,inf,0.0,23.734177215189874
fara-7b,BBC_News--29,C5,0.0,0.2222222222222222,11.224489795918368,11.578947368421053,0.0,0.0,0.0,0.0
fara-7b,BBC_News--29,C7,-100.0,-2.2222222222222223,-46.93877551020408,-48.421052631578945,0.0,inf,0.0,89.87341772151898
fara-7b,BBC_News--29,C8,-100.0,-25.77777777777778,-47.95918367346938,-49.473684210526315,0.0,inf,0.0,86.39240506329112
fara-7b,BBC_News--3,C2,0.0,-14.217252396166133,-13.846153846153847,-14.754098360655737,0.0,inf,0.0,-6.682577565632451
fara-7b,BBC_News--3,C5,0.0,7.188498402555911,9.230769230769232,9.836065573770492,0.0,0.0,0.0,16.706443914081145
fara-7b,BBC_News--3,C7,0.0,-2.3961661341853033,-10.76923076923077,-11.475409836065573,0.0,inf,0.0,35.79952267303103
fara-7b,BBC_News--3,C8,0.0,-10.86261980830671,-12.307692307692308,-13.114754098360656,0.0,inf,0.0,-5.250596658711207
fara-7b,BBC_News--30,C2,0.0,-25.86490939044481,-50.427350427350426,-51.75438596491229,0.0,inf,0.0,52.398523985239834
fara-7b,BBC_News--30,C5,-100.0,26.68863261943987,12.82051282051282,13.157894736842104,0.0,0.0,0.0,112.5461254612546
fara-7b,BBC_News--30,C7,0.0,-15.485996705107082,-49.572649572649574,-50.877192982456144,0.0,inf,0.0,130.25830258302582
fara-7b,BBC_News--30,C8,0.0,-51.23558484349259,-52.991452991452995,-54.385964912280706,0.0,inf,0.0,70.84870848708485
fara-7b,BBC_News--31,C2,100.0,-45.19140989729225,-62.091503267973856,-63.758389261744966,0.0,inf,0.0,-29.29936305732484
fara-7b,BBC_News--31,C5,100.0,-36.881419234360415,-50.326797385620914,-51.67785234899329,0.0,0.0,0.0,-23.88535031847134
fara-7b,BBC_News--31,C7,0.0,-40.242763772175536,-62.091503267973856,-63.758389261744966,0.0,inf,0.0,-3.9808917197452236
fara-7b,BBC_News--31,C8,0.0,-51.540616246498594,-63.39869281045751,-65.1006711409396,0.0,inf,0.0,-8.280254777070057
fara-7b,BBC_News--32,C2,-100.0,-77.19298245614034,-63.55140186915887,-65.38461538461539,0.0,inf,0.0,40.94707520891366
fara-7b,BBC_News--32,C5,0.0,-11.842105263157894,-37.38317757009346,-38.46153846153847,0.0,0.0,0.0,17.827298050139273
fara-7b,BBC_News--32,C7,0.0,-76.16959064327486,-65.42056074766354,-67.3076923076923,0.0,inf,0.0,-8.356545961002785
fara-7b,BBC_News--32,C8,0.0,-39.1812865497076,-47.66355140186916,-49.03846153846153,0.0,inf,0.0,27.019498607242348
fara-7b,BBC_News--33,C2,0.0,-16.97530864197531,-33.76623376623377,-35.13513513513514,0.0,inf,0.0,27.38095238095239
fara-7b,BBC_News--33,C5,0.0,30.555555555555557,25.97402597402597,27.027027027027028,0.0,0.0,0.0,74.60317460317461
fara-7b,BBC_News--33,C7,0.0,-3.7037037037037033,-33.76623376623377,-35.13513513513514,0.0,inf,0.0,51.5873015873016
fara-7b,BBC_News--33,C8,0.0,-17.59259259259259,-33.76623376623377,-35.13513513513514,0.0,inf,0.0,9.523809523809533
fara-7b,BBC_News--34,C2,0.0,-49.87341772151899,-54.46428571428571,-55.96330275229357,0.0,inf,0.0,-22.73534635879218
fara-7b,BBC_News--34,C5,0.0,21.139240506329113,23.214285714285715,23.853211009174313,0.0,0.0,0.0,-4.262877442273532
fara-7b,BBC_News--34,C7,0.0,-49.74683544303797,-53.57142857142857,-55.04587155963303,0.0,inf,0.0,-6.571936056838358
fara-7b,BBC_News--34,C8,0.0,-50.8860759493671,-51.78571428571429,-53.21100917431193,0.0,inf,0.0,-25.57726465364121
fara-7b,BBC_News--35,C2,100.0,-64.81481481481481,-60.74074074074074,-62.121212121212125,0.0,inf,0.0,-37.760000000000005
fara-7b,BBC_News--35,C5,100.0,-42.26579520697168,-30.37037037037037,-31.060606060606062,0.0,0.0,0.0,-19.520000000000003
fara-7b,BBC_News--35,C7,100.0,-64.59694989106754,-61.48148148148148,-62.878787878787875,0.0,inf,0.0,-20.320000000000004
fara-7b,BBC_News--35,C8,0.0,-44.008714596949886,-60.0,-61.36363636363637,0.0,inf,0.0,-6.079999999999995
fara-7b,BBC_News--36,C2,0.0,-17.616580310880828,-49.0,-50.51546391752577,0.0,inf,0.0,142.0
fara-7b,BBC_News--36,C5,0.0,6.476683937823833,1.0,1.0309278350515463,0.0,0.0,0.0,2.799999999999997
fara-7b,BBC_News--36,C7,0.0,-29.533678756476682,-49.0,-50.51546391752577,0.0,inf,0.0,2.4000000000000057
fara-7b,BBC_News--36,C8,0.0,-27.461139896373055,-48.0,-49.48453608247423,0.0,inf,0.0,31.19999999999999
fara-7b,BBC_News--37,C2,0.0,-52.991452991452995,-56.19834710743802,-57.6271186440678,0.0,inf,0.0,-16.211293260473585
fara-7b,BBC_News--37,C5,0.0,-15.018315018315018,8.264462809917356,8.47457627118644,0.0,0.0,0.0,-21.129326047358838
fara-7b,BBC_News--37,C7,-100.0,-60.43956043956044,-56.19834710743802,-57.6271186440678,0.0,inf,0.0,2.185792349726781
fara-7b,BBC_News--37,C8,-100.0,-43.58974358974359,-53.71900826446281,-55.08474576271186,0.0,inf,0.0,7.650273224043722
fara-7b,BBC_News--38,C2,0.0,-5.801526717557252,-46.22641509433962,-47.57281553398058,0.0,inf,0.0,3.9735099337748316
fara-7b,BBC_News--38,C5,0.0,41.221374045801525,32.075471698113205,31.06796116504854,0.0,0.0,0.0,8.940397350993376
fara-7b,BBC_News--38,C7,0.0,-21.52671755725191,-45.28301886792453,-46.601941747572816,0.0,inf,0.0,0.9933774834437109
fara-7b,BBC_News--38,C8,100.0,-42.44274809160306,-47.16981132075472,-48.54368932038835,0.0,inf,0.0,-19.701986754966885
fara-7b,BBC_News--39,C2,0.0,-55.37555228276878,-53.333333333333336,-55.81395348837209,0.0,inf,0.0,296.4941569282137
fara-7b,BBC_News--39,C5,0.0,-1.914580265095729,24.444444444444443,25.581395348837212,0.0,0.0,0.0,-4.00667779632721
fara-7b,BBC_News--39,C7,0.0,-49.189985272459495,-41.11111111111111,-43.02325581395349,0.0,inf,0.0,-4.841402337228713
fara-7b,BBC_News--39,C8,0.0,-28.12960235640648,-36.666666666666664,-38.372093023255815,0.0,inf,0.0,-6.010016694490821
fara-7b,BBC_News--4,C2,0.0,-72.4607329842932,-66.94214876033058,-68.64406779661016,0.0,inf,0.0,-4.587155963302763
fara-7b,BBC_News--4,C5,0.0,-29.63350785340314,-12.396694214876034,-12.711864406779661,0.0,0.0,0.0,-7.49235474006117
fara-7b,BBC_News--4,C7,0.0,-82.82722513089004,-66.11570247933885,-67.79661016949152,0.0,inf,0.0,-21.712538226299696
fara-7b,BBC_News--4,C8,0.0,-47.95811518324607,-51.2396694214876,-52.54237288135594,0.0,inf,0.0,-0.3058103975535212
fara-7b,BBC_News--40,C2,-100.0,-48.35526315789473,-57.89473684210527,-59.78260869565217,0.0,inf,0.0,104.01459854014598
fara-7b,BBC_News--40,C5,-100.0,87.82894736842105,20.0,20.652173913043477,0.0,0.0,0.0,131.38686131386862
fara-7b,BBC_News--40,C7,0.0,-9.539473684210527,-41.05263157894737,-42.391304347826086,0.0,inf,0.0,91.24087591240875
fara-7b,BBC_News--40,C8,0.0,-54.93421052631579,-61.05263157894737,-63.04347826086957,0.0,inf,0.0,113.5036496350365
fara-7b,BBC_News--41,C2,0.0,66.83937823834198,22.448979591836736,24.444444444444443,0.0,inf,0.0,-8.265802269043762
fara-7b,BBC_News--41,C5,100.0,3.6269430051813467,-2.0408163265306123,-2.2222222222222223,0.0,0.0,0.0,-8.103727714748784
fara-7b,BBC_News--41,C7,0.0,56.73575129533679,20.408163265306122,22.22222222222222,0.0,inf,0.0,-4.700162074554304
fara-7b,BBC_News--41,C8,100.0,-65.28497409326425,-24.489795918367346,-24.444444444444443,0.0,inf,0.0,-81.19935170178282
fara-7b,BBC_News--5,C2,0.0,-57.28813559322033,-1.8867924528301887,-2.0,0.0,inf,0.0,-7.823129251700671
fara-7b,BBC_News--5,C5,0.0,-8.64406779661017,-3.7735849056603774,-4.0,0.0,0.0,0.0,4.9319727891156555
fara-7b,BBC_News--5,C7,0.0,-45.76271186440678,-13.20754716981132,-14.000000000000002,0.0,inf,0.0,-3.2312925170068008
fara-7b,BBC_News--5,C8,0.0,-40.33898305084746,-5.660377358490567,-6.0,0.0,inf,0.0,-3.2312925170068008
fara-7b,BBC_News--6,C2,0.0,-27.136752136752136,-35.294117647058826,-36.58536585365854,0.0,inf,0.0,154.32098765432102
fara-7b,BBC_News--6,C5,0.0,27.350427350427353,47.05882352941176,48.78048780487805,0.0,0.0,0.0,-0.3086419753086464
fara-7b,BBC_News--6,C7,0.0,-30.34188034188034,-35.294117647058826,-36.58536585365854,0.0,inf,0.0,-28.39506172839506
fara-7b,BBC_News--6,C8,0.0,-30.128205128205128,-35.294117647058826,-36.58536585365854,0.0,inf,0.0,-16.35802469135802
fara-7b,BBC_News--7,C2,0.0,-23.704866562009418,-35.483870967741936,-36.666666666666664,0.0,inf,0.0,47.90874524714828
fara-7b,BBC_News--7,C5,0.0,12.872841444270017,31.182795698924732,32.22222222222222,0.0,0.0,0.0,99.23954372623574
fara-7b,BBC_News--7,C7,0.0,-39.56043956043956,-38.70967741935484,-40.0,0.0,inf,0.0,-3.802281368821293
fara-7b,BBC_News--7,C8,0.0,-25.745682888540035,-37.634408602150536,-38.88888888888889,0.0,inf,0.0,53.99239543726235
fara-7b,BBC_News--8,C2,0.0,-54.710144927536234,-54.961832061068705,-56.25,0.0,inf,0.0,-10.406504065040648
fara-7b,BBC_News--8,C5,0.0,-33.21256038647343,-12.977099236641221,-13.28125,0.0,0.0,0.0,4.227642276422755
fara-7b,BBC_News--8,C7,0.0,-49.75845410628019,-54.961832061068705,-56.25,0.0,inf,0.0,-0.48780487804877587
fara-7b,BBC_News--8,C8,0.0,-21.014492753623188,-51.14503816793893,-52.34375,0.0,inf,0.0,13.658536585365862
fara-7b,BBC_News--9,C2,0.0,-52.10674157303371,-44.21052631578947,-45.65217391304348,0.0,inf,0.0,-7.719298245614032
fara-7b,BBC_News--9,C5,0.0,-6.741573033707865,2.1052631578947367,2.1739130434782608,0.0,0.0,0.0,4.5614035087719325
fara-7b,BBC_News--9,C7,-100.0,-78.23033707865169,-58.94736842105262,-60.86956521739131,0.0,inf,0.0,4.5614035087719325
fara-7b,BBC_News--9,C8,0.0,-43.82022471910113,-37.89473684210527,-39.130434782608695,0.0,inf,0.0,-5.614035087719303
fara-7b,Booking--0,C2,0.0,-24.944812362030905,-25.49019607843137,-26.666666666666668,0.0,inf,0.0,-8.25082508250825
fara-7b,Booking--0,C5,0.0,-12.582781456953644,-9.803921568627452,-11.11111111111111,0.0,0.0,0.0,-2.310231023102308
fara-7b,Booking--0,C7,0.0,-43.4878587196468,-47.05882352941176,-48.888888888888886,0.0,inf,inf,-74.0924092409241
fara-7b,Booking--0,C8,0.0,-32.00883002207506,-39.21568627450981,-40.0,0.0,inf,inf,-2.310231023102308
fara-7b,Booking--1,C2,0.0,-10.277777777777777,-22.22222222222222,-25.0,0.0,inf,0.0,-5.892255892255893
fara-7b,Booking--1,C5,0.0,2.7777777777777777,8.88888888888889,10.0,0.0,0.0,0.0,0.8417508417508417
fara-7b,Booking--1,C7,0.0,-15.555555555555555,-26.666666666666668,-27.500000000000004,0.0,inf,inf,-1.346801346801342
fara-7b,Booking--1,C8,0.0,-98.05555555555556,-97.77777777777777,-100.0,0.0,0.0,0.0,-91.24579124579124
fara-7b,Booking--10,C2,0.0,-96.09544468546638,-96.07843137254902,-97.77777777777777,0.0,inf,0.0,-19.594594594594597
fara-7b,Booking--10,C5,0.0,-18.43817787418655,-5.88235294117647,-4.444444444444445,0.0,0.0,0.0,-2.3648648648648742
fara-7b,Booking--10,C7,0.0,-56.399132321041215,-72.54901960784314,-77.77777777777779,0.0,inf,inf,-15.540540540540546
fara-7b,Booking--10,C8,0.0,-33.40563991323211,-41.17647058823529,-42.22222222222222,0.0,inf,inf,-2.8716216216216264
fara-7b,Booking--11,C2,0.0,-11.170212765957446,-23.404255319148938,-26.190476190476193,0.0,inf,0.0,-4.429301533219763
fara-7b,Booking--11,C5,0.0,-3.4574468085106385,-4.25531914893617,-4.761904761904762,0.0,0.0,0.0,0.17035775127767344
fara-7b,Booking--11,C7,100.0,-19.148936170212767,-29.78723404255319,-30.952380952380953,0.0,inf,inf,-25.55366269165247
fara-7b,Booking--11,C8,0.0,-20.74468085106383,-31.914893617021278,-33.33333333333333,0.0,inf,inf,0.0
fara-7b,Booking--12,C2,0.0,-18.06282722513089,-16.27906976744186,-16.216216216216218,0.0,inf,0.0,-4.530201342281884
fara-7b,Booking--12,C5,0.0,-8.900523560209423,2.3255813953488373,5.405405405405405,0.0,0.0,0.0,-5.033557046979865
fara-7b,Booking--12,C7,0.0,-25.392670157068064,-25.581395348837212,-24.324324324324326,0.0,inf,inf,-3.0201342281879264
fara-7b,Booking--12,C8,100.0,-23.036649214659686,-25.581395348837212,-24.324324324324326,0.0,inf,inf,-27.01342281879195
fara-7b,Booking--13,C2,0.0,-15.347721822541965,-19.565217391304348,-20.0,0.0,inf,0.0,-3.0612244897959138
fara-7b,Booking--13,C5,0.0,4.316546762589928,4.3478260869565215,5.0,0.0,0.0,0.0,1.8707482993197304
fara-7b,Booking--13,C7,0.0,-25.41966426858513,-30.434782608695656,-30.0,0.0,inf,inf,-1.1904761904761834
fara-7b,Booking--13,C8,0.0,-28.53717026378897,-32.608695652173914,-32.5,0.0,inf,inf,-0.8503401360544218
fara-7b,Booking--14,C2,0.0,-26.813186813186814,-34.0,-36.36363636363637,0.0,inf,0.0,7.082630691399667
fara-7b,Booking--14,C5,0.0,0.8791208791208791,4.0,4.545454545454546,0.0,0.0,0.0,-0.674536256323775
fara-7b,Booking--14,C7,0.0,-32.08791208791209,-36.0,-36.36363636363637,0.0,inf,inf,-7.925801011804377
fara-7b,Booking--14,C8,0.0,-34.72527472527472,-36.0,-36.36363636363637,0.0,inf,inf,-3.541315345699822
fara-7b,Booking--15,C2,0.0,-26.20689655172414,-29.411764705882355,-31.11111111111111,0.0,inf,0.0,-5.87248322147651
fara-7b,Booking--15,C5,0.0,-15.632183908045977,-9.803921568627452,-8.88888888888889,0.0,0.0,0.0,-4.362416107382552
fara-7b,Booking--15,C7,0.0,-32.64367816091954,-35.294117647058826,-35.55555555555556,0.0,inf,inf,-3.5234899328859086
fara-7b,Booking--15,C8,0.0,-27.586206896551722,-37.254901960784316,-37.77777777777778,0.0,inf,inf,-2.1812080536912823
fara-7b,Booking--16,C2,0.0,-11.39240506329114,-13.636363636363635,-13.157894736842104,0.0,inf,0.0,-7.272727272727271
fara-7b,Booking--16,C5,0.0,2.0253164556962027,4.545454545454546,5.263157894736842,0.0,0.0,0.0,-2.479338842975207
fara-7b,Booking--16,C7,0.0,-20.506329113924053,-29.545454545454547,-28.947368421052634,0.0,inf,inf,-5.45454545454545
fara-7b,Booking--16,C8,0.0,-24.81012658227848,-22.727272727272727,-21.052631578947366,0.0,inf,inf,-7.107438016528921
fara-7b,Booking--17,C2,0.0,-19.070904645476773,-21.73913043478261,-22.5,0.0,inf,0.0,-7.014681892332786
fara-7b,Booking--17,C5,0.0,5.378973105134474,4.3478260869565215,5.0,0.0,0.0,0.0,-5.709624796084829
fara-7b,Booking--17,C7,0.0,-28.361858190709043,-30.434782608695656,-30.0,0.0,inf,inf,-6.68841761827079
fara-7b,Booking--17,C8,0.0,-23.4718826405868,-30.434782608695656,-30.0,0.0,inf,inf,-7.667210440456763
fara-7b,Booking--18,C2,0.0,-98.87429643527204,-99.3103448275862,-99.65034965034964,0.0,inf,0.0,-46.05855855855856
fara-7b,Booking--18,C5,0.0,-76.86053783614759,-83.44827586206897,-84.96503496503497,0.0,0.0,0.0,-33.55855855855855
fara-7b,Booking--18,C7,0.0,-86.42901813633522,-95.17241379310344,-96.5034965034965,0.0,inf,inf,-43.91891891891892
fara-7b,Booking--18,C8,0.0,-66.41651031894934,-85.51724137931035,-87.41258741258741,0.0,inf,inf,-30.74324324324324
fara-7b,Booking--19,C2,0.0,-56.14973262032086,-76.19047619047619,-83.33333333333334,0.0,inf,0.0,-14.261168384879733
fara-7b,Booking--19,C5,0.0,-98.1283422459893,-97.61904761904762,-100.0,0.0,0.0,0.0,-89.69072164948454
fara-7b,Booking--19,C7,0.0,-30.213903743315505,-30.952380952380953,-30.555555555555557,0.0,inf,inf,-9.96563573883162
fara-7b,Booking--19,C8,0.0,-21.12299465240642,-23.809523809523807,-22.22222222222222,0.0,inf,inf,-5.326460481099658
fara-7b,Booking--2,C2,0.0,-8.872901678657074,-23.404255319148938,-26.190476190476193,0.0,inf,0.0,-2.4999999999999973
fara-7b,Booking--2,C5,0.0,-15.827338129496402,-8.51063829787234,-9.523809523809524,0.0,0.0,0.0,1.7857142857142856
fara-7b,Booking--2,C7,0.0,-16.546762589928058,-27.659574468085108,-28.57142857142857,0.0,inf,inf,-1.6071428571428545
fara-7b,Booking--2,C8,0.0,-14.388489208633093,-29.78723404255319,-30.952380952380953,0.0,inf,inf,0.3571428571428622
fara-7b,Booking--20,C2,0.0,42.51497005988024,7.6923076923076925,5.88235294117647,0.0,inf,0.0,-2.6132404181184667
fara-7b,Booking--20,C5,0.0,14.071856287425149,23.076923076923077,26.47058823529412,0.0,0.0,0.0,0.6968641114982554
fara-7b,Booking--20,C7,100.0,-10.479041916167663,-17.94871794871795,-17.647058823529413,0.0,inf,inf,-12.020905923344946
fara-7b,Booking--20,C8,0.0,-16.766467065868262,-15.384615384615385,-14.705882352941178,0.0,inf,inf,-4.006968641114978
fara-7b,Booking--21,C2,0.0,-61.69154228855721,-78.26086956521739,-82.5,0.0,inf,0.0,-78.52348993288591
fara-7b,Booking--21,C5,0.0,-13.184079601990051,-41.30434782608695,-35.0,0.0,0.0,0.0,8.221476510067111
fara-7b,Booking--21,C7,0.0,-97.51243781094527,-95.65217391304348,-97.5,0.0,inf,0.0,-80.53691275167785
fara-7b,Booking--21,C8,0.0,12.437810945273633,-23.91304347826087,-25.0,0.0,inf,inf,3.5234899328859086
fara-7b,Booking--22,C2,0.0,-13.612565445026178,-23.404255319148938,-24.390243902439025,0.0,inf,0.0,9.560723514211874
fara-7b,Booking--22,C5,0.0,0.5235602094240838,-6.382978723404255,-7.317073170731707,0.0,0.0,0.0,4.134366925064584
fara-7b,Booking--22,C7,0.0,-25.654450261780106,-29.78723404255319,-29.268292682926827,0.0,inf,inf,14.21188630490956
fara-7b,Booking--22,C8,0.0,-24.86910994764398,-29.78723404255319,-29.268292682926827,0.0,inf,inf,-1.5503875968992284
fara-7b,Booking--23,C2,0.0,-95.47101449275362,-92.5925925925926,-95.23809523809523,0.0,inf,0.0,-21.939586645468996
fara-7b,Booking--23,C5,0.0,-12.5,-7.4074074074074066,-9.523809523809524,0.0,0.0,0.0,3.1796502384737795
fara-7b,Booking--23,C7,0.0,-95.47101449275362,-92.5925925925926,-95.23809523809523,0.0,inf,0.0,-21.303656597774243
fara-7b,Booking--23,C8,0.0,-49.63768115942029,22.22222222222222,38.095238095238095,0.0,inf,inf,-12.877583465818763
fara-7b,Booking--24,C2,0.0,-2.857142857142857,-2.7027027027027026,-3.125,0.0,inf,0.0,1.5761821366024493
fara-7b,Booking--24,C5,0.0,105.71428571428572,48.64864864864865,50.0,0.0,0.0,0.0,12.084063047285461
fara-7b,Booking--24,C7,0.0,-9.841269841269842,-27.027027027027028,-28.125,0.0,inf,inf,4.203152364273202
fara-7b,Booking--24,C8,0.0,-0.9523809523809524,-10.81081081081081,-9.375,0.0,inf,inf,2.626970227670753
fara-7b,Booking--25,C2,-100.0,-15.404040404040403,-21.73913043478261,-22.5,0.0,inf,0.0,43.33333333333333
fara-7b,Booking--25,C5,-100.0,-10.353535353535353,-4.3478260869565215,-2.5,0.0,0.0,0.0,68.46153846153847
fara-7b,Booking--25,C7,-100.0,-21.71717171717172,-28.26086956521739,-27.500000000000004,0.0,inf,inf,41.02564102564102
fara-7b,Booking--25,C8,-100.0,-23.484848484848484,-30.434782608695656,-30.0,0.0,inf,inf,39.743589743589745
fara-7b,Booking--26,C2,0.0,-20.77294685990338,-23.404255319148938,-24.390243902439025,0.0,inf,0.0,-6.666666666666667
fara-7b,Booking--26,C5,0.0,-16.183574879227052,-8.51063829787234,-7.317073170731707,0.0,0.0,0.0,-2.166666666666662
fara-7b,Booking--26,C7,0.0,-28.985507246376812,-31.914893617021278,-31.70731707317073,0.0,inf,inf,-6.166666666666671
fara-7b,Booking--26,C8,0.0,-24.154589371980677,-31.914893617021278,-31.70731707317073,0.0,inf,inf,-3.833333333333329
fara-7b,Booking--27,C2,100.0,-60.745341614906835,12.5,10.714285714285714,0.0,inf,0.0,-31.741573033707866
fara-7b,Booking--27,C5,0.0,107.5776397515528,128.125,132.14285714285714,0.0,0.0,0.0,12.07865168539325
fara-7b,Booking--27,C7,0.0,-63.22981366459627,3.125,3.571428571428571,0.0,inf,inf,-18.67977528089888
fara-7b,Booking--27,C8,0.0,-61.61490683229813,6.25,7.142857142857142,0.0,inf,inf,-16.432584269662925
fara-7b,Booking--28,C2,0.0,-5.491329479768786,-21.73913043478261,-24.390243902439025,0.0,inf,0.0,-15.008726003490391
fara-7b,Booking--28,C5,0.0,18.20809248554913,2.1739130434782608,0.0,0.0,0.0,0.0,-29.49389179755672
fara-7b,Booking--28,C7,-100.0,21.38728323699422,-21.73913043478261,-24.390243902439025,0.0,inf,inf,-4.537521815008716
fara-7b,Booking--28,C8,0.0,-16.473988439306357,-28.26086956521739,-29.268292682926827,0.0,inf,inf,-23.734729493891788
fara-7b,Booking--29,C2,0.0,-16.666666666666664,-23.404255319148938,-24.390243902439025,0.0,inf,0.0,-7.95262267343486
fara-7b,Booking--29,C5,0.0,-9.66183574879227,4.25531914893617,7.317073170731707,0.0,0.0,0.0,0.5076142131979647
fara-7b,Booking--29,C7,0.0,-30.193236714975846,-29.78723404255319,-29.268292682926827,0.0,inf,inf,-8.460236886632826
fara-7b,Booking--29,C8,0.0,-28.985507246376812,-29.78723404255319,-29.268292682926827,0.0,inf,inf,-2.5380710659898478
fara-7b,Booking--3,C2,0.0,-3.003003003003003,-18.181818181818183,-20.51282051282051,0.0,inf,0.0,-1.6920473773265652
fara-7b,Booking--3,C5,0.0,18.91891891891892,-2.272727272727273,-5.128205128205128,0.0,0.0,0.0,-1.0152284263959415
fara-7b,Booking--3,C7,0.0,-6.906906906906906,-27.27272727272727,-28.205128205128204,0.0,inf,inf,0.3384094754653058
fara-7b,Booking--3,C8,0.0,-8.408408408408409,-29.545454545454547,-30.76923076923077,0.0,inf,inf,-0.5076142131979767
fara-7b,Booking--30,C2,-100.0,-16.585365853658537,-28.000000000000004,-29.545454545454547,0.0,inf,0.0,46.153846153846146
fara-7b,Booking--30,C5,-100.0,45.1219512195122,6.0,6.8181818181818175,0.0,0.0,0.0,70.29177718832891
fara-7b,Booking--30,C7,0.0,-29.024390243902438,-34.0,-34.090909090909086,0.0,inf,inf,0.5305039787798295
fara-7b,Booking--30,C8,-100.0,-29.268292682926827,-34.0,-34.090909090909086,0.0,inf,inf,44.29708222811669
fara-7b,Booking--31,C2,0.0,-38.46153846153847,-41.17647058823529,-44.44444444444444,0.0,inf,0.0,-9.630818619582666
fara-7b,Booking--31,C5,100.0,-25.213675213675213,-13.725490196078432,-13.333333333333334,0.0,0.0,0.0,-28.57142857142857
fara-7b,Booking--31,C7,0.0,-43.8034188034188,-47.05882352941176,-48.888888888888886,0.0,inf,inf,-13.964686998394857
fara-7b,Booking--31,C8,0.0,-35.8974358974359,-37.254901960784316,-37.77777777777778,0.0,inf,inf,-8.025682182985554
fara-7b,Booking--32,C2,0.0,-94.57831325301204,-95.23809523809523,-97.2972972972973,0.0,inf,0.0,-20.236087689713322
fara-7b,Booking--32,C5,0.0,5.72289156626506,2.380952380952381,2.7027027027027026,0.0,0.0,0.0,-3.372681281618887
fara-7b,Booking--32,C7,0.0,-93.97590361445783,-95.23809523809523,-97.2972972972973,0.0,inf,0.0,-21.24789207419898
fara-7b,Booking--32,C8,0.0,-12.650602409638553,-23.809523809523807,-24.324324324324326,0.0,inf,inf,-8.263069139966271
fara-7b,Booking--33,C2,-100.0,-63.95348837209303,-73.07692307692307,-77.77777777777779,0.0,inf,0.0,32.0754716981132
fara-7b,Booking--33,C5,0.0,2.9069767441860463,-51.92307692307693,-62.22222222222222,0.0,0.0,0.0,25.606469002695416
fara-7b,Booking--33,C7,-100.0,-51.55038759689923,-53.84615384615385,-55.55555555555556,0.0,inf,inf,36.38814016172506
fara-7b,Booking--33,C8,0.0,-10.465116279069768,-28.846153846153843,-33.33333333333333,0.0,inf,inf,23.18059299191375
fara-7b,Booking--34,C2,-100.0,-58.47255369928401,-73.46938775510205,-79.06976744186046,0.0,inf,0.0,-4.669260700389103
fara-7b,Booking--34,C5,-100.0,-13.126491646778044,-14.285714285714285,-13.953488372093023,0.0,0.0,0.0,14.980544747081717
fara-7b,Booking--34,C7,-100.0,-38.66348448687351,-40.816326530612244,-41.86046511627907,0.0,inf,inf,-1.167315175097279
fara-7b,Booking--34,C8,-100.0,-27.684964200477324,-32.6530612244898,-32.55813953488372,0.0,inf,inf,10.700389105058367
fara-7b,Booking--35,C2,-100.0,13.127413127413126,18.181818181818183,18.51851851851852,0.0,inf,0.0,7.809523809523812
fara-7b,Booking--35,C5,0.0,-32.432432432432435,-45.45454545454545,-48.148148148148145,0.0,0.0,0.0,-40.19047619047619
fara-7b,Booking--35,C7,-100.0,-40.34749034749035,-9.090909090909092,-7.4074074074074066,0.0,inf,inf,
fara-7b,Booking--35,C8,-100.0,1.9305019305019304,12.121212121212121,11.11111111111111,0.0,inf,inf,11.999999999999995
fara-7b,Booking--36,C2,-100.0,0.0,-12.195121951219512,-13.88888888888889,0.0,inf,0.0,26.339285714285726
fara-7b,Booking--36,C5,-100.0,-97.87878787878788,-97.5609756097561,-100.0,0.0,0.0,0.0,-85.9375
fara-7b,Booking--36,C7,0.0,-9.393939393939393,-21.951219512195124,-22.22222222222222,0.0,inf,inf,10.044642857142858
fara-7b,Booking--36,C8,-100.0,-9.696969696969697,-21.951219512195124,-22.22222222222222,0.0,inf,inf,24.10714285714287
fara-7b,Booking--37,C2,0.0,-21.601941747572813,-21.73913043478261,-22.5,0.0,inf,0.0,-5.3872053872053804
fara-7b,Booking--37,C5,0.0,-6.553398058252427,4.3478260869565215,7.5,0.0,0.0,0.0,3.030303030303038
fara-7b,Booking--37,C7,0.0,-32.76699029126214,-36.95652173913043,-37.5,0.0,inf,inf,-4.545454545454539
fara-7b,Booking--37,C8,0.0,-60.679611650485434,-73.91304347826086,-77.5,0.0,inf,inf,-86.36363636363636
fara-7b,Booking--38,C2,0.0,-96.45232815964523,-95.83333333333334,-97.61904761904762,0.0,inf,0.0,-18.181818181818176
fara-7b,Booking--38,C5,0.0,-22.838137472283815,-10.416666666666668,-9.523809523809524,0.0,0.0,0.0,0.16835016835017075
fara-7b,Booking--38,C7,0.0,-96.67405764966742,-95.83333333333334,-97.61904761904762,0.0,inf,0.0,-18.013468013468007
fara-7b,Booking--38,C8,0.0,-33.25942350332594,-33.33333333333333,-33.33333333333333,0.0,inf,inf,-7.744107744107747
fara-7b,Booking--39,C2,-100.0,-10.56701030927835,-21.73913043478261,-22.5,0.0,inf,0.0,45.85492227979273
fara-7b,Booking--39,C5,-100.0,-3.0927835051546393,4.3478260869565215,7.5,0.0,0.0,0.0,65.02590673575129
fara-7b,Booking--39,C7,0.0,-26.288659793814436,-30.434782608695656,-30.0,0.0,inf,inf,4.145077720207258
fara-7b,Booking--39,C8,-100.0,-16.49484536082474,-28.26086956521739,-30.0,0.0,inf,inf,48.70466321243522
fara-7b,Booking--4,C2,0.0,-32.99798792756539,32.0,40.0,0.0,inf,0.0,18.45637583892616
fara-7b,Booking--4,C5,0.0,-28.37022132796781,76.0,95.0,0.0,0.0,0.0,-8.221476510067111
fara-7b,Booking--4,C7,0.0,-37.62575452716298,24.0,35.0,0.0,inf,inf,3.5234899328859086
fara-7b,Booking--4,C8,0.0,-40.04024144869216,28.000000000000004,40.0,0.0,inf,inf,2.5167785234899327
fara-7b,Booking--40,C2,100.0,-22.760290556900724,-46.3768115942029,-52.94117647058824,0.0,inf,0.0,-34.365325077399376
fara-7b,Booking--40,C5,0.0,169.24939467312348,59.42028985507246,52.94117647058824,0.0,0.0,0.0,33.436532507739955
fara-7b,Booking--40,C7,100.0,-31.476997578692494,-53.62318840579711,-58.82352941176471,0.0,inf,inf,-33.746130030959755
fara-7b,Booking--40,C8,0.0,-27.602905569007262,-53.62318840579711,-58.82352941176471,0.0,inf,inf,-14.705882352941165
fara-7b,Booking--41,C2,100.0,-70.2020202020202,-74.54545454545455,-79.59183673469387,0.0,inf,0.0,-27.195945945945947
fara-7b,Booking--41,C5,0.0,-98.82154882154882,-98.18181818181819,-100.0,0.0,0.0,0.0,-90.54054054054053
fara-7b,Booking--41,C7,100.0,-61.111111111111114,-61.81818181818181,-65.3061224489796,0.0,inf,inf,-26.520270270270274
fara-7b,Booking--41,C8,0.0,-48.484848484848484,-38.18181818181819,-38.775510204081634,0.0,inf,inf,-11.486486486486493
fara-7b,Booking--42,C2,0.0,-59.41320293398533,-60.0,-65.0,0.0,inf,0.0,-19.71153846153846
fara-7b,Booking--42,C5,0.0,42.053789731051346,16.0,15.0,0.0,0.0,0.0,4.647435897435895
fara-7b,Booking--42,C7,0.0,-40.09779951100245,-8.0,-5.0,0.0,inf,inf,-16.34615384615384
fara-7b,Booking--42,C8,0.0,-27.87286063569682,32.0,45.0,0.0,inf,inf,-11.698717948717945
fara-7b,Booking--43,C2,0.0,-87.42469879518072,-89.56521739130436,-92.66055045871559,0.0,inf,0.0,-28.1203007518797
fara-7b,Booking--43,C5,0.0,-36.295180722891565,-17.391304347826086,-16.51376146788991,0.0,0.0,0.0,23.157894736842113
fara-7b,Booking--43,C7,0.0,-84.8644578313253,-86.95652173913044,-89.90825688073394,0.0,inf,inf,-25.86466165413534
fara-7b,Booking--43,C8,0.0,-82.00301204819277,-76.52173913043478,-78.89908256880734,0.0,inf,inf,-33.98496240601504
fara-7b,Booking--5,C2,0.0,4.86322188449848,-18.181818181818183,-20.51282051282051,0.0,inf,0.0,-10.942760942760943
fara-7b,Booking--5,C5,0.0,2.127659574468085,-6.8181818181818175,-7.6923076923076925,0.0,0.0,0.0,-3.3670033670033668
fara-7b,Booking--5,C7,0.0,-5.47112462006079,-27.27272727272727,-28.205128205128204,0.0,inf,inf,-2.525252525252525
fara-7b,Booking--5,C8,0.0,-10.638297872340425,-27.27272727272727,-28.205128205128204,0.0,inf,inf,-6.902356902356904
fara-7b,Booking--6,C2,0.0,-97.79735682819384,-95.1219512195122,-97.2972972972973,0.0,inf,0.0,-24.96
fara-7b,Booking--6,C5,0.0,3.81791483113069,48.78048780487805,48.64864864864865,0.0,0.0,0.0,-18.720000000000002
fara-7b,Booking--6,C7,0.0,-71.071953010279,-70.73170731707317,-78.37837837837837,0.0,inf,inf,-21.439999999999998
fara-7b,Booking--6,C8,0.0,-55.947136563876654,-19.51219512195122,-21.62162162162162,0.0,inf,inf,-9.120000000000005
fara-7b,Booking--7,C2,0.0,3.0555555555555554,-17.77777777777778,-20.0,0.0,inf,0.0,-9.743589743589748
fara-7b,Booking--7,C5,0.0,61.111111111111114,15.555555555555555,15.0,0.0,0.0,0.0,5.982905982905983
fara-7b,Booking--7,C7,0.0,-7.222222222222221,-24.444444444444443,-27.500000000000004,0.0,inf,inf,-8.888888888888893
fara-7b,Booking--7,C8,0.0,-12.5,-26.666666666666668,-27.500000000000004,0.0,inf,inf,2.393162393162391
fara-7b,Booking--8,C2,0.0,-12.631578947368421,-12.195121951219512,-11.428571428571429,0.0,inf,0.0,-11.092985318107663
fara-7b,Booking--8,C5,0.0,18.684210526315788,24.390243902439025,28.57142857142857,0.0,0.0,0.0,-4.241435562805863
fara-7b,Booking--8,C7,0.0,-20.263157894736842,-19.51219512195122,-17.142857142857142,0.0,inf,inf,-7.177814029363782
fara-7b,Booking--8,C8,0.0,-22.63157894736842,-24.390243902439025,-22.857142857142858,0.0,inf,inf,-6.525285481239805
fara-7b,Booking--9,C2,0.0,-67.07317073170732,-80.76923076923077,-86.95652173913044,0.0,inf,0.0,-20.798668885191347
fara-7b,Booking--9,C5,0.0,-9.146341463414634,-1.9230769230769231,-2.1739130434782608,0.0,0.0,0.0,-0.8319467554076538
fara-7b,Booking--9,C7,0.0,-96.95121951219512,-96.15384615384616,-97.82608695652173,0.0,inf,0.0,-23.128119800332776
fara-7b,Booking--9,C8,0.0,-33.13008130081301,-38.46153846153847,-39.130434782608695,0.0,inf,inf,-3.826955074875215
fara-7b,Cambridge_Dictionary--0,C2,-100.0,-92.41622574955908,-91.13300492610837,-91.58415841584159,0.0,inf,0.0,-1.2589928057554007
fara-7b,Cambridge_Dictionary--0,C5,-100.0,18.69488536155203,28.57142857142857,28.71287128712871,0.0,0.0,0.0,33.99280575539568
fara-7b,Cambridge_Dictionary--0,C7,0.0,-85.00881834215167,-90.14778325123153,-90.5940594059406,0.0,0.0,inf,-52.69784172661871
fara-7b,Cambridge_Dictionary--0,C8,0.0,-91.35802469135803,-91.62561576354679,-92.07920792079209,0.0,0.0,inf,-53.956834532374096
fara-7b,Cambridge_Dictionary--1,C2,0.0,-72.12543554006969,-25.0,-26.08695652173913,0.0,inf,0.0,28.795811518324605
fara-7b,Cambridge_Dictionary--1,C5,0.0,248.0836236933798,725.0,756.5217391304348,0.0,0.0,0.0,59.162303664921446
fara-7b,Cambridge_Dictionary--1,C7,0.0,-45.64459930313589,-16.666666666666664,-17.391304347826086,0.0,0.0,inf,-35.863874345549746
fara-7b,Cambridge_Dictionary--1,C8,0.0,-63.06620209059234,-20.833333333333336,-21.73913043478261,0.0,0.0,inf,-35.34031413612566
fara-7b,Cambridge_Dictionary--10,C2,100.0,-75.70194384449243,-54.23728813559322,-54.54545454545454,0.0,inf,0.0,-49.919999999999995
fara-7b,Cambridge_Dictionary--10,C5,100.0,2.915766738660907,0.5649717514124294,0.5681818181818182,0.0,0.0,0.0,-14.399999999999999
fara-7b,Cambridge_Dictionary--10,C7,100.0,-88.87688984881208,-89.26553672316385,-89.77272727272727,0.0,0.0,inf,-62.07999999999999
fara-7b,Cambridge_Dictionary--10,C8,100.0,-89.20086393088553,-89.83050847457628,-90.3409090909091,0.0,0.0,inf,-62.07999999999999
fara-7b,Cambridge_Dictionary--11,C2,0.0,-67.85243741765481,-51.39664804469274,-51.68539325842697,0.0,inf,0.0,-28.871892925430203
fara-7b,Cambridge_Dictionary--11,C5,0.0,21.870882740447957,8.379888268156424,8.426966292134832,0.0,0.0,0.0,2.4856596558317485
fara-7b,Cambridge_Dictionary--11,C7,0.0,-85.90250329380764,-89.3854748603352,-89.8876404494382,0.0,0.0,inf,-53.154875717017205
fara-7b,Cambridge_Dictionary--11,C8,0.0,-86.03425559947298,-89.3854748603352,-89.8876404494382,0.0,0.0,inf,-54.302103250478005
fara-7b,Cambridge_Dictionary--12,C2,0.0,-76.39175257731958,-56.994818652849744,-57.291666666666664,0.0,inf,0.0,-19.236641221374047
fara-7b,Cambridge_Dictionary--12,C5,0.0,4.43298969072165,3.6269430051813467,3.6458333333333335,0.0,0.0,0.0,-7.3282442748091565
fara-7b,Cambridge_Dictionary--12,C7,100.0,-91.03092783505154,-91.19170984455958,-91.66666666666666,0.0,0.0,inf,-62.90076335877863
fara-7b,Cambridge_Dictionary--12,C8,100.0,-88.55670103092783,-89.63730569948186,-90.10416666666666,0.0,0.0,inf,-62.74809160305344
fara-7b,Cambridge_Dictionary--13,C2,0.0,-58.80398671096345,-50.56818181818182,-50.857142857142854,0.0,inf,0.0,-27.77777777777778
fara-7b,Cambridge_Dictionary--13,C5,0.0,41.029900332225914,5.681818181818182,5.714285714285714,0.0,0.0,0.0,-13.580246913580247
fara-7b,Cambridge_Dictionary--13,C7,100.0,-79.06976744186046,-89.20454545454545,-89.71428571428571,0.0,0.0,inf,-47.65432098765432
fara-7b,Cambridge_Dictionary--13,C8,100.0,-82.39202657807309,-89.20454545454545,-89.71428571428571,0.0,0.0,inf,-57.16049382716049
fara-7b,Cambridge_Dictionary--14,C2,0.0,-80.03913894324853,-57.608695652173914,-57.92349726775956,0.0,inf,0.0,-45.90163934426229
fara-7b,Cambridge_Dictionary--14,C5,0.0,-1.36986301369863,6.521739130434782,6.557377049180328,0.0,0.0,0.0,1.967213114754103
fara-7b,Cambridge_Dictionary--14,C7,100.0,-90.90019569471625,-90.76086956521739,-91.2568306010929,0.0,0.0,inf,-60.81967213114754
fara-7b,Cambridge_Dictionary--14,C8,100.0,-88.06262230919765,-89.67391304347827,-90.1639344262295,0.0,0.0,inf,-60.32786885245901
fara-7b,Cambridge_Dictionary--15,C2,100.0,-74.81402763018066,-52.22222222222223,-52.513966480446925,0.0,inf,0.0,-49.2436974789916
fara-7b,Cambridge_Dictionary--15,C5,100.0,-0.10626992561105207,0.0,0.0,0.0,0.0,0.0,-17.310924369747895
fara-7b,Cambridge_Dictionary--15,C7,100.0,-89.05419766206164,-90.0,-90.5027932960894,0.0,0.0,inf,-60.33613445378151
fara-7b,Cambridge_Dictionary--15,C8,100.0,-89.05419766206164,-89.44444444444444,-89.94413407821229,0.0,0.0,inf,-57.14285714285714
fara-7b,Cambridge_Dictionary--16,C2,-100.0,-74.4864864864865,-56.284153005464475,-56.59340659340659,0.0,inf,0.0,2.205882352941182
fara-7b,Cambridge_Dictionary--16,C5,0.0,-41.4054054054054,-6.557377049180328,-6.593406593406594,0.0,0.0,0.0,-52.022058823529406
fara-7b,Cambridge_Dictionary--16,C7,0.0,-89.72972972972974,-90.1639344262295,-90.65934065934066,0.0,0.0,inf,-53.30882352941176
fara-7b,Cambridge_Dictionary--16,C8,0.0,-88.75675675675676,-90.1639344262295,-90.65934065934066,0.0,0.0,inf,-45.95588235294118
fara-7b,Cambridge_Dictionary--17,C2,-100.0,-77.15163934426229,-61.057692307692314,-61.35265700483091,0.0,inf,0.0,2.9821073558648115
fara-7b,Cambridge_Dictionary--17,C5,-100.0,-5.737704918032787,-11.057692307692307,-11.11111111111111,0.0,0.0,0.0,24.453280318091462
fara-7b,Cambridge_Dictionary--17,C7,0.0,-90.1639344262295,-91.34615384615384,-91.78743961352657,0.0,0.0,inf,-53.08151093439363
fara-7b,Cambridge_Dictionary--17,C8,0.0,-88.31967213114754,-90.86538461538461,-91.30434782608695,0.0,0.0,inf,-53.47912524850895
fara-7b,Cambridge_Dictionary--18,C2,0.0,-74.45887445887446,-53.37078651685393,-53.672316384180796,0.0,inf,0.0,-14.910858995137769
fara-7b,Cambridge_Dictionary--18,C5,0.0,28.463203463203463,17.415730337078653,17.51412429378531,0.0,0.0,0.0,-1.2965964343598124
fara-7b,Cambridge_Dictionary--18,C7,100.0,-82.90043290043289,-88.76404494382022,-89.26553672316385,0.0,0.0,inf,-59.48136142625607
fara-7b,Cambridge_Dictionary--18,C8,100.0,-86.47186147186147,-89.8876404494382,-90.3954802259887,0.0,0.0,inf,-61.26418152350082
fara-7b,Cambridge_Dictionary--19,C2,0.0,-58.809801633605595,-51.14942528735632,-51.445086705202314,0.0,inf,0.0,-20.41666666666666
fara-7b,Cambridge_Dictionary--19,C5,0.0,-16.569428238039674,5.747126436781609,5.780346820809249,0.0,0.0,0.0,-32.91666666666666
fara-7b,Cambridge_Dictionary--19,C7,0.0,-82.2637106184364,-87.35632183908046,-87.86127167630057,0.0,inf,inf,-47.083333333333336
fara-7b,Cambridge_Dictionary--19,C8,0.0,-86.46441073512253,-87.93103448275862,-88.4393063583815,0.0,inf,inf,-46.458333333333336
fara-7b,Cambridge_Dictionary--2,C2,-100.0,-78.27324478178367,-59.2964824120603,-59.59595959595959,0.0,inf,0.0,-2.5996533795493932
fara-7b,Cambridge_Dictionary--2,C5,-100.0,-4.554079696394687,1.0050251256281406,1.0101010101010102,0.0,0.0,0.0,107.4523396880416
fara-7b,Cambridge_Dictionary--2,C7,0.0,-90.89184060721063,-91.4572864321608,-91.91919191919192,0.0,0.0,inf,-45.233968804159446
fara-7b,Cambridge_Dictionary--2,C8,0.0,-89.37381404174573,-90.45226130653266,-90.9090909090909,0.0,0.0,inf,-43.500866551126514
fara-7b,Cambridge_Dictionary--20,C2,-100.0,-68.19787985865725,-54.773869346733676,-55.05050505050505,0.0,inf,0.0,1.0733452593917736
fara-7b,Cambridge_Dictionary--20,C5,0.0,-31.62544169611308,-9.547738693467336,-9.595959595959595,0.0,0.0,0.0,-25.223613595706624
fara-7b,Cambridge_Dictionary--20,C7,0.0,-89.92932862190813,-90.45226130653266,-90.9090909090909,0.0,0.0,inf,-23.613595706618955
fara-7b,Cambridge_Dictionary--20,C8,0.0,-92.13780918727915,-91.4572864321608,-91.91919191919192,0.0,0.0,inf,-56.708407871198574
fara-7b,Cambridge_Dictionary--21,C2,0.0,-73.14702308626974,-52.29885057471264,-52.601156069364166,0.0,inf,0.0,-28.04878048780488
fara-7b,Cambridge_Dictionary--21,C5,0.0,-22.357229647630618,-6.896551724137931,-6.9364161849710975,0.0,0.0,0.0,10.731707317073168
fara-7b,Cambridge_Dictionary--21,C7,-100.0,-78.7363304981774,-88.50574712643679,-89.01734104046243,0.0,inf,inf,42.4390243902439
fara-7b,Cambridge_Dictionary--21,C8,0.0,-81.8955042527339,-90.22988505747126,-90.7514450867052,0.0,0.0,inf,35.85365853658538
fara-7b,Cambridge_Dictionary--22,C2,0.0,-80.63139931740614,-62.612612612612615,-62.89592760180995,0.0,inf,0.0,-19.548872180451127
fara-7b,Cambridge_Dictionary--22,C5,0.0,-45.90443686006826,-19.36936936936937,-19.457013574660635,0.0,0.0,0.0,32.631578947368425
fara-7b,Cambridge_Dictionary--22,C7,100.0,-91.04095563139933,-91.8918918918919,-92.3076923076923,0.0,0.0,inf,-64.21052631578948
fara-7b,Cambridge_Dictionary--22,C8,100.0,-91.21160409556313,-91.44144144144144,-91.8552036199095,0.0,0.0,inf,-62.857142857142854
fara-7b,Cambridge_Dictionary--23,C2,-100.0,-12.274368231046932,45.76271186440678,46.55172413793103,0.0,inf,0.0,7.034220532319384
fara-7b,Cambridge_Dictionary--23,C5,-100.0,178.33935018050542,186.44067796610167,189.6551724137931,0.0,0.0,0.0,11.406844106463879
fara-7b,Cambridge_Dictionary--23,C7,0.0,-61.01083032490975,-67.79661016949152,-68.96551724137932,0.0,0.0,inf,-53.61216730038023
fara-7b,Cambridge_Dictionary--23,C8,0.0,-66.78700361010831,-71.1864406779661,-72.41379310344827,0.0,0.0,inf,-53.61216730038023
fara-7b,Cambridge_Dictionary--24,C2,100.0,-72.8287841191067,-55.13513513513514,-55.434782608695656,0.0,inf,0.0,-47.84853700516351
fara-7b,Cambridge_Dictionary--24,C5,0.0,-5.2109181141439205,-6.486486486486487,-6.521739130434782,0.0,0.0,0.0,-3.2702237521514603
fara-7b,Cambridge_Dictionary--24,C7,100.0,-86.9727047146402,-89.72972972972974,-90.21739130434783,0.0,0.0,inf,-58.17555938037865
fara-7b,Cambridge_Dictionary--24,C8,100.0,-87.22084367245657,-89.72972972972974,-90.21739130434783,0.0,0.0,inf,-57.14285714285715
fara-7b,Cambridge_Dictionary--25,C2,0.0,-63.55421686746988,-54.92227979274611,-55.208333333333336,0.0,inf,0.0,-2.3608768971332186
fara-7b,Cambridge_Dictionary--25,C5,0.0,-2.4096385542168677,1.0362694300518136,1.0416666666666665,0.0,0.0,0.0,-26.47554806070826
fara-7b,Cambridge_Dictionary--25,C7,100.0,-89.1566265060241,-90.15544041450777,-90.625,0.0,0.0,inf,-56.829679595278236
fara-7b,Cambridge_Dictionary--25,C8,100.0,-89.2570281124498,-90.15544041450777,-90.625,0.0,0.0,inf,-56.99831365935919
fara-7b,Cambridge_Dictionary--26,C2,100.0,-54.221635883905016,-52.910052910052904,-53.191489361702125,0.0,inf,0.0,-60.165975103734446
fara-7b,Cambridge_Dictionary--26,C5,100.0,5.277044854881266,-12.698412698412698,-12.76595744680851,0.0,0.0,0.0,-58.40248962655602
fara-7b,Cambridge_Dictionary--26,C7,100.0,-85.62005277044855,-89.94708994708994,-90.42553191489363,0.0,0.0,inf,-75.62240663900414
fara-7b,Cambridge_Dictionary--26,C8,100.0,-86.01583113456465,-89.94708994708994,-90.42553191489363,0.0,0.0,inf,-75.82987551867221
fara-7b,Cambridge_Dictionary--27,C2,0.0,-70.87155963302753,-47.90419161676647,-48.19277108433735,0.0,inf,0.0,-11.345218800648297
fara-7b,Cambridge_Dictionary--27,C5,100.0,11.123853211009175,19.16167664670659,19.27710843373494,0.0,0.0,0.0,-11.669367909238254
fara-7b,Cambridge_Dictionary--27,C7,100.0,-87.61467889908256,-89.82035928143712,-90.36144578313254,0.0,0.0,inf,-59.48136142625607
fara-7b,Cambridge_Dictionary--27,C8,100.0,-89.3348623853211,-89.82035928143712,-90.36144578313254,0.0,0.0,inf,-60.777957860615885
fara-7b,Cambridge_Dictionary--28,C2,0.0,-77.4922918807811,-55.494505494505496,-55.80110497237569,0.0,inf,0.0,-3.1088082901554355
fara-7b,Cambridge_Dictionary--28,C5,0.0,8.735868448098664,3.296703296703297,3.314917127071823,0.0,0.0,0.0,5.008635578583763
fara-7b,Cambridge_Dictionary--28,C7,100.0,-87.56423432682425,-90.10989010989012,-90.60773480662984,0.0,0.0,inf,-58.03108808290155
fara-7b,Cambridge_Dictionary--28,C8,100.0,-88.28365878725592,-90.65934065934066,-91.16022099447514,0.0,0.0,inf,-58.20379965457686
fara-7b,Cambridge_Dictionary--29,C2,0.0,-68.25242718446603,-52.659574468085104,-52.94117647058824,0.0,inf,0.0,-11.78343949044586
fara-7b,Cambridge_Dictionary--29,C5,0.0,-26.310679611650485,-10.106382978723403,-10.16042780748663,0.0,0.0,0.0,-19.10828025477707
fara-7b,Cambridge_Dictionary--29,C7,0.0,-78.64077669902912,-89.8936170212766,-90.37433155080214,0.0,0.0,inf,-6.369426751592357
fara-7b,Cambridge_Dictionary--29,C8,0.0,-73.10679611650485,-89.36170212765957,-89.83957219251337,0.0,0.0,inf,-8.280254777070057
fara-7b,Cambridge_Dictionary--3,C2,-100.0,-69.78508217446272,-53.672316384180796,-53.97727272727273,0.0,inf,0.0,28.472222222222214
fara-7b,Cambridge_Dictionary--3,C5,0.0,-2.781289506953224,5.649717514124294,5.681818181818182,0.0,0.0,0.0,23.6111111111111
fara-7b,Cambridge_Dictionary--3,C7,0.0,-85.96713021491783,-89.83050847457628,-90.3409090909091,0.0,0.0,inf,0.23148148148146833
fara-7b,Cambridge_Dictionary--3,C8,-100.0,-82.80657395701644,-89.26553672316385,-89.77272727272727,0.0,0.0,inf,34.25925925925925
fara-7b,Cambridge_Dictionary--30,C2,0.0,-74.36182019977802,-53.10734463276836,-53.40909090909091,0.0,inf,0.0,-7.3170731707317
fara-7b,Cambridge_Dictionary--30,C5,0.0,-12.20865704772475,-4.519774011299435,-4.545454545454546,0.0,0.0,0.0,3.658536585365856
fara-7b,Cambridge_Dictionary--30,C7,100.0,-86.57047724750278,-89.83050847457628,-90.3409090909091,0.0,0.0,inf,-14.80836236933798
fara-7b,Cambridge_Dictionary--30,C8,100.0,-82.1309655937847,-89.26553672316385,-89.77272727272727,0.0,0.0,inf,-1.7421602787456445
fara-7b,Cambridge_Dictionary--31,C2,0.0,-78.18181818181819,-59.512195121951216,-59.80392156862745,0.0,inf,0.0,-18.512658227848107
fara-7b,Cambridge_Dictionary--31,C5,100.0,-7.818181818181818,-2.9268292682926833,-2.941176470588235,0.0,0.0,0.0,-14.873417721518994
fara-7b,Cambridge_Dictionary--31,C7,0.0,-83.27272727272728,-90.73170731707317,-91.17647058823529,0.0,0.0,inf,-9.493670886075948
fara-7b,Cambridge_Dictionary--31,C8,100.0,-82.18181818181817,-90.2439024390244,-90.68627450980392,0.0,0.0,inf,-28.95569620253165
fara-7b,Cambridge_Dictionary--32,C2,-100.0,-69.9873896595208,-53.2967032967033,-53.591160220994475,0.0,inf,0.0,30.455635491606703
fara-7b,Cambridge_Dictionary--32,C5,0.0,8.448928121059268,-1.098901098901099,-1.1049723756906076,0.0,0.0,0.0,16.54676258992805
fara-7b,Cambridge_Dictionary--32,C7,-100.0,-83.35435056746532,-89.01098901098901,-89.50276243093923,0.0,inf,inf,30.695443645083927
fara-7b,Cambridge_Dictionary--32,C8,-100.0,-85.75031525851198,-90.10989010989012,-90.60773480662984,0.0,0.0,inf,40.28776978417265
fara-7b,Cambridge_Dictionary--33,C2,100.0,-72.02127659574468,-74.6268656716418,-75.0,0.0,inf,0.0,-45.09151414309484
fara-7b,Cambridge_Dictionary--33,C5,0.0,-10.638297872340425,-12.935323383084576,-13.0,0.0,0.0,0.0,-4.492512479201335
fara-7b,Cambridge_Dictionary--33,C7,0.0,-81.48936170212767,-90.54726368159204,-91.0,0.0,0.0,inf,-7.653910149750417
fara-7b,Cambridge_Dictionary--33,C8,100.0,-80.2127659574468,-90.54726368159204,-91.0,0.0,0.0,inf,-7.8202995008319505
fara-7b,Cambridge_Dictionary--34,C2,0.0,-73.24613555291319,-52.84090909090909,-53.142857142857146,0.0,inf,0.0,-7.445008460236884
fara-7b,Cambridge_Dictionary--34,C5,0.0,21.87871581450654,5.113636363636364,5.142857142857142,0.0,0.0,0.0,0.6768189509306236
fara-7b,Cambridge_Dictionary--34,C7,0.0,-80.02378121284185,-89.20454545454545,-89.71428571428571,0.0,0.0,inf,-7.275803722504238
fara-7b,Cambridge_Dictionary--34,C8,0.0,-82.87752675386444,-89.77272727272727,-90.28571428571428,0.0,0.0,inf,-8.629441624365484
fara-7b,Cambridge_Dictionary--35,C2,0.0,-66.69893514036787,-50.81967213114754,-51.098901098901095,0.0,inf,0.0,-21.997105643994207
fara-7b,Cambridge_Dictionary--35,C5,0.0,-9.68054211035818,-9.836065573770492,-9.89010989010989,0.0,0.0,0.0,
fara-7b,Cambridge_Dictionary--35,C7,0.0,-92.35237173281703,-89.61748633879782,-90.10989010989012,0.0,0.0,inf,-88.71201157742402
fara-7b,Cambridge_Dictionary--35,C8,100.0,-86.06001936108422,-90.1639344262295,-90.65934065934066,0.0,0.0,inf,-29.377713458755427
fara-7b,Cambridge_Dictionary--36,C2,0.0,-77.01149425287356,-58.333333333333336,-58.620689655172406,0.0,inf,0.0,-16.41104294478528
fara-7b,Cambridge_Dictionary--36,C5,0.0,-2.033598585322723,-12.254901960784313,-12.31527093596059,0.0,0.0,0.0,-6.288343558282211
fara-7b,Cambridge_Dictionary--36,C7,100.0,-88.06366047745358,-90.68627450980392,-91.13300492610837,0.0,inf,inf,-50.0
fara-7b,Cambridge_Dictionary--36,C8,0.0,-100.0,-100.0,-100.0,0.0,0.0,0.0,
fara-7b,Cambridge_Dictionary--37,C2,0.0,-0.7481296758104738,-5.0,-5.084745762711865,0.0,inf,0.0,0.19342359767890582
fara-7b,Cambridge_Dictionary--37,C5,-100.0,155.86034912718205,218.33333333333331,222.03389830508473,0.0,0.0,0.0,20.309477756286263
fara-7b,Cambridge_Dictionary--37,C7,0.0,-59.10224438902743,-68.33333333333333,-69.49152542372882,0.0,0.0,inf,-12.185686653771768
fara-7b,Cambridge_Dictionary--37,C8,-100.0,-55.36159600997507,-66.66666666666666,-67.79661016949152,0.0,0.0,inf,4.642166344294001
fara-7b,Cambridge_Dictionary--38,C2,-100.0,-40.487804878048784,-41.726618705035975,-42.028985507246375,0.0,inf,0.0,125.7510729613734
fara-7b,Cambridge_Dictionary--38,C5,-100.0,122.4390243902439,33.81294964028777,34.05797101449276,0.0,0.0,0.0,168.6695278969957
fara-7b,Cambridge_Dictionary--38,C7,-100.0,-58.048780487804876,-86.33093525179856,-86.95652173913044,0.0,0.0,inf,152.3605150214592
fara-7b,Cambridge_Dictionary--38,C8,-100.0,-55.365853658536594,-84.89208633093526,-85.5072463768116,0.0,inf,inf,156.65236051502146
fara-7b,Cambridge_Dictionary--39,C2,0.0,-68.72207327971404,-58.41121495327103,-58.68544600938967,0.0,inf,0.0,-16.564417177914116
fara-7b,Cambridge_Dictionary--39,C5,0.0,-1.6085790884718498,-7.943925233644859,-7.981220657276995,0.0,0.0,0.0,-5.06134969325154
fara-7b,Cambridge_Dictionary--39,C7,0.0,-85.43342269883824,-91.58878504672897,-92.01877934272301,0.0,0.0,inf,-11.80981595092025
fara-7b,Cambridge_Dictionary--39,C8,0.0,-83.8248436103664,-91.1214953271028,-91.54929577464789,0.0,0.0,inf,-11.042944785276077
fara-7b,Cambridge_Dictionary--4,C2,-100.0,-65.75342465753424,-55.44041450777202,-55.729166666666664,0.0,inf,0.0,19.108280254777068
fara-7b,Cambridge_Dictionary--4,C5,0.0,-15.384615384615385,-13.471502590673575,-13.541666666666666,0.0,0.0,0.0,9.766454352441617
fara-7b,Cambridge_Dictionary--4,C7,0.0,-89.14646996838778,-90.67357512953367,-91.14583333333334,0.0,0.0,inf,-38.216560509554135
fara-7b,Cambridge_Dictionary--4,C8,0.0,-90.41095890410958,-91.19170984455958,-91.66666666666666,0.0,0.0,inf,-50.955414012738856
fara-7b,Cambridge_Dictionary--40,C2,0.0,-48.84057971014493,-47.647058823529406,-47.928994082840234,0.0,inf,0.0,37.01799485861182
fara-7b,Cambridge_Dictionary--40,C5,0.0,34.34782608695652,17.647058823529413,17.75147928994083,0.0,0.0,0.0,21.59383033419023
fara-7b,Cambridge_Dictionary--40,C7,0.0,-82.17391304347827,-88.8235294117647,-89.3491124260355,0.0,0.0,inf,-0.7712082262210724
fara-7b,Cambridge_Dictionary--40,C8,0.0,-80.57971014492755,-88.23529411764706,-88.75739644970415,0.0,0.0,inf,-37.789203084832906
fara-7b,Cambridge_Dictionary--41,C2,0.0,-62.08425720620843,-56.12244897959183,-56.41025641025641,0.0,inf,0.0,-9.439999999999998
fara-7b,Cambridge_Dictionary--41,C5,0.0,-5.432372505543237,-3.061224489795918,-3.076923076923077,0.0,0.0,0.0,-6.720000000000005
fara-7b,Cambridge_Dictionary--41,C7,0.0,-92.12860310421286,-90.81632653061224,-91.28205128205128,0.0,inf,inf,-20.320000000000004
fara-7b,Cambridge_Dictionary--41,C8,0.0,-83.25942350332595,-89.79591836734694,-90.25641025641026,0.0,0.0,inf,-10.879999999999995
fara-7b,Cambridge_Dictionary--42,C2,0.0,-56.007751937984494,-50.595238095238095,-50.898203592814376,0.0,inf,0.0,-3.116883116883124
fara-7b,Cambridge_Dictionary--42,C5,0.0,2.9069767441860463,3.571428571428571,3.592814371257485,0.0,0.0,0.0,-2.8571428571428608
fara-7b,Cambridge_Dictionary--42,C7,0.0,-62.98449612403101,-89.28571428571429,-89.82035928143712,0.0,0.0,inf,-36.88311688311688
fara-7b,Cambridge_Dictionary--42,C8,0.0,-71.12403100775194,-88.69047619047619,-89.22155688622755,0.0,0.0,inf,-37.922077922077925
fara-7b,Cambridge_Dictionary--5,C2,0.0,-75.45090180360722,-59.02439024390244,-59.31372549019608,0.0,inf,0.0,-16.304347826086964
fara-7b,Cambridge_Dictionary--5,C5,0.0,-23.246492985971944,-23.902439024390244,-24.019607843137255,0.0,0.0,0.0,
fara-7b,Cambridge_Dictionary--5,C7,100.0,-89.77955911823648,-91.21951219512195,-91.66666666666666,0.0,0.0,inf,-50.465838509316775
fara-7b,Cambridge_Dictionary--5,C8,100.0,-90.38076152304609,-91.70731707317074,-92.15686274509804,0.0,0.0,inf,-51.39751552795032
fara-7b,Cambridge_Dictionary--6,C2,-100.0,-77.98804780876493,-59.900990099009896,-60.19900497512438,0.0,inf,0.0,28.92768079800499
fara-7b,Cambridge_Dictionary--6,C5,0.0,-14.342629482071715,-10.891089108910892,-10.945273631840797,0.0,0.0,0.0,0.7481296758104666
fara-7b,Cambridge_Dictionary--6,C7,-100.0,-88.04780876494024,-90.5940594059406,-91.04477611940298,0.0,0.0,inf,39.650872817955104
fara-7b,Cambridge_Dictionary--6,C8,-100.0,-86.85258964143426,-90.5940594059406,-91.04477611940298,0.0,inf,inf,51.3715710723192
fara-7b,Cambridge_Dictionary--7,C2,0.0,-76.35416666666667,-57.51295336787565,-57.8125,0.0,inf,0.0,-16.055045871559642
fara-7b,Cambridge_Dictionary--7,C5,0.0,-5.104166666666667,-6.217616580310881,-6.25,0.0,0.0,0.0,-3.6697247706422105
fara-7b,Cambridge_Dictionary--7,C7,100.0,-89.16666666666667,-90.15544041450777,-90.625,0.0,0.0,inf,-62.84403669724772
fara-7b,Cambridge_Dictionary--7,C8,100.0,-86.35416666666667,-90.67357512953367,-91.14583333333334,0.0,0.0,inf,-62.07951070336393
fara-7b,Cambridge_Dictionary--8,C2,-100.0,-14.268585131894485,-47.19101123595505,-47.45762711864407,0.0,inf,0.0,16.182572614107876
fara-7b,Cambridge_Dictionary--8,C5,0.0,3.8369304556354913,3.932584269662921,3.954802259887006,0.0,0.0,0.0,-16.182572614107894
fara-7b,Cambridge_Dictionary--8,C7,0.0,-88.96882494004797,-90.4494382022472,-90.96045197740112,0.0,0.0,inf,-35.477178423236516
fara-7b,Cambridge_Dictionary--8,C8,0.0,-83.21342925659472,-88.76404494382022,-89.26553672316385,0.0,0.0,inf,-35.68464730290457
fara-7b,Cambridge_Dictionary--9,C2,0.0,-73.02631578947368,-51.93370165745856,-52.22222222222223,0.0,inf,0.0,-8.204334365325074
fara-7b,Cambridge_Dictionary--9,C5,100.0,30.701754385964914,9.392265193370166,9.444444444444445,0.0,0.0,0.0,1.0835913312693544
fara-7b,Cambridge_Dictionary--9,C7,100.0,-87.60964912280701,-89.50276243093923,-90.0,0.0,0.0,inf,-61.764705882352935
fara-7b,Cambridge_Dictionary--9,C8,100.0,-89.58333333333334,-90.60773480662984,-91.11111111111111,0.0,0.0,inf,-61.60990712074303
fara-7b,Coursera--0,C2,0.0,9.492635024549918,-2.564102564102564,-2.7027027027027026,0.0,inf,0.0,19.809069212410513
fara-7b,Coursera--0,C5,0.0,1.800327332242226,2.564102564102564,2.7027027027027026,0.0,0.0,0.0,1.6706443914081215
fara-7b,Coursera--0,C7,0.0,-22.913256955810148,-74.35897435897436,-75.67567567567568,0.0,0.0,inf,-12.64916467780429
fara-7b,Coursera--0,C8,0.0,-28.805237315875615,-74.35897435897436,-75.67567567567568,0.0,0.0,inf,-31.026252983293556
fara-7b,Coursera--1,C2,0.0,49.644128113879006,-2.564102564102564,-2.7027027027027026,0.0,inf,0.0,21.052631578947366
fara-7b,Coursera--1,C5,0.0,47.50889679715303,0.0,0.0,0.0,0.0,0.0,34.035087719298254
fara-7b,Coursera--1,C7,0.0,-23.665480427046262,-76.92307692307693,-78.37837837837837,0.0,0.0,inf,-2.8070175438596516
fara-7b,Coursera--1,C8,0.0,-46.619217081850536,-76.92307692307693,-78.37837837837837,0.0,0.0,inf,-3.8596491228070224
fara-7b,Coursera--10,C2,0.0,-20.55944055944056,-2.564102564102564,-2.7027027027027026,0.0,inf,0.0,-31.53153153153153
fara-7b,Coursera--10,C5,0.0,-14.825174825174825,0.0,0.0,0.0,0.0,0.0,-37.61261261261261
fara-7b,Coursera--10,C7,0.0,-37.62237762237762,-74.35897435897436,-75.67567567567568,0.0,0.0,inf,3.8288288288288355
fara-7b,Coursera--10,C8,0.0,-44.89510489510489,-74.35897435897436,-75.67567567567568,0.0,0.0,inf,0.0
fara-7b,Coursera--11,C2,100.0,-31.87203791469194,-5.0,-5.263157894736842,0.0,inf,0.0,-54.516640253565775
fara-7b,Coursera--11,C5,0.0,-25.710900473933652,-2.5,-2.631578947368421,0.0,0.0,0.0,-7.131537242472266
fara-7b,Coursera--11,C7,100.0,-62.08530805687204,-77.5,-78.94736842105263,0.0,0.0,inf,-48.652931854199686
fara-7b,Coursera--11,C8,100.0,-62.203791469194314,-77.5,-78.94736842105263,0.0,0.0,inf,-57.21077654516641
fara-7b,Coursera--12,C2,0.0,44.40497335701599,-2.564102564102564,-2.7027027027027026,0.0,inf,0.0,-31.589958158995806
fara-7b,Coursera--12,C5,-100.0,111.01243339253996,0.0,0.0,0.0,0.0,0.0,29.497907949790797
fara-7b,Coursera--12,C7,0.0,-22.380106571936057,-76.92307692307693,-78.37837837837837,0.0,0.0,inf,-40.7949790794979
fara-7b,Coursera--12,C8,0.0,-20.426287744227352,-76.92307692307693,-78.37837837837837,0.0,0.0,inf,-18.82845188284519
fara-7b,Coursera--13,C2,0.0,186.3481228668942,34.48275862068966,37.03703703703704,0.0,inf,0.0,48.0891719745223
fara-7b,Coursera--13,C5,-100.0,227.64505119453923,37.93103448275862,40.74074074074074,0.0,0.0,0.0,116.24203821656054
fara-7b,Coursera--13,C7,0.0,52.218430034129696,-65.51724137931035,-66.66666666666666,0.0,0.0,inf,28.343949044585987
fara-7b,Coursera--13,C8,0.0,53.242320819112635,-65.51724137931035,-66.66666666666666,0.0,0.0,inf,52.22929936305732
fara-7b,Coursera--14,C2,0.0,2.111801242236025,-2.5,-2.631578947368421,0.0,inf,0.0,-2.5559105431309925
fara-7b,Coursera--14,C5,0.0,-22.981366459627328,0.0,0.0,0.0,0.0,0.0,-12.140575079872207
fara-7b,Coursera--14,C7,0.0,-46.2111801242236,-75.0,-76.31578947368422,0.0,0.0,inf,-17.252396166134194
fara-7b,Coursera--14,C8,0.0,-57.391304347826086,-75.0,-76.31578947368422,0.0,0.0,inf,10.543130990415337
fara-7b,Coursera--15,C2,100.0,-15.49738219895288,-5.0,-5.263157894736842,0.0,inf,0.0,-40.6099518459069
fara-7b,Coursera--15,C5,0.0,-8.795811518324607,0.0,0.0,0.0,0.0,0.0,1.7656500802568242
fara-7b,Coursera--15,C7,0.0,-53.612565445026185,-75.0,-76.31578947368422,0.0,0.0,inf,-8.82825040128411
fara-7b,Coursera--15,C8,0.0,-51.93717277486911,-75.0,-76.31578947368422,0.0,0.0,inf,-7.0626003210272845
fara-7b,Coursera--16,C2,0.0,-2.664129400570885,-2.5,-2.631578947368421,0.0,inf,0.0,-12.195121951219512
fara-7b,Coursera--16,C5,0.0,0.7611798287345386,0.0,0.0,0.0,0.0,0.0,-1.3303769401330408
fara-7b,Coursera--16,C7,0.0,-51.95052331113226,-75.0,-76.31578947368422,0.0,0.0,inf,-22.172949002217294
fara-7b,Coursera--16,C8,0.0,-58.2302568981922,-75.0,-76.31578947368422,0.0,0.0,inf,-2.4390243902439055
fara-7b,Coursera--17,C2,0.0,3.527336860670194,-2.564102564102564,-2.7027027027027026,0.0,inf,0.0,0.3372681281618935
fara-7b,Coursera--17,C5,0.0,-17.989417989417987,-5.128205128205128,-5.405405405405405,0.0,0.0,0.0,-4.55311973018549
fara-7b,Coursera--17,C7,0.0,-34.038800705467374,-74.35897435897436,-75.67567567567568,0.0,0.0,inf,-0.1686340640809348
fara-7b,Coursera--17,C8,0.0,-46.38447971781305,-76.92307692307693,-78.37837837837837,0.0,0.0,inf,-5.733558178752106
fara-7b,Coursera--18,C2,0.0,-7.359999999999999,-2.564102564102564,-2.7027027027027026,0.0,inf,0.0,-25.514403292181065
fara-7b,Coursera--18,C5,0.0,31.36,2.564102564102564,2.7027027027027026,0.0,0.0,0.0,-26.543209876543205
fara-7b,Coursera--18,C7,0.0,-29.12,-74.35897435897436,-75.67567567567568,0.0,0.0,inf,-5.34979423868313
fara-7b,Coursera--18,C8,0.0,-30.880000000000003,-74.35897435897436,-75.67567567567568,0.0,0.0,inf,-23.662551440329217
fara-7b,Coursera--19,C2,0.0,6.567534076827757,-2.564102564102564,-2.7027027027027026,0.0,inf,0.0,80.19801980198021
fara-7b,Coursera--19,C5,0.0,1.982651796778191,0.0,0.0,0.0,0.0,0.0,1.9801980198019733
fara-7b,Coursera--19,C7,0.0,-47.58364312267658,-76.92307692307693,-78.37837837837837,0.0,0.0,inf,-13.531353135313537
fara-7b,Coursera--19,C8,0.0,-46.220570012391576,-76.92307692307693,-78.37837837837837,0.0,0.0,inf,-9.240924092409243
fara-7b,Coursera--2,C2,0.0,-2.2170361726954493,-2.564102564102564,-2.7027027027027026,0.0,inf,0.0,-19.047619047619055
fara-7b,Coursera--2,C5,0.0,-2.9171528588098017,0.0,0.0,0.0,0.0,0.0,-10.822510822510822
fara-7b,Coursera--2,C7,0.0,-37.10618436406068,-74.35897435897436,-75.67567567567568,0.0,0.0,inf,5.194805194805192
fara-7b,Coursera--2,C8,0.0,-48.19136522753792,-76.92307692307693,-78.37837837837837,0.0,0.0,inf,-25.108225108225106
fara-7b,Coursera--20,C2,100.0,-18.543956043956044,-2.564102564102564,-2.7027027027027026,0.0,inf,0.0,-15.668202764976954
fara-7b,Coursera--20,C5,100.0,-11.263736263736265,0.0,0.0,0.0,0.0,0.0,-9.831029185867884
fara-7b,Coursera--20,C7,0.0,-43.956043956043956,-76.92307692307693,-78.37837837837837,0.0,0.0,inf,-3.379416282642083
fara-7b,Coursera--20,C8,100.0,-39.42307692307692,-76.92307692307693,-78.37837837837837,0.0,0.0,inf,-37.48079877112134
fara-7b,Coursera--21,C2,0.0,-0.12135922330097086,-2.5,-2.631578947368421,0.0,inf,0.0,-3.7151702786377583
fara-7b,Coursera--21,C5,0.0,6.067961165048544,-2.5,-2.631578947368421,0.0,0.0,0.0,74.92260061919505
fara-7b,Coursera--21,C7,0.0,-64.32038834951457,-77.5,-78.94736842105263,0.0,0.0,inf,-22.600619195046434
fara-7b,Coursera--21,C8,0.0,-47.57281553398058,-77.5,-78.94736842105263,0.0,0.0,inf,-13.312693498452004
fara-7b,Coursera--22,C2,-100.0,46.05678233438486,-2.564102564102564,-2.7027027027027026,0.0,inf,0.0,124.31506849315068
fara-7b,Coursera--22,C5,0.0,38.170347003154575,0.0,0.0,0.0,0.0,0.0,34.93150684931507
fara-7b,Coursera--22,C7,0.0,-52.6813880126183,-74.35897435897436,-75.67567567567568,0.0,0.0,inf,-7.191780821917801
fara-7b,Coursera--22,C8,-100.0,-29.81072555205047,-76.92307692307693,-78.37837837837837,0.0,0.0,inf,108.90410958904111
fara-7b,Coursera--23,C2,0.0,-0.7202881152460985,-2.564102564102564,-2.7027027027027026,0.0,inf,0.0,57.54716981132076
fara-7b,Coursera--23,C5,0.0,-2.5210084033613445,0.0,0.0,0.0,0.0,0.0,21.698113207547177
fara-7b,Coursera--23,C7,0.0,-48.37935174069628,-76.92307692307693,-78.37837837837837,0.0,0.0,inf,-16.666666666666668
fara-7b,Coursera--23,C8,0.0,-48.49939975990396,-76.92307692307693,-78.37837837837837,0.0,0.0,inf,-14.465408805031451
fara-7b,Coursera--24,C2,-100.0,59.719789842381786,-2.5,-2.631578947368421,0.0,inf,0.0,126.92307692307693
fara-7b,Coursera--24,C5,0.0,52.71453590192644,0.0,0.0,0.0,0.0,0.0,98.60139860139859
fara-7b,Coursera--24,C7,-100.0,-19.614711033274958,-75.0,-76.31578947368422,0.0,0.0,inf,105.24475524475525
fara-7b,Coursera--24,C8,0.0,-37.65323992994746,-77.5,-78.94736842105263,0.0,0.0,inf,16.43356643356642
fara-7b,Coursera--25,C2,0.0,1.7543859649122806,-2.564102564102564,-2.7027027027027026,0.0,inf,0.0,18.789808917197448
fara-7b,Coursera--25,C5,0.0,2.506265664160401,0.0,0.0,0.0,0.0,0.0,13.37579617834396
fara-7b,Coursera--25,C7,0.0,-43.48370927318296,-74.35897435897436,-75.67567567567568,0.0,0.0,inf,13.694267515923581
fara-7b,Coursera--25,C8,0.0,-46.8671679197995,-76.92307692307693,-78.37837837837837,0.0,0.0,inf,-11.146496815286625
fara-7b,Coursera--26,C2,0.0,8.398950131233596,-19.148936170212767,-20.0,0.0,inf,0.0,-4.113924050632913
fara-7b,Coursera--26,C5,0.0,-7.611548556430446,0.0,0.0,0.0,0.0,0.0,4.430379746835438
fara-7b,Coursera--26,C7,-100.0,-76.50918635170603,-80.85106382978722,-82.22222222222221,0.0,inf,inf,73.10126582278481
fara-7b,Coursera--26,C8,0.0,-43.30708661417323,-80.85106382978722,-82.22222222222221,0.0,0.0,inf,-9.493670886075948
fara-7b,Coursera--27,C2,0.0,50.630630630630634,-2.564102564102564,-2.7027027027027026,0.0,inf,0.0,30.405405405405407
fara-7b,Coursera--27,C5,0.0,1.4414414414414414,2.564102564102564,2.7027027027027026,0.0,0.0,0.0,2.7027027027026933
fara-7b,Coursera--27,C7,0.0,-36.3963963963964,-74.35897435897436,-75.67567567567568,0.0,0.0,inf,-9.459459459459461
fara-7b,Coursera--27,C8,0.0,-19.63963963963964,-74.35897435897436,-75.67567567567568,0.0,0.0,inf,34.12162162162162
fara-7b,Coursera--28,C2,-100.0,-48.93238434163701,-25.64102564102564,-24.324324324324326,0.0,inf,0.0,84.89208633093524
fara-7b,Coursera--28,C5,0.0,10.676156583629894,0.0,0.0,0.0,0.0,0.0,93.88489208633092
fara-7b,Coursera--28,C7,-100.0,-57.29537366548043,-74.35897435897436,-75.67567567567568,0.0,inf,inf,89.56834532374101
fara-7b,Coursera--28,C8,0.0,-22.77580071174377,-76.92307692307693,-78.37837837837837,0.0,0.0,inf,108.27338129496403
fara-7b,Coursera--29,C2,0.0,-10.98360655737705,-4.545454545454546,-4.761904761904762,0.0,inf,0.0,-25.925925925925924
fara-7b,Coursera--29,C5,0.0,-6.557377049180328,-11.363636363636363,-11.904761904761903,0.0,0.0,0.0,22.875816993464053
fara-7b,Coursera--29,C7,0.0,-49.8360655737705,-75.0,-76.19047619047619,0.0,0.0,inf,0.8714596949891037
fara-7b,Coursera--29,C8,-100.0,-60.49180327868853,-77.27272727272727,-78.57142857142857,0.0,0.0,inf,13.507625272331161
fara-7b,Coursera--3,C2,0.0,9.7682119205298,-2.564102564102564,-2.7027027027027026,0.0,inf,0.0,27.54629629629629
fara-7b,Coursera--3,C5,0.0,10.927152317880795,0.0,0.0,0.0,0.0,0.0,43.981481481481474
fara-7b,Coursera--3,C7,0.0,-49.17218543046358,-76.92307692307693,-78.37837837837837,0.0,0.0,inf,7.175925925925912
fara-7b,Coursera--3,C8,-100.0,-48.01324503311258,-76.92307692307693,-78.37837837837837,0.0,0.0,inf,44.44444444444443
fara-7b,Coursera--30,C2,0.0,-4.25776754890679,-2.564102564102564,-2.7027027027027026,0.0,inf,0.0,-8.095238095238091
fara-7b,Coursera--30,C5,0.0,-4.602991944764097,0.0,0.0,0.0,0.0,0.0,14.761904761904768
fara-7b,Coursera--30,C7,0.0,-48.44649021864212,-76.92307692307693,-78.37837837837837,0.0,0.0,inf,-4.047619047619054
fara-7b,Coursera--30,C8,0.0,-49.59723820483315,-76.92307692307693,-78.37837837837837,0.0,0.0,inf,-17.857142857142858
fara-7b,Coursera--31,C2,0.0,-1.0638297872340425,-2.564102564102564,-2.7027027027027026,0.0,inf,0.0,7.5675675675675595
fara-7b,Coursera--31,C5,0.0,-1.773049645390071,0.0,0.0,0.0,0.0,0.0,49.729729729729726
fara-7b,Coursera--31,C7,0.0,-48.3451536643026,-76.92307692307693,-78.37837837837837,0.0,0.0,inf,-11.081081081081084
fara-7b,Coursera--31,C8,0.0,-49.054373522458626,-76.92307692307693,-78.37837837837837,0.0,0.0,inf,-9.729729729729733
fara-7b,Coursera--32,C2,0.0,-9.428571428571429,-2.564102564102564,-2.7027027027027026,0.0,inf,0.0,-20.673076923076923
fara-7b,Coursera--32,C5,0.0,-13.571428571428571,0.0,0.0,0.0,0.0,0.0,-17.307692307692303
fara-7b,Coursera--32,C7,0.0,-45.42857142857143,-76.92307692307693,-78.37837837837837,0.0,0.0,inf,-11.057692307692307
fara-7b,Coursera--32,C8,0.0,-46.285714285714285,-76.92307692307693,-78.37837837837837,0.0,0.0,inf,-2.88461538461538
fara-7b,Coursera--33,C2,0.0,1.3398294762484775,-5.0,-5.263157894736842,0.0,inf,0.0,-34.70085470085469
fara-7b,Coursera--33,C5,-100.0,15.468940316686966,0.0,0.0,0.0,0.0,0.0,24.44444444444444
fara-7b,Coursera--33,C7,0.0,-46.77222898903776,-77.5,-78.94736842105263,0.0,0.0,inf,-33.504273504273506
fara-7b,Coursera--33,C8,0.0,-57.49086479902557,-77.5,-78.94736842105263,0.0,0.0,inf,-9.91452991452991
fara-7b,Coursera--34,C2,0.0,-0.6958250497017893,-2.564102564102564,-2.7027027027027026,0.0,inf,0.0,1.5000000000000036
fara-7b,Coursera--34,C5,0.0,1.6898608349900597,0.0,0.0,0.0,0.0,0.0,51.99999999999999
fara-7b,Coursera--34,C7,0.0,-51.192842942345926,-76.92307692307693,-78.37837837837837,0.0,0.0,inf,-4.499999999999993
fara-7b,Coursera--34,C8,0.0,-51.0934393638171,-76.92307692307693,-78.37837837837837,0.0,0.0,inf,-15.0
fara-7b,Coursera--35,C2,0.0,2.1686746987951806,-2.564102564102564,-2.7027027027027026,0.0,inf,0.0,37.2685185185185
fara-7b,Coursera--35,C5,0.0,1.566265060240964,0.0,0.0,0.0,0.0,0.0,2.08333333333333
fara-7b,Coursera--35,C7,-100.0,-46.86746987951807,-76.92307692307693,-78.37837837837837,0.0,0.0,inf,33.796296296296276
fara-7b,Coursera--35,C8,-100.0,-45.78313253012048,-76.92307692307693,-78.37837837837837,0.0,0.0,inf,31.712962962962948
fara-7b,Coursera--36,C2,0.0,-11.883408071748878,-13.725490196078432,-14.285714285714285,0.0,inf,0.0,-26.34854771784233
fara-7b,Coursera--36,C5,-100.0,1.5695067264573992,-19.607843137254903,-20.408163265306122,0.0,0.0,0.0,32.57261410788381
fara-7b,Coursera--36,C7,-100.0,-41.03139013452915,-74.50980392156863,-75.51020408163265,0.0,inf,inf,40.0414937759336
fara-7b,Coursera--36,C8,-100.0,-45.62780269058296,-76.47058823529412,-77.55102040816327,0.0,0.0,inf,18.464730290456426
fara-7b,Coursera--37,C2,0.0,5.88235294117647,-2.564102564102564,-2.7027027027027026,0.0,inf,0.0,-11.206896551724135
fara-7b,Coursera--37,C5,0.0,-1.7077798861480076,0.0,0.0,0.0,0.0,0.0,2.873563218390805
fara-7b,Coursera--37,C7,0.0,-46.86907020872865,-76.92307692307693,-78.37837837837837,0.0,0.0,inf,-7.183908045977012
fara-7b,Coursera--37,C8,0.0,-49.52561669829222,-76.92307692307693,-78.37837837837837,0.0,0.0,inf,-4.885057471264356
fara-7b,Coursera--38,C2,0.0,-36.33692458374143,-18.91891891891892,-19.444444444444446,0.0,inf,0.0,-13.994169096209905
fara-7b,Coursera--38,C5,0.0,22.624877571008813,0.0,0.0,0.0,0.0,0.0,8.45481049562684
fara-7b,Coursera--38,C7,0.0,-47.40450538687561,-71.62162162162163,-72.22222222222221,0.0,inf,inf,-9.620991253644307
fara-7b,Coursera--38,C8,0.0,-69.53966699314398,-74.32432432432432,-75.0,0.0,inf,inf,-33.6734693877551
fara-7b,Coursera--39,C2,0.0,4.821150855365474,-2.564102564102564,-2.7027027027027026,0.0,inf,0.0,-0.6349206349206327
fara-7b,Coursera--39,C5,0.0,93.46811819595645,23.076923076923077,24.324324324324326,0.0,0.0,0.0,15.238095238095228
fara-7b,Coursera--39,C7,0.0,-29.54898911353033,-76.92307692307693,-78.37837837837837,0.0,0.0,inf,-2.698412698412703
fara-7b,Coursera--39,C8,0.0,-27.216174183514774,-76.92307692307693,-78.37837837837837,0.0,0.0,inf,0.0
fara-7b,Coursera--4,C2,0.0,-0.12048192771084339,-2.564102564102564,-2.7027027027027026,0.0,inf,0.0,32.1311475409836
fara-7b,Coursera--4,C5,-100.0,-24.69879518072289,0.0,0.0,0.0,0.0,0.0,104.26229508196721
fara-7b,Coursera--4,C7,0.0,-38.19277108433735,-76.92307692307693,-78.37837837837837,0.0,0.0,inf,39.67213114754099
fara-7b,Coursera--4,C8,-100.0,-33.25301204819277,-74.35897435897436,-75.67567567567568,0.0,0.0,inf,90.81967213114756
fara-7b,Coursera--40,C2,100.0,-22.085889570552148,-10.294117647058822,-10.606060606060606,0.0,inf,0.0,-13.45108695652173
fara-7b,Coursera--40,C5,100.0,-4.1191936897458366,-2.941176470588235,-3.0303030303030303,0.0,0.0,0.0,-2.5815217391304235
fara-7b,Coursera--40,C7,100.0,-65.2059596844873,-72.05882352941177,-72.72727272727273,0.0,inf,inf,-19.97282608695652
fara-7b,Coursera--40,C8,0.0,-53.724802804557406,-72.05882352941177,-72.72727272727273,0.0,inf,inf,-16.84782608695651
fara-7b,Coursera--41,C2,0.0,-11.986301369863012,-4.761904761904762,-5.0,0.0,inf,0.0,-17.596566523605155
fara-7b,Coursera--41,C5,0.0,5.47945205479452,19.047619047619047,20.0,0.0,0.0,0.0,8.369098712446348
fara-7b,Coursera--41,C7,-100.0,-51.54109589041096,-73.80952380952381,-75.0,0.0,inf,inf,13.09012875536481
fara-7b,Coursera--41,C8,0.0,-56.849315068493155,-73.80952380952381,-75.0,0.0,inf,inf,5.579399141630905
fara-7b,Coursera--5,C2,100.0,-11.033519553072626,-11.627906976744185,-12.195121951219512,0.0,inf,0.0,-39.73727422003284
fara-7b,Coursera--5,C5,100.0,45.11173184357542,4.651162790697675,4.878048780487805,0.0,0.0,0.0,1.6420361247947455
fara-7b,Coursera--5,C7,100.0,-50.5586592178771,-79.06976744186046,-80.48780487804879,0.0,0.0,inf,-23.645320197044335
fara-7b,Coursera--5,C8,100.0,-26.81564245810056,-79.06976744186046,-80.48780487804879,0.0,0.0,inf,-17.56978653530377
fara-7b,Coursera--6,C2,0.0,-1.2320328542094456,-5.0,-5.263157894736842,0.0,inf,0.0,0.16103059581320678
fara-7b,Coursera--6,C5,0.0,-4.722792607802875,-2.5,-2.631578947368421,0.0,0.0,0.0,-1.288244766505643
fara-7b,Coursera--6,C7,100.0,-56.05749486652978,-77.5,-78.94736842105263,0.0,0.0,inf,-58.132045088566834
fara-7b,Coursera--6,C8,100.0,-47.94661190965092,-75.0,-76.31578947368422,0.0,0.0,inf,-7.085346215780996
fara-7b,Coursera--7,C2,0.0,2.7090694935217905,0.0,0.0,0.0,inf,0.0,-23.505976095617537
fara-7b,Coursera--7,C5,0.0,-5.889281507656066,0.0,0.0,0.0,0.0,0.0,-19.32270916334662
fara-7b,Coursera--7,C7,0.0,-64.19316843345112,-74.35897435897436,-75.67567567567568,0.0,0.0,inf,-47.808764940239044
fara-7b,Coursera--7,C8,0.0,-64.78209658421673,-74.35897435897436,-75.67567567567568,0.0,0.0,inf,-47.808764940239044
fara-7b,Coursera--8,C2,0.0,-6.415929203539823,-5.0,-5.263157894736842,0.0,inf,0.0,11.685823754789261
fara-7b,Coursera--8,C5,-100.0,-32.07964601769911,-2.5,-2.631578947368421,0.0,0.0,0.0,19.54022988505746
fara-7b,Coursera--8,C7,0.0,-42.36725663716815,-75.0,-76.31578947368422,0.0,0.0,inf,8.620689655172413
fara-7b,Coursera--8,C8,0.0,-66.26106194690266,-77.5,-78.94736842105263,0.0,0.0,inf,-40.03831417624521
fara-7b,Coursera--9,C2,0.0,-0.36231884057971014,-2.564102564102564,-2.7027027027027026,0.0,inf,0.0,10.410094637223978
fara-7b,Coursera--9,C5,0.0,-4.830917874396135,0.0,0.0,0.0,0.0,0.0,-0.9463722397476363
fara-7b,Coursera--9,C7,0.0,-47.82608695652174,-76.92307692307693,-78.37837837837837,0.0,0.0,inf,-11.356466876971602
fara-7b,Coursera--9,C8,0.0,-47.58454106280193,-76.92307692307693,-78.37837837837837,0.0,0.0,inf,-10.094637223974761
fara-7b,ESPN--0,C2,-100.0,-78.75968992248062,-72.41379310344827,-78.94736842105263,0.0,inf,0.0,-4.8169556840077075
fara-7b,ESPN--0,C5,0.0,19.379844961240313,24.137931034482758,27.631578947368425,0.0,0.0,0.0,-15.79961464354527
fara-7b,ESPN--0,C7,-100.0,-79.06976744186046,-73.5632183908046,-80.26315789473685,0.0,inf,0.0,-4.8169556840077075
fara-7b,ESPN--0,C8,-100.0,-65.73643410852713,-48.275862068965516,-51.31578947368421,0.0,inf,0.0,12.909441233140662
fara-7b,ESPN--1,C2,0.0,-51.75600739371534,-32.83582089552239,-35.714285714285715,0.0,inf,0.0,-23.604060913705577
fara-7b,ESPN--1,C5,0.0,81.51571164510166,113.43283582089552,135.71428571428572,0.0,0.0,0.0,-12.817258883248725
fara-7b,ESPN--1,C7,0.0,-48.79852125693161,-34.32835820895522,-37.5,0.0,inf,0.0,-25.380710659898476
fara-7b,ESPN--1,C8,0.0,-41.58964879852125,-5.970149253731343,-3.571428571428571,0.0,inf,0.0,-19.9238578680203
fara-7b,ESPN--10,C2,0.0,-83.85167464114832,-84.71337579617835,-89.04109589041096,0.0,inf,0.0,-16.96574225122349
fara-7b,ESPN--10,C5,100.0,100.83732057416267,26.751592356687897,27.397260273972602,0.0,0.0,0.0,-16.150081566068515
fara-7b,ESPN--10,C7,0.0,-83.3732057416268,-84.71337579617835,-89.04109589041096,0.0,inf,0.0,-17.292006525285473
fara-7b,ESPN--10,C8,0.0,-67.94258373205741,-70.70063694267516,-74.65753424657534,0.0,inf,0.0,-9.787928221859707
fara-7b,ESPN--11,C2,-100.0,-73.36065573770492,-37.83783783783784,-48.275862068965516,0.0,inf,0.0,-14.119601328903652
fara-7b,ESPN--11,C5,0.0,-2.2540983606557377,13.513513513513514,17.24137931034483,0.0,0.0,0.0,-36.21262458471761
fara-7b,ESPN--11,C7,-100.0,-72.3360655737705,-35.13513513513514,-44.827586206896555,0.0,inf,0.0,-13.621262458471763
fara-7b,ESPN--11,C8,-100.0,-45.49180327868852,24.324324324324326,27.586206896551722,0.0,inf,0.0,0.16611295681062177
fara-7b,ESPN--12,C2,-100.0,-68.27503015681545,-71.42857142857143,-75.69444444444444,0.0,inf,0.0,-14.00329489291598
fara-7b,ESPN--12,C5,0.0,-41.495778045838364,-24.025974025974026,-25.694444444444443,0.0,0.0,0.0,-40.69192751235585
fara-7b,ESPN--12,C7,0.0,-72.1351025331725,-74.02597402597402,-78.47222222222221,0.0,inf,0.0,-62.7677100494234
fara-7b,ESPN--12,C8,0.0,-90.10856453558505,-90.9090909090909,-93.05555555555556,0.0,inf,0.0,-61.44975288303131
fara-7b,ESPN--13,C2,-100.0,-76.29629629629629,-77.77777777777779,-81.28654970760235,0.0,inf,0.0,-14.090909090909086
fara-7b,ESPN--13,C5,0.0,-8.253968253968253,-9.444444444444445,-9.941520467836257,0.0,0.0,0.0,-24.090909090909086
fara-7b,ESPN--13,C7,-100.0,-75.02645502645503,-76.11111111111111,-79.53216374269006,0.0,inf,0.0,-10.3030303030303
fara-7b,ESPN--13,C8,0.0,-76.4021164021164,-75.0,-78.3625730994152,0.0,inf,0.0,-29.999999999999993
fara-7b,ESPN--14,C2,0.0,-45.24271844660194,51.724137931034484,66.66666666666666,0.0,inf,0.0,0.3367003367003415
fara-7b,ESPN--14,C5,0.0,69.12621359223301,434.48275862068965,590.4761904761905,0.0,0.0,0.0,3.1986531986531967
fara-7b,ESPN--14,C7,0.0,-37.4757281553398,65.51724137931035,85.71428571428571,0.0,inf,0.0,20.370370370370374
fara-7b,ESPN--14,C8,0.0,-60.58252427184466,55.172413793103445,76.19047619047619,0.0,inf,0.0,1.5151515151515127
fara-7b,ESPN--15,C2,0.0,-76.22377622377621,-67.14285714285714,-74.57627118644068,0.0,inf,0.0,-35.24904214559386
fara-7b,ESPN--15,C5,100.0,-40.20979020979021,-57.14285714285714,-62.71186440677966,0.0,0.0,0.0,-68.32694763729246
fara-7b,ESPN--15,C7,0.0,-75.52447552447552,-67.14285714285714,-74.57627118644068,0.0,inf,0.0,-34.48275862068966
fara-7b,ESPN--15,C8,0.0,4.895104895104895,0.0,-3.389830508474576,0.0,inf,0.0,-18.77394636015325
fara-7b,ESPN--16,C2,0.0,-80.97165991902834,-60.0,-69.23076923076923,0.0,inf,0.0,-21.09375
fara-7b,ESPN--16,C5,0.0,-9.986504723346828,-18.333333333333332,-21.153846153846153,0.0,0.0,0.0,-5.46875
fara-7b,ESPN--16,C7,0.0,-81.10661268556005,-61.66666666666667,-71.15384615384616,0.0,inf,0.0,-20.468750000000004
fara-7b,ESPN--16,C8,0.0,-59.64912280701754,-23.333333333333332,-28.846153846153843,0.0,inf,0.0,-7.499999999999996
fara-7b,ESPN--17,C2,0.0,-45.91346153846153,-2.4390243902439024,0.0,0.0,inf,0.0,8.368200836820085
fara-7b,ESPN--17,C5,100.0,58.894230769230774,119.51219512195121,146.875,0.0,0.0,0.0,262.1338912133891
fara-7b,ESPN--17,C7,0.0,-47.11538461538461,-2.4390243902439024,0.0,0.0,inf,0.0,12.552301255230125
fara-7b,ESPN--17,C8,0.0,-32.45192307692308,12.195121951219512,15.625,0.0,inf,0.0,-11.715481171548106
fara-7b,ESPN--18,C2,0.0,-81.83060109289617,-82.97872340425532,-87.78625954198473,0.0,inf,0.0,-18.688524590163933
fara-7b,ESPN--18,C5,0.0,68.0327868852459,53.90070921985816,54.19847328244275,0.0,0.0,0.0,21.803278688524586
fara-7b,ESPN--18,C7,0.0,-79.50819672131148,-80.1418439716312,-84.7328244274809,0.0,inf,0.0,-15.409836065573767
fara-7b,ESPN--18,C8,100.0,-73.49726775956285,-72.3404255319149,-76.33587786259542,0.0,inf,0.0,-69.67213114754098
fara-7b,ESPN--19,C2,-100.0,-18.67816091954023,-4.651162790697675,-5.714285714285714,0.0,inf,0.0,77.22772277227723
fara-7b,ESPN--19,C5,0.0,5.747126436781609,-4.651162790697675,-5.714285714285714,0.0,0.0,0.0,-6.270627062706277
fara-7b,ESPN--19,C7,-100.0,62.356321839080465,60.46511627906976,62.857142857142854,0.0,inf,0.0,92.4092409240924
fara-7b,ESPN--19,C8,-100.0,57.18390804597702,53.48837209302325,54.285714285714285,0.0,inf,0.0,604.9504950495049
fara-7b,ESPN--2,C2,-100.0,-83.12655086848635,-79.27927927927928,-85.0,0.0,inf,0.0,12.579957356076758
fara-7b,ESPN--2,C5,-100.0,146.5260545905707,130.63063063063063,142.0,0.0,0.0,0.0,155.01066098081023
fara-7b,ESPN--2,C7,-100.0,-82.5062034739454,-79.27927927927928,-85.0,0.0,inf,0.0,14.498933901918987
fara-7b,ESPN--2,C8,-100.0,-34.11910669975186,-33.33333333333333,-40.0,0.0,inf,0.0,28.78464818763326
fara-7b,ESPN--20,C2,0.0,-65.16129032258064,-53.76344086021505,-58.536585365853654,0.0,inf,0.0,-10.244648318042817
fara-7b,ESPN--20,C5,0.0,-52.38709677419355,-70.96774193548387,-76.82926829268293,0.0,0.0,0.0,-15.596330275229361
fara-7b,ESPN--20,C7,0.0,-61.54838709677419,-52.68817204301075,-57.3170731707317,0.0,inf,0.0,-12.385321100917443
fara-7b,ESPN--20,C8,0.0,-62.45161290322581,-50.53763440860215,-54.87804878048781,0.0,inf,0.0,-7.1865443425076485
fara-7b,ESPN--21,C2,-100.0,-81.52610441767068,-77.22772277227723,-83.33333333333334,0.0,inf,0.0,25.373134328358198
fara-7b,ESPN--21,C5,-100.0,-10.040160642570282,-2.9702970297029703,-4.444444444444445,0.0,0.0,0.0,92.53731343283582
fara-7b,ESPN--21,C7,-100.0,-80.99062918340026,-77.22772277227723,-83.33333333333334,0.0,inf,0.0,25.373134328358198
fara-7b,ESPN--21,C8,-100.0,-59.17001338688086,-49.504950495049506,-53.333333333333336,0.0,inf,0.0,53.482587064676615
fara-7b,ESPN--22,C2,-100.0,-82.7930174563591,-74.48979591836735,-81.11111111111111,0.0,inf,0.0,-2.85714285714286
fara-7b,ESPN--22,C5,0.0,-38.77805486284289,-56.12244897959183,-61.111111111111114,0.0,0.0,0.0,-41.07142857142857
fara-7b,ESPN--22,C7,-100.0,-83.54114713216958,-76.53061224489795,-83.33333333333334,0.0,inf,0.0,-3.214285714285709
fara-7b,ESPN--22,C8,0.0,-25.935162094763093,-33.6734693877551,-41.11111111111111,0.0,inf,0.0,-21.60714285714286
fara-7b,ESPN--23,C2,-100.0,-19.879518072289155,37.5,45.83333333333333,0.0,inf,0.0,134.30962343096235
fara-7b,ESPN--23,C5,0.0,121.3855421686747,334.375,437.5,0.0,0.0,0.0,44.351464435146454
fara-7b,ESPN--23,C7,-100.0,-34.33734939759036,25.0,33.33333333333333,0.0,inf,0.0,113.80753138075315
fara-7b,ESPN--23,C8,-100.0,-48.493975903614455,15.625,16.666666666666664,0.0,inf,0.0,66.94560669456068
fara-7b,ESPN--24,C2,0.0,-88.37792642140468,-81.95488721804512,-86.66666666666667,0.0,inf,0.0,-45.562770562770574
fara-7b,ESPN--24,C5,100.0,-1.3377926421404682,12.781954887218044,14.166666666666666,0.0,0.0,0.0,-23.484848484848484
fara-7b,ESPN--24,C7,0.0,-88.37792642140468,-81.95488721804512,-86.66666666666667,0.0,inf,0.0,-45.02164502164503
fara-7b,ESPN--24,C8,0.0,-76.67224080267559,-65.41353383458647,-69.16666666666667,0.0,inf,0.0,-35.4978354978355
fara-7b,ESPN--25,C2,-100.0,-71.80527383367141,-47.82608695652174,-57.89473684210527,0.0,inf,0.0,74.48275862068967
fara-7b,ESPN--25,C5,0.0,5.273833671399594,84.78260869565217,102.63157894736842,0.0,0.0,0.0,5.172413793103448
fara-7b,ESPN--25,C7,-100.0,-71.39959432048681,-50.0,-60.526315789473685,0.0,inf,0.0,74.82758620689656
fara-7b,ESPN--25,C8,-100.0,-32.048681541582155,34.78260869565217,23.684210526315788,0.0,inf,0.0,100.3448275862069
fara-7b,ESPN--26,C2,-100.0,-68.04878048780488,-69.23076923076923,-76.11940298507463,0.0,inf,0.0,-18.108974358974354
fara-7b,ESPN--26,C5,-100.0,273.1707317073171,252.56410256410254,291.044776119403,0.0,0.0,0.0,36.53846153846155
fara-7b,ESPN--26,C7,-100.0,-63.90243902439025,-64.1025641025641,-70.1492537313433,0.0,inf,0.0,-7.05128205128205
fara-7b,ESPN--26,C8,-100.0,-38.78048780487805,-38.46153846153847,-40.298507462686565,0.0,inf,0.0,-4.967948717948721
fara-7b,ESPN--27,C2,0.0,-55.03875968992248,-65.85365853658537,-71.05263157894737,0.0,inf,0.0,-7.550335570469799
fara-7b,ESPN--27,C5,0.0,-0.15503875968992248,26.82926829268293,28.947368421052634,0.0,0.0,0.0,16.610738255033556
fara-7b,ESPN--27,C7,0.0,-56.27906976744186,-61.78861788617886,-65.78947368421053,0.0,inf,0.0,-4.865771812080535
fara-7b,ESPN--27,C8,0.0,-62.01550387596899,-62.601626016260155,-67.54385964912281,0.0,inf,0.0,-5.369127516778528
fara-7b,ESPN--28,C2,-100.0,-32.7922077922078,33.33333333333333,45.45454545454545,0.0,inf,0.0,168.91191709844554
fara-7b,ESPN--28,C5,-100.0,529.5454545454546,716.6666666666667,963.6363636363636,0.0,0.0,0.0,318.13471502590676
fara-7b,ESPN--28,C7,-100.0,-32.142857142857146,33.33333333333333,45.45454545454545,0.0,inf,0.0,162.1761658031088
fara-7b,ESPN--28,C8,-100.0,128.24675324675326,120.0,145.45454545454547,0.0,inf,0.0,203.10880829015545
fara-7b,ESPN--29,C2,-100.0,-78.04107424960506,-80.0,-85.58558558558559,0.0,inf,0.0,79.02097902097903
fara-7b,ESPN--29,C5,0.0,65.5608214849921,48.333333333333336,47.74774774774775,0.0,0.0,0.0,52.44755244755245
fara-7b,ESPN--29,C7,-100.0,-77.56714060031595,-80.83333333333333,-86.48648648648648,0.0,inf,0.0,82.16783216783216
fara-7b,ESPN--29,C8,-100.0,-65.40284360189574,-62.5,-66.66666666666666,0.0,inf,0.0,82.86713286713285
fara-7b,ESPN--3,C2,-100.0,-79.0625,-74.15730337078652,-80.76923076923077,0.0,inf,0.0,52.71084337349398
fara-7b,ESPN--3,C5,0.0,14.374999999999998,22.47191011235955,23.076923076923077,0.0,0.0,0.0,-3.9156626506024224
fara-7b,ESPN--3,C7,-100.0,-77.8125,-74.15730337078652,-80.76923076923077,0.0,inf,0.0,51.20481927710843
fara-7b,ESPN--3,C8,0.0,-32.96875,-5.617977528089887,-8.974358974358974,0.0,inf,0.0,54.518072289156606
fara-7b,ESPN--30,C2,0.0,-47.27272727272727,-57.89473684210527,-64.28571428571429,0.0,inf,0.0,-63.00469483568074
fara-7b,ESPN--30,C5,0.0,69.0909090909091,89.47368421052632,101.19047619047619,0.0,0.0,0.0,-12.018779342723002
fara-7b,ESPN--30,C7,0.0,-5.818181818181818,-41.05263157894737,-46.42857142857143,0.0,inf,0.0,-39.906103286384976
fara-7b,ESPN--30,C8,0.0,23.454545454545457,-12.631578947368421,-15.476190476190476,0.0,inf,0.0,-37.93427230046949
fara-7b,ESPN--31,C2,0.0,-94.11506368028107,-92.7927927927928,-95.07692307692308,0.0,inf,0.0,-44.762954796030876
fara-7b,ESPN--31,C5,0.0,39.789196310935445,17.417417417417415,17.846153846153847,0.0,0.0,0.0,6.284454244762958
fara-7b,ESPN--31,C7,0.0,-94.02722880983751,-93.09309309309309,-95.38461538461539,0.0,inf,0.0,-44.762954796030876
fara-7b,ESPN--31,C8,0.0,-90.46991655687307,-86.48648648648648,-88.61538461538461,0.0,inf,0.0,-50.16538037486218
fara-7b,ESPN--32,C2,-100.0,-80.50221565731167,-75.0,-81.0126582278481,0.0,inf,0.0,8.222222222222229
fara-7b,ESPN--32,C5,0.0,49.48301329394387,90.21739130434783,105.0632911392405,0.0,0.0,0.0,-3.555555555555559
fara-7b,ESPN--32,C7,-100.0,-81.0930576070901,-75.0,-81.0126582278481,0.0,inf,0.0,8.666666666666664
fara-7b,ESPN--32,C8,-100.0,38.25701624815362,-2.1739130434782608,-6.329113924050633,0.0,inf,0.0,49.55555555555555
fara-7b,ESPN--33,C2,-100.0,-31.782945736434108,0.0,0.0,0.0,inf,0.0,94.20289855072464
fara-7b,ESPN--33,C5,0.0,85.01291989664082,173.17073170731706,215.15151515151513,0.0,0.0,0.0,-0.36231884057971525
fara-7b,ESPN--33,C7,-100.0,-24.54780361757106,0.0,0.0,0.0,inf,0.0,93.84057971014492
fara-7b,ESPN--33,C8,-100.0,-32.041343669250644,12.195121951219512,12.121212121212121,0.0,inf,0.0,88.76811594202898
fara-7b,ESPN--34,C2,0.0,-72.89586305278173,-66.66666666666666,-70.9090909090909,0.0,inf,0.0,-11.51419558359621
fara-7b,ESPN--34,C5,100.0,10.556348074179743,2.5,1.8181818181818181,0.0,0.0,0.0,-7.41324921135646
fara-7b,ESPN--34,C7,0.0,-69.6148359486448,-64.16666666666667,-68.18181818181817,0.0,inf,0.0,-1.419558359621449
fara-7b,ESPN--34,C8,0.0,-68.47360912981455,-60.0,-63.63636363636363,0.0,inf,0.0,-5.2050473186119826
fara-7b,ESPN--35,C2,0.0,-60.17369727047146,-65.57377049180327,-71.17117117117117,0.0,inf,0.0,-21.799746514575414
fara-7b,ESPN--35,C5,0.0,-4.838709677419355,13.934426229508196,15.315315315315313,0.0,0.0,0.0,-30.67173637515843
fara-7b,ESPN--35,C7,0.0,-65.38461538461539,-62.295081967213115,-66.66666666666666,0.0,inf,0.0,1.2674271229404308
fara-7b,ESPN--35,C8,0.0,-15.632754342431761,-60.65573770491803,-66.66666666666666,0.0,inf,0.0,-18.250950570342212
fara-7b,ESPN--36,C2,-100.0,-70.95435684647303,-51.06382978723404,-61.53846153846154,0.0,inf,0.0,20.772946859903385
fara-7b,ESPN--36,C5,0.0,-56.016597510373444,-14.893617021276595,-17.94871794871795,0.0,0.0,0.0,-71.01449275362319
fara-7b,ESPN--36,C7,-100.0,-70.95435684647303,-48.93617021276596,-58.97435897435898,0.0,inf,0.0,22.705314009661834
fara-7b,ESPN--36,C8,-100.0,-53.7344398340249,-14.893617021276595,-20.51282051282051,0.0,inf,0.0,-28.985507246376812
fara-7b,ESPN--37,C2,-100.0,-43.988269794721404,26.666666666666668,36.36363636363637,0.0,inf,0.0,141.12554112554113
fara-7b,ESPN--37,C5,0.0,2.346041055718475,3.3333333333333335,4.545454545454546,0.0,0.0,0.0,2.597402597402588
fara-7b,ESPN--37,C7,-100.0,-61.87683284457478,-20.0,-27.27272727272727,0.0,inf,0.0,115.58441558441557
fara-7b,ESPN--37,C8,-100.0,-40.76246334310851,50.0,68.18181818181817,0.0,inf,0.0,87.01298701298701
fara-7b,ESPN--38,C2,0.0,-65.65977742448331,-60.396039603960396,-64.44444444444444,0.0,inf,0.0,-23.92909896602659
fara-7b,ESPN--38,C5,0.0,-2.2257551669316373,10.891089108910892,15.555555555555555,0.0,0.0,0.0,1.3293943870014644
fara-7b,ESPN--38,C7,0.0,-67.88553259141494,-60.396039603960396,-64.44444444444444,0.0,inf,0.0,-21.270310192023643
fara-7b,ESPN--38,C8,0.0,-56.91573926868044,-54.45544554455446,-58.88888888888889,0.0,inf,0.0,-11.669128508124086
fara-7b,ESPN--39,C2,-100.0,-85.32608695652173,-79.0909090909091,-84.84848484848484,0.0,inf,0.0,-21.263482280431436
fara-7b,ESPN--39,C5,0.0,48.04347826086956,91.81818181818183,102.020202020202,0.0,0.0,0.0,-5.08474576271187
fara-7b,ESPN--39,C7,-100.0,-85.32608695652173,-78.18181818181819,-83.83838383838383,0.0,inf,0.0,-22.496147919876744
fara-7b,ESPN--39,C8,-100.0,-75.65217391304347,-59.09090909090909,-62.62626262626263,0.0,inf,0.0,-28.8135593220339
fara-7b,ESPN--4,C2,0.0,-51.03011093502378,-69.17808219178082,-73.52941176470588,0.0,inf,0.0,-18.278145695364234
fara-7b,ESPN--4,C5,0.0,90.64976228209191,32.87671232876712,33.088235294117645,0.0,0.0,0.0,-12.185430463576163
fara-7b,ESPN--4,C7,100.0,4.91283676703645,-48.63013698630137,-54.41176470588235,0.0,inf,0.0,-32.450331125827816
fara-7b,ESPN--4,C8,0.0,-80.98256735340729,-84.93150684931507,-89.70588235294117,0.0,inf,0.0,-89.13907284768212
fara-7b,ESPN--40,C2,-100.0,-64.75155279503106,-68.50393700787401,-72.64957264957265,0.0,inf,0.0,0.0
fara-7b,ESPN--40,C5,-100.0,19.25465838509317,-2.3622047244094486,-2.564102564102564,0.0,0.0,0.0,32.4853228962818
fara-7b,ESPN--40,C7,-100.0,-66.61490683229813,-68.50393700787401,-72.64957264957265,0.0,inf,0.0,2.348336594911929
fara-7b,ESPN--40,C8,-100.0,-40.838509316770185,-54.330708661417326,-59.82905982905983,0.0,inf,0.0,14.481409001956944
fara-7b,ESPN--41,C2,-100.0,-79.050736497545,-77.35849056603774,-83.15789473684211,0.0,inf,0.0,84.04255319148936
fara-7b,ESPN--41,C5,0.0,26.02291325695581,22.641509433962266,25.263157894736842,0.0,0.0,0.0,1.4184397163120643
fara-7b,ESPN--41,C7,-100.0,-78.72340425531915,-77.35849056603774,-83.15789473684211,0.0,inf,0.0,79.43262411347519
fara-7b,ESPN--41,C8,-100.0,-38.1342062193126,-54.71698113207547,-58.94736842105262,0.0,inf,0.0,108.86524822695036
fara-7b,ESPN--42,C2,-100.0,-81.92771084337349,-69.23076923076923,-76.11940298507463,0.0,inf,0.0,58.95765472312703
fara-7b,ESPN--42,C5,0.0,9.504685408299867,12.82051282051282,14.925373134328357,0.0,0.0,0.0,3.257328990228013
fara-7b,ESPN--42,C7,-100.0,-82.46318607764391,-70.51282051282051,-77.61194029850746,0.0,inf,0.0,62.214983713355046
fara-7b,ESPN--42,C8,-100.0,-73.09236947791165,-42.30769230769231,-44.776119402985074,0.0,inf,0.0,99.02280130293161
fara-7b,ESPN--43,C2,0.0,-82.80839895013123,-85.62874251497006,-89.80891719745223,0.0,inf,0.0,-26.16279069767442
fara-7b,ESPN--43,C5,100.0,-17.191601049868765,-65.26946107784431,-69.42675159235668,0.0,0.0,0.0,-49.27325581395349
fara-7b,ESPN--43,C7,0.0,-80.97112860892388,-83.23353293413174,-87.26114649681529,0.0,inf,0.0,-23.25581395348837
fara-7b,ESPN--43,C8,0.0,-70.47244094488188,-73.05389221556887,-76.43312101910828,0.0,inf,0.0,-27.034883720930225
fara-7b,ESPN--5,C2,-100.0,-88.96103896103897,-88.9423076923077,-92.5,0.0,inf,0.0,35.34031413612565
fara-7b,ESPN--5,C5,0.0,-25.649350649350648,-26.442307692307693,-30.0,0.0,0.0,0.0,-9.685863874345555
fara-7b,ESPN--5,C7,-100.0,-88.23051948051948,-88.9423076923077,-92.5,0.0,inf,0.0,34.031413612565444
fara-7b,ESPN--5,C8,-100.0,-68.83116883116884,-70.1923076923077,-76.5,0.0,inf,0.0,30.628272251308886
fara-7b,ESPN--6,C2,-100.0,-57.05705705705706,-25.0,-33.33333333333333,0.0,inf,0.0,110.65573770491804
fara-7b,ESPN--6,C5,0.0,-0.9009009009009009,-3.125,-4.166666666666666,0.0,0.0,0.0,0.40983606557377633
fara-7b,ESPN--6,C7,-100.0,-56.15615615615616,-28.125,-37.5,0.0,inf,0.0,109.01639344262297
fara-7b,ESPN--6,C8,-100.0,31.23123123123123,106.25,120.83333333333333,0.0,inf,0.0,108.19672131147541
fara-7b,ESPN--7,C2,-100.0,-77.77777777777779,-72.61904761904762,-79.45205479452055,0.0,inf,0.0,25.99009900990099
fara-7b,ESPN--7,C5,0.0,-41.33986928104575,-63.095238095238095,-68.4931506849315,0.0,0.0,0.0,-41.089108910891085
fara-7b,ESPN--7,C7,-100.0,-76.47058823529412,-72.61904761904762,-79.45205479452055,0.0,inf,0.0,25.000000000000007
fara-7b,ESPN--7,C8,-100.0,-44.44444444444444,-32.142857142857146,-36.986301369863014,0.0,inf,0.0,42.57425742574259
fara-7b,ESPN--8,C2,0.0,-86.74928503336511,-71.42857142857143,-77.77777777777779,0.0,inf,0.0,-31.12033195020747
fara-7b,ESPN--8,C5,100.0,-24.880838894184937,29.761904761904763,36.11111111111111,0.0,0.0,0.0,-48.132780082987544
fara-7b,ESPN--8,C7,0.0,-81.60152526215442,-55.952380952380956,-59.72222222222222,0.0,inf,0.0,-18.533886583679113
fara-7b,ESPN--8,C8,0.0,-68.35081029551954,-39.285714285714285,-41.66666666666667,0.0,inf,0.0,-17.427385892116178
fara-7b,ESPN--9,C2,0.0,-65.93059936908517,-70.4225352112676,-73.84615384615385,0.0,inf,0.0,-5.804311774461028
fara-7b,ESPN--9,C5,0.0,4.2586750788643535,-11.267605633802818,-12.307692307692308,0.0,0.0,0.0,55.55555555555556
fara-7b,ESPN--9,C7,0.0,-59.779179810725545,-69.01408450704226,-73.07692307692307,0.0,inf,0.0,-11.111111111111105
fara-7b,ESPN--9,C8,0.0,-58.67507886435332,-67.6056338028169,-71.53846153846153,0.0,inf,0.0,-8.126036484245438
fara-7b,GitHub--0,C2,0.0,0.4830917874396135,0.0,0.0,0.0,0.0,0.0,24.576271186440664
fara-7b,GitHub--0,C5,0.0,6.763285024154589,0.0,0.0,0.0,0.0,0.0,56.35593220338981
fara-7b,GitHub--0,C7,0.0,27.053140096618357,0.0,0.0,0.0,0.0,0.0,56.35593220338981
fara-7b,GitHub--0,C8,0.0,2.4154589371980677,0.0,0.0,0.0,0.0,0.0,21.610169491525415
fara-7b,GitHub--1,C2,0.0,-3.606557377049181,-16.666666666666664,-33.33333333333333,0.0,0.0,0.0,-7.584830339321366
fara-7b,GitHub--1,C5,0.0,-27.54098360655738,-33.33333333333333,-66.66666666666666,0.0,0.0,0.0,1.5968063872255431
fara-7b,GitHub--1,C7,0.0,-7.213114754098362,-16.666666666666664,-33.33333333333333,0.0,0.0,0.0,-10.179640718562876
fara-7b,GitHub--1,C8,-100.0,-19.672131147540984,0.0,0.0,0.0,0.0,0.0,14.770459081836323
fara-7b,GitHub--10,C2,0.0,-7.251908396946565,-22.22222222222222,-33.33333333333333,0.0,0.0,0.0,1.8832391713747645
fara-7b,GitHub--10,C5,0.0,43.51145038167939,0.0,0.0,0.0,0.0,0.0,2.2598870056497096
fara-7b,GitHub--10,C7,0.0,-6.870229007633588,-22.22222222222222,-33.33333333333333,0.0,0.0,0.0,0.7532956685499032
fara-7b,GitHub--10,C8,100.0,-6.488549618320611,-22.22222222222222,-33.33333333333333,0.0,0.0,0.0,-13.370998116760832
fara-7b,GitHub--11,C2,0.0,-4.411764705882353,0.0,0.0,0.0,0.0,0.0,1.7035775127768313
fara-7b,GitHub--11,C5,0.0,0.3676470588235294,0.0,0.0,0.0,0.0,0.0,3.577512776831336
fara-7b,GitHub--11,C7,0.0,-5.147058823529411,0.0,0.0,0.0,0.0,0.0,1.8739352640545048
fara-7b,GitHub--11,C8,0.0,10.294117647058822,25.0,100.0,0.0,0.0,0.0,7.155025553662685
fara-7b,GitHub--12,C2,0.0,0.6134969325153374,0.0,0.0,0.0,0.0,0.0,22.950819672131143
fara-7b,GitHub--12,C5,0.0,-0.3067484662576687,0.0,0.0,0.0,0.0,0.0,-1.9125683060109366
fara-7b,GitHub--12,C7,0.0,0.0,0.0,0.0,0.0,0.0,0.0,-1.366120218579235
fara-7b,GitHub--12,C8,0.0,-1.2269938650306749,0.0,0.0,0.0,0.0,0.0,1.092896174863384
fara-7b,GitHub--13,C2,0.0,15.123456790123457,0.0,0.0,0.0,0.0,0.0,-2.5581395348837246
fara-7b,GitHub--13,C5,-100.0,38.88888888888889,57.14285714285714,100.0,0.0,0.0,0.0,26.51162790697674
fara-7b,GitHub--13,C7,0.0,-6.172839506172839,-28.57142857142857,-50.0,0.0,0.0,0.0,-6.04651162790698
fara-7b,GitHub--13,C8,0.0,-5.864197530864197,0.0,0.0,0.0,0.0,0.0,15.581395348837216
fara-7b,GitHub--14,C2,100.0,-42.06896551724138,-41.66666666666667,-55.55555555555556,0.0,0.0,0.0,-12.903225806451612
fara-7b,GitHub--14,C5,100.0,-37.75862068965517,-41.66666666666667,-55.55555555555556,0.0,0.0,0.0,-6.612903225806453
fara-7b,GitHub--14,C7,0.0,-48.96551724137931,-41.66666666666667,-55.55555555555556,0.0,0.0,0.0,-12.741935483870964
fara-7b,GitHub--14,C8,0.0,-48.96551724137931,-33.33333333333333,-44.44444444444444,0.0,inf,0.0,-10.322580645161288
fara-7b,GitHub--15,C2,0.0,74.78632478632478,40.0,100.0,0.0,0.0,0.0,4.651162790697669
fara-7b,GitHub--15,C5,-100.0,-7.6923076923076925,0.0,0.0,0.0,0.0,0.0,79.734219269103
fara-7b,GitHub--15,C7,0.0,30.34188034188034,40.0,100.0,0.0,0.0,0.0,22.923588039867106
fara-7b,GitHub--15,C8,0.0,56.41025641025641,40.0,100.0,0.0,0.0,0.0,24.25249169435215
fara-7b,GitHub--16,C2,0.0,-59.541984732824424,-58.333333333333336,-77.77777777777779,0.0,inf,0.0,-12.159709618874778
fara-7b,GitHub--16,C5,0.0,7.37913486005089,8.333333333333332,11.11111111111111,0.0,0.0,0.0,0.9074410163339384
fara-7b,GitHub--16,C7,0.0,-59.541984732824424,-58.333333333333336,-77.77777777777779,0.0,inf,0.0,-13.067150635208716
fara-7b,GitHub--16,C8,0.0,-27.480916030534353,-33.33333333333333,-66.66666666666666,0.0,0.0,0.0,1.8148820326678767
fara-7b,GitHub--17,C2,0.0,6.0344827586206895,50.0,200.0,0.0,inf,0.0,-3.4482758620689684
fara-7b,GitHub--17,C5,100.0,31.03448275862069,75.0,300.0,0.0,0.0,0.0,-49.26108374384236
fara-7b,GitHub--17,C7,0.0,12.931034482758621,50.0,200.0,0.0,inf,0.0,-4.105090311986864
fara-7b,GitHub--17,C8,0.0,0.8620689655172413,0.0,0.0,0.0,0.0,0.0,-1.4778325123152687
fara-7b,GitHub--18,C2,-100.0,-54.6916890080429,-58.333333333333336,-77.77777777777779,0.0,inf,0.0,103.93700787401573
fara-7b,GitHub--18,C5,0.0,23.86058981233244,-16.666666666666664,-22.22222222222222,0.0,0.0,0.0,16.535433070866155
fara-7b,GitHub--18,C7,-100.0,-54.42359249329759,-58.333333333333336,-77.77777777777779,0.0,inf,0.0,101.57480314960632
fara-7b,GitHub--18,C8,0.0,-40.75067024128686,-58.333333333333336,-77.77777777777779,0.0,0.0,0.0,15.354330708661426
fara-7b,GitHub--19,C2,0.0,12.735849056603774,0.0,0.0,0.0,0.0,0.0,0.8438818565400814
fara-7b,GitHub--19,C5,0.0,16.037735849056602,0.0,0.0,0.0,0.0,0.0,-1.6877637130801628
fara-7b,GitHub--19,C7,0.0,21.22641509433962,0.0,0.0,0.0,0.0,0.0,1.2658227848101298
fara-7b,GitHub--19,C8,0.0,11.79245283018868,0.0,0.0,0.0,0.0,0.0,-1.2658227848101298
fara-7b,GitHub--2,C2,-100.0,-51.24999999999999,0.0,0.0,0.0,inf,0.0,-15.209790209790214
fara-7b,GitHub--2,C5,-100.0,-12.812499999999998,0.0,0.0,0.0,0.0,0.0,1.048951048951039
fara-7b,GitHub--2,C7,-100.0,-50.9375,0.0,0.0,0.0,inf,0.0,-13.461538461538467
fara-7b,GitHub--2,C8,-100.0,-48.125,-20.0,-50.0,0.0,0.0,0.0,-8.216783216783222
fara-7b,GitHub--20,C2,-100.0,-53.888888888888886,-54.54545454545454,-75.0,0.0,inf,0.0,108.75000000000001
fara-7b,GitHub--20,C5,0.0,3.3333333333333335,18.181818181818183,12.5,0.0,0.0,0.0,129.16666666666669
fara-7b,GitHub--20,C7,-100.0,-53.61111111111111,-54.54545454545454,-75.0,0.0,inf,0.0,107.91666666666666
fara-7b,GitHub--20,C8,-100.0,-23.61111111111111,-54.54545454545454,-75.0,0.0,0.0,0.0,93.33333333333333
fara-7b,GitHub--21,C2,100.0,-16.071428571428573,-14.285714285714285,-25.0,0.0,inf,0.0,-7.964601769911504
fara-7b,GitHub--21,C5,100.0,66.51785714285714,100.0,175.0,0.0,0.0,0.0,-45.13274336283185
fara-7b,GitHub--21,C7,100.0,-15.625,-14.285714285714285,-25.0,0.0,inf,0.0,-7.256637168141595
fara-7b,GitHub--21,C8,100.0,-9.375,0.0,0.0,0.0,0.0,0.0,-11.32743362831858
fara-7b,GitHub--22,C2,0.0,-7.81758957654723,0.0,0.0,0.0,0.0,0.0,-0.7751937984496233
fara-7b,GitHub--22,C5,-100.0,-6.514657980456026,0.0,0.0,0.0,0.0,0.0,34.883720930232556
fara-7b,GitHub--22,C7,0.0,-0.32573289902280134,0.0,0.0,0.0,0.0,0.0,1.55038759689921
fara-7b,GitHub--22,C8,0.0,-7.81758957654723,0.0,0.0,0.0,0.0,0.0,-3.359173126614998
fara-7b,GitHub--23,C2,0.0,-1.0615711252653928,0.0,0.0,0.0,0.0,0.0,-0.7054673721340489
fara-7b,GitHub--23,C5,0.0,0.8492569002123143,0.0,0.0,0.0,0.0,0.0,-1.5873015873015972
fara-7b,GitHub--23,C7,0.0,0.21231422505307856,0.0,0.0,0.0,0.0,0.0,-1.410934744268085
fara-7b,GitHub--23,C8,0.0,-35.03184713375796,-44.44444444444444,-66.66666666666666,0.0,0.0,0.0,-1.5873015873015972
fara-7b,GitHub--24,C2,-100.0,-6.59090909090909,-14.285714285714285,-25.0,0.0,0.0,0.0,13.953488372093027
fara-7b,GitHub--24,C5,0.0,2.0454545454545454,0.0,0.0,0.0,0.0,0.0,-2.748414376321347
fara-7b,GitHub--24,C7,-100.0,-5.454545454545454,-14.285714285714285,-25.0,0.0,0.0,0.0,19.87315010570826
fara-7b,GitHub--24,C8,-100.0,-6.363636363636363,-14.285714285714285,-25.0,0.0,0.0,0.0,15.221987315010576
fara-7b,GitHub--25,C2,0.0,-4.53257790368272,0.0,0.0,0.0,0.0,0.0,-18.181818181818183
fara-7b,GitHub--25,C5,0.0,-37.110481586402265,-16.666666666666664,-33.33333333333333,0.0,0.0,0.0,-22.857142857142858
fara-7b,GitHub--25,C7,0.0,1.69971671388102,0.0,0.0,0.0,0.0,0.0,-0.5194805194805269
fara-7b,GitHub--25,C8,0.0,-2.26628895184136,0.0,0.0,0.0,0.0,0.0,-16.363636363636356
fara-7b,GitHub--26,C2,-100.0,-63.926940639269404,-61.53846153846154,-80.0,0.0,inf,0.0,25.593667546174153
fara-7b,GitHub--26,C5,0.0,-4.5662100456621,0.0,0.0,0.0,0.0,0.0,-29.287598944591025
fara-7b,GitHub--26,C7,-100.0,-63.6986301369863,-61.53846153846154,-80.0,0.0,inf,0.0,26.649076517150398
fara-7b,GitHub--26,C8,0.0,-26.71232876712329,-53.84615384615385,-70.0,0.0,0.0,0.0,25.06596306068602
fara-7b,GitHub--27,C2,-100.0,-37.85900783289817,-20.0,-50.0,0.0,0.0,0.0,-4.538087520259326
fara-7b,GitHub--27,C5,-100.0,-40.73107049608355,-20.0,-50.0,0.0,0.0,0.0,-7.941653160453818
fara-7b,GitHub--27,C7,0.0,-29.50391644908616,0.0,0.0,0.0,0.0,0.0,-38.41166936790924
fara-7b,GitHub--27,C8,-100.0,-36.55352480417754,-20.0,-50.0,0.0,0.0,0.0,-4.862236628849271
fara-7b,GitHub--28,C2,0.0,0.0,0.0,0.0,0.0,0.0,0.0,0.0
fara-7b,GitHub--28,C5,0.0,7.0754716981132075,0.0,0.0,0.0,0.0,0.0,-4.435483870967747
fara-7b,GitHub--28,C7,0.0,0.4716981132075472,0.0,0.0,0.0,0.0,0.0,-1.2096774193548416
fara-7b,GitHub--28,C8,0.0,21.22641509433962,0.0,0.0,0.0,0.0,0.0,1.6129032258064457
fara-7b,GitHub--29,C2,0.0,3.932584269662921,40.0,100.0,0.0,0.0,0.0,-32.732732732732735
fara-7b,GitHub--29,C5,0.0,5.617977528089887,40.0,100.0,0.0,0.0,0.0,-34.234234234234236
fara-7b,GitHub--29,C7,0.0,0.5617977528089888,0.0,0.0,0.0,0.0,0.0,-34.83483483483483
fara-7b,GitHub--29,C8,0.0,0.5617977528089888,0.0,0.0,0.0,0.0,0.0,-33.03303303303303
fara-7b,GitHub--3,C2,0.0,0.0,0.0,0.0,0.0,0.0,0.0,0.0
fara-7b,GitHub--3,C5,0.0,0.5617977528089888,0.0,0.0,0.0,0.0,0.0,-2.127659574468078
fara-7b,GitHub--3,C7,0.0,4.49438202247191,0.0,0.0,0.0,inf,0.0,103.19148936170212
fara-7b,GitHub--3,C8,0.0,0.0,0.0,0.0,0.0,0.0,0.0,-22.340425531914896
fara-7b,GitHub--30,C2,0.0,-16.972477064220186,0.0,0.0,0.0,inf,0.0,-2.657807308970102
fara-7b,GitHub--30,C5,0.0,-0.6880733944954129,-25.0,-40.0,0.0,0.0,0.0,-1.9933554817275794
fara-7b,GitHub--30,C7,0.0,-14.908256880733944,0.0,0.0,0.0,inf,0.0,-4.152823920265781
fara-7b,GitHub--30,C8,0.0,-6.8807339449541285,0.0,0.0,0.0,inf,0.0,0.33222591362125536
fara-7b,GitHub--31,C2,-100.0,-65.33333333333333,-61.53846153846154,-80.0,0.0,inf,0.0,-41.40625
fara-7b,GitHub--31,C5,-100.0,55.111111111111114,46.15384615384615,60.0,0.0,0.0,0.0,68.22916666666666
fara-7b,GitHub--31,C7,-100.0,-65.11111111111111,-61.53846153846154,-80.0,0.0,inf,0.0,-41.14583333333333
fara-7b,GitHub--31,C8,0.0,-3.5555555555555554,-53.84615384615385,-70.0,0.0,0.0,0.0,-3.90625
fara-7b,GitHub--32,C2,-100.0,0.0,-16.666666666666664,-33.33333333333333,0.0,0.0,0.0,30.718954248366014
fara-7b,GitHub--32,C5,-100.0,15.312500000000002,-16.666666666666664,-33.33333333333333,0.0,0.0,0.0,35.51198257080611
fara-7b,GitHub--32,C7,0.0,-10.9375,-16.666666666666664,-33.33333333333333,0.0,0.0,0.0,-28.32244008714597
fara-7b,GitHub--32,C8,-100.0,-34.375,-16.666666666666664,-33.33333333333333,0.0,0.0,0.0,14.596949891067545
fara-7b,GitHub--33,C2,-100.0,-60.88992974238876,-58.333333333333336,-77.77777777777779,0.0,inf,0.0,88.75968992248062
fara-7b,GitHub--33,C5,0.0,-9.601873536299765,0.0,0.0,0.0,0.0,0.0,-1.5503875968992331
fara-7b,GitHub--33,C7,-100.0,-60.88992974238876,-58.333333333333336,-77.77777777777779,0.0,inf,0.0,93.41085271317829
fara-7b,GitHub--33,C8,0.0,-57.61124121779859,-58.333333333333336,-77.77777777777779,0.0,0.0,0.0,-12.403100775193796
fara-7b,GitHub--34,C2,0.0,-12.133891213389122,0.0,0.0,0.0,0.0,0.0,-19.685039370078737
fara-7b,GitHub--34,C5,0.0,-11.297071129707113,0.0,0.0,0.0,0.0,0.0,14.96062992125983
fara-7b,GitHub--34,C7,0.0,-10.0418410041841,0.0,0.0,0.0,0.0,0.0,-21.784776902887142
fara-7b,GitHub--34,C8,0.0,-12.133891213389122,0.0,0.0,0.0,0.0,0.0,20.472440944881882
fara-7b,GitHub--35,C2,-100.0,-59.502262443438916,-50.0,-71.42857142857143,0.0,inf,0.0,14.806378132118454
fara-7b,GitHub--35,C5,0.0,2.48868778280543,0.0,0.0,0.0,0.0,0.0,0.22779043280182557
fara-7b,GitHub--35,C7,-100.0,-60.40723981900452,-50.0,-71.42857142857143,0.0,inf,0.0,15.261958997722102
fara-7b,GitHub--35,C8,0.0,-27.828054298642535,-30.0,-42.857142857142854,0.0,0.0,0.0,-27.10706150341685
fara-7b,GitHub--36,C2,-100.0,-33.0188679245283,20.0,50.0,0.0,inf,0.0,10.852713178294577
fara-7b,GitHub--36,C5,-100.0,-13.522012578616351,40.0,100.0,0.0,0.0,0.0,13.565891472868216
fara-7b,GitHub--36,C7,-100.0,-23.58490566037736,20.0,50.0,0.0,inf,0.0,4.26356589147286
fara-7b,GitHub--36,C8,0.0,5.031446540880504,20.0,50.0,0.0,0.0,0.0,-10.852713178294577
fara-7b,GitHub--37,C2,-100.0,6.115107913669065,-25.0,-40.0,0.0,inf,0.0,4.16666666666667
fara-7b,GitHub--37,C5,0.0,50.0,62.5,80.0,0.0,0.0,0.0,-49.2063492063492
fara-7b,GitHub--37,C7,-100.0,6.474820143884892,-25.0,-40.0,0.0,inf,0.0,5.753968253968251
fara-7b,GitHub--37,C8,-100.0,14.388489208633093,-25.0,-60.0,0.0,0.0,0.0,8.53174603174604
fara-7b,GitHub--38,C2,-100.0,-54.874651810584965,-58.333333333333336,-77.77777777777779,0.0,inf,0.0,88.58267716535434
fara-7b,GitHub--38,C5,0.0,-1.392757660167131,0.0,0.0,0.0,0.0,0.0,-3.543307086614168
fara-7b,GitHub--38,C7,-100.0,-55.15320334261838,-58.333333333333336,-77.77777777777779,0.0,inf,0.0,87.7952755905512
fara-7b,GitHub--38,C8,0.0,-39.55431754874652,-58.333333333333336,-77.77777777777779,0.0,0.0,0.0,-4.330708661417314
fara-7b,GitHub--39,C2,0.0,-17.647058823529413,0.0,0.0,0.0,0.0,0.0,-14.711359404096843
fara-7b,GitHub--39,C5,-100.0,34.78260869565217,133.33333333333331,266.66666666666663,0.0,0.0,0.0,9.869646182495337
fara-7b,GitHub--39,C7,0.0,-15.601023017902813,0.0,0.0,0.0,0.0,0.0,-15.642458100558668
fara-7b,GitHub--39,C8,-100.0,-35.0383631713555,-16.666666666666664,-33.33333333333333,0.0,0.0,0.0,2.793296089385475
fara-7b,GitHub--4,C2,0.0,-8.93371757925072,-16.666666666666664,-33.33333333333333,0.0,0.0,0.0,18.46522781774579
fara-7b,GitHub--4,C5,0.0,5.475504322766571,0.0,0.0,0.0,0.0,0.0,-13.908872901678665
fara-7b,GitHub--4,C7,0.0,-8.645533141210375,-16.666666666666664,-33.33333333333333,0.0,0.0,0.0,18.705035971223012
fara-7b,GitHub--4,C8,0.0,2.881844380403458,0.0,0.0,0.0,0.0,0.0,15.827338129496388
fara-7b,GitHub--40,C2,0.0,-0.5263157894736842,0.0,0.0,0.0,0.0,0.0,-0.33112582781456246
fara-7b,GitHub--40,C5,0.0,-2.631578947368421,0.0,0.0,0.0,0.0,0.0,-1.3245033112582734
fara-7b,GitHub--40,C7,0.0,1.0526315789473684,0.0,0.0,0.0,0.0,0.0,0.6622516556291367
fara-7b,GitHub--40,C8,0.0,0.0,0.0,0.0,0.0,0.0,0.0,0.0
fara-7b,GitHub--5,C2,0.0,-29.512893982808023,-14.285714285714285,-25.0,0.0,0.0,0.0,-4.878048780487795
fara-7b,GitHub--5,C5,0.0,-36.38968481375358,-42.857142857142854,-75.0,0.0,0.0,0.0,2.8142589118198877
fara-7b,GitHub--5,C7,-100.0,-35.53008595988539,-28.57142857142857,-50.0,0.0,0.0,0.0,11.069418386491568
fara-7b,GitHub--5,C8,0.0,-29.799426934097422,-28.57142857142857,-50.0,0.0,0.0,0.0,-2.251407129455902
fara-7b,GitHub--6,C2,0.0,-1.2048192771084338,0.0,0.0,0.0,0.0,0.0,1.7429193899782227
fara-7b,GitHub--6,C5,-100.0,8.433734939759036,0.0,0.0,0.0,0.0,0.0,25.05446623093682
fara-7b,GitHub--6,C7,0.0,1.2048192771084338,0.0,0.0,0.0,0.0,0.0,0.8714596949891037
fara-7b,GitHub--6,C8,-100.0,9.036144578313253,16.666666666666664,33.33333333333333,0.0,0.0,0.0,28.104575163398692
fara-7b,GitHub--7,C2,0.0,-0.7832898172323759,0.0,0.0,0.0,0.0,0.0,0.909090909090906
fara-7b,GitHub--7,C5,0.0,-0.5221932114882507,0.0,0.0,0.0,0.0,0.0,-0.454545454545461
fara-7b,GitHub--7,C7,0.0,-7.310704960835509,0.0,0.0,0.0,0.0,0.0,-14.090909090909099
fara-7b,GitHub--7,C8,0.0,-0.26109660574412535,0.0,0.0,0.0,0.0,0.0,18.636363636363644
fara-7b,GitHub--8,C2,-100.0,-51.21951219512195,-54.54545454545454,-75.0,0.0,inf,0.0,123.28767123287672
fara-7b,GitHub--8,C5,0.0,-4.878048780487805,0.0,0.0,0.0,0.0,0.0,-1.3698630136986172
fara-7b,GitHub--8,C7,-100.0,-50.91463414634146,-54.54545454545454,-75.0,0.0,inf,0.0,120.54794520547945
fara-7b,GitHub--8,C8,-100.0,-30.48780487804878,-54.54545454545454,-75.0,0.0,0.0,0.0,139.7260273972603
fara-7b,GitHub--9,C2,-100.0,43.49775784753363,20.0,50.0,0.0,0.0,0.0,144.76987447698747
fara-7b,GitHub--9,C5,-100.0,108.07174887892377,140.0,350.0,0.0,0.0,0.0,153.97489539748958
fara-7b,GitHub--9,C7,-100.0,65.47085201793722,20.0,50.0,0.0,0.0,0.0,147.6987447698745
fara-7b,GitHub--9,C8,0.0,0.4484304932735426,0.0,0.0,0.0,0.0,0.0,0.41841004184101016
fara-7b,Google_Flights--0,C2,0.0,2.459016393442623,0.0,0.0,0.0,0.0,0.0,-0.32310177705976695
fara-7b,Google_Flights--0,C5,0.0,0.819672131147541,0.0,0.0,0.0,0.0,0.0,-1.7770597738287583
fara-7b,Google_Flights--0,C7,0.0,0.0,0.0,0.0,0.0,0.0,0.0,-0.32310177705976695
fara-7b,Google_Flights--0,C8,0.0,0.0,0.0,0.0,0.0,0.0,0.0,-0.48465266558965614
fara-7b,Google_Flights--1,C2,0.0,0.9523809523809524,0.0,0.0,0.0,0.0,0.0,0.16207455429496648
fara-7b,Google_Flights--1,C5,0.0,-0.9523809523809524,0.0,0.0,0.0,0.0,0.0,-2.2690437601296685
fara-7b,Google_Flights--1,C7,0.0,0.9523809523809524,0.0,0.0,0.0,0.0,0.0,-0.32414910858995594
fara-7b,Google_Flights--1,C8,0.0,0.0,0.0,0.0,0.0,0.0,0.0,-0.48622366288493396
fara-7b,Google_Flights--10,C2,0.0,15.0,0.0,0.0,0.0,0.0,0.0,0.6451612903225784
fara-7b,Google_Flights--10,C5,0.0,14.000000000000002,0.0,0.0,0.0,0.0,0.0,-0.6451612903225784
fara-7b,Google_Flights--10,C7,0.0,1.0,0.0,0.0,0.0,0.0,0.0,-0.8064516129032258
fara-7b,Google_Flights--10,C8,0.0,1.0,0.0,0.0,0.0,0.0,0.0,-0.6451612903225784
fara-7b,Google_Flights--11,C2,0.0,-1.9417475728155338,0.0,0.0,0.0,0.0,0.0,-8.81057268722466
fara-7b,Google_Flights--11,C5,0.0,-0.9708737864077669,0.0,0.0,0.0,0.0,0.0,-11.16005873715124
fara-7b,Google_Flights--11,C7,0.0,-3.8834951456310676,0.0,0.0,0.0,0.0,0.0,-8.957415565345073
fara-7b,Google_Flights--11,C8,0.0,0.0,0.0,0.0,0.0,0.0,0.0,-10.425844346549184
fara-7b,Google_Flights--12,C2,0.0,0.9803921568627451,0.0,0.0,0.0,0.0,0.0,-2.7200000000000046
fara-7b,Google_Flights--12,C5,0.0,-6.862745098039216,0.0,0.0,0.0,0.0,0.0,-2.5600000000000023
fara-7b,Google_Flights--12,C7,0.0,0.9803921568627451,0.0,0.0,0.0,0.0,0.0,-2.5600000000000023
fara-7b,Google_Flights--12,C8,0.0,-7.8431372549019605,0.0,0.0,0.0,0.0,0.0,-1.1200000000000045
fara-7b,Google_Flights--13,C2,0.0,1.0,0.0,0.0,0.0,0.0,0.0,0.4909983633387842
fara-7b,Google_Flights--13,C5,0.0,0.0,0.0,0.0,0.0,0.0,0.0,-1.145662847790512
fara-7b,Google_Flights--13,C7,0.0,2.0,0.0,0.0,0.0,0.0,0.0,0.4909983633387842
fara-7b,Google_Flights--13,C8,0.0,0.0,0.0,0.0,0.0,0.0,0.0,-0.8183306055646482
fara-7b,Google_Flights--14,C2,0.0,0.0,0.0,0.0,0.0,0.0,0.0,-1.1200000000000045
fara-7b,Google_Flights--14,C5,0.0,2.127659574468085,0.0,0.0,0.0,0.0,0.0,-2.4
fara-7b,Google_Flights--14,C7,0.0,0.0,0.0,0.0,0.0,0.0,0.0,-1.4399999999999977
fara-7b,Google_Flights--14,C8,0.0,3.1914893617021276,0.0,0.0,0.0,0.0,0.0,-2.4
fara-7b,Google_Flights--15,C2,0.0,21.0,0.0,0.0,0.0,0.0,0.0,0.4815409309791401
fara-7b,Google_Flights--15,C5,0.0,18.0,0.0,0.0,0.0,0.0,0.0,-0.6420545746388421
fara-7b,Google_Flights--15,C7,0.0,18.0,0.0,0.0,0.0,0.0,0.0,-1.605136436597111
fara-7b,Google_Flights--15,C8,0.0,18.0,0.0,0.0,0.0,0.0,0.0,-1.9261637239165261
fara-7b,Google_Flights--16,C2,0.0,0.0,0.0,0.0,0.0,0.0,0.0,-1.5923566878980893
fara-7b,Google_Flights--16,C5,0.0,-4.273504273504273,0.0,0.0,0.0,0.0,0.0,-3.1847133757961785
fara-7b,Google_Flights--16,C7,0.0,-0.8547008547008548,0.0,0.0,0.0,0.0,0.0,-1.2738853503184668
fara-7b,Google_Flights--16,C8,0.0,-5.982905982905983,0.0,0.0,0.0,0.0,0.0,-2.388535031847134
fara-7b,Google_Flights--17,C2,0.0,1.0,0.0,0.0,0.0,0.0,0.0,-1.7828200972447348
fara-7b,Google_Flights--17,C5,0.0,1.0,0.0,0.0,0.0,0.0,0.0,-1.6207455429497568
fara-7b,Google_Flights--17,C7,0.0,0.0,0.0,0.0,0.0,0.0,0.0,0.0
fara-7b,Google_Flights--17,C8,0.0,1.0,0.0,0.0,0.0,0.0,0.0,-1.4586709886547902
fara-7b,Google_Flights--18,C2,0.0,-0.9900990099009901,0.0,0.0,0.0,0.0,0.0,-3.809523809523807
fara-7b,Google_Flights--18,C5,0.0,89.10891089108911,9.090909090909092,12.5,0.0,0.0,0.0,4.603174603174613
fara-7b,Google_Flights--18,C7,0.0,0.0,0.0,0.0,0.0,0.0,0.0,-2.539682539682542
fara-7b,Google_Flights--18,C8,0.0,-0.9900990099009901,0.0,0.0,0.0,0.0,0.0,-2.698412698412703
fara-7b,Google_Flights--19,C2,0.0,0.9523809523809524,0.0,0.0,0.0,0.0,0.0,-1.7628205128205152
fara-7b,Google_Flights--19,C5,0.0,0.9523809523809524,0.0,0.0,0.0,0.0,0.0,-1.7628205128205152
fara-7b,Google_Flights--19,C7,0.0,0.0,0.0,0.0,0.0,0.0,0.0,-1.44230769230769
fara-7b,Google_Flights--19,C8,0.0,1.9047619047619049,0.0,0.0,0.0,0.0,0.0,-3.365384615384618
fara-7b,Google_Flights--2,C2,0.0,0.0,0.0,0.0,0.0,0.0,0.0,-0.15974440894568917
fara-7b,Google_Flights--2,C5,0.0,0.0,0.0,0.0,0.0,0.0,0.0,-1.9169329073482473
fara-7b,Google_Flights--2,C7,0.0,-6.593406593406594,0.0,0.0,0.0,0.0,0.0,-1.1182108626198128
fara-7b,Google_Flights--2,C8,0.0,-3.296703296703297,0.0,0.0,0.0,0.0,0.0,-1.5974440894568689
fara-7b,Google_Flights--20,C2,0.0,0.9433962264150944,0.0,0.0,0.0,0.0,0.0,0.32051282051282504
fara-7b,Google_Flights--20,C5,0.0,0.9433962264150944,0.0,0.0,0.0,0.0,0.0,-0.16025641025641252
fara-7b,Google_Flights--20,C7,0.0,-1.8867924528301887,0.0,0.0,0.0,0.0,0.0,-1.2820512820512775
fara-7b,Google_Flights--20,C8,0.0,-2.8301886792452833,0.0,0.0,0.0,0.0,0.0,-0.9615384615384639
fara-7b,Google_Flights--21,C2,0.0,-0.9259259259259258,0.0,0.0,0.0,0.0,0.0,-0.649350649350647
fara-7b,Google_Flights--21,C5,0.0,-0.9259259259259258,0.0,0.0,0.0,0.0,0.0,-0.48701298701299395
fara-7b,Google_Flights--21,C7,0.0,0.0,0.0,0.0,0.0,0.0,0.0,-1.136363636363641
fara-7b,Google_Flights--21,C8,0.0,-0.9259259259259258,0.0,0.0,0.0,0.0,0.0,-0.3246753246753293
fara-7b,Google_Flights--22,C2,0.0,-12.686567164179104,0.0,0.0,0.0,0.0,0.0,-1.5873015873015872
fara-7b,Google_Flights--22,C5,0.0,-16.417910447761194,0.0,0.0,0.0,0.0,0.0,-1.9047619047619095
fara-7b,Google_Flights--22,C7,0.0,-13.432835820895523,0.0,0.0,0.0,0.0,0.0,-1.7460317460317483
fara-7b,Google_Flights--22,C8,0.0,23.88059701492537,0.0,0.0,0.0,0.0,0.0,1.4285714285714262
fara-7b,Google_Flights--23,C2,0.0,-30.05464480874317,-33.33333333333333,-40.0,0.0,0.0,0.0,0.15015015015016298
fara-7b,Google_Flights--23,C5,0.0,-71.03825136612022,-38.88888888888889,-46.666666666666664,0.0,0.0,0.0,-7.6576576576576505
fara-7b,Google_Flights--23,C7,0.0,-70.49180327868852,-38.88888888888889,-46.666666666666664,0.0,0.0,0.0,-5.255255255255245
fara-7b,Google_Flights--23,C8,0.0,-44.80874316939891,-33.33333333333333,-40.0,0.0,0.0,0.0,-5.55555555555555
fara-7b,Google_Flights--24,C2,0.0,3.1914893617021276,0.0,0.0,0.0,0.0,0.0,-3.539823008849545
fara-7b,Google_Flights--24,C5,0.0,18.085106382978726,0.0,0.0,0.0,0.0,0.0,-6.637168141592921
fara-7b,Google_Flights--24,C7,0.0,40.42553191489361,41.66666666666667,33.33333333333333,0.0,0.0,0.0,-3.2448377581120984
fara-7b,Google_Flights--24,C8,0.0,-46.808510638297875,-8.333333333333332,-11.11111111111111,0.0,0.0,0.0,-8.70206489675516
fara-7b,Google_Flights--25,C2,0.0,0.7874015748031495,0.0,0.0,0.0,0.0,0.0,-0.1626016260162625
fara-7b,Google_Flights--25,C5,0.0,0.0,0.0,0.0,0.0,0.0,0.0,-2.27642276422764
fara-7b,Google_Flights--25,C7,0.0,-0.7874015748031495,0.0,0.0,0.0,0.0,0.0,0.6504065040650383
fara-7b,Google_Flights--25,C8,0.0,0.7874015748031495,0.0,0.0,0.0,0.0,0.0,-0.6504065040650383
fara-7b,Google_Flights--26,C2,0.0,0.0,0.0,0.0,0.0,0.0,0.0,0.6430868167202549
fara-7b,Google_Flights--26,C5,0.0,0.9803921568627451,0.0,0.0,0.0,0.0,0.0,-2.090032154340843
fara-7b,Google_Flights--26,C7,0.0,0.0,0.0,0.0,0.0,0.0,0.0,-1.2861736334405212
fara-7b,Google_Flights--26,C8,0.0,0.0,0.0,0.0,0.0,0.0,0.0,-0.6430868167202664
fara-7b,Google_Flights--27,C2,0.0,0.0,0.0,0.0,0.0,0.0,0.0,-0.1626016260162625
fara-7b,Google_Flights--27,C5,0.0,1.639344262295082,0.0,0.0,0.0,0.0,0.0,-0.6504065040650383
fara-7b,Google_Flights--27,C7,0.0,-14.754098360655737,0.0,0.0,0.0,0.0,0.0,0.48780487804877587
fara-7b,Google_Flights--27,C8,0.0,3.278688524590164,0.0,0.0,0.0,0.0,0.0,-0.6504065040650383
fara-7b,Google_Flights--28,C2,0.0,6.185567010309279,0.0,0.0,0.0,0.0,0.0,-0.16155088852988922
fara-7b,Google_Flights--28,C5,0.0,7.216494845360824,0.0,0.0,0.0,0.0,0.0,0.8077544426494345
fara-7b,Google_Flights--28,C7,0.0,-6.185567010309279,0.0,0.0,0.0,0.0,0.0,-1.7770597738287583
fara-7b,Google_Flights--28,C8,0.0,-5.154639175257731,0.0,0.0,0.0,0.0,0.0,-0.8077544426494345
fara-7b,Google_Flights--29,C2,0.0,-0.9009009009009009,0.0,0.0,0.0,0.0,0.0,-0.1607717041800666
fara-7b,Google_Flights--29,C5,0.0,11.711711711711711,0.0,0.0,0.0,0.0,0.0,-0.1607717041800666
fara-7b,Google_Flights--29,C7,0.0,11.711711711711711,0.0,0.0,0.0,0.0,0.0,-1.929260450160776
fara-7b,Google_Flights--29,C8,0.0,0.9009009009009009,0.0,0.0,0.0,0.0,0.0,-1.1254019292604547
fara-7b,Google_Flights--3,C2,0.0,5.217391304347826,0.0,0.0,0.0,0.0,0.0,1.4563106796116598
fara-7b,Google_Flights--3,C5,0.0,1.7391304347826086,0.0,0.0,0.0,0.0,0.0,-1.6181229773462786
fara-7b,Google_Flights--3,C7,0.0,138.2608695652174,9.090909090909092,12.5,0.0,0.0,0.0,6.957928802588992
fara-7b,Google_Flights--3,C8,0.0,116.52173913043478,18.181818181818183,25.0,0.0,0.0,0.0,5.6634304207119746
fara-7b,Google_Flights--30,C2,0.0,0.9433962264150944,0.0,0.0,0.0,0.0,0.0,-0.6462035541195453
fara-7b,Google_Flights--30,C5,0.0,13.20754716981132,0.0,0.0,0.0,0.0,0.0,-2.584814216478193
fara-7b,Google_Flights--30,C7,0.0,192.45283018867926,9.090909090909092,12.5,0.0,0.0,0.0,4.684975767366718
fara-7b,Google_Flights--30,C8,0.0,0.0,0.0,0.0,0.0,0.0,0.0,-0.6462035541195453
fara-7b,Google_Flights--31,C2,0.0,-1.694915254237288,0.0,0.0,0.0,0.0,0.0,-0.325203252032525
fara-7b,Google_Flights--31,C5,0.0,-1.694915254237288,0.0,0.0,0.0,0.0,0.0,-0.1626016260162625
fara-7b,Google_Flights--31,C7,0.0,-1.694915254237288,0.0,0.0,0.0,0.0,0.0,-0.9756097560975632
fara-7b,Google_Flights--31,C8,0.0,-0.847457627118644,0.0,0.0,0.0,0.0,0.0,0.1626016260162625
fara-7b,Google_Flights--32,C2,0.0,-3.225806451612903,0.0,0.0,0.0,0.0,0.0,-0.16207455429497797
fara-7b,Google_Flights--32,C5,0.0,0.0,0.0,0.0,0.0,0.0,0.0,-0.9724473257698565
fara-7b,Google_Flights--32,C7,0.0,-1.6129032258064515,0.0,0.0,0.0,0.0,0.0,0.16207455429496648
fara-7b,Google_Flights--32,C8,0.0,-3.225806451612903,0.0,0.0,0.0,0.0,0.0,-0.6482982171799119
fara-7b,Google_Flights--33,C2,0.0,-2.479338842975207,0.0,0.0,0.0,0.0,0.0,0.0
fara-7b,Google_Flights--33,C5,0.0,-1.6528925619834711,0.0,0.0,0.0,0.0,0.0,-1.1345218800648342
fara-7b,Google_Flights--33,C7,0.0,-2.479338842975207,0.0,0.0,0.0,0.0,0.0,-0.16207455429497797
fara-7b,Google_Flights--33,C8,0.0,-0.8264462809917356,0.0,0.0,0.0,0.0,0.0,-1.1345218800648342
fara-7b,Google_Flights--34,C2,0.0,6.382978723404255,0.0,0.0,0.0,0.0,0.0,0.16077170418005515
fara-7b,Google_Flights--34,C5,0.0,1.0638297872340425,0.0,0.0,0.0,0.0,0.0,-1.607717041800643
fara-7b,Google_Flights--34,C7,0.0,1.0638297872340425,0.0,0.0,0.0,0.0,0.0,-1.1254019292604547
fara-7b,Google_Flights--34,C8,0.0,2.127659574468085,0.0,0.0,0.0,0.0,0.0,-1.2861736334405212
fara-7b,Google_Flights--35,C2,0.0,5.825242718446602,0.0,0.0,0.0,0.0,0.0,-1.1254019292604547
fara-7b,Google_Flights--35,C5,0.0,5.825242718446602,0.0,0.0,0.0,0.0,0.0,-2.733118971061098
fara-7b,Google_Flights--35,C7,0.0,5.825242718446602,0.0,0.0,0.0,0.0,0.0,-0.8038585209003215
fara-7b,Google_Flights--35,C8,0.0,6.796116504854369,0.0,0.0,0.0,0.0,0.0,-1.7684887459807095
fara-7b,Google_Flights--36,C2,0.0,9.803921568627452,0.0,0.0,0.0,0.0,0.0,0.32362459546926026
fara-7b,Google_Flights--36,C5,0.0,10.784313725490197,0.0,0.0,0.0,0.0,0.0,-1.294498381877018
fara-7b,Google_Flights--36,C7,0.0,10.784313725490197,0.0,0.0,0.0,0.0,0.0,-1.4563106796116483
fara-7b,Google_Flights--36,C8,0.0,5.88235294117647,0.0,0.0,0.0,0.0,0.0,-0.647249190938509
fara-7b,Google_Flights--37,C2,0.0,2.857142857142857,0.0,0.0,0.0,0.0,0.0,-3.1347962382445145
fara-7b,Google_Flights--37,C5,0.0,-1.9047619047619049,0.0,0.0,0.0,0.0,0.0,-3.448275862068959
fara-7b,Google_Flights--37,C7,0.0,2.857142857142857,0.0,0.0,0.0,0.0,0.0,-3.448275862068959
fara-7b,Google_Flights--37,C8,0.0,3.8095238095238098,0.0,0.0,0.0,0.0,0.0,-2.6645768025078302
fara-7b,Google_Flights--38,C2,0.0,96.22641509433963,0.0,0.0,0.0,0.0,0.0,477.5700934579439
fara-7b,Google_Flights--38,C5,0.0,98.11320754716981,0.0,0.0,0.0,0.0,0.0,485.0467289719627
fara-7b,Google_Flights--38,C7,0.0,0.0,0.0,0.0,0.0,0.0,0.0,32.71028037383178
fara-7b,Google_Flights--38,C8,0.0,84.90566037735849,0.0,0.0,0.0,0.0,0.0,472.8971962616822
fara-7b,Google_Flights--39,C2,0.0,33.63636363636363,0.0,0.0,0.0,0.0,0.0,0.6546644844517162
fara-7b,Google_Flights--39,C5,0.0,20.909090909090907,0.0,0.0,0.0,0.0,0.0,-0.8183306055646482
fara-7b,Google_Flights--39,C7,0.0,20.909090909090907,0.0,0.0,0.0,0.0,0.0,-2.2913256955810124
fara-7b,Google_Flights--39,C8,0.0,17.272727272727273,0.0,0.0,0.0,0.0,0.0,0.6546644844517162
fara-7b,Google_Flights--4,C2,0.0,0.0,0.0,0.0,0.0,0.0,0.0,-1.3050570962479562
fara-7b,Google_Flights--4,C5,0.0,0.9433962264150944,0.0,0.0,0.0,0.0,0.0,-1.4681892332789537
fara-7b,Google_Flights--4,C7,0.0,0.0,0.0,0.0,0.0,0.0,0.0,-0.8156606851549756
fara-7b,Google_Flights--4,C8,0.0,0.9433962264150944,0.0,0.0,0.0,0.0,0.0,0.3262642740619949
fara-7b,Google_Flights--40,C2,0.0,13.167259786476867,0.0,0.0,0.0,0.0,0.0,0.0
fara-7b,Google_Flights--40,C5,100.0,0.3558718861209964,0.0,0.0,0.0,0.0,0.0,-22.897196261682247
fara-7b,Google_Flights--40,C7,0.0,-24.199288256227756,0.0,0.0,0.0,0.0,0.0,2.4922118380062215
fara-7b,Google_Flights--40,C8,0.0,16.370106761565836,0.0,0.0,0.0,0.0,0.0,-2.024922118380069
fara-7b,Google_Flights--41,C2,0.0,-0.6896551724137931,0.0,0.0,0.0,0.0,0.0,-3.149606299212598
fara-7b,Google_Flights--41,C5,0.0,-12.413793103448276,0.0,0.0,0.0,0.0,0.0,-4.09448818897638
fara-7b,Google_Flights--41,C7,0.0,-11.724137931034482,0.0,0.0,0.0,0.0,0.0,-1.7322834645669316
fara-7b,Google_Flights--41,C8,0.0,-13.10344827586207,0.0,0.0,0.0,0.0,0.0,-4.09448818897638
fara-7b,Google_Flights--5,C2,0.0,-1.0526315789473684,0.0,0.0,0.0,0.0,0.0,-0.6504065040650383
fara-7b,Google_Flights--5,C5,0.0,-1.0526315789473684,0.0,0.0,0.0,0.0,0.0,-0.6504065040650383
fara-7b,Google_Flights--5,C7,0.0,0.0,0.0,0.0,0.0,0.0,0.0,-0.9756097560975632
fara-7b,Google_Flights--5,C8,0.0,1.0526315789473684,0.0,0.0,0.0,0.0,0.0,-1.6260162601626018
fara-7b,Google_Flights--6,C2,0.0,14.563106796116504,0.0,0.0,0.0,0.0,0.0,1.2965964343598007
fara-7b,Google_Flights--6,C5,0.0,0.9708737864077669,0.0,0.0,0.0,0.0,0.0,-1.4586709886547902
fara-7b,Google_Flights--6,C7,0.0,14.563106796116504,0.0,0.0,0.0,0.0,0.0,0.32414910858994445
fara-7b,Google_Flights--6,C8,0.0,-0.9708737864077669,0.0,0.0,0.0,0.0,0.0,0.0
fara-7b,Google_Flights--7,C2,0.0,0.9900990099009901,0.0,0.0,0.0,0.0,0.0,-1.1308562197092016
fara-7b,Google_Flights--7,C5,0.0,0.0,0.0,0.0,0.0,0.0,0.0,-1.2924071082390907
fara-7b,Google_Flights--7,C7,0.0,2.9702970297029703,0.0,0.0,0.0,0.0,0.0,0.0
fara-7b,Google_Flights--7,C8,0.0,0.0,0.0,0.0,0.0,0.0,0.0,-0.8077544426494345
fara-7b,Google_Flights--8,C2,0.0,-1.0,0.0,0.0,0.0,0.0,0.0,-0.3246753246753293
fara-7b,Google_Flights--8,C5,0.0,16.0,0.0,0.0,0.0,0.0,0.0,0.4870129870129824
fara-7b,Google_Flights--8,C7,0.0,0.0,0.0,0.0,0.0,0.0,0.0,-0.8116883116883116
fara-7b,Google_Flights--8,C8,0.0,19.0,0.0,0.0,0.0,0.0,0.0,-0.16233766233766464
fara-7b,Google_Flights--9,C2,0.0,0.0,0.0,0.0,0.0,0.0,0.0,-0.964630225080388
fara-7b,Google_Flights--9,C5,0.0,-12.037037037037036,0.0,0.0,0.0,0.0,0.0,-1.4469453376205879
fara-7b,Google_Flights--9,C7,0.0,-12.962962962962962,0.0,0.0,0.0,0.0,0.0,-2.090032154340843
fara-7b,Google_Flights--9,C8,0.0,-12.037037037037036,0.0,0.0,0.0,0.0,0.0,-2.2508038585209094
fara-7b,Google_Map--0,C2,0.0,-16.476345840130506,-11.76470588235294,-20.0,0.0,0.0,0.0,7.715133531157252
fara-7b,Google_Map--0,C5,0.0,1.631321370309951,-17.647058823529413,-10.0,0.0,0.0,0.0,26.40949554896142
fara-7b,Google_Map--0,C7,0.0,15.497553017944535,-11.76470588235294,0.0,0.0,0.0,0.0,75.96439169139464
fara-7b,Google_Map--0,C8,-100.0,25.28548123980424,-29.411764705882355,-30.0,inf,0.0,0.0,91.69139465875368
fara-7b,Google_Map--1,C2,0.0,-10.047095761381476,0.0,0.0,0.0,inf,0.0,127.87723785166239
fara-7b,Google_Map--1,C5,0.0,21.978021978021978,835.7142857142858,1288.888888888889,0.0,0.0,0.0,-21.227621483375962
fara-7b,Google_Map--1,C7,-100.0,-28.885400313971743,0.0,0.0,0.0,inf,0.0,120.46035805626599
fara-7b,Google_Map--1,C8,0.0,-43.4850863422292,-7.142857142857142,-11.11111111111111,inf,0.0,0.0,-25.31969309462916
fara-7b,Google_Map--10,C2,0.0,30.9375,0.0,0.0,0.0,0.0,0.0,66.86746987951805
fara-7b,Google_Map--10,C5,0.0,28.749999999999996,0.0,0.0,0.0,0.0,0.0,-23.79518072289157
fara-7b,Google_Map--10,C7,0.0,32.1875,0.0,0.0,0.0,0.0,0.0,65.66265060240963
fara-7b,Google_Map--10,C8,-100.0,-2.8125,-7.6923076923076925,-12.5,inf,0.0,0.0,39.457831325301186
fara-7b,Google_Map--11,C2,100.0,-67.47603833865816,-84.95575221238938,-90.82568807339449,0.0,inf,0.0,-41.145139813581885
fara-7b,Google_Map--11,C5,0.0,-64.08945686900958,-84.070796460177,-86.23853211009175,0.0,0.0,0.0,-21.970705725699062
fara-7b,Google_Map--11,C7,100.0,-42.81150159744409,-86.72566371681415,-90.82568807339449,0.0,inf,0.0,-31.291611185086545
fara-7b,Google_Map--11,C8,0.0,-66.13418530351439,-89.38053097345133,-93.57798165137615,inf,0.0,0.0,-8.521970705725689
fara-7b,Google_Map--12,C2,0.0,44.15584415584416,0.0,0.0,0.0,0.0,0.0,53.19148936170214
fara-7b,Google_Map--12,C5,0.0,17.662337662337663,15.384615384615385,0.0,0.0,0.0,0.0,-10.638297872340425
fara-7b,Google_Map--12,C7,0.0,25.454545454545453,0.0,0.0,0.0,0.0,0.0,4.609929078014187
fara-7b,Google_Map--12,C8,-100.0,-16.623376623376622,-7.6923076923076925,-12.5,inf,0.0,0.0,138.29787234042556
fara-7b,Google_Map--13,C2,0.0,31.181318681318682,7.142857142857142,11.11111111111111,0.0,inf,0.0,7.40740740740741
fara-7b,Google_Map--13,C5,0.0,5.4945054945054945,14.285714285714285,0.0,0.0,0.0,0.0,10.789049919484695
fara-7b,Google_Map--13,C7,0.0,35.3021978021978,0.0,0.0,0.0,0.0,0.0,-2.4154589371980677
fara-7b,Google_Map--13,C8,0.0,-35.85164835164835,-14.285714285714285,-22.22222222222222,inf,0.0,0.0,2.5764895330112743
fara-7b,Google_Map--14,C2,0.0,1.658374792703151,0.0,0.0,0.0,0.0,0.0,-2.197802197802203
fara-7b,Google_Map--14,C5,0.0,-11.774461028192372,0.0,0.0,0.0,0.0,0.0,-4.0293040293040345
fara-7b,Google_Map--14,C7,0.0,4.643449419568822,0.0,0.0,0.0,0.0,0.0,-2.5641025641025617
fara-7b,Google_Map--14,C8,-100.0,-46.1028192371476,-14.285714285714285,-22.22222222222222,inf,0.0,0.0,118.6813186813187
fara-7b,Google_Map--15,C2,-100.0,13.76470588235294,0.0,0.0,0.0,0.0,0.0,20.952380952380953
fara-7b,Google_Map--15,C5,0.0,13.294117647058822,-10.526315789473683,-14.285714285714285,0.0,0.0,0.0,14.666666666666671
fara-7b,Google_Map--15,C7,0.0,2.3529411764705883,0.0,0.0,0.0,0.0,0.0,0.38095238095238637
fara-7b,Google_Map--15,C8,-100.0,-58.82352941176471,-36.84210526315789,-50.0,inf,0.0,0.0,12.761904761904766
fara-7b,Google_Map--16,C2,0.0,-0.9394572025052191,0.0,0.0,0.0,inf,0.0,0.78247261345854
fara-7b,Google_Map--16,C5,0.0,-32.045929018789145,-12.5,-18.181818181818183,0.0,0.0,0.0,
fara-7b,Google_Map--16,C7,0.0,-27.870563674321502,-12.5,-18.181818181818183,0.0,0.0,0.0,-5.477308294209703
fara-7b,Google_Map--16,C8,0.0,-70.14613778705638,-25.0,-36.36363636363637,inf,0.0,0.0,-70.2660406885759
fara-7b,Google_Map--17,C2,0.0,-10.38781163434903,-17.647058823529413,-25.0,0.0,0.0,0.0,2.188552188552196
fara-7b,Google_Map--17,C5,0.0,25.90027700831025,-11.76470588235294,-16.666666666666664,0.0,0.0,0.0,-1.5151515151515127
fara-7b,Google_Map--17,C7,0.0,59.0027700831025,-17.647058823529413,-25.0,0.0,0.0,0.0,12.457912457912455
fara-7b,Google_Map--17,C8,0.0,-37.396121883656505,-29.411764705882355,-41.66666666666667,inf,0.0,0.0,1.6835016835016834
fara-7b,Google_Map--18,C2,0.0,4.265402843601896,0.0,0.0,0.0,0.0,0.0,13.106796116504851
fara-7b,Google_Map--18,C5,0.0,0.23696682464454977,0.0,0.0,0.0,0.0,0.0,-2.1844660194174894
fara-7b,Google_Map--18,C7,0.0,0.23696682464454977,0.0,0.0,0.0,0.0,0.0,-3.1553398058252533
fara-7b,Google_Map--18,C8,0.0,3.3175355450236967,38.46153846153847,50.0,0.0,inf,0.0,29.61165048543688
fara-7b,Google_Map--19,C2,0.0,-4.325699745547073,-6.666666666666667,0.0,0.0,0.0,0.0,7.868852459016389
fara-7b,Google_Map--19,C5,0.0,-13.104325699745548,0.0,11.11111111111111,0.0,0.0,0.0,0.32786885245902103
fara-7b,Google_Map--19,C7,0.0,-9.287531806615776,6.666666666666667,22.22222222222222,0.0,inf,0.0,5.245901639344267
fara-7b,Google_Map--19,C8,0.0,-51.653944020356235,-6.666666666666667,-22.22222222222222,inf,0.0,0.0,2.7868852459016438
fara-7b,Google_Map--2,C2,0.0,-9.931506849315069,0.0,0.0,0.0,0.0,0.0,5.343511450381688
fara-7b,Google_Map--2,C5,0.0,-4.794520547945205,0.0,0.0,0.0,0.0,0.0,6.870229007633591
fara-7b,Google_Map--2,C7,0.0,-10.445205479452055,0.0,0.0,0.0,0.0,0.0,6.870229007633591
fara-7b,Google_Map--2,C8,-100.0,-42.63698630136986,0.0,0.0,inf,0.0,0.0,126.3358778625954
fara-7b,Google_Map--20,C2,0.0,12.23021582733813,0.0,0.0,0.0,0.0,0.0,9.523809523809511
fara-7b,Google_Map--20,C5,0.0,-12.37410071942446,0.0,0.0,0.0,0.0,0.0,6.845238095238086
fara-7b,Google_Map--20,C7,0.0,-3.597122302158273,0.0,0.0,0.0,0.0,0.0,-1.1904761904761862
fara-7b,Google_Map--20,C8,0.0,-25.611510791366904,-23.52941176470588,-33.33333333333333,inf,0.0,0.0,61.01190476190476
fara-7b,Google_Map--21,C2,0.0,0.0,-12.5,0.0,0.0,0.0,0.0,-0.3891050583657505
fara-7b,Google_Map--21,C5,0.0,32.78688524590164,43.75,88.88888888888889,0.0,0.0,0.0,60.70038910505836
fara-7b,Google_Map--21,C7,0.0,-29.508196721311474,-6.25,0.0,0.0,0.0,0.0,23.346303501945524
fara-7b,Google_Map--21,C8,-100.0,-40.43715846994536,-25.0,-22.22222222222222,inf,0.0,0.0,106.61478599221792
fara-7b,Google_Map--22,C2,0.0,-0.4830917874396135,-12.5,0.0,0.0,0.0,0.0,11.698113207547175
fara-7b,Google_Map--22,C5,0.0,1.932367149758454,-12.5,0.0,0.0,0.0,0.0,-4.52830188679245
fara-7b,Google_Map--22,C7,0.0,7.246376811594203,0.0,0.0,0.0,0.0,0.0,-3.0188679245283048
fara-7b,Google_Map--22,C8,-100.0,-15.217391304347828,-25.0,-22.22222222222222,inf,0.0,0.0,141.88679245283015
fara-7b,Google_Map--23,C2,0.0,-68.6431014823261,-81.69014084507043,-87.6923076923077,0.0,inf,0.0,-32.005141388174806
fara-7b,Google_Map--23,C5,100.0,-39.110604332953244,-80.28169014084507,-86.15384615384616,0.0,0.0,0.0,-57.19794344473008
fara-7b,Google_Map--23,C7,100.0,-32.953249714937286,-78.87323943661971,-84.61538461538461,0.0,inf,0.0,-32.13367609254499
fara-7b,Google_Map--23,C8,0.0,-12.086659064994299,-80.28169014084507,-86.15384615384616,inf,0.0,0.0,-17.09511568123393
fara-7b,Google_Map--24,C2,0.0,6.741573033707865,-13.333333333333334,0.0,0.0,0.0,0.0,96.53846153846153
fara-7b,Google_Map--24,C5,0.0,28.98876404494382,0.0,0.0,0.0,0.0,0.0,66.92307692307692
fara-7b,Google_Map--24,C7,0.0,16.629213483146067,0.0,25.0,0.0,inf,0.0,26.153846153846143
fara-7b,Google_Map--24,C8,-100.0,-8.98876404494382,-13.333333333333334,0.0,inf,0.0,0.0,135.76923076923075
fara-7b,Google_Map--25,C2,0.0,2.4482109227871938,16.666666666666664,28.57142857142857,0.0,0.0,0.0,-46.202531645569614
fara-7b,Google_Map--25,C5,0.0,4.708097928436912,16.666666666666664,28.57142857142857,0.0,0.0,0.0,-24.894514767932485
fara-7b,Google_Map--25,C7,0.0,4.143126177024483,16.666666666666664,28.57142857142857,0.0,0.0,0.0,-45.358649789029535
fara-7b,Google_Map--25,C8,-100.0,-16.760828625235405,8.333333333333332,0.0,inf,0.0,0.0,38.185654008438824
fara-7b,Google_Map--26,C2,0.0,-20.860495436766623,26.666666666666668,40.0,0.0,0.0,0.0,1.1363636363636365
fara-7b,Google_Map--26,C5,0.0,-23.46805736636245,6.666666666666667,10.0,0.0,0.0,0.0,-15.681818181818178
fara-7b,Google_Map--26,C7,-100.0,7.561929595827902,13.333333333333334,20.0,0.0,inf,0.0,160.6818181818182
fara-7b,Google_Map--26,C8,-100.0,-35.462842242503264,33.33333333333333,40.0,inf,inf,0.0,50.90909090909093
fara-7b,Google_Map--27,C2,0.0,185.9848484848485,8.333333333333332,14.285714285714285,0.0,0.0,0.0,67.3728813559322
fara-7b,Google_Map--27,C5,0.0,121.21212121212122,16.666666666666664,0.0,0.0,0.0,0.0,6.3559322033898304
fara-7b,Google_Map--27,C7,0.0,301.8939393939394,58.333333333333336,85.71428571428571,0.0,inf,0.0,138.55932203389827
fara-7b,Google_Map--27,C8,-100.0,55.68181818181818,8.333333333333332,0.0,inf,0.0,0.0,123.72881355932202
fara-7b,Google_Map--28,C2,-100.0,-37.93738489871086,-35.0,-42.857142857142854,0.0,inf,0.0,-42.581300813008134
fara-7b,Google_Map--28,C5,0.0,-4.6040515653775325,0.0,0.0,0.0,0.0,0.0,-17.886178861788625
fara-7b,Google_Map--28,C7,-100.0,-23.572744014732965,-30.0,-35.714285714285715,0.0,inf,0.0,-40.85365853658537
fara-7b,Google_Map--28,C8,-100.0,-37.01657458563536,-40.0,-50.0,inf,0.0,0.0,-46.646341463414636
fara-7b,Google_Map--29,C2,-100.0,-57.78301886792453,-16.666666666666664,0.0,0.0,inf,0.0,80.35714285714286
fara-7b,Google_Map--29,C5,0.0,7.547169811320755,0.0,0.0,0.0,0.0,0.0,6.785714285714281
fara-7b,Google_Map--29,C7,-100.0,-58.9622641509434,-16.666666666666664,0.0,0.0,inf,0.0,81.78571428571428
fara-7b,Google_Map--29,C8,-100.0,-24.29245283018868,0.0,0.0,inf,0.0,0.0,41.42857142857143
fara-7b,Google_Map--3,C2,0.0,9.031556039173013,20.0,44.44444444444444,0.0,0.0,0.0,11.21951219512196
fara-7b,Google_Map--3,C5,0.0,3.1556039173014145,13.333333333333334,33.33333333333333,0.0,0.0,0.0,7.154471544715456
fara-7b,Google_Map--3,C7,100.0,-51.36017410228509,-6.666666666666667,0.0,0.0,0.0,0.0,-52.19512195121951
fara-7b,Google_Map--3,C8,0.0,-48.74863982589772,66.66666666666666,88.88888888888889,inf,inf,0.0,-4.390243902439029
fara-7b,Google_Map--30,C2,0.0,19.565217391304348,7.6923076923076925,12.5,0.0,0.0,0.0,-9.264305177111732
fara-7b,Google_Map--30,C5,0.0,1.2681159420289856,0.0,0.0,0.0,0.0,0.0,-9.809264305177114
fara-7b,Google_Map--30,C7,0.0,-5.615942028985507,0.0,0.0,0.0,0.0,0.0,5.994550408719334
fara-7b,Google_Map--30,C8,-100.0,-24.818840579710145,-7.6923076923076925,-12.5,inf,0.0,0.0,61.58038147138962
fara-7b,Google_Map--31,C2,0.0,-8.098591549295776,0.0,0.0,0.0,0.0,0.0,-2.770780856423177
fara-7b,Google_Map--31,C5,0.0,-12.852112676056338,0.0,0.0,0.0,0.0,0.0,-0.25188916876574663
fara-7b,Google_Map--31,C7,0.0,-12.852112676056338,0.0,0.0,0.0,0.0,0.0,-18.136020151133508
fara-7b,Google_Map--31,C8,0.0,-43.83802816901409,-23.52941176470588,-41.66666666666667,inf,0.0,0.0,30.226700251889167
fara-7b,Google_Map--32,C2,-100.0,53.79537953795379,25.0,42.857142857142854,0.0,0.0,0.0,96.14243323442133
fara-7b,Google_Map--32,C5,-100.0,46.53465346534654,50.0,71.42857142857143,0.0,0.0,0.0,71.21661721068249
fara-7b,Google_Map--32,C7,0.0,-5.9405940594059405,0.0,0.0,0.0,0.0,0.0,-13.353115727002976
fara-7b,Google_Map--32,C8,-100.0,-16.666666666666664,50.0,71.42857142857143,inf,inf,0.0,92.58160237388724
fara-7b,Google_Map--33,C2,0.0,-3.4000000000000004,0.0,0.0,0.0,0.0,0.0,5.405405405405405
fara-7b,Google_Map--33,C5,100.0,-4.3999999999999995,0.0,0.0,0.0,0.0,0.0,7.927927927927926
fara-7b,Google_Map--33,C7,0.0,-46.6,-13.333333333333334,-20.0,0.0,inf,0.0,-2.162162162162167
fara-7b,Google_Map--33,C8,0.0,-37.8,-20.0,-30.0,inf,0.0,0.0,2.8828828828828854
fara-7b,Google_Map--34,C2,0.0,11.677631578947368,0.0,0.0,0.0,0.0,0.0,38.28996282527883
fara-7b,Google_Map--34,C5,0.0,-11.348684210526317,-13.333333333333334,0.0,0.0,0.0,0.0,-3.345724907063192
fara-7b,Google_Map--34,C7,0.0,-3.125,-13.333333333333334,0.0,0.0,0.0,0.0,35.68773234200744
fara-7b,Google_Map--34,C8,-100.0,-45.55921052631579,-6.666666666666667,-12.5,inf,0.0,0.0,25.27881040892195
fara-7b,Google_Map--35,C2,0.0,-46.01398601398601,-45.83333333333333,-57.89473684210527,0.0,0.0,0.0,-33.87096774193548
fara-7b,Google_Map--35,C5,0.0,-27.412587412587413,-41.66666666666667,-52.63157894736842,0.0,0.0,0.0,-49.283154121863795
fara-7b,Google_Map--35,C7,0.0,-30.76923076923077,-41.66666666666667,-52.63157894736842,0.0,0.0,0.0,-48.387096774193544
fara-7b,Google_Map--35,C8,-100.0,-52.02797202797203,-41.66666666666667,-63.1578947368421,inf,0.0,0.0,-16.129032258064516
fara-7b,Google_Map--36,C2,0.0,0.0,0.0,0.0,0.0,0.0,0.0,17.82178217821783
fara-7b,Google_Map--36,C5,0.0,-1.9396551724137931,0.0,0.0,0.0,0.0,0.0,-13.2013201320132
fara-7b,Google_Map--36,C7,0.0,4.956896551724138,0.0,0.0,0.0,0.0,0.0,-2.6402640264026425
fara-7b,Google_Map--36,C8,-100.0,-22.629310344827587,-7.6923076923076925,-12.5,inf,0.0,0.0,105.6105610561056
fara-7b,Google_Map--37,C2,100.0,9.668109668109668,7.6923076923076925,12.5,0.0,0.0,0.0,-13.375796178343947
fara-7b,Google_Map--37,C5,0.0,33.33333333333333,53.84615384615385,87.5,0.0,0.0,0.0,1.9108280254777117
fara-7b,Google_Map--37,C7,0.0,-12.265512265512266,30.76923076923077,50.0,0.0,inf,0.0,3.343949044586001
fara-7b,Google_Map--37,C8,0.0,-31.746031746031743,0.0,0.0,inf,0.0,0.0,0.6369426751592447
fara-7b,Google_Map--38,C2,0.0,-6.40495867768595,0.0,0.0,0.0,0.0,0.0,26.637554585152845
fara-7b,Google_Map--38,C5,0.0,1.4462809917355373,0.0,0.0,0.0,0.0,0.0,-5.6768558951964945
fara-7b,Google_Map--38,C7,0.0,9.917355371900827,16.666666666666664,0.0,0.0,0.0,0.0,77.29257641921399
fara-7b,Google_Map--38,C8,-100.0,-27.892561983471076,0.0,0.0,inf,0.0,0.0,160.6986899563319
fara-7b,Google_Map--39,C2,0.0,-8.46774193548387,0.0,0.0,0.0,0.0,0.0,-14.16666666666666
fara-7b,Google_Map--39,C5,0.0,-20.362903225806452,0.0,0.0,0.0,0.0,0.0,-44.166666666666664
fara-7b,Google_Map--39,C7,0.0,-8.669354838709678,0.0,0.0,0.0,0.0,0.0,-7.08333333333333
fara-7b,Google_Map--39,C8,0.0,-9.07258064516129,0.0,0.0,inf,0.0,0.0,-1.6666666666666607
fara-7b,Google_Map--4,C2,-100.0,68.35820895522387,-41.66666666666667,-57.14285714285714,0.0,0.0,0.0,97.54601226993867
fara-7b,Google_Map--4,C5,0.0,138.2089552238806,-8.333333333333332,-23.809523809523807,0.0,0.0,0.0,88.65030674846625
fara-7b,Google_Map--4,C7,-100.0,-17.313432835820898,-45.83333333333333,-61.904761904761905,0.0,inf,0.0,67.48466257668711
fara-7b,Google_Map--4,C8,-100.0,87.16417910447761,-41.66666666666667,-57.14285714285714,inf,0.0,0.0,89.87730061349693
fara-7b,Google_Map--40,C2,0.0,-49.76744186046512,-35.0,-46.666666666666664,0.0,inf,0.0,-19.765739385065885
fara-7b,Google_Map--40,C5,0.0,-25.116279069767444,-5.0,0.0,0.0,0.0,0.0,-12.884333821376279
fara-7b,Google_Map--40,C7,0.0,-56.58914728682171,-35.0,-46.666666666666664,0.0,inf,0.0,-19.47291361639824
fara-7b,Google_Map--40,C8,0.0,-43.72093023255814,-40.0,-53.333333333333336,inf,0.0,0.0,-21.522693997071737
fara-7b,Google_Map--5,C2,-100.0,69.46688206785137,-44.44444444444444,-54.54545454545454,0.0,0.0,0.0,63.38383838383839
fara-7b,Google_Map--5,C5,-100.0,16.15508885298869,-37.03703703703704,-45.45454545454545,0.0,0.0,0.0,56.81818181818181
fara-7b,Google_Map--5,C7,-100.0,-27.78675282714055,-44.44444444444444,-54.54545454545454,0.0,inf,0.0,38.888888888888886
fara-7b,Google_Map--5,C8,-100.0,-50.72697899838449,-48.148148148148145,-68.18181818181817,inf,0.0,0.0,17.171717171717162
fara-7b,Google_Map--6,C2,0.0,-1.55902004454343,0.0,0.0,0.0,0.0,0.0,24.827586206896562
fara-7b,Google_Map--6,C5,0.0,-19.37639198218263,0.0,0.0,0.0,0.0,0.0,-16.551724137931036
fara-7b,Google_Map--6,C7,0.0,-4.231625835189309,16.666666666666664,0.0,0.0,0.0,0.0,-11.379310344827589
fara-7b,Google_Map--6,C8,-100.0,31.403118040089083,16.666666666666664,28.57142857142857,inf,0.0,0.0,85.17241379310346
fara-7b,Google_Map--7,C2,100.0,-9.090909090909092,0.0,0.0,0.0,0.0,0.0,-49.566724436741765
fara-7b,Google_Map--7,C5,100.0,-11.556240369799692,0.0,0.0,0.0,0.0,0.0,-20.277296360485273
fara-7b,Google_Map--7,C7,0.0,-10.323574730354391,0.0,0.0,0.0,inf,0.0,56.15251299826688
fara-7b,Google_Map--7,C8,0.0,-20.49306625577812,20.0,20.0,inf,inf,0.0,19.58405545927209
fara-7b,Google_Map--8,C2,0.0,-13.939393939393941,8.333333333333332,14.285714285714285,0.0,0.0,0.0,-15.460526315789473
fara-7b,Google_Map--8,C5,0.0,6.666666666666667,8.333333333333332,14.285714285714285,0.0,0.0,0.0,2.302631578947378
fara-7b,Google_Map--8,C7,0.0,75.55555555555556,25.0,28.57142857142857,0.0,0.0,0.0,92.4342105263158
fara-7b,Google_Map--8,C8,0.0,-27.474747474747474,0.0,0.0,inf,0.0,0.0,88.48684210526315
fara-7b,Google_Map--9,C2,100.0,-37.27598566308244,-6.25,-20.0,0.0,0.0,0.0,-49.9231950844854
fara-7b,Google_Map--9,C5,100.0,-48.2078853046595,-18.75,-20.0,0.0,0.0,0.0,-60.52227342549923
fara-7b,Google_Map--9,C7,0.0,-2.5985663082437274,-6.25,0.0,0.0,inf,0.0,-6.605222734254988
fara-7b,Google_Map--9,C8,0.0,-64.69534050179212,-25.0,-30.0,inf,0.0,0.0,-20.737327188940082
fara-7b,Google_Search--0,C2,-100.0,-50.8,-41.66666666666667,-55.55555555555556,0.0,inf,0.0,141.15044247787608
fara-7b,Google_Search--0,C5,0.0,-14.399999999999999,0.0,0.0,0.0,0.0,0.0,-2.2123893805309733
fara-7b,Google_Search--0,C7,-100.0,-61.199999999999996,-41.66666666666667,-55.55555555555556,0.0,inf,0.0,142.92035398230087
fara-7b,Google_Search--0,C8,-100.0,-69.6,-58.333333333333336,-77.77777777777779,inf,0.0,0.0,44.690265486725664
fara-7b,Google_Search--1,C2,0.0,-73.54651162790698,-56.25,-69.23076923076923,0.0,inf,0.0,-15.599343185550083
fara-7b,Google_Search--1,C5,0.0,-0.872093023255814,0.0,0.0,0.0,0.0,0.0,-0.3284072249589421
fara-7b,Google_Search--1,C7,0.0,-74.4186046511628,-56.25,-69.23076923076923,0.0,inf,0.0,-15.270935960591128
fara-7b,Google_Search--1,C8,0.0,-78.19767441860465,-68.75,-84.61538461538461,inf,0.0,0.0,-21.182266009852217
fara-7b,Google_Search--10,C2,0.0,-97.8405315614618,-98.4375,-99.2084432717678,0.0,inf,0.0,-31.557922769640477
fara-7b,Google_Search--10,C5,0.0,-31.727574750830566,-15.625,-15.8311345646438,0.0,0.0,0.0,-5.592543275632475
fara-7b,Google_Search--10,C7,0.0,-96.81063122923588,-98.4375,-99.2084432717678,0.0,inf,0.0,-34.886817576564574
fara-7b,Google_Search--10,C8,0.0,-97.50830564784053,-98.69791666666666,-99.47229551451187,inf,0.0,0.0,-38.4820239680426
fara-7b,Google_Search--11,C2,0.0,-84.04074702886248,-76.92307692307693,-86.36363636363636,0.0,inf,0.0,-18.022328548644346
fara-7b,Google_Search--11,C5,0.0,-10.865874363327674,-50.0,-54.54545454545454,0.0,0.0,0.0,-5.103668261563002
fara-7b,Google_Search--11,C7,0.0,-88.45500848896435,-76.92307692307693,-86.36363636363636,0.0,inf,0.0,-22.966507177033503
fara-7b,Google_Search--11,C8,0.0,-90.32258064516128,-80.76923076923077,-90.9090909090909,0.0,0.0,0.0,-51.993620414673046
fara-7b,Google_Search--12,C2,-100.0,-93.06296691568838,-97.23502304147466,-98.59154929577466,0.0,inf,0.0,86.97318007662832
fara-7b,Google_Search--12,C5,0.0,29.882604055496266,16.129032258064516,16.431924882629108,0.0,0.0,0.0,-0.7662835249042255
fara-7b,Google_Search--12,C7,-100.0,-91.88900747065102,-97.23502304147466,-98.59154929577466,0.0,inf,0.0,83.14176245210726
fara-7b,Google_Search--12,C8,-100.0,-91.88900747065102,-97.6958525345622,-99.06103286384976,inf,0.0,0.0,89.6551724137931
fara-7b,Google_Search--13,C2,-100.0,-71.92307692307692,-50.0,-66.66666666666666,0.0,inf,0.0,117.33333333333333
fara-7b,Google_Search--13,C5,0.0,3.4615384615384617,0.0,0.0,0.0,0.0,0.0,-0.8888888888888857
fara-7b,Google_Search--13,C7,-100.0,-71.92307692307692,-50.0,-66.66666666666666,0.0,inf,0.0,116.44444444444446
fara-7b,Google_Search--13,C8,-100.0,-78.46153846153847,-58.333333333333336,-77.77777777777779,0.0,0.0,0.0,60.0
fara-7b,Google_Search--14,C2,-100.0,-38.88888888888889,-46.15384615384615,-60.0,0.0,inf,0.0,99.27536231884056
fara-7b,Google_Search--14,C5,-100.0,13.88888888888889,23.076923076923077,30.0,0.0,0.0,0.0,114.8550724637681
fara-7b,Google_Search--14,C7,-100.0,-41.66666666666667,-46.15384615384615,-60.0,0.0,inf,0.0,111.95652173913042
fara-7b,Google_Search--14,C8,-100.0,-70.23809523809523,-61.53846153846154,-80.0,inf,0.0,0.0,80.43478260869563
fara-7b,Google_Search--15,C2,0.0,-86.40552995391705,-66.66666666666666,-78.57142857142857,0.0,inf,0.0,-18.51851851851852
fara-7b,Google_Search--15,C5,0.0,-30.87557603686636,16.666666666666664,14.285714285714285,0.0,0.0,0.0,1.1784511784511833
fara-7b,Google_Search--15,C7,0.0,-79.72350230414746,-66.66666666666666,-78.57142857142857,0.0,inf,0.0,-18.51851851851852
fara-7b,Google_Search--15,C8,0.0,-78.57142857142857,-61.111111111111114,-78.57142857142857,0.0,0.0,0.0,-16.666666666666664
fara-7b,Google_Search--16,C2,-100.0,-79.60893854748603,-83.33333333333334,-90.625,0.0,inf,0.0,13.953488372093023
fara-7b,Google_Search--16,C5,0.0,-13.966480446927374,-27.77777777777778,-31.25,0.0,0.0,0.0,-33.72093023255814
fara-7b,Google_Search--16,C7,-100.0,-80.72625698324022,-83.33333333333334,-90.625,0.0,inf,0.0,-22.093023255813954
fara-7b,Google_Search--16,C8,-100.0,-79.05027932960894,-86.11111111111111,-93.75,inf,0.0,0.0,-3.2558139534883686
fara-7b,Google_Search--17,C2,0.0,-83.14606741573034,-68.42105263157895,-81.25,0.0,inf,0.0,-16.312056737588644
fara-7b,Google_Search--17,C5,100.0,-35.95505617977528,-36.84210526315789,-43.75,0.0,0.0,0.0,-70.92198581560284
fara-7b,Google_Search--17,C7,0.0,-82.86516853932584,-68.42105263157895,-81.25,0.0,inf,0.0,-14.716312056737586
fara-7b,Google_Search--17,C8,0.0,-78.93258426966293,-73.68421052631578,-87.5,inf,0.0,0.0,-14.893617021276592
fara-7b,Google_Search--18,C2,0.0,-64.9402390438247,-46.15384615384615,-60.0,0.0,inf,0.0,-5.24344569288389
fara-7b,Google_Search--18,C5,0.0,26.693227091633464,0.0,0.0,0.0,0.0,0.0,-0.37453183520598454
fara-7b,Google_Search--18,C7,0.0,-63.745019920318725,-46.15384615384615,-60.0,0.0,inf,0.0,-8.61423220973783
fara-7b,Google_Search--18,C8,-100.0,-47.410358565737056,-61.53846153846154,-80.0,inf,0.0,0.0,36.704119850187276
fara-7b,Google_Search--19,C2,0.0,-85.1258581235698,-64.70588235294117,-78.57142857142857,0.0,inf,0.0,-15.514333895446875
fara-7b,Google_Search--19,C5,0.0,-20.137299771167047,-35.294117647058826,-42.857142857142854,0.0,0.0,0.0,26.644182124789207
fara-7b,Google_Search--19,C7,0.0,-85.81235697940504,-64.70588235294117,-78.57142857142857,0.0,inf,0.0,-19.730185497470483
fara-7b,Google_Search--19,C8,0.0,-82.6086956521739,-70.58823529411765,-85.71428571428571,inf,0.0,0.0,-17.53794266441821
fara-7b,Google_Search--2,C2,-100.0,-72.97297297297297,-41.66666666666667,-55.55555555555556,0.0,inf,0.0,119.24686192468621
fara-7b,Google_Search--2,C5,0.0,3.303303303303303,8.333333333333332,11.11111111111111,0.0,0.0,0.0,8.786610878661094
fara-7b,Google_Search--2,C7,-100.0,-77.47747747747748,-50.0,-66.66666666666666,0.0,inf,0.0,104.18410041841004
fara-7b,Google_Search--2,C8,-100.0,-76.87687687687688,-58.333333333333336,-77.77777777777779,inf,0.0,0.0,115.06276150627616
fara-7b,Google_Search--20,C2,0.0,-69.44444444444444,-46.15384615384615,-60.0,0.0,inf,0.0,-8.888888888888884
fara-7b,Google_Search--20,C5,0.0,-2.430555555555556,7.6923076923076925,10.0,0.0,0.0,0.0,-7.4074074074074066
fara-7b,Google_Search--20,C7,0.0,-77.43055555555556,-53.84615384615385,-70.0,0.0,inf,0.0,-3.7037037037037033
fara-7b,Google_Search--20,C8,-100.0,-62.84722222222222,-61.53846153846154,-80.0,inf,0.0,0.0,53.70370370370371
fara-7b,Google_Search--21,C2,-100.0,-60.74380165289256,-41.66666666666667,-55.55555555555556,0.0,inf,0.0,120.50209205020923
fara-7b,Google_Search--21,C5,0.0,10.743801652892563,8.333333333333332,11.11111111111111,0.0,0.0,0.0,23.012552301255234
fara-7b,Google_Search--21,C7,-100.0,-47.5206611570248,-50.0,-66.66666666666666,0.0,inf,0.0,111.29707112970712
fara-7b,Google_Search--21,C8,-100.0,-47.107438016528924,-50.0,-77.77777777777779,inf,0.0,0.0,84.51882845188287
fara-7b,Google_Search--22,C2,-100.0,-75.60975609756098,-72.72727272727273,-83.33333333333334,0.0,inf,0.0,16.159250585480088
fara-7b,Google_Search--22,C5,0.0,5.609756097560976,0.0,0.0,0.0,0.0,0.0,24.824355971896942
fara-7b,Google_Search--22,C7,-100.0,-81.46341463414633,-72.72727272727273,-83.33333333333334,0.0,inf,0.0,16.39344262295082
fara-7b,Google_Search--22,C8,-100.0,-86.09756097560975,-77.27272727272727,-88.88888888888889,0.0,0.0,0.0,-42.85714285714287
fara-7b,Google_Search--23,C2,0.0,-74.22096317280453,-42.857142857142854,-54.54545454545454,0.0,inf,0.0,-4.863221884498474
fara-7b,Google_Search--23,C5,0.0,-9.91501416430595,0.0,0.0,0.0,0.0,0.0,0.911854103343478
fara-7b,Google_Search--23,C7,0.0,-75.3541076487252,-50.0,-63.63636363636363,0.0,inf,0.0,-8.510638297872331
fara-7b,Google_Search--23,C8,-100.0,-63.172804532577906,-57.14285714285714,-72.72727272727273,inf,0.0,0.0,59.878419452887556
fara-7b,Google_Search--24,C2,0.0,-78.13620071684588,-50.0,-66.66666666666666,0.0,inf,0.0,-9.482758620689651
fara-7b,Google_Search--24,C5,0.0,-0.35842293906810035,0.0,0.0,0.0,0.0,0.0,-4.7413793103448185
fara-7b,Google_Search--24,C7,0.0,-68.10035842293907,-41.66666666666667,-55.55555555555556,0.0,inf,0.0,5.172413793103446
fara-7b,Google_Search--24,C8,0.0,-79.92831541218638,-58.333333333333336,-77.77777777777779,0.0,0.0,0.0,-37.5
fara-7b,Google_Search--25,C2,-100.0,-76.61016949152543,-64.70588235294117,-78.57142857142857,0.0,inf,0.0,29.838709677419338
fara-7b,Google_Search--25,C5,0.0,333.5593220338983,1311.764705882353,1592.857142857143,0.0,0.0,0.0,-19.892473118279575
fara-7b,Google_Search--25,C7,-100.0,-58.98305084745763,-64.70588235294117,-78.57142857142857,0.0,inf,0.0,33.33333333333333
fara-7b,Google_Search--25,C8,-100.0,-81.01694915254237,-70.58823529411765,-85.71428571428571,0.0,0.0,0.0,-35.215053763440864
fara-7b,Google_Search--26,C2,0.0,-77.67441860465117,-40.0,-57.14285714285714,0.0,inf,0.0,-14.705882352941178
fara-7b,Google_Search--26,C5,0.0,-16.97674418604651,0.0,0.0,0.0,0.0,0.0,-10.380622837370243
fara-7b,Google_Search--26,C7,0.0,-75.5813953488372,-40.0,-57.14285714285714,0.0,inf,0.0,-14.186851211072657
fara-7b,Google_Search--26,C8,0.0,-86.04651162790698,-50.0,-71.42857142857143,0.0,0.0,0.0,-73.1833910034602
fara-7b,Google_Search--27,C2,-100.0,-78.71720116618076,-71.42857142857143,-82.35294117647058,0.0,inf,0.0,92.99610894941635
fara-7b,Google_Search--27,C5,0.0,38.19241982507289,0.0,0.0,0.0,0.0,0.0,-0.3891050583657505
fara-7b,Google_Search--27,C7,-100.0,-78.4256559766764,-71.42857142857143,-82.35294117647058,0.0,inf,0.0,92.99610894941635
fara-7b,Google_Search--27,C8,-100.0,-77.55102040816327,-76.19047619047619,-88.23529411764706,inf,0.0,0.0,71.59533073929963
fara-7b,Google_Search--28,C2,-100.0,-79.27350427350427,-74.07407407407408,-83.33333333333334,0.0,inf,0.0,19.10669975186105
fara-7b,Google_Search--28,C5,0.0,179.9145299145299,803.7037037037036,900.0,0.0,0.0,0.0,21.339950372208442
fara-7b,Google_Search--28,C7,0.0,-79.05982905982906,-74.07407407407408,-83.33333333333334,0.0,inf,0.0,28.784119106699755
fara-7b,Google_Search--28,C8,-100.0,-62.60683760683761,-81.48148148148148,-91.66666666666666,inf,0.0,0.0,32.50620347394542
fara-7b,Google_Search--29,C2,-100.0,-68.6192468619247,-50.0,-66.66666666666666,0.0,inf,0.0,118.94273127753306
fara-7b,Google_Search--29,C5,-100.0,39.74895397489539,25.0,33.33333333333333,0.0,0.0,0.0,147.13656387665202
fara-7b,Google_Search--29,C7,0.0,-72.38493723849372,-50.0,-66.66666666666666,0.0,inf,0.0,16.299559471365637
fara-7b,Google_Search--29,C8,0.0,-75.73221757322176,-58.333333333333336,-77.77777777777779,0.0,0.0,0.0,-24.669603524229068
fara-7b,Google_Search--3,C2,-100.0,-78.35990888382688,-75.0,-84.0,0.0,inf,0.0,27.139364303178485
fara-7b,Google_Search--3,C5,-100.0,1.366742596810934,-10.714285714285714,-12.0,0.0,0.0,0.0,59.168704156479215
fara-7b,Google_Search--3,C7,-100.0,-78.13211845102505,-78.57142857142857,-88.0,0.0,inf,0.0,33.2518337408313
fara-7b,Google_Search--3,C8,-100.0,-70.84282460136674,-82.14285714285714,-92.0,inf,0.0,0.0,26.161369193154044
fara-7b,Google_Search--30,C2,-100.0,-67.87330316742081,-50.0,-66.66666666666666,0.0,inf,0.0,101.62601626016259
fara-7b,Google_Search--30,C5,0.0,0.4524886877828055,0.0,0.0,0.0,0.0,0.0,-0.40650406504065617
fara-7b,Google_Search--30,C7,-100.0,-66.06334841628959,-50.0,-66.66666666666666,0.0,inf,0.0,105.6910569105691
fara-7b,Google_Search--30,C8,-100.0,-73.30316742081448,-58.333333333333336,-77.77777777777779,0.0,0.0,0.0,24.796747967479664
fara-7b,Google_Search--31,C2,-100.0,-70.54263565891473,-50.0,-66.66666666666666,0.0,inf,0.0,119.55555555555554
fara-7b,Google_Search--31,C5,0.0,3.10077519379845,0.0,0.0,0.0,0.0,0.0,-1.3333333333333366
fara-7b,Google_Search--31,C7,0.0,-73.64341085271317,-50.0,-66.66666666666666,0.0,inf,0.0,42.66666666666667
fara-7b,Google_Search--31,C8,-100.0,-78.29457364341084,-58.333333333333336,-77.77777777777779,0.0,0.0,0.0,19.55555555555555
fara-7b,Google_Search--32,C2,0.0,-65.47619047619048,-46.15384615384615,-60.0,0.0,inf,0.0,-6.513409961685834
fara-7b,Google_Search--32,C5,0.0,0.3968253968253968,0.0,0.0,0.0,0.0,0.0,0.0
fara-7b,Google_Search--32,C7,0.0,-63.49206349206349,-46.15384615384615,-60.0,0.0,inf,0.0,-3.4482758620689737
fara-7b,Google_Search--32,C8,-100.0,-30.158730158730158,-61.53846153846154,-80.0,inf,0.0,0.0,104.98084291187739
fara-7b,Google_Search--33,C2,0.0,-87.39255014326648,-78.125,-85.18518518518519,0.0,inf,0.0,-17.83439490445859
fara-7b,Google_Search--33,C5,0.0,-23.065902578796564,-43.75,-44.44444444444444,0.0,0.0,0.0,-0.7961783439490446
fara-7b,Google_Search--33,C7,0.0,-90.83094555873924,-81.25,-88.88888888888889,0.0,inf,0.0,-23.726114649681527
fara-7b,Google_Search--33,C8,0.0,-91.97707736389685,-84.375,-92.5925925925926,0.0,0.0,0.0,-24.04458598726114
fara-7b,Google_Search--34,C2,0.0,inf,inf,inf,0.0,inf,0.0,
fara-7b,Google_Search--34,C5,100.0,inf,inf,inf,0.0,0.0,0.0,
fara-7b,Google_Search--34,C7,0.0,inf,inf,inf,0.0,inf,0.0,
fara-7b,Google_Search--34,C8,0.0,inf,inf,inf,inf,0.0,0.0,
fara-7b,Google_Search--35,C2,0.0,-81.45539906103286,-70.0,-82.35294117647058,0.0,inf,0.0,23.116438356164394
fara-7b,Google_Search--35,C5,0.0,-33.568075117370896,-50.0,-58.82352941176471,0.0,0.0,0.0,-2.054794520547938
fara-7b,Google_Search--35,C7,0.0,-82.15962441314554,-70.0,-82.35294117647058,0.0,inf,0.0,-14.726027397260278
fara-7b,Google_Search--35,C8,0.0,-86.3849765258216,-75.0,-88.23529411764706,0.0,0.0,0.0,-40.92465753424657
fara-7b,Google_Search--36,C2,-100.0,-81.49171270718232,-76.0,-85.71428571428571,0.0,inf,0.0,44.87951807228915
fara-7b,Google_Search--36,C5,0.0,-10.220994475138122,0.0,0.0,0.0,0.0,0.0,-2.40963855421688
fara-7b,Google_Search--36,C7,-100.0,-80.93922651933701,-76.0,-85.71428571428571,0.0,inf,0.0,44.578313253012034
fara-7b,Google_Search--36,C8,-100.0,-84.5303867403315,-80.0,-90.47619047619048,0.0,0.0,0.0,-26.506024096385556
fara-7b,Google_Search--37,C2,-100.0,-51.162790697674424,-50.0,-66.66666666666666,0.0,inf,0.0,51.975683890577514
fara-7b,Google_Search--37,C5,-100.0,31.007751937984494,16.666666666666664,22.22222222222222,0.0,0.0,0.0,85.71428571428574
fara-7b,Google_Search--37,C7,-100.0,-72.09302325581395,-50.0,-66.66666666666666,0.0,inf,0.0,49.84802431610942
fara-7b,Google_Search--37,C8,-100.0,-51.55038759689923,-58.333333333333336,-77.77777777777779,inf,0.0,0.0,55.92705167173252
fara-7b,Google_Search--38,C2,-100.0,-75.26881720430107,-53.84615384615385,-70.0,0.0,inf,0.0,13.084112149532714
fara-7b,Google_Search--38,C5,-100.0,-9.408602150537634,7.6923076923076925,10.0,0.0,0.0,0.0,29.4392523364486
fara-7b,Google_Search--38,C7,-100.0,-75.26881720430107,-46.15384615384615,-60.0,0.0,inf,0.0,22.42990654205608
fara-7b,Google_Search--38,C8,-100.0,-79.56989247311827,-61.53846153846154,-80.0,inf,0.0,0.0,18.92523364485982
fara-7b,Google_Search--39,C2,-100.0,-71.25506072874494,-50.0,-66.66666666666666,0.0,inf,0.0,114.84716157205244
fara-7b,Google_Search--39,C5,0.0,62.34817813765182,250.0,333.33333333333337,0.0,0.0,0.0,86.46288209606989
fara-7b,Google_Search--39,C7,-100.0,-70.8502024291498,-50.0,-66.66666666666666,0.0,inf,0.0,112.6637554585153
fara-7b,Google_Search--39,C8,-100.0,-70.8502024291498,-58.333333333333336,-77.77777777777779,inf,0.0,0.0,76.85589519650657
fara-7b,Google_Search--4,C2,0.0,-90.0990099009901,-80.64516129032258,-88.88888888888889,0.0,inf,0.0,-31.039531478770126
fara-7b,Google_Search--4,C5,0.0,-29.372937293729372,-54.83870967741935,-59.25925925925925,0.0,0.0,0.0,-22.10834553440702
fara-7b,Google_Search--4,C7,0.0,-89.10891089108911,-80.64516129032258,-88.88888888888889,0.0,inf,0.0,-29.282576866764277
fara-7b,Google_Search--4,C8,0.0,-84.81848184818482,-83.87096774193549,-92.5925925925926,inf,0.0,0.0,-31.039531478770126
fara-7b,Google_Search--40,C2,0.0,-60.60606060606061,-46.15384615384615,-60.0,0.0,inf,0.0,15.298507462686558
fara-7b,Google_Search--40,C5,0.0,-4.040404040404041,0.0,0.0,0.0,0.0,0.0,-2.238805970149259
fara-7b,Google_Search--40,C7,-100.0,-65.31986531986533,-46.15384615384615,-60.0,0.0,inf,0.0,101.86567164179105
fara-7b,Google_Search--40,C8,0.0,-63.63636363636363,-61.53846153846154,-80.0,inf,0.0,0.0,18.656716417910445
fara-7b,Google_Search--41,C2,-100.0,-59.84251968503938,-46.15384615384615,-60.0,0.0,inf,0.0,92.619926199262
fara-7b,Google_Search--41,C5,0.0,5.905511811023622,7.6923076923076925,10.0,0.0,0.0,0.0,-3.321033210332111
fara-7b,Google_Search--41,C7,-100.0,-59.4488188976378,-46.15384615384615,-60.0,0.0,inf,0.0,94.83394833948337
fara-7b,Google_Search--41,C8,-100.0,-57.874015748031496,-61.53846153846154,-80.0,inf,0.0,0.0,18.08118081180811
fara-7b,Google_Search--42,C2,-100.0,-86.08815426997245,-95.33333333333334,-97.27891156462584,0.0,inf,0.0,51.490514905149055
fara-7b,Google_Search--42,C5,0.0,-28.236914600550968,-84.66666666666667,-86.39455782312925,0.0,0.0,0.0,68.02168021680217
fara-7b,Google_Search--42,C7,-100.0,-85.9504132231405,-95.33333333333334,-97.27891156462584,0.0,inf,0.0,47.425474254742554
fara-7b,Google_Search--42,C8,-100.0,-82.92011019283747,-96.66666666666667,-98.63945578231292,inf,0.0,0.0,-3.5230352303522956
fara-7b,Google_Search--5,C2,-100.0,-65.88628762541806,-50.0,-66.66666666666666,0.0,inf,0.0,95.16129032258064
fara-7b,Google_Search--5,C5,-100.0,74.24749163879598,158.33333333333331,211.11111111111111,0.0,0.0,0.0,98.38709677419355
fara-7b,Google_Search--5,C7,-100.0,-78.26086956521739,-50.0,-66.66666666666666,0.0,inf,0.0,93.14516129032256
fara-7b,Google_Search--5,C8,-100.0,-80.60200668896321,-58.333333333333336,-77.77777777777779,0.0,0.0,0.0,8.064516129032258
fara-7b,Google_Search--6,C2,-100.0,-80.62015503875969,-89.65517241379311,-94.44444444444444,0.0,inf,0.0,63.230240549828174
fara-7b,Google_Search--6,C5,0.0,-2.3255813953488373,0.0,0.0,0.0,0.0,0.0,-5.841924398625439
fara-7b,Google_Search--6,C7,-100.0,-73.38501291989664,-89.65517241379311,-94.44444444444444,0.0,inf,0.0,73.88316151202748
fara-7b,Google_Search--6,C8,-100.0,-67.44186046511628,-91.37931034482759,-96.29629629629629,inf,0.0,0.0,27.835051546391753
fara-7b,Google_Search--7,C2,-100.0,-74.46808510638297,-50.0,-66.66666666666666,0.0,inf,0.0,125.11013215859033
fara-7b,Google_Search--7,C5,0.0,-9.219858156028367,0.0,0.0,0.0,0.0,0.0,-0.4405286343612241
fara-7b,Google_Search--7,C7,-100.0,-74.11347517730496,-50.0,-66.66666666666666,0.0,inf,0.0,126.43171806167402
fara-7b,Google_Search--7,C8,-100.0,-61.347517730496456,-58.333333333333336,-77.77777777777779,inf,0.0,0.0,44.93392070484582
fara-7b,Google_Search--8,C2,-100.0,-89.68609865470853,-82.85714285714286,-90.32258064516128,0.0,inf,0.0,-17.229729729729733
fara-7b,Google_Search--8,C5,-100.0,2.9895366218236172,-8.571428571428571,-9.67741935483871,0.0,0.0,0.0,22.2972972972973
fara-7b,Google_Search--8,C7,-100.0,-89.98505231689087,-82.85714285714286,-90.32258064516128,0.0,inf,0.0,-51.182432432432435
fara-7b,Google_Search--8,C8,-100.0,-79.82062780269058,-85.71428571428571,-93.54838709677419,inf,0.0,0.0,-12.331081081081088
fara-7b,Google_Search--9,C2,0.0,-61.693548387096776,-65.0,-76.47058823529412,0.0,inf,0.0,-12.903225806451612
fara-7b,Google_Search--9,C5,0.0,120.96774193548387,40.0,47.05882352941176,0.0,0.0,0.0,-0.6451612903225784
fara-7b,Google_Search--9,C7,100.0,-64.11290322580645,-65.0,-76.47058823529412,0.0,inf,0.0,-40.32258064516129
fara-7b,Google_Search--9,C8,0.0,-69.35483870967742,-75.0,-88.23529411764706,inf,0.0,0.0,-18.387096774193544
fara-7b,Huggingface--0,C2,-100.0,-34.20365535248042,-27.27272727272727,-33.33333333333333,0.0,inf,0.0,-24.063116370808682
fara-7b,Huggingface--0,C5,0.0,-0.26109660574412535,0.0,0.0,0.0,0.0,0.0,-14.990138067061146
fara-7b,Huggingface--0,C7,-100.0,-40.469973890339425,-27.27272727272727,-33.33333333333333,0.0,inf,0.0,9.46745562130177
fara-7b,Huggingface--0,C8,-100.0,-40.2088772845953,-27.27272727272727,-33.33333333333333,0.0,inf,0.0,8.67850098619329
fara-7b,Huggingface--1,C2,0.0,17.12707182320442,-25.0,-30.0,0.0,inf,0.0,9.074410163339383
fara-7b,Huggingface--1,C5,0.0,5.524861878453039,8.333333333333332,10.0,0.0,0.0,0.0,-0.18148820326679024
fara-7b,Huggingface--1,C7,0.0,18.784530386740332,-25.0,-30.0,0.0,inf,0.0,5.44464609800363
fara-7b,Huggingface--1,C8,0.0,-7.18232044198895,-25.0,-30.0,0.0,inf,0.0,0.3629764065335676
fara-7b,Huggingface--10,C2,0.0,-52.51141552511416,-52.94117647058824,-60.0,0.0,inf,0.0,9.927797833935019
fara-7b,Huggingface--10,C5,0.0,-30.82191780821918,-5.88235294117647,-6.666666666666667,0.0,0.0,0.0,3.7906137184115547
fara-7b,Huggingface--10,C7,0.0,-52.28310502283106,-52.94117647058824,-60.0,0.0,inf,0.0,4.6931407942238295
fara-7b,Huggingface--10,C8,0.0,-49.31506849315068,-58.82352941176471,-66.66666666666666,0.0,inf,0.0,9.927797833935019
fara-7b,Huggingface--11,C2,0.0,-53.21888412017167,-27.27272727272727,-33.33333333333333,0.0,inf,0.0,-11.32404181184669
fara-7b,Huggingface--11,C5,100.0,2.575107296137339,0.0,0.0,0.0,0.0,0.0,-46.167247386759584
fara-7b,Huggingface--11,C7,0.0,-53.21888412017167,-27.27272727272727,-33.33333333333333,0.0,inf,0.0,-11.672473867595812
fara-7b,Huggingface--11,C8,100.0,-5.150214592274678,-27.27272727272727,-33.33333333333333,0.0,inf,0.0,-57.3170731707317
fara-7b,Huggingface--12,C2,0.0,-3.30188679245283,-30.0,-37.5,0.0,inf,0.0,0.41152263374484715
fara-7b,Huggingface--12,C5,0.0,0.0,0.0,0.0,0.0,0.0,0.0,-0.8230452674897091
fara-7b,Huggingface--12,C7,0.0,-4.716981132075472,-30.0,-37.5,0.0,inf,0.0,0.41152263374484715
fara-7b,Huggingface--12,C8,0.0,-4.716981132075472,-30.0,-37.5,0.0,inf,0.0,0.0
fara-7b,Huggingface--13,C2,0.0,-70.72538860103627,-65.21739130434783,-71.42857142857143,0.0,inf,0.0,-16.80672268907563
fara-7b,Huggingface--13,C5,0.0,1.2953367875647668,0.0,0.0,0.0,0.0,0.0,-0.1680672268907587
fara-7b,Huggingface--13,C7,0.0,-70.72538860103627,-65.21739130434783,-71.42857142857143,0.0,inf,0.0,-16.134453781512608
fara-7b,Huggingface--13,C8,0.0,-5.958549222797927,-69.56521739130434,-76.19047619047619,0.0,inf,0.0,-6.554621848739493
fara-7b,Huggingface--14,C2,0.0,-6.976744186046512,-30.0,-37.5,0.0,inf,0.0,0.4201680672268818
fara-7b,Huggingface--14,C5,0.0,-0.7751937984496124,0.0,0.0,0.0,0.0,0.0,-3.7815126050420256
fara-7b,Huggingface--14,C7,0.0,-6.976744186046512,-30.0,-37.5,0.0,inf,0.0,0.0
fara-7b,Huggingface--14,C8,0.0,-6.976744186046512,-30.0,-37.5,0.0,inf,0.0,-0.8403361344537785
fara-7b,Huggingface--15,C2,-100.0,7.960199004975125,-20.0,-25.0,0.0,inf,0.0,14.968814968814959
fara-7b,Huggingface--15,C5,-100.0,11.940298507462686,10.0,12.5,0.0,0.0,0.0,15.800415800415804
fara-7b,Huggingface--15,C7,-100.0,7.960199004975125,-20.0,-25.0,0.0,inf,0.0,13.929313929313919
fara-7b,Huggingface--15,C8,-100.0,7.960199004975125,-20.0,-25.0,0.0,inf,0.0,14.553014553014554
fara-7b,Huggingface--16,C2,100.0,-3.294117647058824,-38.46153846153847,-45.45454545454545,0.0,inf,0.0,-12.413793103448281
fara-7b,Huggingface--16,C5,0.0,-1.647058823529412,-7.6923076923076925,-9.090909090909092,0.0,0.0,0.0,-1.0344827586206922
fara-7b,Huggingface--16,C7,100.0,-8.941176470588236,-38.46153846153847,-45.45454545454545,0.0,inf,0.0,-5.51724137931035
fara-7b,Huggingface--16,C8,100.0,-11.76470588235294,-38.46153846153847,-45.45454545454545,0.0,inf,0.0,-35.6896551724138
fara-7b,Huggingface--17,C2,0.0,7.479224376731302,-33.33333333333333,-40.0,0.0,inf,0.0,78.27868852459018
fara-7b,Huggingface--17,C5,0.0,8.587257617728532,8.333333333333332,10.0,0.0,0.0,0.0,78.27868852459018
fara-7b,Huggingface--17,C7,0.0,12.465373961218837,-25.0,-30.0,0.0,inf,0.0,76.22950819672131
fara-7b,Huggingface--17,C8,0.0,0.8310249307479225,-25.0,-40.0,0.0,inf,0.0,24.18032786885247
fara-7b,Huggingface--18,C2,0.0,-46.3245492371706,-36.84210526315789,-41.17647058823529,0.0,inf,0.0,1.8456375838926196
fara-7b,Huggingface--18,C5,0.0,-21.081830790568652,-21.052631578947366,-23.52941176470588,0.0,0.0,0.0,-5.7046979865771785
fara-7b,Huggingface--18,C7,0.0,-42.302357836338416,-31.57894736842105,-35.294117647058826,0.0,inf,0.0,-0.3355704697986625
fara-7b,Huggingface--18,C8,0.0,-49.51456310679612,-26.31578947368421,-29.411764705882355,0.0,inf,0.0,-1.0067114093959755
fara-7b,Huggingface--19,C2,0.0,0.7832898172323759,-27.27272727272727,-33.33333333333333,0.0,inf,0.0,11.729622266401602
fara-7b,Huggingface--19,C5,-100.0,16.971279373368144,18.181818181818183,22.22222222222222,0.0,0.0,0.0,9.343936381709748
fara-7b,Huggingface--19,C7,-100.0,9.921671018276761,-27.27272727272727,-33.33333333333333,0.0,inf,0.0,12.723658051689874
fara-7b,Huggingface--19,C8,-100.0,9.138381201044385,-18.181818181818183,-33.33333333333333,0.0,inf,0.0,10.536779324055676
fara-7b,Huggingface--2,C2,0.0,4.62962962962963,-27.27272727272727,-33.33333333333333,0.0,inf,0.0,6.0449050086355784
fara-7b,Huggingface--2,C5,0.0,18.055555555555554,0.0,0.0,0.0,0.0,0.0,-3.799654576856642
fara-7b,Huggingface--2,C7,0.0,22.22222222222222,-27.27272727272727,-33.33333333333333,0.0,inf,0.0,-1.2089810017271083
fara-7b,Huggingface--2,C8,0.0,99.07407407407408,9.090909090909092,11.11111111111111,0.0,inf,0.0,5.699481865284982
fara-7b,Huggingface--20,C2,0.0,-54.3046357615894,-27.27272727272727,-33.33333333333333,0.0,inf,0.0,-4.778156996587038
fara-7b,Huggingface--20,C5,0.0,-49.22737306843267,0.0,0.0,0.0,0.0,0.0,-7.337883959044375
fara-7b,Huggingface--20,C7,100.0,-49.22737306843267,-27.27272727272727,-33.33333333333333,0.0,inf,0.0,-59.38566552901023
fara-7b,Huggingface--20,C8,100.0,-17.439293598233995,-27.27272727272727,-33.33333333333333,0.0,inf,0.0,-18.771331058020476
fara-7b,Huggingface--21,C2,-100.0,-59.226190476190474,-50.0,-57.14285714285714,0.0,inf,0.0,-5.03472222222222
fara-7b,Huggingface--21,C5,-100.0,25.595238095238095,50.0,57.14285714285714,0.0,0.0,0.0,4.340277777777778
fara-7b,Huggingface--21,C7,-100.0,-59.523809523809526,-50.0,-57.14285714285714,0.0,inf,0.0,-5.03472222222222
fara-7b,Huggingface--21,C8,-100.0,33.92857142857143,-25.0,-28.57142857142857,0.0,inf,0.0,10.76388888888888
fara-7b,Huggingface--22,C2,0.0,-78.93700787401575,-46.666666666666664,-53.84615384615385,0.0,inf,0.0,-10.839160839160844
fara-7b,Huggingface--22,C5,0.0,-76.18110236220473,-33.33333333333333,-38.46153846153847,0.0,0.0,0.0,-77.97202797202797
fara-7b,Huggingface--22,C7,0.0,-78.93700787401575,-46.666666666666664,-53.84615384615385,0.0,inf,0.0,-11.188811188811199
fara-7b,Huggingface--22,C8,0.0,-32.08661417322835,-53.333333333333336,-61.53846153846154,0.0,inf,0.0,4.195804195804193
fara-7b,Huggingface--23,C2,0.0,7.0287539936102235,-29.411764705882355,-33.33333333333333,0.0,inf,0.0,-13.223140495867769
fara-7b,Huggingface--23,C5,0.0,71.24600638977637,-11.76470588235294,-13.333333333333334,0.0,0.0,0.0,-10.578512396694212
fara-7b,Huggingface--23,C7,0.0,7.0287539936102235,-29.411764705882355,-33.33333333333333,0.0,inf,0.0,-13.719008264462806
fara-7b,Huggingface--23,C8,0.0,34.504792332268366,-29.411764705882355,-33.33333333333333,0.0,inf,0.0,-7.603305785123969
fara-7b,Huggingface--24,C2,0.0,-5.3097345132743365,-27.27272727272727,-33.33333333333333,0.0,inf,0.0,0.952380952380949
fara-7b,Huggingface--24,C5,0.0,-3.0973451327433628,0.0,0.0,0.0,0.0,0.0,1.428571428571432
fara-7b,Huggingface--24,C7,0.0,-4.867256637168142,-27.27272727272727,-33.33333333333333,0.0,inf,0.0,-26.190476190476193
fara-7b,Huggingface--24,C8,0.0,-4.867256637168142,-27.27272727272727,-33.33333333333333,0.0,inf,0.0,14.761904761904768
fara-7b,Huggingface--25,C2,100.0,-33.33333333333333,-61.111111111111114,-68.75,0.0,inf,0.0,2.9824561403508825
fara-7b,Huggingface--25,C5,0.0,-22.355289421157686,16.666666666666664,18.75,0.0,0.0,0.0,0.5263157894736793
fara-7b,Huggingface--25,C7,100.0,-28.343313373253494,-61.111111111111114,-68.75,0.0,inf,0.0,1.2280701754386014
fara-7b,Huggingface--25,C8,0.0,-23.952095808383234,-38.88888888888889,-43.75,0.0,inf,0.0,2.9824561403508825
fara-7b,Huggingface--26,C2,0.0,-5.49738219895288,-27.27272727272727,-33.33333333333333,0.0,inf,0.0,-1.5923566878980893
fara-7b,Huggingface--26,C5,0.0,-31.151832460732987,0.0,0.0,0.0,0.0,0.0,86.62420382165607
fara-7b,Huggingface--26,C7,0.0,-5.7591623036649215,-27.27272727272727,-33.33333333333333,0.0,inf,0.0,-1.2738853503184668
fara-7b,Huggingface--26,C8,0.0,-5.7591623036649215,-27.27272727272727,-33.33333333333333,0.0,inf,0.0,0.0
fara-7b,Huggingface--27,C2,0.0,-5.88235294117647,-30.0,-37.5,0.0,inf,0.0,26.359832635983267
fara-7b,Huggingface--27,C5,-100.0,80.74866310160428,50.0,62.5,0.0,0.0,0.0,122.17573221757326
fara-7b,Huggingface--27,C7,0.0,-5.88235294117647,-30.0,-37.5,0.0,inf,0.0,24.686192468619257
fara-7b,Huggingface--27,C8,0.0,-5.88235294117647,-30.0,-37.5,0.0,inf,0.0,25.94142259414227
fara-7b,Huggingface--28,C2,100.0,-11.809045226130653,-56.25,-64.28571428571429,0.0,inf,0.0,-35.06044905008635
fara-7b,Huggingface--28,C5,0.0,9.296482412060302,-31.25,-35.714285714285715,0.0,0.0,0.0,-3.454231433506045
fara-7b,Huggingface--28,C7,100.0,-10.804020100502512,-56.25,-64.28571428571429,0.0,inf,0.0,-34.715025906735754
fara-7b,Huggingface--28,C8,0.0,-10.552763819095476,-56.25,-64.28571428571429,0.0,inf,0.0,-2.417962003454229
fara-7b,Huggingface--29,C2,0.0,-3.089887640449438,-21.428571428571427,-25.0,0.0,inf,0.0,-1.3123359580052494
fara-7b,Huggingface--29,C5,0.0,12.640449438202248,-21.428571428571427,-25.0,0.0,0.0,0.0,-15.223097112860904
fara-7b,Huggingface--29,C7,0.0,-25.0,-50.0,-58.333333333333336,0.0,inf,0.0,26.246719160104988
fara-7b,Huggingface--29,C8,0.0,-3.089887640449438,-21.428571428571427,-25.0,0.0,inf,0.0,2.362204724409445
fara-7b,Huggingface--3,C2,0.0,-2.380952380952381,-30.0,-37.5,0.0,inf,0.0,0.43383947939261547
fara-7b,Huggingface--3,C5,0.0,-7.142857142857142,0.0,0.0,0.0,0.0,0.0,29.28416485900217
fara-7b,Huggingface--3,C7,0.0,-12.380952380952381,-30.0,-37.5,0.0,inf,0.0,0.0
fara-7b,Huggingface--3,C8,0.0,-2.857142857142857,-30.0,-37.5,0.0,inf,0.0,30.585683297180044
fara-7b,Huggingface--30,C2,0.0,-43.21329639889196,-20.0,-25.0,0.0,inf,0.0,-62.05035971223022
fara-7b,Huggingface--30,C5,0.0,-30.47091412742382,10.0,12.5,0.0,0.0,0.0,6.834532374100714
fara-7b,Huggingface--30,C7,0.0,-38.504155124653735,-20.0,-25.0,0.0,inf,0.0,1.0791366906474844
fara-7b,Huggingface--30,C8,0.0,-42.65927977839335,-20.0,-25.0,0.0,inf,0.0,-1.6187050359712205
fara-7b,Huggingface--31,C2,0.0,-5.691056910569105,-27.27272727272727,-33.33333333333333,0.0,inf,0.0,23.88663967611337
fara-7b,Huggingface--31,C5,0.0,-0.8130081300813009,0.0,0.0,0.0,0.0,0.0,-2.4291497975708416
fara-7b,Huggingface--31,C7,0.0,-5.691056910569105,-27.27272727272727,-33.33333333333333,0.0,inf,0.0,21.862348178137662
fara-7b,Huggingface--31,C8,0.0,-5.691056910569105,-27.27272727272727,-33.33333333333333,0.0,inf,0.0,22.267206477732795
fara-7b,Huggingface--32,C2,0.0,-4.129793510324483,-30.0,-37.5,0.0,inf,0.0,-2.4029574861367915
fara-7b,Huggingface--32,C5,0.0,-3.5398230088495577,0.0,0.0,0.0,0.0,0.0,1.4787430683918616
fara-7b,Huggingface--32,C7,0.0,-3.8348082595870205,-30.0,-37.5,0.0,inf,0.0,-2.0332717190388196
fara-7b,Huggingface--32,C8,0.0,33.6283185840708,-20.0,-37.5,0.0,inf,0.0,5.91497227356746
fara-7b,Huggingface--33,C2,0.0,-68.67256637168143,-60.86956521739131,-66.66666666666666,0.0,inf,0.0,-13.33333333333334
fara-7b,Huggingface--33,C5,0.0,-17.52212389380531,-4.3478260869565215,-4.761904761904762,0.0,0.0,0.0,-12.032520325203249
fara-7b,Huggingface--33,C7,0.0,-68.67256637168143,-60.86956521739131,-66.66666666666666,0.0,inf,0.0,-12.357723577235774
fara-7b,Huggingface--33,C8,0.0,-70.97345132743362,-65.21739130434783,-71.42857142857143,0.0,inf,0.0,-14.146341463414638
fara-7b,Huggingface--34,C2,0.0,-80.6509945750452,-50.0,-57.14285714285714,0.0,inf,0.0,-16.32996632996632
fara-7b,Huggingface--34,C5,0.0,-5.063291139240507,0.0,0.0,0.0,0.0,0.0,4.88215488215488
fara-7b,Huggingface--34,C7,0.0,-80.6509945750452,-50.0,-57.14285714285714,0.0,inf,0.0,-17.003367003367007
fara-7b,Huggingface--34,C8,0.0,-14.828209764918626,-25.0,-28.57142857142857,0.0,inf,0.0,1.5151515151515127
fara-7b,Huggingface--35,C2,-100.0,-73.02452316076294,-57.89473684210527,-64.70588235294117,0.0,inf,0.0,60.55900621118012
fara-7b,Huggingface--35,C5,0.0,35.14986376021799,-15.789473684210526,-23.52941176470588,0.0,0.0,0.0,32.91925465838507
fara-7b,Huggingface--35,C7,-100.0,-73.02452316076294,-57.89473684210527,-64.70588235294117,0.0,inf,0.0,59.316770186335376
fara-7b,Huggingface--35,C8,-100.0,-60.49046321525886,-63.1578947368421,-70.58823529411765,0.0,inf,0.0,54.03726708074533
fara-7b,Huggingface--36,C2,100.0,-68.42105263157895,-61.111111111111114,-68.75,0.0,inf,0.0,-57.766143106457235
fara-7b,Huggingface--36,C5,100.0,-66.3157894736842,-44.44444444444444,-50.0,0.0,0.0,0.0,-48.51657940663176
fara-7b,Huggingface--36,C7,100.0,-68.42105263157895,-61.111111111111114,-68.75,0.0,inf,0.0,-57.94066317626526
fara-7b,Huggingface--36,C8,100.0,-68.42105263157895,-61.111111111111114,-68.75,0.0,inf,0.0,-58.1151832460733
fara-7b,Huggingface--37,C2,0.0,-2.0202020202020203,-20.0,-25.0,0.0,inf,0.0,-1.1589403973509862
fara-7b,Huggingface--37,C5,0.0,-10.1010101010101,20.0,12.5,0.0,0.0,0.0,-6.125827814569529
fara-7b,Huggingface--37,C7,0.0,-1.5151515151515151,-20.0,-25.0,0.0,inf,0.0,-0.6622516556291367
fara-7b,Huggingface--37,C8,100.0,-8.83838383838384,-20.0,-25.0,0.0,inf,0.0,-48.17880794701986
fara-7b,Huggingface--38,C2,-100.0,-45.75757575757576,-52.94117647058824,-60.0,0.0,inf,0.0,25.69593147751606
fara-7b,Huggingface--38,C5,0.0,78.18181818181819,5.88235294117647,6.666666666666667,0.0,0.0,0.0,27.62312633832976
fara-7b,Huggingface--38,C7,-100.0,-45.75757575757576,-52.94117647058824,-60.0,0.0,inf,0.0,24.411134903640253
fara-7b,Huggingface--38,C8,-100.0,18.787878787878785,-52.94117647058824,-60.0,0.0,inf,0.0,30.192719486081355
fara-7b,Huggingface--39,C2,-100.0,-12.5,-55.00000000000001,-61.111111111111114,0.0,inf,0.0,-8.156606851549755
fara-7b,Huggingface--39,C5,-100.0,2.5,-50.0,-55.55555555555556,0.0,0.0,0.0,-4.893964110929853
fara-7b,Huggingface--39,C7,-100.0,-1.9444444444444444,-60.0,-66.66666666666666,0.0,inf,0.0,-7.504078303425767
fara-7b,Huggingface--39,C8,-100.0,-48.05555555555556,-65.0,-72.22222222222221,0.0,inf,0.0,-3.425774877650888
fara-7b,Huggingface--4,C2,0.0,-8.444444444444445,-27.27272727272727,-33.33333333333333,0.0,inf,0.0,-3.8596491228070224
fara-7b,Huggingface--4,C5,0.0,158.22222222222223,63.63636363636363,77.77777777777779,0.0,0.0,0.0,5.9649122807017525
fara-7b,Huggingface--4,C7,0.0,-5.333333333333334,-18.181818181818183,-22.22222222222222,0.0,inf,0.0,-1.052631578947371
fara-7b,Huggingface--4,C8,0.0,-7.111111111111111,-27.27272727272727,-33.33333333333333,0.0,inf,0.0,-0.7017543859649098
fara-7b,Huggingface--40,C2,100.0,-33.87096774193548,-40.0,-36.36363636363637,0.0,inf,0.0,2.966101694915251
fara-7b,Huggingface--40,C5,100.0,-29.838709677419356,-20.0,-9.090909090909092,0.0,0.0,0.0,-2.11864406779661
fara-7b,Huggingface--40,C7,100.0,-33.87096774193548,-40.0,-36.36363636363637,0.0,inf,0.0,0.423728813559313
fara-7b,Huggingface--40,C8,100.0,-31.85483870967742,-40.0,-36.36363636363637,0.0,inf,0.0,27.966101694915242
fara-7b,Huggingface--41,C2,0.0,0.2506265664160401,-18.181818181818183,-22.22222222222222,0.0,inf,0.0,-3.9215686274509802
fara-7b,Huggingface--41,C5,-100.0,-7.017543859649122,0.0,0.0,0.0,0.0,0.0,-21.764705882352946
fara-7b,Huggingface--41,C7,0.0,-44.3609022556391,-27.27272727272727,-33.33333333333333,0.0,inf,0.0,-6.862745098039216
fara-7b,Huggingface--41,C8,0.0,-5.764411027568922,9.090909090909092,11.11111111111111,0.0,inf,0.0,-28.039215686274506
fara-7b,Huggingface--42,C2,0.0,-6.666666666666667,-30.0,-37.5,0.0,inf,0.0,-19.89664082687339
fara-7b,Huggingface--42,C5,0.0,2.898550724637681,0.0,0.0,0.0,0.0,0.0,-20.155038759689933
fara-7b,Huggingface--42,C7,0.0,-6.666666666666667,-30.0,-37.5,0.0,inf,0.0,-21.18863049095608
fara-7b,Huggingface--42,C8,0.0,-2.898550724637681,-30.0,-37.5,0.0,inf,0.0,-19.89664082687339
fara-7b,Huggingface--5,C2,0.0,-3.2828282828282833,-27.27272727272727,-33.33333333333333,0.0,inf,0.0,-0.6249999999999978
fara-7b,Huggingface--5,C5,0.0,-0.25252525252525254,0.0,0.0,0.0,0.0,0.0,-2.8124999999999956
fara-7b,Huggingface--5,C7,0.0,-3.0303030303030303,-27.27272727272727,-33.33333333333333,0.0,inf,0.0,-1.5625
fara-7b,Huggingface--5,C8,0.0,-2.7777777777777777,-27.27272727272727,-33.33333333333333,0.0,inf,0.0,-0.31250000000000444
fara-7b,Huggingface--6,C2,0.0,-40.19769357495881,-36.84210526315789,-41.17647058823529,0.0,inf,0.0,18.585858585858592
fara-7b,Huggingface--6,C5,0.0,13.179571663920923,0.0,-11.76470588235294,0.0,0.0,0.0,0.8080808080808052
fara-7b,Huggingface--6,C7,0.0,-44.64579901153213,-36.84210526315789,-41.17647058823529,0.0,inf,0.0,8.686868686868682
fara-7b,Huggingface--6,C8,0.0,-38.71499176276771,-42.10526315789473,-47.05882352941176,0.0,inf,0.0,23.838383838383834
fara-7b,Huggingface--7,C2,0.0,-5.88235294117647,-30.0,-37.5,0.0,inf,0.0,-0.8438818565400814
fara-7b,Huggingface--7,C5,0.0,1.06951871657754,0.0,0.0,0.0,0.0,0.0,-1.6877637130801628
fara-7b,Huggingface--7,C7,0.0,-5.88235294117647,-30.0,-37.5,0.0,inf,0.0,-2.531645569620244
fara-7b,Huggingface--7,C8,0.0,-5.88235294117647,-30.0,-37.5,0.0,inf,0.0,-1.2658227848101298
fara-7b,Huggingface--8,C2,-100.0,-81.41993957703929,-96.5034965034965,-97.1830985915493,0.0,inf,0.0,20.681818181818183
fara-7b,Huggingface--8,C5,0.0,-85.75025176233635,-94.05594405594405,-94.71830985915493,0.0,0.0,0.0,-47.5
fara-7b,Huggingface--8,C7,0.0,-80.36253776435045,-96.5034965034965,-97.1830985915493,0.0,inf,0.0,20.681818181818183
fara-7b,Huggingface--8,C8,0.0,-83.38368580060424,-96.15384615384616,-96.83098591549296,0.0,inf,0.0,-46.13636363636363
fara-7b,Huggingface--9,C2,100.0,-7.6923076923076925,-18.181818181818183,-33.33333333333333,0.0,inf,0.0,-4.063604240282693
fara-7b,Huggingface--9,C5,100.0,0.0,0.0,0.0,0.0,0.0,0.0,-26.14840989399294
fara-7b,Huggingface--9,C7,0.0,-7.6923076923076925,-18.181818181818183,-33.33333333333333,0.0,inf,0.0,-3.3568904593639552
fara-7b,Huggingface--9,C8,0.0,-42.56410256410256,-27.27272727272727,-33.33333333333333,0.0,inf,0.0,-3.180212014134283
fara-7b,Wolfram_Alpha--0,C2,0.0,2.7027027027027026,0.0,0.0,0.0,0.0,0.0,-13.461538461538462
fara-7b,Wolfram_Alpha--0,C5,0.0,-12.162162162162163,-33.33333333333333,-100.0,0.0,0.0,0.0,-7.307692307692302
fara-7b,Wolfram_Alpha--0,C7,0.0,40.54054054054054,0.0,0.0,0.0,0.0,0.0,16.53846153846154
fara-7b,Wolfram_Alpha--0,C8,0.0,2.7027027027027026,0.0,0.0,0.0,0.0,0.0,-15.769230769230774
fara-7b,Wolfram_Alpha--1,C2,0.0,-6.474820143884892,-25.0,-50.0,0.0,0.0,0.0,-44.19134396355353
fara-7b,Wolfram_Alpha--1,C5,0.0,58.27338129496403,125.0,250.0,0.0,0.0,0.0,-42.82460136674259
fara-7b,Wolfram_Alpha--1,C7,-100.0,-70.50359712230215,-50.0,-50.0,0.0,inf,0.0,12.072892938496594
fara-7b,Wolfram_Alpha--1,C8,0.0,0.0,0.0,0.0,0.0,0.0,0.0,-44.19134396355353
fara-7b,Wolfram_Alpha--10,C2,0.0,-2.1505376344086025,0.0,0.0,0.0,0.0,0.0,-6.329113924050633
fara-7b,Wolfram_Alpha--10,C5,0.0,8.60215053763441,-25.0,-50.0,0.0,0.0,0.0,21.51898734177216
fara-7b,Wolfram_Alpha--10,C7,0.0,1.0752688172043012,0.0,0.0,0.0,0.0,0.0,-2.9535864978902926
fara-7b,Wolfram_Alpha--10,C8,0.0,17.20430107526882,0.0,0.0,0.0,0.0,0.0,-3.797468354430374
fara-7b,Wolfram_Alpha--11,C2,0.0,-0.6756756756756757,0.0,0.0,0.0,0.0,0.0,0.33444816053512183
fara-7b,Wolfram_Alpha--11,C5,0.0,0.6756756756756757,0.0,0.0,0.0,0.0,0.0,-23.076923076923073
fara-7b,Wolfram_Alpha--11,C7,0.0,41.21621621621622,0.0,0.0,0.0,0.0,0.0,91.63879598662207
fara-7b,Wolfram_Alpha--11,C8,-100.0,5.405405405405405,0.0,0.0,0.0,0.0,0.0,82.60869565217392
fara-7b,Wolfram_Alpha--12,C2,0.0,-97.1820809248555,-98.63013698630137,-99.53917050691244,0.0,inf,0.0,-45.86387434554974
fara-7b,Wolfram_Alpha--12,C5,0.0,-11.99421965317919,-12.785388127853881,-12.903225806451612,0.0,0.0,0.0,-27.853403141361248
fara-7b,Wolfram_Alpha--12,C7,0.0,-97.32658959537572,-98.63013698630137,-99.53917050691244,0.0,inf,0.0,-46.9109947643979
fara-7b,Wolfram_Alpha--12,C8,0.0,-87.86127167630057,-98.17351598173516,-99.07834101382488,0.0,0.0,0.0,-44.712041884816756
fara-7b,Wolfram_Alpha--13,C2,0.0,0.8333333333333334,0.0,0.0,0.0,0.0,0.0,-2.0491803278688527
fara-7b,Wolfram_Alpha--13,C5,-100.0,-1.6666666666666667,0.0,0.0,0.0,0.0,0.0,115.98360655737707
fara-7b,Wolfram_Alpha--13,C7,-100.0,-100.0,-100.0,-100.0,0.0,0.0,0.0,
fara-7b,Wolfram_Alpha--13,C8,0.0,-2.5,0.0,0.0,0.0,0.0,0.0,-2.459016393442614
fara-7b,Wolfram_Alpha--14,C2,100.0,30.87248322147651,0.0,0.0,0.0,0.0,0.0,2.6455026455026456
fara-7b,Wolfram_Alpha--14,C5,100.0,107.38255033557047,175.0,350.0,0.0,0.0,0.0,-18.51851851851852
fara-7b,Wolfram_Alpha--14,C7,0.0,13.422818791946309,0.0,0.0,0.0,0.0,0.0,-0.8818342151675485
fara-7b,Wolfram_Alpha--14,C8,100.0,14.093959731543624,0.0,0.0,0.0,0.0,0.0,-2.2927689594356337
fara-7b,Wolfram_Alpha--15,C2,0.0,3.7267080745341614,0.0,0.0,0.0,0.0,0.0,-2.531645569620244
fara-7b,Wolfram_Alpha--15,C5,0.0,-7.453416149068323,-25.0,-50.0,0.0,0.0,0.0,-1.2658227848101298
fara-7b,Wolfram_Alpha--15,C7,0.0,3.7267080745341614,0.0,0.0,0.0,0.0,0.0,-0.8438818565400814
fara-7b,Wolfram_Alpha--15,C8,0.0,4.968944099378882,0.0,0.0,0.0,0.0,0.0,-2.109704641350211
fara-7b,Wolfram_Alpha--16,C2,0.0,0.53475935828877,0.0,0.0,0.0,0.0,0.0,-17.905405405405407
fara-7b,Wolfram_Alpha--16,C5,0.0,0.0,0.0,0.0,0.0,0.0,0.0,-18.58108108108108
fara-7b,Wolfram_Alpha--16,C7,0.0,0.0,0.0,0.0,0.0,0.0,0.0,-18.58108108108108
fara-7b,Wolfram_Alpha--16,C8,0.0,-14.973262032085561,0.0,0.0,0.0,0.0,0.0,-20.608108108108112
fara-7b,Wolfram_Alpha--17,C2,100.0,-51.2396694214876,0.0,0.0,0.0,0.0,0.0,-55.67765567765568
fara-7b,Wolfram_Alpha--17,C5,100.0,-7.851239669421488,0.0,0.0,0.0,0.0,0.0,-11.355311355311361
fara-7b,Wolfram_Alpha--17,C7,100.0,-48.34710743801653,0.0,0.0,0.0,0.0,0.0,-56.043956043956044
fara-7b,Wolfram_Alpha--17,C8,100.0,-4.545454545454546,0.0,0.0,0.0,0.0,0.0,2.0146520146520173
fara-7b,Wolfram_Alpha--18,C2,0.0,-37.89473684210527,-25.0,-50.0,0.0,0.0,0.0,5.172413793103448
fara-7b,Wolfram_Alpha--18,C5,0.0,-8.421052631578947,-25.0,-50.0,0.0,0.0,0.0,-17.24137931034483
fara-7b,Wolfram_Alpha--18,C7,0.0,-37.89473684210527,-25.0,-50.0,0.0,0.0,0.0,5.172413793103448
fara-7b,Wolfram_Alpha--18,C8,0.0,0.0,0.0,0.0,0.0,0.0,0.0,20.344827586206893
fara-7b,Wolfram_Alpha--19,C2,0.0,-78.22685788787483,-92.7536231884058,-95.52238805970148,0.0,inf,0.0,-19.883040935672526
fara-7b,Wolfram_Alpha--19,C5,0.0,-14.602346805736635,-1.4492753623188406,-1.4925373134328357,0.0,0.0,0.0,-7.163742690058488
fara-7b,Wolfram_Alpha--19,C7,0.0,-60.234680573663624,-94.20289855072464,-97.01492537313433,0.0,0.0,0.0,-12.719298245614038
fara-7b,Wolfram_Alpha--19,C8,0.0,-71.70795306388527,-94.20289855072464,-97.01492537313433,0.0,0.0,0.0,-27.485380116959067
fara-7b,Wolfram_Alpha--2,C2,0.0,0.0,0.0,0.0,0.0,0.0,0.0,0.0
fara-7b,Wolfram_Alpha--2,C5,0.0,-17.307692307692307,-33.33333333333333,-100.0,0.0,0.0,0.0,7.929515418502206
fara-7b,Wolfram_Alpha--2,C7,0.0,0.0,0.0,0.0,0.0,0.0,0.0,2.643171806167407
fara-7b,Wolfram_Alpha--2,C8,0.0,0.0,0.0,0.0,0.0,0.0,0.0,3.0837004405286312
fara-7b,Wolfram_Alpha--20,C2,0.0,55.84415584415584,0.0,0.0,0.0,0.0,0.0,29.4871794871795
fara-7b,Wolfram_Alpha--20,C5,0.0,-11.688311688311687,-33.33333333333333,-100.0,0.0,0.0,0.0,1.7094017094017186
fara-7b,Wolfram_Alpha--20,C7,0.0,6.493506493506493,0.0,0.0,0.0,0.0,0.0,5.555555555555559
fara-7b,Wolfram_Alpha--20,C8,0.0,49.35064935064935,0.0,0.0,0.0,0.0,0.0,23.93162393162394
fara-7b,Wolfram_Alpha--21,C2,0.0,0.0,0.0,0.0,0.0,0.0,0.0,26.25
fara-7b,Wolfram_Alpha--21,C5,0.0,0.0,0.0,0.0,0.0,0.0,0.0,-3.333333333333336
fara-7b,Wolfram_Alpha--21,C7,0.0,0.0,0.0,0.0,0.0,0.0,0.0,26.66666666666666
fara-7b,Wolfram_Alpha--21,C8,0.0,0.0,0.0,0.0,0.0,0.0,0.0,-1.6666666666666607
fara-7b,Wolfram_Alpha--22,C2,0.0,0.0,0.0,0.0,0.0,0.0,0.0,0.42194092827004825
fara-7b,Wolfram_Alpha--22,C5,0.0,-9.375,-25.0,-50.0,0.0,0.0,0.0,-4.219409282700422
fara-7b,Wolfram_Alpha--22,C7,0.0,0.0,0.0,0.0,0.0,0.0,0.0,-2.9535864978902926
fara-7b,Wolfram_Alpha--22,C8,0.0,0.0,0.0,0.0,0.0,0.0,0.0,-2.9535864978902926
fara-7b,Wolfram_Alpha--23,C2,0.0,22.641509433962266,0.0,0.0,0.0,0.0,0.0,-1.1695906432748704
fara-7b,Wolfram_Alpha--23,C5,0.0,-6.60377358490566,-25.0,-50.0,0.0,0.0,0.0,0.5847953216374144
fara-7b,Wolfram_Alpha--23,C7,0.0,16.9811320754717,0.0,0.0,0.0,0.0,0.0,38.596491228070164
fara-7b,Wolfram_Alpha--23,C8,0.0,7.547169811320755,0.0,0.0,0.0,0.0,0.0,0.0
fara-7b,Wolfram_Alpha--24,C2,0.0,20.27027027027027,0.0,0.0,0.0,0.0,0.0,5.240174672489096
fara-7b,Wolfram_Alpha--24,C5,0.0,2.7027027027027026,0.0,0.0,0.0,0.0,0.0,-3.493449781659377
fara-7b,Wolfram_Alpha--24,C7,0.0,2.7027027027027026,0.0,0.0,0.0,0.0,0.0,-3.056768558951962
fara-7b,Wolfram_Alpha--24,C8,0.0,14.864864864864865,0.0,0.0,0.0,0.0,0.0,2.183406113537118
fara-7b,Wolfram_Alpha--25,C2,0.0,-11.068702290076336,33.33333333333333,100.0,0.0,0.0,0.0,-2.6548672566371683
fara-7b,Wolfram_Alpha--25,C5,0.0,-11.068702290076336,0.0,0.0,0.0,0.0,0.0,0.5309734513274286
fara-7b,Wolfram_Alpha--25,C7,0.0,-1.5267175572519083,66.66666666666666,200.0,0.0,inf,0.0,-1.7699115044247788
fara-7b,Wolfram_Alpha--25,C8,0.0,-6.870229007633588,33.33333333333333,100.0,0.0,0.0,0.0,-7.610619469026543
fara-7b,Wolfram_Alpha--26,C2,0.0,3.4482758620689653,33.33333333333333,100.0,0.0,inf,0.0,2.2988505747126355
fara-7b,Wolfram_Alpha--26,C5,100.0,-17.24137931034483,-33.33333333333333,-100.0,0.0,0.0,0.0,-7.08812260536399
fara-7b,Wolfram_Alpha--26,C7,0.0,-5.517241379310345,0.0,0.0,0.0,0.0,0.0,2.107279693486579
fara-7b,Wolfram_Alpha--26,C8,0.0,2.7586206896551726,0.0,0.0,0.0,0.0,0.0,4.022988505747115
fara-7b,Wolfram_Alpha--27,C2,100.0,-24.46808510638298,0.0,0.0,0.0,0.0,0.0,-55.98526703499079
fara-7b,Wolfram_Alpha--27,C5,100.0,-27.659574468085108,-25.0,-50.0,0.0,0.0,0.0,-56.16942909760589
fara-7b,Wolfram_Alpha--27,C7,100.0,-2.6595744680851063,0.0,0.0,0.0,0.0,0.0,-56.9060773480663
fara-7b,Wolfram_Alpha--27,C8,100.0,-31.914893617021278,0.0,0.0,0.0,0.0,0.0,-57.0902394106814
fara-7b,Wolfram_Alpha--28,C2,0.0,-85.65217391304348,-72.72727272727273,-88.88888888888889,0.0,inf,0.0,-35.85434173669469
fara-7b,Wolfram_Alpha--28,C5,0.0,-68.26086956521739,-72.72727272727273,-88.88888888888889,0.0,0.0,0.0,-32.49299719887955
fara-7b,Wolfram_Alpha--28,C7,0.0,-86.08695652173914,-72.72727272727273,-88.88888888888889,0.0,inf,0.0,-35.57422969187676
fara-7b,Wolfram_Alpha--28,C8,0.0,-58.69565217391305,-63.63636363636363,-77.77777777777779,0.0,0.0,0.0,-22.12885154061625
fara-7b,Wolfram_Alpha--29,C2,0.0,10.9375,0.0,0.0,0.0,0.0,0.0,36.842105263157876
fara-7b,Wolfram_Alpha--29,C5,0.0,3.125,-25.0,-50.0,0.0,0.0,0.0,42.105263157894726
fara-7b,Wolfram_Alpha--29,C7,0.0,0.0,0.0,0.0,0.0,0.0,0.0,-0.5847953216374352
fara-7b,Wolfram_Alpha--29,C8,0.0,10.9375,0.0,0.0,0.0,0.0,0.0,40.350877192982445
fara-7b,Wolfram_Alpha--3,C2,0.0,4.3478260869565215,0.0,0.0,0.0,0.0,0.0,-2.5104602510460166
fara-7b,Wolfram_Alpha--3,C5,0.0,1.4492753623188406,0.0,0.0,0.0,0.0,0.0,-5.857740585774053
fara-7b,Wolfram_Alpha--3,C7,0.0,11.594202898550725,0.0,0.0,0.0,0.0,0.0,22.175732217573227
fara-7b,Wolfram_Alpha--3,C8,0.0,2.898550724637681,33.33333333333333,100.0,0.0,0.0,0.0,-2.9288702928870265
fara-7b,Wolfram_Alpha--30,C2,0.0,-39.726027397260275,25.0,50.0,0.0,inf,0.0,17.464114832535895
fara-7b,Wolfram_Alpha--30,C5,0.0,5.47945205479452,0.0,0.0,0.0,0.0,0.0,-42.58373205741626
fara-7b,Wolfram_Alpha--30,C7,-100.0,5.47945205479452,25.0,50.0,0.0,inf,0.0,31.818181818181827
fara-7b,Wolfram_Alpha--30,C8,-100.0,-1.36986301369863,0.0,0.0,0.0,0.0,0.0,33.25358851674643
fara-7b,Wolfram_Alpha--31,C2,0.0,2.941176470588235,0.0,0.0,0.0,0.0,0.0,0.429184549356214
fara-7b,Wolfram_Alpha--31,C5,0.0,1.9607843137254901,0.0,0.0,0.0,0.0,0.0,-2.1459227467811157
fara-7b,Wolfram_Alpha--31,C7,0.0,2.941176470588235,0.0,0.0,0.0,0.0,0.0,-1.2875536480686725
fara-7b,Wolfram_Alpha--31,C8,0.0,2.941176470588235,0.0,0.0,0.0,0.0,0.0,-0.8583690987124433
fara-7b,Wolfram_Alpha--32,C2,0.0,-7.216494845360824,0.0,0.0,0.0,0.0,0.0,3.1496062992126013
fara-7b,Wolfram_Alpha--32,C5,0.0,-11.34020618556701,-25.0,-50.0,0.0,0.0,0.0,0.7874015748031609
fara-7b,Wolfram_Alpha--32,C7,0.0,0.0,0.0,0.0,0.0,0.0,0.0,1.968503937007874
fara-7b,Wolfram_Alpha--32,C8,0.0,-1.0309278350515463,0.0,0.0,0.0,0.0,0.0,0.7874015748031609
fara-7b,Wolfram_Alpha--33,C2,0.0,-4.395604395604396,0.0,0.0,0.0,0.0,0.0,-1.2345679012345707
fara-7b,Wolfram_Alpha--33,C5,0.0,2.197802197802198,0.0,0.0,0.0,0.0,0.0,-3.292181069958851
fara-7b,Wolfram_Alpha--33,C7,0.0,1.098901098901099,0.0,0.0,0.0,0.0,0.0,-1.6460905349794326
fara-7b,Wolfram_Alpha--33,C8,0.0,-21.978021978021978,0.0,0.0,0.0,0.0,0.0,-2.880658436213989
fara-7b,Wolfram_Alpha--34,C2,0.0,7.086614173228346,0.0,0.0,0.0,0.0,0.0,-4.291845493562231
fara-7b,Wolfram_Alpha--34,C5,0.0,10.236220472440944,0.0,0.0,0.0,0.0,0.0,-4.721030042918461
fara-7b,Wolfram_Alpha--34,C7,0.0,8.661417322834646,0.0,0.0,0.0,0.0,0.0,-3.862660944206018
fara-7b,Wolfram_Alpha--34,C8,0.0,-7.086614173228346,0.0,0.0,0.0,0.0,0.0,-3.862660944206018
fara-7b,Wolfram_Alpha--35,C2,0.0,0.0,0.0,0.0,0.0,0.0,0.0,-0.44444444444445075
fara-7b,Wolfram_Alpha--35,C5,0.0,-1.4285714285714286,0.0,0.0,0.0,0.0,0.0,-3.555555555555559
fara-7b,Wolfram_Alpha--35,C7,0.0,0.0,0.0,0.0,0.0,0.0,0.0,0.0
fara-7b,Wolfram_Alpha--35,C8,0.0,-1.4285714285714286,0.0,0.0,0.0,0.0,0.0,-0.8888888888888857
fara-7b,Wolfram_Alpha--36,C2,100.0,256.6666666666667,50.0,inf,0.0,0.0,0.0,230.55555555555557
fara-7b,Wolfram_Alpha--36,C5,100.0,256.6666666666667,50.0,inf,0.0,0.0,0.0,225.0
fara-7b,Wolfram_Alpha--36,C7,100.0,256.6666666666667,50.0,inf,0.0,0.0,0.0,230.55555555555557
fara-7b,Wolfram_Alpha--36,C8,100.0,256.6666666666667,50.0,inf,0.0,0.0,0.0,222.22222222222223
fara-7b,Wolfram_Alpha--37,C2,0.0,0.0,0.0,0.0,0.0,0.0,0.0,-3.6734693877550963
fara-7b,Wolfram_Alpha--37,C5,0.0,0.0,0.0,0.0,0.0,0.0,0.0,-4.897959183673466
fara-7b,Wolfram_Alpha--37,C7,0.0,-4.0,0.0,0.0,0.0,0.0,0.0,-3.2653061224489828
fara-7b,Wolfram_Alpha--37,C8,0.0,-4.0,0.0,0.0,0.0,0.0,0.0,-2.0408163265306123
fara-7b,Wolfram_Alpha--38,C2,0.0,-6.862745098039216,0.0,0.0,0.0,0.0,0.0,0.8510638297872309
fara-7b,Wolfram_Alpha--38,C5,0.0,-6.862745098039216,0.0,0.0,0.0,0.0,0.0,0.8510638297872309
fara-7b,Wolfram_Alpha--38,C7,0.0,-3.9215686274509802,0.0,0.0,0.0,0.0,0.0,-0.4255319148936231
fara-7b,Wolfram_Alpha--38,C8,0.0,-6.862745098039216,0.0,0.0,0.0,0.0,0.0,-3.404255319148939
fara-7b,Wolfram_Alpha--39,C2,0.0,3.4722222222222223,0.0,0.0,0.0,0.0,0.0,0.5763688760806793
fara-7b,Wolfram_Alpha--39,C5,0.0,-19.444444444444446,-50.0,-100.0,0.0,0.0,0.0,-30.54755043227666
fara-7b,Wolfram_Alpha--39,C7,0.0,2.7777777777777777,0.0,0.0,0.0,0.0,0.0,-29.97118155619597
fara-7b,Wolfram_Alpha--39,C8,0.0,3.4722222222222223,0.0,0.0,0.0,0.0,0.0,-31.123919308357355
fara-7b,Wolfram_Alpha--4,C2,100.0,-45.09803921568628,0.0,0.0,0.0,0.0,0.0,-27.949183303085295
fara-7b,Wolfram_Alpha--4,C5,100.0,-50.98039215686274,-25.0,-50.0,0.0,0.0,0.0,-27.223230490018146
fara-7b,Wolfram_Alpha--4,C7,0.0,-43.13725490196079,25.0,50.0,0.0,inf,0.0,-4.537205081669692
fara-7b,Wolfram_Alpha--4,C8,0.0,70.58823529411765,0.0,0.0,0.0,0.0,0.0,7.985480943738654
fara-7b,Wolfram_Alpha--40,C2,-100.0,22.302158273381295,0.0,0.0,0.0,0.0,0.0,134.64912280701753
fara-7b,Wolfram_Alpha--40,C5,0.0,5.755395683453238,0.0,0.0,0.0,0.0,0.0,3.947368421052625
fara-7b,Wolfram_Alpha--40,C7,0.0,0.0,0.0,0.0,0.0,0.0,0.0,-0.8771929824561372
fara-7b,Wolfram_Alpha--40,C8,0.0,0.0,0.0,0.0,0.0,0.0,0.0,0.43859649122806077
fara-7b,Wolfram_Alpha--41,C2,0.0,11.11111111111111,0.0,0.0,0.0,0.0,0.0,2.666666666666673
fara-7b,Wolfram_Alpha--41,C5,0.0,0.7407407407407408,-25.0,-50.0,0.0,0.0,0.0,4.444444444444445
fara-7b,Wolfram_Alpha--41,C7,0.0,11.851851851851853,0.0,0.0,0.0,0.0,0.0,4.444444444444445
fara-7b,Wolfram_Alpha--41,C8,0.0,2.2222222222222223,0.0,0.0,0.0,0.0,0.0,-1.3333333333333366
fara-7b,Wolfram_Alpha--42,C2,0.0,1.9867549668874174,0.0,0.0,0.0,0.0,0.0,0.41666666666667257
fara-7b,Wolfram_Alpha--42,C5,0.0,1.9867549668874174,0.0,0.0,0.0,0.0,0.0,-3.333333333333336
fara-7b,Wolfram_Alpha--42,C7,0.0,-12.582781456953644,0.0,0.0,0.0,0.0,0.0,-0.8333333333333304
fara-7b,Wolfram_Alpha--42,C8,0.0,0.6622516556291391,0.0,0.0,0.0,0.0,0.0,0.0
fara-7b,Wolfram_Alpha--43,C2,0.0,19.82758620689655,0.0,0.0,0.0,0.0,0.0,45.18716577540107
fara-7b,Wolfram_Alpha--43,C5,0.0,0.0,0.0,0.0,0.0,0.0,0.0,13.903743315508029
fara-7b,Wolfram_Alpha--43,C7,0.0,0.0,0.0,0.0,0.0,0.0,0.0,16.57754010695188
fara-7b,Wolfram_Alpha--43,C8,-100.0,0.8620689655172413,0.0,0.0,0.0,0.0,0.0,47.05882352941177
fara-7b,Wolfram_Alpha--44,C2,0.0,114.4927536231884,0.0,0.0,0.0,0.0,0.0,22.67206477732794
fara-7b,Wolfram_Alpha--44,C5,0.0,0.0,0.0,0.0,0.0,0.0,0.0,-0.8097165991902806
fara-7b,Wolfram_Alpha--44,C7,0.0,20.28985507246377,0.0,0.0,0.0,0.0,0.0,-9.311740890688263
fara-7b,Wolfram_Alpha--44,C8,0.0,30.434782608695656,0.0,0.0,0.0,0.0,0.0,-3.6437246963562693
fara-7b,Wolfram_Alpha--45,C2,0.0,-0.9708737864077669,0.0,0.0,0.0,0.0,0.0,-0.6912442396313299
fara-7b,Wolfram_Alpha--45,C5,-100.0,35.92233009708738,-25.0,-50.0,0.0,0.0,0.0,29.95391705069125
fara-7b,Wolfram_Alpha--45,C7,-100.0,-8.25242718446602,25.0,50.0,0.0,inf,0.0,22.350230414746548
fara-7b,Wolfram_Alpha--45,C8,0.0,-0.48543689320388345,0.0,0.0,0.0,0.0,0.0,-3.2258064516129004
fara-7b,Wolfram_Alpha--5,C2,0.0,2.666666666666667,0.0,0.0,0.0,0.0,0.0,16.72131147540984
fara-7b,Wolfram_Alpha--5,C5,0.0,0.0,0.0,0.0,0.0,0.0,0.0,-0.9836065573770515
fara-7b,Wolfram_Alpha--5,C7,0.0,0.0,0.0,0.0,0.0,0.0,0.0,0.6557377049180304
fara-7b,Wolfram_Alpha--5,C8,0.0,-2.666666666666667,0.0,0.0,0.0,0.0,0.0,-1.967213114754103
fara-7b,Wolfram_Alpha--6,C2,0.0,-8.653846153846153,0.0,0.0,0.0,0.0,0.0,-0.4273504273504183
fara-7b,Wolfram_Alpha--6,C5,0.0,-7.6923076923076925,-25.0,-50.0,0.0,0.0,0.0,2.991452991453004
fara-7b,Wolfram_Alpha--6,C7,0.0,-9.615384615384617,0.0,0.0,0.0,0.0,0.0,0.0
fara-7b,Wolfram_Alpha--6,C8,0.0,-8.653846153846153,0.0,0.0,0.0,0.0,0.0,-1.28205128205127
fara-7b,Wolfram_Alpha--7,C2,100.0,-62.94964028776978,-60.0,-75.0,0.0,0.0,0.0,-61.165048543689316
fara-7b,Wolfram_Alpha--7,C5,100.0,-60.79136690647482,-60.0,-75.0,0.0,0.0,0.0,-61.48867313915858
fara-7b,Wolfram_Alpha--7,C7,100.0,-59.53237410071942,-60.0,-75.0,0.0,0.0,0.0,-60.19417475728155
fara-7b,Wolfram_Alpha--7,C8,100.0,-60.79136690647482,-60.0,-75.0,0.0,0.0,0.0,-60.03236245954692
fara-7b,Wolfram_Alpha--8,C2,0.0,-48.205128205128204,-25.0,-50.0,0.0,0.0,0.0,-45.13064133016627
fara-7b,Wolfram_Alpha--8,C5,0.0,23.076923076923077,-25.0,-50.0,0.0,0.0,0.0,18.289786223277897
fara-7b,Wolfram_Alpha--8,C7,0.0,-23.076923076923077,0.0,0.0,0.0,0.0,0.0,-26.840855106888363
fara-7b,Wolfram_Alpha--8,C8,0.0,-45.12820512820513,-25.0,-50.0,0.0,0.0,0.0,-44.41805225653207
fara-7b,Wolfram_Alpha--9,C2,0.0,-0.9615384615384616,0.0,0.0,0.0,0.0,0.0,-6.694560669456058
fara-7b,Wolfram_Alpha--9,C5,0.0,-8.653846153846153,-25.0,-50.0,0.0,0.0,0.0,-0.8368200836820056
fara-7b,Wolfram_Alpha--9,C7,0.0,-0.9615384615384616,0.0,0.0,0.0,0.0,0.0,1.2552301255230156
fara-7b,Wolfram_Alpha--9,C8,0.0,-0.9615384615384616,0.0,0.0,0.0,0.0,0.0,-7.112970711297069
