agent,task,condition,rep,pseudo_id_count,pseudo_id_url_param,pseudo_id_cookie_header,pseudo_id_set_cookie
fara-7b,Wolfram_Alpha--37,C7,01,91,0,83,8
fara-7b,Booking--41,C7,01,129,0,79,50
fara-7b,Booking--39,C7,01,138,5,84,49
fara-7b,Amazon--15,C7,01,674,46,620,8
fara-7b,Google_Search--39,C7,01,59,0,54,5
fara-7b,Coursera--19,C7,01,177,7,168,2
fara-7b,Google_Search--9,C7,01,79,0,72,7
fara-7b,Google_Map--7,C7,01,499,0,490,9
fara-7b,Coursera--18,C7,01,194,7,185,2
fara-7b,Cambridge_Dictionary--6,C7,01,53,0,46,7
fara-7b,Google_Map--38,C7,01,441,0,437,4
fara-7b,Huggingface--32,C7,01,231,0,231,0
fara-7b,Google_Flights--41,C7,01,85,0,82,3
fara-7b,ESPN--35,C7,01,100,5,64,31
fara-7b,Booking--5,C7,01,169,5,103,61
fara-7b,GitHub--32,C7,01,61,0,58,3
fara-7b,BBC_News--19,C7,01,55,4,38,13
fara-7b,Google_Search--37,C7,01,57,0,52,5
fara-7b,Coursera--28,C7,01,102,5,95,2
fara-7b,Google_Map--30,C7,01,430,0,426,4
fara-7b,Amazon--12,C7,01,525,11,504,10
fara-7b,Amazon--30,C7,01,395,9,376,10
fara-7b,Coursera--27,C7,01,150,6,142,2
fara-7b,Google_Search--34,C7,01,56,0,51,5
fara-7b,Wolfram_Alpha--18,C7,01,48,0,30,18
fara-7b,Allrecipes--1,C7,01,637,52,272,313
fara-7b,Apple--42,C7,01,1288,3,1230,55
fara-7b,Huggingface--26,C7,01,235,0,235,0
fara-7b,Coursera--0,C7,01,218,7,208,3
fara-7b,Cambridge_Dictionary--5,C7,01,51,0,44,7
fara-7b,BBC_News--21,C7,01,50,1,38,11
fara-7b,Google_Map--11,C7,01,722,0,717,5
fara-7b,Booking--1,C7,01,158,6,98,54
fara-7b,BBC_News--7,C7,01,154,22,98,34
fara-7b,Amazon--35,C7,01,550,17,524,9
fara-7b,Allrecipes--23,C7,01,700,78,309,313
fara-7b,Google_Map--1,C7,01,364,0,355,9
fara-7b,Huggingface--3,C7,01,96,0,96,0
fara-7b,BBC_News--31,C7,01,238,45,136,57
fara-7b,Coursera--1,C7,01,181,7,172,2
fara-7b,Allrecipes--0,C7,01,836,84,371,381
fara-7b,Cambridge_Dictionary--13,C7,01,50,0,43,7
fara-7b,Coursera--36,C7,01,288,10,276,2
fara-7b,Allrecipes--32,C7,01,723,84,309,330
fara-7b,Google_Flights--36,C7,01,73,0,67,6
fara-7b,ESPN--5,C7,01,26,0,6,20
fara-7b,Google_Map--18,C7,01,342,0,338,4
fara-7b,Google_Search--8,C7,01,56,0,51,5
fara-7b,Booking--35,C7,01,161,5,108,48
fara-7b,GitHub--8,C7,01,11,0,8,3
fara-7b,Amazon--39,C7,01,420,8,403,9
fara-7b,Allrecipes--2,C7,01,920,84,410,426
fara-7b,Google_Map--16,C7,01,589,0,585,4
fara-7b,BBC_News--28,C7,01,208,29,142,37
fara-7b,Google_Map--34,C7,01,485,0,482,3
fara-7b,Booking--12,C7,01,138,5,84,49
fara-7b,Wolfram_Alpha--38,C7,01,83,0,69,14
fara-7b,Cambridge_Dictionary--38,C7,01,83,0,76,7
fara-7b,BBC_News--29,C7,01,204,22,138,44
fara-7b,GitHub--0,C7,01,58,0,55,3
fara-7b,GitHub--14,C7,01,63,0,60,3
fara-7b,Amazon--26,C7,01,922,18,896,8
fara-7b,ArXiv--4,C7,01,0,0,0,0
fara-7b,Google_Search--35,C7,01,57,0,52,5
fara-7b,Google_Flights--31,C7,01,78,0,72,6
fara-7b,ESPN--24,C7,01,20,0,5,15
fara-7b,Google_Flights--6,C7,01,79,0,73,6
fara-7b,Google_Map--12,C7,01,385,0,382,3
fara-7b,Cambridge_Dictionary--42,C7,01,144,0,50,94
fara-7b,ArXiv--21,C7,01,1,0,0,1
fara-7b,BBC_News--11,C7,01,264,50,153,61
fara-7b,Allrecipes--34,C7,01,714,61,284,369
fara-7b,GitHub--31,C7,01,12,0,9,3
fara-7b,Allrecipes--43,C7,01,880,88,398,394
fara-7b,Amazon--19,C7,01,821,18,733,70
fara-7b,Google_Search--18,C7,01,83,0,76,7
fara-7b,ArXiv--13,C7,01,1,0,0,1
fara-7b,Cambridge_Dictionary--7,C7,01,45,0,38,7
fara-7b,GitHub--7,C7,01,85,0,81,4
fara-7b,Amazon--24,C7,01,835,48,778,9
fara-7b,ESPN--20,C7,01,61,3,35,23
fara-7b,Wolfram_Alpha--36,C7,01,104,0,78,26
fara-7b,BBC_News--35,C7,01,138,21,90,27
fara-7b,Huggingface--28,C7,01,241,0,241,0
fara-7b,Allrecipes--29,C7,01,660,54,296,310
fara-7b,BBC_News--9,C7,01,55,4,38,13
fara-7b,GitHub--28,C7,01,51,0,47,4
fara-7b,GitHub--39,C7,01,98,0,94,4
fara-7b,Google_Search--36,C7,01,56,0,51,5
fara-7b,Apple--28,C7,01,250,2,218,30
fara-7b,Google_Flights--8,C7,01,58,0,55,3
fara-7b,Huggingface--38,C7,01,68,0,68,0
fara-7b,Google_Flights--10,C7,01,61,0,55,6
fara-7b,GitHub--25,C7,01,80,0,76,4
fara-7b,Allrecipes--19,C7,01,1241,146,559,536
fara-7b,BBC_News--1,C7,01,154,22,98,34
fara-7b,Allrecipes--16,C7,01,861,78,369,414
fara-7b,ArXiv--3,C7,01,1,0,0,1
fara-7b,GitHub--26,C7,01,12,0,9,3
fara-7b,BBC_News--18,C7,01,131,23,83,25
fara-7b,ArXiv--2,C7,01,3,0,1,2
fara-7b,Google_Map--36,C7,01,385,0,382,3
fara-7b,ArXiv--35,C7,01,1,0,0,1
fara-7b,Google_Search--13,C7,01,54,0,49,5
fara-7b,ESPN--34,C7,01,64,3,36,25
fara-7b,Google_Map--15,C7,01,728,0,725,3
fara-7b,Google_Flights--37,C7,01,69,0,63,6
fara-7b,Google_Search--7,C7,01,56,0,51,5
fara-7b,ArXiv--27,C7,01,0,0,0,0
fara-7b,Google_Map--32,C7,01,446,0,443,3
fara-7b,Amazon--36,C7,01,760,21,723,16
fara-7b,Apple--37,C7,01,164,1,135,28
fara-7b,Google_Search--3,C7,01,91,0,79,12
fara-7b,Huggingface--23,C7,01,231,0,225,6
fara-7b,Apple--40,C7,01,95,2,73,20
fara-7b,ArXiv--25,C7,01,32,18,14,0
fara-7b,Amazon--8,C7,01,517,13,495,9
fara-7b,ESPN--16,C7,01,21,0,6,15
fara-7b,ESPN--17,C7,01,67,3,41,23
fara-7b,ESPN--37,C7,01,20,0,5,15
fara-7b,Coursera--10,C7,01,190,7,181,2
fara-7b,Allrecipes--33,C7,01,966,91,450,425
fara-7b,Allrecipes--44,C7,01,373,28,143,202
fara-7b,Google_Map--35,C7,01,363,0,360,3
fara-7b,Allrecipes--14,C7,01,956,99,431,426
fara-7b,Allrecipes--7,C7,01,779,76,350,353
fara-7b,Huggingface--7,C7,01,90,0,90,0
fara-7b,Coursera--22,C7,01,115,4,109,2
fara-7b,Apple--34,C7,01,183,2,156,25
fara-7b,Wolfram_Alpha--39,C7,01,138,0,112,26
fara-7b,Google_Flights--4,C7,01,66,0,61,5
fara-7b,Apple--3,C7,01,177,2,150,25
fara-7b,Allrecipes--12,C7,01,704,100,294,310
fara-7b,Amazon--25,C7,01,521,42,470,9
fara-7b,Google_Map--2,C7,01,395,0,392,3
fara-7b,GitHub--20,C7,01,24,0,21,3
fara-7b,Google_Flights--19,C7,01,64,0,61,3
fara-7b,Wolfram_Alpha--20,C7,01,67,0,53,14
fara-7b,Allrecipes--27,C7,01,622,57,277,288
fara-7b,Booking--13,C7,01,173,5,105,63
fara-7b,Coursera--29,C7,01,132,4,126,2
fara-7b,Huggingface--13,C7,01,18,0,18,0
fara-7b,ESPN--3,C7,01,20,0,5,15
fara-7b,Google_Flights--27,C7,01,61,0,58,3
fara-7b,Apple--35,C7,01,134,1,84,49
fara-7b,Huggingface--30,C7,01,106,0,106,0
fara-7b,Cambridge_Dictionary--41,C7,01,29,0,25,4
fara-7b,ESPN--31,C7,01,20,0,5,15
fara-7b,Google_Search--33,C7,01,57,0,52,5
fara-7b,ArXiv--30,C7,01,13,6,7,0
fara-7b,BBC_News--37,C7,01,130,22,81,27
fara-7b,Apple--20,C7,01,157,1,112,44
fara-7b,GitHub--34,C7,01,49,0,46,3
fara-7b,ArXiv--8,C7,01,0,0,0,0
fara-7b,Coursera--23,C7,01,181,10,169,2
fara-7b,Amazon--33,C7,01,550,18,519,13
fara-7b,Allrecipes--24,C7,01,630,65,270,295
fara-7b,Coursera--35,C7,01,193,7,184,2
fara-7b,Wolfram_Alpha--41,C7,01,130,0,108,22
fara-7b,GitHub--22,C7,01,70,0,66,4
fara-7b,Cambridge_Dictionary--16,C7,01,46,0,39,7
fara-7b,Google_Search--31,C7,01,57,0,52,5
fara-7b,ESPN--41,C7,01,26,0,6,20
fara-7b,Huggingface--41,C7,01,96,0,96,0
fara-7b,Google_Search--30,C7,01,56,0,51,5
fara-7b,BBC_News--3,C7,01,186,30,111,45
fara-7b,Coursera--3,C7,01,125,4,119,2
fara-7b,Wolfram_Alpha--27,C7,01,126,0,100,26
fara-7b,Google_Map--8,C7,01,748,0,743,5
fara-7b,Coursera--21,C7,01,112,6,104,2
fara-7b,GitHub--16,C7,01,12,0,9,3
fara-7b,Google_Map--3,C7,01,356,0,352,4
fara-7b,Booking--19,C7,01,140,4,87,49
fara-7b,Booking--29,C7,01,151,5,90,56
fara-7b,Huggingface--16,C7,01,249,0,249,0
fara-7b,Coursera--6,C7,01,177,10,165,2
fara-7b,Huggingface--15,C7,01,98,0,98,0
fara-7b,Cambridge_Dictionary--36,C7,01,70,0,61,9
fara-7b,ArXiv--33,C7,01,9,0,4,5
fara-7b,GitHub--18,C7,01,17,0,14,3
fara-7b,ArXiv--17,C7,01,12,0,10,2
fara-7b,Apple--2,C7,01,62,1,48,13
fara-7b,Huggingface--10,C7,01,78,0,78,0
fara-7b,GitHub--10,C7,01,68,2,61,5
fara-7b,GitHub--6,C7,01,87,0,84,3
fara-7b,Coursera--8,C7,01,228,7,219,2
fara-7b,ArXiv--26,C7,01,3,0,1,2
fara-7b,Wolfram_Alpha--8,C7,01,138,0,120,18
fara-7b,Amazon--40,C7,01,108,1,99,8
fara-7b,Apple--10,C7,01,321,2,284,35
fara-7b,ArXiv--19,C7,01,0,0,0,0
fara-7b,Coursera--13,C7,01,193,10,181,2
fara-7b,BBC_News--4,C7,01,62,10,39,13
fara-7b,GitHub--15,C7,01,63,0,60,3
fara-7b,ESPN--6,C7,01,20,0,5,15
fara-7b,Cambridge_Dictionary--35,C7,01,28,0,24,4
fara-7b,ESPN--30,C7,01,135,6,81,48
fara-7b,Huggingface--40,C7,01,71,0,71,0
fara-7b,Booking--15,C7,01,144,5,88,51
fara-7b,Wolfram_Alpha--2,C7,01,35,0,23,12
fara-7b,Booking--14,C7,01,158,5,96,57
fara-7b,Google_Search--16,C7,01,56,0,51,5
fara-7b,Apple--16,C7,01,58,1,48,9
fara-7b,Booking--32,C7,01,12,0,8,4
fara-7b,Cambridge_Dictionary--27,C7,01,50,0,43,7
fara-7b,GitHub--23,C7,01,85,0,81,4
fara-7b,Coursera--38,C7,01,257,3,251,3
fara-7b,Huggingface--36,C7,01,34,0,34,0
fara-7b,ESPN--29,C7,01,23,0,5,18
fara-7b,Booking--16,C7,01,172,5,104,63
fara-7b,Google_Search--14,C7,01,137,0,123,14
fara-7b,Google_Search--32,C7,01,84,0,77,7
fara-7b,Wolfram_Alpha--19,C7,01,325,0,269,56
fara-7b,Coursera--32,C7,01,175,4,168,3
fara-7b,Huggingface--6,C7,01,229,0,223,6
fara-7b,Google_Map--37,C7,01,484,0,479,5
fara-7b,Google_Flights--22,C7,01,77,0,71,6
fara-7b,Booking--20,C7,01,154,6,91,57
fara-7b,Wolfram_Alpha--24,C7,01,59,0,47,12
fara-7b,Amazon--16,C7,01,586,15,562,9
fara-7b,Amazon--3,C7,01,339,9,321,9
fara-7b,Cambridge_Dictionary--2,C7,01,50,0,43,7
fara-7b,BBC_News--36,C7,01,109,14,71,24
fara-7b,Coursera--7,C7,01,119,4,113,2
fara-7b,GitHub--5,C7,01,70,0,67,3
fara-7b,Huggingface--12,C7,01,106,0,106,0
fara-7b,Wolfram_Alpha--11,C7,01,215,0,171,44
fara-7b,Cambridge_Dictionary--19,C7,01,83,0,40,43
fara-7b,ESPN--38,C7,01,55,3,29,23
fara-7b,Google_Map--23,C7,01,491,0,486,5
fara-7b,Apple--15,C7,01,58,1,48,9
fara-7b,GitHub--24,C7,01,95,0,91,4
fara-7b,Booking--9,C7,01,11,0,7,4
fara-7b,BBC_News--8,C7,01,185,30,117,38
fara-7b,BBC_News--41,C7,01,229,38,136,55
fara-7b,Cambridge_Dictionary--31,C7,01,91,0,81,10
fara-7b,Wolfram_Alpha--40,C7,01,119,0,107,12
fara-7b,Wolfram_Alpha--16,C7,01,175,0,157,18
fara-7b,Google_Map--5,C7,01,352,0,348,4
fara-7b,ESPN--7,C7,01,20,0,5,15
fara-7b,Google_Flights--9,C7,01,55,0,49,6
fara-7b,Booking--30,C7,01,150,5,88,57
fara-7b,ArXiv--39,C7,01,0,0,0,0
fara-7b,ArXiv--34,C7,01,0,0,0,0
fara-7b,ESPN--25,C7,01,29,0,6,23
fara-7b,Coursera--14,C7,01,191,7,182,2
fara-7b,Allrecipes--38,C7,01,635,58,275,302
fara-7b,Cambridge_Dictionary--11,C7,01,45,0,38,7
fara-7b,Google_Flights--15,C7,01,79,0,73,6
fara-7b,ESPN--19,C7,01,137,16,85,36
fara-7b,Google_Map--13,C7,01,845,0,841,4
fara-7b,Booking--21,C7,01,9,0,6,3
fara-7b,Booking--23,C7,01,11,0,7,4
fara-7b,Booking--36,C7,01,157,5,94,58
fara-7b,BBC_News--22,C7,01,105,15,66,24
fara-7b,Allrecipes--5,C7,01,679,75,307,297
fara-7b,Wolfram_Alpha--14,C7,01,148,0,126,22
fara-7b,Coursera--40,C7,01,158,3,152,3
fara-7b,Huggingface--11,C7,01,17,0,17,0
fara-7b,Google_Map--17,C7,01,947,0,943,4
fara-7b,GitHub--40,C7,01,40,0,34,6
fara-7b,Google_Search--42,C7,01,82,0,75,7
fara-7b,Wolfram_Alpha--25,C7,01,248,0,224,24
fara-7b,Booking--11,C7,01,159,6,94,59
fara-7b,Amazon--31,C7,01,493,10,474,9
fara-7b,Amazon--6,C7,01,589,14,566,9
fara-7b,GitHub--33,C7,01,20,0,17,3
fara-7b,ArXiv--36,C7,01,0,0,0,0
fara-7b,Booking--10,C7,01,109,0,66,43
fara-7b,Google_Search--15,C7,01,88,0,75,13
fara-7b,Booking--22,C7,01,142,5,86,51
fara-7b,Allrecipes--39,C7,01,789,72,353,364
fara-7b,Cambridge_Dictionary--39,C7,01,100,0,94,6
fara-7b,BBC_News--20,C7,01,199,25,130,44
fara-7b,Google_Flights--2,C7,01,43,0,40,3
fara-7b,Allrecipes--35,C7,01,647,55,289,303
fara-7b,Allrecipes--18,C7,01,848,64,397,387
fara-7b,Cambridge_Dictionary--40,C7,01,56,0,49,7
fara-7b,Google_Search--26,C7,01,94,0,84,10
fara-7b,Google_Search--38,C7,01,82,0,75,7
fara-7b,Apple--27,C7,01,291,1,206,84
fara-7b,Booking--27,C7,01,143,5,87,51
fara-7b,Google_Flights--40,C7,01,68,0,61,7
fara-7b,Google_Map--25,C7,01,452,0,448,4
fara-7b,Google_Search--27,C7,01,55,0,50,5
fara-7b,Amazon--5,C7,01,188,3,177,8
fara-7b,Google_Search--2,C7,01,56,0,51,5
fara-7b,Google_Search--40,C7,01,85,0,78,7
fara-7b,Wolfram_Alpha--28,C7,01,1,0,1,0
fara-7b,Amazon--1,C7,01,564,10,519,35
fara-7b,Google_Flights--29,C7,01,83,0,80,3
fara-7b,Google_Search--23,C7,01,77,0,70,7
fara-7b,ESPN--0,C7,01,20,0,5,15
fara-7b,Booking--3,C7,01,158,5,96,57
fara-7b,BBC_News--27,C7,01,110,11,72,27
fara-7b,Wolfram_Alpha--3,C7,01,64,0,48,16
fara-7b,Wolfram_Alpha--34,C7,01,102,0,90,12
fara-7b,ESPN--40,C7,01,66,3,40,23
fara-7b,ArXiv--6,C7,01,15,0,13,2
fara-7b,Booking--17,C7,01,155,4,93,58
fara-7b,GitHub--4,C7,01,87,0,83,4
fara-7b,Google_Map--29,C7,01,114,0,110,4
fara-7b,Cambridge_Dictionary--32,C7,01,55,0,49,6
fara-7b,GitHub--29,C7,01,34,0,29,5
fara-7b,Wolfram_Alpha--29,C7,01,40,0,28,12
fara-7b,Huggingface--4,C7,01,96,0,96,0
fara-7b,Huggingface--35,C7,01,17,0,17,0
fara-7b,Apple--36,C7,01,58,1,48,9
fara-7b,Cambridge_Dictionary--4,C7,01,45,0,38,7
fara-7b,Apple--23,C7,01,58,1,48,9
fara-7b,BBC_News--30,C7,01,238,45,148,45
fara-7b,Google_Search--5,C7,01,54,0,49,5
fara-7b,Huggingface--22,C7,01,14,0,14,0
fara-7b,Cambridge_Dictionary--15,C7,01,45,0,38,7
fara-7b,Huggingface--0,C7,01,102,0,102,0
fara-7b,Amazon--2,C7,01,818,38,770,10
fara-7b,Booking--38,C7,01,11,0,7,4
fara-7b,Google_Search--41,C7,01,83,0,76,7
fara-7b,Wolfram_Alpha--13,C7,01,0,0,0,0
fara-7b,Cambridge_Dictionary--17,C7,01,47,0,40,7
fara-7b,Wolfram_Alpha--12,C7,01,2,0,2,0
fara-7b,Cambridge_Dictionary--20,C7,01,53,0,46,7
fara-7b,Amazon--29,C7,01,441,11,421,9
fara-7b,Huggingface--5,C7,01,261,0,261,0
fara-7b,Cambridge_Dictionary--21,C7,01,87,0,76,11
fara-7b,Cambridge_Dictionary--23,C7,01,45,0,38,7
fara-7b,BBC_News--15,C7,01,41,1,29,11
fara-7b,ArXiv--22,C7,01,13,6,7,0
fara-7b,Google_Map--33,C7,01,195,0,192,3
fara-7b,ArXiv--31,C7,01,5,0,2,3
fara-7b,BBC_News--10,C7,01,239,43,151,45
fara-7b,Cambridge_Dictionary--3,C7,01,51,0,44,7
fara-7b,Cambridge_Dictionary--10,C7,01,43,0,36,7
fara-7b,Apple--21,C7,01,288,3,192,93
fara-7b,Amazon--21,C7,01,643,46,588,9
fara-7b,Google_Search--6,C7,01,94,0,84,10
fara-7b,ESPN--8,C7,01,48,3,28,17
fara-7b,ESPN--12,C7,01,51,3,25,23
fara-7b,Wolfram_Alpha--42,C7,01,128,0,102,26
fara-7b,Huggingface--34,C7,01,16,0,16,0
fara-7b,Google_Flights--35,C7,01,68,0,65,3
fara-7b,Wolfram_Alpha--1,C7,01,0,0,0,0
fara-7b,Apple--33,C7,01,311,1,283,27
fara-7b,Google_Search--29,C7,01,57,0,52,5
fara-7b,BBC_News--5,C7,01,155,14,104,37
fara-7b,Coursera--37,C7,01,119,4,113,2
fara-7b,ArXiv--20,C7,01,13,0,11,2
fara-7b,Apple--0,C7,01,283,2,246,35
fara-7b,Google_Search--21,C7,01,121,0,104,17
fara-7b,Apple--17,C7,01,221,1,134,86
fara-7b,Wolfram_Alpha--43,C7,01,102,0,86,16
fara-7b,Apple--41,C7,01,58,1,48,9
fara-7b,Apple--13,C7,01,58,1,48,9
fara-7b,Google_Map--9,C7,01,910,0,904,6
fara-7b,Amazon--28,C7,01,16,0,8,8
fara-7b,Google_Map--28,C7,01,335,0,331,4
fara-7b,BBC_News--23,C7,01,96,12,60,24
fara-7b,ESPN--4,C7,01,207,12,135,60
fara-7b,Google_Search--12,C7,01,57,0,52,5
fara-7b,Amazon--4,C7,01,367,11,348,8
fara-7b,Google_Map--0,C7,01,549,2,542,5
fara-7b,ArXiv--7,C7,01,0,0,0,0
fara-7b,Amazon--20,C7,01,99,1,90,8
fara-7b,Huggingface--25,C7,01,258,0,258,0
fara-7b,Google_Map--31,C7,01,367,0,363,4
fara-7b,Wolfram_Alpha--0,C7,01,87,0,75,12
fara-7b,Apple--30,C7,01,291,3,200,88
fara-7b,Huggingface--31,C7,01,110,0,110,0
fara-7b,Wolfram_Alpha--32,C7,01,79,0,61,18
fara-7b,Allrecipes--21,C7,01,668,64,280,324
fara-7b,Google_Map--4,C7,01,194,0,191,3
fara-7b,GitHub--30,C7,01,121,0,117,4
fara-7b,GitHub--3,C7,01,33,0,30,3
fara-7b,Amazon--9,C7,01,434,9,416,9
fara-7b,Huggingface--14,C7,01,34,0,34,0
fara-7b,Huggingface--1,C7,01,98,0,98,0
fara-7b,Cambridge_Dictionary--37,C7,01,77,0,69,8
fara-7b,Allrecipes--8,C7,01,608,58,268,282
fara-7b,Cambridge_Dictionary--1,C7,01,90,0,39,51
fara-7b,Amazon--18,C7,01,273,7,257,9
fara-7b,Huggingface--29,C7,01,169,0,169,0
fara-7b,Amazon--14,C7,01,526,8,479,39
fara-7b,ESPN--18,C7,01,27,1,8,18
fara-7b,Google_Search--17,C7,01,56,0,51,5
fara-7b,ArXiv--41,C7,01,6,4,2,0
fara-7b,Google_Flights--3,C7,01,88,0,85,3
fara-7b,BBC_News--38,C7,01,211,27,151,33
fara-7b,Coursera--5,C7,01,154,6,146,2
fara-7b,Coursera--15,C7,01,196,7,186,3
fara-7b,ESPN--28,C7,01,67,3,40,24
fara-7b,Google_Map--14,C7,01,506,0,502,4
fara-7b,Cambridge_Dictionary--29,C7,01,129,0,122,7
fara-7b,Huggingface--19,C7,01,276,0,276,0
fara-7b,BBC_News--25,C7,01,220,50,121,49
fara-7b,Huggingface--21,C7,01,37,0,37,0
fara-7b,Allrecipes--28,C7,01,962,90,428,444
fara-7b,GitHub--11,C7,01,76,0,73,3
fara-7b,ArXiv--14,C7,01,5,0,2,3
fara-7b,Allrecipes--15,C7,01,710,75,319,316
fara-7b,Coursera--24,C7,01,200,7,191,2
fara-7b,Google_Map--26,C7,01,688,0,680,8
fara-7b,Apple--25,C7,01,152,2,128,22
fara-7b,Wolfram_Alpha--33,C7,01,72,0,60,12
fara-7b,Apple--4,C7,01,58,1,48,9
fara-7b,BBC_News--39,C7,01,112,18,67,27
fara-7b,Google_Flights--14,C7,01,53,0,49,4
fara-7b,Google_Map--40,C7,01,196,0,193,3
fara-7b,Booking--42,C7,01,125,0,80,45
fara-7b,BBC_News--12,C7,01,223,42,137,44
fara-7b,ArXiv--11,C7,01,0,0,0,0
fara-7b,GitHub--21,C7,01,35,1,29,5
fara-7b,Google_Map--6,C7,01,354,0,350,4
fara-7b,BBC_News--32,C7,01,54,1,42,11
fara-7b,GitHub--17,C7,01,95,0,92,3
fara-7b,Cambridge_Dictionary--14,C7,01,46,0,39,7
fara-7b,ArXiv--24,C7,01,3,0,1,2
fara-7b,Cambridge_Dictionary--30,C7,01,56,0,49,7
fara-7b,Google_Flights--12,C7,01,61,0,57,4
fara-7b,Allrecipes--36,C7,01,740,79,340,321
fara-7b,Google_Flights--25,C7,01,86,0,82,4
fara-7b,ESPN--22,C7,01,20,0,5,15
fara-7b,Booking--7,C7,01,186,6,116,64
fara-7b,Apple--32,C7,01,58,1,48,9
fara-7b,Booking--25,C7,01,170,5,103,62
fara-7b,GitHub--1,C7,01,69,0,66,3
fara-7b,Huggingface--2,C7,01,130,0,130,0
fara-7b,Allrecipes--3,C7,01,845,74,384,387
fara-7b,Booking--34,C7,01,146,4,87,55
fara-7b,Booking--28,C7,01,256,10,166,80
fara-7b,ESPN--15,C7,01,20,0,5,15
fara-7b,Coursera--12,C7,01,183,10,171,2
fara-7b,Apple--7,C7,01,152,1,96,55
fara-7b,ESPN--32,C7,01,20,0,5,15
fara-7b,Google_Flights--13,C7,01,60,0,55,5
fara-7b,GitHub--13,C7,01,25,0,22,3
fara-7b,ArXiv--9,C7,01,0,0,0,0
fara-7b,Cambridge_Dictionary--34,C7,01,77,0,69,8
fara-7b,Huggingface--24,C7,01,94,0,94,0
fara-7b,Allrecipes--17,C7,01,716,86,320,310
fara-7b,ArXiv--23,C7,01,0,0,0,0
fara-7b,Cambridge_Dictionary--33,C7,01,77,0,69,8
fara-7b,Amazon--22,C7,01,577,41,527,9
fara-7b,Booking--33,C7,01,139,4,87,48
fara-7b,Google_Flights--33,C7,01,77,0,74,3
fara-7b,Apple--18,C7,01,114,1,73,40
fara-7b,Amazon--23,C7,01,18,0,10,8
fara-7b,BBC_News--34,C7,01,174,30,110,34
fara-7b,Google_Flights--17,C7,01,58,0,55,3
fara-7b,Coursera--2,C7,01,252,7,242,3
fara-7b,Cambridge_Dictionary--22,C7,01,46,0,39,7
fara-7b,Wolfram_Alpha--44,C7,01,66,0,54,12
fara-7b,ESPN--1,C7,01,98,5,65,28
fara-7b,Booking--0,C7,01,144,4,90,50
fara-7b,Wolfram_Alpha--7,C7,01,204,0,190,14
fara-7b,Google_Search--24,C7,01,81,0,74,7
fara-7b,ArXiv--0,C7,01,1,0,0,1
fara-7b,Coursera--33,C7,01,176,7,167,2
fara-7b,ESPN--26,C7,01,28,1,9,18
fara-7b,GitHub--37,C7,01,79,0,75,4
fara-7b,Booking--18,C7,01,121,0,75,46
fara-7b,Huggingface--39,C7,01,238,0,238,0
fara-7b,Wolfram_Alpha--45,C7,01,160,0,142,18
fara-7b,Coursera--39,C7,01,201,7,192,2
fara-7b,Google_Search--28,C7,01,82,0,75,7
fara-7b,GitHub--36,C7,01,49,0,46,3
fara-7b,GitHub--19,C7,01,50,0,46,4
fara-7b,ArXiv--38,C7,01,0,0,0,0
fara-7b,Apple--5,C7,01,170,2,115,53
fara-7b,Allrecipes--20,C7,01,726,79,337,310
fara-7b,BBC_News--0,C7,01,186,34,115,37
fara-7b,Google_Flights--32,C7,01,81,0,75,6
fara-7b,Cambridge_Dictionary--9,C7,01,49,0,42,7
fara-7b,ArXiv--28,C7,01,1,0,0,1
fara-7b,Allrecipes--4,C7,01,772,69,301,402
fara-7b,Google_Search--11,C7,01,55,0,50,5
fara-7b,Allrecipes--25,C7,01,683,75,321,287
fara-7b,Google_Search--22,C7,01,57,0,52,5
fara-7b,ESPN--14,C7,01,82,9,52,21
fara-7b,ArXiv--16,C7,01,1,0,0,1
fara-7b,Allrecipes--13,C7,01,1023,100,453,470
fara-7b,ESPN--9,C7,01,88,5,54,29
fara-7b,Apple--12,C7,01,1093,3,1040,50
fara-7b,Huggingface--8,C7,01,260,0,260,0
fara-7b,Cambridge_Dictionary--26,C7,01,46,0,39,7
fara-7b,Wolfram_Alpha--23,C7,01,83,0,71,12
fara-7b,GitHub--38,C7,01,12,0,9,3
fara-7b,Wolfram_Alpha--15,C7,01,149,0,123,26
fara-7b,ArXiv--42,C7,01,13,0,12,1
fara-7b,Booking--43,C7,01,98,0,62,36
fara-7b,Apple--26,C7,01,58,1,48,9
fara-7b,Apple--11,C7,01,316,2,263,51
fara-7b,Allrecipes--42,C7,01,644,60,280,304
fara-7b,ArXiv--18,C7,01,12,0,11,1
fara-7b,ESPN--21,C7,01,20,0,5,15
fara-7b,Allrecipes--26,C7,01,757,83,336,338
fara-7b,Google_Search--10,C7,01,91,0,79,12
fara-7b,BBC_News--24,C7,01,253,41,156,56
fara-7b,Google_Flights--38,C7,01,15,0,11,4
fara-7b,ArXiv--10,C7,01,17,6,11,0
fara-7b,Amazon--17,C7,01,101,1,92,8
fara-7b,GitHub--12,C7,01,78,0,74,4
fara-7b,Coursera--31,C7,01,187,10,174,3
fara-7b,Wolfram_Alpha--9,C7,01,84,0,72,12
fara-7b,ArXiv--32,C7,01,0,0,0,0
fara-7b,ESPN--43,C7,01,26,1,7,18
fara-7b,Huggingface--17,C7,01,262,0,262,0
fara-7b,Google_Flights--30,C7,01,121,0,114,7
fara-7b,Google_Map--10,C7,01,333,0,329,4
fara-7b,Apple--8,C7,01,62,1,48,13
fara-7b,Cambridge_Dictionary--28,C7,01,54,0,47,7
fara-7b,Allrecipes--37,C7,01,823,73,326,424
fara-7b,Apple--29,C7,01,320,2,288,30
fara-7b,BBC_News--26,C7,01,129,19,83,27
fara-7b,Amazon--11,C7,01,706,46,651,9
fara-7b,Google_Flights--26,C7,01,63,0,57,6
fara-7b,ESPN--42,C7,01,29,0,6,23
fara-7b,Google_Search--25,C7,01,121,0,104,17
fara-7b,Google_Flights--23,C7,01,64,0,61,3
fara-7b,Google_Flights--18,C7,01,59,0,55,4
fara-7b,Wolfram_Alpha--30,C7,01,165,0,121,44
fara-7b,Allrecipes--40,C7,01,252,28,81,143
fara-7b,Google_Map--21,C7,01,313,0,308,5
fara-7b,ESPN--11,C7,01,20,0,5,15
fara-7b,ArXiv--12,C7,01,39,10,29,0
fara-7b,Huggingface--37,C7,01,276,0,275,1
fara-7b,Amazon--7,C7,01,566,12,545,9
fara-7b,Coursera--41,C7,01,127,5,120,2
fara-7b,Google_Flights--34,C7,01,55,0,49,6
fara-7b,Google_Flights--5,C7,01,52,0,49,3
fara-7b,ArXiv--15,C7,01,4,0,2,2
fara-7b,ArXiv--29,C7,01,3,0,1,2
fara-7b,Booking--8,C7,01,157,6,93,58
fara-7b,Cambridge_Dictionary--12,C7,01,44,0,37,7
fara-7b,Apple--31,C7,01,62,1,48,13
fara-7b,ESPN--2,C7,01,26,0,6,20
fara-7b,Allrecipes--31,C7,01,1305,132,612,561
fara-7b,Google_Search--4,C7,01,57,0,52,5
fara-7b,Coursera--17,C7,01,157,4,151,2
fara-7b,ESPN--39,C7,01,21,0,6,15
fara-7b,Google_Search--20,C7,01,56,0,51,5
fara-7b,Wolfram_Alpha--6,C7,01,74,0,62,12
fara-7b,BBC_News--33,C7,01,125,19,82,24
fara-7b,Google_Flights--11,C7,01,59,0,53,6
fara-7b,ArXiv--1,C7,01,9,0,4,5
fara-7b,Allrecipes--22,C7,01,772,82,353,337
fara-7b,Coursera--9,C7,01,183,7,174,2
fara-7b,ESPN--36,C7,01,23,0,5,18
fara-7b,Google_Map--19,C7,01,568,0,560,8
fara-7b,Huggingface--42,C7,01,225,0,225,0
fara-7b,Amazon--13,C7,01,621,12,588,21
fara-7b,Wolfram_Alpha--5,C7,01,60,0,46,14
fara-7b,Amazon--34,C7,01,545,10,526,9
fara-7b,Amazon--27,C7,01,626,40,577,9
fara-7b,Amazon--10,C7,01,683,20,654,9
fara-7b,GitHub--9,C7,01,126,0,122,4
fara-7b,ESPN--13,C7,01,96,5,65,26
fara-7b,ArXiv--40,C7,01,0,0,0,0
fara-7b,Apple--38,C7,01,145,2,96,47
fara-7b,Google_Flights--21,C7,01,65,0,62,3
fara-7b,Coursera--26,C7,01,50,3,45,2
fara-7b,Amazon--32,C7,01,19,0,11,8
fara-7b,BBC_News--16,C7,01,169,26,106,37
fara-7b,Allrecipes--10,C7,01,83,9,45,29
fara-7b,Booking--37,C7,01,139,5,86,48
fara-7b,Apple--19,C7,01,58,1,48,9
fara-7b,Wolfram_Alpha--17,C7,01,113,0,95,18
fara-7b,ArXiv--5,C7,01,2,0,0,2
fara-7b,GitHub--2,C7,01,12,0,9,3
fara-7b,ESPN--33,C7,01,110,5,80,25
fara-7b,Google_Search--1,C7,01,78,0,71,7
fara-7b,Cambridge_Dictionary--25,C7,01,45,0,38,7
fara-7b,Coursera--11,C7,01,128,5,121,2
fara-7b,Wolfram_Alpha--21,C7,01,56,0,44,12
fara-7b,Booking--40,C7,01,139,5,84,50
fara-7b,Google_Flights--16,C7,01,74,0,71,3
fara-7b,Google_Flights--20,C7,01,63,0,57,6
fara-7b,Amazon--38,C7,01,388,9,370,9
fara-7b,Apple--22,C7,01,141,1,98,42
fara-7b,Google_Map--27,C7,01,902,3,887,12
fara-7b,Google_Flights--1,C7,01,65,0,59,6
fara-7b,ESPN--10,C7,01,20,0,5,15
fara-7b,Wolfram_Alpha--31,C7,01,84,0,72,12
fara-7b,ESPN--23,C7,01,67,3,41,23
fara-7b,Huggingface--18,C7,01,298,0,292,6
fara-7b,Booking--24,C7,01,134,5,85,44
fara-7b,Wolfram_Alpha--4,C7,01,67,0,55,12
fara-7b,Cambridge_Dictionary--24,C7,01,45,0,38,7
fara-7b,BBC_News--40,C7,01,109,16,68,25
fara-7b,Booking--2,C7,01,176,5,108,63
fara-7b,Apple--6,C7,01,171,1,146,24
fara-7b,GitHub--27,C7,01,78,0,74,4
fara-7b,Google_Flights--39,C7,01,96,0,91,5
fara-7b,Amazon--37,C7,01,420,9,402,9
fara-7b,Google_Flights--28,C7,01,49,0,43,6
fara-7b,Booking--26,C7,01,151,5,90,56
fara-7b,Apple--9,C7,01,234,1,187,46
fara-7b,Allrecipes--11,C7,01,646,63,296,287
fara-7b,Booking--4,C7,01,170,4,104,62
fara-7b,Coursera--30,C7,01,202,7,193,2
fara-7b,Allrecipes--30,C7,01,1061,111,530,420
fara-7b,Apple--39,C7,01,631,3,583,45
fara-7b,Google_Search--0,C7,01,83,0,76,7
fara-7b,Allrecipes--41,C7,01,422,31,159,232
fara-7b,BBC_News--13,C7,01,91,6,63,22
fara-7b,Booking--31,C7,01,125,6,76,43
fara-7b,Allrecipes--6,C7,01,648,49,292,307
fara-7b,ArXiv--37,C7,01,0,0,0,0
fara-7b,Allrecipes--9,C7,01,703,72,306,325
fara-7b,Cambridge_Dictionary--18,C7,01,87,0,45,42
fara-7b,Google_Flights--0,C7,01,84,0,78,6
fara-7b,Apple--24,C7,01,195,1,179,15
fara-7b,Coursera--4,C7,01,248,14,232,2
fara-7b,Amazon--0,C7,01,721,13,671,37
fara-7b,BBC_News--14,C7,01,209,35,130,44
fara-7b,Huggingface--20,C7,01,98,0,98,0
fara-7b,Booking--6,C7,01,100,0,63,37
fara-7b,Coursera--25,C7,01,199,7,189,3
fara-7b,Cambridge_Dictionary--0,C7,01,107,0,49,58
fara-7b,Google_Flights--7,C7,01,62,0,56,6
fara-7b,GitHub--35,C7,01,28,0,25,3
fara-7b,Google_Map--22,C7,01,356,0,352,4
fara-7b,Huggingface--9,C7,01,239,0,239,0
fara-7b,Apple--1,C7,01,79,3,57,19
fara-7b,Coursera--34,C7,01,227,9,216,2
fara-7b,BBC_News--17,C7,01,39,1,27,11
fara-7b,Wolfram_Alpha--26,C7,01,128,0,108,20
fara-7b,Wolfram_Alpha--35,C7,01,53,0,41,12
fara-7b,ESPN--27,C7,01,96,16,57,23
fara-7b,BBC_News--6,C7,01,93,12,63,18
fara-7b,Coursera--20,C7,01,184,4,178,2
fara-7b,Wolfram_Alpha--22,C7,01,78,0,66,12
fara-7b,Google_Map--20,C7,01,547,0,543,4
fara-7b,Google_Map--39,C7,01,361,0,358,3
fara-7b,Google_Flights--24,C7,01,98,0,94,4
fara-7b,Huggingface--27,C7,01,90,0,90,0
fara-7b,Google_Search--19,C7,01,56,0,50,6
fara-7b,Wolfram_Alpha--10,C7,01,73,0,61,12
fara-7b,Coursera--16,C7,01,225,13,210,2
fara-7b,Cambridge_Dictionary--8,C7,01,45,0,38,7
fara-7b,Apple--14,C7,01,276,1,203,72
fara-7b,Huggingface--33,C7,01,74,0,74,0
fara-7b,BBC_News--2,C7,01,176,29,110,37
fara-7b,Google_Map--24,C7,01,408,0,403,5
fara-7b,Wolfram_Alpha--37,C2,01,100,0,88,12
fara-7b,Booking--41,C2,01,75,0,51,24
fara-7b,Booking--39,C2,01,203,14,113,76
fara-7b,Amazon--15,C2,01,957,39,845,73
fara-7b,Google_Search--39,C2,01,54,0,49,5
fara-7b,Coursera--19,C2,01,851,126,592,133
fara-7b,Google_Search--9,C2,01,79,0,72,7
fara-7b,Google_Map--7,C2,01,487,0,484,3
fara-7b,Coursera--18,C2,01,510,61,369,80
fara-7b,Cambridge_Dictionary--6,C2,01,133,9,83,41
fara-7b,Google_Map--38,C2,01,362,0,359,3
fara-7b,Huggingface--32,C2,01,230,0,230,0
fara-7b,Google_Flights--41,C2,01,104,0,100,4
fara-7b,ESPN--35,C2,01,130,5,94,31
fara-7b,Booking--5,C2,01,208,13,115,80
fara-7b,GitHub--32,C2,01,144,0,140,4
fara-7b,BBC_News--19,C2,01,243,47,139,57
fara-7b,Google_Search--37,C2,01,122,0,105,17
fara-7b,Coursera--28,C2,01,138,10,108,20
fara-7b,Google_Map--30,C2,01,544,2,537,5
fara-7b,Amazon--12,C2,01,490,10,470,10
fara-7b,Amazon--30,C2,01,374,9,355,10
fara-7b,Coursera--27,C2,01,783,85,570,128
fara-7b,Google_Search--34,C2,01,54,0,49,5
fara-7b,Wolfram_Alpha--18,C2,01,48,0,30,18
fara-7b,Allrecipes--1,C2,01,612,49,264,299
fara-7b,Apple--42,C2,01,1858,3,1786,69
fara-7b,Huggingface--26,C2,01,236,0,236,0
fara-7b,Coursera--0,C2,01,642,86,453,103
fara-7b,Cambridge_Dictionary--5,C2,01,140,9,88,43
fara-7b,BBC_News--21,C2,01,41,1,29,11
fara-7b,Google_Map--11,C2,01,408,0,403,5
fara-7b,Booking--1,C2,01,176,13,96,67
fara-7b,BBC_News--7,C2,01,177,27,116,34
fara-7b,Amazon--35,C2,01,519,13,497,9
fara-7b,Allrecipes--23,C2,01,631,96,279,256
fara-7b,Google_Map--1,C2,01,487,0,479,8
fara-7b,Huggingface--3,C2,01,115,0,115,0
fara-7b,BBC_News--31,C2,01,213,44,120,49
fara-7b,Coursera--1,C2,01,803,92,581,130
fara-7b,Allrecipes--0,C2,01,1121,101,526,494
fara-7b,Cambridge_Dictionary--13,C2,01,141,10,90,41
fara-7b,Coursera--36,C2,01,769,81,566,122
fara-7b,Allrecipes--32,C2,01,638,65,290,283
fara-7b,Google_Flights--36,C2,01,73,0,67,6
fara-7b,ESPN--5,C2,01,20,0,6,14
fara-7b,Google_Map--18,C2,01,354,0,350,4
fara-7b,Google_Search--8,C2,01,54,0,49,5
fara-7b,Booking--35,C2,01,341,57,193,91
fara-7b,GitHub--8,C2,01,12,0,9,3
fara-7b,Amazon--39,C2,01,628,10,594,24
fara-7b,Allrecipes--2,C2,01,825,85,365,375
fara-7b,Google_Map--16,C2,01,824,0,817,7
fara-7b,BBC_News--28,C2,01,56,4,39,13
fara-7b,Google_Map--34,C2,01,541,0,538,3
fara-7b,Booking--12,C2,01,179,14,99,66
fara-7b,Wolfram_Alpha--38,C2,01,78,0,66,12
fara-7b,Cambridge_Dictionary--38,C2,01,141,8,91,42
fara-7b,BBC_News--29,C2,01,102,12,68,22
fara-7b,GitHub--0,C2,01,46,0,43,3
fara-7b,GitHub--14,C2,01,85,0,82,3
fara-7b,Amazon--26,C2,01,690,48,563,79
fara-7b,ArXiv--4,C2,01,0,0,0,0
fara-7b,Google_Search--35,C2,01,71,0,66,5
fara-7b,Google_Flights--31,C2,01,78,0,72,6
fara-7b,ESPN--24,C2,01,19,0,5,14
fara-7b,Google_Flights--6,C2,01,79,0,73,6
fara-7b,Google_Map--12,C2,01,455,0,452,3
fara-7b,Cambridge_Dictionary--42,C2,01,148,11,91,46
fara-7b,ArXiv--21,C2,01,1,0,0,1
fara-7b,BBC_News--11,C2,01,257,59,139,59
fara-7b,Allrecipes--34,C2,01,591,63,262,266
fara-7b,GitHub--31,C2,01,12,0,9,3
fara-7b,Allrecipes--43,C2,01,897,97,439,361
fara-7b,Amazon--19,C2,01,492,14,469,9
fara-7b,Google_Search--18,C2,01,80,0,73,7
fara-7b,ArXiv--13,C2,01,1,0,0,1
fara-7b,Cambridge_Dictionary--7,C2,01,123,7,80,36
fara-7b,GitHub--7,C2,01,101,0,97,4
fara-7b,Amazon--24,C2,01,702,46,578,78
fara-7b,ESPN--20,C2,01,56,3,38,15
fara-7b,Wolfram_Alpha--36,C2,01,104,0,78,26
fara-7b,BBC_News--35,C2,01,147,22,98,27
fara-7b,Huggingface--28,C2,01,241,0,241,0
fara-7b,Allrecipes--29,C2,01,654,50,295,309
fara-7b,BBC_News--9,C2,01,152,21,97,34
fara-7b,GitHub--28,C2,01,51,0,47,4
fara-7b,GitHub--39,C2,01,97,0,93,4
fara-7b,Google_Search--36,C2,01,54,0,49,5
fara-7b,Apple--28,C2,01,232,2,200,30
fara-7b,Google_Flights--8,C2,01,58,0,54,4
fara-7b,Huggingface--38,C2,01,72,0,72,0
fara-7b,Google_Flights--10,C2,01,72,0,69,3
fara-7b,GitHub--25,C2,01,75,0,71,4
fara-7b,Allrecipes--19,C2,01,716,77,313,326
fara-7b,BBC_News--1,C2,01,153,21,97,35
fara-7b,Allrecipes--16,C2,01,796,92,365,339
fara-7b,ArXiv--3,C2,01,1,0,0,1
fara-7b,GitHub--26,C2,01,12,0,9,3
fara-7b,BBC_News--18,C2,01,170,20,116,34
fara-7b,ArXiv--2,C2,01,3,0,1,2
fara-7b,Google_Map--36,C2,01,363,0,360,3
fara-7b,ArXiv--35,C2,01,1,0,0,1
fara-7b,Google_Search--13,C2,01,54,0,49,5
fara-7b,ESPN--34,C2,01,59,3,31,25
fara-7b,Google_Map--15,C2,01,835,0,830,5
fara-7b,Google_Flights--37,C2,01,66,0,63,3
fara-7b,Google_Search--7,C2,01,55,0,50,5
fara-7b,ArXiv--27,C2,01,0,0,0,0
fara-7b,Google_Map--32,C2,01,732,2,726,4
fara-7b,Amazon--36,C2,01,390,13,368,9
fara-7b,Apple--37,C2,01,174,1,149,24
fara-7b,Google_Search--3,C2,01,79,0,72,7
fara-7b,Huggingface--23,C2,01,231,0,225,6
fara-7b,Apple--40,C2,01,100,2,82,16
fara-7b,ArXiv--25,C2,01,32,18,14,0
fara-7b,Amazon--8,C2,01,533,14,510,9
fara-7b,ESPN--16,C2,01,19,0,5,14
fara-7b,ESPN--17,C2,01,63,3,43,17
fara-7b,ESPN--37,C2,01,59,3,32,24
fara-7b,Coursera--10,C2,01,498,49,366,83
fara-7b,Allrecipes--33,C2,01,825,77,363,385
fara-7b,Allrecipes--44,C2,01,404,30,148,226
fara-7b,Google_Map--35,C2,01,311,0,307,4
fara-7b,Allrecipes--14,C2,01,724,69,329,326
fara-7b,Allrecipes--7,C2,01,810,82,359,369
fara-7b,Huggingface--7,C2,01,90,0,90,0
fara-7b,Coursera--22,C2,01,922,88,676,158
fara-7b,Apple--34,C2,01,178,1,156,21
fara-7b,Wolfram_Alpha--39,C2,01,138,0,112,26
fara-7b,Google_Flights--4,C2,01,67,0,61,6
fara-7b,Apple--3,C2,01,165,1,136,28
fara-7b,Allrecipes--12,C2,01,1234,116,598,520
fara-7b,Amazon--25,C2,01,519,43,467,9
fara-7b,Google_Map--2,C2,01,397,0,394,3
fara-7b,GitHub--20,C2,01,23,0,20,3
fara-7b,Google_Flights--19,C2,01,64,0,61,3
fara-7b,Wolfram_Alpha--20,C2,01,115,0,91,24
fara-7b,Allrecipes--27,C2,01,716,72,325,319
fara-7b,Booking--13,C2,01,210,15,117,78
fara-7b,Coursera--29,C2,01,454,48,330,76
fara-7b,Huggingface--13,C2,01,19,0,19,0
fara-7b,ESPN--3,C2,01,19,0,5,14
fara-7b,Google_Flights--27,C2,01,81,0,78,3
fara-7b,Apple--35,C2,01,240,1,192,47
fara-7b,Huggingface--30,C2,01,90,0,90,0
fara-7b,Cambridge_Dictionary--41,C2,01,251,15,165,71
fara-7b,ESPN--31,C2,01,20,0,6,14
fara-7b,Google_Search--33,C2,01,80,0,73,7
fara-7b,ArXiv--30,C2,01,15,6,9,0
fara-7b,BBC_News--37,C2,01,173,32,107,34
fara-7b,Apple--20,C2,01,446,1,397,48
fara-7b,GitHub--34,C2,01,48,0,45,3
fara-7b,ArXiv--8,C2,01,0,0,0,0
fara-7b,Coursera--23,C2,01,794,85,577,132
fara-7b,Amazon--33,C2,01,611,44,556,11
fara-7b,Allrecipes--24,C2,01,574,57,276,241
fara-7b,Coursera--35,C2,01,818,86,597,135
fara-7b,Wolfram_Alpha--41,C2,01,129,0,107,22
fara-7b,GitHub--22,C2,01,70,0,66,4
fara-7b,Cambridge_Dictionary--16,C2,01,152,9,97,46
fara-7b,Google_Search--31,C2,01,57,0,52,5
fara-7b,ESPN--41,C2,01,17,0,5,12
fara-7b,Huggingface--41,C2,01,252,0,252,0
fara-7b,Google_Search--30,C2,01,54,0,49,5
fara-7b,BBC_News--3,C2,01,191,34,112,45
fara-7b,Coursera--3,C2,01,635,88,444,103
fara-7b,Wolfram_Alpha--27,C2,01,126,0,100,26
fara-7b,Google_Map--8,C2,01,327,0,323,4
fara-7b,Coursera--21,C2,01,783,85,571,127
fara-7b,GitHub--16,C2,01,12,0,9,3
fara-7b,Google_Map--3,C2,01,841,0,837,4
fara-7b,Booking--19,C2,01,53,0,39,14
fara-7b,Booking--29,C2,01,206,15,114,77
fara-7b,Huggingface--16,C2,01,258,0,258,0
fara-7b,Coursera--6,C2,01,975,98,712,165
fara-7b,Huggingface--15,C2,01,94,0,94,0
fara-7b,Cambridge_Dictionary--36,C2,01,156,8,104,44
fara-7b,ArXiv--33,C2,01,9,0,4,5
fara-7b,GitHub--18,C2,01,17,0,14,3
fara-7b,ArXiv--17,C2,01,17,0,15,2
fara-7b,Apple--2,C2,01,262,3,206,53
fara-7b,Huggingface--10,C2,01,81,0,81,0
fara-7b,GitHub--10,C2,01,68,2,61,5
fara-7b,GitHub--6,C2,01,87,0,84,3
fara-7b,Coursera--8,C2,01,818,82,598,138
fara-7b,ArXiv--26,C2,01,3,0,1,2
fara-7b,Wolfram_Alpha--8,C2,01,84,0,72,12
fara-7b,Amazon--40,C2,01,102,1,93,8
fara-7b,Apple--10,C2,01,58,1,48,9
fara-7b,ArXiv--19,C2,01,0,0,0,0
fara-7b,Coursera--13,C2,01,797,83,581,133
fara-7b,BBC_News--4,C2,01,103,4,85,14
fara-7b,GitHub--15,C2,01,69,0,66,3
fara-7b,ESPN--6,C2,01,19,0,5,14
fara-7b,Cambridge_Dictionary--35,C2,01,236,17,151,68
fara-7b,ESPN--30,C2,01,81,3,50,28
fara-7b,Huggingface--40,C2,01,72,0,72,0
fara-7b,Booking--15,C2,01,179,14,97,68
fara-7b,Wolfram_Alpha--2,C2,01,35,0,23,12
fara-7b,Booking--14,C2,01,191,13,105,73
fara-7b,Google_Search--16,C2,01,54,0,49,5
fara-7b,Apple--16,C2,01,171,1,149,21
fara-7b,Booking--32,C2,01,10,0,6,4
fara-7b,Cambridge_Dictionary--27,C2,01,135,9,85,41
fara-7b,GitHub--23,C2,01,84,0,80,4
fara-7b,Coursera--38,C2,01,556,68,409,79
fara-7b,Huggingface--36,C2,01,32,0,32,0
fara-7b,ESPN--29,C2,01,19,0,5,14
fara-7b,Booking--16,C2,01,207,14,114,79
fara-7b,Google_Search--14,C2,01,146,0,128,18
fara-7b,Google_Search--32,C2,01,79,0,72,7
fara-7b,Wolfram_Alpha--19,C2,01,182,0,130,52
fara-7b,Coursera--32,C2,01,616,54,451,111
fara-7b,Huggingface--6,C2,01,247,0,241,6
fara-7b,Google_Map--37,C2,01,658,0,654,4
fara-7b,Google_Flights--22,C2,01,74,0,71,3
fara-7b,Booking--20,C2,01,335,26,204,105
fara-7b,Wolfram_Alpha--24,C2,01,78,0,60,18
fara-7b,Amazon--16,C2,01,669,14,611,44
fara-7b,Amazon--3,C2,01,390,8,374,8
fara-7b,Cambridge_Dictionary--2,C2,01,126,8,79,39
fara-7b,BBC_News--36,C2,01,125,17,84,24
fara-7b,Coursera--7,C2,01,958,95,709,154
fara-7b,GitHub--5,C2,01,80,0,76,4
fara-7b,Huggingface--12,C2,01,111,0,111,0
fara-7b,Wolfram_Alpha--11,C2,01,135,0,109,26
fara-7b,Cambridge_Dictionary--19,C2,01,259,16,177,66
fara-7b,ESPN--38,C2,01,62,3,37,22
fara-7b,Google_Map--23,C2,01,195,0,192,3
fara-7b,Apple--15,C2,01,273,1,209,63
fara-7b,GitHub--24,C2,01,91,0,87,4
fara-7b,Booking--9,C2,01,49,0,38,11
fara-7b,BBC_News--8,C2,01,143,26,93,24
fara-7b,BBC_News--41,C2,01,247,44,148,55
fara-7b,Cambridge_Dictionary--31,C2,01,134,11,81,42
fara-7b,Wolfram_Alpha--40,C2,01,143,0,129,14
fara-7b,Wolfram_Alpha--16,C2,01,175,0,157,18
fara-7b,Google_Map--5,C2,01,921,0,917,4
fara-7b,ESPN--7,C2,01,18,0,5,13
fara-7b,Google_Flights--9,C2,01,67,0,64,3
fara-7b,Booking--30,C2,01,202,14,112,76
fara-7b,ArXiv--39,C2,01,0,0,0,0
fara-7b,ArXiv--34,C2,01,3,0,1,2
fara-7b,ESPN--25,C2,01,19,0,5,14
fara-7b,Coursera--14,C2,01,776,82,565,129
fara-7b,Allrecipes--38,C2,01,554,48,252,254
fara-7b,Cambridge_Dictionary--11,C2,01,138,11,87,40
fara-7b,Google_Flights--15,C2,01,81,0,75,6
fara-7b,ESPN--19,C2,01,111,5,81,25
fara-7b,Google_Map--13,C2,01,836,0,832,4
fara-7b,Booking--21,C2,01,52,0,38,14
fara-7b,Booking--23,C2,01,11,0,7,4
fara-7b,Booking--36,C2,01,183,14,101,68
fara-7b,BBC_News--22,C2,01,134,12,98,24
fara-7b,Allrecipes--5,C2,01,996,104,467,425
fara-7b,Wolfram_Alpha--14,C2,01,180,0,152,28
fara-7b,Coursera--40,C2,01,853,114,622,117
fara-7b,Huggingface--11,C2,01,17,0,17,0
fara-7b,Google_Map--17,C2,01,557,0,552,5
fara-7b,GitHub--40,C2,01,41,0,35,6
fara-7b,Google_Search--42,C2,01,87,0,80,7
fara-7b,Wolfram_Alpha--25,C2,01,224,0,202,22
fara-7b,Booking--11,C2,01,179,14,100,65
fara-7b,Amazon--31,C2,01,496,12,475,9
fara-7b,Amazon--6,C2,01,470,9,424,37
fara-7b,GitHub--33,C2,01,21,0,18,3
fara-7b,ArXiv--36,C2,01,1,0,0,1
fara-7b,Booking--10,C2,01,12,0,8,4
fara-7b,Google_Search--15,C2,01,54,0,49,5
fara-7b,Booking--22,C2,01,194,14,104,76
fara-7b,Allrecipes--39,C2,01,828,78,385,365
fara-7b,Cambridge_Dictionary--39,C2,01,244,14,167,63
fara-7b,BBC_News--20,C2,01,150,20,96,34
fara-7b,Google_Flights--2,C2,01,49,0,46,3
fara-7b,Allrecipes--35,C2,01,876,66,347,463
fara-7b,Allrecipes--18,C2,01,725,57,332,336
fara-7b,Cambridge_Dictionary--40,C2,01,230,16,153,61
fara-7b,Google_Search--26,C2,01,87,0,77,10
fara-7b,Google_Search--38,C2,01,87,0,75,12
fara-7b,Apple--27,C2,01,245,1,174,70
fara-7b,Booking--27,C2,01,171,14,93,64
fara-7b,Google_Flights--40,C2,01,90,0,86,4
fara-7b,Google_Map--25,C2,01,448,0,444,4
fara-7b,Google_Search--27,C2,01,54,0,49,5
fara-7b,Amazon--5,C2,01,189,3,177,9
fara-7b,Google_Search--2,C2,01,70,0,63,7
fara-7b,Google_Search--40,C2,01,112,0,99,13
fara-7b,Wolfram_Alpha--28,C2,01,2,0,2,0
fara-7b,Amazon--1,C2,01,471,10,452,9
fara-7b,Google_Flights--29,C2,01,69,0,63,6
fara-7b,Google_Search--23,C2,01,82,0,75,7
fara-7b,ESPN--0,C2,01,19,0,5,14
fara-7b,Booking--3,C2,01,179,14,98,67
fara-7b,BBC_News--27,C2,01,167,24,106,37
fara-7b,Wolfram_Alpha--3,C2,01,55,0,43,12
fara-7b,Wolfram_Alpha--34,C2,01,102,0,90,12
fara-7b,ESPN--40,C2,01,61,3,41,17
fara-7b,ArXiv--6,C2,01,15,0,13,2
fara-7b,Booking--17,C2,01,192,15,102,75
fara-7b,GitHub--4,C2,01,86,0,82,4
fara-7b,Google_Map--29,C2,01,118,0,114,4
fara-7b,Cambridge_Dictionary--32,C2,01,134,8,86,40
fara-7b,GitHub--29,C2,01,38,3,30,5
fara-7b,Wolfram_Alpha--29,C2,01,53,0,35,18
fara-7b,Huggingface--4,C2,01,90,0,90,0
fara-7b,Huggingface--35,C2,01,17,0,17,0
fara-7b,Apple--36,C2,01,58,1,48,9
fara-7b,Cambridge_Dictionary--4,C2,01,249,14,170,65
fara-7b,Apple--23,C2,01,58,1,48,9
fara-7b,BBC_News--30,C2,01,212,35,132,45
fara-7b,Google_Search--5,C2,01,87,0,77,10
fara-7b,Huggingface--22,C2,01,16,0,16,0
fara-7b,Cambridge_Dictionary--15,C2,01,134,11,82,41
fara-7b,Huggingface--0,C2,01,136,0,136,0
fara-7b,Amazon--2,C2,01,102,1,93,8
fara-7b,Booking--38,C2,01,12,0,8,4
fara-7b,Google_Search--41,C2,01,82,0,75,7
fara-7b,Wolfram_Alpha--13,C2,01,109,0,83,26
fara-7b,Cambridge_Dictionary--17,C2,01,132,8,85,39
fara-7b,Wolfram_Alpha--12,C2,01,2,0,2,0
fara-7b,Cambridge_Dictionary--20,C2,01,245,14,164,67
fara-7b,Amazon--29,C2,01,581,35,481,65
fara-7b,Huggingface--5,C2,01,257,0,257,0
fara-7b,Cambridge_Dictionary--21,C2,01,128,10,80,38
fara-7b,Cambridge_Dictionary--23,C2,01,145,9,89,47
fara-7b,BBC_News--15,C2,01,1,0,1,0
fara-7b,ArXiv--22,C2,01,16,6,10,0
fara-7b,Google_Map--33,C2,01,359,0,356,3
fara-7b,ArXiv--31,C2,01,5,0,2,3
fara-7b,BBC_News--10,C2,01,107,16,68,23
fara-7b,Cambridge_Dictionary--3,C2,01,143,8,93,42
fara-7b,Cambridge_Dictionary--10,C2,01,140,11,88,41
fara-7b,Apple--21,C2,01,290,3,194,93
fara-7b,Amazon--21,C2,01,506,44,453,9
fara-7b,Google_Search--6,C2,01,56,0,51,5
fara-7b,ESPN--8,C2,01,19,0,5,14
fara-7b,ESPN--12,C2,01,94,5,61,28
fara-7b,Wolfram_Alpha--42,C2,01,126,0,108,18
fara-7b,Huggingface--34,C2,01,17,0,17,0
fara-7b,Google_Flights--35,C2,01,71,0,65,6
fara-7b,Wolfram_Alpha--1,C2,01,127,0,101,26
fara-7b,Apple--33,C2,01,304,1,238,65
fara-7b,Google_Search--29,C2,01,56,0,51,5
fara-7b,BBC_News--5,C2,01,108,14,67,27
fara-7b,Coursera--37,C2,01,518,69,368,81
fara-7b,ArXiv--20,C2,01,0,0,0,0
fara-7b,Apple--0,C2,01,58,1,48,9
fara-7b,Google_Search--21,C2,01,79,0,72,7
fara-7b,Apple--17,C2,01,225,1,138,86
fara-7b,Wolfram_Alpha--43,C2,01,125,0,109,16
fara-7b,Apple--41,C2,01,62,1,48,13
fara-7b,Apple--13,C2,01,322,2,290,30
fara-7b,Google_Map--9,C2,01,569,0,565,4
fara-7b,Amazon--28,C2,01,20,0,12,8
fara-7b,Google_Map--28,C2,01,265,0,260,5
fara-7b,BBC_News--23,C2,01,153,23,96,34
fara-7b,ESPN--4,C2,01,113,7,77,29
fara-7b,Google_Search--12,C2,01,54,0,49,5
fara-7b,Amazon--4,C2,01,393,11,373,9
fara-7b,Google_Map--0,C2,01,400,0,397,3
fara-7b,ArXiv--7,C2,01,0,0,0,0
fara-7b,Amazon--20,C2,01,101,1,92,8
fara-7b,Huggingface--25,C2,01,237,0,237,0
fara-7b,Google_Map--31,C2,01,393,0,389,4
fara-7b,Wolfram_Alpha--0,C2,01,59,0,47,12
fara-7b,Apple--30,C2,01,288,3,192,93
fara-7b,Huggingface--31,C2,01,110,0,110,0
fara-7b,Wolfram_Alpha--32,C2,01,66,0,54,12
fara-7b,Allrecipes--21,C2,01,764,77,327,360
fara-7b,Google_Map--4,C2,01,458,0,455,3
fara-7b,GitHub--30,C2,01,118,0,114,4
fara-7b,GitHub--3,C2,01,34,0,29,5
fara-7b,Amazon--9,C2,01,445,8,429,8
fara-7b,Huggingface--14,C2,01,34,0,34,0
fara-7b,Huggingface--1,C2,01,97,0,97,0
fara-7b,Cambridge_Dictionary--37,C2,01,122,7,106,9
fara-7b,Allrecipes--8,C2,01,592,53,264,275
fara-7b,Cambridge_Dictionary--1,C2,01,32,0,28,4
fara-7b,Amazon--18,C2,01,283,7,267,9
fara-7b,Huggingface--29,C2,01,232,0,220,12
fara-7b,Amazon--14,C2,01,711,15,687,9
fara-7b,ESPN--18,C2,01,19,0,5,14
fara-7b,Google_Search--17,C2,01,56,0,50,6
fara-7b,ArXiv--41,C2,01,6,4,2,0
fara-7b,Google_Flights--3,C2,01,81,0,75,6
fara-7b,BBC_News--38,C2,01,296,46,196,54
fara-7b,Coursera--5,C2,01,596,54,435,107
fara-7b,Coursera--15,C2,01,775,84,566,125
fara-7b,ESPN--28,C2,01,51,3,31,17
fara-7b,Google_Map--14,C2,01,506,2,500,4
fara-7b,Cambridge_Dictionary--29,C2,01,235,17,155,63
fara-7b,Huggingface--19,C2,01,250,0,250,0
fara-7b,BBC_News--25,C2,01,54,4,37,13
fara-7b,Huggingface--21,C2,01,36,0,36,0
fara-7b,Allrecipes--28,C2,01,722,64,343,315
fara-7b,GitHub--11,C2,01,79,0,76,3
fara-7b,ArXiv--14,C2,01,5,0,2,3
fara-7b,Allrecipes--15,C2,01,761,76,342,343
fara-7b,Coursera--24,C2,01,888,123,624,141
fara-7b,Google_Map--26,C2,01,437,0,434,3
fara-7b,Apple--25,C2,01,62,1,48,13
fara-7b,Wolfram_Alpha--33,C2,01,62,0,54,8
fara-7b,Apple--4,C2,01,58,1,48,9
fara-7b,BBC_News--39,C2,01,80,9,57,14
fara-7b,Google_Flights--14,C2,01,52,0,49,3
fara-7b,Google_Map--40,C2,01,241,0,237,4
fara-7b,Booking--42,C2,01,55,0,40,15
fara-7b,BBC_News--12,C2,01,186,22,126,38
fara-7b,ArXiv--11,C2,01,0,0,0,0
fara-7b,GitHub--21,C2,01,34,1,28,5
fara-7b,Google_Map--6,C2,01,365,0,362,3
fara-7b,BBC_News--32,C2,01,54,4,37,13
fara-7b,GitHub--17,C2,01,77,0,74,3
fara-7b,Cambridge_Dictionary--14,C2,01,121,9,72,40
fara-7b,ArXiv--24,C2,01,1,0,0,1
fara-7b,Cambridge_Dictionary--30,C2,01,136,8,88,40
fara-7b,Google_Flights--12,C2,01,61,0,57,4
fara-7b,Allrecipes--36,C2,01,874,95,419,360
fara-7b,Google_Flights--25,C2,01,85,0,82,3
fara-7b,ESPN--22,C2,01,20,0,6,14
fara-7b,Booking--7,C2,01,231,14,136,81
fara-7b,Apple--32,C2,01,58,1,48,9
fara-7b,Booking--25,C2,01,190,14,103,73
fara-7b,GitHub--1,C2,01,75,0,72,3
fara-7b,Huggingface--2,C2,01,112,0,112,0
fara-7b,Allrecipes--3,C2,01,722,67,327,328
fara-7b,Booking--34,C2,01,58,0,42,16
fara-7b,Booking--28,C2,01,186,14,100,72
fara-7b,ESPN--15,C2,01,19,0,5,14
fara-7b,Coursera--12,C2,01,769,82,560,127
fara-7b,Apple--7,C2,01,160,1,95,64
fara-7b,ESPN--32,C2,01,19,0,5,14
fara-7b,Google_Flights--13,C2,01,58,0,55,3
fara-7b,GitHub--13,C2,01,47,0,44,3
fara-7b,ArXiv--9,C2,01,0,0,0,0
fara-7b,Cambridge_Dictionary--34,C2,01,131,8,84,39
fara-7b,Huggingface--24,C2,01,94,0,94,0
fara-7b,Allrecipes--17,C2,01,681,76,319,286
fara-7b,ArXiv--23,C2,01,0,0,0,0
fara-7b,Cambridge_Dictionary--33,C2,01,82,6,68,8
fara-7b,Amazon--22,C2,01,471,34,428,9
fara-7b,Booking--33,C2,01,78,0,51,27
fara-7b,Google_Flights--33,C2,01,80,0,74,6
fara-7b,Apple--18,C2,01,118,1,73,44
fara-7b,Amazon--23,C2,01,15,0,8,7
fara-7b,BBC_News--34,C2,01,180,30,116,34
fara-7b,Google_Flights--17,C2,01,58,0,55,3
fara-7b,Coursera--2,C2,01,792,86,577,129
fara-7b,Cambridge_Dictionary--22,C2,01,133,9,83,41
fara-7b,Wolfram_Alpha--44,C2,01,137,0,119,18
fara-7b,ESPN--1,C2,01,105,5,65,35
fara-7b,Booking--0,C2,01,193,14,107,72
fara-7b,Wolfram_Alpha--7,C2,01,186,0,174,12
fara-7b,Google_Search--24,C2,01,54,0,49,5
fara-7b,ArXiv--0,C2,01,1,0,0,1
fara-7b,Coursera--33,C2,01,800,85,583,132
fara-7b,ESPN--26,C2,01,19,0,5,14
fara-7b,GitHub--37,C2,01,81,0,77,4
fara-7b,Booking--18,C2,01,12,0,8,4
fara-7b,Huggingface--39,C2,01,197,0,197,0
fara-7b,Wolfram_Alpha--45,C2,01,200,0,164,36
fara-7b,Coursera--39,C2,01,650,96,449,105
fara-7b,Google_Search--28,C2,01,79,0,72,7
fara-7b,GitHub--36,C2,01,51,0,48,3
fara-7b,GitHub--19,C2,01,48,0,44,4
fara-7b,ArXiv--38,C2,01,0,0,0,0
fara-7b,Apple--5,C2,01,158,2,105,51
fara-7b,Allrecipes--20,C2,01,673,80,315,278
fara-7b,BBC_News--0,C2,01,52,11,33,8
fara-7b,Google_Flights--32,C2,01,78,0,75,3
fara-7b,Cambridge_Dictionary--9,C2,01,144,9,89,46
fara-7b,ArXiv--28,C2,01,2,0,1,1
fara-7b,Allrecipes--4,C2,01,848,77,350,421
fara-7b,Google_Search--11,C2,01,87,0,77,10
fara-7b,Allrecipes--25,C2,01,699,79,327,293
fara-7b,Google_Search--22,C2,01,87,0,77,10
fara-7b,ESPN--14,C2,01,64,5,40,19
fara-7b,ArXiv--16,C2,01,1,0,0,1
fara-7b,Allrecipes--13,C2,01,685,80,325,280
fara-7b,ESPN--9,C2,01,95,5,61,29
fara-7b,Apple--12,C2,01,1049,3,1000,46
fara-7b,Huggingface--8,C2,01,235,0,235,0
fara-7b,Cambridge_Dictionary--26,C2,01,234,16,157,61
fara-7b,Wolfram_Alpha--23,C2,01,83,0,71,12
fara-7b,GitHub--38,C2,01,14,0,11,3
fara-7b,Wolfram_Alpha--15,C2,01,149,0,123,26
fara-7b,ArXiv--42,C2,01,1,0,0,1
fara-7b,Booking--43,C2,01,55,0,41,14
fara-7b,Apple--26,C2,01,58,1,48,9
fara-7b,Apple--11,C2,01,298,2,214,82
fara-7b,Allrecipes--42,C2,01,611,62,284,265
fara-7b,ArXiv--18,C2,01,15,0,14,1
fara-7b,ESPN--21,C2,01,19,0,5,14
fara-7b,Allrecipes--26,C2,01,702,84,317,301
fara-7b,Google_Search--10,C2,01,56,0,51,5
fara-7b,BBC_News--24,C2,01,143,16,93,34
fara-7b,Google_Flights--38,C2,01,65,0,59,6
fara-7b,ArXiv--10,C2,01,20,6,14,0
fara-7b,Amazon--17,C2,01,101,1,92,8
fara-7b,GitHub--12,C2,01,82,0,78,4
fara-7b,Coursera--31,C2,01,804,83,590,131
fara-7b,Wolfram_Alpha--9,C2,01,84,0,72,12
fara-7b,ArXiv--32,C2,01,0,0,0,0
fara-7b,ESPN--43,C2,01,22,0,5,17
fara-7b,Huggingface--17,C2,01,251,0,251,0
fara-7b,Google_Flights--30,C2,01,67,0,61,6
fara-7b,Google_Map--10,C2,01,328,0,324,4
fara-7b,Apple--8,C2,01,58,1,48,9
fara-7b,Cambridge_Dictionary--28,C2,01,130,8,82,40
fara-7b,Allrecipes--37,C2,01,888,79,367,442
fara-7b,Apple--29,C2,01,303,2,279,22
fara-7b,BBC_News--26,C2,01,149,19,96,34
fara-7b,Amazon--11,C2,01,692,17,666,9
fara-7b,Google_Flights--26,C2,01,63,0,57,6
fara-7b,ESPN--42,C2,01,19,0,5,14
fara-7b,Google_Search--25,C2,01,54,0,49,5
fara-7b,Google_Flights--23,C2,01,96,0,92,4
fara-7b,Google_Flights--18,C2,01,58,0,55,3
fara-7b,Wolfram_Alpha--30,C2,01,68,0,52,16
fara-7b,Allrecipes--40,C2,01,173,28,66,79
fara-7b,Google_Map--21,C2,01,467,0,463,4
fara-7b,ESPN--11,C2,01,19,0,5,14
fara-7b,ArXiv--12,C2,01,46,10,36,0
fara-7b,Huggingface--37,C2,01,278,0,277,1
fara-7b,Amazon--7,C2,01,558,12,537,9
fara-7b,Coursera--41,C2,01,445,46,324,75
fara-7b,Google_Flights--34,C2,01,57,0,54,3
fara-7b,Google_Flights--5,C2,01,52,0,49,3
fara-7b,ArXiv--15,C2,01,3,0,1,2
fara-7b,ArXiv--29,C2,01,3,0,1,2
fara-7b,Booking--8,C2,01,188,14,105,69
fara-7b,Cambridge_Dictionary--12,C2,01,131,9,83,39
fara-7b,Apple--31,C2,01,58,1,48,9
fara-7b,ESPN--2,C2,01,19,0,5,14
fara-7b,Allrecipes--31,C2,01,1269,273,598,398
fara-7b,Google_Search--4,C2,01,55,0,50,5
fara-7b,Coursera--17,C2,01,521,49,384,88
fara-7b,ESPN--39,C2,01,20,0,6,14
fara-7b,Google_Search--20,C2,01,80,0,73,7
fara-7b,Wolfram_Alpha--6,C2,01,74,0,62,12
fara-7b,BBC_News--33,C2,01,106,15,67,24
fara-7b,Google_Flights--11,C2,01,58,0,55,3
fara-7b,ArXiv--1,C2,01,9,0,4,5
fara-7b,Allrecipes--22,C2,01,628,67,300,261
fara-7b,Coursera--9,C2,01,795,92,572,131
fara-7b,ESPN--36,C2,01,19,0,5,14
fara-7b,Google_Map--19,C2,01,560,0,554,6
fara-7b,Huggingface--42,C2,01,224,0,224,0
fara-7b,Amazon--13,C2,01,512,12,491,9
fara-7b,Wolfram_Alpha--5,C2,01,66,0,48,18
fara-7b,Amazon--34,C2,01,535,18,508,9
fara-7b,Amazon--27,C2,01,627,30,535,62
fara-7b,Amazon--10,C2,01,727,55,664,8
fara-7b,GitHub--9,C2,01,95,0,91,4
fara-7b,ESPN--13,C2,01,71,3,48,20
fara-7b,ArXiv--40,C2,01,0,0,0,0
fara-7b,Apple--38,C2,01,158,2,101,55
fara-7b,Google_Flights--21,C2,01,68,0,62,6
fara-7b,Coursera--26,C2,01,805,111,568,126
fara-7b,Amazon--32,C2,01,15,0,7,8
fara-7b,BBC_News--16,C2,01,293,45,193,55
fara-7b,Allrecipes--10,C2,01,77,11,41,25
fara-7b,Booking--37,C2,01,177,14,96,67
fara-7b,Apple--19,C2,01,58,1,48,9
fara-7b,Wolfram_Alpha--17,C2,01,100,0,88,12
fara-7b,ArXiv--5,C2,01,2,0,0,2
fara-7b,GitHub--2,C2,01,12,0,9,3
fara-7b,ESPN--33,C2,01,78,5,56,17
fara-7b,Google_Search--1,C2,01,81,0,74,7
fara-7b,Cambridge_Dictionary--25,C2,01,231,14,157,60
fara-7b,Coursera--11,C2,01,471,47,345,79
fara-7b,Wolfram_Alpha--21,C2,01,56,0,44,12
fara-7b,Booking--40,C2,01,173,14,94,65
fara-7b,Google_Flights--16,C2,01,74,0,71,3
fara-7b,Google_Flights--20,C2,01,65,0,61,4
fara-7b,Amazon--38,C2,01,511,9,463,39
fara-7b,Apple--22,C2,01,566,2,496,68
fara-7b,Google_Map--27,C2,01,626,0,622,4
fara-7b,Google_Flights--1,C2,01,62,0,59,3
fara-7b,ESPN--10,C2,01,19,0,5,14
fara-7b,Wolfram_Alpha--31,C2,01,84,0,72,12
fara-7b,ESPN--23,C2,01,76,16,43,17
fara-7b,Huggingface--18,C2,01,273,0,267,6
fara-7b,Booking--24,C2,01,173,14,93,66
fara-7b,Wolfram_Alpha--4,C2,01,66,0,54,12
fara-7b,Cambridge_Dictionary--24,C2,01,141,9,88,44
fara-7b,BBC_News--40,C2,01,55,4,37,14
fara-7b,Booking--2,C2,01,215,13,123,79
fara-7b,Apple--6,C2,01,148,1,131,16
fara-7b,GitHub--27,C2,01,75,0,72,3
fara-7b,Google_Flights--39,C2,01,110,0,104,6
fara-7b,Amazon--37,C2,01,538,11,519,8
fara-7b,Google_Flights--28,C2,01,58,0,55,3
fara-7b,Booking--26,C2,01,191,15,101,75
fara-7b,Apple--9,C2,01,155,2,85,68
fara-7b,Allrecipes--11,C2,01,1014,109,479,426
fara-7b,Booking--4,C2,01,193,13,105,75
fara-7b,Coursera--30,C2,01,804,83,589,132
fara-7b,Allrecipes--30,C2,01,1372,142,693,537
fara-7b,Apple--39,C2,01,633,3,585,45
fara-7b,Google_Search--0,C2,01,111,0,99,12
fara-7b,Allrecipes--41,C2,01,380,31,156,193
fara-7b,BBC_News--13,C2,01,128,21,82,25
fara-7b,Booking--31,C2,01,159,14,83,62
fara-7b,Allrecipes--6,C2,01,672,52,299,321
fara-7b,ArXiv--37,C2,01,0,0,0,0
fara-7b,Allrecipes--9,C2,01,202,11,73,118
fara-7b,Cambridge_Dictionary--18,C2,01,131,8,84,39
fara-7b,Google_Flights--0,C2,01,81,0,78,3
fara-7b,Apple--24,C2,01,195,1,179,15
fara-7b,Coursera--4,C2,01,802,82,585,135
fara-7b,Amazon--0,C2,01,109,1,100,8
fara-7b,BBC_News--14,C2,01,54,4,37,13
fara-7b,Huggingface--20,C2,01,94,0,94,0
fara-7b,Booking--6,C2,01,11,0,7,4
fara-7b,Coursera--25,C2,01,785,85,571,129
fara-7b,Cambridge_Dictionary--0,C2,01,32,0,28,4
fara-7b,Google_Flights--7,C2,01,60,0,56,4
fara-7b,GitHub--35,C2,01,28,0,25,3
fara-7b,Google_Map--22,C2,01,314,0,311,3
fara-7b,Huggingface--9,C2,01,236,0,236,0
fara-7b,Apple--1,C2,01,78,3,56,19
fara-7b,Coursera--34,C2,01,1035,117,754,164
fara-7b,BBC_News--17,C2,01,42,1,30,11
fara-7b,Wolfram_Alpha--26,C2,01,142,0,116,26
fara-7b,Wolfram_Alpha--35,C2,01,53,0,41,12
fara-7b,ESPN--27,C2,01,79,5,52,22
fara-7b,BBC_News--6,C2,01,82,12,54,16
fara-7b,Coursera--20,C2,01,533,49,395,89
fara-7b,Wolfram_Alpha--22,C2,01,78,0,66,12
fara-7b,Google_Map--20,C2,01,644,0,641,3
fara-7b,Google_Map--39,C2,01,362,0,358,4
fara-7b,Google_Flights--24,C2,01,49,0,46,3
fara-7b,Huggingface--27,C2,01,90,0,90,0
fara-7b,Google_Search--19,C2,01,54,0,49,5
fara-7b,Wolfram_Alpha--10,C2,01,67,0,59,8
fara-7b,Coursera--16,C2,01,1052,128,758,166
fara-7b,Cambridge_Dictionary--8,C2,01,600,27,292,281
fara-7b,Apple--14,C2,01,273,1,209,63
fara-7b,Huggingface--33,C2,01,74,0,74,0
fara-7b,BBC_News--2,C2,01,126,21,79,26
fara-7b,Google_Map--24,C2,01,401,0,398,3
fara-7b,Wolfram_Alpha--37,C5,01,100,0,88,12
fara-7b,Booking--41,C5,01,10,0,6,4
fara-7b,Booking--39,C5,01,255,15,134,106
fara-7b,Amazon--15,C5,01,835,25,756,54
fara-7b,Google_Search--39,C5,01,271,9,180,82
fara-7b,Coursera--19,C5,01,690,96,469,125
fara-7b,Google_Search--9,C5,01,374,11,249,114
fara-7b,Google_Map--7,C5,01,477,0,473,4
fara-7b,Coursera--18,C5,01,773,84,557,132
fara-7b,Cambridge_Dictionary--6,C5,01,1164,49,576,539
fara-7b,Google_Map--38,C5,01,401,0,398,3
fara-7b,Huggingface--32,C5,01,226,0,224,2
fara-7b,Google_Flights--41,C5,01,86,0,82,4
fara-7b,ESPN--35,C5,01,789,53,296,440
fara-7b,Booking--5,C5,01,227,15,114,98
fara-7b,GitHub--32,C5,01,149,0,145,4
fara-7b,BBC_News--19,C5,01,200,10,135,55
fara-7b,Google_Search--37,C5,01,239,6,158,75
fara-7b,Coursera--28,C5,01,542,51,394,97
fara-7b,Google_Map--30,C5,01,458,0,453,5
fara-7b,Amazon--12,C5,01,818,26,625,167
fara-7b,Amazon--30,C5,01,581,20,464,97
fara-7b,Coursera--27,C5,01,516,51,374,91
fara-7b,Google_Search--34,C5,01,158,4,111,43
fara-7b,Wolfram_Alpha--18,C5,01,58,0,58,0
fara-7b,Allrecipes--1,C5,01,1936,106,867,963
fara-7b,Apple--42,C5,01,1202,1,1164,37
fara-7b,Huggingface--26,C5,01,126,0,119,7
fara-7b,Coursera--0,C5,01,570,67,403,100
fara-7b,Cambridge_Dictionary--5,C5,01,832,30,414,388
fara-7b,BBC_News--21,C5,01,432,36,183,213
fara-7b,Google_Map--11,C5,01,527,13,316,198
fara-7b,Booking--1,C5,01,254,14,132,108
fara-7b,BBC_News--7,C5,01,727,64,356,307
fara-7b,Amazon--35,C5,01,706,53,601,52
fara-7b,Allrecipes--23,C5,01,1858,157,851,850
fara-7b,Google_Map--1,C5,01,833,48,464,321
fara-7b,Huggingface--3,C5,01,100,0,98,2
fara-7b,BBC_News--31,C5,01,308,43,155,110
fara-7b,Coursera--1,C5,01,717,81,506,130
fara-7b,Allrecipes--0,C5,01,1476,110,707,659
fara-7b,Cambridge_Dictionary--13,C5,01,1108,46,519,543
fara-7b,Coursera--36,C5,01,880,124,615,141
fara-7b,Allrecipes--32,C5,01,1705,120,804,781
fara-7b,Google_Flights--36,C5,01,72,0,66,6
fara-7b,ESPN--5,C5,01,952,57,484,411
fara-7b,Google_Map--18,C5,01,341,0,337,4
fara-7b,Google_Search--8,C5,01,571,15,367,189
fara-7b,Booking--35,C5,01,169,4,113,52
fara-7b,GitHub--8,C5,01,110,4,64,42
fara-7b,Amazon--39,C5,01,915,25,837,53
fara-7b,Allrecipes--2,C5,01,1996,152,936,908
fara-7b,Google_Map--16,C5,01,546,0,543,3
fara-7b,BBC_News--28,C5,01,208,8,143,57
fara-7b,Google_Map--34,C5,01,450,0,446,4
fara-7b,Booking--12,C5,01,228,15,118,95
fara-7b,Wolfram_Alpha--38,C5,01,78,0,66,12
fara-7b,Cambridge_Dictionary--38,C5,01,1231,35,658,538
fara-7b,BBC_News--29,C5,01,540,48,242,250
fara-7b,GitHub--0,C5,01,56,0,53,3
fara-7b,GitHub--14,C5,01,86,0,83,3
fara-7b,Amazon--26,C5,01,764,71,591,102
fara-7b,ArXiv--4,C5,01,0,0,0,0
fara-7b,Google_Search--35,C5,01,239,4,164,71
fara-7b,Google_Flights--31,C5,01,78,0,72,6
fara-7b,ESPN--24,C5,01,936,57,437,442
fara-7b,Google_Flights--6,C5,01,60,0,57,3
fara-7b,Google_Map--12,C5,01,371,0,366,5
fara-7b,Cambridge_Dictionary--42,C5,01,833,39,370,424
fara-7b,ArXiv--21,C5,01,153,3,93,57
fara-7b,BBC_News--11,C5,01,418,52,221,145
fara-7b,Allrecipes--34,C5,01,1687,127,763,797
fara-7b,GitHub--31,C5,01,353,8,225,120
fara-7b,Allrecipes--43,C5,01,1521,107,708,706
fara-7b,Amazon--19,C5,01,399,12,338,49
fara-7b,Google_Search--18,C5,01,229,4,179,46
fara-7b,ArXiv--13,C5,01,1,0,0,1
fara-7b,Cambridge_Dictionary--7,C5,01,1304,55,573,676
fara-7b,GitHub--7,C5,01,98,0,94,4
fara-7b,Amazon--24,C5,01,656,21,583,52
fara-7b,ESPN--20,C5,01,205,4,111,90
fara-7b,Wolfram_Alpha--36,C5,01,104,0,78,26
fara-7b,BBC_News--35,C5,01,519,62,263,194
fara-7b,Huggingface--28,C5,01,287,0,281,6
fara-7b,Allrecipes--29,C5,01,1448,127,658,663
fara-7b,BBC_News--9,C5,01,560,37,283,240
fara-7b,GitHub--28,C5,01,57,0,53,4
fara-7b,GitHub--39,C5,01,222,4,178,40
fara-7b,Google_Search--36,C5,01,200,12,141,47
fara-7b,Apple--28,C5,01,289,1,238,50
fara-7b,Google_Flights--8,C5,01,77,0,71,6
fara-7b,Huggingface--38,C5,01,401,4,348,49
fara-7b,Google_Flights--10,C5,01,75,0,69,6
fara-7b,GitHub--25,C5,01,55,0,51,4
fara-7b,Allrecipes--19,C5,01,1625,118,762,745
fara-7b,BBC_News--1,C5,01,754,64,347,343
fara-7b,Allrecipes--16,C5,01,1776,124,821,831
fara-7b,ArXiv--3,C5,01,196,6,112,78
fara-7b,GitHub--26,C5,01,142,4,92,46
fara-7b,BBC_News--18,C5,01,270,23,166,81
fara-7b,ArXiv--2,C5,01,1,0,0,1
fara-7b,Google_Map--36,C5,01,367,0,363,4
fara-7b,ArXiv--35,C5,01,1,0,0,1
fara-7b,Google_Search--13,C5,01,194,4,147,43
fara-7b,ESPN--34,C5,01,796,43,390,363
fara-7b,Google_Map--15,C5,01,808,0,804,4
fara-7b,Google_Flights--37,C5,01,63,0,57,6
fara-7b,Google_Search--7,C5,01,170,4,121,45
fara-7b,ArXiv--27,C5,01,95,4,52,39
fara-7b,Google_Map--32,C5,01,741,5,726,10
fara-7b,Amazon--36,C5,01,888,43,789,56
fara-7b,Apple--37,C5,01,215,2,173,40
fara-7b,Google_Search--3,C5,01,283,7,213,63
fara-7b,Huggingface--23,C5,01,391,4,321,66
fara-7b,Apple--40,C5,01,131,1,113,17
fara-7b,ArXiv--25,C5,01,141,16,83,42
fara-7b,Amazon--8,C5,01,928,55,751,122
fara-7b,ESPN--16,C5,01,467,8,294,165
fara-7b,ESPN--17,C5,01,389,23,207,159
fara-7b,ESPN--37,C5,01,158,4,88,66
fara-7b,Coursera--10,C5,01,519,60,366,93
fara-7b,Allrecipes--33,C5,01,2425,152,1217,1056
fara-7b,Allrecipes--44,C5,01,1291,71,554,666
fara-7b,Google_Map--35,C5,01,384,0,381,3
fara-7b,Allrecipes--14,C5,01,1718,134,817,767
fara-7b,Allrecipes--7,C5,01,1988,155,945,888
fara-7b,Huggingface--7,C5,01,93,0,90,3
fara-7b,Coursera--22,C5,01,826,117,570,139
fara-7b,Apple--34,C5,01,176,1,150,25
fara-7b,Wolfram_Alpha--39,C5,01,88,0,88,0
fara-7b,Google_Flights--4,C5,01,64,0,61,3
fara-7b,Apple--3,C5,01,286,7,189,90
fara-7b,Allrecipes--12,C5,01,2019,143,907,969
fara-7b,Amazon--25,C5,01,634,31,546,57
fara-7b,Google_Map--2,C5,01,427,0,424,3
fara-7b,GitHub--20,C5,01,162,4,111,47
fara-7b,Google_Flights--19,C5,01,65,0,61,4
fara-7b,Wolfram_Alpha--20,C5,01,40,0,40,0
fara-7b,Allrecipes--27,C5,01,1545,124,711,710
fara-7b,Booking--13,C5,01,320,15,183,122
fara-7b,Coursera--29,C5,01,456,26,344,86
fara-7b,Huggingface--13,C5,01,193,4,141,48
fara-7b,ESPN--3,C5,01,571,32,304,235
fara-7b,Google_Flights--27,C5,01,84,0,78,6
fara-7b,Apple--35,C5,01,251,2,135,114
fara-7b,Huggingface--30,C5,01,124,0,117,7
fara-7b,Cambridge_Dictionary--41,C5,01,1032,41,526,465
fara-7b,ESPN--31,C5,01,7100,401,4291,2408
fara-7b,Google_Search--33,C5,01,206,4,155,47
fara-7b,ArXiv--30,C5,01,11,6,5,0
fara-7b,BBC_News--37,C5,01,875,75,435,365
fara-7b,Apple--20,C5,01,487,16,320,151
fara-7b,GitHub--34,C5,01,49,0,46,3
fara-7b,ArXiv--8,C5,01,0,0,0,0
fara-7b,Coursera--23,C5,01,732,83,524,125
fara-7b,Amazon--33,C5,01,790,33,698,59
fara-7b,Allrecipes--24,C5,01,1476,112,656,708
fara-7b,Coursera--35,C5,01,753,106,522,125
fara-7b,Wolfram_Alpha--41,C5,01,95,0,95,0
fara-7b,GitHub--22,C5,01,71,0,67,4
fara-7b,Cambridge_Dictionary--16,C5,01,857,37,347,473
fara-7b,Google_Search--31,C5,01,175,4,129,42
fara-7b,ESPN--41,C5,01,681,58,333,290
fara-7b,Huggingface--41,C5,01,248,0,244,4
fara-7b,Google_Search--30,C5,01,154,4,107,43
fara-7b,BBC_News--3,C5,01,330,53,174,103
fara-7b,Coursera--3,C5,01,621,55,445,121
fara-7b,Wolfram_Alpha--27,C5,01,78,0,78,0
fara-7b,Google_Map--8,C5,01,417,0,413,4
fara-7b,Coursera--21,C5,01,753,83,538,132
fara-7b,GitHub--16,C5,01,180,4,131,45
fara-7b,Google_Map--3,C5,01,813,0,810,3
fara-7b,Booking--19,C5,01,10,0,6,4
fara-7b,Booking--29,C5,01,253,15,131,107
fara-7b,Huggingface--16,C5,01,268,0,263,5
fara-7b,Coursera--6,C5,01,798,85,567,146
fara-7b,Huggingface--15,C5,01,102,0,99,3
fara-7b,Cambridge_Dictionary--36,C5,01,1365,33,708,624
fara-7b,ArXiv--33,C5,01,119,4,71,44
fara-7b,GitHub--18,C5,01,266,6,164,96
fara-7b,ArXiv--17,C5,01,115,4,70,41
fara-7b,Apple--2,C5,01,231,2,189,40
fara-7b,Huggingface--10,C5,01,161,3,112,46
fara-7b,GitHub--10,C5,01,114,18,91,5
fara-7b,GitHub--6,C5,01,110,0,107,3
fara-7b,Coursera--8,C5,01,520,49,380,91
fara-7b,ArXiv--26,C5,01,3,0,1,2
fara-7b,Wolfram_Alpha--8,C5,01,204,0,204,0
fara-7b,Amazon--40,C5,01,651,19,573,59
fara-7b,Apple--10,C5,01,187,5,133,49
fara-7b,ArXiv--19,C5,01,37,8,29,0
fara-7b,Coursera--13,C5,01,1077,74,788,215
fara-7b,BBC_News--4,C5,01,733,55,362,316
fara-7b,GitHub--15,C5,01,54,0,51,3
fara-7b,ESPN--6,C5,01,138,4,70,64
fara-7b,Cambridge_Dictionary--35,C5,01,1259,33,557,669
fara-7b,ESPN--30,C5,01,1152,81,501,570
fara-7b,Huggingface--40,C5,01,75,0,72,3
fara-7b,Booking--15,C5,01,248,14,131,103
fara-7b,Wolfram_Alpha--2,C5,01,15,0,15,0
fara-7b,Booking--14,C5,01,371,19,206,146
fara-7b,Google_Search--16,C5,01,221,5,144,72
fara-7b,Apple--16,C5,01,179,2,149,28
fara-7b,Booking--32,C5,01,234,15,121,98
fara-7b,Cambridge_Dictionary--27,C5,01,1325,56,693,576
fara-7b,GitHub--23,C5,01,86,0,82,4
fara-7b,Coursera--38,C5,01,1246,157,880,209
fara-7b,Huggingface--36,C5,01,31,0,29,2
fara-7b,ESPN--29,C5,01,1169,75,569,525
fara-7b,Booking--16,C5,01,297,15,165,117
fara-7b,Google_Search--14,C5,01,242,4,171,67
fara-7b,Google_Search--32,C5,01,179,4,129,46
fara-7b,Wolfram_Alpha--19,C5,01,510,52,292,166
fara-7b,Coursera--32,C5,01,587,55,429,103
fara-7b,Huggingface--6,C5,01,533,4,459,70
fara-7b,Google_Map--37,C5,01,701,5,648,48
fara-7b,Google_Flights--22,C5,01,73,0,67,6
fara-7b,Booking--20,C5,01,256,15,135,106
fara-7b,Wolfram_Alpha--24,C5,01,59,0,47,12
fara-7b,Amazon--16,C5,01,936,25,747,164
fara-7b,Amazon--3,C5,01,1251,38,934,279
fara-7b,Cambridge_Dictionary--2,C5,01,1452,45,760,647
fara-7b,BBC_News--36,C5,01,538,50,241,247
fara-7b,Coursera--7,C5,01,686,101,461,124
fara-7b,GitHub--5,C5,01,69,0,66,3
fara-7b,Huggingface--12,C5,01,113,0,111,2
fara-7b,Wolfram_Alpha--11,C5,01,135,0,109,26
fara-7b,Cambridge_Dictionary--19,C5,01,1110,42,545,523
fara-7b,ESPN--38,C5,01,701,20,360,321
fara-7b,Google_Map--23,C5,01,406,0,402,4
fara-7b,Apple--15,C5,01,307,2,233,72
fara-7b,GitHub--24,C5,01,99,0,95,4
fara-7b,Booking--9,C5,01,340,15,190,135
fara-7b,BBC_News--8,C5,01,655,67,299,289
fara-7b,BBC_News--41,C5,01,189,8,121,60
fara-7b,Cambridge_Dictionary--31,C5,01,1376,47,728,601
fara-7b,Wolfram_Alpha--40,C5,01,132,0,114,18
fara-7b,Wolfram_Alpha--16,C5,01,175,0,157,18
fara-7b,Google_Map--5,C5,01,633,0,629,4
fara-7b,ESPN--7,C5,01,157,4,89,64
fara-7b,Google_Flights--9,C5,01,55,0,49,6
fara-7b,Booking--30,C5,01,535,53,294,188
fara-7b,ArXiv--39,C5,01,307,6,169,132
fara-7b,ArXiv--34,C5,01,3,0,1,2
fara-7b,ESPN--25,C5,01,532,23,235,274
fara-7b,Coursera--14,C5,01,537,53,382,102
fara-7b,Allrecipes--38,C5,01,1582,102,713,767
fara-7b,Cambridge_Dictionary--11,C5,01,1273,39,614,620
fara-7b,Google_Flights--15,C5,01,79,0,73,6
fara-7b,ESPN--19,C5,01,185,8,94,83
fara-7b,Google_Map--13,C5,01,656,0,652,4
fara-7b,Booking--21,C5,01,324,20,148,156
fara-7b,Booking--23,C5,01,240,10,149,81
fara-7b,Booking--36,C5,01,10,0,6,4
fara-7b,BBC_News--22,C5,01,49,1,37,11
fara-7b,Allrecipes--5,C5,01,2017,146,1001,870
fara-7b,Wolfram_Alpha--14,C5,01,219,4,160,55
fara-7b,Coursera--40,C5,01,1065,154,742,169
fara-7b,Huggingface--11,C5,01,104,0,100,4
fara-7b,Google_Map--17,C5,01,698,0,694,4
fara-7b,GitHub--40,C5,01,38,0,33,5
fara-7b,Google_Search--42,C5,01,433,7,289,137
fara-7b,Wolfram_Alpha--25,C5,01,203,0,203,0
fara-7b,Booking--11,C5,01,233,15,123,95
fara-7b,Amazon--31,C5,01,623,16,557,50
fara-7b,Amazon--6,C5,01,666,20,594,52
fara-7b,GitHub--33,C5,01,155,4,106,45
fara-7b,ArXiv--36,C5,01,0,0,0,0
fara-7b,Booking--10,C5,01,255,14,133,108
fara-7b,Google_Search--15,C5,01,240,20,185,35
fara-7b,Booking--22,C5,01,279,15,152,112
fara-7b,Allrecipes--39,C5,01,1759,138,807,814
fara-7b,Cambridge_Dictionary--39,C5,01,1433,47,777,609
fara-7b,BBC_News--20,C5,01,775,60,376,339
fara-7b,Google_Flights--2,C5,01,49,0,45,4
fara-7b,Allrecipes--35,C5,01,1406,90,627,689
fara-7b,Allrecipes--18,C5,01,2074,120,987,967
fara-7b,Cambridge_Dictionary--40,C5,01,1165,36,581,548
fara-7b,Google_Search--26,C5,01,341,8,204,129
fara-7b,Google_Search--38,C5,01,267,6,189,72
fara-7b,Apple--27,C5,01,207,1,144,62
fara-7b,Booking--27,C5,01,1076,68,539,469
fara-7b,Google_Flights--40,C5,01,77,0,71,6
fara-7b,Google_Map--25,C5,01,453,0,450,3
fara-7b,Google_Search--27,C5,01,250,13,183,54
fara-7b,Amazon--5,C5,01,344,4,225,115
fara-7b,Google_Search--2,C5,01,251,4,201,46
fara-7b,Google_Search--40,C5,01,211,5,155,51
fara-7b,Wolfram_Alpha--28,C5,01,39,0,39,0
fara-7b,Amazon--1,C5,01,682,21,562,99
fara-7b,Google_Flights--29,C5,01,86,0,80,6
fara-7b,Google_Search--23,C5,01,241,5,183,53
fara-7b,ESPN--0,C5,01,532,39,260,233
fara-7b,Booking--3,C5,01,290,14,163,113
fara-7b,BBC_News--27,C5,01,761,72,398,291
fara-7b,Wolfram_Alpha--3,C5,01,49,0,41,8
fara-7b,Wolfram_Alpha--34,C5,01,102,0,90,12
fara-7b,ESPN--40,C5,01,914,42,416,456
fara-7b,ArXiv--6,C5,01,110,4,70,36
fara-7b,Booking--17,C5,01,307,15,176,116
fara-7b,GitHub--4,C5,01,75,0,71,4
fara-7b,Google_Map--29,C5,01,375,0,372,3
fara-7b,Cambridge_Dictionary--32,C5,01,1105,40,568,497
fara-7b,GitHub--29,C5,01,40,3,32,5
fara-7b,Wolfram_Alpha--29,C5,01,27,0,27,0
fara-7b,Huggingface--4,C5,01,392,4,342,46
fara-7b,Huggingface--35,C5,01,350,4,281,65
fara-7b,Apple--36,C5,01,196,1,172,23
fara-7b,Cambridge_Dictionary--4,C5,01,887,38,456,393
fara-7b,Apple--23,C5,01,241,1,194,46
fara-7b,BBC_News--30,C5,01,926,81,456,389
fara-7b,Google_Search--5,C5,01,434,6,324,104
fara-7b,Huggingface--22,C5,01,27,0,25,2
fara-7b,Cambridge_Dictionary--15,C5,01,1280,44,650,586
fara-7b,Huggingface--0,C5,01,244,0,240,4
fara-7b,Amazon--2,C5,01,628,20,518,90
fara-7b,Booking--38,C5,01,231,15,119,97
fara-7b,Google_Search--41,C5,01,194,4,137,53
fara-7b,Wolfram_Alpha--13,C5,01,109,0,83,26
fara-7b,Cambridge_Dictionary--17,C5,01,1258,55,574,629
fara-7b,Wolfram_Alpha--12,C5,01,1577,80,835,662
fara-7b,Cambridge_Dictionary--20,C5,01,954,38,425,491
fara-7b,Amazon--29,C5,01,862,25,779,58
fara-7b,Huggingface--5,C5,01,272,0,268,4
fara-7b,Cambridge_Dictionary--21,C5,01,861,47,396,418
fara-7b,Cambridge_Dictionary--23,C5,01,1048,34,452,562
fara-7b,BBC_News--15,C5,01,656,55,303,298
fara-7b,ArXiv--22,C5,01,10,6,4,0
fara-7b,Google_Map--33,C5,01,353,0,350,3
fara-7b,ArXiv--31,C5,01,1,0,0,1
fara-7b,BBC_News--10,C5,01,730,52,358,320
fara-7b,Cambridge_Dictionary--3,C5,01,1056,51,473,532
fara-7b,Cambridge_Dictionary--10,C5,01,1290,43,701,546
fara-7b,Apple--21,C5,01,477,8,312,157
fara-7b,Amazon--21,C5,01,1039,99,886,54
fara-7b,Google_Search--6,C5,01,304,31,185,88
fara-7b,ESPN--8,C5,01,633,33,284,316
fara-7b,ESPN--12,C5,01,606,32,261,313
fara-7b,Wolfram_Alpha--42,C5,01,126,0,108,18
fara-7b,Huggingface--34,C5,01,387,5,306,76
fara-7b,Google_Flights--35,C5,01,68,0,65,3
fara-7b,Wolfram_Alpha--1,C5,01,124,4,79,41
fara-7b,Apple--33,C5,01,328,2,297,29
fara-7b,Google_Search--29,C5,01,268,4,174,90
fara-7b,BBC_News--5,C5,01,327,18,208,101
fara-7b,Coursera--37,C5,01,430,49,314,67
fara-7b,ArXiv--20,C5,01,0,0,0,0
fara-7b,Apple--0,C5,01,279,2,245,32
fara-7b,Google_Search--21,C5,01,183,4,131,48
fara-7b,Apple--17,C5,01,193,1,108,84
fara-7b,Wolfram_Alpha--43,C5,01,102,0,86,16
fara-7b,Apple--41,C5,01,277,3,207,67
fara-7b,Apple--13,C5,01,300,6,227,67
fara-7b,Google_Map--9,C5,01,451,0,446,5
fara-7b,Amazon--28,C5,01,888,31,801,56
fara-7b,Google_Map--28,C5,01,367,4,310,53
fara-7b,BBC_News--23,C5,01,724,58,394,272
fara-7b,ESPN--4,C5,01,1438,108,649,681
fara-7b,Google_Search--12,C5,01,1910,67,851,992
fara-7b,Amazon--4,C5,01,685,21,539,125
fara-7b,Google_Map--0,C5,01,492,0,489,3
fara-7b,ArXiv--7,C5,01,177,4,104,69
fara-7b,Amazon--20,C5,01,673,23,558,92
fara-7b,Huggingface--25,C5,01,183,4,134,45
fara-7b,Google_Map--31,C5,01,365,0,361,4
fara-7b,Wolfram_Alpha--0,C5,01,37,0,37,0
fara-7b,Apple--30,C5,01,294,4,198,92
fara-7b,Huggingface--31,C5,01,112,0,109,3
fara-7b,Wolfram_Alpha--32,C5,01,57,0,57,0
fara-7b,Allrecipes--21,C5,01,1834,146,833,855
fara-7b,Google_Map--4,C5,01,602,4,550,48
fara-7b,GitHub--30,C5,01,117,0,114,3
fara-7b,GitHub--3,C5,01,34,0,29,5
fara-7b,Amazon--9,C5,01,900,23,826,51
fara-7b,Huggingface--14,C5,01,33,0,31,2
fara-7b,Huggingface--1,C5,01,87,0,82,5
fara-7b,Cambridge_Dictionary--37,C5,01,1368,48,650,670
fara-7b,Allrecipes--8,C5,01,1604,127,719,758
fara-7b,Cambridge_Dictionary--1,C5,01,1332,51,703,578
fara-7b,Amazon--18,C5,01,449,13,386,50
fara-7b,Huggingface--29,C5,01,271,0,267,4
fara-7b,Amazon--14,C5,01,639,18,571,50
fara-7b,ESPN--18,C5,01,1281,109,606,566
fara-7b,Google_Search--17,C5,01,155,4,108,43
fara-7b,ArXiv--41,C5,01,274,24,172,78
fara-7b,Google_Flights--3,C5,01,77,0,71,6
fara-7b,BBC_News--38,C5,01,896,83,455,358
fara-7b,Coursera--5,C5,01,955,116,637,202
fara-7b,Coursera--15,C5,01,842,89,611,142
fara-7b,ESPN--28,C5,01,1548,105,762,681
fara-7b,Google_Map--14,C5,01,449,0,445,4
fara-7b,Cambridge_Dictionary--29,C5,01,929,39,427,463
fara-7b,Huggingface--19,C5,01,287,0,284,3
fara-7b,BBC_News--25,C5,01,881,94,412,375
fara-7b,Huggingface--21,C5,01,229,4,178,47
fara-7b,Allrecipes--28,C5,01,1797,119,873,805
fara-7b,GitHub--11,C5,01,82,0,79,3
fara-7b,ArXiv--14,C5,01,1,0,0,1
fara-7b,Allrecipes--15,C5,01,1577,134,716,727
fara-7b,Coursera--24,C5,01,831,87,597,147
fara-7b,Google_Map--26,C5,01,453,0,450,3
fara-7b,Apple--25,C5,01,341,7,238,96
fara-7b,Wolfram_Alpha--33,C5,01,72,0,60,12
fara-7b,Apple--4,C5,01,287,2,221,64
fara-7b,BBC_News--39,C5,01,631,61,275,295
fara-7b,Google_Flights--14,C5,01,56,0,49,7
fara-7b,Google_Map--40,C5,01,353,7,274,72
fara-7b,Booking--42,C5,01,289,14,180,95
fara-7b,BBC_News--12,C5,01,985,82,476,427
fara-7b,ArXiv--11,C5,01,34,13,21,0
fara-7b,GitHub--21,C5,01,145,8,93,44
fara-7b,Google_Map--6,C5,01,302,0,298,4
fara-7b,BBC_News--32,C5,01,290,21,178,91
fara-7b,GitHub--17,C5,01,74,0,70,4
fara-7b,Cambridge_Dictionary--14,C5,01,1408,44,694,670
fara-7b,ArXiv--24,C5,01,1,0,0,1
fara-7b,Cambridge_Dictionary--30,C5,01,1107,45,504,558
fara-7b,Google_Flights--12,C5,01,55,0,49,6
fara-7b,Allrecipes--36,C5,01,1659,109,789,761
fara-7b,Google_Flights--25,C5,01,85,0,82,3
fara-7b,ESPN--22,C5,01,339,4,203,132
fara-7b,Booking--7,C5,01,484,54,263,167
fara-7b,Apple--32,C5,01,133,1,83,49
fara-7b,Booking--25,C5,01,229,14,122,93
fara-7b,GitHub--1,C5,01,68,0,65,3
fara-7b,Huggingface--2,C5,01,131,0,127,4
fara-7b,Allrecipes--3,C5,01,1824,126,844,854
fara-7b,Booking--34,C5,01,242,14,128,100
fara-7b,Booking--28,C5,01,297,15,167,115
fara-7b,ESPN--15,C5,01,161,4,87,70
fara-7b,Coursera--12,C5,01,1306,218,862,226
fara-7b,Apple--7,C5,01,176,2,103,71
fara-7b,ESPN--32,C5,01,1302,59,585,658
fara-7b,Google_Flights--13,C5,01,58,0,55,3
fara-7b,GitHub--13,C5,01,129,4,88,37
fara-7b,ArXiv--9,C5,01,0,0,0,0
fara-7b,Cambridge_Dictionary--34,C5,01,1411,37,764,610
fara-7b,Huggingface--24,C5,01,102,0,99,3
fara-7b,Allrecipes--17,C5,01,1825,137,860,828
fara-7b,ArXiv--23,C5,01,3,0,1,2
fara-7b,Cambridge_Dictionary--33,C5,01,1099,52,508,539
fara-7b,Amazon--22,C5,01,576,19,505,52
fara-7b,Booking--33,C5,01,262,20,166,76
fara-7b,Google_Flights--33,C5,01,78,0,74,4
fara-7b,Apple--18,C5,01,204,2,124,78
fara-7b,Amazon--23,C5,01,768,57,659,52
fara-7b,BBC_News--34,C5,01,915,77,480,358
fara-7b,Google_Flights--17,C5,01,58,0,55,3
fara-7b,Coursera--2,C5,01,728,103,502,123
fara-7b,Cambridge_Dictionary--22,C5,01,1068,54,447,567
fara-7b,Wolfram_Alpha--44,C5,01,52,0,40,12
fara-7b,ESPN--1,C5,01,1092,65,552,475
fara-7b,Booking--0,C5,01,294,15,163,116
fara-7b,Wolfram_Alpha--7,C5,01,200,0,182,18
fara-7b,Google_Search--24,C5,01,190,4,141,45
fara-7b,ArXiv--0,C5,01,0,0,0,0
fara-7b,Coursera--33,C5,01,829,81,597,151
fara-7b,ESPN--26,C5,01,2118,103,1001,1014
fara-7b,GitHub--37,C5,01,206,5,149,52
fara-7b,Booking--18,C5,01,249,15,129,105
fara-7b,Huggingface--39,C5,01,256,0,250,6
fara-7b,Wolfram_Alpha--45,C5,01,241,0,241,0
fara-7b,Coursera--39,C5,01,1128,122,800,206
fara-7b,Google_Search--28,C5,01,2165,148,965,1052
fara-7b,GitHub--36,C5,01,94,0,91,3
fara-7b,GitHub--19,C5,01,50,0,46,4
fara-7b,ArXiv--38,C5,01,131,6,83,42
fara-7b,Apple--5,C5,01,344,7,248,89
fara-7b,Allrecipes--20,C5,01,1622,132,800,690
fara-7b,BBC_News--0,C5,01,697,56,361,280
fara-7b,Google_Flights--32,C5,01,82,0,79,3
fara-7b,Cambridge_Dictionary--9,C5,01,1561,44,794,723
fara-7b,ArXiv--28,C5,01,5,0,4,1
fara-7b,Allrecipes--4,C5,01,1802,141,831,830
fara-7b,Google_Search--11,C5,01,627,12,332,283
fara-7b,Allrecipes--25,C5,01,2390,173,1143,1074
fara-7b,Google_Search--22,C5,01,242,6,183,53
fara-7b,ESPN--14,C5,01,1099,54,514,531
fara-7b,ArXiv--16,C5,01,1,0,0,1
fara-7b,Allrecipes--13,C5,01,2206,151,1065,990
fara-7b,ESPN--9,C5,01,628,40,268,320
fara-7b,Apple--12,C5,01,475,6,377,92
fara-7b,Huggingface--8,C5,01,121,4,76,41
fara-7b,Cambridge_Dictionary--26,C5,01,1015,54,501,460
fara-7b,Wolfram_Alpha--23,C5,01,63,0,63,0
fara-7b,GitHub--38,C5,01,136,4,85,47
fara-7b,Wolfram_Alpha--15,C5,01,104,0,104,0
fara-7b,ArXiv--42,C5,01,13,0,10,3
fara-7b,Booking--43,C5,01,532,30,302,200
fara-7b,Apple--26,C5,01,408,7,304,97
fara-7b,Apple--11,C5,01,339,3,230,106
fara-7b,Allrecipes--42,C5,01,1743,108,815,820
fara-7b,ArXiv--18,C5,01,2,0,2,0
fara-7b,ESPN--21,C5,01,581,38,292,251
fara-7b,Allrecipes--26,C5,01,1634,140,749,745
fara-7b,Google_Search--10,C5,01,3567,151,1680,1736
fara-7b,BBC_News--24,C5,01,977,95,494,388
fara-7b,Google_Flights--38,C5,01,64,0,58,6
fara-7b,ArXiv--10,C5,01,22,6,16,0
fara-7b,Amazon--17,C5,01,608,17,499,92
fara-7b,GitHub--12,C5,01,76,0,72,4
fara-7b,Coursera--31,C5,01,796,85,576,135
fara-7b,Wolfram_Alpha--9,C5,01,64,0,64,0
fara-7b,ArXiv--32,C5,01,0,0,0,0
fara-7b,ESPN--43,C5,01,246,12,128,106
fara-7b,Huggingface--17,C5,01,257,0,250,7
fara-7b,Google_Flights--30,C5,01,79,0,76,3
fara-7b,Google_Map--10,C5,01,321,0,317,4
fara-7b,Apple--8,C5,01,307,5,230,72
fara-7b,Cambridge_Dictionary--28,C5,01,1427,46,776,605
fara-7b,Allrecipes--37,C5,01,1666,115,751,800
fara-7b,Apple--29,C5,01,309,2,275,32
fara-7b,BBC_News--26,C5,01,846,71,397,378
fara-7b,Amazon--11,C5,01,811,27,729,55
fara-7b,Google_Flights--26,C5,01,61,0,57,4
fara-7b,ESPN--42,C5,01,315,37,151,127
fara-7b,Google_Search--25,C5,01,1667,58,830,779
fara-7b,Google_Flights--23,C5,01,65,0,61,4
fara-7b,Google_Flights--18,C5,01,43,0,40,3
fara-7b,Wolfram_Alpha--30,C5,01,146,0,120,26
fara-7b,Allrecipes--40,C5,01,242,36,85,121
fara-7b,Google_Map--21,C5,01,598,4,539,55
fara-7b,ESPN--11,C5,01,280,4,172,104
fara-7b,ArXiv--12,C5,01,42,10,32,0
fara-7b,Huggingface--37,C5,01,202,0,195,7
fara-7b,Amazon--7,C5,01,636,19,562,55
fara-7b,Coursera--41,C5,01,448,43,324,81
fara-7b,Google_Flights--34,C5,01,53,0,49,4
fara-7b,Google_Flights--5,C5,01,52,0,49,3
fara-7b,ArXiv--15,C5,01,3,0,1,2
fara-7b,ArXiv--29,C5,01,1,0,0,1
fara-7b,Booking--8,C5,01,362,15,201,146
fara-7b,Cambridge_Dictionary--12,C5,01,1410,42,696,672
fara-7b,Apple--31,C5,01,374,5,273,96
fara-7b,ESPN--2,C5,01,2171,152,1078,941
fara-7b,Allrecipes--31,C5,01,1878,146,861,871
fara-7b,Google_Search--4,C5,01,355,9,229,117
fara-7b,Coursera--17,C5,01,366,49,236,81
fara-7b,ESPN--39,C5,01,1597,101,704,792
fara-7b,Google_Search--20,C5,01,209,4,158,47
fara-7b,Wolfram_Alpha--6,C5,01,64,0,64,0
fara-7b,BBC_News--33,C5,01,532,53,239,240
fara-7b,Google_Flights--11,C5,01,60,0,55,5
fara-7b,ArXiv--1,C5,01,0,0,0,0
fara-7b,Allrecipes--22,C5,01,1827,159,871,797
fara-7b,Coursera--9,C5,01,666,81,466,119
fara-7b,ESPN--36,C5,01,71,3,31,37
fara-7b,Google_Map--19,C5,01,541,0,536,5
fara-7b,Huggingface--42,C5,01,248,0,244,4
fara-7b,Amazon--13,C5,01,748,21,674,53
fara-7b,Wolfram_Alpha--5,C5,01,60,0,46,14
fara-7b,Amazon--34,C5,01,799,24,708,67
fara-7b,Amazon--27,C5,01,695,55,590,50
fara-7b,Amazon--10,C5,01,679,37,588,54
fara-7b,GitHub--9,C5,01,203,4,153,46
fara-7b,ESPN--13,C5,01,1355,77,664,614
fara-7b,ArXiv--40,C5,01,0,0,0,0
fara-7b,Apple--38,C5,01,262,5,191,66
fara-7b,Google_Flights--21,C5,01,69,0,62,7
fara-7b,Coursera--26,C5,01,532,46,364,122
fara-7b,Amazon--32,C5,01,813,57,704,52
fara-7b,BBC_News--16,C5,01,1531,116,778,637
fara-7b,Allrecipes--10,C5,01,639,27,329,283
fara-7b,Booking--37,C5,01,263,14,139,110
fara-7b,Apple--19,C5,01,340,7,248,85
fara-7b,Wolfram_Alpha--17,C5,01,217,0,193,24
fara-7b,ArXiv--5,C5,01,2,0,0,2
fara-7b,GitHub--2,C5,01,42,0,39,3
fara-7b,ESPN--33,C5,01,608,35,266,307
fara-7b,Google_Search--1,C5,01,274,4,177,93
fara-7b,Cambridge_Dictionary--25,C5,01,1311,44,674,593
fara-7b,Coursera--11,C5,01,504,80,351,73
fara-7b,Wolfram_Alpha--21,C5,01,56,0,44,12
fara-7b,Booking--40,C5,01,1219,94,636,489
fara-7b,Google_Flights--16,C5,01,72,0,66,6
fara-7b,Google_Flights--20,C5,01,67,0,61,6
fara-7b,Amazon--38,C5,01,684,22,610,52
fara-7b,Apple--22,C5,01,108,1,73,34
fara-7b,Google_Map--27,C5,01,435,0,431,4
fara-7b,Google_Flights--1,C5,01,62,0,59,3
fara-7b,ESPN--10,C5,01,1325,74,576,675
fara-7b,Wolfram_Alpha--31,C5,01,84,0,72,12
fara-7b,ESPN--23,C5,01,787,48,358,381
fara-7b,Huggingface--18,C5,01,408,3,341,64
fara-7b,Booking--24,C5,01,438,51,242,145
fara-7b,Wolfram_Alpha--4,C5,01,46,0,46,0
fara-7b,Cambridge_Dictionary--24,C5,01,1024,45,470,509
fara-7b,BBC_News--40,C5,01,669,62,315,292
fara-7b,Booking--2,C5,01,237,14,122,101
fara-7b,Apple--6,C5,01,140,2,114,24
fara-7b,GitHub--27,C5,01,74,0,71,3
fara-7b,Google_Flights--39,C5,01,91,0,87,4
fara-7b,Amazon--37,C5,01,629,20,555,54
fara-7b,Google_Flights--28,C5,01,65,0,59,6
fara-7b,Booking--26,C5,01,227,14,119,94
fara-7b,Apple--9,C5,01,258,1,188,69
fara-7b,Allrecipes--11,C5,01,1764,138,819,807
fara-7b,Booking--4,C5,01,229,14,119,96
fara-7b,Coursera--30,C5,01,738,82,520,136
fara-7b,Allrecipes--30,C5,01,2712,184,1369,1159
fara-7b,Apple--39,C5,01,742,2,687,53
fara-7b,Google_Search--0,C5,01,162,4,115,43
fara-7b,Allrecipes--41,C5,01,1377,78,624,675
fara-7b,BBC_News--13,C5,01,85,6,57,22
fara-7b,Booking--31,C5,01,230,14,117,99
fara-7b,Allrecipes--6,C5,01,1943,114,859,970
fara-7b,ArXiv--37,C5,01,128,6,75,47
fara-7b,Allrecipes--9,C5,01,1912,150,901,861
fara-7b,Cambridge_Dictionary--18,C5,01,1761,55,905,801
fara-7b,Google_Flights--0,C5,01,84,0,78,6
fara-7b,Apple--24,C5,01,220,2,193,25
fara-7b,Coursera--4,C5,01,591,95,406,90
fara-7b,Amazon--0,C5,01,502,12,401,89
fara-7b,BBC_News--14,C5,01,476,30,246,200
fara-7b,Huggingface--20,C5,01,108,0,104,4
fara-7b,Booking--6,C5,01,541,22,284,235
fara-7b,Coursera--25,C5,01,673,78,479,116
fara-7b,Cambridge_Dictionary--0,C5,01,1651,91,840,720
fara-7b,Google_Flights--7,C5,01,62,0,56,6
fara-7b,GitHub--35,C5,01,268,6,153,109
fara-7b,Google_Map--22,C5,01,325,0,320,5
fara-7b,Huggingface--9,C5,01,260,0,256,4
fara-7b,Apple--1,C5,01,880,9,695,176
fara-7b,Coursera--34,C5,01,971,112,694,165
fara-7b,BBC_News--17,C5,01,231,20,131,80
fara-7b,Wolfram_Alpha--26,C5,01,92,0,92,0
fara-7b,Wolfram_Alpha--35,C5,01,52,0,40,12
fara-7b,ESPN--27,C5,01,865,56,400,409
fara-7b,BBC_News--6,C5,01,636,52,279,305
fara-7b,Coursera--20,C5,01,594,56,434,104
fara-7b,Wolfram_Alpha--22,C5,01,58,0,58,0
fara-7b,Google_Map--20,C5,01,480,0,477,3
fara-7b,Google_Map--39,C5,01,316,0,312,4
fara-7b,Google_Flights--24,C5,01,91,0,85,6
fara-7b,Huggingface--27,C5,01,189,4,118,67
fara-7b,Google_Search--19,C5,01,137,0,127,10
fara-7b,Wolfram_Alpha--10,C5,01,67,0,67,0
fara-7b,Coursera--16,C5,01,931,108,648,175
fara-7b,Cambridge_Dictionary--8,C5,01,1151,47,584,520
fara-7b,Apple--14,C5,01,295,1,225,69
fara-7b,Huggingface--33,C5,01,185,4,131,50
fara-7b,BBC_News--2,C5,01,951,82,498,371
fara-7b,Google_Map--24,C5,01,461,0,458,3
fara-7b,Wolfram_Alpha--37,C8,01,91,0,83,8
fara-7b,Booking--41,C8,01,145,5,89,51
fara-7b,Booking--39,C8,01,176,6,108,62
fara-7b,Amazon--15,C8,01,454,30,416,8
fara-7b,Google_Search--39,C8,01,70,0,65,5
fara-7b,Coursera--19,C8,01,187,13,172,2
fara-7b,Google_Search--9,C8,01,74,0,69,5
fara-7b,Google_Map--7,C8,01,424,5,408,11
fara-7b,Coursera--18,C8,01,184,7,175,2
fara-7b,Cambridge_Dictionary--6,C8,01,57,0,51,6
fara-7b,Google_Map--38,C8,01,282,0,278,4
fara-7b,Huggingface--32,C8,01,340,0,340,0
fara-7b,Google_Flights--41,C8,01,85,0,82,3
fara-7b,ESPN--35,C8,01,159,9,84,66
fara-7b,Booking--5,C8,01,149,6,88,55
fara-7b,GitHub--32,C8,01,48,0,45,3
fara-7b,BBC_News--19,C8,01,42,1,30,11
fara-7b,Google_Search--37,C8,01,125,0,115,10
fara-7b,Coursera--28,C8,01,185,7,176,2
fara-7b,Google_Map--30,C8,01,349,0,345,4
fara-7b,Amazon--12,C8,01,504,13,483,8
fara-7b,Amazon--30,C8,01,582,15,559,8
fara-7b,Coursera--27,C8,01,191,7,182,2
fara-7b,Google_Search--34,C8,01,167,0,150,17
fara-7b,Wolfram_Alpha--18,C8,01,77,0,65,12
fara-7b,Allrecipes--1,C8,01,637,52,269,316
fara-7b,Apple--42,C8,01,177,1,152,24
fara-7b,Huggingface--26,C8,01,245,0,245,0
fara-7b,Coursera--0,C8,01,190,10,177,3
fara-7b,Cambridge_Dictionary--5,C8,01,51,0,44,7
fara-7b,BBC_News--21,C8,01,41,1,29,11
fara-7b,Google_Map--11,C8,01,463,0,460,3
fara-7b,Booking--1,C8,01,10,0,6,4
fara-7b,BBC_News--7,C8,01,170,29,107,34
fara-7b,Amazon--35,C8,01,649,52,588,9
fara-7b,Allrecipes--23,C8,01,724,79,314,331
fara-7b,Google_Map--1,C8,01,271,0,268,3
fara-7b,Huggingface--3,C8,01,117,0,117,0
fara-7b,BBC_News--31,C8,01,192,30,113,49
fara-7b,Coursera--1,C8,01,117,4,111,2
fara-7b,Allrecipes--0,C8,01,751,71,341,339
fara-7b,Cambridge_Dictionary--13,C8,01,46,0,39,7
fara-7b,Coursera--36,C8,01,221,7,212,2
fara-7b,Allrecipes--32,C8,01,1004,107,506,391
fara-7b,Google_Flights--36,C8,01,66,0,63,3
fara-7b,ESPN--5,C8,01,243,7,188,48
fara-7b,Google_Map--18,C8,01,348,14,321,13
fara-7b,Google_Search--8,C8,01,136,0,125,11
fara-7b,Booking--35,C8,01,298,41,178,79
fara-7b,GitHub--8,C8,01,69,0,64,5
fara-7b,Amazon--39,C8,01,480,11,460,9
fara-7b,Allrecipes--2,C8,01,1029,101,506,422
fara-7b,Google_Map--16,C8,01,218,0,215,3
fara-7b,BBC_News--28,C8,01,287,45,188,54
fara-7b,Google_Map--34,C8,01,263,0,259,4
fara-7b,Booking--12,C8,01,157,5,93,59
fara-7b,Wolfram_Alpha--38,C8,01,78,0,66,12
fara-7b,Cambridge_Dictionary--38,C8,01,91,0,84,7
fara-7b,BBC_News--29,C8,01,127,15,88,24
fara-7b,GitHub--0,C8,01,49,0,46,3
fara-7b,GitHub--14,C8,01,70,0,67,3
fara-7b,Amazon--26,C8,01,600,48,543,9
fara-7b,ArXiv--4,C8,01,0,0,0,0
fara-7b,Google_Search--35,C8,01,56,0,51,5
fara-7b,Google_Flights--31,C8,01,78,0,72,6
fara-7b,ESPN--24,C8,01,103,5,66,32
fara-7b,Google_Flights--6,C8,01,63,0,57,6
fara-7b,Google_Map--12,C8,01,254,0,251,3
fara-7b,Cambridge_Dictionary--42,C8,01,98,0,51,47
fara-7b,ArXiv--21,C8,01,3,0,1,2
fara-7b,BBC_News--11,C8,01,231,42,131,58
fara-7b,Allrecipes--34,C8,01,612,55,268,289
fara-7b,GitHub--31,C8,01,103,0,99,4
fara-7b,Allrecipes--43,C8,01,896,76,435,385
fara-7b,Amazon--19,C8,01,344,11,324,9
fara-7b,Google_Search--18,C8,01,132,0,122,10
fara-7b,ArXiv--13,C8,01,1,0,0,1
fara-7b,Cambridge_Dictionary--7,C8,01,78,0,42,36
fara-7b,GitHub--7,C8,01,99,0,95,4
fara-7b,Amazon--24,C8,01,495,57,429,9
fara-7b,ESPN--20,C8,01,94,5,60,29
fara-7b,Wolfram_Alpha--36,C8,01,104,0,78,26
fara-7b,BBC_News--35,C8,01,242,39,159,44
fara-7b,Huggingface--28,C8,01,246,0,246,0
fara-7b,Allrecipes--29,C8,01,933,93,443,397
fara-7b,BBC_News--9,C8,01,179,22,123,34
fara-7b,GitHub--28,C8,01,59,0,55,4
fara-7b,GitHub--39,C8,01,79,0,74,5
fara-7b,Google_Search--36,C8,01,54,0,49,5
fara-7b,Apple--28,C8,01,58,1,48,9
fara-7b,Google_Flights--8,C8,01,77,0,71,6
fara-7b,Huggingface--38,C8,01,278,0,278,0
fara-7b,Google_Flights--10,C8,01,58,0,55,3
fara-7b,GitHub--25,C8,01,77,0,73,4
fara-7b,Allrecipes--19,C8,01,700,70,306,324
fara-7b,BBC_News--1,C8,01,166,23,109,34
fara-7b,Allrecipes--16,C8,01,707,69,316,322
fara-7b,ArXiv--3,C8,01,3,0,1,2
fara-7b,GitHub--26,C8,01,66,0,62,4
fara-7b,BBC_News--18,C8,01,157,16,107,34
fara-7b,ArXiv--2,C8,01,3,0,1,2
fara-7b,Google_Map--36,C8,01,292,0,289,3
fara-7b,ArXiv--35,C8,01,1,0,0,1
fara-7b,Google_Search--13,C8,01,54,0,49,5
fara-7b,ESPN--34,C8,01,100,16,55,29
fara-7b,Google_Map--15,C8,01,284,0,280,4
fara-7b,Google_Flights--37,C8,01,66,0,63,3
fara-7b,Google_Search--7,C8,01,111,0,99,12
fara-7b,ArXiv--27,C8,01,3,0,1,2
fara-7b,Google_Map--32,C8,01,409,3,396,10
fara-7b,Amazon--36,C8,01,521,35,477,9
fara-7b,Apple--37,C8,01,196,1,164,31
fara-7b,Google_Search--3,C8,01,129,0,118,11
fara-7b,Huggingface--23,C8,01,271,0,265,6
fara-7b,Apple--40,C8,01,58,1,48,9
fara-7b,ArXiv--25,C8,01,44,20,24,0
fara-7b,Amazon--8,C8,01,569,13,547,9
fara-7b,ESPN--16,C8,01,98,5,64,29
fara-7b,ESPN--17,C8,01,70,5,42,23
fara-7b,ESPN--37,C8,01,59,5,29,25
fara-7b,Coursera--10,C8,01,170,6,162,2
fara-7b,Allrecipes--33,C8,01,744,104,341,299
fara-7b,Allrecipes--44,C8,01,368,32,139,197
fara-7b,Google_Map--35,C8,01,275,0,271,4
fara-7b,Allrecipes--14,C8,01,735,66,316,353
fara-7b,Allrecipes--7,C8,01,922,86,435,401
fara-7b,Huggingface--7,C8,01,92,0,92,0
fara-7b,Coursera--22,C8,01,185,6,177,2
fara-7b,Apple--34,C8,01,127,1,87,39
fara-7b,Wolfram_Alpha--39,C8,01,138,0,112,26
fara-7b,Google_Flights--4,C8,01,64,0,61,3
fara-7b,Apple--3,C8,01,180,1,151,28
fara-7b,Allrecipes--12,C8,01,664,68,292,304
fara-7b,Amazon--25,C8,01,571,43,519,9
fara-7b,Google_Map--2,C8,01,268,0,264,4
fara-7b,GitHub--20,C8,01,61,0,58,3
fara-7b,Google_Flights--19,C8,01,65,0,61,4
fara-7b,Wolfram_Alpha--20,C8,01,106,0,86,20
fara-7b,Allrecipes--27,C8,01,717,66,322,329
fara-7b,Booking--13,C8,01,144,5,88,51
fara-7b,Coursera--29,C8,01,110,2,106,2
fara-7b,Huggingface--13,C8,01,259,0,259,0
fara-7b,ESPN--3,C8,01,174,6,115,53
fara-7b,Google_Flights--27,C8,01,81,0,78,3
fara-7b,Apple--35,C8,01,142,1,90,51
fara-7b,Huggingface--30,C8,01,96,0,96,0
fara-7b,Cambridge_Dictionary--41,C8,01,69,0,63,6
fara-7b,ESPN--31,C8,01,92,5,58,29
fara-7b,Google_Search--33,C8,01,54,0,49,5
fara-7b,ArXiv--30,C8,01,14,6,8,0
fara-7b,BBC_News--37,C8,01,195,32,129,34
fara-7b,Apple--20,C8,01,123,1,101,21
fara-7b,GitHub--34,C8,01,47,0,44,3
fara-7b,ArXiv--8,C8,01,0,0,0,0
fara-7b,Coursera--23,C8,01,180,7,171,2
fara-7b,Amazon--33,C8,01,479,41,429,9
fara-7b,Allrecipes--24,C8,01,628,63,282,283
fara-7b,Coursera--35,C8,01,200,10,188,2
fara-7b,Wolfram_Alpha--41,C8,01,106,0,94,12
fara-7b,GitHub--22,C8,01,71,0,67,4
fara-7b,Cambridge_Dictionary--16,C8,01,46,0,39,7
fara-7b,Google_Search--31,C8,01,54,0,49,5
fara-7b,ESPN--41,C8,01,149,9,98,42
fara-7b,Huggingface--41,C8,01,252,0,246,6
fara-7b,Google_Search--30,C8,01,58,0,52,6
fara-7b,BBC_News--3,C8,01,196,36,115,45
fara-7b,Coursera--3,C8,01,131,6,123,2
fara-7b,Wolfram_Alpha--27,C8,01,102,0,88,14
fara-7b,Google_Map--8,C8,01,289,0,285,4
fara-7b,Coursera--21,C8,01,181,10,169,2
fara-7b,GitHub--16,C8,01,44,0,41,3
fara-7b,Google_Map--3,C8,01,354,10,331,13
fara-7b,Booking--19,C8,01,156,4,94,58
fara-7b,Booking--29,C8,01,155,5,92,58
fara-7b,Huggingface--16,C8,01,243,0,243,0
fara-7b,Coursera--6,C8,01,248,15,231,2
fara-7b,Huggingface--15,C8,01,103,0,103,0
fara-7b,Cambridge_Dictionary--36,C8,01,0,0,0,0
fara-7b,ArXiv--33,C8,01,0,0,0,0
fara-7b,GitHub--18,C8,01,54,0,50,4
fara-7b,ArXiv--17,C8,01,13,0,11,2
fara-7b,Apple--2,C8,01,175,1,146,28
fara-7b,Huggingface--10,C8,01,97,0,97,0
fara-7b,GitHub--10,C8,01,69,2,62,5
fara-7b,GitHub--6,C8,01,116,0,113,3
fara-7b,Coursera--8,C8,01,127,4,120,3
fara-7b,ArXiv--26,C8,01,10,0,9,1
fara-7b,Wolfram_Alpha--8,C8,01,90,0,78,12
fara-7b,Amazon--40,C8,01,809,17,784,8
fara-7b,Apple--10,C8,01,308,2,272,34
fara-7b,ArXiv--19,C8,01,0,0,0,0
fara-7b,Coursera--13,C8,01,199,7,190,2
fara-7b,BBC_News--4,C8,01,215,33,137,45
fara-7b,GitHub--15,C8,01,68,0,65,3
fara-7b,ESPN--6,C8,01,166,7,112,47
fara-7b,Cambridge_Dictionary--35,C8,01,63,0,56,7
fara-7b,ESPN--30,C8,01,234,27,148,59
fara-7b,Huggingface--40,C8,01,73,0,73,0
fara-7b,Booking--15,C8,01,162,6,102,54
fara-7b,Wolfram_Alpha--2,C8,01,35,0,23,12
fara-7b,Booking--14,C8,01,146,6,90,50
fara-7b,Google_Search--16,C8,01,73,0,68,5
fara-7b,Apple--16,C8,01,168,1,146,21
fara-7b,Booking--32,C8,01,140,5,87,48
fara-7b,Cambridge_Dictionary--27,C8,01,46,0,39,7
fara-7b,GitHub--23,C8,01,85,0,81,4
fara-7b,Coursera--38,C8,01,109,4,102,3
fara-7b,Huggingface--36,C8,01,35,0,35,0
fara-7b,ESPN--29,C8,01,96,5,62,29
fara-7b,Booking--16,C8,01,154,5,92,57
fara-7b,Google_Search--14,C8,01,73,0,68,5
fara-7b,Google_Search--32,C8,01,182,0,164,18
fara-7b,Wolfram_Alpha--19,C8,01,222,0,172,50
fara-7b,Coursera--32,C8,01,172,4,166,2
fara-7b,Huggingface--6,C8,01,255,0,249,6
fara-7b,Google_Map--37,C8,01,400,0,396,4
fara-7b,Google_Flights--22,C8,01,125,0,122,3
fara-7b,Booking--20,C8,01,135,5,82,48
fara-7b,Wolfram_Alpha--24,C8,01,70,0,56,14
fara-7b,Amazon--16,C8,01,660,52,599,9
fara-7b,Amazon--3,C8,01,591,14,568,9
fara-7b,Cambridge_Dictionary--2,C8,01,51,0,44,7
fara-7b,BBC_News--36,C8,01,118,15,75,28
fara-7b,Coursera--7,C8,01,114,4,108,2
fara-7b,GitHub--5,C8,01,74,0,71,3
fara-7b,Huggingface--12,C8,01,110,0,110,0
fara-7b,Wolfram_Alpha--11,C8,01,148,0,116,32
fara-7b,Cambridge_Dictionary--19,C8,01,48,0,42,6
fara-7b,ESPN--38,C8,01,88,6,52,30
fara-7b,Google_Map--23,C8,01,650,0,646,4
fara-7b,Apple--15,C8,01,265,1,201,63
fara-7b,GitHub--24,C8,01,91,0,87,4
fara-7b,Booking--9,C8,01,177,6,109,62
fara-7b,BBC_News--8,C8,01,258,38,182,38
fara-7b,BBC_News--41,C8,01,41,1,29,11
fara-7b,Cambridge_Dictionary--31,C8,01,107,0,70,37
fara-7b,Wolfram_Alpha--40,C8,01,119,0,107,12
fara-7b,Wolfram_Alpha--16,C8,01,134,0,122,12
fara-7b,Google_Map--5,C8,01,236,0,233,3
fara-7b,ESPN--7,C8,01,112,5,70,37
fara-7b,Google_Flights--9,C8,01,52,0,49,3
fara-7b,Booking--30,C8,01,142,6,86,50
fara-7b,ArXiv--39,C8,01,21,0,20,1
fara-7b,ArXiv--34,C8,01,0,0,0,0
fara-7b,ESPN--25,C8,01,218,6,166,46
fara-7b,Coursera--14,C8,01,153,6,145,2
fara-7b,Allrecipes--38,C8,01,632,54,279,299
fara-7b,Cambridge_Dictionary--11,C8,01,45,0,38,7
fara-7b,Google_Flights--15,C8,01,76,0,73,3
fara-7b,ESPN--19,C8,01,158,17,98,43
fara-7b,Google_Map--13,C8,01,395,0,391,4
fara-7b,Booking--21,C8,01,281,10,184,87
fara-7b,Booking--23,C8,01,133,5,81,47
fara-7b,Booking--36,C8,01,153,6,94,53
fara-7b,BBC_News--22,C8,01,108,18,65,25
fara-7b,Allrecipes--5,C8,01,739,77,332,330
fara-7b,Wolfram_Alpha--14,C8,01,152,0,126,26
fara-7b,Coursera--40,C8,01,255,3,249,3
fara-7b,Huggingface--11,C8,01,96,0,96,0
fara-7b,Google_Map--17,C8,01,381,0,377,4
fara-7b,GitHub--40,C8,01,41,0,35,6
fara-7b,Google_Search--42,C8,01,124,0,114,10
fara-7b,Wolfram_Alpha--25,C8,01,233,0,213,20
fara-7b,Booking--11,C8,01,153,5,95,53
fara-7b,Amazon--31,C8,01,633,16,609,8
fara-7b,Amazon--6,C8,01,330,10,311,9
fara-7b,GitHub--33,C8,01,26,0,23,3
fara-7b,ArXiv--36,C8,01,0,0,0,0
fara-7b,Booking--10,C8,01,159,4,99,56
fara-7b,Google_Search--15,C8,01,79,0,73,6
fara-7b,Booking--22,C8,01,141,5,85,51
fara-7b,Allrecipes--39,C8,01,850,88,358,404
fara-7b,Cambridge_Dictionary--39,C8,01,101,0,95,6
fara-7b,BBC_News--20,C8,01,163,24,105,34
fara-7b,Google_Flights--2,C8,01,47,0,42,5
fara-7b,Allrecipes--35,C8,01,625,58,274,293
fara-7b,Allrecipes--18,C8,01,764,55,356,353
fara-7b,Cambridge_Dictionary--40,C8,01,75,0,38,37
fara-7b,Google_Search--26,C8,01,58,0,53,5
fara-7b,Google_Search--38,C8,01,74,0,69,5
fara-7b,Apple--27,C8,01,209,1,151,57
fara-7b,Booking--27,C8,01,157,6,94,57
fara-7b,Google_Flights--40,C8,01,104,0,98,6
fara-7b,Google_Map--25,C8,01,366,0,357,9
fara-7b,Google_Search--27,C8,01,75,0,70,5
fara-7b,Amazon--5,C8,01,204,2,183,19
fara-7b,Google_Search--2,C8,01,75,0,70,5
fara-7b,Google_Search--40,C8,01,108,0,98,10
fara-7b,Wolfram_Alpha--28,C8,01,76,0,60,16
fara-7b,Amazon--1,C8,01,261,3,250,8
fara-7b,Google_Flights--29,C8,01,71,0,67,4
fara-7b,Google_Search--23,C8,01,131,0,119,12
fara-7b,ESPN--0,C8,01,93,5,59,29
fara-7b,Booking--3,C8,01,157,5,98,54
fara-7b,BBC_News--27,C8,01,55,1,43,11
fara-7b,Wolfram_Alpha--3,C8,01,53,0,41,12
fara-7b,Wolfram_Alpha--34,C8,01,87,0,75,12
fara-7b,ESPN--40,C8,01,121,5,79,37
fara-7b,ArXiv--6,C8,01,20,0,18,2
fara-7b,Booking--17,C8,01,169,6,102,61
fara-7b,GitHub--4,C8,01,72,0,68,4
fara-7b,Google_Map--29,C8,01,254,0,250,4
fara-7b,Cambridge_Dictionary--32,C8,01,54,0,48,6
fara-7b,GitHub--29,C8,01,34,0,29,5
fara-7b,Wolfram_Alpha--29,C8,01,53,0,35,18
fara-7b,Huggingface--4,C8,01,97,0,97,0
fara-7b,Huggingface--35,C8,01,51,0,51,0
fara-7b,Apple--36,C8,01,222,1,201,20
fara-7b,Cambridge_Dictionary--4,C8,01,44,0,37,7
fara-7b,Apple--23,C8,01,256,1,210,45
fara-7b,BBC_News--30,C8,01,113,19,68,26
fara-7b,Google_Search--5,C8,01,56,0,51,5
fara-7b,Huggingface--22,C8,01,235,0,235,0
fara-7b,Cambridge_Dictionary--15,C8,01,45,0,38,7
fara-7b,Huggingface--0,C8,01,101,0,101,0
fara-7b,Amazon--2,C8,01,758,30,719,9
fara-7b,Booking--38,C8,01,150,7,92,51
fara-7b,Google_Search--41,C8,01,107,0,97,10
fara-7b,Wolfram_Alpha--13,C8,01,101,0,79,22
fara-7b,Cambridge_Dictionary--17,C8,01,49,0,42,7
fara-7b,Wolfram_Alpha--12,C8,01,172,0,134,38
fara-7b,Cambridge_Dictionary--20,C8,01,44,0,37,7
fara-7b,Amazon--29,C8,01,404,11,385,8
fara-7b,Huggingface--5,C8,01,261,0,261,0
fara-7b,Cambridge_Dictionary--21,C8,01,78,0,69,9
fara-7b,Cambridge_Dictionary--23,C8,01,44,0,37,7
fara-7b,BBC_News--15,C8,01,42,1,30,11
fara-7b,ArXiv--22,C8,01,11,6,5,0
fara-7b,Google_Map--33,C8,01,243,0,239,4
fara-7b,ArXiv--31,C8,01,7,0,3,4
fara-7b,BBC_News--10,C8,01,142,22,95,25
fara-7b,Cambridge_Dictionary--3,C8,01,66,0,56,10
fara-7b,Cambridge_Dictionary--10,C8,01,43,0,36,7
fara-7b,Apple--21,C8,01,290,3,203,84
fara-7b,Amazon--21,C8,01,814,22,734,58
fara-7b,Google_Search--6,C8,01,126,0,116,10
fara-7b,ESPN--8,C8,01,115,7,69,39
fara-7b,ESPN--12,C8,01,15,1,6,8
fara-7b,Wolfram_Alpha--42,C8,01,120,0,106,14
fara-7b,Huggingface--34,C8,01,341,0,335,6
fara-7b,Google_Flights--35,C8,01,68,0,65,3
fara-7b,Wolfram_Alpha--1,C8,01,134,0,108,26
fara-7b,Apple--33,C8,01,305,1,273,31
fara-7b,Google_Search--29,C8,01,56,0,51,5
fara-7b,BBC_News--5,C8,01,142,9,111,22
fara-7b,Coursera--37,C8,01,107,4,101,2
fara-7b,ArXiv--20,C8,01,1,0,0,1
fara-7b,Apple--0,C8,01,293,2,256,35
fara-7b,Google_Search--21,C8,01,130,0,117,13
fara-7b,Apple--17,C8,01,154,1,135,18
fara-7b,Wolfram_Alpha--43,C8,01,103,0,87,16
fara-7b,Apple--41,C8,01,58,1,48,9
fara-7b,Apple--13,C8,01,242,2,209,31
fara-7b,Google_Map--9,C8,01,326,0,323,3
fara-7b,Amazon--28,C8,01,500,8,454,38
fara-7b,Google_Map--28,C8,01,262,0,259,3
fara-7b,BBC_News--23,C8,01,43,1,31,11
fara-7b,ESPN--4,C8,01,20,0,5,15
fara-7b,Google_Search--12,C8,01,74,0,69,5
fara-7b,Amazon--4,C8,01,489,12,468,9
fara-7b,Google_Map--0,C8,01,619,0,616,3
fara-7b,ArXiv--7,C8,01,1,0,0,1
fara-7b,Amazon--20,C8,01,521,44,469,8
fara-7b,Huggingface--25,C8,01,265,0,253,12
fara-7b,Google_Map--31,C8,01,241,0,236,5
fara-7b,Wolfram_Alpha--0,C8,01,59,0,47,12
fara-7b,Apple--30,C8,01,292,3,199,90
fara-7b,Huggingface--31,C8,01,108,0,108,0
fara-7b,Wolfram_Alpha--32,C8,01,76,0,60,16
fara-7b,Allrecipes--21,C8,01,736,68,319,349
fara-7b,Google_Map--4,C8,01,526,0,522,4
fara-7b,GitHub--30,C8,01,152,0,148,4
fara-7b,GitHub--3,C8,01,33,0,28,5
fara-7b,Amazon--9,C8,01,449,8,433,8
fara-7b,Huggingface--14,C8,01,35,0,35,0
fara-7b,Huggingface--1,C8,01,77,0,77,0
fara-7b,Cambridge_Dictionary--37,C8,01,96,0,60,36
fara-7b,Allrecipes--8,C8,01,626,57,271,298
fara-7b,Cambridge_Dictionary--1,C8,01,45,0,38,7
fara-7b,Amazon--18,C8,01,281,7,265,9
fara-7b,Huggingface--29,C8,01,246,0,234,12
fara-7b,Amazon--14,C8,01,519,10,501,8
fara-7b,ESPN--18,C8,01,53,3,27,23
fara-7b,Google_Search--17,C8,01,73,0,68,5
fara-7b,ArXiv--41,C8,01,15,12,3,0
fara-7b,Google_Flights--3,C8,01,108,0,104,4
fara-7b,BBC_News--38,C8,01,163,23,106,34
fara-7b,Coursera--5,C8,01,247,10,234,3
fara-7b,Coursera--15,C8,01,195,7,186,2
fara-7b,ESPN--28,C8,01,189,25,118,46
fara-7b,Google_Map--14,C8,01,256,0,252,4
fara-7b,Cambridge_Dictionary--29,C8,01,179,0,120,59
fara-7b,Huggingface--19,C8,01,287,0,287,0
fara-7b,BBC_News--25,C8,01,316,46,198,72
fara-7b,Huggingface--21,C8,01,308,0,302,6
fara-7b,Allrecipes--28,C8,01,900,94,396,410
fara-7b,GitHub--11,C8,01,133,0,129,4
fara-7b,ArXiv--14,C8,01,9,0,4,5
fara-7b,Allrecipes--15,C8,01,790,84,341,365
fara-7b,Coursera--24,C8,01,150,4,144,2
fara-7b,Google_Map--26,C8,01,380,7,363,10
fara-7b,Apple--25,C8,01,556,3,511,42
fara-7b,Wolfram_Alpha--33,C8,01,52,0,40,12
fara-7b,Apple--4,C8,01,264,1,200,63
fara-7b,BBC_News--39,C8,01,166,30,95,41
fara-7b,Google_Flights--14,C8,01,52,0,49,3
fara-7b,Google_Map--40,C8,01,297,0,292,5
fara-7b,Booking--42,C8,01,153,5,94,54
fara-7b,BBC_News--12,C8,01,204,31,136,37
fara-7b,ArXiv--11,C8,01,28,10,18,0
fara-7b,GitHub--21,C8,01,40,7,28,5
fara-7b,Google_Map--6,C8,01,476,0,473,3
fara-7b,BBC_News--32,C8,01,159,22,103,34
fara-7b,GitHub--17,C8,01,81,0,78,3
fara-7b,Cambridge_Dictionary--14,C8,01,52,0,45,7
fara-7b,ArXiv--24,C8,01,1,0,0,1
fara-7b,Cambridge_Dictionary--30,C8,01,69,0,61,8
fara-7b,Google_Flights--12,C8,01,55,0,49,6
fara-7b,Allrecipes--36,C8,01,742,78,337,327
fara-7b,Google_Flights--25,C8,01,85,0,82,3
fara-7b,ESPN--22,C8,01,168,16,105,47
fara-7b,Booking--7,C8,01,152,6,92,54
fara-7b,Apple--32,C8,01,233,1,187,45
fara-7b,Booking--25,C8,01,147,5,92,50
fara-7b,GitHub--1,C8,01,82,0,78,4
fara-7b,Huggingface--2,C8,01,295,0,289,6
fara-7b,Allrecipes--3,C8,01,676,56,288,332
fara-7b,Booking--34,C8,01,166,5,100,61
fara-7b,Booking--28,C8,01,151,5,89,57
fara-7b,ESPN--15,C8,01,242,24,148,70
fara-7b,Coursera--12,C8,01,186,7,177,2
fara-7b,Apple--7,C8,01,134,1,96,37
fara-7b,ESPN--32,C8,01,290,17,206,67
fara-7b,Google_Flights--13,C8,01,61,0,55,6
fara-7b,GitHub--13,C8,01,68,0,65,3
fara-7b,ArXiv--9,C8,01,0,0,0,0
fara-7b,Cambridge_Dictionary--34,C8,01,75,0,67,8
fara-7b,Huggingface--24,C8,01,91,0,91,0
fara-7b,Allrecipes--17,C8,01,845,105,372,368
fara-7b,ArXiv--23,C8,01,1,0,0,1
fara-7b,Cambridge_Dictionary--33,C8,01,77,0,69,8
fara-7b,Amazon--22,C8,01,730,46,675,9
fara-7b,Booking--33,C8,01,238,14,153,71
fara-7b,Google_Flights--33,C8,01,77,0,74,3
fara-7b,Apple--18,C8,01,172,1,122,49
fara-7b,Amazon--23,C8,01,653,17,598,38
fara-7b,BBC_News--34,C8,01,176,20,122,34
fara-7b,Google_Flights--17,C8,01,58,0,55,3
fara-7b,Coursera--2,C8,01,182,7,173,2
fara-7b,Cambridge_Dictionary--22,C8,01,45,0,38,7
fara-7b,Wolfram_Alpha--44,C8,01,79,0,61,18
fara-7b,ESPN--1,C8,01,122,6,78,38
fara-7b,Booking--0,C8,01,168,4,103,61
fara-7b,Wolfram_Alpha--7,C8,01,200,0,182,18
fara-7b,Google_Search--24,C8,01,54,0,49,5
fara-7b,ArXiv--0,C8,01,1,0,0,1
fara-7b,Coursera--33,C8,01,146,4,140,2
fara-7b,ESPN--26,C8,01,111,14,68,29
fara-7b,GitHub--37,C8,01,83,0,79,4
fara-7b,Booking--18,C8,01,327,20,190,117
fara-7b,Huggingface--39,C8,01,80,0,80,0
fara-7b,Wolfram_Alpha--45,C8,01,197,0,165,32
fara-7b,Coursera--39,C8,01,210,10,198,2
fara-7b,Google_Search--28,C8,01,180,0,163,17
fara-7b,GitHub--36,C8,01,94,0,91,3
fara-7b,GitHub--19,C8,01,50,0,46,4
fara-7b,ArXiv--38,C8,01,0,0,0,0
fara-7b,Apple--5,C8,01,252,2,164,86
fara-7b,Allrecipes--20,C8,01,898,82,390,426
fara-7b,BBC_News--0,C8,01,308,53,202,53
fara-7b,Google_Flights--32,C8,01,78,0,75,3
fara-7b,Cambridge_Dictionary--9,C8,01,48,0,41,7
fara-7b,ArXiv--28,C8,01,18,0,16,2
fara-7b,Allrecipes--4,C8,01,682,60,300,322
fara-7b,Google_Search--11,C8,01,55,0,50,5
fara-7b,Allrecipes--25,C8,01,677,77,301,299
fara-7b,Google_Search--22,C8,01,55,0,50,5
fara-7b,ESPN--14,C8,01,93,5,56,32
fara-7b,ArXiv--16,C8,01,1,0,0,1
fara-7b,Allrecipes--13,C8,01,750,82,347,321
fara-7b,ESPN--9,C8,01,106,5,69,32
fara-7b,Apple--12,C8,01,593,2,543,48
fara-7b,Huggingface--8,C8,01,234,0,228,6
fara-7b,Cambridge_Dictionary--26,C8,01,44,0,37,7
fara-7b,Wolfram_Alpha--23,C8,01,77,0,69,8
fara-7b,GitHub--38,C8,01,50,0,46,4
fara-7b,Wolfram_Alpha--15,C8,01,149,0,123,26
fara-7b,ArXiv--42,C8,01,3,0,1,2
fara-7b,Booking--43,C8,01,114,5,66,43
fara-7b,Apple--26,C8,01,208,1,182,25
fara-7b,Apple--11,C8,01,255,2,214,39
fara-7b,Allrecipes--42,C8,01,644,58,292,294
fara-7b,ArXiv--18,C8,01,10,0,9,1
fara-7b,ESPN--21,C8,01,101,7,62,32
fara-7b,Allrecipes--26,C8,01,764,87,346,331
fara-7b,Google_Search--10,C8,01,73,0,68,5
fara-7b,BBC_News--24,C8,01,225,43,141,41
fara-7b,Google_Flights--38,C8,01,59,0,53,6
fara-7b,ArXiv--10,C8,01,22,6,16,0
fara-7b,Amazon--17,C8,01,628,12,607,9
fara-7b,GitHub--12,C8,01,76,0,72,4
fara-7b,Coursera--31,C8,01,181,7,171,3
fara-7b,Wolfram_Alpha--9,C8,01,84,0,72,12
fara-7b,ArXiv--32,C8,01,0,0,0,0
fara-7b,ESPN--43,C8,01,97,5,63,29
fara-7b,Huggingface--17,C8,01,244,0,244,0
fara-7b,Google_Flights--30,C8,01,65,0,61,4
fara-7b,Google_Map--10,C8,01,243,0,240,3
fara-7b,Apple--8,C8,01,207,1,182,24
fara-7b,Cambridge_Dictionary--28,C8,01,55,0,48,7
fara-7b,Allrecipes--37,C8,01,664,66,300,298
fara-7b,Apple--29,C8,01,308,2,271,35
fara-7b,BBC_News--26,C8,01,201,32,135,34
fara-7b,Amazon--11,C8,01,662,46,607,9
fara-7b,Google_Flights--26,C8,01,61,0,57,4
fara-7b,ESPN--42,C8,01,84,5,50,29
fara-7b,Google_Search--25,C8,01,54,0,49,5
fara-7b,Google_Flights--23,C8,01,54,0,51,3
fara-7b,Google_Flights--18,C8,01,61,0,55,6
fara-7b,Wolfram_Alpha--30,C8,01,142,0,110,32
fara-7b,Allrecipes--40,C8,01,236,22,79,135
fara-7b,Google_Map--21,C8,01,260,0,256,4
fara-7b,ESPN--11,C8,01,89,5,55,29
fara-7b,ArXiv--12,C8,01,51,10,41,0
fara-7b,Huggingface--37,C8,01,242,0,242,0
fara-7b,Amazon--7,C8,01,689,11,632,46
fara-7b,Coursera--41,C8,01,103,5,96,2
fara-7b,Google_Flights--34,C8,01,52,0,49,3
fara-7b,Google_Flights--5,C8,01,52,0,49,3
fara-7b,ArXiv--15,C8,01,5,0,2,3
fara-7b,ArXiv--29,C8,01,3,0,1,2
fara-7b,Booking--8,C8,01,143,5,87,51
fara-7b,Cambridge_Dictionary--12,C8,01,47,0,40,7
fara-7b,Apple--31,C8,01,147,1,128,18
fara-7b,ESPN--2,C8,01,195,14,135,46
fara-7b,Allrecipes--31,C8,01,705,79,319,307
fara-7b,Google_Search--4,C8,01,90,0,85,5
fara-7b,Coursera--17,C8,01,119,4,113,2
fara-7b,ESPN--39,C8,01,99,5,63,31
fara-7b,Google_Search--20,C8,01,109,0,97,12
fara-7b,Wolfram_Alpha--6,C8,01,74,0,62,12
fara-7b,BBC_News--33,C8,01,107,14,69,24
fara-7b,Google_Flights--11,C8,01,58,0,55,3
fara-7b,ArXiv--1,C8,01,5,0,2,3
fara-7b,Allrecipes--22,C8,01,687,78,328,281
fara-7b,Coursera--9,C8,01,183,7,174,2
fara-7b,ESPN--36,C8,01,43,3,17,23
fara-7b,Google_Map--19,C8,01,312,0,309,3
fara-7b,Huggingface--42,C8,01,237,0,237,0
fara-7b,Amazon--13,C8,01,468,9,451,8
fara-7b,Wolfram_Alpha--5,C8,01,56,0,44,12
fara-7b,Amazon--34,C8,01,856,20,827,9
fara-7b,Amazon--27,C8,01,568,11,514,43
fara-7b,Amazon--10,C8,01,449,8,404,37
fara-7b,GitHub--9,C8,01,54,0,50,4
fara-7b,ESPN--13,C8,01,97,5,63,29
fara-7b,ArXiv--40,C8,01,0,0,0,0
fara-7b,Apple--38,C8,01,211,1,119,91
fara-7b,Google_Flights--21,C8,01,65,0,62,3
fara-7b,Coursera--26,C8,01,180,7,170,3
fara-7b,Amazon--32,C8,01,701,12,641,48
fara-7b,BBC_News--16,C8,01,10,2,4,4
fara-7b,Allrecipes--10,C8,01,1222,136,473,613
fara-7b,Booking--37,C8,01,78,0,38,40
fara-7b,Apple--19,C8,01,221,2,190,29
fara-7b,Wolfram_Alpha--17,C8,01,231,0,201,30
fara-7b,ArXiv--5,C8,01,11,0,5,6
fara-7b,GitHub--2,C8,01,28,0,25,3
fara-7b,ESPN--33,C8,01,94,5,57,32
fara-7b,Google_Search--1,C8,01,73,0,68,5
fara-7b,Cambridge_Dictionary--25,C8,01,45,0,38,7
fara-7b,Coursera--11,C8,01,127,5,120,2
fara-7b,Wolfram_Alpha--21,C8,01,56,0,44,12
fara-7b,Booking--40,C8,01,153,5,95,53
fara-7b,Google_Flights--16,C8,01,68,0,65,3
fara-7b,Google_Flights--20,C8,01,61,0,57,4
fara-7b,Amazon--38,C8,01,947,16,877,54
fara-7b,Apple--22,C8,01,212,1,177,34
fara-7b,Google_Map--27,C8,01,334,0,328,6
fara-7b,Google_Flights--1,C8,01,62,0,59,3
fara-7b,ESPN--10,C8,01,89,5,55,29
fara-7b,Wolfram_Alpha--31,C8,01,84,0,72,12
fara-7b,ESPN--23,C8,01,55,3,24,28
fara-7b,Huggingface--18,C8,01,250,0,244,6
fara-7b,Booking--24,C8,01,156,6,94,56
fara-7b,Wolfram_Alpha--4,C8,01,263,0,221,42
fara-7b,Cambridge_Dictionary--24,C8,01,45,0,38,7
fara-7b,BBC_News--40,C8,01,42,1,30,11
fara-7b,Booking--2,C8,01,171,5,110,56
fara-7b,Apple--6,C8,01,154,1,132,21
fara-7b,GitHub--27,C8,01,90,0,87,3
fara-7b,Google_Flights--39,C8,01,90,0,84,6
fara-7b,Amazon--37,C8,01,508,12,488,8
fara-7b,Google_Flights--28,C8,01,50,0,47,3
fara-7b,Booking--26,C8,01,171,6,104,61
fara-7b,Apple--9,C8,01,157,2,82,73
fara-7b,Allrecipes--11,C8,01,658,65,291,302
fara-7b,Booking--4,C8,01,142,5,88,49
fara-7b,Coursera--30,C8,01,187,10,175,2
fara-7b,Allrecipes--30,C8,01,980,94,469,417
fara-7b,Apple--39,C8,01,96,1,69,26
fara-7b,Google_Search--0,C8,01,74,0,69,5
fara-7b,Allrecipes--41,C8,01,641,50,297,294
fara-7b,BBC_News--13,C8,01,186,27,123,36
fara-7b,Booking--31,C8,01,155,5,96,54
fara-7b,Allrecipes--6,C8,01,661,50,298,313
fara-7b,ArXiv--37,C8,01,51,16,34,1
fara-7b,Allrecipes--9,C8,01,749,72,334,343
fara-7b,Cambridge_Dictionary--18,C8,01,53,0,47,6
fara-7b,Google_Flights--0,C8,01,84,0,78,6
fara-7b,Apple--24,C8,01,198,1,178,19
fara-7b,Coursera--4,C8,01,248,8,238,2
fara-7b,Amazon--0,C8,01,837,22,806,9
fara-7b,BBC_News--14,C8,01,214,34,141,39
fara-7b,Huggingface--20,C8,01,239,0,239,0
fara-7b,Booking--6,C8,01,155,5,96,54
fara-7b,Coursera--25,C8,01,178,7,169,2
fara-7b,Cambridge_Dictionary--0,C8,01,46,0,39,7
fara-7b,Google_Flights--7,C8,01,62,0,56,6
fara-7b,GitHub--35,C8,01,75,0,72,3
fara-7b,Google_Map--22,C8,01,284,0,281,3
fara-7b,Huggingface--9,C8,01,91,0,91,0
fara-7b,Apple--1,C8,01,1360,2,1307,51
fara-7b,Coursera--34,C8,01,228,13,213,2
fara-7b,BBC_News--17,C8,01,44,1,32,11
fara-7b,Wolfram_Alpha--26,C8,01,146,0,120,26
fara-7b,Wolfram_Alpha--35,C8,01,52,0,40,12
fara-7b,ESPN--27,C8,01,84,5,50,29
fara-7b,BBC_News--6,C8,01,94,12,60,22
fara-7b,Coursera--20,C8,01,189,7,180,2
fara-7b,Wolfram_Alpha--22,C8,01,78,0,66,12
fara-7b,Google_Map--20,C8,01,417,0,413,4
fara-7b,Google_Map--39,C8,01,360,0,355,5
fara-7b,Google_Flights--24,C8,01,58,0,55,3
fara-7b,Huggingface--27,C8,01,90,0,90,0
fara-7b,Google_Search--19,C8,01,74,0,69,5
fara-7b,Wolfram_Alpha--10,C8,01,87,0,75,12
fara-7b,Coursera--16,C8,01,189,7,180,2
fara-7b,Cambridge_Dictionary--8,C8,01,75,0,39,36
fara-7b,Apple--14,C8,01,275,1,206,68
fara-7b,Huggingface--33,C8,01,71,0,71,0
fara-7b,BBC_News--2,C8,01,125,23,78,24
fara-7b,Google_Map--24,C8,01,332,0,328,4
fara-7b,Wolfram_Alpha--37,C0,01,100,0,88,12
fara-7b,Booking--41,C0,01,381,18,223,140
fara-7b,Booking--39,C0,01,290,16,158,116
fara-7b,Amazon--15,C0,01,689,21,566,102
fara-7b,Google_Search--39,C0,01,167,4,120,43
fara-7b,Coursera--19,C0,01,772,86,560,126
fara-7b,Google_Search--9,C0,01,144,6,114,24
fara-7b,Google_Map--7,C0,01,550,0,547,3
fara-7b,Coursera--18,C0,01,588,52,435,101
fara-7b,Cambridge_Dictionary--6,C0,01,1569,46,727,796
fara-7b,Google_Map--38,C0,01,392,0,389,3
fara-7b,Huggingface--32,C0,01,232,0,230,2
fara-7b,Google_Flights--41,C0,01,107,0,100,7
fara-7b,ESPN--35,C0,01,574,72,307,195
fara-7b,Booking--5,C0,01,211,15,106,90
fara-7b,GitHub--32,C0,01,88,0,84,4
fara-7b,BBC_News--19,C0,01,178,20,105,53
fara-7b,Google_Search--37,C0,01,181,4,132,45
fara-7b,Coursera--28,C0,01,479,51,348,80
fara-7b,Google_Map--30,C0,01,449,0,446,3
fara-7b,Amazon--12,C0,01,696,20,589,87
fara-7b,Amazon--30,C0,01,679,22,529,128
fara-7b,Coursera--27,C0,01,498,49,366,83
fara-7b,Google_Search--34,C0,01,0,0,0,0
fara-7b,Wolfram_Alpha--18,C0,01,77,0,65,12
fara-7b,Allrecipes--1,C0,01,1354,149,649,556
fara-7b,Apple--42,C0,01,360,7,259,94
fara-7b,Huggingface--26,C0,01,254,0,251,3
fara-7b,Coursera--0,C0,01,584,52,432,100
fara-7b,Cambridge_Dictionary--5,C0,01,1290,40,646,604
fara-7b,BBC_News--21,C0,01,103,12,66,25
fara-7b,Google_Map--11,C0,01,5047,157,4592,298
fara-7b,Booking--1,C0,01,249,15,128,106
fara-7b,BBC_News--7,C0,01,510,39,283,188
fara-7b,Amazon--35,C0,01,843,60,731,52
fara-7b,Allrecipes--23,C0,01,956,119,433,404
fara-7b,Google_Map--1,C0,01,515,0,511,4
fara-7b,Huggingface--3,C0,01,120,0,118,2
fara-7b,BBC_News--31,C0,01,998,88,467,443
fara-7b,Coursera--1,C0,01,481,47,353,81
fara-7b,Allrecipes--0,C0,01,675,66,301,308
fara-7b,Cambridge_Dictionary--13,C0,01,988,43,411,534
fara-7b,Coursera--36,C0,01,798,120,556,122
fara-7b,Allrecipes--32,C0,01,1469,249,636,584
fara-7b,Google_Flights--36,C0,01,63,0,57,6
fara-7b,ESPN--5,C0,01,1449,137,598,714
fara-7b,Google_Map--18,C0,01,342,0,338,4
fara-7b,Google_Search--8,C0,01,431,12,315,104
fara-7b,Booking--35,C0,01,315,39,173,103
fara-7b,GitHub--8,C0,01,128,4,83,41
fara-7b,Amazon--39,C0,01,687,19,618,50
fara-7b,Allrecipes--2,C0,01,1065,104,436,525
fara-7b,Google_Map--16,C0,01,827,0,822,5
fara-7b,BBC_News--28,C0,01,453,37,217,199
fara-7b,Google_Map--34,C0,01,504,0,500,4
fara-7b,Booking--12,C0,01,283,15,158,110
fara-7b,Wolfram_Alpha--38,C0,01,91,0,73,18
fara-7b,Cambridge_Dictionary--38,C0,01,563,23,209,331
fara-7b,BBC_News--29,C0,01,546,41,266,239
fara-7b,GitHub--0,C0,01,45,0,42,3
fara-7b,GitHub--14,C0,01,311,8,198,105
fara-7b,Amazon--26,C0,01,647,23,554,70
fara-7b,ArXiv--4,C0,01,0,0,0,0
fara-7b,Google_Search--35,C0,01,462,13,249,200
fara-7b,Google_Flights--31,C0,01,75,0,72,3
fara-7b,ESPN--24,C0,01,750,99,368,283
fara-7b,Google_Flights--6,C0,01,60,0,57,3
fara-7b,Google_Map--12,C0,01,301,0,297,4
fara-7b,Cambridge_Dictionary--42,C0,01,796,30,365,401
fara-7b,ArXiv--21,C0,01,373,14,172,187
fara-7b,BBC_News--11,C0,01,752,133,419,200
fara-7b,Allrecipes--34,C0,01,1697,114,760,823
fara-7b,GitHub--31,C0,01,150,4,100,46
fara-7b,Allrecipes--43,C0,01,918,94,429,395
fara-7b,Amazon--19,C0,01,1014,31,821,162
fara-7b,Google_Search--18,C0,01,184,4,132,48
fara-7b,ArXiv--13,C0,01,0,0,0,0
fara-7b,Cambridge_Dictionary--7,C0,01,1290,48,680,562
fara-7b,GitHub--7,C0,01,103,0,99,4
fara-7b,Amazon--24,C0,01,1036,58,875,103
fara-7b,ESPN--20,C0,01,741,33,347,361
fara-7b,Wolfram_Alpha--36,C0,01,2,0,2,0
fara-7b,BBC_News--35,C0,01,1128,94,572,462
fara-7b,Huggingface--28,C0,01,205,4,164,37
fara-7b,Allrecipes--29,C0,01,909,102,404,403
fara-7b,BBC_News--9,C0,01,669,42,282,345
fara-7b,GitHub--28,C0,01,51,0,47,4
fara-7b,GitHub--39,C0,01,113,0,108,5
fara-7b,Google_Search--36,C0,01,223,12,166,45
fara-7b,Apple--28,C0,01,279,1,233,45
fara-7b,Google_Flights--8,C0,01,57,0,54,3
fara-7b,Huggingface--38,C0,01,150,4,100,46
fara-7b,Google_Flights--10,C0,01,58,0,55,3
fara-7b,GitHub--25,C0,01,91,0,87,4
fara-7b,Allrecipes--19,C0,01,1797,146,829,822
fara-7b,BBC_News--1,C0,01,781,73,354,354
fara-7b,Allrecipes--16,C0,01,1151,106,550,495
fara-7b,ArXiv--3,C0,01,5,0,2,3
fara-7b,GitHub--26,C0,01,168,4,117,47
fara-7b,BBC_News--18,C0,01,566,34,294,238
fara-7b,ArXiv--2,C0,01,1,0,0,1
fara-7b,Google_Map--36,C0,01,361,0,358,3
fara-7b,ArXiv--35,C0,01,1,0,0,1
fara-7b,Google_Search--13,C0,01,188,4,140,44
fara-7b,ESPN--34,C0,01,770,34,367,369
fara-7b,Google_Map--15,C0,01,699,0,696,3
fara-7b,Google_Flights--37,C0,01,63,0,59,4
fara-7b,Google_Search--7,C0,01,189,4,140,45
fara-7b,ArXiv--27,C0,01,163,4,95,64
fara-7b,Google_Map--32,C0,01,483,0,479,4
fara-7b,Amazon--36,C0,01,659,22,585,52
fara-7b,Apple--37,C0,01,190,2,159,29
fara-7b,Google_Search--3,C0,01,284,13,206,65
fara-7b,Huggingface--23,C0,01,135,4,90,41
fara-7b,Apple--40,C0,01,132,1,119,12
fara-7b,ArXiv--25,C0,01,138,10,84,44
fara-7b,Amazon--8,C0,01,959,24,808,127
fara-7b,ESPN--16,C0,01,498,6,291,201
fara-7b,ESPN--17,C0,01,198,5,118,75
fara-7b,ESPN--37,C0,01,176,4,100,72
fara-7b,Coursera--10,C0,01,696,55,516,125
fara-7b,Allrecipes--33,C0,01,910,97,410,403
fara-7b,Allrecipes--44,C0,01,1140,80,498,562
fara-7b,Google_Map--35,C0,01,573,5,470,98
fara-7b,Allrecipes--14,C0,01,1594,130,741,723
fara-7b,Allrecipes--7,C0,01,1808,135,852,821
fara-7b,Huggingface--7,C0,01,96,0,93,3
fara-7b,Coursera--22,C0,01,599,55,439,105
fara-7b,Apple--34,C0,01,667,124,323,220
fara-7b,Wolfram_Alpha--39,C0,01,138,0,112,26
fara-7b,Google_Flights--4,C0,01,64,0,61,3
fara-7b,Apple--3,C0,01,287,9,194,84
fara-7b,Allrecipes--12,C0,01,1685,111,770,804
fara-7b,Amazon--25,C0,01,1167,56,952,159
fara-7b,Google_Map--2,C0,01,455,0,451,4
fara-7b,GitHub--20,C0,01,144,4,98,42
fara-7b,Google_Flights--19,C0,01,68,0,61,7
fara-7b,Wolfram_Alpha--20,C0,01,60,0,48,12
fara-7b,Allrecipes--27,C0,01,1421,100,621,700
fara-7b,Booking--13,C0,01,313,15,175,123
fara-7b,Coursera--29,C0,01,575,54,426,95
fara-7b,Huggingface--13,C0,01,197,4,144,49
fara-7b,ESPN--3,C0,01,554,29,308,217
fara-7b,Google_Flights--27,C0,01,81,0,78,3
fara-7b,Apple--35,C0,01,172,2,108,62
fara-7b,Huggingface--30,C0,01,253,0,249,4
fara-7b,Cambridge_Dictionary--41,C0,01,1141,54,552,535
fara-7b,ESPN--31,C0,01,5557,253,3569,1735
fara-7b,Google_Search--33,C0,01,312,21,219,72
fara-7b,ArXiv--30,C0,01,17,6,11,0
fara-7b,BBC_News--37,C0,01,781,55,410,316
fara-7b,Apple--20,C0,01,165,1,115,49
fara-7b,GitHub--34,C0,01,60,0,57,3
fara-7b,ArXiv--8,C0,01,0,0,0,0
fara-7b,Coursera--23,C0,01,791,94,569,128
fara-7b,Amazon--33,C0,01,940,63,725,152
fara-7b,Allrecipes--24,C0,01,835,101,355,379
fara-7b,Coursera--35,C0,01,801,83,587,131
fara-7b,Wolfram_Alpha--41,C0,01,106,0,94,12
fara-7b,GitHub--22,C0,01,73,0,69,4
fara-7b,Cambridge_Dictionary--16,C0,01,1313,48,666,599
fara-7b,Google_Search--31,C0,01,173,4,125,44
fara-7b,ESPN--41,C0,01,551,38,255,258
fara-7b,Huggingface--41,C0,01,267,0,263,4
fara-7b,Google_Search--30,C0,01,157,4,108,45
fara-7b,BBC_News--3,C0,01,252,40,131,81
fara-7b,Coursera--3,C0,01,546,77,382,87
fara-7b,Wolfram_Alpha--27,C0,01,163,0,121,42
fara-7b,Google_Map--8,C0,01,388,0,385,3
fara-7b,Coursera--21,C0,01,817,87,596,134
fara-7b,GitHub--16,C0,01,161,4,114,43
fara-7b,Google_Map--3,C0,01,806,0,794,12
fara-7b,Booking--19,C0,01,278,15,151,112
fara-7b,Booking--29,C0,01,303,15,167,121
fara-7b,Huggingface--16,C0,01,278,0,272,6
fara-7b,Coursera--6,C0,01,1009,131,717,161
fara-7b,Huggingface--15,C0,01,99,0,96,3
fara-7b,Cambridge_Dictionary--36,C0,01,1495,46,804,645
fara-7b,ArXiv--33,C0,01,107,4,64,39
fara-7b,GitHub--18,C0,01,150,4,104,42
fara-7b,ArXiv--17,C0,01,99,4,56,39
fara-7b,Apple--2,C0,01,465,7,328,130
fara-7b,Huggingface--10,C0,01,355,10,200,145
fara-7b,GitHub--10,C0,01,83,13,65,5
fara-7b,GitHub--6,C0,01,91,0,88,3
fara-7b,Coursera--8,C0,01,996,93,737,166
fara-7b,ArXiv--26,C0,01,0,0,0,0
fara-7b,Wolfram_Alpha--8,C0,01,178,0,160,18
fara-7b,Amazon--40,C0,01,757,23,598,136
fara-7b,Apple--10,C0,01,693,5,628,60
fara-7b,ArXiv--19,C0,01,160,14,103,43
fara-7b,Coursera--13,C0,01,180,14,138,28
fara-7b,BBC_News--4,C0,01,824,52,439,333
fara-7b,GitHub--15,C0,01,50,0,47,3
fara-7b,ESPN--6,C0,01,160,4,93,63
fara-7b,Cambridge_Dictionary--35,C0,01,1737,80,789,868
fara-7b,ESPN--30,C0,01,344,56,155,133
fara-7b,Huggingface--40,C0,01,147,0,141,6
fara-7b,Booking--15,C0,01,324,18,180,126
fara-7b,Wolfram_Alpha--2,C0,01,35,0,23,12
fara-7b,Booking--14,C0,01,368,16,204,148
fara-7b,Google_Search--16,C0,01,247,6,172,69
fara-7b,Apple--16,C0,01,161,1,139,21
fara-7b,Booking--32,C0,01,213,15,108,90
fara-7b,Cambridge_Dictionary--27,C0,01,1236,51,533,652
fara-7b,GitHub--23,C0,01,85,0,81,4
fara-7b,Coursera--38,C0,01,964,119,677,168
fara-7b,Huggingface--36,C0,01,216,6,141,69
fara-7b,ESPN--29,C0,01,688,34,313,341
fara-7b,Booking--16,C0,01,291,16,158,117
fara-7b,Google_Search--14,C0,01,181,4,131,46
fara-7b,Google_Search--32,C0,01,180,4,130,46
fara-7b,Wolfram_Alpha--19,C0,01,637,80,366,191
fara-7b,Coursera--32,C0,01,702,55,519,128
fara-7b,Huggingface--6,C0,01,474,5,359,110
fara-7b,Google_Map--37,C0,01,588,0,583,5
fara-7b,Google_Flights--22,C0,01,95,0,89,6
fara-7b,Booking--20,C0,01,226,16,114,96
fara-7b,Wolfram_Alpha--24,C0,01,53,0,45,8
fara-7b,Amazon--16,C0,01,809,25,671,113
fara-7b,Amazon--3,C0,01,829,24,535,270
fara-7b,Cambridge_Dictionary--2,C0,01,1459,43,750,666
fara-7b,BBC_News--36,C0,01,538,48,235,255
fara-7b,Coursera--7,C0,01,802,117,560,125
fara-7b,GitHub--5,C0,01,111,0,107,4
fara-7b,Huggingface--12,C0,01,114,0,112,2
fara-7b,Wolfram_Alpha--11,C0,01,135,0,109,26
fara-7b,Cambridge_Dictionary--19,C0,01,1101,43,559,499
fara-7b,ESPN--38,C0,01,464,33,220,211
fara-7b,Google_Map--23,C0,01,803,30,490,283
fara-7b,Apple--15,C0,01,276,1,208,67
fara-7b,GitHub--24,C0,01,97,0,94,3
fara-7b,Booking--9,C0,01,385,26,215,144
fara-7b,BBC_News--8,C0,01,876,67,425,384
fara-7b,BBC_News--41,C0,01,183,8,116,59
fara-7b,Cambridge_Dictionary--31,C0,01,1586,71,766,749
fara-7b,Wolfram_Alpha--40,C0,01,119,0,107,12
fara-7b,Wolfram_Alpha--16,C0,01,175,0,157,18
fara-7b,Google_Map--5,C0,01,492,11,407,74
fara-7b,ESPN--7,C0,01,357,27,199,131
fara-7b,Google_Flights--9,C0,01,71,0,64,7
fara-7b,Booking--30,C0,01,324,15,175,134
fara-7b,ArXiv--39,C0,01,425,16,197,212
fara-7b,ArXiv--34,C0,01,0,0,0,0
fara-7b,ESPN--25,C0,01,347,4,209,134
fara-7b,Coursera--14,C0,01,773,82,562,129
fara-7b,Allrecipes--38,C0,01,1427,189,647,591
fara-7b,Cambridge_Dictionary--11,C0,01,1002,37,461,504
fara-7b,Google_Flights--15,C0,01,61,0,55,6
fara-7b,ESPN--19,C0,01,191,8,94,89
fara-7b,Google_Map--13,C0,01,642,0,638,4
fara-7b,Booking--21,C0,01,308,15,170,123
fara-7b,Booking--23,C0,01,298,10,181,107
fara-7b,Booking--36,C0,01,216,15,107,94
fara-7b,BBC_News--22,C0,01,570,41,246,283
fara-7b,Allrecipes--5,C0,01,1621,115,741,765
fara-7b,Wolfram_Alpha--14,C0,01,132,0,106,26
fara-7b,Coursera--40,C0,01,1216,168,881,167
fara-7b,Huggingface--11,C0,01,102,0,98,4
fara-7b,Google_Map--17,C0,01,521,4,481,36
fara-7b,GitHub--40,C0,01,42,0,36,6
fara-7b,Google_Search--42,C0,01,997,66,372,559
fara-7b,Wolfram_Alpha--25,C0,01,263,0,233,30
fara-7b,Booking--11,C0,01,251,15,130,106
fara-7b,Amazon--31,C0,01,744,19,624,101
fara-7b,Amazon--6,C0,01,539,21,418,100
fara-7b,GitHub--33,C0,01,153,4,107,42
fara-7b,ArXiv--36,C0,01,0,0,0,0
fara-7b,Booking--10,C0,01,360,15,202,143
fara-7b,Google_Search--15,C0,01,279,12,204,63
fara-7b,Booking--22,C0,01,278,15,151,112
fara-7b,Allrecipes--39,C0,01,566,24,281,261
fara-7b,Cambridge_Dictionary--39,C0,01,1499,50,743,706
fara-7b,BBC_News--20,C0,01,539,29,296,214
fara-7b,Google_Flights--2,C0,01,49,0,46,3
fara-7b,Allrecipes--35,C0,01,1301,152,579,570
fara-7b,Allrecipes--18,C0,01,1358,76,586,696
fara-7b,Cambridge_Dictionary--40,C0,01,964,40,435,489
fara-7b,Google_Search--26,C0,01,507,11,257,239
fara-7b,Google_Search--38,C0,01,341,10,204,127
fara-7b,Apple--27,C0,01,153,1,89,63
fara-7b,Booking--27,C0,01,655,7,377,271
fara-7b,Google_Flights--40,C0,01,80,0,73,7
fara-7b,Google_Map--25,C0,01,447,0,442,5
fara-7b,Google_Search--27,C0,01,188,12,131,45
fara-7b,Amazon--5,C0,01,212,1,146,65
fara-7b,Google_Search--2,C0,01,249,4,194,51
fara-7b,Google_Search--40,C0,01,209,4,160,45
fara-7b,Wolfram_Alpha--28,C0,01,169,4,110,55
fara-7b,Amazon--1,C0,01,610,30,482,98
fara-7b,Google_Flights--29,C0,01,69,0,63,6
fara-7b,Google_Search--23,C0,01,252,4,203,45
fara-7b,ESPN--0,C0,01,416,32,222,162
fara-7b,Booking--3,C0,01,216,15,107,94
fara-7b,BBC_News--27,C0,01,678,58,313,307
fara-7b,Wolfram_Alpha--3,C0,01,52,0,40,12
fara-7b,Wolfram_Alpha--34,C0,01,95,0,83,12
fara-7b,ESPN--40,C0,01,738,35,338,365
fara-7b,ArXiv--6,C0,01,0,0,0,0
fara-7b,Booking--17,C0,01,306,18,169,119
fara-7b,GitHub--4,C0,01,80,0,76,4
fara-7b,Google_Map--29,C0,01,344,0,341,3
fara-7b,Cambridge_Dictionary--32,C0,01,1011,41,477,493
fara-7b,GitHub--29,C0,01,34,0,29,5
fara-7b,Wolfram_Alpha--29,C0,01,40,0,28,12
fara-7b,Huggingface--4,C0,01,100,0,95,5
fara-7b,Huggingface--35,C0,01,158,2,128,28
fara-7b,Apple--36,C0,01,216,1,191,24
fara-7b,Cambridge_Dictionary--4,C0,01,1434,55,704,675
fara-7b,Apple--23,C0,01,560,13,350,197
fara-7b,BBC_News--30,C0,01,642,52,301,289
fara-7b,Google_Search--5,C0,01,240,6,160,74
fara-7b,Huggingface--22,C0,01,459,12,240,207
fara-7b,Cambridge_Dictionary--15,C0,01,1446,55,603,788
fara-7b,Huggingface--0,C0,01,248,0,243,5
fara-7b,Amazon--2,C0,01,1181,27,1021,133
fara-7b,Booking--38,C0,01,363,17,200,146
fara-7b,Google_Search--41,C0,01,181,4,134,43
fara-7b,Wolfram_Alpha--13,C0,01,109,0,83,26
fara-7b,Cambridge_Dictionary--17,C0,01,1515,67,680,768
fara-7b,Wolfram_Alpha--12,C0,01,1561,109,765,687
fara-7b,Cambridge_Dictionary--20,C0,01,1547,44,748,755
fara-7b,Amazon--29,C0,01,670,22,546,102
fara-7b,Huggingface--5,C0,01,266,0,262,4
fara-7b,Cambridge_Dictionary--21,C0,01,1109,50,562,497
fara-7b,Cambridge_Dictionary--23,C0,01,94,18,65,11
fara-7b,BBC_News--15,C0,01,43,1,31,11
fara-7b,ArXiv--22,C0,01,32,10,22,0
fara-7b,Google_Map--33,C0,01,378,0,374,4
fara-7b,ArXiv--31,C0,01,0,0,0,0
fara-7b,BBC_News--10,C0,01,686,55,340,291
fara-7b,Cambridge_Dictionary--3,C0,01,1203,46,515,642
fara-7b,Cambridge_Dictionary--10,C0,01,1324,55,669,600
fara-7b,Apple--21,C0,01,274,3,194,77
fara-7b,Amazon--21,C0,01,733,38,543,152
fara-7b,Google_Search--6,C0,01,324,31,197,96
fara-7b,ESPN--8,C0,01,573,45,318,210
fara-7b,ESPN--12,C0,01,1040,60,490,490
fara-7b,Wolfram_Alpha--42,C0,01,130,0,112,18
fara-7b,Huggingface--34,C0,01,403,3,333,67
fara-7b,Google_Flights--35,C0,01,64,0,57,7
fara-7b,Wolfram_Alpha--1,C0,01,135,0,109,26
fara-7b,Apple--33,C0,01,316,1,288,27
fara-7b,Google_Search--29,C0,01,168,4,120,44
fara-7b,BBC_News--5,C0,01,471,20,249,202
fara-7b,Coursera--37,C0,01,493,49,364,80
fara-7b,ArXiv--20,C0,01,0,0,0,0
fara-7b,Apple--0,C0,01,300,3,261,36
fara-7b,Google_Search--21,C0,01,157,4,110,43
fara-7b,Apple--17,C0,01,210,2,115,93
fara-7b,Wolfram_Alpha--43,C0,01,102,0,86,16
fara-7b,Apple--41,C0,01,173,2,89,82
fara-7b,Apple--13,C0,01,312,6,237,69
fara-7b,Google_Map--9,C0,01,945,0,938,7
fara-7b,Amazon--28,C0,01,1277,45,1174,58
fara-7b,Google_Map--28,C0,01,383,4,330,49
fara-7b,BBC_News--23,C0,01,1019,63,480,476
fara-7b,ESPN--4,C0,01,763,65,329,369
fara-7b,Google_Search--12,C0,01,1340,49,581,710
fara-7b,Amazon--4,C0,01,589,27,506,56
fara-7b,Google_Map--0,C0,01,475,2,468,5
fara-7b,ArXiv--7,C0,01,182,5,110,67
fara-7b,Amazon--20,C0,01,548,19,385,144
fara-7b,Huggingface--25,C0,01,372,9,211,152
fara-7b,Google_Map--31,C0,01,441,0,434,7
fara-7b,Wolfram_Alpha--0,C0,01,57,0,45,12
fara-7b,Apple--30,C0,01,282,4,201,77
fara-7b,Huggingface--31,C0,01,115,0,112,3
fara-7b,Wolfram_Alpha--32,C0,01,79,0,61,18
fara-7b,Allrecipes--21,C0,01,1258,145,579,534
fara-7b,Google_Map--4,C0,01,223,6,173,44
fara-7b,GitHub--30,C0,01,121,0,117,4
fara-7b,GitHub--3,C0,01,34,0,29,5
fara-7b,Amazon--9,C0,01,1081,25,1001,55
fara-7b,Huggingface--14,C0,01,38,0,36,2
fara-7b,Huggingface--1,C0,01,84,0,80,4
fara-7b,Cambridge_Dictionary--37,C0,01,139,15,112,12
fara-7b,Allrecipes--8,C0,01,760,79,328,353
fara-7b,Cambridge_Dictionary--1,C0,01,148,4,101,43
fara-7b,Amazon--18,C0,01,473,15,408,50
fara-7b,Huggingface--29,C0,01,251,0,236,15
fara-7b,Amazon--14,C0,01,682,20,524,138
fara-7b,ESPN--18,C0,01,852,47,402,403
fara-7b,Google_Search--17,C0,01,303,4,181,118
fara-7b,ArXiv--41,C0,01,264,21,173,70
fara-7b,Google_Flights--3,C0,01,77,0,71,6
fara-7b,BBC_News--38,C0,01,734,59,358,317
fara-7b,Coursera--5,C0,01,628,45,425,158
fara-7b,Coursera--15,C0,01,994,89,732,173
fara-7b,ESPN--28,C0,01,150,4,75,71
fara-7b,Google_Map--14,C0,01,496,0,492,4
fara-7b,Cambridge_Dictionary--29,C0,01,1152,47,540,565
fara-7b,Huggingface--19,C0,01,256,0,252,4
fara-7b,BBC_News--25,C0,01,988,82,472,434
fara-7b,Huggingface--21,C0,01,155,4,105,46
fara-7b,Allrecipes--28,C0,01,1524,104,697,723
fara-7b,GitHub--11,C0,01,87,0,84,3
fara-7b,ArXiv--14,C0,01,0,0,0,0
fara-7b,Allrecipes--15,C0,01,1569,136,768,665
fara-7b,Coursera--24,C0,01,506,49,371,86
fara-7b,Google_Map--26,C0,01,608,0,605,3
fara-7b,Apple--25,C0,01,158,3,128,27
fara-7b,Wolfram_Alpha--33,C0,01,72,0,60,12
fara-7b,Apple--4,C0,01,290,2,216,72
fara-7b,BBC_News--39,C0,01,517,44,248,225
fara-7b,Google_Flights--14,C0,01,56,0,49,7
fara-7b,Google_Map--40,C0,01,530,9,414,107
fara-7b,Booking--42,C0,01,228,14,131,83
fara-7b,BBC_News--12,C0,01,566,59,305,202
fara-7b,ArXiv--11,C0,01,117,6,67,44
fara-7b,GitHub--21,C0,01,70,13,52,5
fara-7b,Google_Map--6,C0,01,372,0,369,3
fara-7b,BBC_News--32,C0,01,697,56,344,297
fara-7b,GitHub--17,C0,01,80,0,77,3
fara-7b,Cambridge_Dictionary--14,C0,01,1380,51,654,675
fara-7b,ArXiv--24,C0,01,3,0,1,2
fara-7b,Cambridge_Dictionary--30,C0,01,1209,41,548,620
fara-7b,Google_Flights--12,C0,01,63,0,57,6
fara-7b,Allrecipes--36,C0,01,1789,140,812,837
fara-7b,Google_Flights--25,C0,01,85,0,82,3
fara-7b,ESPN--22,C0,01,296,38,155,103
fara-7b,Booking--7,C0,01,249,15,128,106
fara-7b,Apple--32,C0,01,113,1,74,38
fara-7b,Booking--25,C0,01,292,15,159,118
fara-7b,GitHub--1,C0,01,75,0,71,4
fara-7b,Huggingface--2,C0,01,87,0,84,3
fara-7b,Allrecipes--3,C0,01,1171,84,501,586
fara-7b,Booking--34,C0,01,323,15,178,130
fara-7b,Booking--28,C0,01,229,16,114,99
fara-7b,ESPN--15,C0,01,302,19,179,104
fara-7b,Coursera--12,C0,01,497,49,367,81
fara-7b,Apple--7,C0,01,214,5,154,55
fara-7b,ESPN--32,C0,01,553,23,304,226
fara-7b,Google_Flights--13,C0,01,61,0,55,6
fara-7b,GitHub--13,C0,01,45,0,42,3
fara-7b,ArXiv--9,C0,01,0,0,0,0
fara-7b,Cambridge_Dictionary--34,C0,01,1121,41,515,565
fara-7b,Huggingface--24,C0,01,99,0,96,3
fara-7b,Allrecipes--17,C0,01,953,113,445,395
fara-7b,ArXiv--23,C0,01,134,4,87,43
fara-7b,Cambridge_Dictionary--33,C0,01,1358,44,669,645
fara-7b,Amazon--22,C0,01,704,24,628,52
fara-7b,Booking--33,C0,01,314,22,174,118
fara-7b,Google_Flights--33,C0,01,77,0,74,3
fara-7b,Apple--18,C0,01,87,1,65,21
fara-7b,Amazon--23,C0,01,1018,27,935,56
fara-7b,BBC_News--34,C0,01,763,60,407,296
fara-7b,Google_Flights--17,C0,01,61,0,55,6
fara-7b,Coursera--2,C0,01,810,89,592,129
fara-7b,Cambridge_Dictionary--22,C0,01,1898,79,910,909
fara-7b,Wolfram_Alpha--44,C0,01,52,0,40,12
fara-7b,ESPN--1,C0,01,276,19,154,103
fara-7b,Booking--0,C0,01,345,16,194,135
fara-7b,Wolfram_Alpha--7,C0,01,478,4,420,54
fara-7b,Google_Search--24,C0,01,191,4,144,43
fara-7b,ArXiv--0,C0,01,1,0,0,1
fara-7b,Coursera--33,C0,01,794,82,581,131
fara-7b,ESPN--26,C0,01,371,14,187,170
fara-7b,GitHub--37,C0,01,65,0,59,6
fara-7b,Booking--18,C0,01,2058,153,940,965
fara-7b,Huggingface--39,C0,01,182,4,133,45
fara-7b,Wolfram_Alpha--45,C0,01,203,0,167,36
fara-7b,Coursera--39,C0,01,605,54,448,103
fara-7b,Google_Search--28,C0,01,309,13,209,87
fara-7b,GitHub--36,C0,01,67,0,64,3
fara-7b,GitHub--19,C0,01,49,0,45,4
fara-7b,ArXiv--38,C0,01,135,6,89,40
fara-7b,Apple--5,C0,01,199,5,141,53
fara-7b,Allrecipes--20,C0,01,1146,129,501,516
fara-7b,BBC_News--0,C0,01,691,51,321,319
fara-7b,Google_Flights--32,C0,01,85,0,79,6
fara-7b,Cambridge_Dictionary--9,C0,01,1249,51,628,570
fara-7b,ArXiv--28,C0,01,0,0,0,0
fara-7b,Allrecipes--4,C0,01,1667,127,734,806
fara-7b,Google_Search--11,C0,01,562,14,329,219
fara-7b,Allrecipes--25,C0,01,1533,155,715,663
fara-7b,Google_Search--22,C0,01,219,6,163,50
fara-7b,ESPN--14,C0,01,442,12,210,220
fara-7b,ArXiv--16,C0,01,1,0,0,1
fara-7b,Allrecipes--13,C0,01,1960,137,951,872
fara-7b,ESPN--9,C0,01,689,43,314,332
fara-7b,Apple--12,C0,01,351,8,216,127
fara-7b,Huggingface--8,C0,01,4239,272,1970,1997
fara-7b,Cambridge_Dictionary--26,C0,01,1182,50,599,533
fara-7b,Wolfram_Alpha--23,C0,01,83,0,71,12
fara-7b,GitHub--38,C0,01,131,4,80,47
fara-7b,Wolfram_Alpha--15,C0,01,133,0,115,18
fara-7b,ArXiv--42,C0,01,0,0,0,0
fara-7b,Booking--43,C0,01,1030,70,643,317
fara-7b,Apple--26,C0,01,405,6,306,93
fara-7b,Apple--11,C0,01,266,2,228,36
fara-7b,Allrecipes--42,C0,01,760,76,332,352
fara-7b,ArXiv--18,C0,01,0,0,0,0
fara-7b,ESPN--21,C0,01,450,50,228,172
fara-7b,Allrecipes--26,C0,01,1041,149,455,437
fara-7b,Google_Search--10,C0,01,5331,368,2632,2331
fara-7b,BBC_News--24,C0,01,944,85,551,308
fara-7b,Google_Flights--38,C0,01,14,0,11,3
fara-7b,ArXiv--10,C0,01,24,6,18,0
fara-7b,Amazon--17,C0,01,889,30,697,162
fara-7b,GitHub--12,C0,01,80,0,76,4
fara-7b,Coursera--31,C0,01,794,83,580,131
fara-7b,Wolfram_Alpha--9,C0,01,84,0,72,12
fara-7b,ArXiv--32,C0,01,0,0,0,0
fara-7b,ESPN--43,C0,01,883,62,372,449
fara-7b,Huggingface--17,C0,01,239,0,236,3
fara-7b,Google_Flights--30,C0,01,67,0,61,6
fara-7b,Google_Map--10,C0,01,240,0,236,4
fara-7b,Apple--8,C0,01,241,2,209,30
fara-7b,Cambridge_Dictionary--28,C0,01,1371,48,608,715
fara-7b,Allrecipes--37,C0,01,942,112,431,399
fara-7b,Apple--29,C0,01,324,3,286,35
fara-7b,BBC_News--26,C0,01,986,77,480,429
fara-7b,Amazon--11,C0,01,814,30,681,103
fara-7b,Google_Flights--26,C0,01,60,0,57,3
fara-7b,ESPN--42,C0,01,273,32,130,111
fara-7b,Google_Search--25,C0,01,211,4,155,52
fara-7b,Google_Flights--23,C0,01,149,4,104,41
fara-7b,Google_Flights--18,C0,01,62,0,55,7
fara-7b,Wolfram_Alpha--30,C0,01,134,0,108,26
fara-7b,Allrecipes--40,C0,01,280,40,102,138
fara-7b,Google_Map--21,C0,01,470,0,466,4
fara-7b,ESPN--11,C0,01,412,5,219,188
fara-7b,ArXiv--12,C0,01,51,10,41,0
fara-7b,Huggingface--37,C0,01,277,0,269,8
fara-7b,Amazon--7,C0,01,1002,21,893,88
fara-7b,Coursera--41,C0,01,455,56,325,74
fara-7b,Google_Flights--34,C0,01,55,0,49,6
fara-7b,Google_Flights--5,C0,01,53,0,50,3
fara-7b,ArXiv--15,C0,01,0,0,0,0
fara-7b,ArXiv--29,C0,01,170,4,104,62
fara-7b,Booking--8,C0,01,283,16,153,114
fara-7b,Cambridge_Dictionary--12,C0,01,1387,48,695,644
fara-7b,Apple--31,C0,01,319,6,229,84
fara-7b,ESPN--2,C0,01,499,49,266,184
fara-7b,Allrecipes--31,C0,01,1653,130,760,763
fara-7b,Google_Search--4,C0,01,429,16,267,146
fara-7b,Coursera--17,C0,01,513,49,377,87
fara-7b,ESPN--39,C0,01,724,55,360,309
fara-7b,Google_Search--20,C0,01,212,4,162,46
fara-7b,Wolfram_Alpha--6,C0,01,84,0,72,12
fara-7b,BBC_News--33,C0,01,372,25,188,159
fara-7b,Google_Flights--11,C0,01,60,0,57,3
fara-7b,ArXiv--1,C0,01,123,4,73,46
fara-7b,Allrecipes--22,C0,01,1164,163,518,483
fara-7b,Coursera--9,C0,01,807,104,575,128
fara-7b,ESPN--36,C0,01,208,4,121,83
fara-7b,Google_Map--19,C0,01,633,0,622,11
fara-7b,Huggingface--42,C0,01,234,0,229,5
fara-7b,Amazon--13,C0,01,705,19,601,85
fara-7b,Wolfram_Alpha--5,C0,01,60,0,46,14
fara-7b,Amazon--34,C0,01,860,53,751,56
fara-7b,Amazon--27,C0,01,810,61,651,98
fara-7b,Amazon--10,C0,01,528,21,409,98
fara-7b,GitHub--9,C0,01,55,0,51,4
fara-7b,ESPN--13,C0,01,1577,75,738,764
fara-7b,ArXiv--40,C0,01,0,0,0,0
fara-7b,Apple--38,C0,01,210,5,145,60
fara-7b,Google_Flights--21,C0,01,66,0,62,4
fara-7b,Coursera--26,C0,01,555,42,393,120
fara-7b,Amazon--32,C0,01,994,25,913,56
fara-7b,BBC_News--16,C0,01,1157,67,587,503
fara-7b,Allrecipes--10,C0,01,687,49,351,287
fara-7b,Booking--37,C0,01,317,16,175,126
fara-7b,Apple--19,C0,01,429,8,293,128
fara-7b,Wolfram_Alpha--17,C0,01,235,0,211,24
fara-7b,ArXiv--5,C0,01,4,0,2,2
fara-7b,GitHub--2,C0,01,48,0,45,3
fara-7b,ESPN--33,C0,01,154,5,78,71
fara-7b,Google_Search--1,C0,01,276,4,178,94
fara-7b,Cambridge_Dictionary--25,C0,01,1424,59,744,621
fara-7b,Coursera--11,C0,01,805,83,592,130
fara-7b,Wolfram_Alpha--21,C0,01,56,0,44,12
fara-7b,Booking--40,C0,01,771,56,465,250
fara-7b,Google_Flights--16,C0,01,77,0,70,7
fara-7b,Google_Flights--20,C0,01,67,0,61,6
fara-7b,Amazon--38,C0,01,889,28,692,169
fara-7b,Apple--22,C0,01,103,1,70,32
fara-7b,Google_Map--27,C0,01,198,0,194,4
fara-7b,Google_Flights--1,C0,01,63,0,59,4
fara-7b,ESPN--10,C0,01,867,51,402,414
fara-7b,Wolfram_Alpha--31,C0,01,78,0,70,8
fara-7b,ESPN--23,C0,01,167,4,97,66
fara-7b,Huggingface--18,C0,01,642,11,425,206
fara-7b,Booking--24,C0,01,215,14,107,94
fara-7b,Wolfram_Alpha--4,C0,01,154,0,120,34
fara-7b,Cambridge_Dictionary--24,C0,01,1101,45,501,555
fara-7b,BBC_News--40,C0,01,466,39,201,226
fara-7b,Booking--2,C0,01,265,14,143,108
fara-7b,Apple--6,C0,01,172,2,144,26
fara-7b,GitHub--27,C0,01,146,0,142,4
fara-7b,Google_Flights--39,C0,01,68,0,65,3
fara-7b,Amazon--37,C0,01,671,19,600,52
fara-7b,Google_Flights--28,C0,01,57,0,51,6
fara-7b,Booking--26,C0,01,323,16,177,130
fara-7b,Apple--9,C0,01,262,6,189,67
fara-7b,Allrecipes--11,C0,01,2104,164,1000,940
fara-7b,Booking--4,C0,01,280,16,154,110
fara-7b,Coursera--30,C0,01,829,111,589,129
fara-7b,Allrecipes--30,C0,01,1886,152,866,868
fara-7b,Apple--39,C0,01,1078,10,891,177
fara-7b,Google_Search--0,C0,01,178,5,124,49
fara-7b,Allrecipes--41,C0,01,1574,91,708,775
fara-7b,BBC_News--13,C0,01,536,50,245,241
fara-7b,Booking--31,C0,01,360,16,204,140
fara-7b,Allrecipes--6,C0,01,897,76,385,436
fara-7b,ArXiv--37,C0,01,151,6,99,46
fara-7b,Allrecipes--9,C0,01,1626,119,764,743
fara-7b,Cambridge_Dictionary--18,C0,01,1304,45,679,580
fara-7b,Google_Flights--0,C0,01,83,0,78,5
fara-7b,Apple--24,C0,01,225,2,195,28
fara-7b,Coursera--4,C0,01,796,97,569,130
fara-7b,Amazon--0,C0,01,1067,32,931,104
fara-7b,BBC_News--14,C0,01,610,43,289,278
fara-7b,Huggingface--20,C0,01,297,0,290,7
fara-7b,Booking--6,C0,01,531,20,314,197
fara-7b,Coursera--25,C0,01,759,82,553,124
fara-7b,Cambridge_Dictionary--0,C0,01,1546,55,744,747
fara-7b,Google_Flights--7,C0,01,62,0,56,6
fara-7b,GitHub--35,C0,01,256,5,145,106
fara-7b,Google_Map--22,C0,01,317,0,312,5
fara-7b,Huggingface--9,C0,01,253,0,248,5
fara-7b,Apple--1,C0,01,1227,16,959,252
fara-7b,Coursera--34,C0,01,1038,118,756,164
fara-7b,BBC_News--17,C0,01,41,1,29,11
fara-7b,Wolfram_Alpha--26,C0,01,142,0,116,26
fara-7b,Wolfram_Alpha--35,C0,01,53,0,41,12
fara-7b,ESPN--27,C0,01,837,40,391,406
fara-7b,BBC_News--6,C0,01,383,26,205,152
fara-7b,Coursera--20,C0,01,693,55,516,122
fara-7b,Wolfram_Alpha--22,C0,01,79,0,67,12
fara-7b,Google_Map--20,C0,01,569,0,565,4
fara-7b,Google_Map--39,C0,01,403,0,399,4
fara-7b,Google_Flights--24,C0,01,95,0,89,6
fara-7b,Huggingface--27,C0,01,93,0,90,3
fara-7b,Google_Search--19,C0,01,195,4,140,51
fara-7b,Wolfram_Alpha--10,C0,01,73,0,61,12
fara-7b,Coursera--16,C0,01,1093,140,778,175
fara-7b,Cambridge_Dictionary--8,C0,01,1116,47,515,554
fara-7b,Apple--14,C0,01,335,5,209,121
fara-7b,Huggingface--33,C0,01,256,6,181,69
fara-7b,BBC_News--2,C0,01,762,57,357,348
fara-7b,Google_Map--24,C0,01,336,0,332,4
browser-use,Wolfram_Alpha--37,C7,01,22,0,15,7
browser-use,Booking--41,C7,01,175,5,148,22
browser-use,Booking--39,C7,01,115,4,96,15
browser-use,Amazon--15,C7,01,487,33,446,8
browser-use,Google_Search--39,C7,01,13,0,8,5
browser-use,Coursera--19,C7,01,26,0,17,9
browser-use,Google_Search--9,C7,01,15,0,8,7
browser-use,Google_Map--7,C7,01,13,0,8,5
browser-use,Coursera--18,C7,01,209,8,199,2
browser-use,Cambridge_Dictionary--6,C7,01,53,0,46,7
browser-use,Google_Map--38,C7,01,322,0,319,3
browser-use,Huggingface--32,C7,01,369,0,345,24
browser-use,Google_Flights--41,C7,01,37,0,35,2
browser-use,ESPN--35,C7,01,133,11,86,36
browser-use,Booking--5,C7,01,109,4,90,15
browser-use,GitHub--32,C7,01,69,0,65,4
browser-use,BBC_News--19,C7,01,13,0,8,5
browser-use,Google_Search--37,C7,01,18,0,8,10
browser-use,Coursera--28,C7,01,151,2,147,2
browser-use,Google_Map--30,C7,01,775,0,769,6
browser-use,Amazon--12,C7,01,434,23,403,8
browser-use,Amazon--30,C7,01,321,29,284,8
browser-use,Coursera--27,C7,01,181,4,175,2
browser-use,Google_Search--34,C7,01,66,0,56,10
browser-use,Wolfram_Alpha--18,C7,01,23,0,15,8
browser-use,Allrecipes--1,C7,01,21,0,8,13
browser-use,Apple--42,C7,01,239,1,187,51
browser-use,Huggingface--26,C7,01,344,0,332,12
browser-use,Coursera--0,C7,01,15,0,8,7
browser-use,Cambridge_Dictionary--5,C7,01,13,0,8,5
browser-use,BBC_News--21,C7,01,92,2,81,9
browser-use,Google_Map--11,C7,01,15,0,8,7
browser-use,Booking--1,C7,01,21,0,8,13
browser-use,BBC_News--7,C7,01,68,0,48,20
browser-use,Amazon--35,C7,01,435,45,382,8
browser-use,Allrecipes--23,C7,01,1427,126,831,470
browser-use,Google_Map--1,C7,01,381,0,377,4
browser-use,Huggingface--3,C7,01,122,0,122,0
browser-use,BBC_News--31,C7,01,18,0,8,10
browser-use,Coursera--1,C7,01,155,6,147,2
browser-use,Allrecipes--0,C7,01,37,0,22,15
browser-use,Cambridge_Dictionary--13,C7,01,93,0,82,11
browser-use,Coursera--36,C7,01,169,4,163,2
browser-use,Allrecipes--32,C7,01,555,61,299,195
browser-use,Google_Flights--36,C7,01,55,0,53,2
browser-use,ESPN--5,C7,01,13,0,8,5
browser-use,Google_Map--18,C7,01,590,0,585,5
browser-use,Google_Search--8,C7,01,129,4,109,16
browser-use,Booking--35,C7,01,16,0,8,8
browser-use,GitHub--8,C7,01,17,0,8,9
browser-use,Amazon--39,C7,01,589,34,543,12
browser-use,Allrecipes--2,C7,01,27,0,15,12
browser-use,Google_Map--16,C7,01,18,0,10,8
browser-use,BBC_News--28,C7,01,245,10,205,30
browser-use,Google_Map--34,C7,01,13,0,8,5
browser-use,Booking--12,C7,01,30,0,15,15
browser-use,Wolfram_Alpha--38,C7,01,95,0,85,10
browser-use,Cambridge_Dictionary--38,C7,01,85,0,78,7
browser-use,BBC_News--29,C7,01,22,0,15,7
browser-use,GitHub--0,C7,01,55,0,52,3
browser-use,GitHub--14,C7,01,18,0,10,8
browser-use,Amazon--26,C7,01,488,40,438,10
browser-use,ArXiv--4,C7,01,0,0,0,0
browser-use,Google_Search--35,C7,01,30,1,18,11
browser-use,Google_Flights--31,C7,01,65,0,63,2
browser-use,ESPN--24,C7,01,127,9,82,36
browser-use,Google_Flights--6,C7,01,61,0,53,8
browser-use,Google_Map--12,C7,01,588,0,582,6
browser-use,Cambridge_Dictionary--42,C7,01,55,0,50,5
browser-use,ArXiv--21,C7,01,4,0,2,2
browser-use,BBC_News--11,C7,01,18,0,8,10
browser-use,Allrecipes--34,C7,01,787,94,431,262
browser-use,GitHub--31,C7,01,27,0,17,10
browser-use,Allrecipes--43,C7,01,1155,97,657,401
browser-use,Amazon--19,C7,01,124,5,110,9
browser-use,Google_Search--18,C7,01,20,0,10,10
browser-use,ArXiv--13,C7,01,5,0,2,3
browser-use,Cambridge_Dictionary--7,C7,01,49,0,42,7
browser-use,GitHub--7,C7,01,24,0,16,8
browser-use,Amazon--24,C7,01,528,68,450,10
browser-use,ESPN--20,C7,01,149,12,101,36
browser-use,Wolfram_Alpha--36,C7,01,22,0,15,7
browser-use,BBC_News--35,C7,01,13,0,8,5
browser-use,Huggingface--28,C7,01,322,0,310,12
browser-use,Allrecipes--29,C7,01,1124,108,612,404
browser-use,BBC_News--9,C7,01,18,0,8,10
browser-use,GitHub--28,C7,01,35,0,31,4
browser-use,GitHub--39,C7,01,40,0,37,3
browser-use,Google_Search--36,C7,01,22,0,15,7
browser-use,Apple--28,C7,01,16,0,10,6
browser-use,Google_Flights--8,C7,01,57,0,55,2
browser-use,Huggingface--38,C7,01,13,0,8,5
browser-use,Google_Flights--10,C7,01,65,0,63,2
browser-use,GitHub--25,C7,01,55,0,51,4
browser-use,Allrecipes--19,C7,01,996,79,558,359
browser-use,BBC_News--1,C7,01,327,41,244,42
browser-use,Allrecipes--16,C7,01,1175,136,693,346
browser-use,ArXiv--3,C7,01,0,0,0,0
browser-use,GitHub--26,C7,01,20,0,12,8
browser-use,BBC_News--18,C7,01,13,0,8,5
browser-use,ArXiv--2,C7,01,0,0,0,0
browser-use,Google_Map--36,C7,01,642,0,637,5
browser-use,ArXiv--35,C7,01,0,0,0,0
browser-use,Google_Search--13,C7,01,33,0,15,18
browser-use,ESPN--34,C7,01,109,8,70,31
browser-use,Google_Map--15,C7,01,516,0,510,6
browser-use,Google_Flights--37,C7,01,24,3,19,2
browser-use,Google_Search--7,C7,01,13,0,8,5
browser-use,ArXiv--27,C7,01,26,4,21,1
browser-use,Google_Map--32,C7,01,300,0,294,6
browser-use,Amazon--36,C7,01,551,58,483,10
browser-use,Apple--37,C7,01,40,0,25,15
browser-use,Google_Search--3,C7,01,27,0,15,12
browser-use,Huggingface--23,C7,01,574,0,574,0
browser-use,Apple--40,C7,01,94,0,89,5
browser-use,ArXiv--25,C7,01,13,0,8,5
browser-use,Amazon--8,C7,01,400,10,379,11
browser-use,ESPN--16,C7,01,21,0,8,13
browser-use,ESPN--17,C7,01,14,0,8,6
browser-use,ESPN--37,C7,01,19,0,8,11
browser-use,Coursera--10,C7,01,180,7,171,2
browser-use,Allrecipes--33,C7,01,1005,77,568,360
browser-use,Allrecipes--44,C7,01,536,32,269,235
browser-use,Google_Map--35,C7,01,21,0,8,13
browser-use,Allrecipes--14,C7,01,1213,114,719,380
browser-use,Allrecipes--7,C7,01,66,0,53,13
browser-use,Huggingface--7,C7,01,264,0,264,0
browser-use,Coursera--22,C7,01,87,0,70,17
browser-use,Apple--34,C7,01,29,0,15,14
browser-use,Wolfram_Alpha--39,C7,01,106,0,84,22
browser-use,Google_Flights--4,C7,01,54,0,52,2
browser-use,Apple--3,C7,01,37,0,22,15
browser-use,Allrecipes--12,C7,01,1063,77,604,382
browser-use,Amazon--25,C7,01,421,59,352,10
browser-use,Google_Map--2,C7,01,334,0,330,4
browser-use,GitHub--20,C7,01,26,0,16,10
browser-use,Google_Flights--19,C7,01,47,0,42,5
browser-use,Wolfram_Alpha--20,C7,01,0,0,0,0
browser-use,Allrecipes--27,C7,01,709,77,381,251
browser-use,Booking--13,C7,01,19,0,8,11
browser-use,Coursera--29,C7,01,110,2,106,2
browser-use,Huggingface--13,C7,01,25,0,15,10
browser-use,ESPN--3,C7,01,16,0,8,8
browser-use,Google_Flights--27,C7,01,66,0,64,2
browser-use,Apple--35,C7,01,256,1,141,114
browser-use,Huggingface--30,C7,01,258,0,258,0
browser-use,Cambridge_Dictionary--41,C7,01,13,0,8,5
browser-use,ESPN--31,C7,01,14,0,8,6
browser-use,Google_Search--33,C7,01,28,0,25,3
browser-use,ArXiv--30,C7,01,24,0,15,9
browser-use,BBC_News--37,C7,01,28,0,17,11
browser-use,Apple--20,C7,01,70,0,62,8
browser-use,GitHub--34,C7,01,108,0,105,3
browser-use,ArXiv--8,C7,01,16,0,8,8
browser-use,Coursera--23,C7,01,173,4,167,2
browser-use,Amazon--33,C7,01,530,63,459,8
browser-use,Allrecipes--24,C7,01,879,72,469,338
browser-use,Coursera--35,C7,01,19,0,12,7
browser-use,Wolfram_Alpha--41,C7,01,13,0,8,5
browser-use,GitHub--22,C7,01,148,0,144,4
browser-use,Cambridge_Dictionary--16,C7,01,13,0,8,5
browser-use,Google_Search--31,C7,01,18,0,8,10
browser-use,ESPN--41,C7,01,18,0,8,10
browser-use,Huggingface--41,C7,01,23,0,16,7
browser-use,Google_Search--30,C7,01,18,0,8,10
browser-use,BBC_News--3,C7,01,157,9,110,38
browser-use,Coursera--3,C7,01,155,2,151,2
browser-use,Wolfram_Alpha--27,C7,01,16,0,10,6
browser-use,Google_Map--8,C7,01,506,0,499,7
browser-use,Coursera--21,C7,01,185,8,175,2
browser-use,GitHub--16,C7,01,27,0,17,10
browser-use,Google_Map--3,C7,01,645,0,638,7
browser-use,Booking--19,C7,01,242,12,186,44
browser-use,Booking--29,C7,01,21,0,8,13
browser-use,Huggingface--16,C7,01,295,0,295,0
browser-use,Coursera--6,C7,01,18,0,10,8
browser-use,Huggingface--15,C7,01,83,0,83,0
browser-use,Cambridge_Dictionary--36,C7,01,64,0,56,8
browser-use,ArXiv--33,C7,01,23,0,21,2
browser-use,GitHub--18,C7,01,70,0,66,4
browser-use,ArXiv--17,C7,01,13,0,8,5
browser-use,Apple--2,C7,01,183,1,156,26
browser-use,Huggingface--10,C7,01,384,0,366,18
browser-use,GitHub--10,C7,01,436,15,274,147
browser-use,GitHub--6,C7,01,22,0,14,8
browser-use,Coursera--8,C7,01,147,2,143,2
browser-use,ArXiv--26,C7,01,4,0,2,2
browser-use,Wolfram_Alpha--8,C7,01,22,0,15,7
browser-use,Amazon--40,C7,01,429,29,392,8
browser-use,Apple--10,C7,01,19,0,8,11
browser-use,ArXiv--19,C7,01,13,0,8,5
browser-use,Coursera--13,C7,01,169,4,163,2
browser-use,BBC_News--4,C7,01,390,35,303,52
browser-use,GitHub--15,C7,01,55,0,51,4
browser-use,ESPN--6,C7,01,13,0,8,5
browser-use,Cambridge_Dictionary--35,C7,01,21,0,14,7
browser-use,ESPN--30,C7,01,15,0,8,7
browser-use,Huggingface--40,C7,01,25,0,15,10
browser-use,Booking--15,C7,01,125,4,105,16
browser-use,Wolfram_Alpha--2,C7,01,0,0,0,0
browser-use,Booking--14,C7,01,419,23,337,59
browser-use,Google_Search--16,C7,01,31,0,16,15
browser-use,Apple--16,C7,01,166,1,132,33
browser-use,Booking--32,C7,01,407,18,357,32
browser-use,Cambridge_Dictionary--27,C7,01,48,0,41,7
browser-use,GitHub--23,C7,01,27,0,17,10
browser-use,Coursera--38,C7,01,107,2,103,2
browser-use,Huggingface--36,C7,01,17,0,8,9
browser-use,ESPN--29,C7,01,155,13,113,29
browser-use,Booking--16,C7,01,137,4,118,15
browser-use,Google_Search--14,C7,01,27,0,15,12
browser-use,Google_Search--32,C7,01,22,0,12,10
browser-use,Wolfram_Alpha--19,C7,01,22,0,15,7
browser-use,Coursera--32,C7,01,182,6,174,2
browser-use,Huggingface--6,C7,01,22,0,15,7
browser-use,Google_Map--37,C7,01,40,0,15,25
browser-use,Google_Flights--22,C7,01,42,0,40,2
browser-use,Booking--20,C7,01,309,18,232,59
browser-use,Wolfram_Alpha--24,C7,01,0,0,0,0
browser-use,Amazon--16,C7,01,22,0,15,7
browser-use,Amazon--3,C7,01,14,0,8,6
browser-use,Cambridge_Dictionary--2,C7,01,14,0,8,6
browser-use,BBC_News--36,C7,01,13,0,8,5
browser-use,Coursera--7,C7,01,153,2,149,2
browser-use,GitHub--5,C7,01,64,0,60,4
browser-use,Huggingface--12,C7,01,122,0,122,0
browser-use,Wolfram_Alpha--11,C7,01,24,0,16,8
browser-use,Cambridge_Dictionary--19,C7,01,43,0,38,5
browser-use,ESPN--38,C7,01,29,0,21,8
browser-use,Google_Map--23,C7,01,504,0,499,5
browser-use,Apple--15,C7,01,25,0,17,8
browser-use,GitHub--24,C7,01,91,0,88,3
browser-use,Booking--9,C7,01,16,0,8,8
browser-use,BBC_News--8,C7,01,13,0,8,5
browser-use,BBC_News--41,C7,01,330,20,259,51
browser-use,Cambridge_Dictionary--31,C7,01,13,0,8,5
browser-use,Wolfram_Alpha--40,C7,01,22,0,15,7
browser-use,Wolfram_Alpha--16,C7,01,31,0,22,9
browser-use,Google_Map--5,C7,01,24,0,8,16
browser-use,ESPN--7,C7,01,140,12,88,40
browser-use,Google_Flights--9,C7,01,25,3,20,2
browser-use,Booking--30,C7,01,122,4,102,16
browser-use,ArXiv--39,C7,01,22,0,15,7
browser-use,ArXiv--34,C7,01,4,0,2,2
browser-use,ESPN--25,C7,01,24,0,15,9
browser-use,Coursera--14,C7,01,183,4,177,2
browser-use,Allrecipes--38,C7,01,595,62,325,208
browser-use,Cambridge_Dictionary--11,C7,01,14,0,8,6
browser-use,Google_Flights--15,C7,01,44,0,37,7
browser-use,ESPN--19,C7,01,28,0,15,13
browser-use,Google_Map--13,C7,01,27,0,15,12
browser-use,Booking--21,C7,01,25,0,15,10
browser-use,Booking--23,C7,01,289,10,249,30
browser-use,Booking--36,C7,01,246,12,181,53
browser-use,BBC_News--22,C7,01,314,34,247,33
browser-use,Allrecipes--5,C7,01,23,0,15,8
browser-use,Wolfram_Alpha--14,C7,01,24,0,16,8
browser-use,Coursera--40,C7,01,96,1,92,3
browser-use,Huggingface--11,C7,01,261,0,261,0
browser-use,Google_Map--17,C7,01,19,0,8,11
browser-use,GitHub--40,C7,01,43,0,37,6
browser-use,Google_Search--42,C7,01,84,0,68,16
browser-use,Wolfram_Alpha--25,C7,01,157,0,123,34
browser-use,Booking--11,C7,01,234,4,199,31
browser-use,Amazon--31,C7,01,595,37,549,9
browser-use,Amazon--6,C7,01,548,31,507,10
browser-use,GitHub--33,C7,01,17,0,14,3
browser-use,ArXiv--36,C7,01,9,0,4,5
browser-use,Booking--10,C7,01,214,10,182,22
browser-use,Google_Search--15,C7,01,15,0,3,12
browser-use,Booking--22,C7,01,313,19,237,57
browser-use,Allrecipes--39,C7,01,716,67,411,238
browser-use,Cambridge_Dictionary--39,C7,01,69,0,59,10
browser-use,BBC_News--20,C7,01,354,28,284,42
browser-use,Google_Flights--2,C7,01,110,0,93,17
browser-use,Allrecipes--35,C7,01,797,72,444,281
browser-use,Allrecipes--18,C7,01,1149,87,638,424
browser-use,Cambridge_Dictionary--40,C7,01,14,0,8,6
browser-use,Google_Search--26,C7,01,27,0,15,12
browser-use,Google_Search--38,C7,01,19,0,8,11
browser-use,Apple--27,C7,01,205,1,189,15
browser-use,Booking--27,C7,01,21,0,8,13
browser-use,Google_Flights--40,C7,01,57,0,55,2
browser-use,Google_Map--25,C7,01,108,0,95,13
browser-use,Google_Search--27,C7,01,17,0,8,9
browser-use,Amazon--5,C7,01,14,0,8,6
browser-use,Google_Search--2,C7,01,281,8,189,84
browser-use,Google_Search--40,C7,01,27,0,15,12
browser-use,Wolfram_Alpha--28,C7,01,13,0,8,5
browser-use,Amazon--1,C7,01,544,35,501,8
browser-use,Google_Flights--29,C7,01,46,0,41,5
browser-use,Google_Search--23,C7,01,69,0,55,14
browser-use,ESPN--0,C7,01,68,4,47,17
browser-use,Booking--3,C7,01,291,15,250,26
browser-use,BBC_News--27,C7,01,388,32,295,61
browser-use,Wolfram_Alpha--3,C7,01,38,0,22,16
browser-use,Wolfram_Alpha--34,C7,01,114,0,89,25
browser-use,ESPN--40,C7,01,13,0,8,5
browser-use,ArXiv--6,C7,01,23,0,14,9
browser-use,Booking--17,C7,01,23,0,10,13
browser-use,GitHub--4,C7,01,86,0,82,4
browser-use,Google_Map--29,C7,01,25,0,12,13
browser-use,Cambridge_Dictionary--32,C7,01,18,0,8,10
browser-use,GitHub--29,C7,01,21,0,13,8
browser-use,Wolfram_Alpha--29,C7,01,49,0,33,16
browser-use,Huggingface--4,C7,01,249,0,243,6
browser-use,Huggingface--35,C7,01,159,0,159,0
browser-use,Apple--36,C7,01,176,0,164,12
browser-use,Cambridge_Dictionary--4,C7,01,48,0,41,7
browser-use,Apple--23,C7,01,296,1,196,99
browser-use,BBC_News--30,C7,01,19,0,12,7
browser-use,Google_Search--5,C7,01,77,0,60,17
browser-use,Huggingface--22,C7,01,16,0,8,8
browser-use,Cambridge_Dictionary--15,C7,01,63,0,55,8
browser-use,Huggingface--0,C7,01,154,0,154,0
browser-use,Amazon--2,C7,01,25,0,15,10
browser-use,Booking--38,C7,01,123,5,102,16
browser-use,Google_Search--41,C7,01,27,0,15,12
browser-use,Wolfram_Alpha--13,C7,01,22,0,15,7
browser-use,Cambridge_Dictionary--17,C7,01,51,0,44,7
browser-use,Wolfram_Alpha--12,C7,01,13,0,8,5
browser-use,Cambridge_Dictionary--20,C7,01,13,0,8,5
browser-use,Amazon--29,C7,01,618,56,554,8
browser-use,Huggingface--5,C7,01,313,0,301,12
browser-use,Cambridge_Dictionary--21,C7,01,46,0,39,7
browser-use,Cambridge_Dictionary--23,C7,01,46,0,39,7
browser-use,BBC_News--15,C7,01,135,0,99,36
browser-use,ArXiv--22,C7,01,5,2,3,0
browser-use,Google_Map--33,C7,01,28,0,15,13
browser-use,ArXiv--31,C7,01,4,0,2,2
browser-use,BBC_News--10,C7,01,390,26,322,42
browser-use,Cambridge_Dictionary--3,C7,01,29,0,17,12
browser-use,Cambridge_Dictionary--10,C7,01,19,0,8,11
browser-use,Apple--21,C7,01,284,2,247,35
browser-use,Amazon--21,C7,01,552,61,479,12
browser-use,Google_Search--6,C7,01,6,0,4,2
browser-use,ESPN--8,C7,01,147,13,90,44
browser-use,ESPN--12,C7,01,41,3,23,15
browser-use,Wolfram_Alpha--42,C7,01,0,0,0,0
browser-use,Huggingface--34,C7,01,13,0,8,5
browser-use,Google_Flights--35,C7,01,41,0,39,2
browser-use,Wolfram_Alpha--1,C7,01,21,0,10,11
browser-use,Apple--33,C7,01,26,0,18,8
browser-use,Google_Search--29,C7,01,27,0,15,12
browser-use,BBC_News--5,C7,01,14,0,8,6
browser-use,Coursera--37,C7,01,105,2,101,2
browser-use,ArXiv--20,C7,01,1,0,0,1
browser-use,Apple--0,C7,01,210,1,188,21
browser-use,Google_Search--21,C7,01,20,0,10,10
browser-use,Apple--17,C7,01,177,1,94,82
browser-use,Wolfram_Alpha--43,C7,01,67,0,55,12
browser-use,Apple--41,C7,01,64,0,55,9
browser-use,Apple--13,C7,01,64,0,54,10
browser-use,Google_Map--9,C7,01,30,0,15,15
browser-use,Amazon--28,C7,01,483,44,423,16
browser-use,Google_Map--28,C7,01,573,0,563,10
browser-use,BBC_News--23,C7,01,547,44,460,43
browser-use,ESPN--4,C7,01,234,14,163,57
browser-use,Google_Search--12,C7,01,17,0,11,6
browser-use,Amazon--4,C7,01,343,32,303,8
browser-use,Google_Map--0,C7,01,311,0,308,3
browser-use,ArXiv--7,C7,01,11,0,9,2
browser-use,Amazon--20,C7,01,462,53,393,16
browser-use,Huggingface--25,C7,01,16,0,8,8
browser-use,Google_Map--31,C7,01,537,0,533,4
browser-use,Wolfram_Alpha--0,C7,01,0,0,0,0
browser-use,Apple--30,C7,01,346,2,273,71
browser-use,Huggingface--31,C7,01,373,0,367,6
browser-use,Wolfram_Alpha--32,C7,01,13,0,8,5
browser-use,Allrecipes--21,C7,01,1045,68,557,420
browser-use,Google_Map--4,C7,01,13,0,8,5
browser-use,GitHub--30,C7,01,74,0,71,3
browser-use,GitHub--3,C7,01,32,0,27,5
browser-use,Amazon--9,C7,01,472,28,436,8
browser-use,Huggingface--14,C7,01,13,0,8,5
browser-use,Huggingface--1,C7,01,22,0,15,7
browser-use,Cambridge_Dictionary--37,C7,01,98,0,86,12
browser-use,Allrecipes--8,C7,01,790,66,458,266
browser-use,Cambridge_Dictionary--1,C7,01,22,0,15,7
browser-use,Amazon--18,C7,01,200,5,187,8
browser-use,Huggingface--29,C7,01,13,0,8,5
browser-use,Amazon--14,C7,01,0,0,0,0
browser-use,ESPN--18,C7,01,45,3,27,15
browser-use,Google_Search--17,C7,01,13,0,8,5
browser-use,ArXiv--41,C7,01,22,0,15,7
browser-use,Google_Flights--3,C7,01,28,0,15,13
browser-use,BBC_News--38,C7,01,123,4,116,3
browser-use,Coursera--5,C7,01,17,0,10,7
browser-use,Coursera--15,C7,01,26,0,17,9
browser-use,ESPN--28,C7,01,27,0,15,12
browser-use,Google_Map--14,C7,01,724,0,719,5
browser-use,Cambridge_Dictionary--29,C7,01,126,0,119,7
browser-use,Huggingface--19,C7,01,16,0,8,8
browser-use,BBC_News--25,C7,01,269,30,178,61
browser-use,Huggingface--21,C7,01,23,0,16,7
browser-use,Allrecipes--28,C7,01,721,66,384,271
browser-use,GitHub--11,C7,01,84,0,80,4
browser-use,ArXiv--14,C7,01,8,0,4,4
browser-use,Allrecipes--15,C7,01,804,70,435,299
browser-use,Coursera--24,C7,01,161,2,157,2
browser-use,Google_Map--26,C7,01,597,0,593,4
browser-use,Apple--25,C7,01,217,1,191,25
browser-use,Wolfram_Alpha--33,C7,01,131,0,91,40
browser-use,Apple--4,C7,01,34,0,24,10
browser-use,BBC_News--39,C7,01,72,0,62,10
browser-use,Google_Flights--14,C7,01,55,0,53,2
browser-use,Google_Map--40,C7,01,22,0,15,7
browser-use,Booking--42,C7,01,236,14,174,48
browser-use,BBC_News--12,C7,01,23,0,9,14
browser-use,ArXiv--11,C7,01,105,16,83,6
browser-use,GitHub--21,C7,01,32,0,32,0
browser-use,Google_Map--6,C7,01,13,0,8,5
browser-use,BBC_News--32,C7,01,30,0,16,14
browser-use,GitHub--17,C7,01,62,0,58,4
browser-use,Cambridge_Dictionary--14,C7,01,48,0,41,7
browser-use,ArXiv--24,C7,01,28,0,25,3
browser-use,Cambridge_Dictionary--30,C7,01,73,0,65,8
browser-use,Google_Flights--12,C7,01,44,0,39,5
browser-use,Allrecipes--36,C7,01,1116,104,615,397
browser-use,Google_Flights--25,C7,01,42,0,37,5
browser-use,ESPN--22,C7,01,13,0,8,5
browser-use,Booking--7,C7,01,32,0,15,17
browser-use,Apple--32,C7,01,125,1,83,41
browser-use,Booking--25,C7,01,221,8,194,19
browser-use,GitHub--1,C7,01,58,0,54,4
browser-use,Huggingface--2,C7,01,791,0,752,39
browser-use,Allrecipes--3,C7,01,746,66,421,259
browser-use,Booking--34,C7,01,17,0,8,9
browser-use,Booking--28,C7,01,126,5,106,15
browser-use,ESPN--15,C7,01,65,0,54,11
browser-use,Coursera--12,C7,01,233,6,225,2
browser-use,Apple--7,C7,01,19,0,8,11
browser-use,ESPN--32,C7,01,162,8,115,39
browser-use,Google_Flights--13,C7,01,77,0,72,5
browser-use,GitHub--13,C7,01,34,0,31,3
browser-use,ArXiv--9,C7,01,6,0,3,3
browser-use,Cambridge_Dictionary--34,C7,01,100,0,91,9
browser-use,Huggingface--24,C7,01,147,0,147,0
browser-use,Allrecipes--17,C7,01,19,0,12,7
browser-use,ArXiv--23,C7,01,4,0,2,2
browser-use,Cambridge_Dictionary--33,C7,01,13,0,8,5
browser-use,Amazon--22,C7,01,611,39,563,9
browser-use,Booking--33,C7,01,252,6,222,24
browser-use,Google_Flights--33,C7,01,57,0,55,2
browser-use,Apple--18,C7,01,14,0,8,6
browser-use,Amazon--23,C7,01,996,138,848,10
browser-use,BBC_News--34,C7,01,28,0,19,9
browser-use,Google_Flights--17,C7,01,60,0,58,2
browser-use,Coursera--2,C7,01,69,0,57,12
browser-use,Cambridge_Dictionary--22,C7,01,49,0,42,7
browser-use,Wolfram_Alpha--44,C7,01,0,0,0,0
browser-use,ESPN--1,C7,01,230,24,158,48
browser-use,Booking--0,C7,01,25,0,15,10
browser-use,Wolfram_Alpha--7,C7,01,22,0,15,7
browser-use,Google_Search--24,C7,01,18,0,8,10
browser-use,ArXiv--0,C7,01,4,0,2,2
browser-use,Coursera--33,C7,01,149,2,145,2
browser-use,ESPN--26,C7,01,28,0,15,13
browser-use,GitHub--37,C7,01,23,0,15,8
browser-use,Booking--18,C7,01,290,21,225,44
browser-use,Huggingface--39,C7,01,25,0,15,10
browser-use,Wolfram_Alpha--45,C7,01,23,0,15,8
browser-use,Coursera--39,C7,01,26,0,17,9
browser-use,Google_Search--28,C7,01,21,0,8,13
browser-use,GitHub--36,C7,01,56,0,53,3
browser-use,GitHub--19,C7,01,37,0,33,4
browser-use,ArXiv--38,C7,01,5,0,4,1
browser-use,Apple--5,C7,01,55,0,47,8
browser-use,Allrecipes--20,C7,01,864,81,440,343
browser-use,BBC_News--0,C7,01,245,19,194,32
browser-use,Google_Flights--32,C7,01,44,0,39,5
browser-use,Cambridge_Dictionary--9,C7,01,50,0,43,7
browser-use,ArXiv--28,C7,01,58,0,56,2
browser-use,Allrecipes--4,C7,01,70,0,56,14
browser-use,Google_Search--11,C7,01,16,0,10,6
browser-use,Allrecipes--25,C7,01,808,77,447,284
browser-use,Google_Search--22,C7,01,56,2,48,6
browser-use,ESPN--14,C7,01,165,12,118,35
browser-use,ArXiv--16,C7,01,22,0,20,2
browser-use,Allrecipes--13,C7,01,879,72,513,294
browser-use,ESPN--9,C7,01,140,10,92,38
browser-use,Apple--12,C7,01,13,0,8,5
browser-use,Huggingface--8,C7,01,19,0,8,11
browser-use,Cambridge_Dictionary--26,C7,01,13,0,8,5
browser-use,Wolfram_Alpha--23,C7,01,154,0,122,32
browser-use,GitHub--38,C7,01,65,0,61,4
browser-use,Wolfram_Alpha--15,C7,01,20,0,10,10
browser-use,ArXiv--42,C7,01,13,0,8,5
browser-use,Booking--43,C7,01,4,2,2,0
browser-use,Apple--26,C7,01,328,3,218,107
browser-use,Apple--11,C7,01,394,3,261,130
browser-use,Allrecipes--42,C7,01,603,66,338,199
browser-use,ArXiv--18,C7,01,13,0,8,5
browser-use,ESPN--21,C7,01,123,8,83,32
browser-use,Allrecipes--26,C7,01,874,74,494,306
browser-use,Google_Search--10,C7,01,852,83,604,165
browser-use,BBC_News--24,C7,01,387,28,316,43
browser-use,Google_Flights--38,C7,01,54,0,52,2
browser-use,ArXiv--10,C7,01,82,0,64,18
browser-use,Amazon--17,C7,01,357,46,303,8
browser-use,GitHub--12,C7,01,51,0,48,3
browser-use,Coursera--31,C7,01,15,0,8,7
browser-use,Wolfram_Alpha--9,C7,01,20,0,8,12
browser-use,ArXiv--32,C7,01,0,0,0,0
browser-use,ESPN--43,C7,01,22,0,15,7
browser-use,Huggingface--17,C7,01,323,0,323,0
browser-use,Google_Flights--30,C7,01,69,0,67,2
browser-use,Google_Map--10,C7,01,18,0,8,10
browser-use,Apple--8,C7,01,94,0,80,14
browser-use,Cambridge_Dictionary--28,C7,01,58,0,51,7
browser-use,Allrecipes--37,C7,01,721,63,398,260
browser-use,Apple--29,C7,01,323,2,291,30
browser-use,BBC_News--26,C7,01,233,1,211,21
browser-use,Amazon--11,C7,01,408,51,347,10
browser-use,Google_Flights--26,C7,01,55,0,53,2
browser-use,ESPN--42,C7,01,13,0,8,5
browser-use,Google_Search--25,C7,01,19,0,8,11
browser-use,Google_Flights--23,C7,01,52,0,47,5
browser-use,Google_Flights--18,C7,01,67,0,65,2
browser-use,Wolfram_Alpha--30,C7,01,31,0,22,9
browser-use,Allrecipes--40,C7,01,433,36,205,192
browser-use,Google_Map--21,C7,01,499,0,496,3
browser-use,ESPN--11,C7,01,18,0,8,10
browser-use,ArXiv--12,C7,01,13,0,8,5
browser-use,Huggingface--37,C7,01,13,0,8,5
browser-use,Amazon--7,C7,01,369,31,330,8
browser-use,Coursera--41,C7,01,156,1,153,2
browser-use,Google_Flights--34,C7,01,45,0,43,2
browser-use,Google_Flights--5,C7,01,54,0,49,5
browser-use,ArXiv--15,C7,01,10,0,5,5
browser-use,ArXiv--29,C7,01,3,0,1,2
browser-use,Booking--8,C7,01,21,0,8,13
browser-use,Cambridge_Dictionary--12,C7,01,50,0,43,7
browser-use,Apple--31,C7,01,241,1,210,30
browser-use,ESPN--2,C7,01,16,0,8,8
browser-use,Allrecipes--31,C7,01,1098,88,589,421
browser-use,Google_Search--4,C7,01,5,0,0,5
browser-use,Coursera--17,C7,01,154,6,146,2
browser-use,ESPN--39,C7,01,136,9,99,28
browser-use,Google_Search--20,C7,01,27,0,15,12
browser-use,Wolfram_Alpha--6,C7,01,13,0,8,5
browser-use,BBC_News--33,C7,01,392,38,307,47
browser-use,Google_Flights--11,C7,01,65,0,60,5
browser-use,ArXiv--1,C7,01,4,0,2,2
browser-use,Allrecipes--22,C7,01,884,102,517,265
browser-use,Coursera--9,C7,01,231,4,225,2
browser-use,ESPN--36,C7,01,62,0,53,9
browser-use,Google_Map--19,C7,01,28,0,15,13
browser-use,Huggingface--42,C7,01,224,0,224,0
browser-use,Amazon--13,C7,01,545,45,491,9
browser-use,Wolfram_Alpha--5,C7,01,46,0,36,10
browser-use,Amazon--34,C7,01,451,37,406,8
browser-use,Amazon--27,C7,01,560,58,491,11
browser-use,Amazon--10,C7,01,1151,122,1017,12
browser-use,GitHub--9,C7,01,53,0,50,3
browser-use,ESPN--13,C7,01,13,0,8,5
browser-use,ArXiv--40,C7,01,8,0,4,4
browser-use,Apple--38,C7,01,23,0,15,8
browser-use,Google_Flights--21,C7,01,25,3,20,2
browser-use,Coursera--26,C7,01,185,5,177,3
browser-use,Amazon--32,C7,01,364,26,330,8
browser-use,BBC_News--16,C7,01,344,24,278,42
browser-use,Allrecipes--10,C7,01,18,0,8,10
browser-use,Booking--37,C7,01,16,0,8,8
browser-use,Apple--19,C7,01,302,1,250,51
browser-use,Wolfram_Alpha--17,C7,01,22,0,15,7
browser-use,ArXiv--5,C7,01,8,0,4,4
browser-use,GitHub--2,C7,01,36,0,32,4
browser-use,ESPN--33,C7,01,190,18,128,44
browser-use,Google_Search--1,C7,01,67,0,53,14
browser-use,Cambridge_Dictionary--25,C7,01,46,0,39,7
browser-use,Coursera--11,C7,01,173,4,167,2
browser-use,Wolfram_Alpha--21,C7,01,0,0,0,0
browser-use,Booking--40,C7,01,33,0,17,16
browser-use,Google_Flights--16,C7,01,59,0,54,5
browser-use,Google_Flights--20,C7,01,38,0,31,7
browser-use,Amazon--38,C7,01,467,47,412,8
browser-use,Apple--22,C7,01,70,0,34,36
browser-use,Google_Map--27,C7,01,20,0,14,6
browser-use,Google_Flights--1,C7,01,41,0,39,2
browser-use,ESPN--10,C7,01,158,11,106,41
browser-use,Wolfram_Alpha--31,C7,01,62,0,46,16
browser-use,ESPN--23,C7,01,61,0,51,10
browser-use,Huggingface--18,C7,01,34,0,22,12
browser-use,Booking--24,C7,01,25,0,15,10
browser-use,Wolfram_Alpha--4,C7,01,13,0,8,5
browser-use,Cambridge_Dictionary--24,C7,01,49,0,42,7
browser-use,BBC_News--40,C7,01,238,20,194,24
browser-use,Booking--2,C7,01,17,0,8,9
browser-use,Apple--6,C7,01,162,1,141,20
browser-use,GitHub--27,C7,01,63,0,59,4
browser-use,Google_Flights--39,C7,01,63,0,61,2
browser-use,Amazon--37,C7,01,461,33,420,8
browser-use,Google_Flights--28,C7,01,45,0,43,2
browser-use,Booking--26,C7,01,135,4,113,18
browser-use,Apple--9,C7,01,185,2,111,72
browser-use,Allrecipes--11,C7,01,1485,107,831,547
browser-use,Booking--4,C7,01,536,35,436,65
browser-use,Coursera--30,C7,01,35,0,24,11
browser-use,Allrecipes--30,C7,01,1031,84,555,392
browser-use,Apple--39,C7,01,81,0,67,14
browser-use,Google_Search--0,C7,01,18,0,8,10
browser-use,Allrecipes--41,C7,01,16,0,8,8
browser-use,BBC_News--13,C7,01,50,2,42,6
browser-use,Booking--31,C7,01,384,14,342,28
browser-use,Allrecipes--6,C7,01,18,0,8,10
browser-use,ArXiv--37,C7,01,18,0,8,10
browser-use,Allrecipes--9,C7,01,71,0,61,10
browser-use,Cambridge_Dictionary--18,C7,01,59,0,52,7
browser-use,Google_Flights--0,C7,01,247,1,225,21
browser-use,Apple--24,C7,01,18,0,12,6
browser-use,Coursera--4,C7,01,177,4,171,2
browser-use,Amazon--0,C7,01,13,0,8,5
browser-use,BBC_News--14,C7,01,68,0,60,8
browser-use,Huggingface--20,C7,01,146,0,146,0
browser-use,Booking--6,C7,01,18,0,10,8
browser-use,Coursera--25,C7,01,171,4,165,2
browser-use,Cambridge_Dictionary--0,C7,01,14,0,8,6
browser-use,Google_Flights--7,C7,01,53,0,51,2
browser-use,GitHub--35,C7,01,16,0,8,8
browser-use,Google_Map--22,C7,01,64,0,53,11
browser-use,Huggingface--9,C7,01,136,0,136,0
browser-use,Apple--1,C7,01,28,0,14,14
browser-use,Coursera--34,C7,01,216,5,209,2
browser-use,BBC_News--17,C7,01,269,16,221,32
browser-use,Wolfram_Alpha--26,C7,01,13,0,8,5
browser-use,Wolfram_Alpha--35,C7,01,28,0,15,13
browser-use,ESPN--27,C7,01,96,8,61,27
browser-use,BBC_News--6,C7,01,242,11,208,23
browser-use,Coursera--20,C7,01,17,0,10,7
browser-use,Wolfram_Alpha--22,C7,01,0,0,0,0
browser-use,Google_Map--20,C7,01,13,0,8,5
browser-use,Google_Map--39,C7,01,344,0,339,5
browser-use,Google_Flights--24,C7,01,62,0,60,2
browser-use,Huggingface--27,C7,01,273,0,267,6
browser-use,Google_Search--19,C7,01,29,0,19,10
browser-use,Wolfram_Alpha--10,C7,01,18,0,8,10
browser-use,Coursera--16,C7,01,209,5,202,2
browser-use,Cambridge_Dictionary--8,C7,01,64,0,55,9
browser-use,Apple--14,C7,01,18,0,12,6
browser-use,Huggingface--33,C7,01,209,0,206,3
browser-use,BBC_News--2,C7,01,17,0,8,9
browser-use,Google_Map--24,C7,01,347,0,342,5
browser-use,Wolfram_Alpha--37,C2,01,62,0,53,9
browser-use,Booking--41,C2,01,130,11,92,27
browser-use,Booking--39,C2,01,474,52,373,49
browser-use,Amazon--15,C2,01,458,32,415,11
browser-use,Google_Search--39,C2,01,14,0,8,6
browser-use,Coursera--19,C2,01,171,8,161,2
browser-use,Google_Search--9,C2,01,76,0,66,10
browser-use,Google_Map--7,C2,01,22,0,15,7
browser-use,Coursera--18,C2,01,28,0,19,9
browser-use,Cambridge_Dictionary--6,C2,01,13,0,8,5
browser-use,Google_Map--38,C2,01,952,0,946,6
browser-use,Huggingface--32,C2,01,328,0,322,6
browser-use,Google_Flights--41,C2,01,81,0,79,2
browser-use,ESPN--35,C2,01,137,11,86,40
browser-use,Booking--5,C2,01,256,25,189,42
browser-use,GitHub--32,C2,01,66,0,62,4
browser-use,BBC_News--19,C2,01,15,0,8,7
browser-use,Google_Search--37,C2,01,30,0,15,15
browser-use,Coursera--28,C2,01,145,6,137,2
browser-use,Google_Map--30,C2,01,318,0,301,17
browser-use,Amazon--12,C2,01,422,23,391,8
browser-use,Amazon--30,C2,01,504,33,459,12
browser-use,Coursera--27,C2,01,171,4,165,2
browser-use,Google_Search--34,C2,01,31,0,22,9
browser-use,Wolfram_Alpha--18,C2,01,14,0,8,6
browser-use,Allrecipes--1,C2,01,18,0,8,10
browser-use,Apple--42,C2,01,227,1,198,28
browser-use,Huggingface--26,C2,01,13,0,8,5
browser-use,Coursera--0,C2,01,24,0,15,9
browser-use,Cambridge_Dictionary--5,C2,01,24,0,8,16
browser-use,BBC_News--21,C2,01,207,17,168,22
browser-use,Google_Map--11,C2,01,16,0,8,8
browser-use,Booking--1,C2,01,371,60,255,56
browser-use,BBC_News--7,C2,01,22,0,15,7
browser-use,Amazon--35,C2,01,966,91,862,13
browser-use,Allrecipes--23,C2,01,666,60,346,260
browser-use,Google_Map--1,C2,01,821,0,817,4
browser-use,Huggingface--3,C2,01,122,0,122,0
browser-use,BBC_News--31,C2,01,109,0,93,16
browser-use,Coursera--1,C2,01,171,8,161,2
browser-use,Allrecipes--0,C2,01,18,0,8,10
browser-use,Cambridge_Dictionary--13,C2,01,88,9,55,24
browser-use,Coursera--36,C2,01,167,2,163,2
browser-use,Allrecipes--32,C2,01,679,61,375,243
browser-use,Google_Flights--36,C2,01,65,0,63,2
browser-use,ESPN--5,C2,01,17,0,8,9
browser-use,Google_Map--18,C2,01,263,0,259,4
browser-use,Google_Search--8,C2,01,13,0,8,5
browser-use,Booking--35,C2,01,26,0,15,11
browser-use,GitHub--8,C2,01,17,0,8,9
browser-use,Amazon--39,C2,01,571,32,527,12
browser-use,Allrecipes--2,C2,01,24,0,15,9
browser-use,Google_Map--16,C2,01,13,0,8,5
browser-use,BBC_News--28,C2,01,379,16,347,16
browser-use,Google_Map--34,C2,01,394,0,385,9
browser-use,Booking--12,C2,01,27,0,17,10
browser-use,Wolfram_Alpha--38,C2,01,14,0,8,6
browser-use,Cambridge_Dictionary--38,C2,01,22,0,15,7
browser-use,BBC_News--29,C2,01,5,0,5,0
browser-use,GitHub--0,C2,01,50,0,47,3
browser-use,GitHub--14,C2,01,20,0,12,8
browser-use,Amazon--26,C2,01,742,80,649,13
browser-use,ArXiv--4,C2,01,0,0,0,0
browser-use,Google_Search--35,C2,01,358,83,202,73
browser-use,Google_Flights--31,C2,01,136,0,104,32
browser-use,ESPN--24,C2,01,166,9,116,41
browser-use,Google_Flights--6,C2,01,43,0,38,5
browser-use,Google_Map--12,C2,01,613,0,607,6
browser-use,Cambridge_Dictionary--42,C2,01,93,9,62,22
browser-use,ArXiv--21,C2,01,4,0,2,2
browser-use,BBC_News--11,C2,01,26,0,14,12
browser-use,Allrecipes--34,C2,01,721,64,385,272
browser-use,GitHub--31,C2,01,19,0,11,8
browser-use,Allrecipes--43,C2,01,595,53,312,230
browser-use,Amazon--19,C2,01,236,7,220,9
browser-use,Google_Search--18,C2,01,29,0,17,12
browser-use,ArXiv--13,C2,01,1,0,0,1
browser-use,Cambridge_Dictionary--7,C2,01,13,0,8,5
browser-use,GitHub--7,C2,01,20,0,12,8
browser-use,Amazon--24,C2,01,553,71,471,11
browser-use,ESPN--20,C2,01,131,12,83,36
browser-use,Wolfram_Alpha--36,C2,01,13,0,8,5
browser-use,BBC_News--35,C2,01,322,19,221,82
browser-use,Huggingface--28,C2,01,13,0,8,5
browser-use,Allrecipes--29,C2,01,1470,113,813,544
browser-use,BBC_News--9,C2,01,64,0,33,31
browser-use,GitHub--28,C2,01,77,0,71,6
browser-use,GitHub--39,C2,01,11,0,8,3
browser-use,Google_Search--36,C2,01,18,0,8,10
browser-use,Apple--28,C2,01,29,0,15,14
browser-use,Google_Flights--8,C2,01,64,0,62,2
browser-use,Huggingface--38,C2,01,25,0,15,10
browser-use,Google_Flights--10,C2,01,66,0,64,2
browser-use,GitHub--25,C2,01,53,0,49,4
browser-use,Allrecipes--19,C2,01,771,70,428,273
browser-use,BBC_News--1,C2,01,359,47,269,43
browser-use,Allrecipes--16,C2,01,784,81,426,277
browser-use,ArXiv--3,C2,01,23,0,21,2
browser-use,GitHub--26,C2,01,22,0,15,7
browser-use,BBC_News--18,C2,01,13,0,8,5
browser-use,ArXiv--2,C2,01,0,0,0,0
browser-use,Google_Map--36,C2,01,327,0,322,5
browser-use,ArXiv--35,C2,01,0,0,0,0
browser-use,Google_Search--13,C2,01,13,0,8,5
browser-use,ESPN--34,C2,01,113,9,65,39
browser-use,Google_Map--15,C2,01,618,0,611,7
browser-use,Google_Flights--37,C2,01,65,3,15,47
browser-use,Google_Search--7,C2,01,13,0,8,5
browser-use,ArXiv--27,C2,01,16,4,11,1
browser-use,Google_Map--32,C2,01,944,0,941,3
browser-use,Amazon--36,C2,01,576,84,461,31
browser-use,Apple--37,C2,01,19,0,8,11
browser-use,Google_Search--3,C2,01,77,0,62,15
browser-use,Huggingface--23,C2,01,356,0,356,0
browser-use,Apple--40,C2,01,122,0,115,7
browser-use,ArXiv--25,C2,01,23,0,16,7
browser-use,Amazon--8,C2,01,306,25,273,8
browser-use,ESPN--16,C2,01,16,0,10,6
browser-use,ESPN--17,C2,01,13,0,8,5
browser-use,ESPN--37,C2,01,65,0,46,19
browser-use,Coursera--10,C2,01,198,9,187,2
browser-use,Allrecipes--33,C2,01,674,68,394,212
browser-use,Allrecipes--44,C2,01,544,36,276,232
browser-use,Google_Map--35,C2,01,27,0,15,12
browser-use,Allrecipes--14,C2,01,1086,78,598,410
browser-use,Allrecipes--7,C2,01,64,0,52,12
browser-use,Huggingface--7,C2,01,263,0,263,0
browser-use,Coursera--22,C2,01,29,0,15,14
browser-use,Apple--34,C2,01,20,0,8,12
browser-use,Wolfram_Alpha--39,C2,01,238,0,147,91
browser-use,Google_Flights--4,C2,01,30,0,28,2
browser-use,Apple--3,C2,01,27,0,15,12
browser-use,Allrecipes--12,C2,01,647,60,377,210
browser-use,Amazon--25,C2,01,540,62,469,9
browser-use,Google_Map--2,C2,01,20,0,13,7
browser-use,GitHub--20,C2,01,16,0,8,8
browser-use,Google_Flights--19,C2,01,38,0,33,5
browser-use,Wolfram_Alpha--20,C2,01,0,0,0,0
browser-use,Allrecipes--27,C2,01,805,62,472,271
browser-use,Booking--13,C2,01,143,13,102,28
browser-use,Coursera--29,C2,01,25,0,16,9
browser-use,Huggingface--13,C2,01,72,0,69,3
browser-use,ESPN--3,C2,01,132,8,87,37
browser-use,Google_Flights--27,C2,01,46,0,39,7
browser-use,Apple--35,C2,01,112,1,95,16
browser-use,Huggingface--30,C2,01,131,0,131,0
browser-use,Cambridge_Dictionary--41,C2,01,13,0,8,5
browser-use,ESPN--31,C2,01,23,0,15,8
browser-use,Google_Search--33,C2,01,57,0,54,3
browser-use,ArXiv--30,C2,01,5,2,3,0
browser-use,BBC_News--37,C2,01,29,0,17,12
browser-use,Apple--20,C2,01,64,0,55,9
browser-use,GitHub--34,C2,01,52,0,49,3
browser-use,ArXiv--8,C2,01,15,4,11,0
browser-use,Coursera--23,C2,01,175,4,169,2
browser-use,Amazon--33,C2,01,550,63,479,8
browser-use,Allrecipes--24,C2,01,547,86,293,168
browser-use,Coursera--35,C2,01,177,4,171,2
browser-use,Wolfram_Alpha--41,C2,01,18,0,8,10
browser-use,GitHub--22,C2,01,161,0,155,6
browser-use,Cambridge_Dictionary--16,C2,01,97,9,64,24
browser-use,Google_Search--31,C2,01,18,0,8,10
browser-use,ESPN--41,C2,01,31,0,22,9
browser-use,Huggingface--41,C2,01,305,0,299,6
browser-use,Google_Search--30,C2,01,7,0,1,6
browser-use,BBC_News--3,C2,01,11,0,6,5
browser-use,Coursera--3,C2,01,183,2,179,2
browser-use,Wolfram_Alpha--27,C2,01,70,0,56,14
browser-use,Google_Map--8,C2,01,373,0,367,6
browser-use,Coursera--21,C2,01,172,7,163,2
browser-use,GitHub--16,C2,01,24,0,16,8
browser-use,Google_Map--3,C2,01,329,0,322,7
browser-use,Booking--19,C2,01,21,0,8,13
browser-use,Booking--29,C2,01,326,31,254,41
browser-use,Huggingface--16,C2,01,293,0,293,0
browser-use,Coursera--6,C2,01,291,7,282,2
browser-use,Huggingface--15,C2,01,107,0,107,0
browser-use,Cambridge_Dictionary--36,C2,01,90,9,58,23
browser-use,ArXiv--33,C2,01,12,0,6,6
browser-use,GitHub--18,C2,01,56,0,52,4
browser-use,ArXiv--17,C2,01,13,0,8,5
browser-use,Apple--2,C2,01,205,1,171,33
browser-use,Huggingface--10,C2,01,325,0,313,12
browser-use,GitHub--10,C2,01,16,0,8,8
browser-use,GitHub--6,C2,01,50,0,47,3
browser-use,Coursera--8,C2,01,141,6,133,2
browser-use,ArXiv--26,C2,01,4,0,2,2
browser-use,Wolfram_Alpha--8,C2,01,18,0,8,10
browser-use,Amazon--40,C2,01,614,32,574,8
browser-use,Apple--10,C2,01,23,0,15,8
browser-use,ArXiv--19,C2,01,36,0,22,14
browser-use,Coursera--13,C2,01,171,4,165,2
browser-use,BBC_News--4,C2,01,27,0,15,12
browser-use,GitHub--15,C2,01,58,0,55,3
browser-use,ESPN--6,C2,01,18,0,8,10
browser-use,Cambridge_Dictionary--35,C2,01,82,6,57,19
browser-use,ESPN--30,C2,01,115,9,78,28
browser-use,Huggingface--40,C2,01,16,0,8,8
browser-use,Booking--15,C2,01,24,0,10,14
browser-use,Wolfram_Alpha--2,C2,01,0,0,0,0
browser-use,Booking--14,C2,01,15,0,7,8
browser-use,Google_Search--16,C2,01,7,0,5,2
browser-use,Apple--16,C2,01,167,1,143,23
browser-use,Booking--32,C2,01,153,13,111,29
browser-use,Cambridge_Dictionary--27,C2,01,97,9,64,24
browser-use,GitHub--23,C2,01,19,0,10,9
browser-use,Coursera--38,C2,01,125,2,121,2
browser-use,Huggingface--36,C2,01,13,0,8,5
browser-use,ESPN--29,C2,01,132,7,93,32
browser-use,Booking--16,C2,01,313,31,241,41
browser-use,Google_Search--14,C2,01,22,0,12,10
browser-use,Google_Search--32,C2,01,19,0,8,11
browser-use,Wolfram_Alpha--19,C2,01,23,0,16,7
browser-use,Coursera--32,C2,01,183,2,179,2
browser-use,Huggingface--6,C2,01,22,0,15,7
browser-use,Google_Map--37,C2,01,633,0,628,5
browser-use,Google_Flights--22,C2,01,15,0,8,7
browser-use,Booking--20,C2,01,154,14,110,30
browser-use,Wolfram_Alpha--24,C2,01,79,0,54,25
browser-use,Amazon--16,C2,01,25,0,17,8
browser-use,Amazon--3,C2,01,318,23,287,8
browser-use,Cambridge_Dictionary--2,C2,01,14,0,8,6
browser-use,BBC_News--36,C2,01,5,0,0,5
browser-use,Coursera--7,C2,01,227,3,222,2
browser-use,GitHub--5,C2,01,60,0,56,4
browser-use,Huggingface--12,C2,01,302,0,302,0
browser-use,Wolfram_Alpha--11,C2,01,32,0,23,9
browser-use,Cambridge_Dictionary--19,C2,01,84,9,53,22
browser-use,ESPN--38,C2,01,25,0,17,8
browser-use,Google_Map--23,C2,01,473,0,467,6
browser-use,Apple--15,C2,01,24,0,16,8
browser-use,GitHub--24,C2,01,88,0,85,3
browser-use,Booking--9,C2,01,19,0,8,11
browser-use,BBC_News--8,C2,01,22,0,15,7
browser-use,BBC_News--41,C2,01,32,0,30,2
browser-use,Cambridge_Dictionary--31,C2,01,92,9,59,24
browser-use,Wolfram_Alpha--40,C2,01,13,0,8,5
browser-use,Wolfram_Alpha--16,C2,01,80,0,65,15
browser-use,Google_Map--5,C2,01,66,0,56,10
browser-use,ESPN--7,C2,01,173,11,118,44
browser-use,Google_Flights--9,C2,01,81,0,79,2
browser-use,Booking--30,C2,01,148,13,107,28
browser-use,ArXiv--39,C2,01,13,0,8,5
browser-use,ArXiv--34,C2,01,23,0,21,2
browser-use,ESPN--25,C2,01,19,0,8,11
browser-use,Coursera--14,C2,01,181,4,175,2
browser-use,Allrecipes--38,C2,01,713,53,412,248
browser-use,Cambridge_Dictionary--11,C2,01,61,0,47,14
browser-use,Google_Flights--15,C2,01,108,6,25,77
browser-use,ESPN--19,C2,01,16,0,8,8
browser-use,Google_Map--13,C2,01,652,0,644,8
browser-use,Booking--21,C2,01,275,32,202,41
browser-use,Booking--23,C2,01,153,13,112,28
browser-use,Booking--36,C2,01,155,14,113,28
browser-use,BBC_News--22,C2,01,258,28,198,32
browser-use,Allrecipes--5,C2,01,38,0,25,13
browser-use,Wolfram_Alpha--14,C2,01,72,0,63,9
browser-use,Coursera--40,C2,01,26,0,17,9
browser-use,Huggingface--11,C2,01,183,0,183,0
browser-use,Google_Map--17,C2,01,738,0,730,8
browser-use,GitHub--40,C2,01,42,0,36,6
browser-use,Google_Search--42,C2,01,75,0,63,12
browser-use,Wolfram_Alpha--25,C2,01,13,0,8,5
browser-use,Booking--11,C2,01,442,72,297,73
browser-use,Amazon--31,C2,01,481,35,437,9
browser-use,Amazon--6,C2,01,364,27,327,10
browser-use,GitHub--33,C2,01,31,0,28,3
browser-use,ArXiv--36,C2,01,10,0,5,5
browser-use,Booking--10,C2,01,277,27,211,39
browser-use,Google_Search--15,C2,01,13,0,2,11
browser-use,Booking--22,C2,01,152,13,109,30
browser-use,Allrecipes--39,C2,01,1416,109,818,489
browser-use,Cambridge_Dictionary--39,C2,01,87,0,72,15
browser-use,BBC_News--20,C2,01,390,25,333,32
browser-use,Google_Flights--2,C2,01,73,0,68,5
browser-use,Allrecipes--35,C2,01,1149,115,640,394
browser-use,Allrecipes--18,C2,01,1121,78,647,396
browser-use,Cambridge_Dictionary--40,C2,01,303,17,122,164
browser-use,Google_Search--26,C2,01,18,0,8,10
browser-use,Google_Search--38,C2,01,13,0,8,5
browser-use,Apple--27,C2,01,25,0,17,8
browser-use,Booking--27,C2,01,327,45,219,63
browser-use,Google_Flights--40,C2,01,61,0,59,2
browser-use,Google_Map--25,C2,01,13,0,8,5
browser-use,Google_Search--27,C2,01,82,0,65,17
browser-use,Amazon--5,C2,01,14,0,8,6
browser-use,Google_Search--2,C2,01,0,0,0,0
browser-use,Google_Search--40,C2,01,45,0,29,16
browser-use,Wolfram_Alpha--28,C2,01,18,0,8,10
browser-use,Amazon--1,C2,01,344,27,309,8
browser-use,Google_Flights--29,C2,01,15,0,9,6
browser-use,Google_Search--23,C2,01,18,0,8,10
browser-use,ESPN--0,C2,01,13,0,8,5
browser-use,Booking--3,C2,01,27,0,17,10
browser-use,BBC_News--27,C2,01,394,32,327,35
browser-use,Wolfram_Alpha--3,C2,01,13,0,8,5
browser-use,Wolfram_Alpha--34,C2,01,130,0,96,34
browser-use,ESPN--40,C2,01,22,0,15,7
browser-use,ArXiv--6,C2,01,14,0,8,6
browser-use,Booking--17,C2,01,139,13,94,32
browser-use,GitHub--4,C2,01,83,0,79,4
browser-use,Google_Map--29,C2,01,18,0,8,10
browser-use,Cambridge_Dictionary--32,C2,01,13,0,8,5
browser-use,GitHub--29,C2,01,18,0,10,8
browser-use,Wolfram_Alpha--29,C2,01,13,0,8,5
browser-use,Huggingface--4,C2,01,363,0,351,12
browser-use,Huggingface--35,C2,01,160,0,160,0
browser-use,Apple--36,C2,01,21,0,15,6
browser-use,Cambridge_Dictionary--4,C2,01,13,0,8,5
browser-use,Apple--23,C2,01,192,1,166,25
browser-use,BBC_News--30,C2,01,31,0,19,12
browser-use,Google_Search--5,C2,01,72,0,61,11
browser-use,Huggingface--22,C2,01,13,0,8,5
browser-use,Cambridge_Dictionary--15,C2,01,61,0,53,8
browser-use,Huggingface--0,C2,01,301,0,295,6
browser-use,Amazon--2,C2,01,23,0,15,8
browser-use,Booking--38,C2,01,155,13,114,28
browser-use,Google_Search--41,C2,01,31,0,22,9
browser-use,Wolfram_Alpha--13,C2,01,13,0,8,5
browser-use,Cambridge_Dictionary--17,C2,01,13,0,8,5
browser-use,Wolfram_Alpha--12,C2,01,20,0,10,10
browser-use,Cambridge_Dictionary--20,C2,01,90,9,58,23
browser-use,Amazon--29,C2,01,546,44,494,8
browser-use,Huggingface--5,C2,01,261,0,261,0
browser-use,Cambridge_Dictionary--21,C2,01,85,9,53,23
browser-use,Cambridge_Dictionary--23,C2,01,13,0,8,5
browser-use,BBC_News--15,C2,01,133,0,78,55
browser-use,ArXiv--22,C2,01,13,0,8,5
browser-use,Google_Map--33,C2,01,16,0,10,6
browser-use,ArXiv--31,C2,01,4,0,2,2
browser-use,BBC_News--10,C2,01,29,0,23,6
browser-use,Cambridge_Dictionary--3,C2,01,18,0,8,10
browser-use,Cambridge_Dictionary--10,C2,01,19,0,8,11
browser-use,Apple--21,C2,01,271,2,226,43
browser-use,Amazon--21,C2,01,635,57,566,12
browser-use,Google_Search--6,C2,01,128,4,102,22
browser-use,ESPN--8,C2,01,109,9,74,26
browser-use,ESPN--12,C2,01,97,8,65,24
browser-use,Wolfram_Alpha--42,C2,01,0,0,0,0
browser-use,Huggingface--34,C2,01,13,0,8,5
browser-use,Google_Flights--35,C2,01,82,0,65,17
browser-use,Wolfram_Alpha--1,C2,01,22,0,10,12
browser-use,Apple--33,C2,01,70,0,60,10
browser-use,Google_Search--29,C2,01,18,0,8,10
browser-use,BBC_News--5,C2,01,13,0,8,5
browser-use,Coursera--37,C2,01,144,3,138,3
browser-use,ArXiv--20,C2,01,25,0,22,3
browser-use,Apple--0,C2,01,333,2,291,40
browser-use,Google_Search--21,C2,01,18,0,8,10
browser-use,Apple--17,C2,01,175,2,116,57
browser-use,Wolfram_Alpha--43,C2,01,29,0,16,13
browser-use,Apple--41,C2,01,346,3,234,109
browser-use,Apple--13,C2,01,23,0,15,8
browser-use,Google_Map--9,C2,01,18,0,8,10
browser-use,Amazon--28,C2,01,439,45,386,8
browser-use,Google_Map--28,C2,01,316,0,311,5
browser-use,BBC_News--23,C2,01,200,13,165,22
browser-use,ESPN--4,C2,01,160,12,103,45
browser-use,Google_Search--12,C2,01,27,0,15,12
browser-use,Amazon--4,C2,01,357,32,315,10
browser-use,Google_Map--0,C2,01,307,0,303,4
browser-use,ArXiv--7,C2,01,10,0,5,5
browser-use,Amazon--20,C2,01,508,56,444,8
browser-use,Huggingface--25,C2,01,16,0,8,8
browser-use,Google_Map--31,C2,01,508,0,503,5
browser-use,Wolfram_Alpha--0,C2,01,63,0,54,9
browser-use,Apple--30,C2,01,270,2,196,72
browser-use,Huggingface--31,C2,01,147,0,147,0
browser-use,Wolfram_Alpha--32,C2,01,75,0,56,19
browser-use,Allrecipes--21,C2,01,1100,69,609,422
browser-use,Google_Map--4,C2,01,18,0,8,10
browser-use,GitHub--30,C2,01,95,0,91,4
browser-use,GitHub--3,C2,01,18,0,10,8
browser-use,Amazon--9,C2,01,473,26,435,12
browser-use,Huggingface--14,C2,01,22,0,15,7
browser-use,Huggingface--1,C2,01,13,0,8,5
browser-use,Cambridge_Dictionary--37,C2,01,69,6,44,19
browser-use,Allrecipes--8,C2,01,980,74,559,347
browser-use,Cambridge_Dictionary--1,C2,01,18,0,8,10
browser-use,Amazon--18,C2,01,200,5,187,8
browser-use,Huggingface--29,C2,01,22,0,15,7
browser-use,Amazon--14,C2,01,537,31,496,10
browser-use,ESPN--18,C2,01,70,8,41,21
browser-use,Google_Search--17,C2,01,18,0,8,10
browser-use,ArXiv--41,C2,01,13,0,8,5
browser-use,Google_Flights--3,C2,01,29,0,23,6
browser-use,BBC_News--38,C2,01,17,0,9,8
browser-use,Coursera--5,C2,01,26,0,17,9
browser-use,Coursera--15,C2,01,17,0,10,7
browser-use,ESPN--28,C2,01,27,0,15,12
browser-use,Google_Map--14,C2,01,406,0,400,6
browser-use,Cambridge_Dictionary--29,C2,01,89,9,57,23
browser-use,Huggingface--19,C2,01,13,0,8,5
browser-use,BBC_News--25,C2,01,283,28,225,30
browser-use,Huggingface--21,C2,01,13,0,8,5
browser-use,Allrecipes--28,C2,01,582,61,328,193
browser-use,GitHub--11,C2,01,42,0,39,3
browser-use,ArXiv--14,C2,01,4,0,2,2
browser-use,Allrecipes--15,C2,01,624,58,331,235
browser-use,Coursera--24,C2,01,147,2,143,2
browser-use,Google_Map--26,C2,01,641,0,637,4
browser-use,Apple--25,C2,01,224,1,169,54
browser-use,Wolfram_Alpha--33,C2,01,104,0,73,31
browser-use,Apple--4,C2,01,197,1,149,47
browser-use,BBC_News--39,C2,01,22,0,15,7
browser-use,Google_Flights--14,C2,01,49,0,47,2
browser-use,Google_Map--40,C2,01,586,0,581,5
browser-use,Booking--42,C2,01,435,71,290,74
browser-use,BBC_News--12,C2,01,20,0,10,10
browser-use,ArXiv--11,C2,01,24,0,16,8
browser-use,GitHub--21,C2,01,93,0,90,3
browser-use,Google_Map--6,C2,01,18,0,8,10
browser-use,BBC_News--32,C2,01,15,0,8,7
browser-use,GitHub--17,C2,01,63,0,59,4
browser-use,Cambridge_Dictionary--14,C2,01,86,9,54,23
browser-use,ArXiv--24,C2,01,30,0,28,2
browser-use,Cambridge_Dictionary--30,C2,01,22,0,15,7
browser-use,Google_Flights--12,C2,01,46,0,44,2
browser-use,Allrecipes--36,C2,01,711,71,400,240
browser-use,Google_Flights--25,C2,01,41,0,36,5
browser-use,ESPN--22,C2,01,16,0,8,8
browser-use,Booking--7,C2,01,166,13,123,30
browser-use,Apple--32,C2,01,16,0,10,6
browser-use,Booking--25,C2,01,150,13,107,30
browser-use,GitHub--1,C2,01,18,0,10,8
browser-use,Huggingface--2,C2,01,381,0,381,0
browser-use,Allrecipes--3,C2,01,859,70,443,346
browser-use,Booking--34,C2,01,157,13,113,31
browser-use,Booking--28,C2,01,158,13,114,31
browser-use,ESPN--15,C2,01,16,0,8,8
browser-use,Coursera--12,C2,01,177,8,167,2
browser-use,Apple--7,C2,01,16,0,10,6
browser-use,ESPN--32,C2,01,250,15,174,61
browser-use,Google_Flights--13,C2,01,111,0,94,17
browser-use,GitHub--13,C2,01,75,0,72,3
browser-use,ArXiv--9,C2,01,22,0,20,2
browser-use,Cambridge_Dictionary--34,C2,01,89,9,57,23
browser-use,Huggingface--24,C2,01,105,0,105,0
browser-use,Allrecipes--17,C2,01,64,0,55,9
browser-use,ArXiv--23,C2,01,1,0,0,1
browser-use,Cambridge_Dictionary--33,C2,01,22,0,15,7
browser-use,Amazon--22,C2,01,490,53,429,8
browser-use,Booking--33,C2,01,18,0,10,8
browser-use,Google_Flights--33,C2,01,47,0,45,2
browser-use,Apple--18,C2,01,14,0,8,6
browser-use,Amazon--23,C2,01,419,65,346,8
browser-use,BBC_News--34,C2,01,18,0,8,10
browser-use,Google_Flights--17,C2,01,45,0,40,5
browser-use,Coursera--2,C2,01,31,0,17,14
browser-use,Cambridge_Dictionary--22,C2,01,91,9,58,24
browser-use,Wolfram_Alpha--44,C2,01,13,0,8,5
browser-use,ESPN--1,C2,01,145,14,92,39
browser-use,Booking--0,C2,01,35,0,22,13
browser-use,Wolfram_Alpha--7,C2,01,16,0,8,8
browser-use,Google_Search--24,C2,01,19,0,8,11
browser-use,ArXiv--0,C2,01,13,0,8,5
browser-use,Coursera--33,C2,01,208,4,201,3
browser-use,ESPN--26,C2,01,149,12,100,37
browser-use,GitHub--37,C2,01,23,0,15,8
browser-use,Booking--18,C2,01,152,13,106,33
browser-use,Huggingface--39,C2,01,171,0,171,0
browser-use,Wolfram_Alpha--45,C2,01,13,0,8,5
browser-use,Coursera--39,C2,01,24,0,12,12
browser-use,Google_Search--28,C2,01,22,0,15,7
browser-use,GitHub--36,C2,01,74,0,71,3
browser-use,GitHub--19,C2,01,62,0,58,4
browser-use,ArXiv--38,C2,01,13,0,8,5
browser-use,Apple--5,C2,01,28,0,15,13
browser-use,Allrecipes--20,C2,01,706,86,353,267
browser-use,BBC_News--0,C2,01,95,0,88,7
browser-use,Google_Flights--32,C2,01,106,0,100,6
browser-use,Cambridge_Dictionary--9,C2,01,96,9,64,23
browser-use,ArXiv--28,C2,01,10,0,9,1
browser-use,Allrecipes--4,C2,01,20,0,10,10
browser-use,Google_Search--11,C2,01,14,0,8,6
browser-use,Allrecipes--25,C2,01,756,62,427,267
browser-use,Google_Search--22,C2,01,89,16,67,6
browser-use,ESPN--14,C2,01,117,6,79,32
browser-use,ArXiv--16,C2,01,22,0,20,2
browser-use,Allrecipes--13,C2,01,1308,110,795,403
browser-use,ESPN--9,C2,01,125,10,80,35
browser-use,Apple--12,C2,01,53,0,44,9
browser-use,Huggingface--8,C2,01,18,0,8,10
browser-use,Cambridge_Dictionary--26,C2,01,98,9,66,23
browser-use,Wolfram_Alpha--23,C2,01,155,0,112,43
browser-use,GitHub--38,C2,01,69,0,65,4
browser-use,Wolfram_Alpha--15,C2,01,13,0,8,5
browser-use,ArXiv--42,C2,01,13,0,8,5
browser-use,Booking--43,C2,01,4,2,1,1
browser-use,Apple--26,C2,01,30,0,15,15
browser-use,Apple--11,C2,01,33,0,21,12
browser-use,Allrecipes--42,C2,01,888,69,479,340
browser-use,ArXiv--18,C2,01,13,0,8,5
browser-use,ESPN--21,C2,01,136,10,90,36
browser-use,Allrecipes--26,C2,01,1009,88,552,369
browser-use,Google_Search--10,C2,01,13,0,8,5
browser-use,BBC_News--24,C2,01,419,25,342,52
browser-use,Google_Flights--38,C2,01,49,0,47,2
browser-use,ArXiv--10,C2,01,18,4,14,0
browser-use,Amazon--17,C2,01,334,23,303,8
browser-use,GitHub--12,C2,01,86,0,83,3
browser-use,Coursera--31,C2,01,188,7,179,2
browser-use,Wolfram_Alpha--9,C2,01,18,0,8,10
browser-use,ArXiv--32,C2,01,6,0,3,3
browser-use,ESPN--43,C2,01,13,0,8,5
browser-use,Huggingface--17,C2,01,168,0,168,0
browser-use,Google_Flights--30,C2,01,61,0,59,2
browser-use,Google_Map--10,C2,01,13,0,8,5
browser-use,Apple--8,C2,01,30,0,15,15
browser-use,Cambridge_Dictionary--28,C2,01,92,9,58,25
browser-use,Allrecipes--37,C2,01,746,58,412,276
browser-use,Apple--29,C2,01,323,2,286,35
browser-use,BBC_News--26,C2,01,13,0,8,5
browser-use,Amazon--11,C2,01,410,52,350,8
browser-use,Google_Flights--26,C2,01,41,0,36,5
browser-use,ESPN--42,C2,01,31,0,22,9
browser-use,Google_Search--25,C2,01,25,0,8,17
browser-use,Google_Flights--23,C2,01,39,0,37,2
browser-use,Google_Flights--18,C2,01,71,0,66,5
browser-use,Wolfram_Alpha--30,C2,01,13,0,8,5
browser-use,Allrecipes--40,C2,01,425,31,207,187
browser-use,Google_Map--21,C2,01,297,0,286,11
browser-use,ESPN--11,C2,01,18,0,8,10
browser-use,ArXiv--12,C2,01,13,0,8,5
browser-use,Huggingface--37,C2,01,82,0,67,15
browser-use,Amazon--7,C2,01,374,31,335,8
browser-use,Coursera--41,C2,01,108,1,105,2
browser-use,Google_Flights--34,C2,01,68,0,66,2
browser-use,Google_Flights--5,C2,01,49,0,44,5
browser-use,ArXiv--15,C2,01,10,0,5,5
browser-use,ArXiv--29,C2,01,3,0,1,2
browser-use,Booking--8,C2,01,16,0,8,8
browser-use,Cambridge_Dictionary--12,C2,01,26,0,15,11
browser-use,Apple--31,C2,01,25,0,17,8
browser-use,ESPN--2,C2,01,106,7,74,25
browser-use,Allrecipes--31,C2,01,1267,88,681,498
browser-use,Google_Search--4,C2,01,0,0,0,0
browser-use,Coursera--17,C2,01,193,4,187,2
browser-use,ESPN--39,C2,01,13,0,8,5
browser-use,Google_Search--20,C2,01,20,0,10,10
browser-use,Wolfram_Alpha--6,C2,01,13,0,8,5
browser-use,BBC_News--33,C2,01,361,34,291,36
browser-use,Google_Flights--11,C2,01,59,0,57,2
browser-use,ArXiv--1,C2,01,4,0,2,2
browser-use,Allrecipes--22,C2,01,1416,111,805,500
browser-use,Coursera--9,C2,01,184,5,177,2
browser-use,ESPN--36,C2,01,13,0,8,5
browser-use,Google_Map--19,C2,01,555,0,549,6
browser-use,Huggingface--42,C2,01,23,0,15,8
browser-use,Amazon--13,C2,01,533,36,483,14
browser-use,Wolfram_Alpha--5,C2,01,57,0,41,16
browser-use,Amazon--34,C2,01,489,38,443,8
browser-use,Amazon--27,C2,01,490,35,447,8
browser-use,Amazon--10,C2,01,556,40,504,12
browser-use,GitHub--9,C2,01,52,0,49,3
browser-use,ESPN--13,C2,01,75,6,53,16
browser-use,ArXiv--40,C2,01,0,0,0,0
browser-use,Apple--38,C2,01,29,0,17,12
browser-use,Google_Flights--21,C2,01,35,0,33,2
browser-use,Coursera--26,C2,01,175,4,169,2
browser-use,Amazon--32,C2,01,728,58,661,9
browser-use,BBC_News--16,C2,01,13,0,8,5
browser-use,Allrecipes--10,C2,01,19,0,8,11
browser-use,Booking--37,C2,01,30,0,15,15
browser-use,Apple--19,C2,01,237,1,212,24
browser-use,Wolfram_Alpha--17,C2,01,22,0,15,7
browser-use,ArXiv--5,C2,01,8,0,4,4
browser-use,GitHub--2,C2,01,24,0,21,3
browser-use,ESPN--33,C2,01,22,0,15,7
browser-use,Google_Search--1,C2,01,18,0,8,10
browser-use,Cambridge_Dictionary--25,C2,01,89,9,57,23
browser-use,Coursera--11,C2,01,169,4,163,2
browser-use,Wolfram_Alpha--21,C2,01,72,0,50,22
browser-use,Booking--40,C2,01,24,0,8,16
browser-use,Google_Flights--16,C2,01,47,0,45,2
browser-use,Google_Flights--20,C2,01,116,0,98,18
browser-use,Amazon--38,C2,01,480,50,404,26
browser-use,Apple--22,C2,01,63,0,31,32
browser-use,Google_Map--27,C2,01,360,0,357,3
browser-use,Google_Flights--1,C2,01,32,0,27,5
browser-use,ESPN--10,C2,01,165,15,93,57
browser-use,Wolfram_Alpha--31,C2,01,62,0,46,16
browser-use,ESPN--23,C2,01,65,0,54,11
browser-use,Huggingface--18,C2,01,18,0,10,8
browser-use,Booking--24,C2,01,320,0,311,9
browser-use,Wolfram_Alpha--4,C2,01,67,0,53,14
browser-use,Cambridge_Dictionary--24,C2,01,85,9,53,23
browser-use,BBC_News--40,C2,01,241,26,199,16
browser-use,Booking--2,C2,01,21,0,8,13
browser-use,Apple--6,C2,01,170,1,149,20
browser-use,GitHub--27,C2,01,42,0,38,4
browser-use,Google_Flights--39,C2,01,51,0,46,5
browser-use,Amazon--37,C2,01,441,33,400,8
browser-use,Google_Flights--28,C2,01,56,0,54,2
browser-use,Booking--26,C2,01,389,60,263,66
browser-use,Apple--9,C2,01,186,2,117,67
browser-use,Allrecipes--11,C2,01,839,78,435,326
browser-use,Booking--4,C2,01,147,13,106,28
browser-use,Coursera--30,C2,01,181,4,175,2
browser-use,Allrecipes--30,C2,01,882,107,502,273
browser-use,Apple--39,C2,01,279,0,258,21
browser-use,Google_Search--0,C2,01,27,0,15,12
browser-use,Allrecipes--41,C2,01,15,0,8,7
browser-use,BBC_News--13,C2,01,24,0,9,15
browser-use,Booking--31,C2,01,303,36,228,39
browser-use,Allrecipes--6,C2,01,729,34,433,262
browser-use,ArXiv--37,C2,01,13,0,8,5
browser-use,Allrecipes--9,C2,01,33,0,15,18
browser-use,Cambridge_Dictionary--18,C2,01,92,9,59,24
browser-use,Google_Flights--0,C2,01,23,0,15,8
browser-use,Apple--24,C2,01,290,1,253,36
browser-use,Coursera--4,C2,01,176,7,167,2
browser-use,Amazon--0,C2,01,62,0,53,9
browser-use,BBC_News--14,C2,01,273,15,217,41
browser-use,Huggingface--20,C2,01,109,0,109,0
browser-use,Booking--6,C2,01,149,13,104,32
browser-use,Coursera--25,C2,01,171,4,165,2
browser-use,Cambridge_Dictionary--0,C2,01,87,9,55,23
browser-use,Google_Flights--7,C2,01,57,3,13,41
browser-use,GitHub--35,C2,01,27,0,17,10
browser-use,Google_Map--22,C2,01,13,0,8,5
browser-use,Huggingface--9,C2,01,121,0,121,0
browser-use,Apple--1,C2,01,21,0,10,11
browser-use,Coursera--34,C2,01,26,0,16,10
browser-use,BBC_News--17,C2,01,348,33,281,34
browser-use,Wolfram_Alpha--26,C2,01,13,0,8,5
browser-use,Wolfram_Alpha--35,C2,01,13,0,8,5
browser-use,ESPN--27,C2,01,91,8,56,27
browser-use,BBC_News--6,C2,01,261,21,208,32
browser-use,Coursera--20,C2,01,184,5,177,2
browser-use,Wolfram_Alpha--22,C2,01,13,0,8,5
browser-use,Google_Map--20,C2,01,337,0,326,11
browser-use,Google_Map--39,C2,01,899,0,893,6
browser-use,Google_Flights--24,C2,01,67,0,65,2
browser-use,Huggingface--27,C2,01,83,0,83,0
browser-use,Google_Search--19,C2,01,29,0,19,10
browser-use,Wolfram_Alpha--10,C2,01,33,0,22,11
browser-use,Coursera--16,C2,01,18,0,10,8
browser-use,Cambridge_Dictionary--8,C2,01,86,9,54,23
browser-use,Apple--14,C2,01,231,1,169,61
browser-use,Huggingface--33,C2,01,16,0,8,8
browser-use,BBC_News--2,C2,01,13,0,8,5
browser-use,Google_Map--24,C2,01,340,0,331,9
browser-use,Wolfram_Alpha--37,C5,01,0,0,0,0
browser-use,Booking--41,C5,01,201,12,141,48
browser-use,Booking--39,C5,01,851,47,680,124
browser-use,Amazon--15,C5,01,519,40,398,81
browser-use,Google_Search--39,C5,01,1311,70,795,446
browser-use,Coursera--19,C5,01,177,4,171,2
browser-use,Google_Search--9,C5,01,780,10,614,156
browser-use,Google_Map--7,C5,01,562,6,483,73
browser-use,Coursera--18,C5,01,209,4,203,2
browser-use,Cambridge_Dictionary--6,C5,01,106,9,60,37
browser-use,Google_Map--38,C5,01,758,0,753,5
browser-use,Huggingface--32,C5,01,424,0,418,6
browser-use,Google_Flights--41,C5,01,41,0,39,2
browser-use,ESPN--35,C5,01,439,35,257,147
browser-use,Booking--5,C5,01,285,26,190,69
browser-use,GitHub--32,C5,01,64,0,60,4
browser-use,BBC_News--19,C5,01,303,36,231,36
browser-use,Google_Search--37,C5,01,559,5,484,70
browser-use,Coursera--28,C5,01,148,2,144,2
browser-use,Google_Map--30,C5,01,1371,49,962,360
browser-use,Amazon--12,C5,01,614,39,493,82
browser-use,Amazon--30,C5,01,723,82,557,84
browser-use,Coursera--27,C5,01,169,4,163,2
browser-use,Google_Search--34,C5,01,226,15,158,53
browser-use,Wolfram_Alpha--18,C5,01,630,15,511,104
browser-use,Allrecipes--1,C5,01,315,26,149,140
browser-use,Apple--42,C5,01,175,1,149,25
browser-use,Huggingface--26,C5,01,345,0,339,6
browser-use,Coursera--0,C5,01,719,9,642,68
browser-use,Cambridge_Dictionary--5,C5,01,1096,33,699,364
browser-use,BBC_News--21,C5,01,450,26,271,153
browser-use,Google_Map--11,C5,01,555,7,485,63
browser-use,Booking--1,C5,01,220,14,147,59
browser-use,BBC_News--7,C5,01,427,16,298,113
browser-use,Amazon--35,C5,01,694,59,523,112
browser-use,Allrecipes--23,C5,01,75,0,65,10
browser-use,Google_Map--1,C5,01,1215,6,1134,75
browser-use,Huggingface--3,C5,01,166,0,162,4
browser-use,BBC_News--31,C5,01,680,20,470,190
browser-use,Coursera--1,C5,01,215,4,209,2
browser-use,Allrecipes--0,C5,01,210,1,188,21
browser-use,Cambridge_Dictionary--13,C5,01,114,9,68,37
browser-use,Coursera--36,C5,01,169,2,165,2
browser-use,Allrecipes--32,C5,01,33,0,26,7
browser-use,Google_Flights--36,C5,01,44,0,42,2
browser-use,ESPN--5,C5,01,794,19,619,156
browser-use,Google_Map--18,C5,01,260,0,255,5
browser-use,Google_Search--8,C5,01,133,4,111,18
browser-use,Booking--35,C5,01,250,15,174,61
browser-use,GitHub--8,C5,01,586,5,508,73
browser-use,Amazon--39,C5,01,664,46,538,80
browser-use,Allrecipes--2,C5,01,794,22,580,192
browser-use,Google_Map--16,C5,01,1278,68,798,412
browser-use,BBC_News--28,C5,01,289,18,231,40
browser-use,Google_Map--34,C5,01,863,41,660,162
browser-use,Booking--12,C5,01,183,14,118,51
browser-use,Wolfram_Alpha--38,C5,01,623,5,550,68
browser-use,Cambridge_Dictionary--38,C5,01,112,9,66,37
browser-use,BBC_News--29,C5,01,828,49,531,248
browser-use,GitHub--0,C5,01,63,0,60,3
browser-use,GitHub--14,C5,01,452,4,403,45
browser-use,Amazon--26,C5,01,504,48,386,70
browser-use,ArXiv--4,C5,01,8,0,5,3
browser-use,Google_Search--35,C5,01,283,54,154,75
browser-use,Google_Flights--31,C5,01,715,23,536,156
browser-use,ESPN--24,C5,01,651,41,315,295
browser-use,Google_Flights--6,C5,01,73,0,71,2
browser-use,Google_Map--12,C5,01,1137,52,767,318
browser-use,Cambridge_Dictionary--42,C5,01,331,19,133,179
browser-use,ArXiv--21,C5,01,10,0,5,5
browser-use,BBC_News--11,C5,01,203,14,69,120
browser-use,Allrecipes--34,C5,01,25,0,23,2
browser-use,GitHub--31,C5,01,59,0,51,8
browser-use,Allrecipes--43,C5,01,453,3,378,72
browser-use,Amazon--19,C5,01,467,25,358,84
browser-use,Google_Search--18,C5,01,836,5,616,215
browser-use,ArXiv--13,C5,01,4,0,2,2
browser-use,Cambridge_Dictionary--7,C5,01,401,20,165,216
browser-use,GitHub--7,C5,01,609,5,529,75
browser-use,Amazon--24,C5,01,807,93,632,82
browser-use,ESPN--20,C5,01,698,42,335,321
browser-use,Wolfram_Alpha--36,C5,01,587,3,515,69
browser-use,BBC_News--35,C5,01,145,0,104,41
browser-use,Huggingface--28,C5,01,271,0,268,3
browser-use,Allrecipes--29,C5,01,40,0,33,7
browser-use,BBC_News--9,C5,01,518,55,297,166
browser-use,GitHub--28,C5,01,105,0,98,7
browser-use,GitHub--39,C5,01,51,0,48,3
browser-use,Google_Search--36,C5,01,80,12,57,11
browser-use,Apple--28,C5,01,320,0,281,39
browser-use,Google_Flights--8,C5,01,51,0,46,5
browser-use,Huggingface--38,C5,01,163,1,152,10
browser-use,Google_Flights--10,C5,01,147,3,128,16
browser-use,GitHub--25,C5,01,75,0,71,4
browser-use,Allrecipes--19,C5,01,84,0,71,13
browser-use,BBC_News--1,C5,01,852,71,513,268
browser-use,Allrecipes--16,C5,01,425,1,373,51
browser-use,ArXiv--3,C5,01,0,0,0,0
browser-use,GitHub--26,C5,01,38,0,31,7
browser-use,BBC_News--18,C5,01,879,35,630,214
browser-use,ArXiv--2,C5,01,0,0,0,0
browser-use,Google_Map--36,C5,01,537,72,262,203
browser-use,ArXiv--35,C5,01,0,0,0,0
browser-use,Google_Search--13,C5,01,598,5,506,87
browser-use,ESPN--34,C5,01,267,13,147,107
browser-use,Google_Map--15,C5,01,573,6,491,76
browser-use,Google_Flights--37,C5,01,48,0,46,2
browser-use,Google_Search--7,C5,01,1668,5,1509,154
browser-use,ArXiv--27,C5,01,0,0,0,0
browser-use,Google_Map--32,C5,01,690,0,683,7
browser-use,Amazon--36,C5,01,507,54,375,78
browser-use,Apple--37,C5,01,665,5,571,89
browser-use,Google_Search--3,C5,01,57,0,28,29
browser-use,Huggingface--23,C5,01,861,0,857,4
browser-use,Apple--40,C5,01,134,1,120,13
browser-use,ArXiv--25,C5,01,346,1,316,29
browser-use,Amazon--8,C5,01,533,45,399,89
browser-use,ESPN--16,C5,01,1846,87,1107,652
browser-use,ESPN--17,C5,01,214,11,114,89
browser-use,ESPN--37,C5,01,95,0,37,58
browser-use,Coursera--10,C5,01,217,4,211,2
browser-use,Allrecipes--33,C5,01,453,3,379,71
browser-use,Allrecipes--44,C5,01,618,12,489,117
browser-use,Google_Map--35,C5,01,653,9,519,125
browser-use,Allrecipes--14,C5,01,458,3,384,71
browser-use,Allrecipes--7,C5,01,565,5,486,74
browser-use,Huggingface--7,C5,01,80,0,80,0
browser-use,Coursera--22,C5,01,179,4,173,2
browser-use,Apple--34,C5,01,455,1,416,38
browser-use,Wolfram_Alpha--39,C5,01,294,0,242,52
browser-use,Google_Flights--4,C5,01,106,2,61,43
browser-use,Apple--3,C5,01,670,4,599,67
browser-use,Allrecipes--12,C5,01,30,0,23,7
browser-use,Amazon--25,C5,01,551,73,397,81
browser-use,Google_Map--2,C5,01,670,0,665,5
browser-use,GitHub--20,C5,01,417,5,365,47
browser-use,Google_Flights--19,C5,01,35,0,33,2
browser-use,Wolfram_Alpha--20,C5,01,0,0,0,0
browser-use,Allrecipes--27,C5,01,39,0,32,7
browser-use,Booking--13,C5,01,180,14,117,49
browser-use,Coursera--29,C5,01,107,2,102,3
browser-use,Huggingface--13,C5,01,628,5,554,69
browser-use,ESPN--3,C5,01,527,28,221,278
browser-use,Google_Flights--27,C5,01,44,0,42,2
browser-use,Apple--35,C5,01,222,1,124,97
browser-use,Huggingface--30,C5,01,143,0,138,5
browser-use,Cambridge_Dictionary--41,C5,01,751,6,648,97
browser-use,ESPN--31,C5,01,141,4,82,55
browser-use,Google_Search--33,C5,01,65,0,57,8
browser-use,ArXiv--30,C5,01,361,3,328,30
browser-use,BBC_News--37,C5,01,465,48,224,193
browser-use,Apple--20,C5,01,929,19,729,181
browser-use,GitHub--34,C5,01,53,0,50,3
browser-use,ArXiv--8,C5,01,36,4,31,1
browser-use,Coursera--23,C5,01,175,4,169,2
browser-use,Amazon--33,C5,01,994,86,824,84
browser-use,Allrecipes--24,C5,01,439,4,365,70
browser-use,Coursera--35,C5,01,230,5,223,2
browser-use,Wolfram_Alpha--41,C5,01,83,0,36,47
browser-use,GitHub--22,C5,01,139,0,133,6
browser-use,Cambridge_Dictionary--16,C5,01,193,9,110,74
browser-use,Google_Search--31,C5,01,719,5,508,206
browser-use,ESPN--41,C5,01,364,18,176,170
browser-use,Huggingface--41,C5,01,558,3,510,45
browser-use,Google_Search--30,C5,01,460,18,389,53
browser-use,BBC_News--3,C5,01,626,40,320,266
browser-use,Coursera--3,C5,01,169,2,165,2
browser-use,Wolfram_Alpha--27,C5,01,1946,162,1055,729
browser-use,Google_Map--8,C5,01,370,0,364,6
browser-use,Coursera--21,C5,01,213,4,207,2
browser-use,GitHub--16,C5,01,578,5,500,73
browser-use,Google_Map--3,C5,01,539,0,535,4
browser-use,Booking--19,C5,01,550,88,368,94
browser-use,Booking--29,C5,01,335,43,209,83
browser-use,Huggingface--16,C5,01,256,0,254,2
browser-use,Coursera--6,C5,01,188,4,181,3
browser-use,Huggingface--15,C5,01,122,0,119,3
browser-use,Cambridge_Dictionary--36,C5,01,614,11,516,87
browser-use,ArXiv--33,C5,01,0,0,0,0
browser-use,GitHub--18,C5,01,65,0,61,4
browser-use,ArXiv--17,C5,01,574,6,493,75
browser-use,Apple--2,C5,01,200,1,168,31
browser-use,Huggingface--10,C5,01,101,0,98,3
browser-use,GitHub--10,C5,01,685,13,547,125
browser-use,GitHub--6,C5,01,80,0,77,3
browser-use,Coursera--8,C5,01,150,2,141,7
browser-use,ArXiv--26,C5,01,4,0,2,2
browser-use,Wolfram_Alpha--8,C5,01,444,17,370,57
browser-use,Amazon--40,C5,01,703,46,544,113
browser-use,Apple--10,C5,01,180,0,167,13
browser-use,ArXiv--19,C5,01,70,12,53,5
browser-use,Coursera--13,C5,01,171,4,165,2
browser-use,BBC_News--4,C5,01,501,31,387,83
browser-use,GitHub--15,C5,01,107,0,103,4
browser-use,ESPN--6,C5,01,672,38,307,327
browser-use,Cambridge_Dictionary--35,C5,01,109,9,62,38
browser-use,ESPN--30,C5,01,207,13,109,85
browser-use,Huggingface--40,C5,01,59,0,53,6
browser-use,Booking--15,C5,01,198,15,134,49
browser-use,Wolfram_Alpha--2,C5,01,941,21,768,152
browser-use,Booking--14,C5,01,183,14,115,54
browser-use,Google_Search--16,C5,01,1337,13,1145,179
browser-use,Apple--16,C5,01,185,1,159,25
browser-use,Booking--32,C5,01,350,46,228,76
browser-use,Cambridge_Dictionary--27,C5,01,298,10,233,55
browser-use,GitHub--23,C5,01,39,0,31,8
browser-use,Coursera--38,C5,01,150,2,140,8
browser-use,Huggingface--36,C5,01,27,0,21,6
browser-use,ESPN--29,C5,01,821,41,386,394
browser-use,Booking--16,C5,01,385,43,257,85
browser-use,Google_Search--14,C5,01,1012,27,678,307
browser-use,Google_Search--32,C5,01,505,4,389,112
browser-use,Wolfram_Alpha--19,C5,01,703,32,567,104
browser-use,Coursera--32,C5,01,181,2,177,2
browser-use,Huggingface--6,C5,01,304,0,296,8
browser-use,Google_Map--37,C5,01,840,24,688,128
browser-use,Google_Flights--22,C5,01,564,5,486,73
browser-use,Booking--20,C5,01,195,14,128,53
browser-use,Wolfram_Alpha--24,C5,01,0,0,0,0
browser-use,Amazon--16,C5,01,607,57,439,111
browser-use,Amazon--3,C5,01,15,0,9,6
browser-use,Cambridge_Dictionary--2,C5,01,1901,72,1157,672
browser-use,BBC_News--36,C5,01,17,6,11,0
browser-use,Coursera--7,C5,01,149,2,145,2
browser-use,GitHub--5,C5,01,86,0,82,4
browser-use,Huggingface--12,C5,01,335,0,329,6
browser-use,Wolfram_Alpha--11,C5,01,604,10,512,82
browser-use,Cambridge_Dictionary--19,C5,01,124,9,78,37
browser-use,ESPN--38,C5,01,51,4,32,15
browser-use,Google_Map--23,C5,01,700,0,694,6
browser-use,Apple--15,C5,01,295,1,242,52
browser-use,GitHub--24,C5,01,78,0,70,8
browser-use,Booking--9,C5,01,180,14,117,49
browser-use,BBC_News--8,C5,01,586,23,491,72
browser-use,BBC_News--41,C5,01,299,22,230,47
browser-use,Cambridge_Dictionary--31,C5,01,100,6,65,29
browser-use,Wolfram_Alpha--40,C5,01,576,5,492,79
browser-use,Wolfram_Alpha--16,C5,01,553,6,474,73
browser-use,Google_Map--5,C5,01,902,35,732,135
browser-use,ESPN--7,C5,01,429,36,248,145
browser-use,Google_Flights--9,C5,01,580,9,521,50
browser-use,Booking--30,C5,01,342,45,224,73
browser-use,ArXiv--39,C5,01,712,9,623,80
browser-use,ArXiv--34,C5,01,5,0,2,3
browser-use,ESPN--25,C5,01,1833,85,968,780
browser-use,Coursera--14,C5,01,179,4,173,2
browser-use,Allrecipes--38,C5,01,35,0,25,10
browser-use,Cambridge_Dictionary--11,C5,01,435,18,235,182
browser-use,Google_Flights--15,C5,01,64,0,59,5
browser-use,ESPN--19,C5,01,573,11,494,68
browser-use,Google_Map--13,C5,01,673,22,549,102
browser-use,Booking--21,C5,01,194,14,124,56
browser-use,Booking--23,C5,01,318,36,218,64
browser-use,Booking--36,C5,01,398,49,271,78
browser-use,BBC_News--22,C5,01,683,42,430,211
browser-use,Allrecipes--5,C5,01,409,3,369,37
browser-use,Wolfram_Alpha--14,C5,01,567,9,484,74
browser-use,Coursera--40,C5,01,672,5,589,78
browser-use,Huggingface--11,C5,01,313,0,304,9
browser-use,Google_Map--17,C5,01,981,37,671,273
browser-use,GitHub--40,C5,01,43,0,37,6
browser-use,Google_Search--42,C5,01,3058,142,1969,947
browser-use,Wolfram_Alpha--25,C5,01,0,0,0,0
browser-use,Booking--11,C5,01,534,82,355,97
browser-use,Amazon--31,C5,01,522,46,398,78
browser-use,Amazon--6,C5,01,620,44,496,80
browser-use,GitHub--33,C5,01,573,6,491,76
browser-use,ArXiv--36,C5,01,12,0,6,6
browser-use,Booking--10,C5,01,189,14,120,55
browser-use,Google_Search--15,C5,01,67,2,50,15
browser-use,Booking--22,C5,01,175,14,109,52
browser-use,Allrecipes--39,C5,01,33,0,26,7
browser-use,Cambridge_Dictionary--39,C5,01,802,13,571,218
browser-use,BBC_News--20,C5,01,383,26,298,59
browser-use,Google_Flights--2,C5,01,178,1,163,14
browser-use,Allrecipes--35,C5,01,787,7,657,123
browser-use,Allrecipes--18,C5,01,37,0,30,7
browser-use,Cambridge_Dictionary--40,C5,01,1046,48,525,473
browser-use,Google_Search--26,C5,01,390,1,330,59
browser-use,Google_Search--38,C5,01,555,6,482,67
browser-use,Apple--27,C5,01,168,1,117,50
browser-use,Booking--27,C5,01,188,14,122,52
browser-use,Google_Flights--40,C5,01,53,0,51,2
browser-use,Google_Map--25,C5,01,650,17,537,96
browser-use,Google_Search--27,C5,01,146,4,135,7
browser-use,Amazon--5,C5,01,645,73,487,85
browser-use,Google_Search--2,C5,01,682,17,555,110
browser-use,Google_Search--40,C5,01,1023,14,827,182
browser-use,Wolfram_Alpha--28,C5,01,659,5,516,138
browser-use,Amazon--1,C5,01,1122,47,906,169
browser-use,Google_Flights--29,C5,01,55,0,53,2
browser-use,Google_Search--23,C5,01,126,0,68,58
browser-use,ESPN--0,C5,01,501,25,203,273
browser-use,Booking--3,C5,01,425,48,296,81
browser-use,BBC_News--27,C5,01,395,38,266,91
browser-use,Wolfram_Alpha--3,C5,01,56,0,40,16
browser-use,Wolfram_Alpha--34,C5,01,114,0,89,25
browser-use,ESPN--40,C5,01,1036,40,680,316
browser-use,ArXiv--6,C5,01,615,2,554,59
browser-use,Booking--17,C5,01,186,14,117,55
browser-use,GitHub--4,C5,01,71,0,67,4
browser-use,Google_Map--29,C5,01,985,3,933,49
browser-use,Cambridge_Dictionary--32,C5,01,123,9,71,43
browser-use,GitHub--29,C5,01,43,0,33,10
browser-use,Wolfram_Alpha--29,C5,01,40,0,27,13
browser-use,Huggingface--4,C5,01,334,0,324,10
browser-use,Huggingface--35,C5,01,166,0,163,3
browser-use,Apple--36,C5,01,167,0,157,10
browser-use,Cambridge_Dictionary--4,C5,01,639,12,528,99
browser-use,Apple--23,C5,01,189,1,166,22
browser-use,BBC_News--30,C5,01,234,1,210,23
browser-use,Google_Search--5,C5,01,173,7,108,58
browser-use,Huggingface--22,C5,01,221,2,208,11
browser-use,Cambridge_Dictionary--15,C5,01,518,11,470,37
browser-use,Huggingface--0,C5,01,306,0,300,6
browser-use,Amazon--2,C5,01,166,2,76,88
browser-use,Booking--38,C5,01,179,14,117,48
browser-use,Google_Search--41,C5,01,976,21,788,167
browser-use,Wolfram_Alpha--13,C5,01,488,10,376,102
browser-use,Cambridge_Dictionary--17,C5,01,633,13,526,94
browser-use,Wolfram_Alpha--12,C5,01,672,5,561,106
browser-use,Cambridge_Dictionary--20,C5,01,101,9,56,36
browser-use,Amazon--29,C5,01,674,47,516,111
browser-use,Huggingface--5,C5,01,338,0,332,6
browser-use,Cambridge_Dictionary--21,C5,01,109,9,67,33
browser-use,Cambridge_Dictionary--23,C5,01,123,9,71,43
browser-use,BBC_News--15,C5,01,137,0,100,37
browser-use,ArXiv--22,C5,01,561,11,481,69
browser-use,Google_Map--33,C5,01,68,2,50,16
browser-use,ArXiv--31,C5,01,4,0,2,2
browser-use,BBC_News--10,C5,01,268,17,217,34
browser-use,Cambridge_Dictionary--3,C5,01,68,7,50,11
browser-use,Cambridge_Dictionary--10,C5,01,142,10,121,11
browser-use,Apple--21,C5,01,222,3,125,94
browser-use,Amazon--21,C5,01,818,77,626,115
browser-use,Google_Search--6,C5,01,1293,14,1037,242
browser-use,ESPN--8,C5,01,752,40,360,352
browser-use,ESPN--12,C5,01,1513,58,828,627
browser-use,Wolfram_Alpha--42,C5,01,0,0,0,0
browser-use,Huggingface--34,C5,01,736,3,689,44
browser-use,Google_Flights--35,C5,01,60,0,58,2
browser-use,Wolfram_Alpha--1,C5,01,729,41,605,83
browser-use,Apple--33,C5,01,695,4,631,60
browser-use,Google_Search--29,C5,01,164,0,120,44
browser-use,BBC_News--5,C5,01,120,0,91,29
browser-use,Coursera--37,C5,01,169,5,161,3
browser-use,ArXiv--20,C5,01,23,0,21,2
browser-use,Apple--0,C5,01,297,2,260,35
browser-use,Google_Search--21,C5,01,572,3,495,74
browser-use,Apple--17,C5,01,175,1,93,81
browser-use,Wolfram_Alpha--43,C5,01,467,17,315,135
browser-use,Apple--41,C5,01,153,1,81,71
browser-use,Apple--13,C5,01,549,2,457,90
browser-use,Google_Map--9,C5,01,995,21,860,114
browser-use,Amazon--28,C5,01,651,62,509,80
browser-use,Google_Map--28,C5,01,312,0,307,5
browser-use,BBC_News--23,C5,01,1056,81,586,389
browser-use,ESPN--4,C5,01,284,25,170,89
browser-use,Google_Search--12,C5,01,1121,39,720,362
browser-use,Amazon--4,C5,01,713,53,548,112
browser-use,Google_Map--0,C5,01,441,4,407,30
browser-use,ArXiv--7,C5,01,0,0,0,0
browser-use,Amazon--20,C5,01,596,61,424,111
browser-use,Huggingface--25,C5,01,88,0,80,8
browser-use,Google_Map--31,C5,01,560,0,554,6
browser-use,Wolfram_Alpha--0,C5,01,0,0,0,0
browser-use,Apple--30,C5,01,284,3,238,43
browser-use,Huggingface--31,C5,01,321,0,315,6
browser-use,Wolfram_Alpha--32,C5,01,87,0,62,25
browser-use,Allrecipes--21,C5,01,445,4,367,74
browser-use,Google_Map--4,C5,01,335,11,298,26
browser-use,GitHub--30,C5,01,119,0,116,3
browser-use,GitHub--3,C5,01,41,0,31,10
browser-use,Amazon--9,C5,01,461,28,351,82
browser-use,Huggingface--14,C5,01,47,0,40,7
browser-use,Huggingface--1,C5,01,94,0,90,4
browser-use,Cambridge_Dictionary--37,C5,01,552,12,434,106
browser-use,Allrecipes--8,C5,01,32,0,30,2
browser-use,Cambridge_Dictionary--1,C5,01,809,17,645,147
browser-use,Amazon--18,C5,01,412,20,310,82
browser-use,Huggingface--29,C5,01,316,0,307,9
browser-use,Amazon--14,C5,01,797,59,654,84
browser-use,ESPN--18,C5,01,613,42,278,293
browser-use,Google_Search--17,C5,01,1046,13,797,236
browser-use,ArXiv--41,C5,01,621,7,542,72
browser-use,Google_Flights--3,C5,01,64,0,62,2
browser-use,BBC_News--38,C5,01,1019,16,793,210
browser-use,Coursera--5,C5,01,175,4,169,2
browser-use,Coursera--15,C5,01,187,4,181,2
browser-use,ESPN--28,C5,01,112,0,62,50
browser-use,Google_Map--14,C5,01,773,5,691,77
browser-use,Cambridge_Dictionary--29,C5,01,131,9,85,37
browser-use,Huggingface--19,C5,01,246,0,244,2
browser-use,BBC_News--25,C5,01,649,49,393,207
browser-use,Huggingface--21,C5,01,87,0,77,10
browser-use,Allrecipes--28,C5,01,38,0,28,10
browser-use,GitHub--11,C5,01,55,0,51,4
browser-use,ArXiv--14,C5,01,5,0,3,2
browser-use,Allrecipes--15,C5,01,35,0,27,8
browser-use,Coursera--24,C5,01,209,4,203,2
browser-use,Google_Map--26,C5,01,924,0,918,6
browser-use,Apple--25,C5,01,245,1,161,83
browser-use,Wolfram_Alpha--33,C5,01,109,0,109,0
browser-use,Apple--4,C5,01,780,7,676,97
browser-use,BBC_News--39,C5,01,571,14,547,10
browser-use,Google_Flights--14,C5,01,215,15,165,35
browser-use,Google_Map--40,C5,01,675,11,574,90
browser-use,Booking--42,C5,01,348,46,226,76
browser-use,BBC_News--12,C5,01,82,0,61,21
browser-use,ArXiv--11,C5,01,518,4,466,48
browser-use,GitHub--21,C5,01,90,4,76,10
browser-use,Google_Map--6,C5,01,1019,42,772,205
browser-use,BBC_News--32,C5,01,670,23,590,57
browser-use,GitHub--17,C5,01,79,0,75,4
browser-use,Cambridge_Dictionary--14,C5,01,107,9,63,35
browser-use,ArXiv--24,C5,01,21,0,20,1
browser-use,Cambridge_Dictionary--30,C5,01,133,9,77,47
browser-use,Google_Flights--12,C5,01,58,0,56,2
browser-use,Allrecipes--36,C5,01,450,3,376,71
browser-use,Google_Flights--25,C5,01,48,0,46,2
browser-use,ESPN--22,C5,01,498,7,404,87
browser-use,Booking--7,C5,01,184,14,117,53
browser-use,Apple--32,C5,01,63,0,39,24
browser-use,Booking--25,C5,01,338,43,216,79
browser-use,GitHub--1,C5,01,55,0,52,3
browser-use,Huggingface--2,C5,01,117,0,113,4
browser-use,Allrecipes--3,C5,01,24,0,16,8
browser-use,Booking--34,C5,01,185,14,122,49
browser-use,Booking--28,C5,01,177,14,109,54
browser-use,ESPN--15,C5,01,93,4,71,18
browser-use,Coursera--12,C5,01,176,4,169,3
browser-use,Apple--7,C5,01,689,16,574,99
browser-use,ESPN--32,C5,01,257,11,122,124
browser-use,Google_Flights--13,C5,01,49,0,47,2
browser-use,GitHub--13,C5,01,109,0,105,4
browser-use,ArXiv--9,C5,01,17,0,14,3
browser-use,Cambridge_Dictionary--34,C5,01,116,9,65,42
browser-use,Huggingface--24,C5,01,113,0,110,3
browser-use,Allrecipes--17,C5,01,467,4,419,44
browser-use,ArXiv--23,C5,01,6,0,3,3
browser-use,Cambridge_Dictionary--33,C5,01,115,9,63,43
browser-use,Amazon--22,C5,01,751,78,561,112
browser-use,Booking--33,C5,01,266,15,195,56
browser-use,Google_Flights--33,C5,01,61,0,59,2
browser-use,Apple--18,C5,01,54,0,30,24
browser-use,Amazon--23,C5,01,1112,136,889,87
browser-use,BBC_News--34,C5,01,1230,139,842,249
browser-use,Google_Flights--17,C5,01,627,7,506,114
browser-use,Coursera--2,C5,01,170,4,164,2
browser-use,Cambridge_Dictionary--22,C5,01,106,9,61,36
browser-use,Wolfram_Alpha--44,C5,01,561,5,484,72
browser-use,ESPN--1,C5,01,598,39,253,306
browser-use,Booking--0,C5,01,286,26,197,63
browser-use,Wolfram_Alpha--7,C5,01,0,0,0,0
browser-use,Google_Search--24,C5,01,181,0,117,64
browser-use,ArXiv--0,C5,01,13,0,11,2
browser-use,Coursera--33,C5,01,155,2,151,2
browser-use,ESPN--26,C5,01,366,23,208,135
browser-use,GitHub--37,C5,01,45,0,35,10
browser-use,Booking--18,C5,01,179,14,119,46
browser-use,Huggingface--39,C5,01,187,0,179,8
browser-use,Wolfram_Alpha--45,C5,01,1309,49,813,447
browser-use,Coursera--39,C5,01,192,4,181,7
browser-use,Google_Search--28,C5,01,1316,83,790,443
browser-use,GitHub--36,C5,01,129,0,126,3
browser-use,GitHub--19,C5,01,83,0,78,5
browser-use,ArXiv--38,C5,01,464,1,435,28
browser-use,Apple--5,C5,01,690,11,588,91
browser-use,Allrecipes--20,C5,01,462,3,384,75
browser-use,BBC_News--0,C5,01,380,32,285,63
browser-use,Google_Flights--32,C5,01,63,3,56,4
browser-use,Cambridge_Dictionary--9,C5,01,133,10,68,55
browser-use,ArXiv--28,C5,01,25,0,22,3
browser-use,Allrecipes--4,C5,01,829,17,710,102
browser-use,Google_Search--11,C5,01,532,0,427,105
browser-use,Allrecipes--25,C5,01,33,0,26,7
browser-use,Google_Search--22,C5,01,821,13,732,76
browser-use,ESPN--14,C5,01,813,51,412,350
browser-use,ArXiv--16,C5,01,22,0,20,2
browser-use,Allrecipes--13,C5,01,23,0,21,2
browser-use,ESPN--9,C5,01,612,46,277,289
browser-use,Apple--12,C5,01,176,0,159,17
browser-use,Huggingface--8,C5,01,955,14,785,156
browser-use,Cambridge_Dictionary--26,C5,01,246,16,115,115
browser-use,Wolfram_Alpha--23,C5,01,40,0,40,0
browser-use,GitHub--38,C5,01,85,0,80,5
browser-use,Wolfram_Alpha--15,C5,01,557,5,478,74
browser-use,ArXiv--42,C5,01,416,2,358,56
browser-use,Booking--43,C5,01,16,2,9,5
browser-use,Apple--26,C5,01,193,0,181,12
browser-use,Apple--11,C5,01,235,2,181,52
browser-use,Allrecipes--42,C5,01,244,1,218,25
browser-use,ArXiv--18,C5,01,608,14,517,77
browser-use,ESPN--21,C5,01,375,20,230,125
browser-use,Allrecipes--26,C5,01,31,0,24,7
browser-use,Google_Search--10,C5,01,3528,230,2113,1185
browser-use,BBC_News--24,C5,01,329,25,237,67
browser-use,Google_Flights--38,C5,01,52,0,47,5
browser-use,ArXiv--10,C5,01,29,4,19,6
browser-use,Amazon--17,C5,01,640,42,487,111
browser-use,GitHub--12,C5,01,59,0,51,8
browser-use,Coursera--31,C5,01,183,4,177,2
browser-use,Wolfram_Alpha--9,C5,01,867,25,697,145
browser-use,ArXiv--32,C5,01,24,0,21,3
browser-use,ESPN--43,C5,01,500,16,399,85
browser-use,Huggingface--17,C5,01,164,0,160,4
browser-use,Google_Flights--30,C5,01,35,0,33,2
browser-use,Google_Map--10,C5,01,0,0,0,0
browser-use,Apple--8,C5,01,597,5,520,72
browser-use,Cambridge_Dictionary--28,C5,01,107,9,62,36
browser-use,Allrecipes--37,C5,01,27,0,25,2
browser-use,Apple--29,C5,01,211,2,187,22
browser-use,BBC_News--26,C5,01,327,20,241,66
browser-use,Amazon--11,C5,01,808,75,618,115
browser-use,Google_Flights--26,C5,01,57,0,55,2
browser-use,ESPN--42,C5,01,118,6,69,43
browser-use,Google_Search--25,C5,01,161,10,109,42
browser-use,Google_Flights--23,C5,01,38,0,36,2
browser-use,Google_Flights--18,C5,01,567,4,489,74
browser-use,Wolfram_Alpha--30,C5,01,663,15,547,101
browser-use,Allrecipes--40,C5,01,951,6,777,168
browser-use,Google_Map--21,C5,01,545,0,542,3
browser-use,ESPN--11,C5,01,45,4,26,15
browser-use,ArXiv--12,C5,01,69,6,57,6
browser-use,Huggingface--37,C5,01,313,0,305,8
browser-use,Amazon--7,C5,01,682,50,532,100
browser-use,Coursera--41,C5,01,111,1,108,2
browser-use,Google_Flights--34,C5,01,342,38,179,125
browser-use,Google_Flights--5,C5,01,63,0,61,2
browser-use,ArXiv--15,C5,01,18,2,13,3
browser-use,ArXiv--29,C5,01,4,0,2,2
browser-use,Booking--8,C5,01,1032,23,821,188
browser-use,Cambridge_Dictionary--12,C5,01,114,9,67,38
browser-use,Apple--31,C5,01,724,5,621,98
browser-use,ESPN--2,C5,01,1183,48,755,380
browser-use,Allrecipes--31,C5,01,302,1,264,37
browser-use,Google_Search--4,C5,01,515,22,212,281
browser-use,Coursera--17,C5,01,150,2,146,2
browser-use,ESPN--39,C5,01,1016,33,657,326
browser-use,Google_Search--20,C5,01,109,0,62,47
browser-use,Wolfram_Alpha--6,C5,01,79,0,63,16
browser-use,BBC_News--33,C5,01,1076,69,646,361
browser-use,Google_Flights--11,C5,01,85,0,80,5
browser-use,ArXiv--1,C5,01,4,0,2,2
browser-use,Allrecipes--22,C5,01,465,4,383,78
browser-use,Coursera--9,C5,01,195,4,189,2
browser-use,ESPN--36,C5,01,783,3,599,181
browser-use,Google_Map--19,C5,01,1213,17,973,223
browser-use,Huggingface--42,C5,01,814,6,731,77
browser-use,Amazon--13,C5,01,648,40,507,101
browser-use,Wolfram_Alpha--5,C5,01,33,0,33,0
browser-use,Amazon--34,C5,01,472,54,340,78
browser-use,Amazon--27,C5,01,606,64,436,106
browser-use,Amazon--10,C5,01,1207,123,996,88
browser-use,GitHub--9,C5,01,38,0,34,4
browser-use,ESPN--13,C5,01,903,44,461,398
browser-use,ArXiv--40,C5,01,19,0,18,1
browser-use,Apple--38,C5,01,111,0,55,56
browser-use,Google_Flights--21,C5,01,636,9,507,120
browser-use,Coursera--26,C5,01,175,4,169,2
browser-use,Amazon--32,C5,01,735,44,574,117
browser-use,BBC_News--16,C5,01,961,69,506,386
browser-use,Allrecipes--10,C5,01,559,6,480,73
browser-use,Booking--37,C5,01,504,49,359,96
browser-use,Apple--19,C5,01,223,2,191,30
browser-use,Wolfram_Alpha--17,C5,01,548,4,481,63
browser-use,ArXiv--5,C5,01,7,0,3,4
browser-use,GitHub--2,C5,01,35,0,31,4
browser-use,ESPN--33,C5,01,912,39,546,327
browser-use,Google_Search--1,C5,01,457,4,365,88
browser-use,Cambridge_Dictionary--25,C5,01,113,9,68,36
browser-use,Coursera--11,C5,01,180,4,174,2
browser-use,Wolfram_Alpha--21,C5,01,618,7,508,103
browser-use,Booking--40,C5,01,692,17,566,109
browser-use,Google_Flights--16,C5,01,49,0,47,2
browser-use,Google_Flights--20,C5,01,645,11,561,73
browser-use,Amazon--38,C5,01,653,63,510,80
browser-use,Apple--22,C5,01,130,1,85,44
browser-use,Google_Map--27,C5,01,855,3,808,44
browser-use,Google_Flights--1,C5,01,245,8,173,64
browser-use,ESPN--10,C5,01,803,58,385,360
browser-use,Wolfram_Alpha--31,C5,01,88,0,72,16
browser-use,ESPN--23,C5,01,575,14,436,125
browser-use,Huggingface--18,C5,01,172,1,159,12
browser-use,Booking--24,C5,01,309,21,227,61
browser-use,Wolfram_Alpha--4,C5,01,529,5,373,151
browser-use,Cambridge_Dictionary--24,C5,01,335,10,237,88
browser-use,BBC_News--40,C5,01,185,19,142,24
browser-use,Booking--2,C5,01,186,14,114,58
browser-use,Apple--6,C5,01,175,1,151,23
browser-use,GitHub--27,C5,01,36,0,32,4
browser-use,Google_Flights--39,C5,01,62,0,60,2
browser-use,Amazon--37,C5,01,644,49,485,110
browser-use,Google_Flights--28,C5,01,35,0,33,2
browser-use,Booking--26,C5,01,321,34,220,67
browser-use,Apple--9,C5,01,231,2,164,65
browser-use,Allrecipes--11,C5,01,28,0,21,7
browser-use,Booking--4,C5,01,661,17,549,95
browser-use,Coursera--30,C5,01,744,9,663,72
browser-use,Allrecipes--30,C5,01,372,2,322,48
browser-use,Apple--39,C5,01,485,9,352,124
browser-use,Google_Search--0,C5,01,573,12,469,92
browser-use,Allrecipes--41,C5,01,21,0,14,7
browser-use,BBC_News--13,C5,01,766,14,583,169
browser-use,Booking--31,C5,01,448,69,284,95
browser-use,Allrecipes--6,C5,01,198,12,112,74
browser-use,ArXiv--37,C5,01,32,6,20,6
browser-use,Allrecipes--9,C5,01,1030,14,845,171
browser-use,Cambridge_Dictionary--18,C5,01,71,9,46,16
browser-use,Google_Flights--0,C5,01,571,19,458,94
browser-use,Apple--24,C5,01,256,1,189,66
browser-use,Coursera--4,C5,01,228,4,217,7
browser-use,Amazon--0,C5,01,636,55,464,117
browser-use,BBC_News--14,C5,01,513,26,397,90
browser-use,Huggingface--20,C5,01,298,0,293,5
browser-use,Booking--6,C5,01,177,14,113,50
browser-use,Coursera--25,C5,01,173,4,167,2
browser-use,Cambridge_Dictionary--0,C5,01,108,9,63,36
browser-use,Google_Flights--7,C5,01,571,5,499,67
browser-use,GitHub--35,C5,01,22,0,19,3
browser-use,Google_Map--22,C5,01,1045,16,837,192
browser-use,Huggingface--9,C5,01,114,0,110,4
browser-use,Apple--1,C5,01,922,5,823,94
browser-use,Coursera--34,C5,01,213,5,206,2
browser-use,BBC_News--17,C5,01,169,6,143,20
browser-use,Wolfram_Alpha--26,C5,01,68,20,33,15
browser-use,Wolfram_Alpha--35,C5,01,968,7,776,185
browser-use,ESPN--27,C5,01,939,46,440,453
browser-use,BBC_News--6,C5,01,557,30,350,177
browser-use,Coursera--20,C5,01,153,2,149,2
browser-use,Wolfram_Alpha--22,C5,01,721,3,574,144
browser-use,Google_Map--20,C5,01,910,4,861,45
browser-use,Google_Map--39,C5,01,455,0,450,5
browser-use,Google_Flights--24,C5,01,68,0,66,2
browser-use,Huggingface--27,C5,01,376,0,371,5
browser-use,Google_Search--19,C5,01,134,0,124,10
browser-use,Wolfram_Alpha--10,C5,01,526,11,459,56
browser-use,Coursera--16,C5,01,208,5,201,2
browser-use,Cambridge_Dictionary--8,C5,01,111,9,67,35
browser-use,Apple--14,C5,01,363,1,287,75
browser-use,Huggingface--33,C5,01,84,0,75,9
browser-use,BBC_News--2,C5,01,206,0,119,87
browser-use,Google_Map--24,C5,01,378,0,373,5
browser-use,Wolfram_Alpha--37,C8,01,69,0,64,5
browser-use,Booking--41,C8,01,108,5,88,15
browser-use,Booking--39,C8,01,229,12,170,47
browser-use,Amazon--15,C8,01,391,29,354,8
browser-use,Google_Search--39,C8,01,57,0,52,5
browser-use,Coursera--19,C8,01,178,4,171,3
browser-use,Google_Search--9,C8,01,7,0,2,5
browser-use,Google_Map--7,C8,01,60,0,31,29
browser-use,Coursera--18,C8,01,145,2,141,2
browser-use,Cambridge_Dictionary--6,C8,01,65,0,57,8
browser-use,Google_Map--38,C8,01,4,2,1,1
browser-use,Huggingface--32,C8,01,331,0,319,12
browser-use,Google_Flights--41,C8,01,41,0,39,2
browser-use,ESPN--35,C8,01,146,12,88,46
browser-use,Booking--5,C8,01,284,10,245,29
browser-use,GitHub--32,C8,01,130,0,124,6
browser-use,BBC_News--19,C8,01,483,46,319,118
browser-use,Google_Search--37,C8,01,111,0,95,16
browser-use,Coursera--28,C8,01,147,2,143,2
browser-use,Google_Map--30,C8,01,105,0,92,13
browser-use,Amazon--12,C8,01,442,23,411,8
browser-use,Amazon--30,C8,01,366,29,329,8
browser-use,Coursera--27,C8,01,170,7,161,2
browser-use,Google_Search--34,C8,01,36,2,34,0
browser-use,Wolfram_Alpha--18,C8,01,48,16,25,7
browser-use,Allrecipes--1,C8,01,545,54,300,191
browser-use,Apple--42,C8,01,250,2,217,31
browser-use,Huggingface--26,C8,01,292,0,274,18
browser-use,Coursera--0,C8,01,65,0,56,9
browser-use,Cambridge_Dictionary--5,C8,01,76,0,70,6
browser-use,BBC_News--21,C8,01,481,36,383,62
browser-use,Google_Map--11,C8,01,131,0,74,57
browser-use,Booking--1,C8,01,124,4,105,15
browser-use,BBC_News--7,C8,01,21,2,3,16
browser-use,Amazon--35,C8,01,614,48,558,8
browser-use,Allrecipes--23,C8,01,1076,117,631,328
browser-use,Google_Map--1,C8,01,486,0,480,6
browser-use,Huggingface--3,C8,01,116,0,116,0
browser-use,BBC_News--31,C8,01,21,0,17,4
browser-use,Coursera--1,C8,01,153,2,149,2
browser-use,Allrecipes--0,C8,01,63,0,53,10
browser-use,Cambridge_Dictionary--13,C8,01,53,0,46,7
browser-use,Coursera--36,C8,01,166,2,161,3
browser-use,Allrecipes--32,C8,01,541,57,305,179
browser-use,Google_Flights--36,C8,01,55,0,53,2
browser-use,ESPN--5,C8,01,62,0,57,5
browser-use,Google_Map--18,C8,01,375,0,370,5
browser-use,Google_Search--8,C8,01,131,4,111,16
browser-use,Booking--35,C8,01,232,20,187,25
browser-use,GitHub--8,C8,01,23,0,20,3
browser-use,Amazon--39,C8,01,599,59,531,9
browser-use,Allrecipes--2,C8,01,1077,90,576,411
browser-use,Google_Map--16,C8,01,5,2,1,2
browser-use,BBC_News--28,C8,01,394,26,335,33
browser-use,Google_Map--34,C8,01,82,16,49,17
browser-use,Booking--12,C8,01,299,14,259,26
browser-use,Wolfram_Alpha--38,C8,01,89,0,73,16
browser-use,Cambridge_Dictionary--38,C8,01,84,0,77,7
browser-use,BBC_News--29,C8,01,8,0,8,0
browser-use,GitHub--0,C8,01,29,0,26,3
browser-use,GitHub--14,C8,01,84,0,81,3
browser-use,Amazon--26,C8,01,466,52,406,8
browser-use,ArXiv--4,C8,01,0,0,0,0
browser-use,Google_Search--35,C8,01,341,66,188,87
browser-use,Google_Flights--31,C8,01,57,3,13,41
browser-use,ESPN--24,C8,01,201,12,140,49
browser-use,Google_Flights--6,C8,01,53,0,51,2
browser-use,Google_Map--12,C8,01,337,0,334,3
browser-use,Cambridge_Dictionary--42,C8,01,52,0,47,5
browser-use,ArXiv--21,C8,01,4,0,2,2
browser-use,BBC_News--11,C8,01,177,53,111,13
browser-use,Allrecipes--34,C8,01,730,75,391,264
browser-use,GitHub--31,C8,01,41,0,38,3
browser-use,Allrecipes--43,C8,01,625,48,330,247
browser-use,Amazon--19,C8,01,618,16,593,9
browser-use,Google_Search--18,C8,01,234,0,87,147
browser-use,ArXiv--13,C8,01,1,0,0,1
browser-use,Cambridge_Dictionary--7,C8,01,49,0,42,7
browser-use,GitHub--7,C8,01,96,0,93,3
browser-use,Amazon--24,C8,01,345,25,312,8
browser-use,ESPN--20,C8,01,180,12,116,52
browser-use,Wolfram_Alpha--36,C8,01,84,0,74,10
browser-use,BBC_News--35,C8,01,6,0,3,3
browser-use,Huggingface--28,C8,01,275,0,275,0
browser-use,Allrecipes--29,C8,01,1179,102,656,421
browser-use,BBC_News--9,C8,01,230,19,145,66
browser-use,GitHub--28,C8,01,34,0,30,4
browser-use,GitHub--39,C8,01,36,0,33,3
browser-use,Google_Search--36,C8,01,535,0,294,241
browser-use,Apple--28,C8,01,271,0,233,38
browser-use,Google_Flights--8,C8,01,34,0,32,2
browser-use,Huggingface--38,C8,01,125,1,122,2
browser-use,Google_Flights--10,C8,01,44,0,42,2
browser-use,GitHub--25,C8,01,70,0,66,4
browser-use,Allrecipes--19,C8,01,1078,120,589,369
browser-use,BBC_News--1,C8,01,375,18,323,34
browser-use,Allrecipes--16,C8,01,1066,90,544,432
browser-use,ArXiv--3,C8,01,13,0,10,3
browser-use,GitHub--26,C8,01,25,0,23,2
browser-use,BBC_News--18,C8,01,4,0,4,0
browser-use,ArXiv--2,C8,01,0,0,0,0
browser-use,Google_Map--36,C8,01,661,0,655,6
browser-use,ArXiv--35,C8,01,0,0,0,0
browser-use,Google_Search--13,C8,01,9,0,2,7
browser-use,ESPN--34,C8,01,105,8,62,35
browser-use,Google_Map--15,C8,01,58,0,53,5
browser-use,Google_Flights--37,C8,01,76,0,74,2
browser-use,Google_Search--7,C8,01,1198,0,1110,88
browser-use,ArXiv--27,C8,01,19,0,18,1
browser-use,Google_Map--32,C8,01,332,0,329,3
browser-use,Amazon--36,C8,01,493,48,437,8
browser-use,Apple--37,C8,01,62,0,56,6
browser-use,Google_Search--3,C8,01,7,0,2,5
browser-use,Huggingface--23,C8,01,591,0,591,0
browser-use,Apple--40,C8,01,147,0,140,7
browser-use,ArXiv--25,C8,01,19,0,18,1
browser-use,Amazon--8,C8,01,380,33,335,12
browser-use,ESPN--16,C8,01,1,0,0,1
browser-use,ESPN--17,C8,01,97,4,68,25
browser-use,ESPN--37,C8,01,62,0,52,10
browser-use,Coursera--10,C8,01,178,7,169,2
browser-use,Allrecipes--33,C8,01,693,83,411,199
browser-use,Allrecipes--44,C8,01,529,36,267,226
browser-use,Google_Map--35,C8,01,68,24,44,0
browser-use,Allrecipes--14,C8,01,891,97,502,292
browser-use,Allrecipes--7,C8,01,548,69,290,189
browser-use,Huggingface--7,C8,01,83,0,83,0
browser-use,Coursera--22,C8,01,178,9,167,2
browser-use,Apple--34,C8,01,201,1,179,21
browser-use,Wolfram_Alpha--39,C8,01,248,0,195,53
browser-use,Google_Flights--4,C8,01,33,0,31,2
browser-use,Apple--3,C8,01,90,0,76,14
browser-use,Allrecipes--12,C8,01,851,63,463,325
browser-use,Amazon--25,C8,01,421,60,351,10
browser-use,Google_Map--2,C8,01,150,0,145,5
browser-use,GitHub--20,C8,01,20,0,20,0
browser-use,Google_Flights--19,C8,01,48,0,46,2
browser-use,Wolfram_Alpha--20,C8,01,0,0,0,0
browser-use,Allrecipes--27,C8,01,648,68,386,194
browser-use,Booking--13,C8,01,114,4,97,13
browser-use,Coursera--29,C8,01,157,6,149,2
browser-use,Huggingface--13,C8,01,41,0,41,0
browser-use,ESPN--3,C8,01,83,4,56,23
browser-use,Google_Flights--27,C8,01,52,0,50,2
browser-use,Apple--35,C8,01,173,1,95,77
browser-use,Huggingface--30,C8,01,166,0,166,0
browser-use,Cambridge_Dictionary--41,C8,01,27,0,23,4
browser-use,ESPN--31,C8,01,99,0,88,11
browser-use,Google_Search--33,C8,01,81,0,70,11
browser-use,ArXiv--30,C8,01,5,2,3,0
browser-use,BBC_News--37,C8,01,62,1,31,30
browser-use,Apple--20,C8,01,358,45,303,10
browser-use,GitHub--34,C8,01,87,0,84,3
browser-use,ArXiv--8,C8,01,23,0,22,1
browser-use,Coursera--23,C8,01,213,4,207,2
browser-use,Amazon--33,C8,01,422,56,354,12
browser-use,Allrecipes--24,C8,01,625,57,332,236
browser-use,Coursera--35,C8,01,218,5,211,2
browser-use,Wolfram_Alpha--41,C8,01,59,0,53,6
browser-use,GitHub--22,C8,01,32,0,28,4
browser-use,Cambridge_Dictionary--16,C8,01,48,0,41,7
browser-use,Google_Search--31,C8,01,161,0,28,133
browser-use,ESPN--41,C8,01,61,4,34,23
browser-use,Huggingface--41,C8,01,239,0,239,0
browser-use,Google_Search--30,C8,01,9,0,2,7
browser-use,BBC_News--3,C8,01,173,11,121,41
browser-use,Coursera--3,C8,01,154,5,147,2
browser-use,Wolfram_Alpha--27,C8,01,391,0,37,354
browser-use,Google_Map--8,C8,01,384,0,379,5
browser-use,Coursera--21,C8,01,215,9,203,3
browser-use,GitHub--16,C8,01,4,0,4,0
browser-use,Google_Map--3,C8,01,695,0,688,7
browser-use,Booking--19,C8,01,121,4,101,16
browser-use,Booking--29,C8,01,112,5,92,15
browser-use,Huggingface--16,C8,01,237,0,237,0
browser-use,Coursera--6,C8,01,171,4,165,2
browser-use,Huggingface--15,C8,01,100,0,100,0
browser-use,Cambridge_Dictionary--36,C8,01,63,0,55,8
browser-use,ArXiv--33,C8,01,0,0,0,0
browser-use,GitHub--18,C8,01,74,0,70,4
browser-use,ArXiv--17,C8,01,60,0,54,6
browser-use,Apple--2,C8,01,255,1,179,75
browser-use,Huggingface--10,C8,01,269,0,263,6
browser-use,GitHub--10,C8,01,86,2,79,5
browser-use,GitHub--6,C8,01,69,0,65,4
browser-use,Coursera--8,C8,01,181,2,177,2
browser-use,ArXiv--26,C8,01,4,0,2,2
browser-use,Wolfram_Alpha--8,C8,01,84,23,33,28
browser-use,Amazon--40,C8,01,580,31,541,8
browser-use,Apple--10,C8,01,50,0,44,6
browser-use,ArXiv--19,C8,01,5,2,3,0
browser-use,Coursera--13,C8,01,173,4,167,2
browser-use,BBC_News--4,C8,01,302,31,236,35
browser-use,GitHub--15,C8,01,56,0,53,3
browser-use,ESPN--6,C8,01,268,33,157,78
browser-use,Cambridge_Dictionary--35,C8,01,57,0,51,6
browser-use,ESPN--30,C8,01,108,10,66,32
browser-use,Huggingface--40,C8,01,66,0,66,0
browser-use,Booking--15,C8,01,133,0,127,6
browser-use,Wolfram_Alpha--2,C8,01,56,0,31,25
browser-use,Booking--14,C8,01,123,4,106,13
browser-use,Google_Search--16,C8,01,4,0,2,2
browser-use,Apple--16,C8,01,220,0,148,72
browser-use,Booking--32,C8,01,263,10,228,25
browser-use,Cambridge_Dictionary--27,C8,01,48,0,41,7
browser-use,GitHub--23,C8,01,29,0,26,3
browser-use,Coursera--38,C8,01,173,3,168,2
browser-use,Huggingface--36,C8,01,18,0,18,0
browser-use,ESPN--29,C8,01,140,13,98,29
browser-use,Booking--16,C8,01,301,14,259,28
browser-use,Google_Search--14,C8,01,58,0,53,5
browser-use,Google_Search--32,C8,01,205,0,125,80
browser-use,Wolfram_Alpha--19,C8,01,0,0,0,0
browser-use,Coursera--32,C8,01,182,5,175,2
browser-use,Huggingface--6,C8,01,269,0,269,0
browser-use,Google_Map--37,C8,01,335,0,331,4
browser-use,Google_Flights--22,C8,01,28,3,23,2
browser-use,Booking--20,C8,01,61,0,52,9
browser-use,Wolfram_Alpha--24,C8,01,0,0,0,0
browser-use,Amazon--16,C8,01,673,51,610,12
browser-use,Amazon--3,C8,01,0,0,0,0
browser-use,Cambridge_Dictionary--2,C8,01,0,0,0,0
browser-use,BBC_News--36,C8,01,380,34,304,42
browser-use,Coursera--7,C8,01,160,5,153,2
browser-use,GitHub--5,C8,01,60,0,56,4
browser-use,Huggingface--12,C8,01,140,0,140,0
browser-use,Wolfram_Alpha--11,C8,01,0,0,0,0
browser-use,Cambridge_Dictionary--19,C8,01,46,0,41,5
browser-use,ESPN--38,C8,01,285,26,183,76
browser-use,Google_Map--23,C8,01,1003,0,998,5
browser-use,Apple--15,C8,01,289,1,239,49
browser-use,GitHub--24,C8,01,64,0,61,3
browser-use,Booking--9,C8,01,294,25,219,50
browser-use,BBC_News--8,C8,01,1,0,1,0
browser-use,BBC_News--41,C8,01,0,0,0,0
browser-use,Cambridge_Dictionary--31,C8,01,77,0,69,8
browser-use,Wolfram_Alpha--40,C8,01,14,0,9,5
browser-use,Wolfram_Alpha--16,C8,01,0,0,0,0
browser-use,Google_Map--5,C8,01,62,0,57,5
browser-use,ESPN--7,C8,01,122,8,78,36
browser-use,Google_Flights--9,C8,01,45,0,43,2
browser-use,Booking--30,C8,01,260,16,219,25
browser-use,ArXiv--39,C8,01,17,0,16,1
browser-use,ArXiv--34,C8,01,6,0,3,3
browser-use,ESPN--25,C8,01,131,6,100,25
browser-use,Coursera--14,C8,01,218,9,206,3
browser-use,Allrecipes--38,C8,01,541,49,294,198
browser-use,Cambridge_Dictionary--11,C8,01,278,12,180,86
browser-use,Google_Flights--15,C8,01,63,0,61,2
browser-use,ESPN--19,C8,01,1,0,0,1
browser-use,Google_Map--13,C8,01,457,0,451,6
browser-use,Booking--21,C8,01,127,4,108,15
browser-use,Booking--23,C8,01,114,4,94,16
browser-use,Booking--36,C8,01,325,25,272,28
browser-use,BBC_News--22,C8,01,274,23,219,32
browser-use,Allrecipes--5,C8,01,764,70,421,273
browser-use,Wolfram_Alpha--14,C8,01,1,0,0,1
browser-use,Coursera--40,C8,01,96,1,92,3
browser-use,Huggingface--11,C8,01,239,0,239,0
browser-use,Google_Map--17,C8,01,376,0,368,8
browser-use,GitHub--40,C8,01,43,0,37,6
browser-use,Google_Search--42,C8,01,75,0,38,37
browser-use,Wolfram_Alpha--25,C8,01,0,0,0,0
browser-use,Booking--11,C8,01,373,23,319,31
browser-use,Amazon--31,C8,01,364,13,339,12
browser-use,Amazon--6,C8,01,442,26,406,10
browser-use,GitHub--33,C8,01,40,0,37,3
browser-use,ArXiv--36,C8,01,10,0,5,5
browser-use,Booking--10,C8,01,128,4,111,13
browser-use,Google_Search--15,C8,01,18,0,7,11
browser-use,Booking--22,C8,01,123,4,104,15
browser-use,Allrecipes--39,C8,01,708,64,415,229
browser-use,Cambridge_Dictionary--39,C8,01,0,0,0,0
browser-use,BBC_News--20,C8,01,181,1,171,9
browser-use,Google_Flights--2,C8,01,38,0,36,2
browser-use,Allrecipes--35,C8,01,1019,72,545,402
browser-use,Allrecipes--18,C8,01,1120,79,618,423
browser-use,Cambridge_Dictionary--40,C8,01,48,0,41,7
browser-use,Google_Search--26,C8,01,0,0,0,0
browser-use,Google_Search--38,C8,01,58,0,53,5
browser-use,Apple--27,C8,01,332,1,255,76
browser-use,Booking--27,C8,01,259,8,219,32
browser-use,Google_Flights--40,C8,01,74,0,72,2
browser-use,Google_Map--25,C8,01,44,4,23,17
browser-use,Google_Search--27,C8,01,60,0,53,7
browser-use,Amazon--5,C8,01,634,6,557,71
browser-use,Google_Search--2,C8,01,64,3,45,16
browser-use,Google_Search--40,C8,01,80,0,31,49
browser-use,Wolfram_Alpha--28,C8,01,40,0,16,24
browser-use,Amazon--1,C8,01,350,26,316,8
browser-use,Google_Flights--29,C8,01,48,0,46,2
browser-use,Google_Search--23,C8,01,78,0,29,49
browser-use,ESPN--0,C8,01,121,6,87,28
browser-use,Booking--3,C8,01,256,16,214,26
browser-use,BBC_News--27,C8,01,207,17,158,32
browser-use,Wolfram_Alpha--3,C8,01,60,0,55,5
browser-use,Wolfram_Alpha--34,C8,01,114,0,89,25
browser-use,ESPN--40,C8,01,85,4,58,23
browser-use,ArXiv--6,C8,01,1,0,0,1
browser-use,Booking--17,C8,01,127,4,110,13
browser-use,GitHub--4,C8,01,83,0,79,4
browser-use,Google_Map--29,C8,01,87,0,31,56
browser-use,Cambridge_Dictionary--32,C8,01,80,0,71,9
browser-use,GitHub--29,C8,01,43,0,40,3
browser-use,Wolfram_Alpha--29,C8,01,47,0,31,16
browser-use,Huggingface--4,C8,01,308,0,308,0
browser-use,Huggingface--35,C8,01,159,0,159,0
browser-use,Apple--36,C8,01,105,0,103,2
browser-use,Cambridge_Dictionary--4,C8,01,25,0,19,6
browser-use,Apple--23,C8,01,154,1,135,18
browser-use,BBC_News--30,C8,01,326,35,255,36
browser-use,Google_Search--5,C8,01,3,0,0,3
browser-use,Huggingface--22,C8,01,67,0,67,0
browser-use,Cambridge_Dictionary--15,C8,01,301,12,180,109
browser-use,Huggingface--0,C8,01,98,0,98,0
browser-use,Amazon--2,C8,01,330,15,134,181
browser-use,Booking--38,C8,01,124,4,102,18
browser-use,Google_Search--41,C8,01,59,0,54,5
browser-use,Wolfram_Alpha--13,C8,01,0,0,0,0
browser-use,Cambridge_Dictionary--17,C8,01,26,0,20,6
browser-use,Wolfram_Alpha--12,C8,01,4,0,0,4
browser-use,Cambridge_Dictionary--20,C8,01,48,0,41,7
browser-use,Amazon--29,C8,01,920,89,817,14
browser-use,Huggingface--5,C8,01,299,0,293,6
browser-use,Cambridge_Dictionary--21,C8,01,62,0,53,9
browser-use,Cambridge_Dictionary--23,C8,01,46,0,39,7
browser-use,BBC_News--15,C8,01,0,0,0,0
browser-use,ArXiv--22,C8,01,16,4,12,0
browser-use,Google_Map--33,C8,01,60,0,54,6
browser-use,ArXiv--31,C8,01,4,0,2,2
browser-use,BBC_News--10,C8,01,327,23,262,42
browser-use,Cambridge_Dictionary--3,C8,01,129,11,112,6
browser-use,Cambridge_Dictionary--10,C8,01,89,14,66,9
browser-use,Apple--21,C8,01,238,2,203,33
browser-use,Amazon--21,C8,01,511,62,441,8
browser-use,Google_Search--6,C8,01,83,8,70,5
browser-use,ESPN--8,C8,01,112,9,75,28
browser-use,ESPN--12,C8,01,97,8,68,21
browser-use,Wolfram_Alpha--42,C8,01,0,0,0,0
browser-use,Huggingface--34,C8,01,360,0,354,6
browser-use,Google_Flights--35,C8,01,40,0,38,2
browser-use,Wolfram_Alpha--1,C8,01,62,0,56,6
browser-use,Apple--33,C8,01,68,0,57,11
browser-use,Google_Search--29,C8,01,153,0,121,32
browser-use,BBC_News--5,C8,01,57,0,52,5
browser-use,Coursera--37,C8,01,120,5,113,2
browser-use,ArXiv--20,C8,01,24,0,22,2
browser-use,Apple--0,C8,01,276,1,214,61
browser-use,Google_Search--21,C8,01,56,0,46,10
browser-use,Apple--17,C8,01,104,2,80,22
browser-use,Wolfram_Alpha--43,C8,01,75,0,34,41
browser-use,Apple--41,C8,01,59,0,53,6
browser-use,Apple--13,C8,01,60,0,54,6
browser-use,Google_Map--9,C8,01,316,0,312,4
browser-use,Amazon--28,C8,01,437,45,384,8
browser-use,Google_Map--28,C8,01,311,0,305,6
browser-use,BBC_News--23,C8,01,600,35,518,47
browser-use,ESPN--4,C8,01,128,12,82,34
browser-use,Google_Search--12,C8,01,91,0,28,63
browser-use,Amazon--4,C8,01,545,68,469,8
browser-use,Google_Map--0,C8,01,4,2,1,1
browser-use,ArXiv--7,C8,01,4,0,2,2
browser-use,Amazon--20,C8,01,580,52,520,8
browser-use,Huggingface--25,C8,01,91,0,91,0
browser-use,Google_Map--31,C8,01,1215,0,1208,7
browser-use,Wolfram_Alpha--0,C8,01,56,0,51,5
browser-use,Apple--30,C8,01,215,1,130,84
browser-use,Huggingface--31,C8,01,180,0,180,0
browser-use,Wolfram_Alpha--32,C8,01,361,8,172,181
browser-use,Allrecipes--21,C8,01,676,56,370,250
browser-use,Google_Map--4,C8,01,93,16,69,8
browser-use,GitHub--30,C8,01,122,0,119,3
browser-use,GitHub--3,C8,01,26,0,21,5
browser-use,Amazon--9,C8,01,419,27,367,25
browser-use,Huggingface--14,C8,01,43,0,43,0
browser-use,Huggingface--1,C8,01,387,0,387,0
browser-use,Cambridge_Dictionary--37,C8,01,64,0,57,7
browser-use,Allrecipes--8,C8,01,676,64,374,238
browser-use,Cambridge_Dictionary--1,C8,01,394,11,283,100
browser-use,Amazon--18,C8,01,213,6,199,8
browser-use,Huggingface--29,C8,01,280,0,274,6
browser-use,Amazon--14,C8,01,573,32,532,9
browser-use,ESPN--18,C8,01,60,4,37,19
browser-use,Google_Search--17,C8,01,178,0,92,86
browser-use,ArXiv--41,C8,01,54,0,52,2
browser-use,Google_Flights--3,C8,01,49,4,21,24
browser-use,BBC_News--38,C8,01,557,17,337,203
browser-use,Coursera--5,C8,01,166,4,159,3
browser-use,Coursera--15,C8,01,189,4,183,2
browser-use,ESPN--28,C8,01,65,0,55,10
browser-use,Google_Map--14,C8,01,71,0,55,16
browser-use,Cambridge_Dictionary--29,C8,01,128,0,121,7
browser-use,Huggingface--19,C8,01,142,0,142,0
browser-use,BBC_News--25,C8,01,187,21,127,39
browser-use,Huggingface--21,C8,01,49,0,49,0
browser-use,Allrecipes--28,C8,01,687,80,412,195
browser-use,GitHub--11,C8,01,79,0,76,3
browser-use,ArXiv--14,C8,01,4,0,2,2
browser-use,Allrecipes--15,C8,01,1217,90,649,478
browser-use,Coursera--24,C8,01,161,6,153,2
browser-use,Google_Map--26,C8,01,650,0,642,8
browser-use,Apple--25,C8,01,152,1,132,19
browser-use,Wolfram_Alpha--33,C8,01,73,0,60,13
browser-use,Apple--4,C8,01,65,0,57,8
browser-use,BBC_News--39,C8,01,0,0,0,0
browser-use,Google_Flights--14,C8,01,40,0,38,2
browser-use,Google_Map--40,C8,01,4,2,1,1
browser-use,Booking--42,C8,01,376,19,290,67
browser-use,BBC_News--12,C8,01,63,0,58,5
browser-use,ArXiv--11,C8,01,60,0,53,7
browser-use,GitHub--21,C8,01,20,0,20,0
browser-use,Google_Map--6,C8,01,352,19,245,88
browser-use,BBC_News--32,C8,01,63,0,54,9
browser-use,GitHub--17,C8,01,58,0,54,4
browser-use,Cambridge_Dictionary--14,C8,01,48,0,41,7
browser-use,ArXiv--24,C8,01,4,0,2,2
browser-use,Cambridge_Dictionary--30,C8,01,77,0,69,8
browser-use,Google_Flights--12,C8,01,42,0,40,2
browser-use,Allrecipes--36,C8,01,979,77,556,346
browser-use,Google_Flights--25,C8,01,31,0,29,2
browser-use,ESPN--22,C8,01,66,3,47,16
browser-use,Booking--7,C8,01,381,22,305,54
browser-use,Apple--32,C8,01,71,0,34,37
browser-use,Booking--25,C8,01,388,24,307,57
browser-use,GitHub--1,C8,01,51,0,48,3
browser-use,Huggingface--2,C8,01,582,0,582,0
browser-use,Allrecipes--3,C8,01,714,65,371,278
browser-use,Booking--34,C8,01,221,12,166,43
browser-use,Booking--28,C8,01,388,24,306,58
browser-use,ESPN--15,C8,01,119,8,82,29
browser-use,Coursera--12,C8,01,177,4,171,2
browser-use,Apple--7,C8,01,227,0,205,22
browser-use,ESPN--32,C8,01,127,6,88,33
browser-use,Google_Flights--13,C8,01,63,0,61,2
browser-use,GitHub--13,C8,01,48,0,45,3
browser-use,ArXiv--9,C8,01,22,0,20,2
browser-use,Cambridge_Dictionary--34,C8,01,80,0,72,8
browser-use,Huggingface--24,C8,01,105,0,105,0
browser-use,Allrecipes--17,C8,01,830,83,452,295
browser-use,ArXiv--23,C8,01,9,0,5,4
browser-use,Cambridge_Dictionary--33,C8,01,59,0,52,7
browser-use,Amazon--22,C8,01,486,54,424,8
browser-use,Booking--33,C8,01,249,6,222,21
browser-use,Google_Flights--33,C8,01,173,19,84,70
browser-use,Apple--18,C8,01,42,0,22,20
browser-use,Amazon--23,C8,01,551,69,474,8
browser-use,BBC_News--34,C8,01,59,0,53,6
browser-use,Google_Flights--17,C8,01,54,0,52,2
browser-use,Coursera--2,C8,01,174,4,168,2
browser-use,Cambridge_Dictionary--22,C8,01,48,0,41,7
browser-use,Wolfram_Alpha--44,C8,01,0,0,0,0
browser-use,ESPN--1,C8,01,98,8,63,27
browser-use,Booking--0,C8,01,245,12,187,46
browser-use,Wolfram_Alpha--7,C8,01,65,6,53,6
browser-use,Google_Search--24,C8,01,135,0,65,70
browser-use,ArXiv--0,C8,01,3,0,1,2
browser-use,Coursera--33,C8,01,227,4,221,2
browser-use,ESPN--26,C8,01,68,3,45,20
browser-use,GitHub--37,C8,01,32,0,27,5
browser-use,Booking--18,C8,01,123,4,106,13
browser-use,Huggingface--39,C8,01,77,0,77,0
browser-use,Wolfram_Alpha--45,C8,01,66,0,61,5
browser-use,Coursera--39,C8,01,117,2,113,2
browser-use,Google_Search--28,C8,01,4,0,2,2
browser-use,GitHub--36,C8,01,51,0,48,3
browser-use,GitHub--19,C8,01,79,0,75,4
browser-use,ArXiv--38,C8,01,0,0,0,0
browser-use,Apple--5,C8,01,115,1,77,37
browser-use,Allrecipes--20,C8,01,639,72,353,214
browser-use,BBC_News--0,C8,01,214,21,167,26
browser-use,Google_Flights--32,C8,01,38,0,36,2
browser-use,Cambridge_Dictionary--9,C8,01,50,0,43,7
browser-use,ArXiv--28,C8,01,22,0,17,5
browser-use,Allrecipes--4,C8,01,66,0,58,8
browser-use,Google_Search--11,C8,01,490,14,386,90
browser-use,Allrecipes--25,C8,01,833,61,464,308
browser-use,Google_Search--22,C8,01,6,0,4,2
browser-use,ESPN--14,C8,01,126,7,83,36
browser-use,ArXiv--16,C8,01,22,0,20,2
browser-use,Allrecipes--13,C8,01,803,79,442,282
browser-use,ESPN--9,C8,01,139,14,87,38
browser-use,Apple--12,C8,01,634,2,612,20
browser-use,Huggingface--8,C8,01,70,0,60,10
browser-use,Cambridge_Dictionary--26,C8,01,60,0,52,8
browser-use,Wolfram_Alpha--23,C8,01,76,0,51,25
browser-use,GitHub--38,C8,01,66,0,62,4
browser-use,Wolfram_Alpha--15,C8,01,59,0,54,5
browser-use,ArXiv--42,C8,01,17,0,15,2
browser-use,Booking--43,C8,01,9,4,5,0
browser-use,Apple--26,C8,01,220,1,198,21
browser-use,Apple--11,C8,01,271,1,228,42
browser-use,Allrecipes--42,C8,01,1130,82,609,439
browser-use,ArXiv--18,C8,01,30,0,27,3
browser-use,ESPN--21,C8,01,141,9,100,32
browser-use,Allrecipes--26,C8,01,1122,92,601,429
browser-use,Google_Search--10,C8,01,783,83,514,186
browser-use,BBC_News--24,C8,01,495,40,403,52
browser-use,Google_Flights--38,C8,01,54,0,52,2
browser-use,ArXiv--10,C8,01,0,0,0,0
browser-use,Amazon--17,C8,01,501,27,462,12
browser-use,GitHub--12,C8,01,78,0,75,3
browser-use,Coursera--31,C8,01,175,8,165,2
browser-use,Wolfram_Alpha--9,C8,01,356,9,256,91
browser-use,ArXiv--32,C8,01,0,0,0,0
browser-use,ESPN--43,C8,01,97,8,58,31
browser-use,Huggingface--17,C8,01,323,0,323,0
browser-use,Google_Flights--30,C8,01,49,0,47,2
browser-use,Google_Map--10,C8,01,125,16,109,0
browser-use,Apple--8,C8,01,210,1,175,34
browser-use,Cambridge_Dictionary--28,C8,01,60,0,53,7
browser-use,Allrecipes--37,C8,01,609,71,333,205
browser-use,Apple--29,C8,01,102,0,92,10
browser-use,BBC_News--26,C8,01,23,0,19,4
browser-use,Amazon--11,C8,01,416,51,357,8
browser-use,Google_Flights--26,C8,01,58,0,56,2
browser-use,ESPN--42,C8,01,69,4,48,17
browser-use,Google_Search--25,C8,01,55,4,32,19
browser-use,Google_Flights--23,C8,01,39,0,37,2
browser-use,Google_Flights--18,C8,01,66,0,64,2
browser-use,Wolfram_Alpha--30,C8,01,0,0,0,0
browser-use,Allrecipes--40,C8,01,622,44,310,268
browser-use,Google_Map--21,C8,01,85,16,58,11
browser-use,ESPN--11,C8,01,58,0,28,30
browser-use,ArXiv--12,C8,01,32,6,26,0
browser-use,Huggingface--37,C8,01,208,0,208,0
browser-use,Amazon--7,C8,01,371,31,332,8
browser-use,Coursera--41,C8,01,152,1,149,2
browser-use,Google_Flights--34,C8,01,48,0,46,2
browser-use,Google_Flights--5,C8,01,47,0,45,2
browser-use,ArXiv--15,C8,01,8,0,4,4
browser-use,ArXiv--29,C8,01,5,0,2,3
browser-use,Booking--8,C8,01,127,5,107,15
browser-use,Cambridge_Dictionary--12,C8,01,25,0,19,6
browser-use,Apple--31,C8,01,167,0,142,25
browser-use,ESPN--2,C8,01,64,3,45,16
browser-use,Allrecipes--31,C8,01,1092,105,657,330
browser-use,Google_Search--4,C8,01,0,0,0,0
browser-use,Coursera--17,C8,01,154,2,149,3
browser-use,ESPN--39,C8,01,135,9,98,28
browser-use,Google_Search--20,C8,01,49,0,23,26
browser-use,Wolfram_Alpha--6,C8,01,106,0,81,25
browser-use,BBC_News--33,C8,01,321,26,273,22
browser-use,Google_Flights--11,C8,01,69,0,67,2
browser-use,ArXiv--1,C8,01,4,0,2,2
browser-use,Allrecipes--22,C8,01,1262,92,669,501
browser-use,Coursera--9,C8,01,192,5,185,2
browser-use,ESPN--36,C8,01,93,8,54,31
browser-use,Google_Map--19,C8,01,59,0,51,8
browser-use,Huggingface--42,C8,01,293,0,281,12
browser-use,Amazon--13,C8,01,464,31,425,8
browser-use,Wolfram_Alpha--5,C8,01,72,0,47,25
browser-use,Amazon--34,C8,01,527,46,473,8
browser-use,Amazon--27,C8,01,542,51,483,8
browser-use,Amazon--10,C8,01,463,41,413,9
browser-use,GitHub--9,C8,01,52,0,49,3
browser-use,ESPN--13,C8,01,144,10,111,23
browser-use,ArXiv--40,C8,01,4,0,2,2
browser-use,Apple--38,C8,01,132,0,126,6
browser-use,Google_Flights--21,C8,01,57,3,13,41
browser-use,Coursera--26,C8,01,181,8,171,2
browser-use,Amazon--32,C8,01,380,50,322,8
browser-use,BBC_News--16,C8,01,236,31,173,32
browser-use,Allrecipes--10,C8,01,94,6,40,48
browser-use,Booking--37,C8,01,370,22,293,55
browser-use,Apple--19,C8,01,186,1,170,15
browser-use,Wolfram_Alpha--17,C8,01,37,2,33,2
browser-use,ArXiv--5,C8,01,8,0,4,4
browser-use,GitHub--2,C8,01,33,0,30,3
browser-use,ESPN--33,C8,01,121,9,80,32
browser-use,Google_Search--1,C8,01,75,0,29,46
browser-use,Cambridge_Dictionary--25,C8,01,46,0,39,7
browser-use,Coursera--11,C8,01,172,4,166,2
browser-use,Wolfram_Alpha--21,C8,01,28,0,15,13
browser-use,Booking--40,C8,01,200,10,168,22
browser-use,Google_Flights--16,C8,01,51,0,49,2
browser-use,Google_Flights--20,C8,01,35,0,33,2
browser-use,Amazon--38,C8,01,500,53,439,8
browser-use,Apple--22,C8,01,67,0,34,33
browser-use,Google_Map--27,C8,01,160,3,119,38
browser-use,Google_Flights--1,C8,01,23,0,21,2
browser-use,ESPN--10,C8,01,172,13,118,41
browser-use,Wolfram_Alpha--31,C8,01,62,0,46,16
browser-use,ESPN--23,C8,01,19,0,0,19
browser-use,Huggingface--18,C8,01,83,0,83,0
browser-use,Booking--24,C8,01,299,17,256,26
browser-use,Wolfram_Alpha--4,C8,01,107,0,96,11
browser-use,Cambridge_Dictionary--24,C8,01,26,0,20,6
browser-use,BBC_News--40,C8,01,213,24,167,22
browser-use,Booking--2,C8,01,238,12,173,53
browser-use,Apple--6,C8,01,180,1,157,22
browser-use,GitHub--27,C8,01,67,0,63,4
browser-use,Google_Flights--39,C8,01,56,0,54,2
browser-use,Amazon--37,C8,01,640,36,592,12
browser-use,Google_Flights--28,C8,01,56,0,54,2
browser-use,Booking--26,C8,01,240,12,177,51
browser-use,Apple--9,C8,01,453,2,381,70
browser-use,Allrecipes--11,C8,01,824,61,450,313
browser-use,Booking--4,C8,01,296,16,254,26
browser-use,Coursera--30,C8,01,177,4,171,2
browser-use,Allrecipes--30,C8,01,1498,177,858,463
browser-use,Apple--39,C8,01,62,0,54,8
browser-use,Google_Search--0,C8,01,127,0,66,61
browser-use,Allrecipes--41,C8,01,394,16,224,154
browser-use,BBC_News--13,C8,01,6,0,0,6
browser-use,Booking--31,C8,01,259,12,196,51
browser-use,Allrecipes--6,C8,01,774,63,405,306
browser-use,ArXiv--37,C8,01,29,8,20,1
browser-use,Allrecipes--9,C8,01,69,0,54,15
browser-use,Cambridge_Dictionary--18,C8,01,78,0,57,21
browser-use,Google_Flights--0,C8,01,290,3,265,22
browser-use,Apple--24,C8,01,199,1,182,16
browser-use,Coursera--4,C8,01,175,4,169,2
browser-use,Amazon--0,C8,01,377,35,331,11
browser-use,BBC_News--14,C8,01,328,26,269,33
browser-use,Huggingface--20,C8,01,142,0,142,0
browser-use,Booking--6,C8,01,123,4,104,15
browser-use,Coursera--25,C8,01,214,4,207,3
browser-use,Cambridge_Dictionary--0,C8,01,48,0,41,7
browser-use,Google_Flights--7,C8,01,48,0,46,2
browser-use,GitHub--35,C8,01,27,0,24,3
browser-use,Google_Map--22,C8,01,303,2,261,40
browser-use,Huggingface--9,C8,01,148,0,148,0
browser-use,Apple--1,C8,01,49,0,45,4
browser-use,Coursera--34,C8,01,212,5,205,2
browser-use,BBC_News--17,C8,01,261,17,212,32
browser-use,Wolfram_Alpha--26,C8,01,91,0,32,59
browser-use,Wolfram_Alpha--35,C8,01,11,0,10,1
browser-use,ESPN--27,C8,01,103,10,63,30
browser-use,BBC_News--6,C8,01,245,14,209,22
browser-use,Coursera--20,C8,01,185,6,177,2
browser-use,Wolfram_Alpha--22,C8,01,361,0,161,200
browser-use,Google_Map--20,C8,01,0,0,0,0
browser-use,Google_Map--39,C8,01,611,0,605,6
browser-use,Google_Flights--24,C8,01,57,0,55,2
browser-use,Huggingface--27,C8,01,100,0,100,0
browser-use,Google_Search--19,C8,01,90,0,87,3
browser-use,Wolfram_Alpha--10,C8,01,88,0,84,4
browser-use,Coursera--16,C8,01,54,2,50,2
browser-use,Cambridge_Dictionary--8,C8,01,63,0,54,9
browser-use,Apple--14,C8,01,331,0,218,113
browser-use,Huggingface--33,C8,01,37,0,34,3
browser-use,BBC_News--2,C8,01,151,6,125,20
browser-use,Google_Map--24,C8,01,383,0,379,4
browser-use,Wolfram_Alpha--37,C0,01,27,0,14,13
browser-use,Booking--41,C0,01,159,12,98,49
browser-use,Booking--39,C0,01,328,44,211,73
browser-use,Amazon--15,C0,01,727,50,595,82
browser-use,Google_Search--39,C0,01,753,14,662,77
browser-use,Coursera--19,C0,01,177,4,171,2
browser-use,Google_Search--9,C0,01,611,5,502,104
browser-use,Google_Map--7,C0,01,1004,3,964,37
browser-use,Coursera--18,C0,01,212,9,201,2
browser-use,Cambridge_Dictionary--6,C0,01,104,9,61,34
browser-use,Google_Map--38,C0,01,1003,10,869,124
browser-use,Huggingface--32,C0,01,569,3,511,55
browser-use,Google_Flights--41,C0,01,418,4,373,41
browser-use,ESPN--35,C0,01,849,64,425,360
browser-use,Booking--5,C0,01,0,0,0,0
browser-use,GitHub--32,C0,01,137,0,131,6
browser-use,BBC_News--19,C0,01,900,9,814,77
browser-use,Google_Search--37,C0,01,695,22,583,90
browser-use,Coursera--28,C0,01,140,2,131,7
browser-use,Google_Map--30,C0,01,469,17,395,57
browser-use,Amazon--12,C0,01,595,35,483,77
browser-use,Amazon--30,C0,01,485,40,365,80
browser-use,Coursera--27,C0,01,171,4,165,2
browser-use,Google_Search--34,C0,01,376,3,339,34
browser-use,Wolfram_Alpha--18,C0,01,540,21,469,50
browser-use,Allrecipes--1,C0,01,903,52,655,196
browser-use,Apple--42,C0,01,235,2,205,28
browser-use,Huggingface--26,C0,01,254,0,246,8
browser-use,Coursera--0,C0,01,161,2,151,8
browser-use,Cambridge_Dictionary--5,C0,01,1270,60,607,603
browser-use,BBC_News--21,C0,01,644,41,411,192
browser-use,Google_Map--11,C0,01,623,8,532,83
browser-use,Booking--1,C0,01,188,14,115,59
browser-use,BBC_News--7,C0,01,1891,101,908,882
browser-use,Amazon--35,C0,01,632,59,492,81
browser-use,Allrecipes--23,C0,01,591,64,298,229
browser-use,Google_Map--1,C0,01,1377,2,1340,35
browser-use,Huggingface--3,C0,01,129,0,126,3
browser-use,BBC_News--31,C0,01,589,5,513,71
browser-use,Coursera--1,C0,01,213,4,207,2
browser-use,Allrecipes--0,C0,01,612,45,345,222
browser-use,Cambridge_Dictionary--13,C0,01,113,9,69,35
browser-use,Coursera--36,C0,01,175,6,167,2
browser-use,Allrecipes--32,C0,01,722,66,402,254
browser-use,Google_Flights--36,C0,01,262,21,162,79
browser-use,ESPN--5,C0,01,126,6,81,39
browser-use,Google_Map--18,C0,01,1035,0,1030,5
browser-use,Google_Search--8,C0,01,107,5,80,22
browser-use,Booking--35,C0,01,379,58,246,75
browser-use,GitHub--8,C0,01,67,0,59,8
browser-use,Amazon--39,C0,01,536,39,418,79
browser-use,Allrecipes--2,C0,01,1574,91,1051,432
browser-use,Google_Map--16,C0,01,1051,60,785,206
browser-use,BBC_News--28,C0,01,894,61,580,253
browser-use,Google_Map--34,C0,01,717,62,466,189
browser-use,Booking--12,C0,01,392,57,269,66
browser-use,Wolfram_Alpha--38,C0,01,102,0,81,21
browser-use,Cambridge_Dictionary--38,C0,01,128,9,79,40
browser-use,BBC_News--29,C0,01,813,54,469,290
browser-use,GitHub--0,C0,01,50,0,47,3
browser-use,GitHub--14,C0,01,58,0,50,8
browser-use,Amazon--26,C0,01,737,73,581,83
browser-use,ArXiv--4,C0,01,14,0,8,6
browser-use,Google_Search--35,C0,01,713,65,309,339
browser-use,Google_Flights--31,C0,01,48,0,46,2
browser-use,ESPN--24,C0,01,706,50,346,310
browser-use,Google_Flights--6,C0,01,75,0,70,5
browser-use,Google_Map--12,C0,01,329,0,326,3
browser-use,Cambridge_Dictionary--42,C0,01,322,20,129,173
browser-use,ArXiv--21,C0,01,0,0,0,0
browser-use,BBC_News--11,C0,01,908,5,655,248
browser-use,Allrecipes--34,C0,01,642,63,351,228
browser-use,GitHub--31,C0,01,62,0,54,8
browser-use,Allrecipes--43,C0,01,1176,114,668,394
browser-use,Amazon--19,C0,01,419,20,336,63
browser-use,Google_Search--18,C0,01,990,6,737,247
browser-use,ArXiv--13,C0,01,3,0,1,2
browser-use,Cambridge_Dictionary--7,C0,01,535,14,416,105
browser-use,GitHub--7,C0,01,124,0,114,10
browser-use,Amazon--24,C0,01,667,84,502,81
browser-use,ESPN--20,C0,01,530,51,257,222
browser-use,Wolfram_Alpha--36,C0,01,23,0,16,7
browser-use,BBC_News--35,C0,01,548,4,479,65
browser-use,Huggingface--28,C0,01,187,0,180,7
browser-use,Allrecipes--29,C0,01,1231,148,700,383
browser-use,BBC_News--9,C0,01,945,12,745,188
browser-use,GitHub--28,C0,01,36,0,32,4
browser-use,GitHub--39,C0,01,42,0,39,3
browser-use,Google_Search--36,C0,01,296,5,275,16
browser-use,Apple--28,C0,01,186,0,137,49
browser-use,Google_Flights--8,C0,01,40,0,38,2
browser-use,Huggingface--38,C0,01,613,5,542,66
browser-use,Google_Flights--10,C0,01,493,3,460,30
browser-use,GitHub--25,C0,01,69,0,65,4
browser-use,Allrecipes--19,C0,01,951,95,542,314
browser-use,BBC_News--1,C0,01,829,65,492,272
browser-use,Allrecipes--16,C0,01,1277,119,692,466
browser-use,ArXiv--3,C0,01,15,0,12,3
browser-use,GitHub--26,C0,01,38,0,31,7
browser-use,BBC_News--18,C0,01,489,26,360,103
browser-use,ArXiv--2,C0,01,27,0,23,4
browser-use,Google_Map--36,C0,01,201,3,163,35
browser-use,ArXiv--35,C0,01,1,0,0,1
browser-use,Google_Search--13,C0,01,588,5,495,88
browser-use,ESPN--34,C0,01,593,37,275,281
browser-use,Google_Map--15,C0,01,416,10,358,48
browser-use,Google_Flights--37,C0,01,66,3,59,4
browser-use,Google_Search--7,C0,01,1231,2,1170,59
browser-use,ArXiv--27,C0,01,426,2,387,37
browser-use,Google_Map--32,C0,01,812,0,806,6
browser-use,Amazon--36,C0,01,757,71,602,84
browser-use,Apple--37,C0,01,698,4,606,88
browser-use,Google_Search--3,C0,01,336,5,229,102
browser-use,Huggingface--23,C0,01,743,3,672,68
browser-use,Apple--40,C0,01,107,0,97,10
browser-use,ArXiv--25,C0,01,33,0,27,6
browser-use,Amazon--8,C0,01,600,42,479,79
browser-use,ESPN--16,C0,01,565,3,482,80
browser-use,ESPN--17,C0,01,546,11,472,63
browser-use,ESPN--37,C0,01,622,13,519,90
browser-use,Coursera--10,C0,01,205,4,199,2
browser-use,Allrecipes--33,C0,01,976,100,560,316
browser-use,Allrecipes--44,C0,01,557,36,279,242
browser-use,Google_Map--35,C0,01,1164,24,870,270
browser-use,Allrecipes--14,C0,01,1032,94,608,330
browser-use,Allrecipes--7,C0,01,942,75,652,215
browser-use,Huggingface--7,C0,01,94,0,91,3
browser-use,Coursera--22,C0,01,188,4,177,7
browser-use,Apple--34,C0,01,180,0,157,23
browser-use,Wolfram_Alpha--39,C0,01,257,0,220,37
browser-use,Google_Flights--4,C0,01,402,28,250,124
browser-use,Apple--3,C0,01,3251,163,1868,1220
browser-use,Allrecipes--12,C0,01,837,83,477,277
browser-use,Amazon--25,C0,01,559,72,408,79
browser-use,Google_Map--2,C0,01,99,0,90,9
browser-use,GitHub--20,C0,01,45,0,40,5
browser-use,Google_Flights--19,C0,01,698,26,529,143
browser-use,Wolfram_Alpha--20,C0,01,46,0,24,22
browser-use,Allrecipes--27,C0,01,815,89,438,288
browser-use,Booking--13,C0,01,346,45,220,81
browser-use,Coursera--29,C0,01,111,4,105,2
browser-use,Huggingface--13,C0,01,164,1,150,13
browser-use,ESPN--3,C0,01,536,29,234,273
browser-use,Google_Flights--27,C0,01,53,0,51,2
browser-use,Apple--35,C0,01,208,1,182,25
browser-use,Huggingface--30,C0,01,168,0,162,6
browser-use,Cambridge_Dictionary--41,C0,01,1047,36,666,345
browser-use,ESPN--31,C0,01,131,6,73,52
browser-use,Google_Search--33,C0,01,116,0,113,3
browser-use,ArXiv--30,C0,01,18,2,11,5
browser-use,BBC_News--37,C0,01,422,35,249,138
browser-use,Apple--20,C0,01,1080,24,852,204
browser-use,GitHub--34,C0,01,91,0,88,3
browser-use,ArXiv--8,C0,01,51,20,31,0
browser-use,Coursera--23,C0,01,173,4,165,4
browser-use,Amazon--33,C0,01,584,68,437,79
browser-use,Allrecipes--24,C0,01,592,53,330,209
browser-use,Coursera--35,C0,01,224,5,216,3
browser-use,Wolfram_Alpha--41,C0,01,514,3,374,137
browser-use,GitHub--22,C0,01,85,0,80,5
browser-use,Cambridge_Dictionary--16,C0,01,118,9,68,41
browser-use,Google_Search--31,C0,01,543,2,373,168
browser-use,ESPN--41,C0,01,499,26,204,269
browser-use,Huggingface--41,C0,01,362,0,351,11
browser-use,Google_Search--30,C0,01,77,5,47,25
browser-use,BBC_News--3,C0,01,1040,39,702,299
browser-use,Coursera--3,C0,01,151,2,147,2
browser-use,Wolfram_Alpha--27,C0,01,839,76,534,229
browser-use,Google_Map--8,C0,01,1150,3,1106,41
browser-use,Coursera--21,C0,01,167,8,157,2
browser-use,GitHub--16,C0,01,35,0,25,10
browser-use,Google_Map--3,C0,01,483,0,478,5
browser-use,Booking--19,C0,01,186,14,122,50
browser-use,Booking--29,C0,01,445,69,290,86
browser-use,Huggingface--16,C0,01,310,0,305,5
browser-use,Coursera--6,C0,01,189,4,183,2
browser-use,Huggingface--15,C0,01,102,0,99,3
browser-use,Cambridge_Dictionary--36,C0,01,475,12,393,70
browser-use,ArXiv--33,C0,01,8,0,5,3
browser-use,GitHub--18,C0,01,71,0,67,4
browser-use,ArXiv--17,C0,01,495,3,451,41
browser-use,Apple--2,C0,01,248,1,192,55
browser-use,Huggingface--10,C0,01,60,0,52,8
browser-use,GitHub--10,C0,01,94,3,81,10
browser-use,GitHub--6,C0,01,185,0,182,3
browser-use,Coursera--8,C0,01,154,4,143,7
browser-use,ArXiv--26,C0,01,6,0,4,2
browser-use,Wolfram_Alpha--8,C0,01,0,0,0,0
browser-use,Amazon--40,C0,01,700,40,577,83
browser-use,Apple--10,C0,01,885,4,797,84
browser-use,ArXiv--19,C0,01,514,18,452,44
browser-use,Coursera--13,C0,01,171,4,165,2
browser-use,BBC_News--4,C0,01,482,34,373,75
browser-use,GitHub--15,C0,01,84,0,81,3
browser-use,ESPN--6,C0,01,669,45,309,315
browser-use,Cambridge_Dictionary--35,C0,01,131,6,96,29
browser-use,ESPN--30,C0,01,188,16,111,61
browser-use,Huggingface--40,C0,01,82,0,75,7
browser-use,Booking--15,C0,01,580,81,403,96
browser-use,Wolfram_Alpha--2,C0,01,0,0,0,0
browser-use,Booking--14,C0,01,184,15,119,50
browser-use,Google_Search--16,C0,01,463,14,375,74
browser-use,Apple--16,C0,01,143,1,126,16
browser-use,Booking--32,C0,01,457,70,297,90
browser-use,Cambridge_Dictionary--27,C0,01,111,9,66,36
browser-use,GitHub--23,C0,01,620,5,543,72
browser-use,Coursera--38,C0,01,109,6,101,2
browser-use,Huggingface--36,C0,01,30,0,24,6
browser-use,ESPN--29,C0,01,1032,66,531,435
browser-use,Booking--16,C0,01,352,43,222,87
browser-use,Google_Search--14,C0,01,613,5,517,91
browser-use,Google_Search--32,C0,01,752,5,601,146
browser-use,Wolfram_Alpha--19,C0,01,351,1,326,24
browser-use,Coursera--32,C0,01,175,2,171,2
browser-use,Huggingface--6,C0,01,274,0,271,3
browser-use,Google_Map--37,C0,01,1124,5,1059,60
browser-use,Google_Flights--22,C0,01,40,0,38,2
browser-use,Booking--20,C0,01,185,14,116,55
browser-use,Wolfram_Alpha--24,C0,01,63,0,47,16
browser-use,Amazon--16,C0,01,901,85,729,87
browser-use,Amazon--3,C0,01,484,32,367,85
browser-use,Cambridge_Dictionary--2,C0,01,549,19,394,136
browser-use,BBC_News--36,C0,01,588,46,310,232
browser-use,Coursera--7,C0,01,153,2,149,2
browser-use,GitHub--5,C0,01,73,0,64,9
browser-use,Huggingface--12,C0,01,361,0,343,18
browser-use,Wolfram_Alpha--11,C0,01,453,1,418,34
browser-use,Cambridge_Dictionary--19,C0,01,102,9,58,35
browser-use,ESPN--38,C0,01,1316,66,624,626
browser-use,Google_Map--23,C0,01,413,0,409,4
browser-use,Apple--15,C0,01,282,1,219,62
browser-use,GitHub--24,C0,01,99,0,91,8
browser-use,Booking--9,C0,01,176,14,114,48
browser-use,BBC_News--8,C0,01,418,33,313,72
browser-use,BBC_News--41,C0,01,279,16,220,43
browser-use,Cambridge_Dictionary--31,C0,01,104,9,61,34
browser-use,Wolfram_Alpha--40,C0,01,541,1,517,23
browser-use,Wolfram_Alpha--16,C0,01,429,1,400,28
browser-use,Google_Map--5,C0,01,1218,3,1175,40
browser-use,ESPN--7,C0,01,597,32,306,259
browser-use,Google_Flights--9,C0,01,46,0,44,2
browser-use,Booking--30,C0,01,173,14,107,52
browser-use,ArXiv--39,C0,01,552,5,478,69
browser-use,ArXiv--34,C0,01,5,0,2,3
browser-use,ESPN--25,C0,01,90,12,60,18
browser-use,Coursera--14,C0,01,181,4,175,2
browser-use,Allrecipes--38,C0,01,939,123,495,321
browser-use,Cambridge_Dictionary--11,C0,01,1176,38,718,420
browser-use,Google_Flights--15,C0,01,518,12,385,121
browser-use,ESPN--19,C0,01,1480,76,828,576
browser-use,Google_Map--13,C0,01,627,5,507,115
browser-use,Booking--21,C0,01,170,15,107,48
browser-use,Booking--23,C0,01,184,15,112,57
browser-use,Booking--36,C0,01,357,47,223,87
browser-use,BBC_News--22,C0,01,870,62,558,250
browser-use,Allrecipes--5,C0,01,743,47,457,239
browser-use,Wolfram_Alpha--14,C0,01,509,3,394,112
browser-use,Coursera--40,C0,01,160,2,152,6
browser-use,Huggingface--11,C0,01,276,0,273,3
browser-use,Google_Map--17,C0,01,815,0,812,3
browser-use,GitHub--40,C0,01,50,0,44,6
browser-use,Google_Search--42,C0,01,1009,16,820,173
browser-use,Wolfram_Alpha--25,C0,01,13,0,8,5
browser-use,Booking--11,C0,01,179,14,115,50
browser-use,Amazon--31,C0,01,622,50,491,81
browser-use,Amazon--6,C0,01,737,64,591,82
browser-use,GitHub--33,C0,01,21,0,18,3
browser-use,ArXiv--36,C0,01,8,0,4,4
browser-use,Booking--10,C0,01,192,14,124,54
browser-use,Google_Search--15,C0,01,153,6,125,22
browser-use,Booking--22,C0,01,183,15,115,53
browser-use,Allrecipes--39,C0,01,891,109,530,252
browser-use,Cambridge_Dictionary--39,C0,01,1017,32,438,547
browser-use,BBC_News--20,C0,01,698,57,490,151
browser-use,Google_Flights--2,C0,01,46,0,44,2
browser-use,Allrecipes--35,C0,01,1510,246,727,537
browser-use,Allrecipes--18,C0,01,1424,120,840,464
browser-use,Cambridge_Dictionary--40,C0,01,680,7,589,84
browser-use,Google_Search--26,C0,01,538,5,471,62
browser-use,Google_Search--38,C0,01,449,5,415,29
browser-use,Apple--27,C0,01,184,1,104,79
browser-use,Booking--27,C0,01,355,46,235,74
browser-use,Google_Flights--40,C0,01,57,0,50,7
browser-use,Google_Map--25,C0,01,256,9,226,21
browser-use,Google_Search--27,C0,01,161,17,112,32
browser-use,Amazon--5,C0,01,648,51,511,86
browser-use,Google_Search--2,C0,01,729,7,608,114
browser-use,Google_Search--40,C0,01,573,1,487,85
browser-use,Wolfram_Alpha--28,C0,01,148,0,83,65
browser-use,Amazon--1,C0,01,1226,26,986,214
browser-use,Google_Flights--29,C0,01,69,3,59,7
browser-use,Google_Search--23,C0,01,141,0,99,42
browser-use,ESPN--0,C0,01,28,1,15,12
browser-use,Booking--3,C0,01,182,15,114,53
browser-use,BBC_News--27,C0,01,666,50,364,252
browser-use,Wolfram_Alpha--3,C0,01,41,0,23,18
browser-use,Wolfram_Alpha--34,C0,01,124,0,93,31
browser-use,ESPN--40,C0,01,253,28,153,72
browser-use,ArXiv--6,C0,01,366,32,313,21
browser-use,Booking--17,C0,01,174,14,110,50
browser-use,GitHub--4,C0,01,150,0,146,4
browser-use,Google_Map--29,C0,01,663,3,578,82
browser-use,Cambridge_Dictionary--32,C0,01,293,10,232,51
browser-use,GitHub--29,C0,01,626,5,547,74
browser-use,Wolfram_Alpha--29,C0,01,60,0,35,25
browser-use,Huggingface--4,C0,01,322,0,313,9
browser-use,Huggingface--35,C0,01,167,0,164,3
browser-use,Apple--36,C0,01,226,0,216,10
browser-use,Cambridge_Dictionary--4,C0,01,117,9,68,40
browser-use,Apple--23,C0,01,188,1,166,21
browser-use,BBC_News--30,C0,01,591,37,294,260
browser-use,Google_Search--5,C0,01,219,23,127,69
browser-use,Huggingface--22,C0,01,174,1,161,12
browser-use,Cambridge_Dictionary--15,C0,01,670,9,573,88
browser-use,Huggingface--0,C0,01,260,0,242,18
browser-use,Amazon--2,C0,01,952,11,781,160
browser-use,Booking--38,C0,01,174,15,109,50
browser-use,Google_Search--41,C0,01,88,14,65,9
browser-use,Wolfram_Alpha--13,C0,01,414,10,347,57
browser-use,Cambridge_Dictionary--17,C0,01,116,9,72,35
browser-use,Wolfram_Alpha--12,C0,01,262,1,247,14
browser-use,Cambridge_Dictionary--20,C0,01,125,9,77,39
browser-use,Amazon--29,C0,01,631,44,513,74
browser-use,Huggingface--5,C0,01,295,0,275,20
browser-use,Cambridge_Dictionary--21,C0,01,463,25,196,242
browser-use,Cambridge_Dictionary--23,C0,01,325,10,257,58
browser-use,BBC_News--15,C0,01,872,86,595,191
browser-use,ArXiv--22,C0,01,575,9,496,70
browser-use,Google_Map--33,C0,01,316,13,281,22
browser-use,ArXiv--31,C0,01,4,0,2,2
browser-use,BBC_News--10,C0,01,145,6,119,20
browser-use,Cambridge_Dictionary--3,C0,01,1386,47,864,475
browser-use,Cambridge_Dictionary--10,C0,01,190,10,165,15
browser-use,Apple--21,C0,01,366,4,239,123
browser-use,Amazon--21,C0,01,631,55,497,79
browser-use,Google_Search--6,C0,01,619,17,541,61
browser-use,ESPN--8,C0,01,740,13,630,97
browser-use,ESPN--12,C0,01,760,33,353,374
browser-use,Wolfram_Alpha--42,C0,01,0,0,0,0
browser-use,Huggingface--34,C0,01,669,3,622,44
browser-use,Google_Flights--35,C0,01,59,0,57,2
browser-use,Wolfram_Alpha--1,C0,01,1546,53,873,620
browser-use,Apple--33,C0,01,598,3,501,94
browser-use,Google_Search--29,C0,01,671,12,557,102
browser-use,BBC_News--5,C0,01,633,9,564,60
browser-use,Coursera--37,C0,01,111,2,107,2
browser-use,ArXiv--20,C0,01,13,0,8,5
browser-use,Apple--0,C0,01,232,1,207,24
browser-use,Google_Search--21,C0,01,110,0,82,28
browser-use,Apple--17,C0,01,209,2,160,47
browser-use,Wolfram_Alpha--43,C0,01,178,0,106,72
browser-use,Apple--41,C0,01,479,1,387,91
browser-use,Apple--13,C0,01,934,15,753,166
browser-use,Google_Map--9,C0,01,636,5,513,118
browser-use,Amazon--28,C0,01,606,34,485,87
browser-use,Google_Map--28,C0,01,299,0,294,5
browser-use,BBC_News--23,C0,01,968,55,660,253
browser-use,ESPN--4,C0,01,606,41,265,300
browser-use,Google_Search--12,C0,01,104,0,36,68
browser-use,Amazon--4,C0,01,498,44,376,78
browser-use,Google_Map--0,C0,01,1077,3,1030,44
browser-use,ArXiv--7,C0,01,0,0,0,0
browser-use,Amazon--20,C0,01,713,71,561,81
browser-use,Huggingface--25,C0,01,107,0,102,5
browser-use,Google_Map--31,C0,01,397,0,393,4
browser-use,Wolfram_Alpha--0,C0,01,337,1,308,28
browser-use,Apple--30,C0,01,236,3,126,107
browser-use,Huggingface--31,C0,01,126,0,117,9
browser-use,Wolfram_Alpha--32,C0,01,80,0,62,18
browser-use,Allrecipes--21,C0,01,619,67,350,202
browser-use,Google_Map--4,C0,01,134,20,98,16
browser-use,GitHub--30,C0,01,108,0,103,5
browser-use,GitHub--3,C0,01,42,0,32,10
browser-use,Amazon--9,C0,01,640,43,513,84
browser-use,Huggingface--14,C0,01,83,0,72,11
browser-use,Huggingface--1,C0,01,601,5,528,68
browser-use,Cambridge_Dictionary--37,C0,01,110,9,67,34
browser-use,Allrecipes--8,C0,01,642,80,369,193
browser-use,Cambridge_Dictionary--1,C0,01,663,15,511,137
browser-use,Amazon--18,C0,01,376,19,288,69
browser-use,Huggingface--29,C0,01,608,5,543,60
browser-use,Amazon--14,C0,01,680,59,544,77
browser-use,ESPN--18,C0,01,536,29,235,272
browser-use,Google_Search--17,C0,01,1088,24,807,257
browser-use,ArXiv--41,C0,01,559,6,485,68
browser-use,Google_Flights--3,C0,01,848,34,560,254
browser-use,BBC_News--38,C0,01,994,12,820,162
browser-use,Coursera--5,C0,01,712,11,636,65
browser-use,Coursera--15,C0,01,193,4,187,2
browser-use,ESPN--28,C0,01,925,37,709,179
browser-use,Google_Map--14,C0,01,950,8,870,72
browser-use,Cambridge_Dictionary--29,C0,01,126,9,77,40
browser-use,Huggingface--19,C0,01,614,3,574,37
browser-use,BBC_News--25,C0,01,657,55,329,273
browser-use,Huggingface--21,C0,01,525,2,482,41
browser-use,Allrecipes--28,C0,01,804,91,434,279
browser-use,GitHub--11,C0,01,87,0,83,4
browser-use,ArXiv--14,C0,01,4,0,2,2
browser-use,Allrecipes--15,C0,01,800,77,453,270
browser-use,Coursera--24,C0,01,213,4,207,2
browser-use,Google_Map--26,C0,01,467,0,463,4
browser-use,Apple--25,C0,01,168,1,146,21
browser-use,Wolfram_Alpha--33,C0,01,76,0,60,16
browser-use,Apple--4,C0,01,273,1,213,59
browser-use,BBC_News--39,C0,01,651,17,543,91
browser-use,Google_Flights--14,C0,01,65,0,63,2
browser-use,Google_Map--40,C0,01,423,19,365,39
browser-use,Booking--42,C0,01,349,34,238,77
browser-use,BBC_News--12,C0,01,710,0,309,401
browser-use,ArXiv--11,C0,01,567,5,490,72
browser-use,GitHub--21,C0,01,63,0,53,10
browser-use,Google_Map--6,C0,01,183,14,95,74
browser-use,BBC_News--32,C0,01,914,54,554,306
browser-use,GitHub--17,C0,01,66,0,62,4
browser-use,Cambridge_Dictionary--14,C0,01,113,9,70,34
browser-use,ArXiv--24,C0,01,0,0,0,0
browser-use,Cambridge_Dictionary--30,C0,01,123,9,74,40
browser-use,Google_Flights--12,C0,01,55,0,53,2
browser-use,Allrecipes--36,C0,01,1154,82,642,430
browser-use,Google_Flights--25,C0,01,225,6,155,64
browser-use,ESPN--22,C0,01,656,11,535,110
browser-use,Booking--7,C0,01,448,66,302,80
browser-use,Apple--32,C0,01,152,1,115,36
browser-use,Booking--25,C0,01,190,14,125,51
browser-use,GitHub--1,C0,01,55,0,52,3
browser-use,Huggingface--2,C0,01,864,0,839,25
browser-use,Allrecipes--3,C0,01,653,54,364,235
browser-use,Booking--34,C0,01,184,14,117,53
browser-use,Booking--28,C0,01,368,45,237,86
browser-use,ESPN--15,C0,01,135,9,73,53
browser-use,Coursera--12,C0,01,177,4,171,2
browser-use,Apple--7,C0,01,678,15,549,114
browser-use,ESPN--32,C0,01,573,42,255,276
browser-use,Google_Flights--13,C0,01,58,0,56,2
browser-use,GitHub--13,C0,01,49,0,46,3
browser-use,ArXiv--9,C0,01,4,0,2,2
browser-use,Cambridge_Dictionary--34,C0,01,111,9,68,34
browser-use,Huggingface--24,C0,01,35,0,32,3
browser-use,Allrecipes--17,C0,01,945,105,503,337
browser-use,ArXiv--23,C0,01,66,0,59,7
browser-use,Cambridge_Dictionary--33,C0,01,116,9,67,40
browser-use,Amazon--22,C0,01,869,60,717,92
browser-use,Booking--33,C0,01,307,15,229,63
browser-use,Google_Flights--33,C0,01,96,2,51,43
browser-use,Apple--18,C0,01,237,13,104,120
browser-use,Amazon--23,C0,01,832,89,660,83
browser-use,BBC_News--34,C0,01,539,3,475,61
browser-use,Google_Flights--17,C0,01,69,0,67,2
browser-use,Coursera--2,C0,01,199,4,193,2
browser-use,Cambridge_Dictionary--22,C0,01,120,9,72,39
browser-use,Wolfram_Alpha--44,C0,01,482,1,457,24
browser-use,ESPN--1,C0,01,568,34,252,282
browser-use,Booking--0,C0,01,471,11,300,160
browser-use,Wolfram_Alpha--7,C0,01,584,9,535,40
browser-use,Google_Search--24,C0,01,537,3,426,108
browser-use,ArXiv--0,C0,01,3,0,1,2
browser-use,Coursera--33,C0,01,189,4,177,8
browser-use,ESPN--26,C0,01,36,1,24,11
browser-use,GitHub--37,C0,01,622,5,545,72
browser-use,Booking--18,C0,01,351,32,245,74
browser-use,Huggingface--39,C0,01,94,0,85,9
browser-use,Wolfram_Alpha--45,C0,01,123,8,90,25
browser-use,Coursera--39,C0,01,185,4,173,8
browser-use,Google_Search--28,C0,01,2290,250,1221,819
browser-use,GitHub--36,C0,01,119,0,116,3
browser-use,GitHub--19,C0,01,29,0,26,3
browser-use,ArXiv--38,C0,01,27,4,18,5
browser-use,Apple--5,C0,01,923,12,798,113
browser-use,Allrecipes--20,C0,01,629,78,361,190
browser-use,BBC_News--0,C0,01,833,63,488,282
browser-use,Google_Flights--32,C0,01,64,0,62,2
browser-use,Cambridge_Dictionary--9,C0,01,120,9,72,39
browser-use,ArXiv--28,C0,01,397,1,350,46
browser-use,Allrecipes--4,C0,01,740,39,556,145
browser-use,Google_Search--11,C0,01,502,0,410,92
browser-use,Allrecipes--25,C0,01,1069,87,578,404
browser-use,Google_Search--22,C0,01,115,12,93,10
browser-use,ESPN--14,C0,01,164,15,89,60
browser-use,ArXiv--16,C0,01,24,0,23,1
browser-use,Allrecipes--13,C0,01,667,90,384,193
browser-use,ESPN--9,C0,01,642,40,295,307
browser-use,Apple--12,C0,01,636,2,614,20
browser-use,Huggingface--8,C0,01,898,12,749,137
browser-use,Cambridge_Dictionary--26,C0,01,511,25,222,264
browser-use,Wolfram_Alpha--23,C0,01,79,0,63,16
browser-use,GitHub--38,C0,01,39,0,35,4
browser-use,Wolfram_Alpha--15,C0,01,597,9,542,46
browser-use,ArXiv--42,C0,01,564,6,483,75
browser-use,Booking--43,C0,01,38,4,17,17
browser-use,Apple--26,C0,01,288,2,209,77
browser-use,Apple--11,C0,01,491,3,342,146
browser-use,Allrecipes--42,C0,01,880,82,508,290
browser-use,ArXiv--18,C0,01,509,3,459,47
browser-use,ESPN--21,C0,01,718,51,351,316
browser-use,Allrecipes--26,C0,01,862,99,395,368
browser-use,Google_Search--10,C0,01,2281,168,1212,901
browser-use,BBC_News--24,C0,01,1021,88,567,366
browser-use,Google_Flights--38,C0,01,82,0,80,2
browser-use,ArXiv--10,C0,01,31,4,22,5
browser-use,Amazon--17,C0,01,487,32,375,80
browser-use,GitHub--12,C0,01,22,0,19,3
browser-use,Coursera--31,C0,01,197,4,185,8
browser-use,Wolfram_Alpha--9,C0,01,394,1,343,50
browser-use,ArXiv--32,C0,01,0,0,0,0
browser-use,ESPN--43,C0,01,1408,40,913,455
browser-use,Huggingface--17,C0,01,330,0,325,5
browser-use,Google_Flights--30,C0,01,359,44,192,123
browser-use,Google_Map--10,C0,01,535,3,468,64
browser-use,Apple--8,C0,01,251,1,215,35
browser-use,Cambridge_Dictionary--28,C0,01,97,4,47,46
browser-use,Allrecipes--37,C0,01,946,94,527,325
browser-use,Apple--29,C0,01,338,2,301,35
browser-use,BBC_News--26,C0,01,705,17,615,73
browser-use,Amazon--11,C0,01,651,67,507,77
browser-use,Google_Flights--26,C0,01,52,0,50,2
browser-use,ESPN--42,C0,01,110,6,60,44
browser-use,Google_Search--25,C0,01,26,0,17,9
browser-use,Google_Flights--23,C0,01,85,0,83,2
browser-use,Google_Flights--18,C0,01,840,8,760,72
browser-use,Wolfram_Alpha--30,C0,01,611,3,500,108
browser-use,Allrecipes--40,C0,01,460,37,219,204
browser-use,Google_Map--21,C0,01,849,93,491,265
browser-use,ESPN--11,C0,01,118,0,65,53
browser-use,ArXiv--12,C0,01,18,2,11,5
browser-use,Huggingface--37,C0,01,419,3,376,40
browser-use,Amazon--7,C0,01,0,0,0,0
browser-use,Coursera--41,C0,01,156,3,151,2
browser-use,Google_Flights--34,C0,01,213,21,115,77
browser-use,Google_Flights--5,C0,01,864,23,686,155
browser-use,ArXiv--15,C0,01,98,0,88,10
browser-use,ArXiv--29,C0,01,229,1,202,26
browser-use,Booking--8,C0,01,382,50,261,71
browser-use,Cambridge_Dictionary--12,C0,01,116,9,68,39
browser-use,Apple--31,C0,01,203,1,175,27
browser-use,ESPN--2,C0,01,209,18,129,62
browser-use,Allrecipes--31,C0,01,676,57,359,260
browser-use,Google_Search--4,C0,01,551,5,474,72
browser-use,Coursera--17,C0,01,189,2,185,2
browser-use,ESPN--39,C0,01,777,26,543,208
browser-use,Google_Search--20,C0,01,655,5,539,111
browser-use,Wolfram_Alpha--6,C0,01,84,0,65,19
browser-use,BBC_News--33,C0,01,955,61,590,304
browser-use,Google_Flights--11,C0,01,84,3,77,4
browser-use,ArXiv--1,C0,01,4,0,2,2
browser-use,Allrecipes--22,C0,01,1043,122,616,305
browser-use,Coursera--9,C0,01,216,4,210,2
browser-use,ESPN--36,C0,01,937,20,632,285
browser-use,Google_Map--19,C0,01,823,14,634,175
browser-use,Huggingface--42,C0,01,596,5,528,63
browser-use,Amazon--13,C0,01,692,59,547,86
browser-use,Wolfram_Alpha--5,C0,01,73,0,48,25
browser-use,Amazon--34,C0,01,543,52,413,78
browser-use,Amazon--27,C0,01,718,69,564,85
browser-use,Amazon--10,C0,01,915,56,772,87
browser-use,GitHub--9,C0,01,53,0,50,3
browser-use,ESPN--13,C0,01,1013,91,487,435
browser-use,ArXiv--40,C0,01,0,0,0,0
browser-use,Apple--38,C0,01,658,4,553,101
browser-use,Google_Flights--21,C0,01,69,0,67,2
browser-use,Coursera--26,C0,01,179,2,175,2
browser-use,Amazon--32,C0,01,728,47,599,82
browser-use,BBC_News--16,C0,01,373,31,260,82
browser-use,Allrecipes--10,C0,01,899,32,682,185
browser-use,Booking--37,C0,01,603,7,489,107
browser-use,Apple--19,C0,01,200,1,178,21
browser-use,Wolfram_Alpha--17,C0,01,631,4,582,45
browser-use,ArXiv--5,C0,01,8,0,4,4
browser-use,GitHub--2,C0,01,16,0,13,3
browser-use,ESPN--33,C0,01,745,30,419,296
browser-use,Google_Search--1,C0,01,570,1,491,78
browser-use,Cambridge_Dictionary--25,C0,01,610,13,512,85
browser-use,Coursera--11,C0,01,176,4,170,2
browser-use,Wolfram_Alpha--21,C0,01,337,1,306,30
browser-use,Booking--40,C0,01,114,4,90,20
browser-use,Google_Flights--16,C0,01,62,0,60,2
browser-use,Google_Flights--20,C0,01,78,0,76,2
browser-use,Amazon--38,C0,01,656,37,537,82
browser-use,Apple--22,C0,01,145,0,113,32
browser-use,Google_Map--27,C0,01,1054,0,1051,3
browser-use,Google_Flights--1,C0,01,57,0,55,2
browser-use,ESPN--10,C0,01,799,61,407,331
browser-use,Wolfram_Alpha--31,C0,01,70,0,54,16
browser-use,ESPN--23,C0,01,494,12,401,81
browser-use,Huggingface--18,C0,01,173,1,160,12
browser-use,Booking--24,C0,01,229,15,157,57
browser-use,Wolfram_Alpha--4,C0,01,364,1,335,28
browser-use,Cambridge_Dictionary--24,C0,01,128,9,78,41
browser-use,BBC_News--40,C0,01,687,52,393,242
browser-use,Booking--2,C0,01,303,27,214,62
browser-use,Apple--6,C0,01,207,1,162,44
browser-use,GitHub--27,C0,01,35,0,31,4
browser-use,Google_Flights--39,C0,01,204,7,147,50
browser-use,Amazon--37,C0,01,615,26,500,89
browser-use,Google_Flights--28,C0,01,414,3,372,39
browser-use,Booking--26,C0,01,320,37,223,60
browser-use,Apple--9,C0,01,226,1,152,73
browser-use,Allrecipes--11,C0,01,1215,102,710,403
browser-use,Booking--4,C0,01,194,15,126,53
browser-use,Coursera--30,C0,01,189,4,177,8
browser-use,Allrecipes--30,C0,01,1554,170,832,552
browser-use,Apple--39,C0,01,1239,12,1137,90
browser-use,Google_Search--0,C0,01,90,0,55,35
browser-use,Allrecipes--41,C0,01,784,72,455,257
browser-use,BBC_News--13,C0,01,1133,19,873,241
browser-use,Booking--31,C0,01,506,61,354,91
browser-use,Allrecipes--6,C0,01,1901,113,1271,517
browser-use,ArXiv--37,C0,01,490,12,444,34
browser-use,Allrecipes--9,C0,01,1432,31,984,417
browser-use,Cambridge_Dictionary--18,C0,01,148,9,100,39
browser-use,Google_Flights--0,C0,01,1178,56,670,452
browser-use,Apple--24,C0,01,307,1,247,59
browser-use,Coursera--4,C0,01,180,4,173,3
browser-use,Amazon--0,C0,01,967,20,781,166
browser-use,BBC_News--14,C0,01,670,23,552,95
browser-use,Huggingface--20,C0,01,154,0,148,6
browser-use,Booking--6,C0,01,310,39,211,60
browser-use,Coursera--25,C0,01,209,8,199,2
browser-use,Cambridge_Dictionary--0,C0,01,109,9,65,35
browser-use,Google_Flights--7,C0,01,67,0,65,2
browser-use,GitHub--35,C0,01,19,0,16,3
browser-use,Google_Map--22,C0,01,170,0,137,33
browser-use,Huggingface--9,C0,01,122,0,119,3
browser-use,Apple--1,C0,01,526,0,500,26
browser-use,Coursera--34,C0,01,228,10,211,7
browser-use,BBC_News--17,C0,01,802,68,471,263
browser-use,Wolfram_Alpha--26,C0,01,0,0,0,0
browser-use,Wolfram_Alpha--35,C0,01,41,0,23,18
browser-use,ESPN--27,C0,01,906,42,456,408
browser-use,BBC_News--6,C0,01,388,25,309,54
browser-use,Coursera--20,C0,01,176,2,172,2
browser-use,Wolfram_Alpha--22,C0,01,256,0,36,220
browser-use,Google_Map--20,C0,01,670,31,562,77
browser-use,Google_Map--39,C0,01,599,0,590,9
browser-use,Google_Flights--24,C0,01,60,0,58,2
browser-use,Huggingface--27,C0,01,132,0,128,4
browser-use,Google_Search--19,C0,01,93,0,84,9
browser-use,Wolfram_Alpha--10,C0,01,514,4,463,47
browser-use,Coursera--16,C0,01,204,5,197,2
browser-use,Cambridge_Dictionary--8,C0,01,121,9,73,39
browser-use,Apple--14,C0,01,283,1,224,58
browser-use,Huggingface--33,C0,01,384,2,351,31
browser-use,BBC_News--2,C0,01,767,9,689,69
browser-use,Google_Map--24,C0,01,1448,78,939,431
